area,district_code,total_population,white_total,white_british,white_irish,white_gypsy_traveller,white_other,mixed_total,mixed_white_black_caribbean,mixed_white_black_african,mixed_white_asian,mixed_other,asian_total,asian_indian,asian_pakistani,asian_bangladeshi,asian_chinese,asian_other,black_total,black_african,black_caribbean,black_other,other_total,other_arab,other_remaining,all_occupations,managers_directors_and_senior_officials,professional_occupations,associate_prof_and_tech,admin_and_secretarial,skilled_trades_occupations,caring_and_leisure,sales_and_customer_service,process_plant_and_machine_operatives,elementary_occupations,very_good_health,good_health,fair_health,bad_health,very_bad_health,all_categories_industry,agriculture_forestry_and_fishing,mining_and_quarrying,manufacturing,utilities_energy,water_and_waste_management,construction,wholesale_and_retail,transport_and_storage,accommodation_and_food,information_and_communication,financial_and_insurance,real_estate_activities,professional_and_scientific,admin_and_support_services,public_admin_and_defence,education,health_and_social_work,other_services,year,white_total_prop,asian_total_prop,black_total_prop,mixed_total_prop,other_total_prop,white_british_prop,white_irish_prop,white_gypsy_traveller_prop,white_other_prop,asian_bangladeshi_prop,asian_chinese_prop,asian_indian_prop,asian_pakistani_prop,asian_other_prop,black_african_prop,black_caribbean_prop,black_other_prop,mixed_white_asian_prop,mixed_white_black_african_prop,mixed_white_black_caribbean_prop,mixed_other_prop,other_arab_prop,other_remaining_prop,very_good_health_prop,good_health_prop,fair_health_prop,bad_health_prop,very_bad_health_prop,managers_directors_and_senior_officials_prop,professional_occupations_prop,associate_prof_and_tech_prop,admin_and_secretarial_prop,skilled_trades_occupations_prop,caring_and_leisure_prop,sales_and_customer_service_prop,process_plant_and_machine_operatives_prop,elementary_occupations_prop,agriculture_forestry_and_fishing_prop,mining_and_quarrying_prop,manufacturing_prop,utilities_energy_prop,water_and_waste_management_prop,construction_prop,wholesale_and_retail_prop,transport_and_storage_prop,accommodation_and_food_prop,information_and_communication_prop,financial_and_insurance_prop,real_estate_activities_prop,professional_and_scientific_prop,admin_and_support_services_prop,public_admin_and_defence_prop,education_prop,health_and_social_work_prop,other_services_prop,PCA_1,PCA_2,PCA_3,PCA_4,TSNE_X,TSNE_Y
Adur,E07000223,61182,58663,56843,426,121,1273,886,206,193,305,182,1058,234,55,269,242,258,313,241,60,12,262,170,92,29356,3153,4232,3644,3419,4053,3412,2800,1952,2691,26107,22373,9181,2757,764,29356.0,70,23,2417,447,292,2877,4966,1509,1186,891,1613,461,1562,1332,1393,2687,4171,1459,2011,0.9588277597986335,0.017292667778104672,0.0051158837566604555,0.014481383413422248,0.0042823052531790395,0.9290804484979243,0.006962832205550652,0.001977705861201007,0.0208067732339577,0.004396717988950999,0.003955411722402014,0.0038246543100912034,0.0008989572096368213,0.004216926547023634,0.003939067045863162,0.0009806805923310777,0.00019613611846621556,0.0049851263443496455,0.0031545225719983,0.003367003367003367,0.0029747311300709358,0.0027785950116047202,0.0015037102415743193,0.42671047039979076,0.36567944820372006,0.15006047530319375,0.045062273217613025,0.01248733287568239,0.1074056410955171,0.14416132988145525,0.12413135304537402,0.11646682109279194,0.13806376890584549,0.11622836898760049,0.0953808420765772,0.06649407276195667,0.09166780215288187,0.00238452105191443,0.0007834854884861698,0.08233410546395967,0.01522687014579643,0.009946859245128763,0.09800381523368307,0.16916473634010082,0.05140346096198392,0.04040059953672162,0.030351546532225097,0.05494617795339964,0.015703774356179315,0.053208884044147704,0.045374029159286004,0.04745196893309715,0.09153154380705818,0.1420833901076441,0.0497002316391879,-4.8375582417534035,1.2374595784334146,-0.09923521420985648,0.38525611416685096,-20.433382,21.566626
Amber Valley,E07000032,122309,120023,117988,428,44,1563,980,438,93,282,167,929,416,80,11,201,221,253,120,106,27,124,27,97,59381,6419,8767,6534,6370,8167,5339,4376,6516,6893,53826,42795,18336,5810,1542,59381.0,395,129,11234,391,478,5468,9475,2765,2571,1314,961,716,2862,2274,3088,5590,7079,2591,2011,0.9813096337963683,0.0075955162743543,0.00206853134274665,0.008012492948188604,0.0010138256383422316,0.9646714469090582,0.0034993336549231863,0.00035974458134724346,0.01277910865103958,8.993614533681087e-05,0.0016433786556999076,0.0034012214963739383,0.0006540810569949881,0.0018068989199486547,0.0009811215854924821,0.0008666574005183592,0.00022075235673580849,0.0023056357259073333,0.0007603692287566736,0.00358109378704756,0.0013653942064770378,0.00022075235673580849,0.0007930732816064231,0.44008208717265285,0.34989248542625645,0.14991537826325127,0.04750263676426101,0.012607412373578396,0.10809855004125898,0.1476398174500261,0.11003519644330678,0.10727337026995167,0.13753557535238545,0.0899109142655058,0.07369360569879255,0.10973206918037756,0.11608090129839511,0.006651959380946768,0.0021724120509927416,0.1891850928748253,0.006584597766962496,0.008049712871120392,0.09208332631649854,0.1595628231252421,0.04656371566662737,0.04329667738839023,0.022128290193833045,0.016183627759721122,0.01205772890318452,0.04819723480574595,0.0382950775500581,0.05200316599585726,0.09413785554301882,0.11921321634866372,0.04363348545831158,-5.002177573308172,-0.018134980521147214,-0.13335226773884534,0.021044340274633228,-31.092045,13.675891
Arun,E07000224,149518,145118,137024,889,162,7043,1502,426,221,532,323,2116,498,107,367,412,732,538,313,160,65,244,72,172,67443,7843,8944,7456,7698,9014,8231,5511,4696,8050,62774,54975,23299,6608,1862,67443.0,1241,55,5896,292,692,5806,11500,3005,4339,1899,2174,1052,3339,3509,3618,5604,9711,3711,2011,0.9705721050308324,0.014152142216990597,0.003598228975775492,0.01004561323720221,0.0016319105391992938,0.9164381546034591,0.005945772415361361,0.0010834815875011704,0.04710469642451076,0.002454553966746479,0.002755521074385693,0.0033307026578739685,0.0007156329003865755,0.004895731617597881,0.0020933934375794217,0.0010701052716060942,0.00043473026658997577,0.0035581000280902634,0.0014780829064059177,0.002849155285651226,0.0021602750170548026,0.0004815473722227424,0.0011503631669765512,0.419842426998756,0.36768148316590643,0.15582739201968993,0.04419534771733169,0.012453350098315922,0.11629079370727874,0.1326156902866124,0.11055261480064647,0.11414083003425114,0.13365360378393606,0.12204379994958706,0.08171344691072462,0.06962916833474193,0.11936005219222158,0.018400723573980992,0.0008155034621828804,0.08742197114600478,0.004329582017407292,0.01026051628782824,0.08608751093516007,0.17051436027460226,0.04455614370653737,0.06433580949839124,0.02815711044882345,0.03223462775973785,0.015598357131207094,0.04950847382233886,0.052029120887267764,0.053645300475957475,0.08309238912859748,0.14398825675014457,0.05502424269383035,-5.050556093443998,0.5254497117525783,0.08080723102703069,0.5815882247579347,-22.749733,23.938063
Ashfield,E07000170,119497,116733,114744,348,43,1598,1059,556,88,229,186,1099,396,97,62,232,312,472,195,209,68,134,25,109,55336,4889,5883,5423,6354,7930,5728,5224,6168,7737,50253,41200,19484,6764,1796,55336.0,139,207,9108,603,373,5351,10527,3188,2417,996,902,557,2020,2304,2867,4225,7474,2078,2011,0.9768697122103484,0.00919688360377248,0.0039498899553963695,0.008862147166874482,0.0011213670636082914,0.9602249428855955,0.0029122070010125776,0.0003598416696653472,0.013372720654074998,0.000518841477191896,0.0019414713340083851,0.0033138907252901746,0.0008117358594776437,0.00261094420780438,0.0016318401298777375,0.0017489978827920367,0.0005690519427265957,0.0019163661012410354,0.0007364201611755944,0.0046528364728821645,0.001556524431575688,0.0002092102730612484,0.000912156790547043,0.4205377540858766,0.34477853000493736,0.16305011841301456,0.056603931479451364,0.015029666016720084,0.08835116379933497,0.1063141535347694,0.09800130114211364,0.11482579152811913,0.1433063466820876,0.10351308370680931,0.09440508891137776,0.11146450773456701,0.13981856296082115,0.0025119271360416365,0.003740783576695099,0.16459447737458435,0.010897065201677028,0.00674063900534914,0.09670015902848056,0.19023781986410293,0.0576116813647535,0.04367861789793263,0.017999132571924245,0.016300419256903283,0.01006577996241145,0.0365042648547058,0.04163654763625849,0.051810756108139365,0.07635174208471882,0.13506577996241145,0.03755240711291022,-6.175240884362959,-0.6118225566017133,1.8314170368208949,-0.5579001089830032,-34.55,14.550203
Ashford,E07000105,117956,110520,105498,753,531,3738,1682,544,235,507,396,3991,958,161,185,431,2256,1375,948,327,100,388,87,301,57546,7025,9056,6704,6261,7600,5283,5185,4179,6253,56128,41385,15027,4163,1253,57546.0,951,47,4986,382,432,5930,9845,3070,2955,1710,1935,650,3519,3155,2891,5002,7255,2831,2011,0.936959544236834,0.03383465020855234,0.011656889009461154,0.014259554410119028,0.003289362135033402,0.8943843467055512,0.006383736308453999,0.0045016785920173625,0.031689782630811486,0.0015683814303638645,0.003653904845874733,0.00812167248804639,0.0013649157312896334,0.01912577571297772,0.008036895113432127,0.002772220149886398,0.0008477737461426295,0.004298212892943131,0.001992268303435179,0.004611889179015905,0.0033571840347248125,0.0007375631591440877,0.0025517989758893148,0.47583844823493504,0.3508511648411272,0.12739496083285293,0.03529282105191767,0.010622605039167147,0.12207625204184479,0.15736975636881798,0.11649810586313558,0.10879991658846835,0.13206825843672887,0.09180481701595246,0.09010183157821569,0.072620164737775,0.10866089736906127,0.016525909707016995,0.0008167379140166128,0.08664372849546449,0.006638167726688214,0.007507037847982484,0.1030479963855003,0.17108052688284156,0.053348625447468115,0.0513502241684913,0.029715358148264,0.03362527369408821,0.011295311576825496,0.06115107913669065,0.05482570465366837,0.05023807041323463,0.08692176693427867,0.12607305459979842,0.04919542626768151,-3.4937236861248135,1.6378355598300873,-1.1086671937951673,1.905293854613213,-16.232582,19.43935
Babergh,E07000200,87740,85845,83666,486,51,1642,827,306,92,216,213,666,180,9,65,161,251,264,133,89,42,138,10,128,42250,5176,6458,5333,4611,6118,3945,3149,3132,4328,40875,31433,11624,3023,785,42250.0,825,27,5033,205,309,4001,6554,1881,2118,1245,1898,603,2586,1885,2409,4103,4657,1911,2011,0.9784020971050832,0.007590608616366537,0.003008889901983132,0.009425575564166856,0.0015728288124002734,0.9535673581034876,0.005539092774105311,0.0005812628219740142,0.0187143834055163,0.0007408251652609984,0.001834966947800319,0.0020515158422612263,0.00010257579211306131,0.0028607248689309322,0.0015158422612263505,0.0010143606108958287,0.00047868702986095284,0.0024618190107134714,0.0010485525416001824,0.003487576931844085,0.0024276270800091177,0.00011397310234784591,0.0014588557100524277,0.46586505584682014,0.35825165260998404,0.13248233416913607,0.03445406883975382,0.008946888534305903,0.12250887573964497,0.15285207100591716,0.12622485207100592,0.10913609467455622,0.14480473372781066,0.09337278106508876,0.07453254437869823,0.0741301775147929,0.1024378698224852,0.01952662721893491,0.0006390532544378699,0.11912426035502958,0.0048520710059171595,0.0073136094674556215,0.09469822485207101,0.15512426035502958,0.044520710059171596,0.0501301775147929,0.029467455621301774,0.04492307692307692,0.014272189349112426,0.061207100591715975,0.04461538461538461,0.05701775147928994,0.09711242603550296,0.11022485207100592,0.045230769230769234,-4.046617899670998,1.0772140823126295,-1.8154471694742067,1.03814189593475,-23.516508,16.824213
Barking and Dagenham,E09000002,185911,108386,91949,1730,182,14525,7878,2669,2128,1246,1835,29594,7436,8007,7701,1315,5135,37140,28685,5227,3228,2913,973,1940,75217,5094,10024,6891,9864,9137,8431,7213,7138,11425,87819,62720,24042,8686,2644,75217.0,44,33,3419,175,682,7844,11465,6292,4272,2387,3643,1185,3344,5647,3979,6678,10582,3546,2011,0.5829993921822808,0.15918369542415456,0.1997730096659154,0.04237511497436946,0.015668787753279796,0.4945861191645465,0.009305527913894282,0.0009789630522131557,0.07812878205162685,0.04142304651150282,0.007073276998133516,0.039997633276137506,0.04306899537950955,0.02762074325887118,0.1542942590809581,0.02811560370284706,0.017363146882110256,0.006702131665151605,0.011446337225876898,0.014356331793169851,0.009870314290171104,0.0052336870868318714,0.010435100666447924,0.47237118836432485,0.3373657287626875,0.12931994341378403,0.04672128061276632,0.014221858846437273,0.06772405174362178,0.13326774532353058,0.09161492747650132,0.13114056662722523,0.12147519842588776,0.11208902242844038,0.09589587460281586,0.09489875958892272,0.15189385378305437,0.000584974141483973,0.00043873060611297976,0.045455149766675085,0.0023266016990839836,0.009067099193001582,0.1042849355863701,0.1524256484571307,0.08365130223220814,0.056795671191353016,0.03173484717550554,0.04843319994150259,0.015754417219511548,0.04445803475278195,0.07507611311272717,0.05290027520374384,0.08878312083704482,0.1406862810268955,0.04714359785686746,-1.0426496720184328,4.817425145940787,6.207416473990575,1.3834543705910793,-15.205991,-3.9547808
Barnet,E09000003,356386,228553,162117,8685,151,57600,17169,3097,3112,5882,5078,65918,27920,5344,2215,8259,22180,27431,19392,4468,3571,17315,5210,12105,170658,23035,42157,25491,19743,14030,14116,11647,6962,13477,183453,117508,39172,12197,4056,170658.0,72,146,4908,364,513,12047,24830,6584,9751,10438,10262,4774,19438,8707,6618,19418,19776,12012,2011,0.6413074587666182,0.18496237225929188,0.07696991464311168,0.04817529308109746,0.048584961249880744,0.4548916062920541,0.024369644149882432,0.0004236979005909323,0.16162251042409073,0.006215171190787517,0.023174310999870926,0.07834202241389954,0.014994977356012863,0.06223589029872105,0.05441291184277721,0.01253696834331315,0.010020034457021319,0.016504576498515656,0.008732105077079347,0.008690015881656406,0.014248595623846054,0.014618980543567929,0.03396598070631282,0.5147592778616444,0.3297211450505912,0.10991453087382781,0.03422412777157352,0.011380918442363056,0.13497755745408946,0.24702621617504014,0.14936891326512675,0.11568751538164047,0.08221120603780661,0.08271513787809537,0.06824760632375863,0.04079504037314395,0.07897080711129863,0.00042189642442780296,0.0008555121939786004,0.028759272931828568,0.002132920812385004,0.003006012024048096,0.07059147534835754,0.14549566970197705,0.03858008414489798,0.057137667147159815,0.06116326219690844,0.06013195982608492,0.027974076808587937,0.11390031525038381,0.05102016899295667,0.03877931301198889,0.11378312179915387,0.11588088457616988,0.07038638680870513,3.562952432062403,8.275325103981675,0.811238339604985,-0.7172386700043508,-12.566883,0.01018733
Barnsley,E08000016,231221,226285,222164,567,163,3391,1630,644,178,434,374,1661,442,211,60,440,508,1221,995,149,77,424,168,256,103579,9372,12836,10260,10450,14242,10781,10870,11291,13477,96194,77649,37956,15278,4144,103579.0,530,447,13003,556,1047,11094,18143,5220,4664,2179,2352,1174,3852,5480,5948,9397,14209,4284,2011,0.978652458037981,0.0071836035654200955,0.005280662223586958,0.007049532698154579,0.0018337434748573874,0.9608296824250393,0.0024521994109531573,0.000704953269815458,0.014665622932173116,0.0002594920011590643,0.001902941341833138,0.0019115910752051067,0.0009125468707427094,0.0021970322764800774,0.004303242352554483,0.0006444051362116763,0.00033301473482079917,0.0018769921417172316,0.000769826270105224,0.0027852141457739565,0.0016175001405581673,0.0007265776032453799,0.0011071658716120076,0.4160262259915838,0.335821573300003,0.16415463993322404,0.06607531322846973,0.017922247546719373,0.09048166134061923,0.12392473377808243,0.09905482771604282,0.10088917637745103,0.13749891387250313,0.1040848048349569,0.10494405236582705,0.10900858282084207,0.13011324689367537,0.0051168673186649805,0.004315546587628767,0.12553702970679384,0.005367883451278734,0.010108226571023084,0.10710665289296092,0.17516098823120516,0.05039631585553056,0.04502843240425183,0.021037082806360363,0.022707305534905724,0.01133434383417488,0.03718900549339152,0.0529064771816681,0.057424767568715666,0.090723023006594,0.1371803164734164,0.04135973508143543,-6.263493236456945,-0.5986532468076764,2.0938605109842467,-1.7328618404123333,-35.985043,14.170908
Basildon,E07000066,174497,161677,156215,1313,873,3276,2887,1131,461,668,627,4766,2089,436,322,584,1335,4685,3339,931,415,482,112,370,83006,8475,11395,10282,12414,10068,7319,6967,6779,9307,80704,60991,23145,7355,2302,83006.0,147,28,6909,308,770,9082,13619,5072,3327,2704,7876,1120,4688,4062,3866,6564,9183,3681,2011,0.9265316882238663,0.02731279047777326,0.026848599116317186,0.01654469704350218,0.0027622251385410637,0.8952302904921001,0.007524484661627421,0.005002951340137653,0.01877396173000109,0.0018453039307266027,0.0033467624085227825,0.011971552519527556,0.002498610291294406,0.007650561327701909,0.019134999455578033,0.005335335277970395,0.0023782643827687583,0.0038281460426253747,0.0026418792300154158,0.0064814867877384715,0.003593184983122919,0.0006418448454701227,0.002120380293070941,0.4624950572216141,0.3495246336613237,0.13263838346791063,0.042149721771721,0.013192203877430558,0.10210105293593234,0.13727923282654267,0.12387056357371756,0.14955545382261523,0.12129243669132352,0.08817434884225236,0.08393369154037057,0.08166879502686553,0.11212442474038022,0.0017709563164108619,0.00033732501264968796,0.08323494687131051,0.0037105751391465678,0.00927643784786642,0.10941377731730237,0.16407247668843217,0.06110401657711491,0.04008143989591114,0.03257595836445558,0.09488470712960509,0.013493000505987519,0.056477844975062044,0.04893622147796545,0.04657494638941763,0.07907862082259114,0.11063055682721731,0.044346191841553625,-3.7835510280582025,2.0101605907942752,-0.4262824815134843,1.905652360003472,-14.808345,19.653202
Basingstoke and Deane,E07000084,167799,155888,148078,1324,163,6323,2813,1047,318,863,585,6715,2437,389,330,1221,2338,1909,1259,470,180,474,138,336,90122,10816,17515,12987,11067,9371,7412,7040,5188,8726,85034,58917,18047,4559,1242,90122.0,669,93,8637,946,553,6861,15247,3713,3789,8435,4553,1105,6272,4813,4889,6861,8648,4038,2011,0.929016263505742,0.0400181169136884,0.011376706654986026,0.01676410467285264,0.002824808252730946,0.8824724819575802,0.007890392672185173,0.0009714003063188696,0.037681988569657744,0.0019666386569645827,0.007276563030768956,0.014523328506129357,0.002318249810785523,0.013933336909039983,0.007503024451873968,0.0028009702084041024,0.001072711994707954,0.005143058063516469,0.0018951245239840523,0.006239608102551267,0.003486313982800851,0.0008224125292760982,0.002002395723454848,0.506761065322201,0.35111651440115854,0.10755129649163582,0.027169411021519794,0.007401712763484883,0.12001509065489004,0.19434766205809903,0.14410465813009032,0.12280020416768381,0.10398126983422472,0.08224406915070682,0.07811633119549055,0.05756640997758594,0.09682430483122878,0.007423270677526021,0.0010319344888040656,0.09583675462151306,0.010496882004394043,0.00613612658396396,0.07613013470628703,0.16918177581500632,0.041199707063758015,0.04204300836643661,0.09359534852755154,0.050520405672310864,0.012261157098155832,0.06959454961052795,0.05340538381305342,0.054248685115732005,0.07613013470628703,0.09595881138900601,0.0448059297396862,-2.149724770756784,3.4342924474525165,-2.55806955714352,1.1547470204600925,-13.888932,9.098094
Bassetlaw,E07000171,112863,109892,106663,381,94,2754,996,454,85,228,229,1255,440,287,74,180,274,520,221,239,60,200,52,148,52814,5540,6780,5093,5188,6984,5653,4223,5981,7372,48326,39138,17794,5912,1693,52814.0,880,455,6921,668,437,4515,9852,2896,2650,921,957,587,1874,1776,2783,4448,7921,2273,2011,0.9736760497240017,0.0111196760674446,0.004607355820773858,0.008824858456713006,0.0017720599310668687,0.9450661421369271,0.0033757741686823847,0.0008328681676014282,0.024401265250790782,0.0006556621744947415,0.0015948539379601818,0.003898531848347111,0.0025429060010809567,0.00242772210556161,0.00195812622382889,0.002117611617624908,0.0005316179793200606,0.0020201483214162303,0.0007531254707034192,0.004022576043521792,0.0020290086210715645,0.00046073558207738584,0.001311324348989483,0.4281828411436875,0.34677440791047554,0.1576601720670193,0.05238209156233664,0.015000487316481043,0.10489642897716514,0.128375052069527,0.09643276403983791,0.09823152951868823,0.13223766425568978,0.10703601317832392,0.07995985912826145,0.11324648767372288,0.13958420115878364,0.0166622486461923,0.008615139925019881,0.1310447987276101,0.012648161472336881,0.008274321202711403,0.08548869617904344,0.18654144734350742,0.05483394554474193,0.05017608967319272,0.017438557958117166,0.018120195402734122,0.011114477221948726,0.03548301586700496,0.03362744726776991,0.05269436134358314,0.08422009315711743,0.14997917218919227,0.04303783087817624,-6.073051982063337,-0.12022576806701077,1.1392509932567958,-0.9185351862053961,-35.406986,17.58
Bath and North East Somerset,E06000022,176016,166473,158640,1146,58,6629,2898,951,292,954,701,4577,1116,170,219,1912,1160,1326,499,672,155,742,375,367,84858,9698,18637,10587,9295,9473,7249,6850,4380,8689,88882,58849,20856,5831,1598,84858.0,558,112,6024,334,792,6210,12476,2684,5620,4399,2868,1270,6627,3315,5555,10783,10928,4303,2011,0.9457833378783747,0.02600331788019271,0.007533406053995092,0.01646441232615217,0.004215525861285338,0.9012817016634851,0.006510771748022907,0.00032951549859103717,0.03766134896827561,0.0012442050722661576,0.010862648850104536,0.006340332697027543,0.0009658212889737297,0.006590309971820744,0.0028349695482228886,0.003817834742296155,0.0008806017634760476,0.005419961821652577,0.0016589400963548768,0.005402917916553041,0.003982592491591674,0.0021304881374420506,0.002085037723843287,0.5049654576856649,0.334338923734206,0.1184892282519771,0.03312767021179893,0.00907872011635306,0.11428504089184284,0.21962572768625233,0.12476136604680761,0.10953593061349548,0.11163355252303848,0.08542506304650122,0.08072309033915483,0.05161564024605812,0.1023945886068491,0.006575691154634801,0.001319851988027057,0.07098918192745528,0.003935987178580688,0.009333239058191332,0.07318107897900021,0.14702208395201397,0.0316293101416484,0.06622828725635768,0.05183954370831271,0.03379763840769285,0.014966178792806806,0.07809517075585096,0.03906526196705084,0.06546230172759197,0.12707110702585495,0.12877984397463998,0.05070824200428952,-2.328718185563864,2.8643476262539758,-1.9891759388192765,-0.5168906548121192,-19.609959,11.7807665
Bedford,E06000055,157479,126846,112588,1683,115,12460,5386,2396,587,1366,1037,17932,8122,3270,3225,905,2410,6202,2741,2843,618,1113,331,782,75810,8273,13687,9331,8489,8362,7054,6005,5243,9366,73860,56663,19812,5596,1548,75810.0,554,38,6440,516,609,5721,12949,4293,3412,2951,2080,997,5017,3729,4899,8827,9398,3380,2011,0.805478825748195,0.11386915080740924,0.03938302884829088,0.034201385581569606,0.007067609014535271,0.7149397697470774,0.010687139237612634,0.0007302560976384152,0.07912166066586657,0.020478920998990343,0.005746797985763181,0.05157513065234095,0.020764673385022765,0.015303627785292007,0.017405495335886055,0.018053200744226214,0.0039243327681786145,0.008674172429339785,0.0037274811244673895,0.015214727042970808,0.006585004984791623,0.0021018675505940477,0.004965741463941224,0.4690149162745509,0.3598130544390046,0.1258072504905416,0.035534896716387585,0.009829882079515365,0.10912808336631051,0.1805434639229653,0.12308402585410895,0.1119773117003034,0.11030207096689092,0.09304841049993405,0.0792111858593853,0.06915974145891043,0.12354570637119114,0.007307743041815064,0.0005012531328320802,0.08494921514312095,0.006806489908982984,0.008033240997229917,0.07546497823506133,0.17080860044848964,0.05662841313810843,0.04500725497955415,0.038926263025986015,0.027437013586598075,0.013151299300883788,0.06617860440575123,0.04918876137712703,0.06462208151958844,0.11643582640812558,0.12396781427252342,0.04458514707822187,-1.6659669098063712,3.37513174228163,0.8193407798203376,1.6197722511887236,-24.5307,6.7907968
Bexley,E09000004,231997,189962,179250,2596,624,7492,5395,1676,983,1369,1367,15243,7047,730,777,2514,4175,19624,15952,2381,1291,1773,303,1470,110159,10269,16225,13957,19352,13475,9844,9176,7712,10149,111323,80446,29015,8688,2525,110159.0,81,77,5080,655,797,11877,15997,6898,4208,4470,8376,2012,7829,5456,8480,10596,11909,5361,2011,0.8188123122281754,0.06570343582029078,0.08458730069785385,0.02325461105100497,0.007642340202675035,0.7726393013702764,0.011189799868101744,0.002689689952887322,0.03229352103690996,0.0033491812394125784,0.01083634702172873,0.030375392785251535,0.0031465924128329247,0.017995922361065012,0.06875950982124769,0.010263063746513963,0.005564727130092199,0.005900938374203114,0.004237123755910637,0.007224231347819153,0.005892317573072066,0.00130605137135394,0.006336288831321094,0.47984672215588997,0.3467544838941883,0.12506627240869495,0.03744876011327733,0.0108837614279495,0.0932198004702294,0.14728710318721122,0.12669868099746728,0.17567334489238282,0.12232318739276864,0.08936174075654281,0.08329777866538367,0.07000789767517861,0.09213046596283554,0.0007353007924908541,0.0006989896422443922,0.04611516081300666,0.005945950852858141,0.00723499668660754,0.10781688286930709,0.1452173676231629,0.06261857860002361,0.038199330059277954,0.040577710400421206,0.07603554861609128,0.018264508573970353,0.07106999881988761,0.04952840893617408,0.0769796385224993,0.09618823700287765,0.10810737207127878,0.048666019117820605,-2.4847936196807163,4.056414248071594,0.14519742397953309,1.7397423301803214,-19.968801,6.9886875
Birmingham,E08000025,1073045,621636,570217,22021,408,28990,47605,24720,3223,11186,8476,285640,64621,144627,32532,12712,31148,96360,29991,47641,18728,21804,10910,10894,423691,35160,77424,46762,49752,41640,42626,38152,36206,55969,488568,363904,148782,54105,17686,423691.0,419,81,39056,1962,2709,25686,66500,23981,26715,12873,16916,6275,23868,22365,20528,51328,62912,19517,2011,0.5793195998303892,0.266195732704593,0.08980052094739736,0.04436440223848953,0.020319744279130886,0.5314008266195732,0.02052197251746199,0.00038022636515709965,0.02701657432819686,0.030317461057085212,0.011846660671267282,0.060222078291217986,0.1347818591019016,0.02902767358312093,0.027949433621143566,0.044397951623650456,0.017453135702603338,0.010424539511390482,0.003003601899267971,0.02303724447716545,0.007899016350665629,0.010167327558490091,0.010152416720640793,0.45530988914723985,0.3391320960444343,0.1386540173058912,0.05042193011476685,0.016482067387667804,0.08298500558189813,0.18273694744519,0.11036816925542435,0.11742519902476097,0.09827917043316946,0.1006063381096129,0.09004675577248514,0.08545378589585334,0.1320986284816057,0.0009889282519572047,0.0001911770606408916,0.0921803861776625,0.00463073324663493,0.006393810583656486,0.0606243701187894,0.1569540065755468,0.056600211002829894,0.06305302685211628,0.030382991378150585,0.03992532293581879,0.014810321673106109,0.05633350720218272,0.052786110632512845,0.04845040371402744,0.12114489097007017,0.14848557085234287,0.04606423077195409,-0.6380041739572162,4.549204594693874,5.173077297735917,0.5826015193982645,-20.108667,-1.2429657
Blaby,E07000129,93915,85451,83161,545,101,1644,1505,645,108,486,266,5718,4399,281,18,435,585,900,371,398,131,341,96,245,48276,5384,7700,6275,6141,6286,4233,4130,3498,4629,44615,33631,11764,3081,824,48276.0,217,93,5516,769,281,4650,9286,2109,1903,1224,1871,469,2443,1856,2942,4905,5756,1986,2011,0.9098759516584145,0.06088484267688868,0.009583133684714902,0.016025129106106584,0.0036309428738753127,0.8854922003939732,0.0058031198424106905,0.001075440557951339,0.01750519086407922,0.00019166267369429804,0.004631847947612203,0.04684022786562317,0.002992067294894319,0.006229036895064686,0.003950380663365809,0.004237874673907256,0.0013948783474418357,0.005174892189746047,0.0011499760421657883,0.00686791247404568,0.002832348400149071,0.0010222009263695896,0.002608741947505723,0.4750572326039504,0.3581004099451632,0.12526220518554013,0.03280626098067401,0.00877389128467231,0.11152539564172674,0.15949954428701632,0.1299817714806529,0.1272060651255282,0.1302096279724915,0.08768332090479741,0.08554975557212693,0.07245836440467313,0.09588615461098683,0.004494987157179551,0.0019264230673626647,0.11425967354378988,0.01592924020217085,0.005820697655149557,0.09632115336813324,0.19235230756483554,0.043686303753417845,0.03941917308807689,0.02535421327367636,0.03875631783909189,0.00971497224293645,0.050604855414698814,0.03844560444113017,0.060941254453558705,0.10160328113348248,0.1192310879111774,0.041138453890131745,-3.567259770723059,1.9131352935103898,-1.1982784751688285,1.5171505150222082,-26.646717,10.686896
Blackburn with Darwen,E06000008,147489,102009,98144,794,161,2910,1823,315,162,989,357,41494,19791,17801,1525,721,1656,933,614,202,117,1230,585,645,60523,5670,8482,5718,6702,7176,6823,5992,6791,7169,66991,49010,20725,8428,2335,60523.0,139,26,9741,194,417,3871,10759,2692,2961,1721,1179,755,2491,2754,3385,6195,8936,2307,2011,0.691638020462543,0.28133623524466234,0.006325895490511157,0.012360243814792967,0.008339604987490593,0.6654326763351843,0.005383452325258155,0.001091606831695923,0.019730284970404573,0.010339754151157036,0.004888500159333916,0.1341862782987206,0.12069374665229271,0.011227955983158067,0.0041630223270888,0.0013695936646122761,0.0007932794988100807,0.006705584823274956,0.0010983869983524194,0.0021357524967963713,0.0024205194963692208,0.003966397494050404,0.0043732074934401885,0.45421014448535146,0.3322959678348894,0.14051895395588823,0.057143244580951796,0.015831689142919134,0.09368339309023016,0.14014506881681343,0.09447648001586174,0.11073476199130909,0.11856649538192092,0.11273400194967202,0.09900368454967533,0.11220527733258431,0.11845083687193299,0.0022966475554747783,0.00042958875138377145,0.16094707797035837,0.003205392991094295,0.006889942666424335,0.06395915602332998,0.17776712985146143,0.044478958412504335,0.04892354972489797,0.028435470812748873,0.019480197610825638,0.012474596434413364,0.041157906911422106,0.04550336235811179,0.055929150901310246,0.10235778133932555,0.14764634932174545,0.03811774036316772,-3.7324119900883326,0.7525060136278574,3.088973124049034,0.7277151165506937,-31.84679,4.43829
Blackpool,E06000009,142065,137339,133042,1029,237,3031,1753,690,264,448,351,2282,627,223,231,514,687,346,183,111,52,345,170,175,61419,6832,6330,5546,8351,7184,7537,6200,4848,8591,56600,48022,23977,10346,3120,61419.0,73,42,4895,242,315,4434,9967,2929,7438,1266,1706,634,1950,2796,5750,4089,9171,3722,2011,0.9667335374652448,0.01606306972160631,0.0024355048745292648,0.012339422095519657,0.0024284658430999894,0.9364868194136486,0.007243163340724316,0.0016682504487382536,0.02133530426213353,0.0016260162601626016,0.0036180621546475205,0.004413472706155633,0.001569704008728399,0.004835814591912153,0.0012881427515573857,0.0007813324886495618,0.00036602963432231725,0.0031534860803153486,0.0018583042973286876,0.004856931686199979,0.0024707000316756414,0.0011966353429768064,0.001231830500123183,0.3984091788969838,0.33802836729665997,0.16877485657973462,0.07282581916728258,0.021961778059339035,0.1112359367622397,0.10306257021442876,0.09029779058597502,0.13596769729236882,0.11696706230970873,0.12271446946384669,0.10094596134746577,0.07893322913105065,0.13987528289291587,0.0011885572868330647,0.0006838274800957359,0.07969846464449112,0.003940148813884954,0.005128706100718019,0.07219264397010697,0.1622787736693857,0.0476888259333431,0.12110259040362104,0.020612514042885752,0.027776420977222032,0.010322538628111822,0.03174913300444488,0.045523372246373275,0.09361923834644002,0.06657548966932057,0.1493186147609046,0.06060014002181735,-5.948461290282409,-0.2672485057172627,2.7656364057813234,-1.8781735444113745,-22.422426,27.59048
Blaenau Gwent,W06000019,69814,68750,67954,102,72,622,394,163,36,106,89,485,202,39,26,122,96,95,56,33,6,90,12,78,28291,1942,3086,2390,2676,3718,3720,2467,3873,4419,29269,21385,11696,5692,1772,28291.0,84,76,5675,165,421,2243,4290,1090,1301,294,470,325,567,1106,1992,2231,4904,1057,2011,0.9847595038244478,0.0069470306815251955,0.0013607585871028734,0.0056435671928266535,0.001289139714097459,0.9733577792419859,0.0014610250093104536,0.001031311771277967,0.00890938780187355,0.0003724181396281548,0.001747500501332111,0.002893402469418741,0.0005586272094422322,0.0013750823617039562,0.0008021313776606411,0.00047268456183573496,8.594264760649726e-05,0.001518320107714785,0.0005156558856389835,0.002334775259976509,0.001274815939496376,0.00017188529521299452,0.0011172544188844645,0.4192425587990947,0.30631391984415735,0.16753086773426534,0.08153092502936374,0.02538172859311886,0.0686437382913294,0.10908062634760171,0.08447916298469478,0.09458838499876286,0.13141988618288503,0.13149058004312325,0.08720087660386695,0.13689866035134848,0.15619808419638753,0.002969142130006009,0.002686366689053056,0.2005938284260012,0.005832243469654661,0.014881057580149164,0.07928316425718426,0.15163833021102116,0.03852815382983988,0.04598635608497402,0.010391997455021031,0.016613057155986002,0.011487752288713725,0.02004170937754056,0.03909370471174579,0.07041108479728536,0.07885900109575483,0.17334134530416034,0.037361705135908946,-7.118911703886424,-1.7188711186391425,3.906470124049729,-3.6140976598801724,-40.084003,11.338218
Bolsover,E07000033,75866,74452,73058,199,66,1129,518,248,63,136,71,612,207,56,6,166,177,267,175,51,41,17,2,15,34511,3310,3759,3324,3549,4609,3794,2825,3933,5408,30934,25423,12965,5152,1392,34511.0,224,294,5251,185,360,3042,6680,1943,1690,641,592,317,1142,1468,1730,2634,4846,1472,2011,0.9813618748846651,0.008066854717528273,0.0035193630875490997,0.006827828012548441,0.00022407929770911872,0.9629873724725173,0.002623045896712625,0.0008699549205177549,0.014881501594917355,7.908681095615955e-05,0.0021880684364537473,0.0027284949779875045,0.0007381435689241557,0.0023330609232067065,0.0023066986528879866,0.0006722378931273562,0.0005404265415337568,0.0017926343816729497,0.0008304115150396752,0.0032689215195212612,0.0009358605963145546,2.6362270318719848e-05,0.00019771702739039887,0.4077452350196399,0.3351039991564074,0.17089341734110142,0.06790920834102233,0.018348140141829013,0.09591144852365913,0.10892179305149083,0.09631711628176523,0.10283677667989917,0.133551621222219,0.1099359624467561,0.08185795833212599,0.11396366375938106,0.15670365970270347,0.006490684129697778,0.008519022920228332,0.1521543855582278,0.0053606096606878964,0.010431456637014285,0.08814580858277071,0.1935614731534873,0.05630088957144099,0.04896989365709484,0.018573788067572657,0.017153950914201268,0.0091854770942598,0.0330908985540842,0.042537162064269364,0.050128944394540874,0.07632349106082119,0.14041899684158674,0.042653067138013964,-6.612645692807231,-0.8578893389679816,2.2874929375249056,-1.9775700620532393,-36.08515,16.907398
Bolton,E08000001,276786,226645,219794,1694,214,4943,4892,1576,678,1826,812,38749,21665,12026,614,1423,3021,4652,3451,608,593,1848,727,1121,123367,12018,18434,14147,14556,14129,11969,12973,10887,14254,125548,93765,39139,14465,3869,123367.0,198,66,13184,1027,1200,10397,23310,6334,5959,3193,4336,1738,6422,6065,6931,11581,16144,5282,2011,0.8188456063529225,0.13999624258452378,0.016807208457075142,0.017674304336201974,0.006676638269276626,0.7940936319033477,0.006120251746836907,0.0007731604922214274,0.01785856221051643,0.0022183202907661514,0.005141155983322856,0.07827346758867862,0.04344872934324713,0.010914569378509029,0.012468116161944607,0.0021966428937879806,0.0021424494013425536,0.006597154480356665,0.0024495458585333074,0.005693929606266213,0.0029336743910457898,0.002626577933855036,0.004050060335421589,0.45359230596923256,0.3387635212763651,0.14140527338810488,0.052260591214873586,0.013978308151423844,0.09741665113036711,0.14942407613056977,0.11467410247472987,0.11798941370058444,0.1145281963572106,0.09701946225489799,0.10515778125430626,0.08824888341290621,0.11554143328442776,0.0016049672927119895,0.0005349890975706632,0.10686812518744883,0.008324754594016229,0.009727074501284785,0.08427699465821492,0.18894842218745694,0.05134274157594819,0.048303030794296695,0.025882124068835263,0.03514716253130902,0.014088046236027463,0.05205606037270907,0.049162255708576845,0.05618196114033737,0.09387437483281591,0.1308615756239513,0.042815339596488526,-3.8304981183058815,1.6475413097230798,1.7223545644552676,0.22969569710767618,-29.463598,5.8180118
Boston,E07000136,64637,62592,54221,208,63,8100,664,171,114,167,212,928,374,148,72,130,204,278,174,57,47,175,63,112,30807,2410,3077,2128,2655,3957,2975,2556,5194,5855,26298,24225,10252,3058,804,30807.0,1653,18,5523,93,261,1842,6179,1617,1279,310,335,348,816,1987,1049,2000,4489,1008,2011,0.9683617742160063,0.014357101969460216,0.0043009421848167455,0.010272753995389638,0.0027074276343270883,0.8388539072048518,0.0032179711310859104,0.0009746739483577517,0.12531522193171094,0.0011139130838374305,0.002011231956928694,0.00578615962993332,0.0022897102278880517,0.00315608707087272,0.0026919566192737904,0.0008818478580379658,0.0007271377075049894,0.002583659513900707,0.0017636957160759316,0.0026455435741138977,0.003279855191299101,0.0009746739483577517,0.0017327536859693365,0.4068567538716215,0.3747853396661355,0.15860884632640748,0.047310364032984206,0.012438696102851308,0.0782289739344954,0.09987989742590969,0.06907521017950466,0.08618171194858311,0.12844483396630635,0.09656896159963645,0.08296815658778849,0.1685980458986594,0.19005420845911644,0.05365663647872237,0.0005842827928717499,0.17927743694614862,0.0030187944298373745,0.008472100496640374,0.05979160580387574,0.20057129873080792,0.05248807089297887,0.041516538449053786,0.010062648099457915,0.010874151978446458,0.0112961339955205,0.026487486610185997,0.06449832830200929,0.034050702762359206,0.06492031031908332,0.14571363651118252,0.032719836400818,-5.705644188800397,-1.0162839487017752,2.8962446161182562,1.9170177323645816,-27.208328,27.25878
"Bournemouth, Christchurch and Poole",E06000058,378888,356911,334864,2410,480,19157,6612,1644,916,2271,1781,10837,3135,314,834,2717,3837,2367,1587,526,254,2161,835,1326,181196,20768,29809,22315,20457,22297,17908,17633,10801,19208,173847,131862,52396,16058,4725,181196.0,360,191,15825,503,1111,14501,30778,7529,12180,6058,13591,3342,9302,7880,8037,15835,24741,9432,2011,0.9419960516036401,0.02860211988767129,0.0062472287325014255,0.017451067333882308,0.00570353244230485,0.8838073520407086,0.006360718734824011,0.0012668651422056121,0.0505611156859019,0.002201178184582251,0.0071709845653596845,0.008274212960030405,0.000828740947192838,0.010127003230506113,0.004188572876417306,0.0013882730516669834,0.0006703828044171365,0.0059938557040603024,0.0024176009797090433,0.004339013112054222,0.004700597538058741,0.002203817486961846,0.0034997149553430036,0.4588348007854564,0.3480236903781592,0.13828888748126095,0.042381917611536916,0.012470703743586496,0.11461621669352524,0.1645124616437449,0.12315393275789753,0.1128998432636482,0.12305459281661847,0.09883220380140842,0.09731451025408949,0.05960948365306078,0.10600675511600698,0.0019867988255811387,0.0010541071546833264,0.08733636504117089,0.00277599947018698,0.006131481931168459,0.08002936047153358,0.16986026181593414,0.04155168988277887,0.06722002693216186,0.033433409126029275,0.0750071745513146,0.018444115764144904,0.05133667409876598,0.04348881873772048,0.044355283781098924,0.08739155389743702,0.13654274928806376,0.052054129230225836,-3.2320054530131834,1.8889541176014109,-0.3314956935162365,-0.25762261848473067,-21.468416,10.0401745
Bracknell Forest,E06000036,113205,102554,96080,984,118,5372,2303,656,297,808,542,5664,1989,518,134,556,2467,2189,1586,402,201,495,201,294,61914,8081,11578,9382,7540,6545,5792,4618,2784,5594,59320,38814,11394,2859,818,61914.0,135,107,4184,332,356,4477,10044,3537,2920,6180,1770,816,4611,3791,3809,5402,6152,3291,2011,0.9059140497327857,0.05003312574532927,0.019336601740205822,0.020343624398215625,0.004372598383463628,0.8487257629963341,0.008692195574400425,0.0010423567863610263,0.04745373437569012,0.0011836932997659113,0.004911443840819752,0.01756989532264476,0.00457576962148315,0.021792323660615696,0.01400998189125922,0.0035510798992977343,0.0017755399496488672,0.0071374939269466895,0.0026235590300781766,0.005794797049600283,0.004787774391590478,0.0017755399496488672,0.0025970584338147608,0.5240051234486109,0.34286471445607525,0.10064926460845369,0.025255068239035377,0.007225829247824743,0.13051975320606002,0.18700132441774073,0.1515327712633653,0.12178182640436735,0.1057111477210324,0.09354911651645831,0.07458733081370934,0.04496559744161256,0.09035113221565397,0.0021804438414575055,0.0017282036373033563,0.06757760764932003,0.005362276706399199,0.005749911167102755,0.07230997835707595,0.1622250218044384,0.057127628646186646,0.04716219271893271,0.09981587363116581,0.028588041476887295,0.013179571663920923,0.0744742707626708,0.06123009335529929,0.06152081920082696,0.08725005653002552,0.09936363342701166,0.05315437542397519,-1.4172338925624122,3.980042750528207,-2.6934818850535334,1.0803831929148224,-12.895399,8.547098
Bradford,E08000032,522452,352317,333628,2541,433,15715,12979,4663,875,5677,1764,140149,13555,106614,9863,2086,8031,9267,4993,3581,693,7740,3714,4026,218937,20571,32021,23720,25835,25708,22306,19561,21370,27845,234133,186031,71580,23768,6940,218937.0,621,123,24761,764,1798,14553,38656,11917,12328,5619,11161,2934,10412,11010,11033,24284,28243,8720,2011,0.6743528592100327,0.2682523944783444,0.017737514642493474,0.024842473566949692,0.014814758102179722,0.6385811519527153,0.004863604694785358,0.0008287842710909327,0.03007931829144113,0.01887828929739,0.003992711292137842,0.025944967193158416,0.20406467962607092,0.015371747069587254,0.009556858811909994,0.006854218186551109,0.0013264376440323704,0.010866069993032853,0.0016747950050913767,0.008925221838561245,0.0033763867302642157,0.007108787027324998,0.007705971074854724,0.4481426044880678,0.35607290239103306,0.13700780167364657,0.04549317449258496,0.013283516954667606,0.09395853601721044,0.1462566857132417,0.10834166906461676,0.11800198230541206,0.11742190675856524,0.10188319014145622,0.08934533678638147,0.09760798768595531,0.1271827055271608,0.0028364323983611725,0.0005618054508831307,0.11309646153916424,0.0034895883290626986,0.008212408135673732,0.0664711766398553,0.17656220739299433,0.054431183399790806,0.05630843576005883,0.025664917304978146,0.05097813526265547,0.013401115389358583,0.04755705979345656,0.050288439140026585,0.05039349219181774,0.11091775259549551,0.12900058007554685,0.039828809200820325,-2.947916823930192,1.9161361980662095,2.8323265275961957,1.8353965125948577,-32.18812,3.4188342
Braintree,E07000067,147084,142087,137010,1051,132,3894,1837,554,221,596,466,1998,625,122,190,335,726,913,540,286,87,249,65,184,74200,8949,10018,9818,9142,10067,7335,5613,5661,7597,69884,52492,18291,5046,1371,74200.0,755,46,7442,185,600,7828,12125,4422,2896,2268,4263,1102,4625,3457,4181,6581,8076,3348,2011,0.9660262163117674,0.013584074406461614,0.006207337303853581,0.01248946180413913,0.0016929101737782491,0.9315085257403932,0.0071455766772728505,0.0008974463571836502,0.02647466753691768,0.0012917788474613146,0.002277610073155476,0.004249272524543798,0.0008294579967909494,0.004935954964510076,0.0036713714612058414,0.001944467107231242,0.0005914987354164967,0.004052106279404966,0.001502542764678687,0.0037665551657556228,0.0031682575942998557,0.000441924342552555,0.0012509858312256942,0.47512985776835004,0.35688450137336486,0.12435750999428898,0.03430692665415681,0.009321204209839276,0.12060646900269542,0.13501347708894879,0.13231805929919138,0.12320754716981132,0.13567385444743935,0.0988544474393531,0.07564690026954178,0.07629380053908356,0.10238544474393531,0.010175202156334232,0.0006199460916442048,0.10029649595687332,0.0024932614555256065,0.008086253369272238,0.10549865229110512,0.16340970350404313,0.05959568733153639,0.03902964959568733,0.030566037735849056,0.05745283018867924,0.014851752021563342,0.06233153638814016,0.046590296495956876,0.05634770889487871,0.08869272237196765,0.10884097035040431,0.045121293800539086,-3.6908520321463465,1.5644085683080189,-1.6113568733839994,1.2605584581055336,-22.324955,15.90855
Breckland,E07000143,130491,127116,119033,593,204,7286,1562,379,313,388,482,1040,295,81,101,202,361,596,211,225,160,177,9,168,61301,6381,6642,6679,6259,9208,6477,4630,6597,8428,55097,48663,19565,5623,1543,61301.0,2556,75,8195,163,561,5199,10341,3094,3110,963,1601,781,2585,2705,4152,5070,7022,3128,2011,0.9741361473205049,0.007969898307162946,0.004567364799104919,0.011970174188258194,0.0013564153849690782,0.9121931780735836,0.004544374707834257,0.0015633262064050394,0.055835268332681945,0.0007739997394456323,0.0015479994788912645,0.002260692308281797,0.0006207324643078833,0.002766474316236369,0.0016169697527032515,0.001724256845299676,0.0012261382011019917,0.00297338513767233,0.002398632855905771,0.0029044148638603428,0.00369374133081975,6.897027381198704e-05,0.0012874451111570913,0.42222835291322774,0.3729222705014139,0.14993371190350294,0.043091094404978124,0.011824570276877333,0.1040929185494527,0.10835059786952904,0.10895417693022952,0.10210273894389978,0.15020962137648652,0.10565896151775664,0.07552894732549224,0.10761651522813657,0.13748552225901697,0.04169589403109248,0.0012234710689874554,0.13368460547136263,0.002659010456599403,0.009151563596026166,0.0848110145022104,0.16869219099199034,0.05047225983262916,0.05073326699401315,0.015709368525798927,0.026117029085985545,0.012740412065056035,0.04216896951110096,0.04412652322148089,0.06773135837914553,0.08270664426355198,0.11454951795239882,0.05102690005057014,-5.235029233136152,-0.03013861145315588,0.4322912889993536,1.55443937403861,-26.51202,25.60361
Brent,E09000005,311215,112880,55887,12320,320,44353,15775,4291,2820,3642,5022,105986,58017,14381,1749,3250,28589,58632,24391,23723,10518,17942,11430,6512,147461,14130,26814,18590,16144,15599,12019,14074,10162,19929,149695,108169,36731,12339,4281,147461.0,66,111,6724,285,452,13062,25104,8346,11648,9262,6426,2664,12321,9785,5241,11987,15118,8859,2011,0.362707453046929,0.3405555644811465,0.18839708882926595,0.05068843082756294,0.05765146281509567,0.17957681988336038,0.0395867808428257,0.0010282280738396286,0.14251562424690326,0.00561990906607972,0.010442941374933727,0.18642096299985542,0.046209212280899054,0.09186253875937857,0.07837347171569493,0.07622704561155472,0.033796571502016294,0.011702520765387272,0.009061259900711726,0.01378789582764327,0.016136754333820672,0.03672702151245923,0.020924441302636442,0.48100187972944747,0.3475700078723712,0.11802451681313561,0.039647831884709925,0.013755763700335781,0.0958219461416917,0.18183790968459457,0.12606723133574302,0.10947979465757048,0.10578390218430636,0.08150629658011271,0.09544218471324621,0.06891313635469717,0.13514759834803777,0.0004475759692393243,0.0007527414028115909,0.045598497229776006,0.001932714412624355,0.003065217243881433,0.0885793531849099,0.17024162320884845,0.05659801574653637,0.07899037711666135,0.06280982768325184,0.043577623914119665,0.01806579366747818,0.08355429571208658,0.06635652816676951,0.03554160083004998,0.08128929004957243,0.1025220227721228,0.06007690168926021,3.933512441839031,9.348215309938125,7.019336119732499,2.1512950567803846,-14.250618,-1.6728264
Brentwood,E07000068,73601,68868,65688,921,121,2138,1196,343,138,444,271,2350,939,113,172,377,749,896,542,230,124,291,105,186,36251,5097,7448,5946,5188,3630,2896,1955,1585,2506,37548,24537,8565,2306,645,36251.0,174,12,2033,117,192,3330,4370,1465,1393,1655,4786,555,3124,1617,1802,3947,4004,1675,2011,0.9356938085080366,0.031928914009320526,0.012173747639298379,0.01624977921495632,0.0039537506283882015,0.8924878738060624,0.012513416937269874,0.0016439994021820357,0.029048518362522247,0.002336924770043885,0.005122213013410144,0.01275797883180935,0.0015353052268311572,0.010176492167225989,0.007364030380022011,0.0031249575413377535,0.0016847597179386149,0.006032526731973751,0.0018749745248026522,0.0046602627681689105,0.0036820151900110055,0.0014266110514802787,0.0025271395769079223,0.5101561120093477,0.3333786225730629,0.11637070148503417,0.03133109604489069,0.008763467887664569,0.1406030178477835,0.20545640120272543,0.16402306143278805,0.14311329342638823,0.10013516868500179,0.07988745138065156,0.053929546771123556,0.04372293178119224,0.06912912747234559,0.00479986758985959,0.0003310253510247993,0.05608121155278475,0.003227497172491793,0.005296405616396789,0.09185953490938181,0.12054839866486441,0.04041267827094425,0.03842652616479545,0.04565391299550357,0.13202394416705746,0.015309922484896968,0.08617693305012275,0.04460566605059171,0.04970897354555737,0.10887975504124024,0.11045212545860804,0.04620562191387824,-1.283922215794385,3.9079373529075383,-3.876770818439378,0.2367370915243912,-11.501315,12.276614
Bridgend,W06000013,139178,136090,133656,474,63,1897,998,338,120,264,276,1549,337,122,114,356,620,315,152,121,42,226,75,151,61259,5586,9175,6953,6524,7724,6520,5893,5464,7420,64134,41659,21002,9459,2924,61259.0,250,158,8176,386,698,5138,9833,2359,3382,1317,1924,629,2155,2463,5463,5466,8900,2562,2011,0.9778125853223929,0.01112963255686962,0.002263288738162641,0.007170673525988303,0.0016238198565865294,0.9603241891678282,0.003405710672663783,0.0004526577476325281,0.013630027734268347,0.0008190949719064795,0.0025578755263044447,0.002421359697653365,0.0008765753208121973,0.004454727040193134,0.0010921266292086393,0.0008693902771989826,0.00030177183175501875,0.0018968515138886894,0.0008622052335857679,0.0024285447412665793,0.0019830720372472663,0.0005388782709911049,0.0010849415855954247,0.46080558708991365,0.29932173188291256,0.15090028596473581,0.06796332753739816,0.021009067525039875,0.09118660115248371,0.14977391077229468,0.1135016895476583,0.10649863693498099,0.12608759529212035,0.10643334040712385,0.09619810966551853,0.08919505705284121,0.12112505917497837,0.0040810329910706995,0.002579212850356682,0.13346610293997616,0.006301114938213161,0.011394244111069395,0.08387339003248502,0.16051518960479277,0.038508627303743125,0.055208214303204425,0.021498881796960446,0.03140762989928011,0.010267879005533881,0.035178504383029434,0.04020633702802853,0.08917873292087693,0.08922770531676978,0.1452847744821169,0.04182242609249253,-5.38112116088706,0.09930798257578918,1.4111641109048152,-3.4769279046493504,-38.303978,11.380041
Brighton and Hove,E06000043,273369,243512,220018,3772,198,19524,10408,2182,2019,3351,2856,11278,2996,649,1367,2999,3267,4188,2893,879,416,3983,2184,1799,139823,16294,31769,23382,13470,12068,12925,12910,5046,11959,134673,91970,32298,11151,3277,139823.0,151,64,5237,1152,651,8594,19167,5860,9143,8583,9367,2490,10788,7018,6213,17332,18779,9234,2011,0.8907813248759003,0.041255592258083396,0.015319952152584967,0.0380730807077613,0.014570050005669992,0.8048388807801908,0.013798199503235553,0.0007242957321422692,0.07141994886033164,0.005000566999184252,0.010970519700478108,0.010959545522718377,0.002374080455355216,0.011950879580347443,0.010582765419634267,0.003215434083601286,0.0015217526493494142,0.01225815655761992,0.0073856216322992,0.007981885290577936,0.010447417227264248,0.007989201409084424,0.006580848596585568,0.49264181381210015,0.33643170952083085,0.11814799776126773,0.04079101873292144,0.01198746017287988,0.11653304535019274,0.22720868526637247,0.16722570678643714,0.09633608204658747,0.08630911938665313,0.09243829698976563,0.0923310185019632,0.03608848329673945,0.08552956237528876,0.0010799367772111885,0.00045772154795706,0.0374544960414238,0.00823898786322708,0.00465588637062572,0.06146342161160896,0.13708045171395264,0.04191012923481831,0.06538981426517812,0.06138475072055384,0.06699183968302783,0.017808228975204364,0.07715468842751193,0.05019202849316636,0.044434749647768966,0.12395671670612131,0.13430551482946296,0.06604063709117956,-0.2113626575206392,4.762419950006423,-0.9311317439045872,-1.682052486477084,-18.33502,2.8602982
"Bristol, City of",E06000023,428234,359592,333432,3851,359,21950,15438,7389,1533,3402,3114,23655,6547,6863,2104,3886,4255,25734,12085,6727,6922,3815,1272,2543,209995,18103,47493,28688,23299,20104,17934,18315,12107,23952,209024,143283,52446,18056,5425,209995.0,208,142,13609,808,1409,13864,30464,9077,12308,11087,12658,2691,17623,10993,11427,22801,29324,9502,2011,0.8397091309891321,0.055238491105330266,0.06009331346880444,0.03605038366874186,0.008908680767991332,0.7786210342943344,0.008992746956103439,0.0008383267092290663,0.0512570230294652,0.004913201660774249,0.009074477972323542,0.015288370376943446,0.016026284694816387,0.00993615640047264,0.028220552314855898,0.01570870131750398,0.01616405983644456,0.007944254776594105,0.0035798185104405533,0.01725458511000995,0.0072717252716972495,0.002970338646627778,0.005938342121363554,0.4881069695540289,0.3345904342018616,0.12247042504798779,0.042163863682005635,0.012668307514116114,0.08620681444796305,0.22616252767923045,0.13661277649467846,0.11095026072049334,0.09573561275268459,0.08540203338174718,0.08721636229434034,0.05765375366080145,0.11405985856806114,0.000990499773804138,0.0006762065763470559,0.06480630491202172,0.003847710659777614,0.006709683563894378,0.06602061953856045,0.14507012071715994,0.043224838686635396,0.05861091930760256,0.05279649515464654,0.060277625657753756,0.012814590823591038,0.08392104573918427,0.05234886544917736,0.05441558132336484,0.10857877568513535,0.13964142003381033,0.045248696397533275,-0.9444804982599323,4.086721323842385,0.8958540163977526,-0.399879169453219,-21.369823,2.6625643
Broadland,E07000144,124646,121795,119582,406,44,1763,1064,267,165,389,243,1265,405,45,96,286,433,331,228,63,40,191,80,111,61541,6900,8808,7477,7745,8752,6200,5690,4074,5895,55219,46106,17475,4499,1347,61541.0,881,175,5416,290,408,5945,10830,2435,2977,1571,3943,876,3210,2512,3571,5459,8202,2840,2011,0.9771272242992154,0.010148741235178024,0.0026555204338687163,0.00853617444603116,0.0015323395857067214,0.9593729441779119,0.003257224459669785,0.0003529996951366269,0.01414405596649712,0.0007701811530253679,0.002294498018388075,0.0032492017393257705,0.00036102241548064117,0.0034738379089581696,0.0018291802384352487,0.0005054313816728977,0.00032090881376056995,0.0031208382138215424,0.001323748856762351,0.0021420663318518045,0.0019495210435954624,0.0006418176275211399,0.0008905219581855816,0.4430065946761228,0.3698955441811209,0.14019703801164898,0.036094218827720105,0.010806604303387193,0.11212037503452983,0.1431240961310346,0.12149623828017095,0.12585105864383095,0.14221413366698624,0.10074584423392535,0.09245868607919923,0.06619976925951805,0.09578979867080482,0.01431565947904649,0.002843632700151119,0.08800636973724833,0.004712305617393282,0.006629726523780894,0.0966022651565623,0.17598024081506639,0.039567117856388424,0.04837425456199932,0.025527696982499473,0.0640711070668335,0.014234412830470743,0.05216034838562909,0.040818316244454915,0.05802635641279797,0.08870509091499976,0.13327700232365414,0.04614809639102387,-4.739014560789986,0.8175082930334548,-1.117816106974082,0.7939829269466272,-22.565704,17.102966
Bromley,E09000006,309392,260870,239478,4463,580,16349,10897,3897,1335,3016,2649,16067,6215,1014,1265,2768,4805,18686,9819,6609,2258,2872,870,2002,151368,19784,32394,24488,23079,13956,11546,10194,6297,9630,154998,105574,36098,9904,2818,151368.0,160,170,5147,490,536,12577,18913,6075,5444,8729,15449,3058,15179,7586,10344,15743,16888,8880,2011,0.8431698298598541,0.051930883797900396,0.06039587319646274,0.03522069090344935,0.00928272224233335,0.774027770595232,0.014425065935770802,0.001874644463980969,0.05284234886487046,0.004088664218855045,0.008946579097067798,0.02008778507524435,0.0032773956663391425,0.015530459740394064,0.03173643791694679,0.021361250452500386,0.007298184827015566,0.009748151212701039,0.004314914412783782,0.012595671510575581,0.008561953767388943,0.0028119666959714536,0.006470755546361897,0.5009761079795211,0.34123054248332213,0.11667399286342245,0.03201117029528883,0.009108186378445467,0.13070133713862903,0.21400824480735692,0.16177791871465566,0.1524694783573807,0.09219914380846678,0.07627768088367422,0.06734580624702712,0.041600602505153,0.06361978753765657,0.0010570265842185932,0.0011230907457322552,0.034003223931081863,0.003237143914169441,0.003541039057132287,0.08308889593573278,0.12494714867078907,0.040133978119549704,0.03596532952803763,0.05766740658527562,0.10206252312245653,0.02020242059087786,0.10027879076158766,0.050116272924264044,0.06833676866973204,0.10400480947095819,0.1115691559642725,0.05866497542413192,-0.0031355130179996716,5.572726582124212,-2.103010107539043,0.6323582972358939,-12.478421,4.540398
Bromsgrove,E07000234,93637,89696,87640,904,75,1077,1396,631,82,446,237,1925,1078,221,39,309,278,444,110,267,67,176,53,123,46251,6502,9737,6057,5542,5209,4127,2853,2420,3804,45932,31306,11885,3484,1030,46251.0,307,15,4981,299,341,3801,6708,1370,2075,1733,1810,776,3383,2084,2479,5415,6507,2167,2011,0.9579119365208197,0.020558112711855356,0.004741715347565599,0.014908636543246794,0.0018795988765124897,0.9359548041906511,0.009654303320268696,0.0008009654303320269,0.011501863579567905,0.00041650202377265395,0.003299977572967951,0.011512543118639,0.002360178134711706,0.0029689118617640463,0.001174749297820306,0.0028514369319820156,0.0007155291177632773,0.004763074425707787,0.0008757222038296827,0.006738789153860119,0.002531050759849205,0.0005660155707679657,0.001313583305744524,0.49053258861347543,0.3343336501596591,0.12692632185994854,0.03720751412369042,0.010999925243226502,0.1405807442001254,0.21052517783399277,0.13095933060906792,0.11982443622840587,0.11262459190071566,0.08923050312425677,0.06168515275345398,0.05232319301204298,0.08224687033793864,0.006637694320122808,0.00032431731205811765,0.10769496875743227,0.006464725087025145,0.007372813560787875,0.08218200687552701,0.1450347019523902,0.029620981167974746,0.04486389483470628,0.037469460119781195,0.0391342889883462,0.016778015610473287,0.07314436444617414,0.04505848522194115,0.053598841106138245,0.11707854965298048,0.14068884997081144,0.046853041015329396,-2.6564397911517563,2.2670659404796725,-2.6659435675912437,-0.3070990809304785,-19.956114,13.835927
Broxbourne,E07000095,93609,84530,75656,1308,147,7419,2141,787,246,500,608,2190,799,145,158,326,762,3957,2246,1307,404,791,135,656,46222,5069,5608,5598,6990,6320,4031,3897,3886,4823,44661,33072,11544,3357,975,46222.0,151,12,3054,199,389,5557,9007,3040,1972,1678,2566,870,2796,2540,2366,4028,3727,2270,2011,0.9030114625730432,0.02339518636028587,0.04227157645098228,0.022871732418891347,0.008450042196797316,0.8082128855131451,0.013973015415184437,0.001570361824183572,0.07925519982053007,0.0016878718926598938,0.003482571120298262,0.008535504064780096,0.0015489963571878773,0.008140242925359741,0.023993419436165325,0.01396233268168659,0.004315824333130361,0.005341366748923715,0.0026279524404704676,0.008407311262805927,0.006495101966691237,0.001442169022209403,0.007007873174587914,0.47710156074736404,0.35329936224081016,0.12332147549915072,0.03586193635227382,0.010415665160401244,0.10966639262688763,0.12132750638224223,0.12111115918826533,0.151226688589849,0.13673142659339707,0.08720955389208603,0.08431050149279563,0.08407251957942105,0.10434425165505604,0.0032668426290511014,0.00025961663277227295,0.06607243304054346,0.004305309160140193,0.00841590584570118,0.12022413569296006,0.19486391761498853,0.06576954696897581,0.04266366665224352,0.03630305914932283,0.05551468997447103,0.01882220587598979,0.0604906754359396,0.054952187270131105,0.05118774609493315,0.08714464973389295,0.08063259919518843,0.04911081303275497,-2.9367710030912977,3.128384472351507,-0.06282438718484633,1.8476070042417,-20.857557,7.37499
Broxtowe,E07000172,109487,101538,98001,615,9,2913,1827,866,151,486,324,4503,1754,775,92,1135,747,933,448,405,80,686,436,250,53185,5334,10903,6540,6266,5961,4208,4523,3981,5469,49831,38276,15614,4521,1245,53185.0,99,54,6241,627,273,4108,9227,2349,2163,1863,1251,597,3041,2112,3390,6941,6622,2227,2011,0.9273977732516189,0.04112817046772676,0.008521559637217204,0.016686912601496066,0.0062655840419410525,0.8950925680674418,0.005617105227104588,8.220153990884763e-05,0.02660589841716368,0.0008402824079571091,0.010366527532949118,0.01602016677779097,0.007078465936595212,0.006822727812434353,0.004091809986573748,0.0036990692958981434,0.0007306803547453123,0.004438883155077772,0.0013791591695817768,0.007909614840118005,0.0029592554367185147,0.003982207933361952,0.0022833761085791007,0.45513165946642065,0.3495940157278946,0.14261053823741632,0.04129257354754446,0.011371213020723922,0.10029143555513773,0.205001410172041,0.12296700197424086,0.11781517345116105,0.11208047381780577,0.07912005264642287,0.08504277521857667,0.07485193193569616,0.10282974522891793,0.001861427094105481,0.0010153238695120804,0.1173451161041647,0.011789038262668045,0.0051330262291999626,0.07723982325843753,0.1734887656294068,0.0441665883237755,0.04066936166212278,0.035028673498166775,0.023521669643696532,0.011224969446272446,0.05717777568863401,0.03971044467425026,0.06373977625270283,0.13050672182006204,0.12450879007238883,0.041872708470433395,-3.2662517918858325,1.8247301043346786,-0.45618736720694175,-0.24243405770838272,-26.209318,9.720725
Buckinghamshire,E06000060,505283,436670,409793,5377,614,20886,12360,4573,1098,4125,2564,43269,11368,21236,1089,2554,7022,10490,4032,5175,1283,2494,853,1641,254976,38886,50993,38457,29002,26717,21173,17638,12607,19503,262901,170886,53987,13607,3902,254976.0,1833,364,20495,752,2046,18928,40830,11456,10860,17742,9906,4191,23558,12708,13769,25734,26393,13411,2011,0.8642087701347562,0.0856331996128902,0.020760643045580396,0.02446153937496413,0.004935847831809105,0.8110167965278864,0.010641561263687874,0.0012151606129634283,0.041335251730218514,0.00215522786240582,0.005054593168580776,0.022498283140339175,0.04202793286138659,0.013897162580177841,0.007979686631056259,0.010241785296556583,0.002539171117967555,0.008163741903052349,0.002173039662921571,0.009050373750947489,0.00507438405804272,0.001688162871103916,0.003247684960705189,0.5203044630434825,0.3381985936593948,0.10684507493820294,0.02692946329086868,0.007722405068050974,0.15250847138554216,0.19999137173694778,0.15082596009036145,0.11374403865461848,0.10478241089357429,0.08303918800200803,0.06917513805220883,0.04944386922690763,0.07648955195783133,0.0071889118975903615,0.0014275853413654618,0.08038011420682731,0.00294929718875502,0.008024284638554216,0.07423443775100401,0.16013271837349397,0.044929718875502005,0.04259224397590362,0.06958301957831325,0.038850715361445784,0.016436841114457833,0.0923930095381526,0.04983998493975904,0.0540011608935743,0.10092714608433735,0.103511703062249,0.05259710717871486,-0.9081670753924984,4.054996539759249,-2.7947128301396646,0.9782099919735748,-13.067239,7.9270782
Burnley,E07000117,87059,76054,74464,527,10,1053,976,228,90,476,182,9578,321,5924,2425,222,686,211,76,120,15,240,55,185,38133,3300,4856,3835,3978,5181,4633,3306,4187,4857,37372,29286,13682,5213,1506,38133.0,92,15,6821,112,268,2826,6386,1445,1842,767,1035,456,1310,1759,2043,3252,6000,1704,2011,0.873591472449718,0.11001734455943671,0.0024236437358572923,0.011210788086240367,0.002756751168747631,0.8553279959567649,0.006053366108041673,0.00011486463203115128,0.012095245752880231,0.027854673267554187,0.0025499948310915587,0.0036871546881999564,0.06804580801525402,0.007879713757336978,0.0008729712034367498,0.0013783755843738154,0.00017229694804672693,0.005467556484682801,0.0010337816882803616,0.0026189136103102494,0.0020905363029669537,0.0006317554761713321,0.002124995692576299,0.4292721028268186,0.33639256136642964,0.1571577895450212,0.05987893267783917,0.017298613583891384,0.08653921800015735,0.12734377048750425,0.10056906091836468,0.10431909369837149,0.13586657226024704,0.12149581727112999,0.08669656203288491,0.10979991083838145,0.12736999449295885,0.0024126085018225684,0.000393360081818897,0.17887394120577976,0.002937088610914431,0.00702803346183096,0.0741090394146802,0.16746649883303175,0.03789368788188708,0.048304618047360554,0.020113812183672933,0.027141845645503895,0.01195814648729447,0.034353447145517,0.04612802559462932,0.053575643143733774,0.08528046573833688,0.1573440327275588,0.044685705294626704,-4.914335372911263,-0.40024161486270393,2.4811200799541346,-1.0049747940789224,-33.73463,4.7691445
Bury,E08000002,185060,165032,157897,2357,72,4706,3365,1307,444,1005,609,13407,1387,9002,311,1100,1607,1893,1116,593,184,1363,465,898,88036,9415,15320,11204,10825,8896,8552,8537,6723,8564,87128,61634,25430,8539,2329,88036.0,121,49,8021,393,658,6262,15322,4358,4035,3159,3836,1370,5436,4124,5288,9487,12325,3792,2011,0.891775640332865,0.072446774019237,0.010229114881660003,0.018183291905328,0.007365178860909975,0.8532205771101264,0.012736409813033612,0.0003890630065924565,0.025429590403112504,0.0016805360423646385,0.005944018156273641,0.0074948665297741275,0.048643683129795744,0.008683670161028856,0.006030476602183076,0.0032043661515184264,0.0009942721279585,0.005430671133686372,0.002399221873986815,0.007062574300226954,0.0032908245974278614,0.002512698584242948,0.004852480276667027,0.4708094671998271,0.3330487409488814,0.1374148924673079,0.046141791851291476,0.0125851075326921,0.10694488618292516,0.17401971920577947,0.1272661184061066,0.12296106138397928,0.10104957063019673,0.0971420782407197,0.0969716933981553,0.07636648643736653,0.09727838611477123,0.0013744377300195375,0.0005565904857103912,0.09111045481393976,0.004464082875187424,0.007474215093825253,0.07112999227588714,0.17404243718478804,0.049502476259711936,0.04583352264982507,0.03588304784406379,0.043573083738470623,0.015561815620882366,0.06174746694534054,0.046844472715707214,0.060066336498705075,0.10776273342723432,0.13999954564041983,0.0430732882002817,-2.977728046207049,2.1955072503916604,0.2341664319547698,-0.589786539837203,-21.847815,4.440267
Caerphilly,W06000018,178806,175845,173899,402,31,1513,1174,454,147,296,277,1346,327,123,32,495,369,242,121,112,9,199,67,132,77488,6258,9830,8366,9934,9890,7909,7123,8357,9821,79382,54272,28488,12844,3820,77488.0,199,140,12546,659,1028,6636,11699,3024,3399,1476,2716,837,2928,3474,7086,7073,9629,2939,2011,0.9834401530149995,0.007527711598044808,0.0013534221446707606,0.006565775197700301,0.0011129380445846337,0.9725568493227297,0.0022482467031307673,0.00017337225820162635,0.008461684730937441,0.0001789649116920014,0.0027683634777356464,0.0018287976913526393,0.0006878963793161303,0.002063689137948391,0.0006767110723353803,0.0006263771909220049,5.033388141337539e-05,0.0016554254331510128,0.0008221200630851314,0.0025390646846302697,0.001549165016833887,0.0003747077838551279,0.0007382302607295057,0.4439560193729517,0.30352449022963435,0.15932351263380423,0.07183204143037705,0.021363936333232667,0.08076089200908527,0.12685835226099526,0.1079651042742102,0.12820049556060292,0.1276326657030766,0.10206741689035721,0.09192391079909147,0.107848957257898,0.12674220524468305,0.002568139582903159,0.001806731364856494,0.16190894073921122,0.00850454263886021,0.013266570307660541,0.08563906669419781,0.15097821598182945,0.03902539748090027,0.043864856493908734,0.019048110675201322,0.03505058847821598,0.010801672517034896,0.0377864959735701,0.044832748296510426,0.09144641750980798,0.09127864959735701,0.12426440223002272,0.03792845343795168,-6.204616236473324,-0.1416381703376957,1.9291342416680843,-3.1346577795336286,-38.33683,11.635196
Calderdale,E08000033,203826,182787,176732,1795,80,4180,2797,1097,247,907,546,16875,1130,13904,574,459,808,899,479,320,100,468,111,357,96645,10327,16340,12120,11282,11737,9455,7151,8552,9681,94449,70007,28091,8929,2350,96645.0,335,102,12897,268,849,7597,14100,3784,4263,2588,7678,1266,4766,3889,5137,10492,12615,4019,2011,0.8967796061346442,0.08279120426245916,0.0044106247485600466,0.013722488789457674,0.0022960760648788672,0.8670728955089144,0.008806531060806767,0.0003924916350220286,0.020507687929900993,0.002816127481283055,0.002251920755938889,0.005543944344686154,0.06821504616682857,0.0039641655137224886,0.0023500436646943963,0.0015699665400881143,0.0004906145437775357,0.0044498739120622495,0.0012118179231305132,0.005382041545239567,0.002678755409025345,0.0005445821435930647,0.0017514939212858027,0.4633805304524447,0.3434645236623394,0.13781853149254755,0.04380697261389617,0.01152944177877209,0.10685498473795851,0.16907237829168606,0.12540741890423715,0.11673650990739304,0.12144446168968907,0.09783227275078897,0.07399244658285478,0.08848879921361684,0.10017072792177557,0.0034662941693827925,0.0010554089709762533,0.13344715194785037,0.002773035335506234,0.008784727611361167,0.07860727404418232,0.1458947695173056,0.039153603393864145,0.04410988669874282,0.026778415851828857,0.07944539293289875,0.013099487816234674,0.049314501526204146,0.040240053805163226,0.05315329297946091,0.10856226395571421,0.13052925655750428,0.041585182885819236,-3.514901012966515,1.3990236998955248,-0.3772321825621604,0.1840298824604308,-24.437277,12.016733
Cambridge,E07000008,123867,102205,81742,1767,109,18587,3944,728,470,1501,1245,13618,3413,742,1849,4454,3160,2097,1300,598,199,2003,908,1095,59437,5105,22615,6696,4608,3929,4322,3867,2049,6246,67743,39600,12021,3533,970,59437.0,115,34,2848,89,206,2127,6280,1431,3748,4661,961,551,8581,2303,1627,13596,7306,2973,2011,0.8251188775057118,0.10994050069832965,0.016929448521397952,0.031840603227655466,0.01617057004690515,0.6599174921488371,0.014265300685412579,0.0008799761034012287,0.1500561085680609,0.014927301056778641,0.035957922610541954,0.02755374716429719,0.005990296043336805,0.02551123382337507,0.010495127838730252,0.004827758805815915,0.0016065618768517846,0.01211783606610316,0.003794392372464014,0.005877271589688941,0.010051103199399355,0.0073304431365900525,0.008840126910315096,0.5469011116762333,0.31969774031824455,0.09704763980721258,0.028522528195564598,0.00783098000274488,0.08588926089809377,0.3804869020980198,0.11265709911334691,0.0775274660564968,0.06610360549825867,0.07271564850177499,0.06506048421017212,0.034473476117569866,0.10508605750626714,0.0019348217440314955,0.0005720342547571378,0.0479162811043626,0.0014973837845113312,0.00346585460235207,0.03578578999613036,0.10565809176102428,0.024075912310513654,0.06305836431852213,0.07841916651244174,0.016168379965341453,0.009270319834446556,0.14437135117855882,0.038746908491343775,0.027373521543819505,0.22874640375523664,0.12292006662516614,0.050019348217440314,2.647347000569269,5.999184840800853,-1.7929295376280823,-1.98813752931014,-9.646651,3.0557668
Camden,E09000007,220338,146055,96937,7053,167,41898,12322,2494,1800,3880,4148,35446,6083,1489,12503,6493,8878,18060,10802,3496,3762,8455,3432,5023,108966,15366,34721,23711,9192,4665,6117,5923,2390,6881,117692,67334,22963,9174,3175,108966.0,62,190,1959,228,162,3143,10524,2843,6644,10690,10862,2232,19806,4426,3739,10941,11069,9446,2011,0.6628679574108869,0.16087102542457496,0.08196498107453094,0.05592317258030843,0.038372863509698735,0.4399468089934555,0.03200991204422297,0.0007579264584411223,0.1901533099147673,0.05674463778376857,0.029468362243462318,0.027607584710762557,0.006757799380951084,0.04029264130563044,0.0490246802639581,0.015866532327605768,0.01707376848296708,0.017609309333841642,0.008169267216730659,0.011318973576959036,0.018825622452777097,0.015576069493233124,0.022796794016465612,0.534142998484147,0.3055941326507457,0.10421715727654784,0.041636031914603924,0.014409679673955468,0.14101646385110952,0.3186406769083934,0.21759998531652075,0.08435658829359617,0.042811519189471944,0.05613677660921755,0.05435640475010554,0.021933447130297525,0.06314813795128756,0.0005689848209533249,0.0017436631609859957,0.017978084907218767,0.002092395793183195,0.001486702274103849,0.02884385955252097,0.09658058476956115,0.0260907071930694,0.060973147587320815,0.09810399574179102,0.09968246976120992,0.020483453554319696,0.1817631187709928,0.04061817447644219,0.034313455573298096,0.10040746654919883,0.10158214488923151,0.08668759062459849,6.073638382229527,10.311273633748241,-0.8010072073012107,-4.164051410190539,-9.350911,-1.2522755
Cannock Chase,E07000192,97462,95256,94042,350,8,856,867,458,51,214,144,982,406,110,48,227,191,280,98,147,35,77,10,67,47476,4464,5264,5092,5455,7216,4674,4244,5275,5792,42634,34133,14091,5121,1483,47476.0,131,68,6812,356,673,5519,8955,2731,2265,829,971,464,1681,2057,2770,3647,5621,1926,2011,0.977365537337629,0.010075721819786172,0.0028729145718331245,0.008895774763497568,0.0007900515072541093,0.9649094005868954,0.0035911432147914058,8.208327348094642e-05,0.008782910262461268,0.0004924996408856785,0.0023291128850218548,0.00416572612915803,0.0011286450103630134,0.0019597381543575956,0.0010055201001415936,0.0015082801502123906,0.00035911432147914057,0.002195727565615317,0.0005232808684410334,0.004699267406784183,0.0014774989226570355,0.00010260409185118303,0.0006874474154029262,0.4374422851983337,0.350218546715643,0.144579425827502,0.052543555436990824,0.015216186821530442,0.0940264554722386,0.11087707473249642,0.107254191591541,0.11490016008088297,0.1519925857275255,0.09844974302805629,0.08939253517566771,0.11110877074732496,0.12199848344426657,0.002759288903867217,0.0014323026371219141,0.14348302300109528,0.007498525570814728,0.014175583452691886,0.1162482096217036,0.1886216193445109,0.05752380149970512,0.047708315780604936,0.01746145420844216,0.02045243912713792,0.009773359170949533,0.03540736372061673,0.04332715477293791,0.05834526918864268,0.07681776055270031,0.11839666357738647,0.040567865869070685,-5.9020667329708125,-0.1295923540262262,1.0039467601019603,-0.07458318274752739,-32.881165,13.201002
Canterbury,E07000106,151145,140620,132269,1260,374,6717,2551,680,305,897,669,5135,1448,306,251,1436,1694,1937,1338,437,162,902,405,497,65620,6964,13470,7768,6449,7446,6692,6144,3317,7370,70764,52338,20211,6133,1699,65620.0,545,28,3341,209,350,5415,11063,2546,4282,1734,1725,778,3810,2569,3725,10669,9546,3285,2011,0.9303648814052731,0.03397399847828245,0.012815508286744517,0.01687783254490721,0.005967779284792749,0.8751133017962883,0.0083363657415065,0.0024744450693043106,0.04444076879817394,0.00166065698501439,0.009500810480002647,0.009580204439445565,0.0020245459657944357,0.011207780608025407,0.008852426477885474,0.0028912633563796353,0.0010718184524794072,0.005934698468358199,0.002017929802507526,0.004498991035098746,0.004426213238942737,0.002679546131198518,0.003288233153594231,0.46818617883489366,0.34627675411029146,0.1337192761917364,0.04057692943861854,0.011240861424459956,0.10612618104236514,0.2052727826882048,0.11837854312709539,0.09827796403535508,0.11347150259067358,0.10198110332215787,0.0936299908564462,0.05054861322767449,0.11231331911002743,0.0083053946967388,0.0004266991770801585,0.05091435537945748,0.0031850045717768975,0.005333739713501981,0.0825205729960378,0.1685918927156355,0.03879914660164584,0.06525449558061566,0.026424870466321245,0.02628771715940262,0.011856141420298689,0.05806156659555014,0.03914964949710454,0.05676622980798537,0.16258762572386468,0.14547394087168547,0.05006095702529716,-2.608296373439252,1.7801240005952488,-0.5496888473232499,0.007831024186119636,-21.141039,11.095105
Cardiff,W06000015,346090,293114,277798,2547,521,12248,10031,3641,1742,2459,2189,27885,7886,6354,4838,4168,4639,8201,5213,1322,1666,6859,4707,2152,159614,14400,35984,21457,19005,12946,13495,17334,7767,17226,174329,107477,42014,16745,5525,159614.0,132,75,8651,1997,1122,9274,23982,5419,11512,6470,8471,2301,10270,6766,12508,18969,22816,8879,2011,0.8469299893091392,0.08057152763731977,0.023696148400705018,0.028983790343552255,0.019818544309283714,0.8026756046115172,0.007359357392585744,0.0015053887717067815,0.03538963853332948,0.013979022797538213,0.012043110173654252,0.022785980525296887,0.01835938628680401,0.01340402785402641,0.015062555982547892,0.003819815654887457,0.004813776763269669,0.0071050882718368055,0.005033372822098298,0.010520384870987316,0.0063249443786298366,0.013600508538241497,0.006218035771042215,0.5037100176254732,0.31054638966742754,0.12139616862665781,0.04838336848796556,0.015964055592475945,0.09021765008081997,0.2254438833686268,0.13443056373501072,0.11906850276291553,0.08110817346849274,0.084547721377824,0.10859949628478704,0.048661145012342276,0.1079228639091809,0.0008269951257408498,0.0004698835941709374,0.05419950630897039,0.012511433834124825,0.0070294585687972234,0.05810267269788365,0.15024997807209894,0.03395065595749746,0.07212399914794441,0.04053529139047953,0.05307178568296014,0.014416028669164358,0.0643427268284737,0.042389765308807496,0.07836405327853446,0.11884295863771348,0.1429448544613881,0.05562795243525004,-1.6309722391676633,4.0314936470147575,0.825957290596872,-2.2542803087381698,-23.120146,1.5802453
Carmarthenshire,W06000010,183777,180323,175591,754,335,3643,1033,326,118,364,225,1837,563,159,117,298,700,279,115,115,49,305,132,173,80680,7355,12203,7841,8446,13189,8965,7026,6552,9103,82638,55618,30011,11475,4035,80680.0,3338,218,7021,373,691,7223,13411,3096,4304,1357,1567,888,2915,2646,7311,8447,12524,3350,2011,0.9812054827317891,0.009995810139462501,0.0015181442726783004,0.00562094277303471,0.0016596200830354178,0.9554568852467936,0.00410279850035641,0.0018228614026782458,0.019822937581960746,0.0006366411466070292,0.0016215304417854248,0.0030634954319637385,0.0008651789941069883,0.0038089641249993197,0.0006257583919641739,0.0006257583919641739,0.00026662748874995237,0.0019806613449996464,0.0006420825239284568,0.0017738890067853976,0.00122430989732121,0.0007182618064284432,0.0009413582766069747,0.449664539088134,0.30263852386316026,0.1633011747933637,0.06243980476338171,0.021955957491960366,0.09116261774913237,0.15125185919682696,0.0971864154685176,0.10468517600396629,0.16347297967278135,0.11111799702528508,0.08708477937530987,0.0812097174020823,0.11282845810609816,0.04137332672285573,0.002702032721864155,0.08702280614774417,0.004623202776400595,0.008564700049578582,0.08952652454139812,0.16622459097669806,0.03837382250867625,0.05334655428854735,0.016819533961328705,0.019422409519087754,0.011006445215666832,0.03613039167079821,0.03279623202776401,0.0906172533465543,0.10469757064947942,0.15523054040654438,0.04152206246901339,-5.8403510985793,-0.4749538666743931,0.9668587610041519,-2.7079042895386314,-31.316145,23.572327
Castle Point,E07000069,88011,85273,83943,527,17,786,911,346,104,264,197,1012,378,67,87,220,260,661,327,203,131,154,31,123,41443,4340,4576,4894,6520,6165,3840,3580,3684,3844,38280,31786,12963,3873,1109,41443.0,59,22,3562,213,442,5173,6770,2505,1451,1093,3929,561,2248,1810,1998,3551,4167,1889,2011,0.9688902523548193,0.011498562679665042,0.007510424833259479,0.010350978854915862,0.0017497812773403325,0.9537785049596074,0.005987887877651657,0.0001931576734726341,0.00893070184408767,0.0009885127995364216,0.002499687539057618,0.004294917680744453,0.0007612684778039109,0.002954176182522639,0.00371544466032655,0.0023065298655849838,0.0014884503073479452,0.0029996250468691415,0.0011816704730090557,0.003931326765972435,0.0022383565690652306,0.0003522286986853916,0.0013975525786549408,0.4349456317960255,0.36115940052947926,0.1472884071309268,0.0440058629035007,0.012600697640067719,0.10472214849311103,0.11041671693651521,0.11808990661872934,0.15732451801269212,0.14875853582028328,0.09265738484183095,0.08638370774316531,0.08889317858263157,0.09275390295104119,0.0014236421108510485,0.0005308496006563232,0.08594937625171922,0.0051395893154453105,0.010665251067731583,0.12482204473614363,0.16335689983833215,0.060444465892913156,0.03501194411601477,0.026373573341698237,0.0948049127717588,0.01353666481673624,0.0542431773761552,0.04367444441763386,0.04821079555051516,0.08568395145139107,0.10054774026976812,0.045580677074536106,-5.204493868500495,1.1200037498156632,-0.36565360801225366,0.8972243714308512,-18.986795,8.346693
Central Bedfordshire,E06000056,254381,238722,228053,3149,478,7042,4789,1787,522,1474,1006,6402,2533,442,214,1404,1809,3614,2054,1230,330,854,357,497,132061,16698,22151,18600,16229,16582,11493,9392,9004,11912,125019,90360,29202,7672,2128,132061.0,883,101,13253,367,872,12766,22555,7075,5088,6015,4366,2032,8863,6161,8293,13821,12666,6884,2011,0.9384427296063779,0.02516697394852603,0.014207035902838656,0.01882609157130446,0.003357168970953019,0.8965017041367084,0.012379069191488358,0.0018790711570439616,0.02768288512113719,0.0008412577983418573,0.005519280134915736,0.009957504687850114,0.0017375511535845838,0.007111380173833738,0.008074502419598948,0.004835266784862077,0.0012972666983776305,0.005794457919420083,0.002052040050160979,0.0070248957272752285,0.00395469787444817,0.0014034067009721638,0.0019537622699808553,0.4914635920135545,0.3552152086830384,0.11479630947279867,0.030159485181676306,0.008365404648932113,0.12644156866902417,0.16773309304033743,0.14084400390728527,0.12289017953824369,0.12556318670917227,0.08702796434980804,0.07111864971490447,0.06818061350436541,0.09020074056685926,0.0066863040564587575,0.0007647980857331081,0.10035513891307805,0.002779018786772779,0.00660300921543832,0.09666744913335504,0.17079228538326985,0.0535737272926905,0.03852765010108965,0.04554713352163015,0.03306047962683911,0.015386828813957186,0.06711292508764889,0.0466526832297196,0.06279673787113531,0.10465618161304245,0.09591022330589652,0.05212742596224472,-2.3713436188958896,2.6730051570249307,-2.2518505461958367,1.545225413029578,-16.500195,12.115098
Ceredigion,W06000008,75922,73443,70717,478,74,2174,736,198,75,251,212,1099,367,81,91,322,238,266,164,86,16,378,197,181,32446,3119,5431,3021,3189,6287,3255,2407,1920,3817,35796,24369,10946,3660,1151,32446.0,2316,56,1695,135,229,2761,4795,996,2690,550,379,370,1440,968,1831,4998,4315,1922,2011,0.9673480677537473,0.014475382629540845,0.003503595795685045,0.009694159795579674,0.0049787940254471695,0.9314427965543585,0.0062959353020204945,0.0009746845446642607,0.028634651352704092,0.001198598561681726,0.004241194910566107,0.004833908485024104,0.0010668844340243934,0.003134796238244514,0.0021601116935802533,0.0011327414978530598,0.00021074260425173205,0.0033060246041990466,0.000987855957429994,0.002607939727615184,0.0027923395063354497,0.0025947683148494507,0.002384025710597719,0.4714838913621875,0.3209741576881536,0.1441742841337162,0.04820737072258371,0.015160296093358974,0.09612895272144487,0.16738581026937063,0.09310854959008814,0.0982863835295568,0.19376810700856809,0.1003205325772052,0.07418479935893485,0.05917524502249892,0.11764161992233249,0.07138013930838932,0.0017259446464895519,0.05224064599642483,0.0041607594156444555,0.007057880786537632,0.08509523515995808,0.14778401035566788,0.030697158355421316,0.08290698391173026,0.01695124206373667,0.01168094680392036,0.011403562842877397,0.044381433766874194,0.029834186032176538,0.05643222585218517,0.1540405596991925,0.13299019910004314,0.05923688590273069,-4.913309084635423,0.4617367027061102,-0.5566897779013008,-1.058335481410673,-28.541939,23.908655
Charnwood,E07000130,166100,145114,139978,989,74,4073,2577,815,244,1045,473,16138,10225,428,2022,1943,1520,1327,875,339,113,944,442,502,79572,8669,14282,9726,9110,9719,7289,6178,6169,8430,79906,58637,20620,5465,1472,79572.0,445,255,10657,672,567,6152,13694,3287,4041,2003,1935,862,4706,3129,3899,10943,8444,3881,2011,0.8736544250451536,0.09715833835039132,0.00798916315472607,0.01551475015051174,0.005683323299217339,0.8427332931968694,0.005954244431065623,0.00044551475015051174,0.024521372667068032,0.012173389524382901,0.011697772426249248,0.061559301625526794,0.002576760987357014,0.009151113786875376,0.00526791089704997,0.0020409391932570743,0.0006803130644190247,0.006291390728476821,0.001468994581577363,0.0049066827212522575,0.0028476821192052982,0.0026610475617098134,0.0030222757375075256,0.48107164358819987,0.35302227573750755,0.12414208308248044,0.03290186634557495,0.008862131246237206,0.10894535766349972,0.17948524606645555,0.12222892474739858,0.11448750816870255,0.12214095410445885,0.09160257376966773,0.07764037601166239,0.07752727089931132,0.10594178856884331,0.005592419444025536,0.0032046448499472176,0.13392902025838235,0.008445181722213844,0.007125622078117931,0.07731362790931483,0.17209571205951843,0.04130850047755492,0.050784195445634145,0.025172171115467754,0.024317599155481828,0.010832956316292164,0.059141406524908256,0.03932287739405821,0.04899964811742824,0.1375232493842055,0.10611772985472277,0.04877343789272608,-2.9337875986192476,2.149732931137546,-0.8836458591768751,0.7714747101504725,-25.721792,10.472731
Chelmsford,E07000070,168310,157983,151990,1450,212,4331,2646,854,342,844,606,4962,1911,673,466,826,1086,2051,1420,429,202,668,318,350,86451,10585,16438,12942,11866,8925,6922,6370,4723,7680,84476,58430,19261,4778,1365,86451.0,501,43,6041,243,580,7583,12840,3891,3539,3252,8172,1333,6433,3689,5761,8812,9632,4106,2011,0.9386429802150793,0.02948131424157804,0.012185847543223813,0.01572099102845939,0.0039688669716594375,0.903036064404967,0.008615055552254768,0.0012595805359158696,0.025732279721941656,0.002768700611966015,0.004907610955974096,0.01135404907610956,0.003998574059770661,0.006452379537757709,0.008436813023587428,0.0025488681599429622,0.001200166359693423,0.0050145564731744995,0.0020319648268076764,0.0050739706493969465,0.0036004990790802684,0.0018893708038738044,0.0020794961677856336,0.5019071950567405,0.3471570316677559,0.11443764482205454,0.02838809339908502,0.008110035054363971,0.12243930087564053,0.19014239280054598,0.14970330013533678,0.13725694323952298,0.10323767220737759,0.08006847809741935,0.07368335820291264,0.054632103735063796,0.08883645070618038,0.0057951903390359855,0.0004973915859851245,0.06987773420781715,0.0028108408231252388,0.006709002787706331,0.08771442782616742,0.14852344102439533,0.045008154908560916,0.04093648425119432,0.03761668459589825,0.09452753582954505,0.01541913916553886,0.07441209471261177,0.042671571179049406,0.06663890527582099,0.10193057338839343,0.11141571526066789,0.04749511283848654,-2.121113421574066,3.1609318627741287,-2.8296860406339737,0.9346930297310475,-13.099319,12.223531
Cheltenham,E07000078,115732,109084,102140,1058,68,5818,1878,493,256,661,468,3675,1584,179,315,760,837,721,527,124,70,374,172,202,59183,6495,12307,7941,8448,5350,4780,5042,3025,5795,57758,39722,13631,3637,984,59183.0,132,102,5674,482,222,3510,8908,1434,3643,2908,3255,716,4136,2828,4958,6562,7082,2631,2011,0.9425569419002523,0.03175439809214392,0.006229910482839664,0.0162271454740262,0.0032316040507379116,0.882556250648049,0.009141810389520617,0.0005875643728614385,0.05027131648982131,0.002721805550755193,0.006566895931980783,0.013686793626654686,0.001546676805032316,0.007232226177720942,0.004553623889676148,0.0010714409152179172,0.0006048456779455984,0.005711471330314865,0.0022120070507724745,0.004259841703245429,0.0040438253896934295,0.0014861922372377562,0.0017454118135001556,0.49906680952545535,0.3432240002765009,0.11778073480109218,0.03142605329554488,0.008502402101406698,0.10974435226331886,0.20794822837639187,0.1341770440836051,0.14274369329030295,0.09039758038625957,0.0807664363077235,0.0851933832350506,0.05111265059223088,0.09791663146511667,0.0022303702076609836,0.0017234678877380328,0.09587212544142744,0.008144230606762077,0.0037510771674298363,0.05930757143098525,0.15051619552912154,0.02422993089231705,0.06155483838264367,0.049135731544531366,0.054998901711640166,0.012098068702161093,0.06988493317337749,0.047783992024736835,0.08377405673926634,0.11087643411114678,0.11966274098981126,0.04445533345724279,-2.261878522904146,3.1251741189576516,-2.095896456479559,0.1889921802717599,-17.323706,10.289665
Cherwell,E07000177,141868,130761,122491,1104,105,7061,2560,835,370,729,626,6039,1681,2382,184,657,1135,1961,1040,600,321,547,145,402,74829,8708,12468,9811,8423,8799,6300,6568,5850,7902,71403,49163,15844,4261,1197,74829.0,867,34,8621,262,473,5519,13217,3380,3253,3655,1827,808,4971,3401,5022,7836,7864,3819,2011,0.9217089125102208,0.04256773902500916,0.013822708433191418,0.018044943186624186,0.0038556968449544645,0.8634152874503059,0.00778188174923168,0.0007401246228888826,0.04977161868779429,0.0012969802915386134,0.0046310654975047225,0.011849042772154397,0.016790255730679222,0.008000394733132207,0.007330758169566075,0.004229283559365043,0.0022626667042602985,0.005138579524628528,0.002608058194941777,0.005885752953449686,0.004412552513604196,0.0010220768601798855,0.002833619984774579,0.503305889982237,0.3465404460484394,0.11168128119096625,0.030034962077424083,0.008437420700933262,0.11637199481484452,0.16661989335685362,0.1311122693073541,0.11256331101578265,0.11758810086998356,0.08419195766347272,0.08777345681487124,0.07817824640179609,0.1056007697550415,0.011586417030830293,0.00045436929532667814,0.11520934397092036,0.003501316334576167,0.006321078726162317,0.07375482767376285,0.17662938165684428,0.0451696534765933,0.043472450520520116,0.048844699247617904,0.024415667722407088,0.01079795266541047,0.06643146373732109,0.04545029333547154,0.06711301768031111,0.10471875876999559,0.10509294524849991,0.05103636290742894,-2.3430697671556056,2.371717506852794,-1.3249259604902246,1.1527187655621747,-18.480032,12.4904995
Cheshire East,E06000049,370127,357940,346264,2241,313,9122,3873,1341,461,1293,778,6060,2147,856,504,1125,1428,1402,664,511,227,852,338,514,181136,24551,35525,23592,18819,18711,16059,13650,11849,18380,181595,123065,47306,14247,3914,181136.0,2611,364,22226,711,1125,10925,29530,9329,9152,7359,7579,2799,14487,8691,6629,16972,22343,8304,2011,0.9670734639731767,0.016372758539636396,0.003787889021876275,0.010463975878549796,0.0023019125867607603,0.9355275351433426,0.006054678529261578,0.0008456556803475563,0.02464559462022495,0.001361694769633126,0.0030394972536453703,0.0058007116476236536,0.0023127196881070552,0.0038581351806271902,0.0017939788234849119,0.0013806071969891416,0.0006133030014022214,0.0034933955101897458,0.0012455184301604584,0.0036230807263452815,0.0021019812118543094,0.000913200063761898,0.0013887125229988626,0.49062889224509426,0.33249398179543777,0.1278101840719537,0.03849219322016497,0.010574748667349315,0.13553904248741278,0.19612335482731208,0.13024467803197598,0.1038943114565851,0.10329807437505521,0.08865714159526543,0.07535774224891793,0.06541493684303507,0.10147071813444042,0.014414583517357124,0.0020095397933044784,0.12270338309336631,0.003925227453405176,0.006210802932603127,0.0603137973677237,0.16302667608868474,0.05150273827400406,0.05052557194594117,0.040626932249801254,0.04184148926773253,0.01545247769631658,0.07997857963077466,0.04798052292200335,0.03659681123575656,0.09369755321968024,0.12334930659835704,0.04584400671318788,-2.9575289149943034,1.84717482856954,-2.0967619858849793,-0.48158398998159074,-21.410131,13.692133
Cheshire West and Chester,E06000050,329608,321025,312013,2337,213,6462,3050,889,411,1059,691,4097,1242,336,576,935,1008,908,586,196,126,528,199,329,160138,18672,29045,19767,16853,17003,14320,14739,11906,17833,159777,108967,42604,14259,4001,160138.0,1978,459,18485,845,1475,10220,27313,6779,9483,4993,7914,2127,11390,7504,7860,15373,18915,7025,2011,0.9739599766995947,0.012429916749593456,0.0027547875051576417,0.00925341617921895,0.0016019028664352806,0.9466184073202106,0.00709024052814252,0.0006462221790733235,0.01960510667216815,0.001747530399747579,0.0028367029926458097,0.003768112424455717,0.0010193927331860876,0.003058178199558263,0.001777869469187641,0.0005946457610252179,0.0003822722749447829,0.00321290745370258,0.0012469357539865538,0.002697143273221524,0.0020964296983082935,0.0006037474818572365,0.0009981553845780442,0.4847485497924808,0.33059573796752506,0.1292565714424407,0.043260479114584596,0.01213866168296886,0.11659943298904694,0.18137481422273288,0.12343728534139305,0.10524048008592589,0.10617717218898699,0.08942287277223394,0.09203936604678464,0.07434837452697049,0.11136020182592514,0.012351846532365835,0.002866277835366996,0.11543169016723076,0.005276698847244252,0.009210805680100914,0.06381995528856362,0.17055914273938727,0.04233223844434175,0.059217674755523364,0.03117935780389414,0.04941987535750415,0.013282294021406536,0.07112615369244027,0.04685958360913712,0.04908266620040215,0.09599845133572293,0.11811687419600594,0.04386841349336198,-3.769510669221906,1.5653795637172185,-1.1034346006324187,-0.9522527874774015,-22.288551,13.390636
Chesterfield,E07000034,103788,100172,98456,386,5,1325,1094,532,97,287,178,1592,487,334,141,367,263,782,433,271,78,148,60,88,47901,4381,6948,5135,5462,5743,5335,4553,4348,5996,43274,35622,16984,6204,1704,47901.0,112,173,5465,212,359,3674,8693,2680,2451,1511,994,462,2071,2014,2639,4443,7810,2138,2011,0.9651597487185416,0.015338960188075693,0.007534589740625121,0.010540717616680156,0.0014259837360773885,0.948626045400239,0.0037191197440937297,4.8175126218830694e-05,0.012766408447990134,0.0013585385593710255,0.003536054264462173,0.0046922572937141095,0.0032180984314178905,0.0025340116391104946,0.004171965930550738,0.0026110918410606238,0.0007515319690137588,0.0027652522449608816,0.0009345974486453155,0.005125833429683585,0.0017150344933903727,0.0005781015146259683,0.0008478822214514202,0.4169460823987359,0.3432188692334374,0.1636412687401241,0.059775696612325124,0.0164180830153775,0.09145946848708796,0.14504916390054487,0.10720026721780339,0.11402684703868395,0.11989311287864554,0.11137554539571198,0.09505020772008935,0.09077054758773304,0.12517483977369992,0.002338155779628818,0.003611615623890942,0.11408947621135258,0.00442579486858312,0.007494624329345943,0.07669986012818104,0.18147846600279743,0.05594872758397528,0.05116803407026993,0.0315442266340995,0.02075113254420576,0.009644892590968873,0.04323500553224358,0.042045051251539636,0.05509279555750402,0.09275380472223962,0.16304461284733096,0.04463372372184297,-5.40363291889534,-0.1473809564102217,1.6033929367080768,-1.4751024805573696,-35.254704,13.858164
Chichester,E07000225,113794,110322,105841,743,238,3500,1092,269,158,361,304,1617,470,36,131,339,641,518,319,129,70,245,102,143,53285,7586,9983,6957,5219,6862,5170,3711,2477,5320,54210,39771,14900,3822,1091,53285.0,1141,49,3830,148,248,4189,8098,1774,3424,2098,1633,1085,3869,2738,3262,5452,7101,3146,2011,0.9694887252403466,0.014209888043306326,0.004552085347206356,0.00959628802924583,0.002153013339894898,0.9301105506441465,0.006529342496089424,0.002091498673040758,0.030757333427069967,0.001151203051127476,0.002979067437650491,0.004130270488777967,0.0003163611438212911,0.0056329859219291,0.002803311246638663,0.0011336274320262931,0.0006151466685413993,0.0031723992477635026,0.0013884739089934442,0.0023639207691090918,0.0026714941033797917,0.0008963565741603248,0.001256656765734573,0.47638715573756085,0.34949997363657137,0.13093836230381214,0.033587008102360406,0.009587500219695238,0.14236651965844047,0.18735103687716995,0.1305620718776391,0.09794501266773013,0.1287792061555785,0.09702542929529887,0.06964436520596791,0.04648587782678052,0.09984048043539458,0.021413155672328047,0.0009195833724312658,0.07187763911044384,0.0027775171248944357,0.004654217884958243,0.07861499483907292,0.15197522754996715,0.03329267148353195,0.06425823402458478,0.03937318194613869,0.030646523411841983,0.020362203246692315,0.07260955240686873,0.05138406681054706,0.06121797879328141,0.1023177254386788,0.13326452097213098,0.059041005911607394,-3.1182452375630847,1.770750935614757,-2.609498982281654,0.5325438480264628,-19.216814,16.890535
Chorley,E07000118,107155,103833,101892,567,57,1317,1016,463,104,273,176,1710,612,525,105,236,232,401,115,240,46,195,113,82,53702,6224,9539,6868,6048,6398,5408,3985,3949,5283,51303,35705,14222,4623,1302,53702.0,478,44,5875,232,474,4488,8899,2126,2457,1515,1382,765,3058,2458,4053,5482,7561,2355,2011,0.9689981802062433,0.015958191404974103,0.003742242545844804,0.009481592086230227,0.0018197937567075732,0.9508842331202464,0.005291400307965097,0.0005319397134991368,0.012290607064532687,0.0009798889459194625,0.0022024170593999345,0.005711352713359152,0.0048994447295973124,0.002165087956698241,0.001073211702673697,0.0022397461621016285,0.0004292846810694788,0.0025477112593906026,0.000970556670244039,0.004320843637721059,0.0016424805188745275,0.0010545471513228502,0.0007652466053847231,0.47877373897624936,0.33320890299099437,0.13272362465587234,0.04314311044748262,0.012150622929401335,0.11589884920487133,0.17762839372835276,0.12789095378198204,0.11262150385460504,0.11913895199433913,0.10070388439909128,0.07420580239097241,0.07353543629659975,0.09837622434918625,0.00890097203083684,0.0008193363375665711,0.10940002234553647,0.004320137052623739,0.00882648690923988,0.08357230643179026,0.165710774272839,0.039588842128784774,0.0457524859409333,0.02821123980484898,0.025734609511750026,0.014245279505418793,0.05694387546087669,0.04577110722133254,0.07547204945812074,0.10208185914863506,0.14079550109865555,0.043853115340210795,-3.830546962105275,1.147301431953308,-1.3014755202302477,-0.5816631673469606,-24.584738,14.638531
City of London,E09000001,7375,5799,4243,180,3,1373,289,38,37,111,103,940,216,16,232,263,213,193,98,46,49,154,69,85,4747,845,1894,1097,335,114,128,109,52,173,4112,2374,643,190,56,4747.0,2,9,69,5,6,78,228,78,214,379,1067,65,1265,176,196,326,248,336,2011,0.7863050847457627,0.12745762711864406,0.02616949152542373,0.0391864406779661,0.020881355932203388,0.575322033898305,0.02440677966101695,0.00040677966101694915,0.18616949152542372,0.03145762711864407,0.035661016949152545,0.029288135593220337,0.002169491525423729,0.02888135593220339,0.013288135593220339,0.00623728813559322,0.006644067796610169,0.01505084745762712,0.0050169491525423725,0.0051525423728813555,0.013966101694915254,0.00935593220338983,0.01152542372881356,0.5575593220338984,0.32189830508474576,0.0871864406779661,0.02576271186440678,0.007593220338983051,0.1780071624183695,0.3989888350537181,0.23109332209816727,0.07057088687592164,0.02401516747419423,0.026964398567516326,0.02296187065515062,0.010954286918053507,0.03644406993890879,0.0004213187276174426,0.0018959342742784916,0.014535496102801769,0.0010532968190436064,0.0012639561828523278,0.01643143037708026,0.04803033494838846,0.01643143037708026,0.045081103855066355,0.07983989888350537,0.22477354118390563,0.013692858647566884,0.26648409521803246,0.03707604803033495,0.041289235306509374,0.06867495260164315,0.05224352222456288,0.07078154623973036,6.527821543184184,10.206279941703531,-6.109424832664395,-3.5826068083969553,-8.625547,-0.063777775
Colchester,E07000071,173074,159306,151453,1155,79,6619,3152,889,469,929,865,6355,1426,366,385,1690,2488,2575,1803,528,244,1686,978,708,85587,9612,14949,12398,9784,9461,8804,7301,4966,8312,84520,60279,20925,5692,1658,85587.0,542,89,5636,233,535,7077,13718,3721,4036,3019,4870,1247,4918,3818,6796,9735,11517,4080,2011,0.9204502120480257,0.03671839791072027,0.014878029051157309,0.01821186313368848,0.009741497856408241,0.8750765568485157,0.006673446040422016,0.00045645215341414655,0.038243757005673874,0.002224482013474005,0.009764609357846933,0.008239250262893329,0.0021147023816402233,0.01437535389486578,0.010417509273489953,0.003050718189907207,0.0014098015877601487,0.005367646209135976,0.0027098235436865156,0.005136531194749067,0.004997862186116921,0.005650762101759941,0.0040907357546483,0.4883460253995401,0.3482845488057132,0.12090204190115211,0.03288766654725724,0.009579717346337405,0.11230677556170914,0.17466437659924988,0.1448584481288046,0.11431642656010843,0.11054248892939349,0.1028660894762055,0.08530501127507682,0.05802283057006321,0.09711755289938892,0.006332737448444273,0.0010398775514973068,0.0658511222498744,0.0027223760617850843,0.006250949326416395,0.08268779137018473,0.1602813511397759,0.04347622886653347,0.04715669435778798,0.035274048628880554,0.05690116489653803,0.014569969738394849,0.057461997733300615,0.04460957855749121,0.07940458247163705,0.11374390970591328,0.13456482877072454,0.04767079112482036,-2.275786667701355,2.65252964321185,-1.2249686516386973,0.010593969128761363,-19.429039,11.095096
Conwy,W06000003,115228,112549,109911,840,65,1733,894,294,124,275,201,1252,317,101,134,376,324,199,114,54,31,334,200,134,50093,5822,7811,5255,4847,7239,6107,4456,3048,5508,52335,36977,17874,6237,1805,50093.0,1041,132,2453,297,380,4105,8505,1849,4945,949,928,729,2315,1866,3560,5132,8368,2539,2011,0.9767504426007567,0.010865414656159962,0.0017270107959870865,0.007758530912625404,0.0028986010344707884,0.9538567014961641,0.007289894817231923,0.0005640990037143749,0.015039747283646336,0.0011629117922727114,0.0032630957753323844,0.002751067448883952,0.0008765230673100288,0.0028118165723608844,0.000989342868052904,0.00046863609539348074,0.00026903183254070194,0.0023865727080223556,0.0010761273301628078,0.002551463186031173,0.0017443676884090673,0.0017356892421980768,0.0011629117922727114,0.45418648245218174,0.3209029055437914,0.15511854757524213,0.05412746901794702,0.015664595410837645,0.11622382368794043,0.1559299702553251,0.10490487692891222,0.09676002635098717,0.14451120915097918,0.12191324137104985,0.08895454454714231,0.060846824905675445,0.1099554828019883,0.020781346695147026,0.0026350987163875194,0.048968917812868065,0.005928972111871918,0.007585890244145889,0.08194757750583914,0.1697842013854231,0.03691134489848881,0.09871638751921426,0.01894476274130118,0.0185255424909668,0.014552931547321981,0.046214041882099294,0.03725071367256902,0.07106781386620885,0.10244944403409659,0.16704928832371788,0.05068572455233266,-5.010764888081937,0.38269170707016037,0.1803052204634059,-2.1973847545578993,-31.200974,22.360716
Cornwall,E06000052,532273,522848,509628,2046,635,10539,4400,1248,490,1553,1109,3434,837,107,280,1004,1206,762,292,368,102,829,189,640,244527,27985,33767,25455,23320,41511,25798,20094,17369,29228,240759,178805,79181,25907,7621,244527.0,7351,1598,19279,868,1862,21957,41126,9146,22376,4244,3728,3462,11558,10635,15518,23774,33071,12974,2011,0.9822929211137894,0.0064515765406098,0.001431596192179577,0.00826643470549887,0.0015574714479224007,0.957456042294086,0.0038438921380569745,0.0011929968268163142,0.019799989854830134,0.0005260458448953827,0.001886250100982015,0.0015725013292051259,0.0002010246621564498,0.0022657546033708264,0.0005485906668194705,0.00069137453900536,0.00019163098635474653,0.002917675704009033,0.0009205802285669196,0.002344661480105134,0.0020835172928177835,0.0003550809453043833,0.0012023905026180175,0.4523223984684551,0.33592724034471033,0.1487601287309332,0.04867239179894528,0.014317840656956111,0.11444543956291126,0.1380910901454645,0.10409893386006454,0.09536779169580456,0.1697603945576562,0.10550164194547024,0.08217497454268853,0.07103101089041292,0.11952872279952725,0.030062119929496537,0.006535065657371169,0.07884200926687032,0.003549710256945041,0.007614701035059523,0.08979376510569385,0.16818592629852736,0.03740282259218818,0.09150727731497953,0.01735595660192944,0.015245760181902202,0.01415794574832227,0.04726676399743178,0.04349212970346833,0.06346129466275707,0.09722443738319286,0.13524477869519522,0.05305753556866931,-5.432587709676139,0.2688250073675108,-0.2780984388356654,-1.0246055720754976,-29.44051,21.60517
Cotswold,E07000079,82881,81075,78284,503,87,2201,698,167,86,274,171,794,218,16,38,223,299,229,136,47,46,85,4,81,41529,6485,7175,5150,4166,5868,3722,2724,2109,4130,40433,29067,10220,2498,663,41529.0,1316,142,3445,281,271,3335,6550,1272,3028,1836,1462,807,3531,1968,1854,4024,3850,2557,2011,0.9782097223730408,0.00958000024130983,0.002762997550705228,0.008421713058481438,0.0010255667764626393,0.9445349356306029,0.006068942218361265,0.0010496977594382307,0.026556146764638456,0.0004584886765362387,0.0026906046017784535,0.0026302771443394747,0.0001930478638047321,0.003607581954850931,0.0016409068423402227,0.0005670780999264005,0.0005550126084386047,0.003305944667656037,0.001037632267950435,0.002014937078461891,0.0020631990444130743,4.8261965951183025e-05,0.0009773048105114561,0.48784401732604576,0.35070764107575925,0.12330932300527261,0.0301395977365138,0.007999420856408587,0.15615593922319343,0.17277083483830577,0.12400972814178045,0.1003154422210985,0.14129885140504225,0.08962411808615667,0.06559271834139999,0.05078378964097378,0.09944857810204917,0.03168869946302584,0.003419297358472393,0.08295408028124925,0.006766356040357341,0.006525560451732524,0.08030532880637627,0.15772111054925475,0.030629198873076646,0.0729129042355944,0.04421007007151629,0.035204315056948154,0.019432204002022682,0.08502492234342267,0.047388571841363865,0.04464350213104096,0.09689614486262611,0.09270630162055431,0.06157143201136555,-3.56270138383138,2.0655002875154405,-3.2414394727896996,0.6239492011721123,-21.587227,18.820215
County Durham,E06000047,513242,503769,495664,1229,467,6409,3094,969,321,1093,711,4856,1368,463,241,1598,1186,701,447,158,96,822,459,363,227894,20169,33042,24335,25774,28753,23446,21042,23243,28090,217373,171564,82404,32568,9333,227894.0,2124,922,29983,2417,2197,18824,33261,10272,12257,4564,5063,2699,8789,9165,19738,23836,31923,9860,2011,0.9815428199562779,0.009461423655897219,0.0013658274264382105,0.006028345302995468,0.0016015836583911684,0.9657510492126521,0.0023945818931420267,0.0009099021514217464,0.012487286699062041,0.00046956406529473425,0.003113540980667989,0.002665409300096251,0.0009021085569770206,0.0023108007528612235,0.000870934179198117,0.00030784698056667226,0.00018704626667342112,0.0021295996820213468,0.0006254359541892518,0.0018879982542348444,0.0013853114125500251,0.0008943149625322948,0.0007072686958588736,0.4235292513083497,0.3342750593287377,0.16055583915579785,0.06345544596895811,0.01818440423815666,0.08850167182988583,0.14498845954698236,0.1067821004502093,0.11309643957278384,0.12616830631784953,0.10288116404995305,0.09233240015094737,0.10199039904517013,0.12325905903621859,0.009320122513098194,0.004045740563595356,0.13156555240594311,0.010605807963351383,0.009640446874424074,0.08259980517258024,0.14594943263096,0.045073586843005956,0.05378377666810008,0.02002685459029198,0.0222164690601771,0.011843225359158206,0.03856617550264597,0.04021606536372173,0.08661044169657824,0.10459248598032418,0.1400782820083021,0.04326572880374209,-6.156585569807496,-0.11918665638682888,1.3405897176734412,-1.903539646403978,-36.66361,14.07886
Coventry,E08000026,316960,234029,211188,7305,151,15385,8230,3672,943,2388,1227,51598,27751,9510,2951,3728,7658,17764,12836,3317,1611,5339,2020,3319,137560,10323,22093,14801,16137,14037,13502,13239,11964,21464,145948,109815,42006,14765,4426,137560.0,259,69,15880,1045,1114,7444,24019,8959,7793,4486,5181,1734,6226,7161,6330,16370,17195,6295,2011,0.7383549974760222,0.16279025744573447,0.05604492680464412,0.02596542150429076,0.01684439676930843,0.6662922766279656,0.023047072185764766,0.00047640080767289247,0.048539247854618876,0.009310323069156991,0.01176173649671883,0.08755363452801615,0.030003785966683492,0.02416077738515901,0.0404972236244321,0.010465042907622414,0.005082660272589601,0.007534073700151439,0.002975138818778395,0.011585058051489147,0.003871150933871782,0.006373043917213528,0.010471352852094901,0.46046188793538617,0.3464632761231701,0.13252776375567896,0.0465831650681474,0.013963907117617365,0.07504361733061937,0.1606062808956092,0.10759668508287293,0.11730881070078511,0.10204274498400698,0.09815353300378017,0.09624164001163128,0.086972957255016,0.15603373073567897,0.0018828147717359698,0.0005015993021227101,0.1154405350392556,0.007596685082872928,0.008098284384995639,0.054114568188426866,0.1746074440244257,0.0651279441698168,0.05665164291945333,0.03261122419307939,0.03766356498982262,0.012605408548996801,0.04526025007269555,0.05205728409421343,0.04601628380343123,0.11900261703983717,0.125,0.04576184937481826,-2.1678487138464204,3.387665063935507,3.3688398985233863,0.6958854841827983,-27.552229,4.0649347
Crawley,E07000226,106597,85180,76888,967,77,7248,3098,806,615,883,794,13825,5530,4548,427,496,2824,3469,2164,465,840,1025,424,601,55466,5035,6807,6653,6853,5203,6665,5886,4384,7980,50751,38279,12856,3679,1032,55466.0,50,92,3625,507,271,3452,9421,8601,4453,2099,2803,459,2471,4344,2438,3337,4996,2047,2011,0.7990844020000563,0.12969408144694503,0.03254312973160595,0.029062731596574014,0.00961565522481871,0.7212960965130351,0.0090715498559997,0.0007223467827424787,0.06799440884827904,0.004005741249753746,0.004653039016107395,0.05187763257877801,0.04266536581704926,0.026492302785256622,0.02030075893317823,0.004362224077600683,0.00788014672082704,0.008283535183916996,0.005769393134891226,0.007561188401174517,0.007448614876591274,0.003977597868607935,0.005638057356210775,0.47610157884368226,0.35910016229349795,0.12060376933684813,0.034513166411812714,0.009681323114158934,0.09077633144629142,0.12272383081527422,0.11994735513648,0.12355316770634263,0.09380521400497602,0.12016370389067177,0.10611906393105687,0.0790394115313886,0.1438719215375185,0.0009014531424656546,0.0016586737821368046,0.06535535282875995,0.009140734864601738,0.004885876032163848,0.062236324955828794,0.16985180110337864,0.1550679695669419,0.0802834168679912,0.037843002920708184,0.0505354631666246,0.00827533984783471,0.04454981430065265,0.07831824901741608,0.04395485522662532,0.06016298272815779,0.0900731979951682,0.0369054916525439,-2.6673324331311723,3.3860270907972843,2.4271397281522202,2.162709056805513,-24.898676,5.314518
Croydon,E09000008,363378,200195,171740,5369,234,22852,23895,9650,3279,5140,5826,59627,24660,10865,2570,3925,17607,73256,28981,31320,12955,6405,1701,4704,172987,17832,33894,23715,25436,16524,16350,15062,9045,15129,174584,128634,43473,12734,3953,172987.0,76,160,5491,442,701,13275,25177,9768,8275,9257,12402,3191,13384,9786,13611,16850,22278,8863,2011,0.5509276841195669,0.1640908365393612,0.20159723483535053,0.0657579710384228,0.017626273467298517,0.4726207970763227,0.014775247813571542,0.0006439575318263626,0.06288768169784632,0.007072525029033128,0.010801424412044758,0.06786321681554745,0.02989999394569842,0.04845367633703747,0.07975441551222143,0.08619123887522084,0.03565158044790824,0.014145050058066256,0.009023661311361722,0.02655636829967692,0.0160328913693179,0.0046810759044300975,0.012945197562868419,0.48044735784775083,0.35399501345706125,0.11963575120122848,0.035043398334516675,0.010878479159442784,0.10308289062183863,0.1959337984935284,0.13709122650835034,0.1470399509789753,0.09552162879291508,0.09451577286154451,0.08707012665691642,0.052287166087625084,0.08745743899830623,0.0004393393723227757,0.0009249249943637383,0.031742269650320544,0.0025551052969298273,0.004052327631556128,0.07673987062611641,0.145542728644349,0.05646667090590622,0.04783596455224959,0.05351269170515704,0.07169324862561927,0.018446472856341805,0.07736997577852671,0.05657072496777214,0.07868221311428027,0.09740616346893119,0.128784243902721,0.05123506390653633,2.237954617085521,7.863224278179046,4.2149407864581345,2.291779002999744,-13.045741,-3.7653983
Cumberland,E06000063,274549,270356,264953,836,225,4342,1300,403,167,450,280,2354,491,222,341,624,676,304,202,60,42,235,66,169,132841,12451,17480,12891,13337,20343,12897,11704,14778,16960,122809,94729,39756,13486,3769,132841.0,3623,290,19257,2057,2201,11802,21024,6352,9644,1949,1816,1548,5641,5070,8069,10389,16419,5690,2011,0.9847276806690245,0.008574061460795705,0.0011072704690237444,0.00473503818990417,0.0008559492112519076,0.9650481334843689,0.003044993789815297,0.0008195258405603371,0.01581502755427993,0.0012420369405825554,0.0022728183311540016,0.0017883875009561134,0.000808598829352866,0.0024622198587501685,0.0007357520879697249,0.00021854022414942323,0.00015297815690459626,0.0016390516811206743,0.000608270290549228,0.0014678618388702927,0.001019854379363975,0.00024039424656436555,0.0006155549646875421,0.44731177312610865,0.3450349482241786,0.14480475252140784,0.04912055771465203,0.013727968413652937,0.09372859282902116,0.13158588086509437,0.09704082323981301,0.10039822042893384,0.15313796192440587,0.09708599001814198,0.08810532892706319,0.11124577502427714,0.12767142674324944,0.02727320631431561,0.002183060952567355,0.14496277504686053,0.015484677170451894,0.016568679850347406,0.08884305297310319,0.15826439126474506,0.047816562657613235,0.0725980683674468,0.014671675160530258,0.01367047824090454,0.011653028808876777,0.04246429942562913,0.0381659276879879,0.06074178905608961,0.07820627667662845,0.12359888889725311,0.04283316144864914,-6.4206080933619845,0.12908428030621738,0.5106058486003887,-0.1251565524050154,-30.633438,16.412815
Dacorum,E07000096,144847,131537,124537,1821,231,4948,3075,983,393,978,721,6770,2347,2007,287,784,1345,2990,1982,740,268,475,165,310,73437,9630,13742,11076,8780,7816,6262,5537,3843,6751,72910,49326,16778,4576,1257,73437.0,271,65,4821,220,393,6218,12673,3836,3273,5042,2963,1013,6329,4051,3725,7255,7229,4060,2011,0.9081099366918196,0.046738972847211194,0.02064247102114645,0.02122929712040981,0.003279322319412898,0.8597830814583665,0.012571886197159762,0.0015947862227039566,0.03416018281358951,0.0019814010645715823,0.005412607786146762,0.016203304176130674,0.013855999779077234,0.009285660041284942,0.013683403867529186,0.005108838981822198,0.0018502281717950664,0.006751952059759608,0.002713207729535303,0.006786471242069218,0.004977666089045683,0.001139133016217112,0.002140189303195786,0.503358716438725,0.3405386373207591,0.11583256815812547,0.03159195564975457,0.008678122432635816,0.13113280771273336,0.18712638043493063,0.15082315454062667,0.11955826082220135,0.10643136293693914,0.08527036779824884,0.07539796015632447,0.052330569059193595,0.09192913653880197,0.0036902378909813853,0.0008851124092759781,0.06564810654029984,0.0029957650775494643,0.005351525797622452,0.08467121478273895,0.172569685580838,0.052235249261271564,0.04456881408554271,0.06865748873183818,0.04034750874899574,0.013794136470716397,0.08618271443550254,0.055162928768876726,0.05072374960850797,0.09879216198918801,0.09843811702547763,0.05528548279477648,-1.5337316945322241,3.460145714416746,-2.269310683135623,0.7474024990398773,-13.6598015,8.068835
Darlington,E06000005,105564,101595,98898,328,350,2019,1146,463,97,350,236,2205,726,145,523,349,462,357,206,105,46,261,112,149,49014,4639,7447,5741,5886,5808,4832,5461,3562,5638,47046,37199,15116,4763,1440,49014.0,303,117,4900,185,295,3743,8107,2525,2698,2165,1880,500,2225,2086,3808,4211,7259,2007,2011,0.9624019552120041,0.020887802659997727,0.0033818347163805844,0.010855973627372967,0.002472433784244629,0.9368534727748096,0.0031071198514645145,0.003315524231745671,0.019125838353984313,0.004954340494865674,0.0033060513053692546,0.006877344549278163,0.0013735743245803494,0.004376491985904286,0.0019514228335417378,0.0009946572695237012,0.0004357546133151453,0.003315524231745671,0.0009188738585123716,0.0043859649122807015,0.0022356106248342237,0.0010609677541586146,0.001411466030086014,0.44566329430487667,0.35238338827630633,0.14319275510590732,0.045119548330870375,0.013641013982039332,0.09464642755131188,0.1519361814991635,0.11712979964907985,0.12008813808299669,0.1184967560288897,0.09858407801852533,0.1114171461215163,0.0726731138042192,0.11502835924429755,0.006181907210184845,0.0023870730811604846,0.09997143673236218,0.003774431794997348,0.006018688537968744,0.0763659362631085,0.16540172195699188,0.051515893418207045,0.05504549720488024,0.04417105316848247,0.038356387970783855,0.010201167013506346,0.045395193210103234,0.04255926878034847,0.07769208797486432,0.08591422858775044,0.14810054270208511,0.04094748439221447,-4.634793293302404,0.6520154235036264,0.12105938948441151,0.5243989101143779,-17.46051,21.062183
Dartford,E07000107,97365,85070,80466,767,244,3593,2161,620,346,693,502,5799,2670,179,431,538,1981,3578,2814,497,267,757,179,578,49611,5124,7220,6153,7269,6242,4415,4526,3710,4952,47273,33941,11837,3314,1000,49611.0,106,44,3202,252,518,5337,8721,3285,2084,1747,2922,733,3005,2515,3041,4041,5852,2206,2011,0.873722590253171,0.05955938992451086,0.03674831818415242,0.022194833872541467,0.007774867765624197,0.8264366045293483,0.007877574076927027,0.002506033995789041,0.03690237765110666,0.004426642017151954,0.00552559954809223,0.027422585117855492,0.0018384429723206492,0.020346120269090537,0.028901556000616238,0.005104503671750629,0.0027422585117855493,0.007117547373286089,0.003553638371077903,0.006367791300775433,0.005155856827402044,0.0018384429723206492,0.005936424793303549,0.48552354542186615,0.3485954911929338,0.12157346068915935,0.034036871565757715,0.010270631130282955,0.10328354598778497,0.14553224083368607,0.12402491382959424,0.1465199250166294,0.12581887081494023,0.08899236056519723,0.09122976759186471,0.07478180242284978,0.09981657293745338,0.002136622926367136,0.0008869000826429623,0.06454213783233557,0.005079518655136965,0.010441232791114873,0.1075769486605793,0.17578762774384712,0.06621515389732116,0.042006813005180305,0.03521396464493762,0.05889822821551672,0.014774949104029348,0.060571244280502305,0.05069440245106932,0.061296889802664734,0.08145370986273205,0.11795771099151398,0.04446594505250852,-2.8784869877671584,3.0588279430099967,-0.3191838927775642,1.8352499915447265,-21.237673,7.2278
Denbighshire,W06000004,93734,91254,89581,533,34,1106,751,251,80,269,151,1430,240,157,111,346,576,161,104,35,22,138,39,99,41156,4081,6640,4139,4002,6008,5455,3091,3030,4710,43690,29420,13770,5341,1513,41156.0,962,69,3737,239,288,3482,5936,1592,2849,714,751,580,1694,1520,2733,4104,7850,2056,2011,0.9735421511938037,0.015255937013250261,0.0017176264749183862,0.00801203405381185,0.0014722512642157595,0.9556937717370432,0.0056863037958478245,0.0003627285723430132,0.011799347088569783,0.0011842021038257196,0.003691296647961252,0.002560436981244799,0.0016749525252309728,0.006145048754987518,0.0011095226918727463,0.00037339705976486653,0.00023470672328077324,0.0028698231164785456,0.0008534789937482664,0.0026777903428851857,0.0016109416006998528,0.00041607100945227984,0.0010561802547634797,0.46610621546077197,0.313866899950925,0.14690507179892034,0.05698039132011863,0.01614142146926409,0.0991592963358927,0.16133735056856838,0.10056856837399164,0.0972397706288269,0.14598114491204198,0.1325444649625814,0.07510448051316941,0.07362231509378948,0.11444260861113811,0.023374477597434152,0.0016765477694625328,0.09080085528234036,0.005807172708718048,0.00699776460297405,0.08460491787345709,0.14423170376129849,0.038682087666439886,0.06922441442317037,0.017348624744873167,0.018247643114005247,0.014092720380989406,0.0411604626299932,0.036932646515696374,0.0664058703469725,0.09971814559238021,0.1907376810185635,0.049956263971231415,-4.959134952170959,0.07129916255169615,0.39463944104607585,-2.2687413966149523,-31.373848,22.458233
Derby,E06000015,248752,199751,187386,2319,295,9751,7232,3916,533,1772,1011,31095,10907,14620,658,1292,3618,7320,3156,3405,759,3354,861,2493,112422,9700,18421,12570,11887,12221,11246,10570,10860,14947,111837,87060,35193,11413,3249,112422.0,191,104,17788,725,1042,7190,18075,6550,6715,3018,2568,1335,5287,5205,4832,10795,16376,4626,2011,0.803012639094359,0.12500402006818034,0.029426899080208402,0.029073133080337044,0.01348330867691516,0.7533044960442529,0.00932253811024635,0.00118592011320512,0.03919968482665466,0.002645204862674471,0.00519392808902039,0.04384688364314659,0.05877339679680967,0.014544606676529234,0.012687335177204606,0.013688332154113334,0.003051231748890461,0.007123560815591432,0.0021426963401299285,0.015742586994275422,0.004064288930340259,0.0034612787032868076,0.010022029973628353,0.44959236508651185,0.34998713578182283,0.14147825947128062,0.0458810381424069,0.013061201517977745,0.08628204443970042,0.16385582893028056,0.11181085552649837,0.10573553219120813,0.10870648093789471,0.10003380121328566,0.09402074327089004,0.09660030954795325,0.13295440394228888,0.0016989557204105958,0.0009250858372916333,0.15822525840138052,0.006448915692658021,0.009268648485171942,0.06395545355891195,0.16077813951006031,0.05826261763711729,0.059730301898204975,0.026845279393712975,0.0228425041362011,0.011874899930618563,0.04702816174770063,0.04629876714522069,0.042980911209549735,0.09602213089964598,0.14566543914892102,0.04114852964722207,-3.013495991817709,1.9430345135891192,2.528336931216104,1.0072093622547291,-29.558922,4.456279
Derbyshire Dales,E07000035,71116,70117,68835,321,15,946,466,130,58,173,105,398,97,84,4,95,118,87,33,36,18,48,10,38,35005,4903,6705,3542,3354,5284,2843,2024,2575,3775,33487,24683,9718,2475,753,35005.0,1224,397,3957,117,358,2966,4830,1384,2591,904,553,555,2272,1270,1790,3892,3971,1974,2011,0.9859525282636818,0.005596490241295911,0.0012233533944541312,0.006552674503627875,0.0006749535969402103,0.9679256426120704,0.004513752179537657,0.00021092299904381574,0.01330221047302998,5.6246133078350866e-05,0.001335845660610833,0.0013639687271500085,0.0011811687946453682,0.0016592609258113504,0.0004640305978963946,0.0005062151977051578,0.0002531075988525789,0.002432645255638675,0.0008155689296360875,0.001827999325046403,0.00147646099330671,0.00014061533269587716,0.0005343382642443332,0.4708785645986838,0.34708082569323356,0.13664998031385342,0.034802294842229596,0.01058833455199955,0.1400657048993001,0.19154406513355235,0.10118554492215398,0.09581488358805886,0.15094986430509927,0.08121696900442794,0.05782031138408799,0.0735609198685902,0.10784173689472933,0.03496643336666191,0.011341236966147692,0.11304099414369376,0.0033423796600485643,0.010227110412798172,0.0847307527496072,0.13798028853020997,0.03953720897014712,0.07401799742893872,0.025824882159691472,0.01579774317954578,0.015854877874589345,0.06490501356949008,0.0362805313526639,0.051135552063990855,0.11118411655477789,0.11344093700899871,0.05639194400799886,-4.802007672517074,1.3374392654622818,-2.3781385430141357,-0.5445135179264717,-33.164562,20.406847
Doncaster,E08000017,302402,288066,277740,1183,587,8556,3321,1413,440,877,591,7614,1865,2728,117,1121,1783,2337,1309,778,250,1064,231,833,133815,12078,15111,13199,13530,17283,13875,13922,14079,20738,131738,102983,45748,16982,4951,133815.0,712,762,14254,977,1282,13018,26026,9277,6686,2874,3253,1099,4422,6512,7818,11407,17837,5599,2011,0.9525929061315732,0.025178404904729466,0.007728123491246751,0.010982070224403277,0.0035184952480473014,0.9184463065720465,0.003912011163947329,0.0019411247280110581,0.028293463667568335,0.00038690220302775775,0.003706986064906978,0.006167287253391181,0.009021104357775412,0.005896125025628137,0.004328675074900298,0.002572734307312782,0.0008267141090336704,0.002900113094490116,0.00145501683189926,0.004672588144258305,0.0019543521537555967,0.0007638838367471114,0.0027546114113001898,0.4356386531835107,0.3405499963624579,0.15128206824028942,0.056157035998439166,0.01637224621530281,0.09025893958076449,0.11292456002690282,0.0986361768112693,0.10110974106041924,0.12915592422374172,0.10368792736240331,0.10403915853977506,0.10521242013227217,0.1549751522624519,0.005320778686993237,0.005694428875686582,0.10652019579269888,0.007301124687067967,0.009580390838097374,0.09728356312819939,0.1944923962186601,0.06932705601016328,0.04996450323207413,0.021477412846093488,0.024309681276389043,0.00821283114747973,0.033045622688039455,0.04866420057542129,0.05842394350409147,0.08524455404849979,0.133295968314464,0.04184134812988081,-5.692746014146164,0.0624627232937983,2.152465894177925,-0.5869263495573396,-35.696472,15.34132
Dorset,E06000059,365153,357726,348936,1676,507,6607,2895,842,362,1017,674,3338,640,146,481,764,1307,841,468,268,105,353,101,252,170602,20731,26624,20784,18098,25996,17170,12555,10465,18179,164150,131050,51990,14040,3923,170602.0,4217,393,15848,525,1316,15097,26079,5688,10732,4118,4605,2883,9181,7001,14855,17145,21634,9285,2011,0.9796605806333236,0.009141373615991105,0.002303144161488472,0.007928183528548308,0.0009667180606485501,0.955588479349752,0.004589856854523994,0.0013884590842742632,0.018093785344773287,0.0013172560543114804,0.0020922736496756154,0.0017526899683146518,0.0003998323990217799,0.003579321544667578,0.001281654539330089,0.0007339389242317604,0.00028755069792662255,0.002785133902775001,0.0009913652633279748,0.0023058827395639634,0.0018458016228813676,0.00027659638562465595,0.0006901216750238941,0.44953759109195324,0.35889065679317983,0.14237867414481054,0.03844963617990267,0.010743441790153716,0.12151674657975874,0.15605913178040118,0.1218274111675127,0.10608316432398214,0.15237804949531658,0.10064360324029027,0.07359233772171486,0.06134160209141745,0.1065579535996061,0.024718350312423067,0.002303607226175543,0.0928945733344275,0.0030773378975627484,0.007713860329890623,0.08849251474191393,0.15286456196293127,0.03334075802159412,0.06290664822217794,0.024138052308882663,0.026992649558621823,0.016898981254616006,0.05381531283337827,0.04103703356349867,0.08707400851103739,0.10049706334040633,0.12680976776356667,0.054424918816895464,-4.593817868246841,0.7775001083688303,-1.573243228979543,0.5971346455199109,-25.570448,19.940788
Dover,E07000108,111674,107966,103848,572,234,3312,1029,281,133,360,255,2031,397,40,151,274,1169,386,265,85,36,262,65,197,50396,4949,7228,5911,5596,6197,6463,4347,3970,5735,48433,39477,16745,5538,1481,50396.0,641,42,2951,211,328,4241,7241,5014,2718,826,1209,504,2714,2565,4444,5202,7179,2366,2011,0.9667962103981231,0.018186865340186615,0.0034564894245751026,0.009214320253595287,0.002346114583519888,0.9299210201121121,0.005122051686157924,0.0020953847807009688,0.029657753819152175,0.0013521500080591721,0.002453570213299425,0.003554990418539678,0.0003581854325984562,0.010467969267689883,0.0023729784909647723,0.0007611440442717195,0.0003223668893386106,0.003223668893386106,0.001190966563389867,0.002516252664004155,0.0022834321328151583,0.0005820513279724914,0.0017640632555473968,0.43369987642602575,0.3535021580672314,0.14994537672152874,0.049590773143256266,0.01326181564195784,0.0982022382728788,0.14342408127629178,0.11729105484562267,0.11104055877450592,0.12296610842130327,0.12824430510357965,0.08625684578141123,0.07877609334074133,0.11379871418366537,0.012719263433605842,0.0008333994761489007,0.05855623462179538,0.004186840225414715,0.00650845305182951,0.08415350424636876,0.1436820382570045,0.09949202317644258,0.053932851813636,0.016390189697595047,0.023989999206286212,0.010000793713786808,0.05385348043495516,0.050896896579093576,0.08818160171442178,0.10322247797444242,0.1424517818874514,0.04694817048972141,-4.935719449737802,0.3852972118917235,0.4022956403413276,0.28820460937913434,-21.292341,24.241354
Dudley,E08000027,312925,281607,277050,1170,352,3035,5758,3477,250,1277,754,18942,5737,10339,397,876,1593,4671,1402,2658,611,1947,1259,688,141998,13478,19883,15304,18440,19393,13555,13294,13375,15276,132825,111905,47828,15918,4449,141998.0,137,63,19978,1563,1260,12996,25433,6283,5930,3387,4348,1716,6354,6094,8696,14033,17966,5761,2011,0.8999185108252776,0.060532076376128466,0.014926899416793161,0.018400575217703923,0.006221938164096828,0.8853559159543022,0.0037389150754973234,0.0011248701765598785,0.009698809618918272,0.0012686746025405448,0.0027993928257569706,0.01833346648557961,0.03303986578253575,0.0050906766797155865,0.004480306782775425,0.008494048094591356,0.0019525445394263802,0.004080850043940242,0.0007989134776703683,0.011111288647439483,0.0024095230486538308,0.004023328273547975,0.0021986098905488537,0.42446273068626666,0.3576096508748103,0.1528417352400735,0.050868418950227694,0.014217464248621874,0.09491682981450443,0.14002309891688616,0.10777616586149101,0.12986098395752052,0.13657234608938154,0.0954590909731123,0.0936210369160129,0.09419146748545754,0.1075789799856336,0.0009648023211594529,0.0004436682206791645,0.1406921224242595,0.011007197284468796,0.008873364413583289,0.09152241580867336,0.17910815645290779,0.04424710207186017,0.041761151565515006,0.023852448626036988,0.030620149579571543,0.012084677248975337,0.044747109114212875,0.042916097409822676,0.061240299159143086,0.09882533556810659,0.126522908773363,0.04057099395766137,-4.897345879853272,0.7041330248519003,1.3478916636660092,0.736978370511252,-29.890099,9.340913
Ealing,E09000009,338449,165818,103035,10428,300,52055,15066,3939,1989,4653,4485,100439,48240,14711,1786,4132,31570,36860,17299,13192,6369,20266,9804,10462,164820,17905,34624,23416,17687,16331,12293,13026,10132,19406,166385,116712,38421,12817,4114,164820.0,70,276,7753,357,667,13053,23686,12046,11110,13812,6724,2921,14572,11178,6238,14891,16071,9395,2011,0.48993496804540715,0.29676258461393,0.10890858002239628,0.044514830890326165,0.0598790364279404,0.30443286876309283,0.030811141412738698,0.0008863964733238981,0.15380456139625173,0.005277013671188274,0.012208634092581157,0.1425325529104828,0.04346592839689289,0.09327845554278488,0.05111257530676704,0.03897780758696288,0.018818197128666357,0.01374800930125366,0.005876808618137445,0.011638385694742782,0.013251627276192278,0.02896743674822499,0.030911599679715407,0.4916102573799893,0.3448436839819293,0.11352079633859163,0.037869811995308006,0.012155450304181723,0.1086336609634753,0.21007159325324595,0.14207013711928165,0.10731100594588036,0.0990838490474457,0.07458439509768232,0.07903167091372407,0.061473122193908505,0.11774056546535615,0.00042470573959470936,0.0016745540589734255,0.04703919427253974,0.002165999271933018,0.004046838975852445,0.07919548598471059,0.14370828782914694,0.07308579055939814,0.06740686809853173,0.08380050964688751,0.04079601990049751,0.01772236379080209,0.0884116005339158,0.06781943938842373,0.03784734862273996,0.0903470452614974,0.09750637058609392,0.05700157747846135,3.2535617326682322,8.53804540064429,3.8931372085909626,1.4987191936321351,-14.395821,-1.1160473
East Cambridgeshire,E07000009,83818,80673,75218,527,239,4689,1182,230,185,370,397,1215,316,103,80,290,426,506,288,95,123,242,66,176,43919,5462,8086,5175,4903,5721,4398,2977,3311,3886,40874,29487,10131,2614,712,43919.0,1465,33,4609,117,386,4055,6478,1956,1487,1945,939,581,3848,1675,1862,4957,4681,2845,2011,0.9624782266338973,0.014495693049225704,0.006036889450953256,0.014101982867641796,0.002887207998281992,0.897396740556921,0.006287432293779379,0.0028514161635925456,0.05594263761960438,0.0009544489250518981,0.003459877353313131,0.0037700732539549977,0.0012288529910043189,0.005082440525901358,0.003436016130186833,0.001133408098499129,0.0014674652222672934,0.004414326278365029,0.0022071631391825143,0.002744040659524207,0.004736452790570045,0.000787420363167816,0.0020997876351141758,0.48765181703214106,0.3517979431625665,0.12086902574625975,0.03118661862607077,0.008494595432961894,0.12436530886404518,0.18411166010155058,0.11783055169744303,0.11163733236184795,0.13026252874610078,0.10013889205127621,0.06778387486053872,0.07538878389762972,0.08848106741956784,0.03335686149502493,0.0007513832282155787,0.10494319087410915,0.0026639950818552337,0.00878890685124889,0.09232906031558095,0.1474988046175915,0.04453653316332339,0.033857783647168654,0.04428607208725153,0.021380268221043285,0.013228898654340945,0.08761583824768324,0.038138391129124066,0.04239622942234568,0.11286686855347344,0.10658257246294314,0.0647783419476764,-3.0364196369924836,1.8747610955161849,-2.3810664841579463,1.526492577973016,-17.715519,17.15855
East Devon,E07000040,132457,130347,127442,593,90,2222,904,238,89,358,219,930,220,6,71,210,423,146,68,61,17,130,35,95,59908,7280,9181,7317,6136,9190,6415,4822,3176,6391,58004,47716,19960,5285,1492,59908.0,1836,73,3799,508,514,5107,9766,2362,4342,1470,1410,876,3712,2527,4523,5613,8228,3242,2011,0.9840703020602912,0.007021146485274466,0.001102244501989325,0.006824856368481847,0.0009814505839630975,0.9621386563186544,0.004476924586847052,0.000679465788897529,0.016775255365892326,0.000536023011241384,0.0015854201740942344,0.0016609163728606264,4.529771925983527e-05,0.0031934892078183865,0.0005133741516114664,0.0004605268124749919,0.0001283435379028666,0.0027027639158368377,0.0006719161690208898,0.0017968095306401322,0.0016533667529839873,0.0002642366956823724,0.0007172138882807251,0.43790815132458083,0.3602376620337166,0.15069041273771866,0.03989974104803823,0.011264032855945703,0.12151966348400882,0.15325165253388529,0.12213727715830941,0.10242371636509315,0.15340188288709355,0.10708085731454897,0.08049008479668826,0.053014622421045605,0.10668024303932697,0.03064699205448354,0.0012185350871336048,0.0634139013153502,0.008479668825532484,0.008579822394337985,0.08524737931494959,0.1630166254924217,0.03942712158643253,0.07247779929224811,0.024537624357347933,0.023536088669292916,0.014622421045603259,0.061961674567670426,0.04218134472858383,0.07549909861788075,0.0936936636175469,0.1373439273552781,0.05411631167790612,-5.0492530094799015,0.6289302502517672,-1.2827157016021102,0.2732702080064322,-25.778023,20.927145
East Hampshire,E07000085,115608,111635,107568,656,267,3144,1305,312,153,513,327,1859,481,31,165,316,866,517,396,81,40,292,141,151,58457,8353,11334,8244,6504,7108,5639,3654,2803,4818,58330,40113,12885,3336,944,58457.0,750,83,5040,319,331,4800,8588,2001,2496,3545,2117,824,4958,3073,3769,6156,6446,3161,2011,0.9656338661684313,0.016080202062141027,0.004472008857518511,0.011288146149055428,0.002525776762853782,0.9304546398173137,0.005674347796000277,0.0023095287523354786,0.027195349802781814,0.0014272368694208013,0.002733374852951353,0.004160611722372154,0.000268147533042696,0.007490831084354024,0.003425368486609923,0.0007006435540793024,0.00034599681682928514,0.004437409175835582,0.0013234378243720158,0.0026987751712684244,0.002828523977579406,0.0012196387793232302,0.0013061379835305515,0.5045498581413052,0.3469742578368279,0.11145422462113348,0.028856134523562383,0.00816552487717113,0.14289135603948203,0.19388610431599296,0.14102673760199805,0.11126126896693296,0.12159365003335786,0.0964640676052483,0.06250748413363669,0.04794977504832612,0.08241955625502506,0.012829943377183229,0.001419847067074944,0.0862172194946713,0.005457002583095266,0.005662281677130198,0.08211163761397267,0.14691140496433275,0.034230288930324856,0.04269805155926579,0.06064286569615273,0.03621465350599586,0.014095831123731974,0.08481447901876593,0.05256855466411208,0.06447474211813811,0.10530817523991994,0.11026908667909746,0.05407393468703491,-2.5003111569813234,2.4421806620977464,-3.5970397806091094,0.9284081978823613,-15.125431,13.030085
East Hertfordshire,E07000242,137687,131456,124266,1566,57,5567,2214,622,210,854,528,2681,999,213,282,516,671,984,590,300,94,352,134,218,72225,10639,14636,11160,8968,7589,5740,4345,3573,5575,72332,46399,14325,3678,953,72225.0,459,49,6161,153,413,6355,11268,3553,3058,3438,4288,1231,6970,3702,4121,7559,6241,3206,2011,0.9547451829148721,0.019471700305765977,0.0071466442002512945,0.016079949450565414,0.0025565231285451786,0.9025252928744181,0.011373622782107243,0.00041398243842919087,0.04043228481991764,0.002048123642754944,0.003747630495253728,0.007255586947206345,0.0015469870067617133,0.004873372213789247,0.004285081380231976,0.0021788549391010045,0.0006827078809183147,0.0062024737266408595,0.0015251984573707031,0.004517492573736083,0.003834784692817768,0.0009732218727984487,0.0015833012557467298,0.5253364515168462,0.33698896773115833,0.10404032334207296,0.026712761553378313,0.006921495856544191,0.14730356524749047,0.20264451367255107,0.1545171339563863,0.12416753201799931,0.10507442021460713,0.07947386638975425,0.060159224645205955,0.04947040498442368,0.07718933887158186,0.006355140186915888,0.000678435444790585,0.08530287296642437,0.002118380062305296,0.005718241606092073,0.0879889235029422,0.15601246105919003,0.04919349255797854,0.042339910003461406,0.047601246105919,0.059370024229837316,0.017043959847698166,0.09650398061613015,0.05125649013499481,0.05705780546902042,0.10465905157493943,0.08641052267220492,0.044389061959155415,-1.3544347744756517,3.514828624308237,-3.9606377729393856,0.46571427586912195,-13.528361,10.821711
East Lindsey,E07000137,136401,134314,131717,490,61,2046,937,414,87,261,175,789,231,63,100,198,197,264,160,75,29,97,40,57,56311,6757,6522,5301,5240,8834,6594,4707,4927,7429,52138,48140,24915,8671,2537,56311.0,2532,137,5248,223,561,4435,9851,2404,5039,701,607,708,2152,2052,3687,5410,7436,3128,2011,0.9846995256633015,0.005784415070270746,0.0019354696813073217,0.006869451103730911,0.0007111384813894326,0.9656600758058959,0.0035923490296991957,0.00044721079757479784,0.014999890030131744,0.0007331324550406522,0.0014516022609804913,0.0016935359711439065,0.0004618734466756109,0.0014442709364300848,0.0011730119280650435,0.0005498493412804892,0.00021260841196178913,0.0019134757076561023,0.0006378252358853674,0.0030351683638683,0.0012829817963211413,0.0002932529820162609,0.0004178854993731718,0.3822405994090952,0.35292996385656994,0.1826599511733785,0.06356991517657495,0.018599570384381345,0.11999431727371207,0.1158210651560086,0.09413791266360036,0.09305464296496244,0.1568787625863508,0.11709967857079434,0.08358935199161797,0.08749622631457442,0.131928042478379,0.04496457175329865,0.002432917192022873,0.09319671112216085,0.003960149881905844,0.009962529523538918,0.07875903464687184,0.17493917707019943,0.04269148123812399,0.08948518051535224,0.012448722274511197,0.01077942142742981,0.012573031912059811,0.03821633428637389,0.036440482321393686,0.06547566194881994,0.09607359130542878,0.1320523521159276,0.05554864946458063,-6.701935369572457,-1.1435130809039147,1.526222946138314,-1.3011667485661251,-25.107103,25.31792
East Riding of Yorkshire,E06000011,334179,327789,321309,908,227,5345,2301,683,367,785,466,2961,1081,396,69,660,755,598,355,175,68,530,289,241,158757,19073,25851,18198,17718,21761,15246,12083,11767,17060,151003,116859,48307,13877,4133,158757.0,4582,500,17707,1448,912,13219,25124,7417,8252,3464,3113,1781,7920,5579,12241,16998,21525,6975,2011,0.9808785112170424,0.008860520858581779,0.0017894601396257694,0.006885531406820895,0.0015859763779291936,0.9614877056906628,0.0027171067003013355,0.0006792766750753339,0.015994422151002906,0.00020647616995681954,0.0019749894517608825,0.003234793329323506,0.0011849936710565296,0.00225926823648404,0.0010623049323865354,0.0005236714455426583,0.00020348376169657578,0.002349040484291353,0.0010982138315094605,0.002043814841746489,0.0013944622492735928,0.0008648059872104471,0.0007211703907187466,0.4518626245215887,0.3496898368838257,0.1445542658275954,0.04152564942740268,0.012367623339587467,0.12013958439627859,0.16283376481037057,0.11462801640242636,0.11160452767437026,0.13707112127339266,0.09603356072488142,0.07611002979396184,0.07411956638132491,0.10745982854299338,0.028861719483235383,0.0031494674250584225,0.11153523939101898,0.009120857662969191,0.005744628583306563,0.08326561978369458,0.15825443917433563,0.046719199783316644,0.05197881038316421,0.02181951032080475,0.019608584188413738,0.011218402968058101,0.04988756401292541,0.03514175752880188,0.0771052615002803,0.10706929458228613,0.13558457264876508,0.04393507057956499,-4.815754162413262,0.5026835350125801,-1.14261289288806,-0.07005566757770816,-27.704563,19.862703
East Staffordshire,E07000193,113583,102704,97854,542,72,4236,1619,800,92,451,276,7864,916,5598,157,331,862,1023,333,500,190,373,91,282,54921,5707,8008,5589,5630,6747,4667,4293,6205,8075,52094,40576,15302,4377,1234,54921.0,777,98,9036,320,436,4300,9551,3479,2953,1275,870,501,2419,2443,2207,4928,6844,2484,2011,0.9042198216282367,0.06923571309086747,0.009006629513219408,0.014253893628447919,0.0032839421392285816,0.8615197696838436,0.004771840856466197,0.000633897678349753,0.03729431340957714,0.0013822491041793226,0.0029141684935245593,0.008064587130116303,0.0492855444916933,0.0075891638713539876,0.002931776762367608,0.004402067210762174,0.001672785540089626,0.003970664624107481,0.00080998036678024,0.0070433075372194785,0.00242994110034072,0.0008011762323587156,0.002482765906869866,0.4586425785548894,0.35723655828777195,0.13472086491816557,0.03853569636301207,0.010864301876161045,0.10391289306458368,0.14580943537080535,0.10176435243349538,0.10251087926294132,0.12284918337248048,0.08497660275668688,0.078166821434424,0.11298046284663425,0.1470293694579487,0.014147593816572896,0.001784381202090275,0.16452723002130332,0.005826550863968246,0.007938675552156734,0.0782942772345733,0.17390433531800223,0.06334553267420477,0.053768139691556964,0.023215163598623478,0.015840935161413668,0.009122193696400284,0.04404508293730995,0.044482074252107574,0.040184992989930994,0.08972888330511097,0.12461535660312084,0.04522860108155351,-4.094096923359161,0.7608440942685277,0.694941151917809,1.5161847753138142,-29.86221,12.287895
East Suffolk,E07000244,239552,232565,227040,992,142,4391,2728,858,422,814,634,2991,949,171,241,771,859,925,477,308,140,343,66,277,107438,11661,15874,12348,12024,14913,11298,8639,8423,12258,104874,85907,35663,10256,2852,107438.0,2048,571,8997,1509,889,8660,16761,7641,6764,3714,3072,1407,5442,4599,6335,10103,13427,5499,2011,0.9708330550360673,0.01248580683943361,0.003861374565856265,0.011387924125033396,0.0014318394336094043,0.9477691691156827,0.004141063318193962,0.0005927731765963131,0.018330049425594443,0.0010060446166176864,0.003218507881378573,0.003961561581619022,0.0007138324873096446,0.003585860272508683,0.0019912169382847985,0.0012857333689553834,0.0005844242586160834,0.003398009617953513,0.0017616216938284798,0.003581685813518568,0.0026466069997328344,0.00027551429334758215,0.001156325140261822,0.437792212129308,0.3586152484637991,0.14887373096446702,0.04281325140261822,0.01190555703980764,0.10853701669800257,0.14775033042312777,0.11493140229713882,0.11191570952549378,0.13880563673932872,0.10515832387051137,0.08040916621679481,0.07839870436903144,0.11409370986057074,0.01906215677879335,0.005314693125337404,0.08374132057558778,0.014045309853124592,0.008274539734544575,0.08060462778532736,0.15600625477019303,0.07112008786462891,0.06295724045496007,0.03456877454904224,0.028593235168190026,0.013095925091680784,0.05065246933114913,0.04280608350862823,0.058964239840652286,0.09403562985163536,0.12497440384221598,0.051183007874308906,-5.382039389742643,1.1105239664881068,-0.3424017268585645,0.01050995092233459,-30.012342,19.032549
Eastbourne,E07000061,99412,93508,86903,978,66,5561,1791,434,302,572,483,2795,671,107,287,621,1109,783,517,159,107,535,229,306,44449,4455,7365,5163,4607,5364,5486,4412,2497,5100,42818,35193,15251,4712,1438,44449.0,88,12,2390,140,291,3640,8153,1929,3245,951,1451,652,2005,1934,2216,4793,8197,2362,2011,0.940610791453748,0.02811531807025309,0.007876312718786464,0.018015933690097775,0.005381644067114634,0.8741701203074076,0.009837846537641332,0.0006639037540739548,0.05593892085462519,0.002886975415442804,0.006246730776968575,0.006749688166418541,0.0010763288134229268,0.011155594898000241,0.005200579406912646,0.0015994044984508913,0.0010763288134229268,0.0057538325353076085,0.0030378626322777936,0.0043656701404257035,0.004858568382086669,0.0023035448436808433,0.0030780992234337905,0.43071259002937273,0.35401158813825295,0.15341206293002857,0.04739870438176478,0.014465054520581016,0.1002272267092623,0.16569551620958853,0.1161555940516097,0.10364687619518999,0.12067763054286935,0.12342234920920606,0.09925982586784854,0.056176741883956896,0.11473823933046863,0.001979797070800243,0.00026997232783639675,0.05376948862741569,0.0031496771580912957,0.006546828950032621,0.08189160611037369,0.18342369907084524,0.04339805169970078,0.07300501698575897,0.021395306981034444,0.03264415397421764,0.014668496479110891,0.045107876442664625,0.043510540169632614,0.04985488987378794,0.10783144727665414,0.18441359760624537,0.05313955319579743,-3.648218004765049,1.0929412178374334,1.047673117413087,-0.791275579789611,-21.094961,25.420156
Eastleigh,E07000086,125199,118537,114873,602,191,2871,1740,391,254,652,443,3740,1954,160,294,625,707,605,430,129,46,577,201,376,65768,7241,11807,9005,8492,7978,5857,5591,3979,5818,61561,44190,14538,3817,1093,65768.0,172,50,5851,355,381,5810,10851,3764,2773,3008,3281,856,4294,3042,4139,6292,7781,3068,2011,0.9467887123699071,0.029872443070631555,0.004832306967308046,0.013897874583662808,0.004608663008490483,0.9175233029017804,0.0048083451145775925,0.0015255712905055151,0.022931493063043634,0.0023482615675844056,0.004992052652177733,0.015607153411768465,0.0012779654789574996,0.005647009960143451,0.0034345322246982805,0.001030359667409484,0.0003674150752002812,0.005207709326751811,0.0020287701978450308,0.00312302813920239,0.003538366919863577,0.001605444132940359,0.0030032188755501244,0.4917052053131415,0.35295809071957446,0.11611913833177581,0.030487463957379852,0.00873010167812842,0.11009913635810728,0.17952499695900742,0.13692069091351416,0.12912054494587033,0.1213051940153266,0.0890554677046588,0.08501094757328792,0.06050054737866439,0.08846247415156307,0.00261525361878117,0.0007602481449945262,0.08896423792725945,0.005397761829461136,0.00579309086485829,0.08834083444836395,0.16498905242671208,0.057231480355187936,0.042163362121396424,0.045736528402870694,0.04988748327454081,0.013015448242306289,0.06529011069212991,0.046253497141466975,0.06293334144264688,0.09566962656611118,0.11830981632404818,0.04664882617686413,-2.9080135189215572,2.277085399600782,-2.1331740695369787,1.1696540969295441,-17.800518,11.405113
Elmbridge,E07000207,130875,118123,104508,2072,153,11390,3411,521,347,1550,993,7075,2489,555,504,1143,2384,1010,620,272,118,1256,597,659,64730,12074,15800,11443,6968,4760,4868,3435,1947,3435,73880,40555,12360,3213,867,64730.0,137,324,3256,255,242,3825,8248,2750,2437,5541,4975,1391,8770,3650,2775,6292,5712,4150,2011,0.9025635148042025,0.05405921680993314,0.007717287488061127,0.026063037249283667,0.00959694364851958,0.7985329512893983,0.015831900668576888,0.001169054441260745,0.08702960840496657,0.003851002865329513,0.00873352435530086,0.019018147086914995,0.004240687679083094,0.01821585482330468,0.004737344794651385,0.002078319006685769,0.0009016236867239733,0.011843361986628463,0.0026513849092645652,0.003980897803247374,0.007587392550143266,0.00456160458452722,0.005035339063992359,0.5645081184336199,0.30987583572110794,0.09444126074498567,0.024550143266475644,0.006624641833810888,0.18652865750038622,0.24409083886914879,0.17678047273289046,0.10764714969874865,0.07353622740614861,0.07520469643133014,0.05306658427313456,0.030078788815078018,0.05306658427313456,0.0021164838560173028,0.00500540707554457,0.05030125135176888,0.003939440753900819,0.003738606519388228,0.05909161130851228,0.12742159740460374,0.042484164993048044,0.03764869457747567,0.08560173026417427,0.07685771666924146,0.02148926309284721,0.13548586435964777,0.05638807353622741,0.04287038467480303,0.09720376950409393,0.08824347288737834,0.06411246717132706,1.12772382072456,6.187807129637365,-5.226865192670718,-1.292097457234293,-9.365194,6.249353
Enfield,E09000010,312466,190640,126450,6899,344,56947,17183,4852,2384,4189,5758,34893,11648,2594,5599,2588,12464,53687,28222,17334,8131,16063,1930,14133,137622,14836,26102,17202,17936,14348,13093,11575,8296,14234,146351,109394,39699,12840,4182,137622.0,128,65,5338,380,636,10559,22131,7388,8310,6392,7225,3302,10207,7651,7592,15343,16931,8044,2011,0.6101143804445923,0.11166974966876396,0.17181709369979453,0.05499158308423956,0.051407193102609564,0.40468402962242295,0.022079202217201232,0.001100919780072072,0.18225022882489614,0.017918749559952124,0.00828250113612361,0.037277655808952016,0.008301703225310915,0.0398891399384253,0.09032022684068026,0.05547483566212004,0.026022031196994234,0.013406258600935781,0.007629630103755288,0.015528089456132828,0.018427604923415667,0.006176672021915985,0.04523052108069358,0.468374159108511,0.3500988907593146,0.12705062310779414,0.04109247086082966,0.013383856163550594,0.10780253157198703,0.1896644431849559,0.12499455028992458,0.13032799988373953,0.10425658688291116,0.09513740535670169,0.08410719216404354,0.06028105971428987,0.10342823095144672,0.0009300838528723606,0.00047230820653674556,0.03878740317681766,0.0027611864382148204,0.004621354143959542,0.07672465158186918,0.16081004490561102,0.05368327738297656,0.06038278763569778,0.0464460624028135,0.05249887372658441,0.023993256892066675,0.07416692098647018,0.055594309049425236,0.055165598523491885,0.11148653558297365,0.12302538838267138,0.058449957128947405,2.1883806097538687,7.357837328501469,4.361964940874718,0.9729389676268485,-13.394096,-3.105597
Epping Forest,E07000072,124659,112869,106233,1427,176,5033,2649,881,267,808,693,5922,3041,933,265,598,1085,2404,1186,958,260,815,151,664,61609,9051,10107,9039,9269,7167,4845,3681,3839,4611,61413,42077,15435,4441,1293,61609.0,356,31,3378,159,417,6751,9096,3223,2228,2504,5236,1403,5049,3239,3154,5848,6044,3493,2011,0.9054219911919718,0.04750559526387987,0.019284608411747246,0.02124996991793613,0.006537835214465061,0.8521887709671985,0.011447228038087905,0.0014118515309765039,0.040374140655708775,0.002125799180163486,0.004797086451840621,0.024394548327838342,0.007484417490915217,0.008703743813122198,0.009513954066693942,0.00768496458338347,0.0020856897616698352,0.0064816820285739495,0.002141842947560946,0.00706727953858125,0.005559165403219984,0.0012113044385082506,0.00532653077595681,0.4926479435901138,0.33753680039146794,0.12381777488989965,0.03562518550606053,0.010372295622458066,0.14691035400671978,0.16405070687724196,0.14671557726955478,0.15044879806521774,0.11633040627181093,0.07864110763037868,0.05974776412537129,0.062312324498044115,0.0748429612556607,0.00577837653589573,0.0005031732376763135,0.05482965151195442,0.002580791767436576,0.006768491616484604,0.10957814605009009,0.14764076677108864,0.05231378532357286,0.03616354753363957,0.04064341248843513,0.08498758298300572,0.022772646853544125,0.0819523121621841,0.05257348763979289,0.051193819084873964,0.09492119657842199,0.09810254995211738,0.05669626190978591,-2.0227014029215074,3.7330193810572037,-2.498005497635191,0.7226340288793196,-11.956281,12.08549
Epsom and Ewell,E07000208,75102,64502,59049,1142,132,4179,1922,406,223,758,535,6484,1828,667,325,922,2742,1128,679,304,145,1066,538,528,38005,4923,8696,5898,5055,3588,3275,2539,1527,2504,39208,25355,7988,2016,535,38005.0,39,93,1423,135,174,3168,5154,1641,1381,2259,2684,661,3931,1883,2295,3836,5042,2206,2011,0.8588586189449016,0.08633591648691114,0.015019573380202924,0.025591861734707465,0.014194029453276876,0.786250699049293,0.015205986524992677,0.0017576096508748102,0.05564432371974115,0.004327448004047828,0.012276637106867994,0.024340230619690553,0.008881254826768928,0.03651034592953583,0.009041037522303001,0.0040478282868632,0.0019307075710367234,0.01009294026790232,0.002969295092008202,0.0054059811989028254,0.0071236451758941175,0.0071635908497776355,0.007030438603499241,0.52206332720833,0.3376075204388698,0.1063620143271817,0.026843492849724374,0.0071236451758941175,0.12953558742270754,0.22881199842126035,0.15519010656492566,0.133008814629654,0.09440863044336271,0.08617287199052756,0.06680699907906855,0.040178923825812396,0.06588606762268123,0.0010261807656887251,0.002447046441257729,0.037442441783975794,0.00355216418892251,0.004578344954611235,0.0833574529667149,0.13561373503486385,0.04317852914090251,0.036337324036311014,0.05943954742797,0.07062228654124457,0.017392448362057625,0.10343375871595843,0.04954611235363768,0.060386791211682674,0.10093408762004999,0.1326667543744244,0.05804499407972635,-0.008241219164070737,5.21380641227496,-2.9390742489001713,0.3859045384881953,-11.967557,5.91137
Erewash,E07000036,112081,108765,106673,574,29,1489,1269,734,72,276,187,1383,778,89,21,266,229,536,125,337,74,128,34,94,54851,5493,7470,6218,6309,7537,4898,4942,5396,6588,49349,39666,16762,4874,1430,54851.0,152,63,8968,526,406,4761,9778,3331,2523,1481,1185,654,2647,2233,2662,5237,6102,2142,2011,0.9704142539770345,0.012339290334668677,0.00478225569008128,0.011322168788643927,0.001142031209571649,0.9517491813955978,0.005121296205422864,0.00025874144591857674,0.013285034930095198,0.00018736449532034868,0.002373283607391083,0.006941408445677679,0.0007940685754052872,0.0020431652108742785,0.0011152648530973136,0.003006754043950357,0.0006602367930336096,0.0024625047956388685,0.0006423925553840526,0.006548835217387425,0.001668436220233581,0.0003033520400424693,0.0008386791695291798,0.4402976418839946,0.3539047653036643,0.14955255574093737,0.04348640715197045,0.012758629919433268,0.10014402654463911,0.13618712512078177,0.11336165247670964,0.11502069242128676,0.13740861606898688,0.0892964576762502,0.09009863083626551,0.09837559935096898,0.12010719950411114,0.0027711436436892675,0.0011485661154764725,0.16349747497766676,0.009589615503819439,0.00740187052195949,0.08679878215529344,0.17826475360522143,0.06072815445479572,0.045997338243605405,0.02700041931778819,0.021603981695866987,0.011923210151136716,0.04825800805819402,0.0407102878707772,0.04853147618092651,0.09547683725000455,0.11124683232757834,0.03905124792620007,-4.991688262965411,0.3632156201553235,0.3177828157817608,0.4278401367477353,-31.095041,12.692427
Exeter,E07000041,117773,109590,104013,629,93,4855,1938,403,278,773,484,4595,946,164,227,1998,1260,667,492,128,47,983,659,324,57139,4777,10975,6645,6483,5828,5559,6367,3357,7148,58775,39301,14075,4331,1291,57139.0,189,48,2761,844,625,3961,9590,2725,4031,1699,1434,859,3772,2488,3783,6847,8671,2812,2011,0.930518879539453,0.03901573365712005,0.005663437290380648,0.0164553845108811,0.008346565002165181,0.8831650717906481,0.005340782692128077,0.000789654674670765,0.04122337038200606,0.001927436679035093,0.01696483913970095,0.008032401314392942,0.0013925093187742521,0.010698547205216815,0.0041775279563227566,0.0010868365414823432,0.0003990727925755479,0.006563473801295713,0.002360473113531964,0.0034218369235733148,0.00410960067248011,0.005595510006538001,0.002751054995627181,0.49905326348144313,0.333701272787481,0.1195095650106561,0.03677413329031272,0.01096176543010707,0.08360314321216682,0.19207546509389384,0.11629534993612069,0.11346015856070285,0.10199688478972331,0.0972890670120233,0.11143002152645304,0.058751465723936365,0.12509844414497978,0.003307723271320814,0.0008400567038275084,0.04832076165141147,0.014770997042300355,0.010938238331087348,0.06932217924709919,0.16783632895220427,0.04769071912354084,0.07054726194018096,0.029734507079227847,0.025096694026846812,0.015033514762246451,0.06601445597577836,0.043542939148392516,0.0662069689704055,0.11983058856472811,0.15175274331017344,0.049213321899228196,-3.307590151459456,2.856601474926902,-0.02734613142387277,-0.8650334218732214,-23.749376,2.7987018
Fareham,E07000087,111581,107959,105663,475,85,1736,1359,301,150,657,251,1667,663,77,125,467,335,357,215,109,33,239,106,133,56445,6904,10357,8704,7169,6202,4825,4675,2906,4703,54170,39284,13638,3489,1000,56445.0,149,35,5581,403,366,4506,8331,2886,2357,2513,2368,697,3487,2571,5887,5587,6329,2392,2011,0.967539276400104,0.014939819503320458,0.0031994694437224975,0.012179492924422617,0.0021419417284304675,0.9469622964483201,0.0042569971590145275,0.000761778438981547,0.015558204353787831,0.0011202624102669809,0.004185300364757441,0.005941871824056067,0.0006900816447244603,0.003002303259515509,0.0019268513456592072,0.0009768688217528074,0.00029574927631048295,0.005888099228363252,0.0013443148923203772,0.0026975918839228902,0.0022494869198160976,0.0009499825239063999,0.0011919592045240676,0.48547691811329885,0.35206710819942466,0.12222511000976868,0.03126876439537197,0.008962099282135847,0.12231375675436265,0.18348835149260342,0.15420320666135176,0.12700859243511384,0.1098768712906369,0.08548144211179023,0.08282398795287448,0.051483745238727965,0.08332004606253876,0.00263973779785632,0.0006200726370803437,0.09887501107272566,0.007139693506953672,0.006484188147754451,0.07982992293382939,0.14759500398618125,0.051129418017539195,0.04175746301709629,0.04452121534236868,0.04195234298875011,0.012348303658428558,0.06177695101426167,0.0455487642838161,0.1042962175569138,0.0989813092390823,0.11212684914518557,0.04237753565417663,-3.033267414707689,2.2551762028523763,-2.707890322821494,0.5417082015898868,-17.5834,11.444461
Fenland,E07000010,95262,92631,86151,390,467,5623,901,293,104,264,240,1075,372,65,65,215,358,497,216,186,95,158,11,147,44514,4098,4195,4342,4507,6318,4723,3421,6421,6489,37577,36042,15760,4590,1293,44514.0,1466,29,6941,133,409,4318,7662,2552,1518,853,976,518,1830,2745,2804,3274,4797,1689,2011,0.9723814322605027,0.01128466754844534,0.005217190485188218,0.009458126010371397,0.0016585836954924314,0.9043585060149902,0.004093972412924356,0.004902269530347883,0.05902668430224014,0.0006823287354873926,0.002256933509689068,0.003905019840020155,0.0006823287354873926,0.0037580567277613317,0.0022674308748504126,0.0019525099200100775,0.0009972496903277277,0.0027713044025949487,0.0010917259767798282,0.003075727992273939,0.0025193676387226804,0.00011547101677478953,0.001543112678717642,0.39445949066784236,0.37834603514517856,0.16543847494278935,0.04818290609057126,0.013573093153618442,0.09206092465291818,0.09424001437749921,0.09754234622815294,0.10124904524419284,0.1419328750505459,0.10610145122882689,0.07685222626589387,0.14424675383025565,0.14577436312171452,0.03293345913645145,0.0006514804331221639,0.15592847194141168,0.002987824055353372,0.009188120591274655,0.09700319000763805,0.17212562339937998,0.057330278114750416,0.03410163094756706,0.019162510670800197,0.02192568630093903,0.011636788426113133,0.04111066181426068,0.061665992721391026,0.0629914184301568,0.07354989441524015,0.10776384957541447,0.03794311901873568,-5.925674048853338,-0.8274459782990395,1.416115276146382,2.6194309247520744,-17.217682,23.162212
Flintshire,W06000005,152506,150161,146185,693,95,3188,851,267,121,258,205,1201,296,87,223,323,272,142,88,42,12,151,50,101,74049,6851,10100,8050,8045,10379,7094,6633,8237,8660,74216,49498,20114,6774,1904,74049.0,685,177,14013,496,775,5675,12053,3015,3849,1424,2949,669,3368,3258,4235,6374,8206,2828,2011,0.9846235557945261,0.007875099996065728,0.0009311109071118513,0.00558010832360694,0.000990124978689363,0.9585524503953943,0.0045440835114684015,0.0006229263110959569,0.02090409557656748,0.0014622375513094568,0.002117949457726253,0.0019409072429937182,0.0005704693585826131,0.001783536385453687,0.0005770264776467811,0.00027539900069505465,7.868542877001561e-05,0.0016917367185553356,0.000793411406764324,0.0017507507901328473,0.0013442094081544333,0.00032785595320839833,0.0006622690254809647,0.48664314846628987,0.32456427943818605,0.1318898928566745,0.04441792454067381,0.01248475469817581,0.09251981795837891,0.13639617010358007,0.10871179894394252,0.10864427608745561,0.14016394549555025,0.09580142878364327,0.08957582141554916,0.11123715377655337,0.11694958743534686,0.009250631338708152,0.002390309119636997,0.1892395575902443,0.006698267363502546,0.010466042755472728,0.07663844211265514,0.16277059784737133,0.040716282461613254,0.05197909492363165,0.01923050952747505,0.0398249807559859,0.009034558197950007,0.04548339612958987,0.04399789328687761,0.057191859444421934,0.08607813744952666,0.11081851206633446,0.03819092762900242,-4.898608377300082,0.37687001787165436,-0.11626592938327818,-0.546498009291356,-30.524803,14.606854
Folkestone and Hythe,E07000112,107969,102215,98029,745,164,3277,1267,387,149,420,311,3699,413,93,226,281,2686,458,277,130,51,330,64,266,48280,5292,6400,6200,5121,6149,5707,4679,3344,5388,45577,38999,16465,5321,1607,48280.0,496,39,2497,857,429,4671,7431,3102,2886,964,2357,529,2134,2946,3674,4311,6818,2139,2011,0.9467069251359187,0.03425983384119516,0.004241958339893858,0.011734849818003316,0.003056432864989025,0.9079365373394215,0.00690012874065704,0.0015189545147218182,0.030351304541118285,0.002093193416628847,0.002602598894127018,0.003825172040122628,0.0008613583528605433,0.02487751113745612,0.002565551223036242,0.0012040493104502217,0.0004723578064073947,0.003890005464531486,0.0013800257481314082,0.0035843621780325833,0.0028804564273078384,0.0005927627374524169,0.002463670127536608,0.42213042632607506,0.3612055312172939,0.15249747612740694,0.04928266446850485,0.01488390186071928,0.10961060480530241,0.13256006628003314,0.12841756420878211,0.10606876553438277,0.1273612261806131,0.1182062966031483,0.09691383595691798,0.06926263463131732,0.1115990057995029,0.010273405136702569,0.0008077879038939519,0.05171913835956918,0.017750621375310686,0.008885666942833471,0.09674813587406794,0.15391466445733223,0.06425020712510356,0.05977630488815244,0.01996685998342999,0.04881938690969345,0.01095691797845899,0.04420049710024855,0.061019055509527756,0.07609776304888152,0.08929163214581608,0.1412178956089478,0.044304059652029826,-5.1801794144616276,1.1366113446284982,0.6586552307458402,0.04056615223283687,-20.590096,22.03621
Forest of Dean,E07000080,81961,80699,79227,277,78,1117,528,170,82,181,95,473,159,25,1,129,159,199,99,58,42,62,5,57,39068,4294,5426,4114,4288,6073,4236,2573,3573,4491,36281,29340,11879,3535,926,39068.0,986,70,5275,241,364,3721,6008,1578,1740,1069,1151,514,2031,1763,2289,3640,4808,1820,2011,0.9846024328644111,0.005771037444638303,0.002427984041190322,0.00644208831029392,0.0007564573394663315,0.9666426715145008,0.0033796561779382878,0.0009516721367479655,0.01362843303522407,1.2200924830102122e-05,0.0015739193030831738,0.0019399470479862374,0.00030502312075255305,0.0019399470479862374,0.00120789155818011,0.0007076536401459231,0.0005124388428642891,0.002208367394248484,0.001000475836068374,0.0020741572211173606,0.0011590878588597015,6.100462415051061e-05,0.000695452715315821,0.4426617537609351,0.35797513451519625,0.14493478605678312,0.043130269274411,0.011298056392674566,0.10991092454182451,0.13888604484488584,0.10530357325688543,0.10975734616565988,0.1554469130746391,0.10842633357223302,0.06585952697860141,0.09145592300604075,0.11495341455923005,0.025238046483055186,0.0017917477219207536,0.1350209890447425,0.00616873144261288,0.009317088153987919,0.09524418961810177,0.15378314733285553,0.040391112931299274,0.04453772908774445,0.027362547353332652,0.029461451827582676,0.01315654755810382,0.05198628033172929,0.04512644619637555,0.058590150506808644,0.09317088153987918,0.12306747209992833,0.04658544076993959,-5.2998876720725026,0.11137236145128411,-0.7358698724113305,0.7328486054176478,-27.021978,19.512636
Fylde,E07000119,75757,73844,72021,488,15,1320,742,251,87,233,171,845,297,118,25,209,196,163,63,54,46,163,67,96,34510,4349,7168,4330,4324,3580,3279,2459,1832,3189,33815,25591,11619,3692,1040,34510.0,337,22,4300,109,159,2172,4607,1067,2549,1271,1500,520,2022,1294,3364,3238,4354,1625,2011,0.9747482080863814,0.01115408477104426,0.0021516163522842776,0.009794474438005728,0.0021516163522842776,0.9506844252016315,0.00644164895653207,0.00019800150481143658,0.01742413242340642,0.00033000250801906093,0.0027588209670393496,0.003920429795266444,0.0015576118378499676,0.0025872196628694377,0.0008316063202080336,0.0007128054173211716,0.0006072046147550721,0.003075623374737648,0.001148408727906332,0.003313225180511372,0.002257217154850377,0.0008844067214910834,0.001267209630793194,0.44636139234658184,0.33780376730863154,0.15337196562693878,0.04873477038425492,0.013728104333592936,0.1260214430599826,0.2077079107505071,0.12547087800637496,0.12529701535786728,0.1037380469429151,0.09501593740944654,0.07125470878006375,0.0530860620110113,0.09240799768183135,0.009765285424514634,0.0006374963778614895,0.12460156476383658,0.003158504781222834,0.0046073601854534916,0.06293827875977977,0.13349753694581282,0.030918574326282238,0.07386264850767893,0.03682990437554332,0.043465662126919734,0.015068096203998842,0.0585917125470878,0.037496377861489426,0.09747899159663866,0.0938278759779774,0.1261663286004057,0.04708780063749638,-3.6950631473564663,1.2650802942709738,-1.3896409305272002,-1.348238729254478,-25.275288,15.130631
Gateshead,E08000037,200214,192742,188355,592,87,3708,1558,412,260,523,363,3738,916,617,242,1054,909,1081,903,90,88,1095,289,806,91877,7720,13979,10437,11925,10484,8667,10206,7586,10873,85320,67807,31158,12152,3777,91877.0,153,160,9547,773,555,7204,15415,4735,4993,2926,2759,1305,4319,4355,7352,8338,12984,4004,2011,0.9626799324722547,0.01867002307530942,0.00539922283157022,0.007781673609238115,0.005469148011627558,0.9407683778357158,0.0029568361852817487,0.00043453504749917587,0.018520183403757978,0.0012087066838482824,0.005264367127173924,0.0045751046380373,0.0030817025782412816,0.0045401420480086305,0.004510174113698343,0.00044951901465431986,0.00043952970321755724,0.0026122049407134368,0.0012986104867791462,0.0020577981559731086,0.0018130600257724235,0.0014434555026122048,0.004025692509015353,0.4261440258922952,0.338672620296283,0.15562348287332553,0.06069505628976995,0.018864814648326293,0.08402538176039705,0.15214906886380705,0.11359752712866114,0.12979309293947341,0.1141090806186532,0.09433264037789653,0.11108329614593423,0.08256691010807927,0.11834300205709808,0.001665269871676263,0.001741458689334654,0.10391066316923714,0.008413422292848046,0.006040684828629581,0.0784091774872928,0.16777866060058558,0.051536293087497416,0.054344395224049546,0.031846925781207486,0.03002927827421444,0.014203772434885771,0.04700850049522731,0.047400328700327614,0.08002002677492735,0.09075176594795216,0.14131937263950717,0.043580003700599716,-5.383500319457097,0.5121145724951041,1.5051416891782627,-1.7439648812767967,-35.13988,10.560065
Gedling,E07000173,113543,105656,102551,891,32,2182,2619,1500,240,521,358,3343,1366,962,67,411,537,1653,370,1118,165,272,68,204,55598,5972,9295,6956,7160,6912,5150,5178,3746,5229,51154,39934,16473,4657,1325,55598.0,209,75,5059,699,360,5109,9765,2419,2387,1653,1430,919,2988,2206,4030,6000,7726,2564,2011,0.9305373294698924,0.029442590031970268,0.014558361149520445,0.023066151149784664,0.0023955681988321606,0.9031908616119003,0.00784724729838035,0.00028183155280378356,0.019217389006807993,0.0005900848136829219,0.0036197740063235954,0.012030684410311512,0.008472561056163744,0.004729485745488493,0.003258677329293748,0.00984648987608219,0.001453193944144509,0.004588569969086602,0.002113736646028377,0.013210854037677355,0.003152990496992329,0.0005988920497080402,0.0017966761491241205,0.4505253516288983,0.3517081634270717,0.14508159904177273,0.04101529816897563,0.011669587733281665,0.10741393575308464,0.16718227274362388,0.12511241411561566,0.12878161084931114,0.12432101874168136,0.09262923126731178,0.09313284650526997,0.06737652433540775,0.09405014568869384,0.0037591280261879923,0.0013489693873880355,0.09099248174394763,0.012572394690456491,0.006475053059462571,0.09189179466887298,0.17563581423792224,0.04350875930788877,0.042933199035936544,0.029731285298032303,0.02572034965286521,0.016529371560128063,0.053742940393539336,0.039677686247706755,0.07248462174898378,0.10791755099104285,0.13896183315946617,0.046116766790172306,-3.8936245502057028,1.8928272272338615,-0.11800721989231869,0.2650593490472284,-26.69878,9.338802
Gloucester,E07000081,121688,108462,102912,850,136,4564,3565,2139,316,551,559,5839,3204,639,490,448,1058,3486,1100,1880,506,336,119,217,61374,5300,8359,7208,8173,7320,6555,5836,5245,7378,56655,43150,15933,4616,1334,61374.0,143,69,6894,826,422,4796,10513,2877,2924,1771,3437,654,2623,2752,4390,4915,9021,2347,2011,0.8913122082703306,0.047983367299980276,0.0286470317533364,0.02929623298928407,0.0027611596870685687,0.8457037670107159,0.006985076589310368,0.0011176122542896588,0.037505752416014726,0.0040266912103083296,0.0036815462494247586,0.026329629873118137,0.005251134047728617,0.008694365919400433,0.009039510880284004,0.015449345868121755,0.004158175004930642,0.004527973177305897,0.002596804943790678,0.017577739793570444,0.004593715074617054,0.0009779107225034514,0.0017832489645651173,0.4655758990204457,0.3545953586220498,0.13093320623233187,0.03793307474853724,0.01096246137663533,0.08635578583765112,0.13619773845602373,0.11744386873920552,0.1331671391794571,0.11926874572294457,0.10680418418222701,0.09508912568840225,0.08545964089027927,0.12021377130380943,0.0023299768631668133,0.0011242545703392317,0.11232769576693714,0.01345846775507544,0.00687587577801675,0.07814383941082544,0.17129403330400494,0.04687652751979666,0.04764232411118715,0.028855867305373612,0.05600091243849187,0.010655978101476195,0.04273796721738847,0.04483983445758791,0.0715286603447714,0.08008277120604816,0.1469840649134813,0.03824094893603155,-3.669318815961666,2.1093371391072884,1.203367436502042,1.3789568211057839,-26.396002,7.347383
Gosport,E07000088,82622,79685,78001,313,32,1339,1066,272,142,426,226,1073,428,31,149,214,251,592,321,183,88,206,48,158,40063,3779,4860,5801,4633,5074,4356,3581,2947,5032,37447,29915,11224,3215,821,40063.0,40,21,4219,281,282,3056,5856,2008,2099,1021,1053,421,1452,2198,6076,3297,4960,1723,2011,0.9644525671128755,0.012986855801118346,0.0071651618213066735,0.012902132603906949,0.002493282660792525,0.9440705865265909,0.003788337246738157,0.00038730604439495534,0.01620633729515141,0.0018033937692140108,0.002590109171891264,0.005180218343782528,0.000375202730507613,0.003037931785722931,0.0038851637578368957,0.002214906441383651,0.0010650916220861272,0.005156011716007843,0.0017186705720026144,0.0032921013773571203,0.002735348938539372,0.000580959066592433,0.001912323594200092,0.45323279513930914,0.36207063493984654,0.13584759507153057,0.03891215414780567,0.009936820701508073,0.09432643586351497,0.12130893842198537,0.14479694481192124,0.11564286249157577,0.12665052542245964,0.10872875221526096,0.08938421985373038,0.07355914434765244,0.12560217657189926,0.0009984274767241594,0.0005241744252801838,0.10530913810748072,0.00701395302398722,0.007038913710905324,0.07627985922172578,0.14616978259241695,0.0501210593315528,0.05239248184110027,0.02548486134338417,0.026283603324763496,0.010508449192521778,0.03624291740508699,0.054863589845992565,0.15166113371439982,0.08229538476898884,0.12380500711379577,0.04300726355989317,-4.479633317585264,1.0084094303144948,-0.28172529945819,0.7322850643742214,-25.811466,13.332357
Gravesham,E07000109,101720,84226,78422,791,320,4693,2066,564,359,627,516,10604,7538,550,477,326,1713,2885,2226,456,203,1939,94,1845,47639,4812,6190,5315,5898,6083,4281,4609,4120,6331,47298,35572,13629,4104,1117,47639.0,392,52,3568,301,389,5689,8840,3147,2229,1316,2237,675,2468,2586,2647,4253,4773,2077,2011,0.8280180888714117,0.10424695241840345,0.028362170664569405,0.020310656704679513,0.019062131340935904,0.7709594966574912,0.007776248525363743,0.0031458906802988595,0.046136453008257965,0.004689343295320488,0.0032048761305544632,0.07410538733779001,0.005406999606763665,0.01684034604797483,0.02188360204482894,0.004482894219425875,0.001995674400314589,0.006163979551710578,0.003529296106960283,0.00554463232402674,0.005072748721981911,0.00092410538733779,0.018138025953598112,0.4649823043649233,0.349705072748722,0.13398545025560363,0.04034604797483288,0.010981124655918207,0.1010096769453599,0.12993555700161633,0.11156825290203405,0.12380612523352716,0.12768949810029598,0.0898633472574991,0.0967484623942568,0.08648376330317598,0.1328953168622347,0.00822855223661286,0.001091542643632318,0.0748966183169252,0.006318352610256302,0.008165578622557148,0.11941896345431265,0.18556224941749408,0.06605932114444048,0.04678939524339302,0.02762442536577174,0.046957324880874916,0.014169063162534898,0.05180629316316463,0.054283255316022586,0.05556371880182204,0.08927559352631248,0.10019101996263566,0.04359873213123701,-3.260227988046082,2.2959990458126516,1.1215146854126197,2.223789679823956,-22.29063,7.1224847
Great Yarmouth,E07000145,97277,94215,90280,390,63,3482,1159,294,277,331,257,1204,446,116,18,189,435,439,285,86,68,260,77,183,41264,3939,4159,3702,4324,5797,4948,4196,4090,6109,39204,35032,16130,5330,1581,41264.0,455,671,3899,253,309,3363,7422,2026,3911,515,812,385,1997,1928,1836,3167,6081,2234,2011,0.9685228779670426,0.012377026429680192,0.004512885882582728,0.011914429926909753,0.002672779793784759,0.9280713837803386,0.004009169690677139,0.0006476351038786147,0.03579468939214819,0.00018503860110817563,0.001942905311635844,0.00458484533856924,0.001192470984919354,0.004471766193447578,0.0029297778508794474,0.000884073316405728,0.0006990347152975524,0.003402654275933674,0.0028475384726091473,0.003022297151433535,0.0026419400269333962,0.0007915540158516402,0.0018812257779331188,0.4030140732136065,0.3601262374456449,0.16581514643749293,0.05479198577258756,0.016252557130668092,0.09545851105079488,0.100790034897247,0.08971500581620784,0.10478867778208607,0.1404856533540132,0.11991081814656844,0.10168670027142303,0.0991178751454052,0.14804672353625437,0.011026560682435052,0.016261147731678947,0.09448914307871267,0.00613125242341993,0.007488367584335014,0.08149961225281117,0.17986622721985265,0.049098487785963554,0.09477995347033734,0.012480612640558357,0.01967816983326871,0.009330166731291199,0.048395696006203956,0.04672353625436215,0.04449398991857309,0.07674970918960837,0.14736816595579683,0.054139201240791,-6.7896703520214965,-0.0004444032076303137,2.3664893888933616,-1.543184667669313,-36.93509,18.617802
Greenwich,E09000011,254557,159002,133130,4291,430,21151,12274,4011,2699,2361,3203,29894,7836,2594,1645,5061,12758,48655,35164,8051,5440,4732,1069,3663,117821,11295,24081,16684,13759,10589,11396,9324,6508,14185,127641,83875,29386,10420,3235,117821.0,110,104,3518,371,575,8771,14359,5839,7942,5924,9028,2151,9599,8116,7712,12018,14104,7580,2011,0.6246223831990477,0.11743538775205553,0.1911359734754888,0.048217098724450715,0.01858915684895721,0.5229869930899563,0.01685673542664315,0.0016892090965874049,0.08308944558586093,0.006462206892758793,0.019881598227508967,0.030782889490369544,0.010190252084994716,0.05011844105642351,0.13813802016837093,0.031627494038663245,0.02137045926845461,0.009274936458239215,0.010602733376021873,0.0157567853172374,0.012582643572952227,0.0041994523819812455,0.014389704466975963,0.5014240425523556,0.3294939836657409,0.11543976398213367,0.040933857642885485,0.012708352156884312,0.09586576247018783,0.20438631483351866,0.1416046375433921,0.11677884248139127,0.08987362185009463,0.09672299505181589,0.07913699595148573,0.05523633308153895,0.12039449673657497,0.0009336196433572963,0.0008826949355378073,0.029858853684826984,0.0031488444335050626,0.004880284499367685,0.0744434353807895,0.12187131326334015,0.049558228159665936,0.06740733825039678,0.050279661520442026,0.07662471036572428,0.018256507753286765,0.08147104505987897,0.06888415477716196,0.06545522445064972,0.10200218976243623,0.11970701318101187,0.06433488087862096,1.7557402210310618,7.234912009152,3.3246378203120455,0.09797119229989333,-14.384109,-3.6937277
Guildford,E07000209,137183,124707,114510,1193,491,8513,2501,432,288,1077,704,6616,1661,487,320,1884,2264,1656,1162,336,158,1703,923,780,70021,9551,17168,11221,7200,6623,5452,4881,2488,5437,73969,45445,13442,3402,925,70021.0,219,220,3820,243,373,4901,9818,2521,3432,5341,3560,1078,7526,3414,4179,7964,7404,4008,2011,0.90905578679574,0.048227550060867604,0.012071466581136147,0.018231121932017817,0.01241407463023844,0.8347244192064615,0.008696412820830569,0.0035791606831750288,0.06205579408527296,0.0023326505470794485,0.013733480095930254,0.012107914245934263,0.003550002551336536,0.0165035026205871,0.008470437299082248,0.0024492830744334212,0.0011517462076204778,0.007850826997514269,0.002099385492371504,0.0031490782385572556,0.005131831203574787,0.006728238921732284,0.005685835708506156,0.5391994634903742,0.33127282535007985,0.09798590204325609,0.024798991128638388,0.006742817987651531,0.13640193656188856,0.24518358778080862,0.1602519244226732,0.10282629496865227,0.09458590994130332,0.07786235557904057,0.06970765913083218,0.03553219748361206,0.07764813413118922,0.0031276331386298397,0.0031419145684865968,0.05455506205281273,0.003470387455192014,0.005326973336570458,0.06999328772796733,0.14021507833364277,0.03600348466888505,0.04901386726839091,0.07627711686494051,0.05084189029005584,0.015395381385584325,0.10748204110195513,0.04875680153096928,0.059682095371388584,0.11373730737921481,0.10573970665943075,0.057239970865883096,-0.17405363615703687,4.651291059940643,-3.9833847062859777,0.1583581181242059,-9.825395,8.983721
Gwynedd,W06000002,121874,117573,115072,570,153,1778,964,287,126,332,219,2170,461,220,176,905,408,289,195,70,24,878,700,178,53961,5549,8572,5060,4827,9016,6301,4219,3724,6693,61396,37383,16593,4998,1504,53961.0,1868,250,3150,581,584,5185,7812,1833,5300,1063,612,623,1977,1882,3465,6818,7922,3036,2011,0.9647094540262895,0.017805274299686563,0.0023713015081149383,0.007909808490736334,0.0072041616751727195,0.9441882600062359,0.004676961451991401,0.0012553949160608497,0.014588837652001247,0.0014441144132464677,0.007425701954477575,0.0037825951392421683,0.0018051430165580845,0.003347719776162266,0.0016000131283128477,0.0005743636870866633,0.0001969246927154274,0.0027241249158967457,0.001033854636755994,0.0023548911170553194,0.001796937821028275,0.005743636870866633,0.0014605248043060865,0.5037661847481826,0.30673482449086764,0.13614880942612861,0.04100956725798776,0.01234061407683345,0.10283352791831138,0.15885546969107317,0.0937714275124627,0.0894534941902485,0.16708363447675173,0.11676951872648765,0.07818609736661664,0.06901280554474527,0.12403402457330294,0.03461759418839532,0.004632975667611794,0.0583754934119086,0.010767035451529808,0.01082263115954115,0.09608791534626861,0.14477122366153333,0.03396897759492967,0.09821908415337002,0.019699412538685346,0.01134152443431367,0.01154537536368859,0.03663757157947407,0.03487704082578158,0.06421304275309946,0.12635051240710884,0.14680973295528252,0.05626285650747762,-4.918362757473132,1.0704670307310629,-0.5342908920429204,-1.6233004112080918,-29.9957,22.30478
Hackney,E09000012,246270,134617,89030,5216,474,39897,15869,4989,2866,3020,4994,25867,7599,1905,6180,3436,6747,56858,27976,19168,9714,13059,1721,11338,118556,11427,29638,25881,10939,7544,8860,8167,3983,12117,128442,75699,26837,11183,4109,118556.0,53,68,3014,151,288,4458,13654,3828,7983,11247,5790,2459,17752,6893,4768,13475,12444,10231,2011,0.5466236244771998,0.10503512405083851,0.23087668006659356,0.06443740609899704,0.053027165306371055,0.36151378568238113,0.021180005684817475,0.0019247167742721403,0.1620051163357291,0.02509440857595322,0.013952166321517034,0.030856377147033744,0.00773541235229626,0.02739675965403825,0.11359889552117594,0.07783327242457465,0.039444512120842976,0.012262963414138954,0.011637633491696105,0.02025825313680107,0.020278556056360905,0.006988264912494417,0.04603890039387664,0.5215495188208065,0.30738214155195515,0.10897389044544606,0.04540950988752183,0.016684939294270517,0.09638483079726036,0.24999156516751578,0.21830189952427545,0.09226863254495765,0.06363237626100746,0.07473261581025001,0.0688872768986808,0.033595937784675595,0.10220486521137691,0.00044704612166402373,0.0005735686089274267,0.025422585107459764,0.0012736597051182564,0.0024292317554573365,0.037602483214683353,0.11516920273963359,0.032288538749620434,0.06733526772158305,0.09486656095009953,0.04883768008367354,0.020741253078713856,0.1497351462599953,0.05814130031377577,0.04021728128479368,0.11365936772495698,0.10496305543371909,0.08629677114612504,5.561838038902505,10.10945539445476,3.724196430209113,-1.8867784434687547,-11.00667,-3.1440637
Halton,E06000006,125746,123041,121210,654,41,1136,1356,465,253,330,308,943,282,44,60,308,249,260,95,134,31,146,54,92,57577,4705,6864,6354,6818,6127,5466,7090,6235,7918,58684,39693,17504,7732,2133,57577.0,88,94,7218,469,918,4255,10757,3985,2670,2237,1359,672,2589,3065,3723,4413,6881,2184,2011,0.9784883813401619,0.007499244508771651,0.0020676602039031064,0.010783643217279277,0.001161070729884052,0.9639272819811365,0.00520096066674089,0.00032605410907702827,0.009034084583207418,0.00047715235474687066,0.002449382087700603,0.002242616067310292,0.0003499117268143718,0.0019801822721995134,0.0007554912283492119,0.0010656402589346778,0.00024652871661921653,0.002624337951107789,0.002011992429182638,0.0036979307492882476,0.002449382087700603,0.0004294371192721836,0.0007316336106118683,0.46668681309942267,0.3156601402827923,0.13920124695815375,0.06148903344838007,0.016962766211251253,0.0817166576931761,0.11921426958681418,0.1103565659898918,0.11841533945846432,0.10641401948694791,0.09493374090348576,0.12313944804348959,0.10828976848394324,0.1375201903537871,0.0015283880716258228,0.0016325963492366743,0.1253625579658544,0.008145613699914896,0.015943866474460288,0.07390103687236223,0.18682807370998836,0.0692116643798739,0.04637268353682894,0.038852319502579155,0.023603174878857876,0.011671327092415374,0.04496587178908244,0.05323306181287667,0.0646612362575334,0.07664518818278132,0.11950952637337826,0.03793181305034997,-5.66676913217722,0.7502405559118689,1.9080091762192566,-1.794794215751008,-36.306343,11.594965
Hammersmith and Fulham,E09000013,182493,124222,81989,6321,217,35695,10044,2769,1495,2649,3131,16635,3451,1612,1056,3140,7376,21505,10552,7111,3842,10087,5228,4859,99618,14537,26933,22021,9597,5423,6501,5430,2517,6659,103036,53374,17188,6531,2364,99618.0,80,252,2338,244,191,3991,10590,3207,6813,9586,9840,2901,16072,5403,3025,8188,9346,7551,2011,0.6806946019847336,0.09115418125626737,0.11784013633399637,0.05503772747447847,0.05527335295052413,0.4492720268722636,0.03463694497871151,0.0011890867046955226,0.19559654342906302,0.0057865233187026355,0.017206139413566548,0.018910314368222342,0.00883321552059531,0.04041798863518053,0.05782139588915739,0.03896587814327125,0.02105286230156773,0.014515625256859167,0.00819209503926178,0.015173184724893558,0.01715682245346397,0.02864767415736494,0.02662567879315919,0.564602477903262,0.2924714920572296,0.09418443447145917,0.035787674047771695,0.01295392152027749,0.14592744283161677,0.27036278584191614,0.2210544279146339,0.09633801120279467,0.05443795298038507,0.06525929048967054,0.05450822140577004,0.02526651809913871,0.06684534923407416,0.0008030677186853781,0.002529663313858941,0.023469654078580177,0.0024493565419904033,0.0019173241783613402,0.0400630408159168,0.10630608926097693,0.0321929771728001,0.06839125459254351,0.09622758939147544,0.09877732939830151,0.029121243148828524,0.16133630468389246,0.054237186050713725,0.03036599811279086,0.08219398100744846,0.0938183862354193,0.07579955429741612,5.895746609858207,10.905765717161442,-0.4915584413759458,-3.3602214354259075,-9.463581,-1.3662575
Harborough,E07000131,85382,81316,79242,486,61,1527,971,308,92,384,187,2563,1849,132,44,226,312,327,179,111,37,205,35,170,44079,6735,8434,5856,4995,5227,3449,2864,2464,4055,43421,29261,9707,2345,648,44079.0,862,60,4548,286,232,3571,8035,1853,1893,1377,1500,595,3087,2096,2256,5119,4734,1975,2011,0.9523787215103886,0.030018036588508115,0.003829847040359795,0.011372420416481226,0.0024009744442622565,0.9280878873767304,0.005692066243470521,0.0007144362980487691,0.01788433159213886,0.000515331100231899,0.0026469279239183905,0.021655618280199573,0.001545993300695697,0.0036541659834625566,0.0020964606123070437,0.0013000398210395634,0.0004333466070131878,0.004497435056569301,0.0010775104823030615,0.003607317701623293,0.0021901571759855706,0.000409922466093556,0.0019910519781687007,0.5085498114356656,0.34270689372467267,0.11368906795343281,0.027464805228268253,0.0075894216579606944,0.15279384741033145,0.19133827899906986,0.13285237868372696,0.11331926767848635,0.1185825449760657,0.07824587672134123,0.06497425077701399,0.05589963474670478,0.0919939200072597,0.019555797545316365,0.0013611924045463827,0.1031783842646158,0.006488350461671091,0.005263277297579346,0.08101363461058554,0.1822863495088364,0.04203815876040745,0.04294562036343837,0.031239365684339482,0.03402981011365957,0.013498491345084962,0.07003334921391138,0.0475509879988203,0.05118083441094399,0.11613239864788222,0.10739808071870958,0.044805916649651764,-2.488054130215101,2.1828690136674282,-3.4019333951409845,0.9246045568015862,-18.350727,14.485604
Haringey,E09000014,254926,154343,88424,6997,370,58552,16548,4856,2609,3738,5345,24150,5945,1920,4417,3744,8124,47830,23037,18087,6706,12055,2229,9826,124296,12571,29694,21564,11841,10908,9561,8543,4868,14746,126485,85567,28444,10650,3780,124296.0,53,65,3084,177,327,7783,14608,4551,10585,10208,5185,2445,14132,7807,5273,14246,13600,10167,2011,0.6054423636663189,0.09473337360645835,0.18762307493154876,0.06491295513207754,0.0472882326635965,0.3468614421439947,0.0274471807504923,0.0014514015832045378,0.2296823391886273,0.017326596737876874,0.014686614939237268,0.02332049300581345,0.007531597404737061,0.031868071518793686,0.09036740073589983,0.07095000117681209,0.02630567301883684,0.014663078697347466,0.010234342515082808,0.01904866510281415,0.02096686881683312,0.008743713862061932,0.03854451880153456,0.4961635925719621,0.3356542682974667,0.11157747738559425,0.041776829354400885,0.014827832390576088,0.10113760700263887,0.23889747055416102,0.17348909055802278,0.0952645298320139,0.08775825448928365,0.0769212203128017,0.0687310935186973,0.03916457488575658,0.11863615884662419,0.00042640149320975735,0.0005229452275214005,0.024811739718092297,0.0014240200810967368,0.0026308167599922764,0.06261665701229324,0.11752590590204029,0.03661421123769067,0.08515961897406192,0.0821265366544378,0.041714938533822486,0.019670785865997298,0.11369633777434511,0.06280974448091652,0.042422925918774536,0.11461350325030573,0.10941623221986227,0.08179667889553968,4.6264670397553145,9.29146988408165,3.7182710403219015,-0.6667708072298978,-11.736106,-2.870964
Harlow,E07000073,81944,72999,68715,875,117,3292,1752,654,308,389,401,3733,1061,629,392,830,821,3090,2256,542,292,370,147,223,40401,3598,5000,4515,5176,5001,4153,3787,3726,5445,36969,29380,11203,3398,994,40401.0,67,6,3841,118,318,3873,8244,2724,1797,1369,1173,420,1811,2199,1876,3246,5610,1709,2011,0.8908400859123303,0.04555550131797325,0.03770867909792053,0.02138045494484038,0.004515278726935468,0.8385604803280289,0.010678024016401446,0.0014278043541931075,0.04017377721370692,0.004783754759347847,0.010128868495557943,0.012947866835887924,0.0076759738357902955,0.010019037391389242,0.02753099677828761,0.006614273162159523,0.0035634091574733963,0.004747144391291614,0.0037586644537733085,0.007981060236258908,0.004893585863516548,0.0017939080347554428,0.0027213706921800254,0.4511495655569657,0.3585375378307137,0.13671531777799473,0.04146734355169384,0.01213023528263204,0.08905720155441697,0.12375931288829485,0.11175465953813024,0.12811564070196282,0.1237840647508725,0.1027944852850177,0.09373530358159451,0.09222543996435732,0.1347738917353531,0.001658374792703151,0.00014851117546595382,0.0950719041607881,0.0029207197841637582,0.007871092299695553,0.09586396376327319,0.20405435509022055,0.06742407366154303,0.04447909705205317,0.03388529986881513,0.02903393480359397,0.010395782282616768,0.04482562312814039,0.05442934580827207,0.04643449419568822,0.08034454592708101,0.1388579490606668,0.042300933145219176,-3.439552939846004,1.6877001260830695,1.5798283984320343,1.2592167413865663,-23.610243,6.0292315
Harrow,E09000015,239056,100991,73826,7336,181,19648,9499,2344,1053,3417,2685,101808,63051,7797,1378,2629,26953,19708,8526,6812,4370,7050,3708,3342,113900,13368,26446,14492,15464,10061,8358,10248,5862,9601,113731,86069,28329,8289,2638,113900.0,35,123,4923,307,395,9356,19927,6279,4967,7212,7137,2033,11262,5807,5322,10882,12431,5502,2011,0.4224574994980256,0.4258751087611271,0.0824409343417442,0.03973545947393079,0.029490997925172343,0.30882303727996785,0.030687370323271533,0.0007571447694264106,0.08218994712535975,0.005764339736296098,0.010997423197911787,0.26374991633759454,0.03261578876915869,0.11274764072016599,0.0356652834482297,0.02849541530018071,0.01828023559333378,0.01429372197309417,0.004404825647547018,0.00980523392008567,0.011231677933203935,0.01551100997255873,0.013979987952613614,0.4757504517769895,0.360036978783214,0.11850361421591593,0.03467388394351115,0.011035071280369454,0.11736611062335382,0.23218612818261633,0.12723441615452152,0.13576821773485515,0.08833187006145742,0.0733801580333626,0.08997366110623353,0.051466198419666376,0.08429323968393328,0.00030728709394205444,0.001079894644424934,0.04322212467076383,0.002695346795434592,0.0034679543459174714,0.0821422300263389,0.1749517120280948,0.05512730465320457,0.043608428446005265,0.06331870061457419,0.06266022827041265,0.01784899034240562,0.09887620719929763,0.05098331870061457,0.04672519754170325,0.09553994732221247,0.10913959613696225,0.04830553116769096,2.5836453273011917,7.885936418800717,2.9828151035671717,3.375989663308972,-14.792492,-0.5977893
Hart,E07000089,91033,86355,82534,642,273,2906,1457,311,152,685,309,2448,880,141,136,435,856,506,266,178,62,267,100,167,48047,7371,10655,8096,5645,4595,3586,3177,1836,3086,50079,30120,8432,1891,511,48047.0,188,115,3350,188,278,3280,6818,2098,2120,4975,2212,611,4358,2496,4011,4537,4104,2308,2011,0.9486120417870443,0.026891347093911,0.0055584238682675514,0.016005184932936407,0.002933002317840783,0.9066382520624389,0.007052387595707052,0.002998912482286643,0.031922489646611665,0.0014939637274395,0.004778486922324871,0.009666824118726176,0.0015488888644777168,0.009403183460942734,0.0029220172904331396,0.001955334878560522,0.0006810716992738897,0.007524743774235717,0.001669724165961794,0.0034163435237770916,0.003394373468961805,0.0010985027407643382,0.0018344995770764449,0.5501191875473729,0.3308690255182187,0.092625751101249,0.020772686827853635,0.005613349005305768,0.1534122838054405,0.22176202468416342,0.1685016754427956,0.11748912523154412,0.09563552354985744,0.07463525298145565,0.06612275480258913,0.03821258351197786,0.06422877599017629,0.003912835348721044,0.0023934897079942556,0.06972339584157179,0.003912835348721044,0.005786001207151331,0.06826648906279269,0.1419027202530855,0.04366557745540824,0.044123462443024536,0.10354444606322975,0.04603825420941994,0.012716714883343394,0.09070285345599101,0.051949133140466626,0.08348075842404312,0.09442837221886903,0.08541636314442108,0.048036297791745584,-0.803781239432468,4.243439310227226,-5.177725821585921,0.9308717899745615,-10.503657,8.637704
Hartlepool,E06000001,92028,89899,88924,193,40,742,550,180,54,173,143,1304,266,291,214,229,304,170,129,36,5,105,57,48,37767,3035,4921,3958,3853,5126,4359,3880,3879,4756,39816,30117,14607,5789,1699,37767.0,139,267,4410,666,539,3764,5657,1575,1938,645,789,588,1511,1603,2552,3641,5829,1654,2011,0.9768657365149737,0.014169600556352415,0.0018472638762115877,0.005976441952449255,0.0011409571000130395,0.9662711348719955,0.00209718781240492,0.00043465032381449125,0.008062763506758813,0.002325379232407528,0.0024883731038379624,0.0028904246533663666,0.003162081105750424,0.0033033424609901336,0.0014017472943017343,0.00039118529143304214,5.4331290476811406e-05,0.0018798626504976745,0.0005867779371495632,0.0019559264571652104,0.0015538749076368062,0.00061937671143565,0.0005215803885773895,0.43265093232494456,0.3272590950580258,0.15872343199895683,0.06290476811405224,0.018461772504020514,0.08036116186088384,0.13029893822649402,0.1048004871978182,0.10202028225699684,0.13572695739666904,0.11541822225752642,0.10273519209892235,0.1027087139566288,0.12593004474806047,0.0036804617788015995,0.007069663992374295,0.11676860751449679,0.017634442767495432,0.014271718696216273,0.09966372759287208,0.14978685095453703,0.04170307411232028,0.0513146397648741,0.017078401779331162,0.020891254269600444,0.015569147668599572,0.04000847300553393,0.04244446209653931,0.06757221913310563,0.09640691609076707,0.15434109142902533,0.04379484735350968,-6.9870140143936466,0.1274741355610049,1.8813496815793662,-2.600356548797485,-38.084812,14.794092
Hastings,E07000062,90254,84631,80624,702,150,3155,1948,595,277,585,491,2126,487,78,276,366,919,1065,639,303,123,484,161,323,40671,3954,5682,4520,4891,5406,5388,3703,2785,4342,36556,32707,14276,5159,1556,40671.0,142,27,2828,135,258,3978,6747,1694,2273,972,1345,563,1852,1626,2830,3834,7497,2070,2011,0.937698052163893,0.0235557426817648,0.011800031023555743,0.02158353092383717,0.0053626432069492766,0.8933011279278481,0.007778048618343785,0.0016619762005008088,0.03495689941720034,0.0030580362089214883,0.004055221929221973,0.0053958827309592925,0.0008642276242604206,0.010182374188401622,0.007080018614133446,0.003357191925011634,0.0013628204844106633,0.0064817071819531545,0.0030691160502581603,0.006592505595319875,0.005440202096305981,0.0017838544552042015,0.003578788751745075,0.40503467990338377,0.362388370598533,0.15817581492233032,0.05716090145589115,0.017240233119861722,0.09721914877922844,0.1397064247252342,0.11113569865506134,0.12025767746059846,0.1329202625949694,0.13247768680386515,0.0910476752477195,0.06847630990140395,0.10675911583191955,0.0034914312409333433,0.0006638636866563399,0.06953357429126404,0.0033193184332816995,0.006343586339160582,0.09780924983403408,0.16589215903223428,0.04165129945169777,0.055887487398883724,0.023899092719628236,0.03307024661306582,0.013842787243982198,0.04553613139583487,0.0399793464630818,0.06958274937916452,0.09426864350520027,0.1843328169949104,0.050896215976986056,-4.477917190597014,0.4939099769400077,1.652374358835379,-0.4613627219643443,-21.458462,25.62549
Havant,E07000090,120684,117162,114919,532,64,1647,1514,404,215,588,307,1427,504,72,155,313,383,388,252,55,81,193,73,120,55555,5595,8036,6163,6341,7638,5565,5438,4538,6241,53474,43275,17188,5172,1575,55555.0,128,27,6457,873,546,5851,9228,2392,2718,2111,1413,670,2488,2980,3576,5008,6592,2497,2011,0.9708163468231082,0.011824268337144941,0.003215007788936396,0.012545159258890989,0.0015992177919193927,0.9522306188061384,0.004408206555964337,0.0005303105631235292,0.013647210897882072,0.0012843458950647973,0.00259355009777601,0.004176195684597792,0.0005965993835139703,0.00317357727619237,0.002088097842298896,0.00045573564018428294,0.0006711743064532166,0.004872228298697425,0.0017815120479931059,0.0033475854297172784,0.0025438334824831794,0.0006048854860627755,0.0009943323058566173,0.4430910476948063,0.3585810877995426,0.1424215306088628,0.042855722382420205,0.013050611514368102,0.1007110071100711,0.14464944649446496,0.1109351093510935,0.11413914139141391,0.13748537485374854,0.1001710017100171,0.0978849788497885,0.08168481684816849,0.1123391233912339,0.0023040230402304024,0.0004860048600486005,0.11622716227162272,0.015714157141571417,0.00982809828098281,0.1053190531905319,0.16610566105661057,0.043056430564305644,0.04892448924489245,0.03799837998379984,0.025434254342543424,0.012060120601206013,0.044784447844478444,0.05364053640536405,0.06436864368643687,0.09014490144901449,0.11865718657186572,0.044946449464494644,-5.162783880933977,0.8894072225249654,0.13894375227706873,0.31341804046818394,-28.480003,10.43031
Havering,E09000016,237232,207949,197615,2989,160,7185,4933,1970,712,1154,1097,11545,5017,1492,975,1459,2602,11481,7581,2885,1015,1324,311,1013,112846,11019,15960,14716,19862,14734,9509,9282,8353,9411,109131,84378,31492,9464,2767,112846.0,97,63,6095,437,842,12972,16473,7536,3777,3924,11209,1686,7428,5326,7086,10462,12080,5353,2011,0.8765638699669522,0.048665441424428406,0.048395663316921834,0.020793990692655293,0.0055810345990422875,0.8330031361704998,0.01259948067714305,0.0006744452687664396,0.03028680785054293,0.004109900856545491,0.006150097794563971,0.02114807445875767,0.0062892021312470495,0.010968166183314225,0.031956059890739866,0.012161091252444864,0.004278512173737101,0.0048644365009779455,0.003001281446010656,0.008304107371686787,0.004624165373979901,0.001310952991164767,0.004270081607877521,0.4600180414109395,0.3556771430498415,0.13274769002495448,0.039893437647534905,0.011663687866729614,0.09764634989277422,0.14143168566010314,0.13040781241692218,0.1760097832444216,0.13056732183683958,0.08426528188859153,0.0822536908707442,0.0740212324761179,0.08339684171348563,0.0008595785406660404,0.0005582829697109335,0.054011661910922854,0.00387253425021711,0.007461496198358826,0.11495312195381316,0.14597770412774932,0.06678127713875547,0.033470393279336444,0.03477305354199529,0.09933006043634687,0.014940715665597362,0.06582422061925101,0.04719706502667352,0.06279354164082024,0.09271041950977438,0.10704854403346153,0.047436329156549634,-3.1455802014365424,3.2556945881404977,-0.19940797026511237,1.29830710003747,-19.667543,7.8787236
"Herefordshire, County of",E06000019,183477,180169,171922,709,363,7175,1270,407,146,415,302,1439,490,80,32,277,560,331,160,103,68,268,105,163,90237,10441,13066,9286,8783,14578,8910,6633,7668,10872,83874,64494,25517,7441,2151,90237.0,4893,124,11373,253,636,7865,15054,2781,4734,1935,1565,1446,4559,3995,4899,8323,11624,4178,2011,0.981970492214283,0.007842944892275326,0.0018040408334559644,0.006921848515072734,0.0014606735449129863,0.9370220790616808,0.003864244564713833,0.0019784496149381123,0.03910571897295029,0.00017440878148214763,0.0015097260147048403,0.0026706344664453856,0.00043602195370536905,0.0030521536759375834,0.0008720439074107381,0.0005613782653956627,0.0003706186606495637,0.002261863884846602,0.0007957400655122986,0.0022182616894760652,0.0016459828752377682,0.0005722788142382969,0.0008883947306746895,0.45713631681355155,0.3515099985284259,0.13907465240874878,0.04055549196902064,0.01172354028025311,0.11570641754490951,0.14479648037944523,0.1029067898977138,0.0973325797621818,0.16155235657213782,0.0987399847069384,0.07350643305960969,0.08497622926294092,0.12048272881412281,0.054223877123574585,0.0013741591586599732,0.12603477509225705,0.0028037279608143003,0.007048106652481798,0.08715936921661846,0.1668273546328003,0.03081884371155956,0.05246185046045414,0.021443532032314905,0.017343218413732726,0.016024468898567106,0.050522512938151756,0.04427230515198865,0.05429036869576781,0.09223489256070126,0.12881633919567362,0.046300298103882,-4.853733505111939,0.1354424757638742,-1.0242545110783938,0.9591511414069531,-26.99129,23.536444
Hertsmere,E07000098,100031,85063,75750,2130,154,7029,2619,678,385,862,694,7393,3723,454,232,918,2066,3927,2990,558,379,1029,200,829,49428,6790,9603,7224,6694,4767,4461,3486,2628,3775,51558,32887,11433,3208,945,49428.0,95,30,2221,165,221,3849,8195,2316,2097,2811,2850,1344,4591,2697,2236,5126,5517,3067,2011,0.8503663864202098,0.07390708880247124,0.03925783007267747,0.026181883616079017,0.010286811088562546,0.7572652477731903,0.02129339904629565,0.0015395227479481361,0.07026821685277564,0.0023192810228829064,0.009177155081924604,0.037218462276694224,0.004538593036158791,0.02065359738481071,0.029890733872499527,0.005578270736071818,0.0037888254641061272,0.008617328628125281,0.00384880686987034,0.0067778988513560795,0.006937849266727314,0.0019993801921404366,0.008287430896422109,0.5154202197318831,0.32876808189461265,0.11429456868370805,0.0320700582819326,0.009447071407863562,0.13737153030670876,0.19428259286234523,0.14615197863559115,0.13542931132151817,0.09644331148336975,0.09025248846807478,0.07052682689973294,0.05316824471959213,0.0763737153030671,0.0019219875374281783,0.0006069434328720563,0.04493404548029457,0.0033381888807963098,0.004471149955490815,0.07787084243748482,0.16579671441288338,0.046856033017722745,0.04242534595775674,0.056870599660111675,0.05765962612284535,0.027191065792668122,0.09288257667718702,0.054564214615197865,0.045237517196730595,0.10370640123007202,0.11161689730517116,0.06204985028728656,-0.41071047259530347,5.08355849447938,-1.8287826451793239,0.2578438655016413,-12.776884,5.3814955
High Peak,E07000037,90892,88954,87131,596,10,1217,944,348,113,284,199,711,148,78,10,228,247,184,87,82,15,99,33,66,45618,5177,8123,5330,4607,5744,4578,3206,4094,4759,43185,30980,12011,3696,1020,45618.0,436,466,6084,198,261,3478,6558,2148,2423,1241,1342,595,2961,1784,2195,5273,6027,2148,2011,0.978677991462395,0.007822470624477402,0.0020243805835497074,0.010385952559081106,0.0010892047704968535,0.9586212207895084,0.0065572327597588345,0.00011002068388857105,0.013389517229239097,0.00011002068388857105,0.0025084715926594198,0.0016283061215508516,0.0008581613343308542,0.002717510892047705,0.0009571799498305681,0.0009021696078862826,0.00016503102583285658,0.0031245874224354177,0.0012432337279408528,0.0038287197993222724,0.002189411609382564,0.00036306825683228447,0.0007261365136645689,0.4751243233727941,0.3408440786867931,0.1321458434185627,0.04066364476521586,0.011222109756634248,0.11348590468674646,0.17806567582971633,0.11683984392125915,0.10099083695032662,0.1259152089087641,0.10035512297777194,0.07027927572449472,0.08974527598754878,0.10432285501337192,0.009557630759787803,0.0102152659038099,0.13336840720768117,0.004340391950545837,0.00572142575299224,0.07624183436362839,0.1437590424832303,0.047086676311982115,0.053114998465517996,0.027204173791047392,0.029418212109255118,0.013043097023104916,0.06490858871498092,0.03910736989784734,0.048116971370950064,0.11559033714761717,0.1321189004340392,0.047086676311982115,-4.268961415323116,1.2241204071586538,-1.2254482995663116,-1.1022091984121245,-33.468815,19.695824
Hillingdon,E09000017,273936,166031,142916,5949,344,16822,10479,2719,1409,3602,2749,69253,36795,9200,2639,2889,17730,20082,11275,4615,4192,8091,2925,5166,130290,13353,22237,16961,17313,13565,11542,11242,9716,14361,133627,96647,31492,9404,2766,130290.0,109,150,6978,445,720,10567,20635,14171,7540,7311,4864,1708,8266,7739,7256,12350,13392,6089,2011,0.6060941241749898,0.25280722504526604,0.07330909409497109,0.03825346066234449,0.029536096022428595,0.5217131008702762,0.021716751357981425,0.0012557677705741486,0.06140850417615794,0.009633637053910403,0.010546258980199754,0.13431969511126687,0.03358448688744816,0.06472314701244086,0.041159248875649784,0.016847000759301442,0.015302844460019858,0.013149056713976988,0.005143537176566789,0.009925676070322995,0.010035190701477717,0.010677676537585421,0.018858419484843174,0.4878037205770691,0.3528086852403481,0.11496115881081713,0.034329186379300276,0.010097248992465394,0.10248676030393737,0.1706731138230102,0.13017883183667203,0.13288049735206078,0.10411389976206924,0.0885869982347072,0.08628444239772814,0.07457210837362806,0.11022334791618697,0.0008365952874357203,0.0011512779184895234,0.05355744876813263,0.0034154578248522527,0.005526134008749712,0.0811036917645253,0.1583774656535421,0.10876506255276691,0.05787090336940671,0.056113285747179366,0.03733210530355361,0.01310921789853404,0.06344308849489601,0.05939826540793614,0.05569115051039988,0.0947885486223041,0.10278609256274465,0.04673420830455138,0.479676682332395,6.035387652306452,2.5213749534413283,2.730722845452428,-15.766585,-0.27658254
Hinckley and Bosworth,E07000132,105078,101369,99440,451,86,1392,1027,364,81,390,192,2246,1390,158,81,269,348,262,133,110,19,174,74,100,53774,6390,8305,6536,6548,6814,4795,3868,4498,6020,48612,37653,13974,3812,1027,53774.0,529,144,7390,1217,410,4465,10032,2991,2281,1390,1568,523,2906,2128,2561,5294,5730,2215,2011,0.9647024115419022,0.0213745979177373,0.002493385865737833,0.009773691924094483,0.0016559127505281792,0.9463446201869088,0.004292049715449476,0.0008184396353185252,0.013247302004225433,0.0007708559355907041,0.0025600030453567825,0.013228268524334305,0.0015036449113991512,0.0033118255010563583,0.001265726412760045,0.0010468413940120673,0.0001808180589657207,0.0037115285787700566,0.0007708559355907041,0.003464093340185386,0.0018272140695483356,0.0007042387559717543,0.0009516739945564247,0.4626277622337692,0.3583338091703306,0.1329869239993148,0.03627781267249091,0.009773691924094483,0.11883066165805035,0.15444266746011084,0.12154572841893851,0.12176888459106631,0.12671551307323242,0.08916948711273107,0.07193067281585896,0.08364637185256815,0.11195001301744337,0.009837467921300257,0.0026778740655335294,0.13742700933536653,0.022631755123293785,0.007624502547699632,0.08303269237921672,0.18655855989883588,0.05562167590285268,0.042418269051958196,0.025848923271469485,0.029159073158031762,0.009725889835236359,0.054040986350280804,0.03957302785732882,0.04762524640160672,0.09844906460371183,0.10655707219102169,0.04119091010525533,-4.701064280737592,1.3406758977791398,-1.3661757693415078,0.9610711979582632,-27.088827,11.627289
Horsham,E07000227,131301,126062,121020,904,234,3904,1774,364,260,725,425,2585,734,165,209,472,1005,651,440,155,56,229,75,154,66299,9358,12684,9836,7854,7385,6421,4561,2861,5339,66403,45684,14580,3560,1074,66299.0,799,94,5031,314,394,5081,10195,4047,2762,3222,4074,1194,5506,3738,2948,6390,6742,3768,2011,0.960099313790451,0.019687588061020098,0.004958073434322663,0.013510940510734877,0.001744084203471413,0.9216989969611808,0.0068849437551884605,0.001782164644595243,0.029733208429486447,0.0015917624389760931,0.00359479364208955,0.005590208756978241,0.0012566545570863892,0.007654168665889825,0.0033510788188970382,0.0011804936748387293,0.00042650094058689576,0.005521663962955347,0.001980182938439159,0.0027722561138148224,0.0032368374955255483,0.0005712066168574497,0.0011728775866139633,0.5057311063891364,0.3479333744602097,0.11104256631708821,0.027113274080166946,0.00817967875339868,0.1411484336113667,0.1913151027918973,0.14835819544789514,0.11846332523869138,0.11138931205598877,0.09684912291286445,0.06879440112218888,0.04315298873286173,0.08052911808624565,0.012051463822983756,0.0014178192732922064,0.0758834974886499,0.004736119700146307,0.005942774400820525,0.0766376566765713,0.1537730584171707,0.06104164467035702,0.04165975354077739,0.04859801806965414,0.06144889063183457,0.018009321407562708,0.08304800977390307,0.05638094088900285,0.044465225719844945,0.09638154421635318,0.10169082489931974,0.056833436401755685,-2.352167179204601,2.9581823170582284,-3.478425682549668,0.8760396658776376,-13.950374,12.216026
Hounslow,E09000018,253957,130505,96264,4775,183,29283,10349,2273,1730,3390,2956,87257,48161,13676,2189,2405,20826,16813,10787,3381,2645,9033,3638,5395,127032,13071,23472,17382,14694,11217,10631,11266,8691,16608,124442,89064,28552,9085,2814,127032.0,70,280,5020,330,491,7396,18866,14758,10612,10537,5403,1928,9360,9027,5457,9356,11219,6922,2011,0.5138862090826399,0.3435896628169336,0.06620412117011935,0.04075099327838965,0.03556901365191745,0.3790562969321578,0.018802395681158622,0.0007205944313407388,0.1153069220379828,0.00861956945467146,0.009470107144122823,0.18964234102623673,0.053851636300633575,0.082006008891269,0.04247569470422158,0.013313277444606765,0.010415149021291006,0.013348716515000572,0.006812176864587312,0.008950334111680324,0.011639765787121443,0.01432525978807436,0.02124375386384309,0.4900120886606788,0.35070504061711233,0.11242848198710806,0.03577377272530389,0.011080616009796934,0.10289533345928585,0.18477234082750804,0.13683166446249764,0.11567164179104478,0.08830058567919895,0.08368757478430632,0.0886863152591473,0.06841583223124882,0.13073871150576233,0.000551042257069085,0.00220416902827634,0.03951760186409724,0.0025977706404685433,0.0038651678317274387,0.05822155047547075,0.14851376031236224,0.1161754518546508,0.08353800617167328,0.08294760375338497,0.04253259021348951,0.015177278166131368,0.0736822218023805,0.07106083506518043,0.042957679954657095,0.07365073367340512,0.08831632974368663,0.05449020719188866,1.3830155179668278,7.013507011975658,3.3954682776455565,2.6054623144233795,-15.668113,-0.5480983
Huntingdonshire,E07000011,169508,160691,151694,1130,208,7659,2530,707,356,769,698,4190,1119,998,351,575,1147,1642,862,427,353,455,132,323,88991,11009,14993,12421,10753,10245,7878,6505,6714,8473,82675,60470,19682,5239,1442,88991.0,1027,83,10891,270,905,6789,13947,3493,3792,3864,2518,1339,6306,4143,7087,7876,10006,4655,2011,0.9479847558817283,0.024718597352337352,0.00968685843735989,0.014925549236614202,0.0026842390919602616,0.894907614979824,0.006666352030582627,0.0012270807277532624,0.045183708143568445,0.0020706987280836304,0.003392170281048682,0.006601458338249522,0.005887627722585365,0.006766642282370154,0.0050853057082851545,0.00251905514783963,0.002082497581235104,0.004536659036741629,0.0021001958609623145,0.0041708945890459445,0.004117799749864313,0.0007787243079972626,0.0019055147839629988,0.4877350921490431,0.3567383250348066,0.11611251386365246,0.030907095830285298,0.00850697312221252,0.12370913912642852,0.16847771122922542,0.13957591217089368,0.12083244373026486,0.1151240013035026,0.08852580598038004,0.07309727950017418,0.07544583160094841,0.09521187535818229,0.011540492858828421,0.0009326785854749357,0.12238316234225934,0.003034014675641357,0.010169567709094178,0.07628861345529324,0.15672371363396298,0.039251160229686145,0.04261105055567417,0.043420121135845195,0.02829499612320347,0.015046465372902877,0.07086109831331258,0.04655526963400793,0.07963726668988999,0.0885033317975975,0.11243833646099044,0.052308660426335245,-2.889256014188836,2.3381744958395276,-2.0815168932039554,1.274565931090624,-17.798943,12.943507
Hyndburn,E07000120,80734,70778,68834,436,97,1411,696,186,39,336,135,9007,279,7548,402,268,510,106,52,45,9,147,91,56,35993,3262,4308,3531,3865,5239,4465,3210,4193,3920,34759,27610,12225,4800,1340,35993.0,103,24,6079,126,256,2883,6633,1771,1701,716,661,369,1273,1442,1942,3558,5004,1452,2011,0.8766814477171947,0.11156390120643099,0.001312953650258875,0.008620903213020536,0.0018207942130948546,0.8526023732256546,0.005400450863328957,0.0012014764535387818,0.017477147174672383,0.004979314786830827,0.0033195431912205514,0.0034557930983228876,0.09349220898258478,0.006317041147471945,0.000644090469938316,0.0005573859836004657,0.00011147719672009314,0.004161815344216811,0.00048306785245373694,0.0023038620655485916,0.001672157950801397,0.001127158322392053,0.0006936358907028018,0.43053732008819084,0.34198726682686353,0.15142319221145986,0.05945450491738301,0.01659771595610276,0.09062873336482094,0.11968993971049927,0.09810240880171145,0.1073819909426833,0.14555608034895673,0.12405189898035729,0.08918400800155586,0.11649487400327842,0.10891006584613674,0.0028616675464673688,0.0006667963215069597,0.16889395160170034,0.0035006806879115384,0.007112494096074237,0.08009890812102353,0.184285833356486,0.04920401189120107,0.04725918928680577,0.019892756924957632,0.01836468202150418,0.010251993443169505,0.03536798821993165,0.04006334565054316,0.053954935681938154,0.09885255466340677,0.1390270330342011,0.04034117745117106,-5.149240157856307,-0.6479044416312789,2.161655704418567,-0.17372026722150094,-33.70083,4.5649514
Ipswich,E07000202,133384,118596,110624,610,149,7213,4816,2579,655,637,945,5740,1801,242,1687,666,1344,3096,1025,1554,517,1136,151,985,65479,5197,9236,7132,7332,7722,6625,6794,6093,9348,60771,47800,18053,5233,1527,65479.0,251,31,5183,639,423,5269,11560,4917,3671,2670,4004,670,2449,3367,3517,5148,9005,2705,2011,0.8891321297906796,0.04303364721405866,0.023211179751694355,0.036106279613746774,0.008516763629820668,0.8293648413602831,0.004573262160379056,0.0011170755113057039,0.05407695075871169,0.012647693876326995,0.004993102621004018,0.013502369099742098,0.0018143105619864452,0.0100761710549991,0.007684579859653332,0.01165057278234271,0.0038760271096983144,0.004775685239608949,0.004910633959095544,0.01933515264199604,0.007084807773046243,0.001132069813470881,0.007384693816349787,0.4556093684399928,0.35836382174773584,0.1353460684939723,0.03923259161518623,0.011448149703112817,0.07936895798653003,0.1410528566410605,0.10892041723300601,0.11197483162540661,0.11793093969058782,0.10117747674827043,0.10375845690984896,0.0930527344644848,0.14276332870080483,0.003833290062462774,0.00047343423082209566,0.07915514897906199,0.009758853983719971,0.006460086439927305,0.08046854716779425,0.17654515188075567,0.07509277783716917,0.056063776172513326,0.04077643213854824,0.06114937613586035,0.010232288214542067,0.03740130423494555,0.05142106629606439,0.05371187709036485,0.07862062646039188,0.1375250080178378,0.041310954657218346,-3.3317543723048657,2.134392589372502,2.235279277370366,1.34526731201444,-26.156834,6.750609
Isle of Anglesey,W06000001,69751,68520,67349,476,65,630,480,180,41,180,79,491,135,33,53,153,117,81,50,25,6,179,134,45,30431,2968,4656,3090,3012,5092,3542,2388,2294,3389,33492,21309,10541,3413,996,30431.0,932,62,2335,896,278,2687,4380,1597,2086,467,336,333,1091,978,2754,3401,4553,1265,2011,0.9823515075052688,0.007039325601066651,0.0011612736734957206,0.0068816217688635285,0.002566271451305358,0.9655632177316454,0.006824274920789666,0.0009318862812002695,0.009032128571633382,0.0007598457369786813,0.0021935169388252497,0.0019354561224928675,0.00047311149660936763,0.0016773953061604851,0.0007168356009232842,0.0003584178004616421,8.602027211079411e-05,0.0025806081633238235,0.0005878051927570931,0.0025806081633238235,0.0011326002494587892,0.0019211194104744019,0.0006451520408309559,0.4801651589224527,0.30550099640148526,0.1511232813866468,0.048931198119023384,0.014279365170391823,0.09753212184942986,0.15300187308994118,0.10154119154809241,0.09897801583911144,0.16732936807860405,0.11639446616936676,0.07847261016726365,0.07538365482567119,0.11136669843251946,0.03062666359961881,0.002037396076369492,0.07673096513423812,0.029443659426242975,0.009135421116624494,0.08829811705169072,0.14393217442739312,0.05247937958003352,0.06854851960172192,0.015346193026847622,0.011041372284841117,0.010942788603726463,0.03585159869869541,0.03213828004337682,0.09049981926325129,0.11176103315697808,0.14961716670500477,0.04156945220334527,-5.988790397288996,0.7867394071817778,-0.18499699264186584,-1.8634008475598203,-29.288828,17.163715
Isle of Wight,E06000046,138265,134545,131099,747,94,2605,1709,507,123,738,341,1514,435,80,131,219,649,303,141,115,47,194,52,142,59299,6769,8644,6347,5712,9102,7183,5151,3467,6924,56420,50514,22378,6921,2032,59299.0,735,70,5335,227,351,5034,9379,2380,5393,1090,888,927,2568,2266,4047,5831,9277,3501,2011,0.9730951433840813,0.01094998734314541,0.0021914439662966043,0.012360322568979858,0.0014031027374968358,0.9481719885726684,0.005402668788196579,0.0006798539037355802,0.018840632119480706,0.0009474559722272448,0.0015839149459371496,0.003146132426861462,0.0005785990670090044,0.004693884931110549,0.0010197808556033704,0.0008317361588254439,0.0003399269518677901,0.005337576393158066,0.0008895960655263443,0.0036668715871695655,0.0024662785231258813,0.0003760893935558529,0.001027013343940983,0.40805699200810036,0.3653419158861606,0.16184862401909378,0.050056051784616494,0.014696416302028713,0.11415032293967858,0.1457697431659893,0.10703384542741025,0.09632540177743301,0.1534933135466028,0.12113189092564798,0.08686487124572084,0.05846641595979696,0.11676419501172026,0.012394812728713806,0.0011804583551156007,0.08996779035059613,0.003828057808732019,0.005919155466365369,0.08489181942359905,0.1581645558947031,0.04013558407393042,0.09094588441626335,0.018381422958228637,0.014974957419180762,0.015632641359888025,0.04330595794195518,0.03821312332417073,0.06824735661646908,0.09833218098112953,0.1564444594343918,0.059039781446567394,-5.158708997535698,-0.12959090350099184,0.4576456531480806,-0.2948141407270809,-22.92132,25.089027
Isles of Scilly,E06000053,2203,2177,2087,10,0,80,18,3,3,9,3,2,0,0,0,0,2,2,1,1,0,4,0,4,1311,261,121,118,110,258,143,56,71,173,1135,754,248,53,13,1311.0,75,5,40,6,11,95,134,131,313,7,13,28,22,78,78,107,105,63,2011,0.988197911938266,0.0009078529278256923,0.0009078529278256923,0.008170676350431231,0.0018157058556513845,0.9473445301861099,0.004539264639128461,0.0,0.03631411711302769,0.0,0.0,0.0,0.0,0.0009078529278256923,0.00045392646391284613,0.00045392646391284613,0.0,0.0040853381752156154,0.0013617793917385383,0.0013617793917385383,0.0013617793917385383,0.0,0.0018157058556513845,0.5152065365410804,0.34226055379028597,0.11257376305038584,0.024058102587380843,0.005901044030866999,0.19908466819221968,0.09229595728451563,0.09000762776506484,0.08390541571319603,0.19679633867276888,0.10907704042715484,0.04271548436308162,0.05415713196033562,0.13196033562166284,0.057208237986270026,0.0038138825324180014,0.03051106025934401,0.004576659038901602,0.008390541571319604,0.07246376811594203,0.10221205186880244,0.09992372234935164,0.2387490465293669,0.005339435545385202,0.009916094584286803,0.02135774218154081,0.016781083142639208,0.059496567505720827,0.059496567505720827,0.08161708619374523,0.08009153318077804,0.04805491990846682,-4.829380568933563,1.72093436544463,-3.032174610578942,1.3999841452709072,-25.607134,22.559177
Islington,E09000019,206125,140515,98322,8140,163,33890,13339,4236,1912,2964,4227,19034,3534,951,4662,4457,5430,26294,12622,7943,5729,6943,1893,5050,106765,12270,33384,23561,9682,5426,6140,6065,2892,7345,106386,63382,23113,9771,3473,106765.0,45,119,2175,206,259,3768,10146,3163,5996,10793,9644,1893,20470,4744,4499,10356,10319,8170,2011,0.6816979987871438,0.09234202546998181,0.12756337174044877,0.06471315949060036,0.033683444511825346,0.4770018192844148,0.03949060036385688,0.0007907822922983627,0.16441479684657367,0.022617343844754396,0.021622801697998788,0.017144936325045483,0.004613705275924803,0.026343238326258338,0.06123468768950879,0.038534869617950274,0.02779381443298969,0.014379624014554275,0.009275924802910855,0.02055063674954518,0.020506973923590053,0.00918374772589448,0.024499696785930867,0.5161237113402062,0.30749302607640994,0.11213098847786537,0.047403274711946636,0.016848999393571863,0.11492530323607925,0.3126867419098019,0.2206809347632651,0.09068514962768698,0.050821898562262914,0.05750948344494919,0.056807006041305674,0.027087528684493982,0.06879595373015501,0.00042148644218610966,0.0011145974804477124,0.020371844705661966,0.001929471268674191,0.002425888633915609,0.03529246475905025,0.09503114316489486,0.029625813702992554,0.056160726829953635,0.10109118156699293,0.09032922774317426,0.017730529667962347,0.19172949936777034,0.04443403737179787,0.04213927785322905,0.0969980798950967,0.0966515243759659,0.07652320517023369,5.733649199441198,10.273101300432645,0.7044441913259021,-3.757583119005949,-9.907524,-1.8233923
Kensington and Chelsea,E09000020,158649,112017,62271,3715,119,45912,8986,1695,1148,3021,3122,15861,2577,911,836,3968,7569,10333,5536,3257,1540,11452,6455,4997,81387,18949,19025,20284,6300,2892,4919,3472,1476,4070,91764,45189,14464,5357,1875,81387.0,123,291,1878,196,122,2393,7804,2037,4097,6076,17494,2762,13599,3469,1865,4894,5476,6811,2011,0.7060681126259857,0.09997541743093244,0.06513120158336957,0.056640760420803155,0.07218450793890917,0.39250798933494696,0.023416472842564404,0.0007500835177026013,0.28939356693077173,0.005269494292431721,0.02501118822053716,0.016243405253105914,0.005742236005269494,0.04770909365958815,0.03489464163026555,0.020529596782835065,0.009706963170268958,0.019042036193105533,0.00723609981783686,0.010683962710133691,0.01967866169972707,0.040687303418237744,0.03149720452067142,0.5784089404912732,0.28483633681901555,0.09116981512647417,0.033766364742292734,0.011818542820944349,0.23282588128325163,0.2337596913511986,0.24922899234521484,0.07740793984297246,0.035533930480297835,0.06043962795040977,0.042660375735682605,0.018135574477496405,0.050007986533475865,0.0015112978731247006,0.003575509602270633,0.023074938257952746,0.002408247017336921,0.0014990108985464508,0.029402730165751286,0.09588754960865986,0.02502856721589443,0.050339734847088605,0.07465565753744456,0.21494833327189847,0.03393662378512539,0.16709056728961627,0.04262351481194786,0.022915207588435498,0.06013245358595353,0.06728347279049479,0.08368658385245802,7.318147777579932,11.655519885073462,-2.7896885193358596,-4.936593479953022,-8.00291,-1.1403042
King's Lynn and West Norfolk,E07000146,147451,143409,135955,605,255,6594,1372,362,235,376,399,1863,668,134,51,386,624,561,319,118,124,246,74,172,67268,7047,8130,7219,6720,9987,6979,5295,7243,8648,60322,54681,23441,7077,1930,67268.0,2240,127,8613,226,577,6267,11699,2690,3898,881,1387,841,2530,2897,4682,5571,8879,3263,2011,0.9725875036452788,0.012634705766661466,0.0038046537493811503,0.00930478599670399,0.001668350841974622,0.9220351167506494,0.004103057965018888,0.001729388067900523,0.044719940861709995,0.00034587761358010455,0.002617818800821968,0.004530318546500193,0.0009087764748967453,0.004231914330862456,0.002163430563373595,0.0008002658510284773,0.0008409573349790778,0.0025499996609043003,0.0015937497880651877,0.0024550528650195656,0.0027059836827149357,0.00050186163539074,0.001166489206583882,0.40909861581135426,0.370841838983798,0.15897484588100455,0.047995605319733334,0.01308909400410984,0.10476006422072902,0.12085984420526848,0.10731700065410002,0.09989891181542487,0.1484658381399774,0.1037491823749777,0.07871499078313611,0.10767378248201225,0.12856038532437414,0.03329963727180829,0.0018879705060355593,0.12804007849200214,0.003359695546173515,0.008577629779389903,0.0931646548135815,0.1739162751977166,0.03998929654516263,0.05794731521674496,0.01309686626627817,0.020619016471427724,0.012502229886424451,0.037610751025747756,0.04306653981090563,0.06960218826187786,0.08281798180412678,0.13199441041802937,0.048507462686567165,-5.460234095367228,-0.34874308373176,0.6163474543385218,0.9622671570919252,-26.326933,25.503069
"Kingston upon Hull, City of",E06000010,256406,241321,229920,550,284,10567,3454,871,821,945,817,6471,1086,882,755,2124,1624,2996,2472,236,288,2164,1134,1030,110903,7306,11612,10389,11021,15530,11576,12620,12531,18318,110555,89572,38102,14047,4130,110903.0,426,231,16851,879,707,9306,20353,5900,6959,2007,1148,1019,3540,6394,6328,9240,14899,4716,2011,0.9411675233808882,0.025237318939494397,0.011684593964259807,0.01347082361567202,0.008439740099685655,0.8967028852678954,0.002145035607591086,0.0011076183864652154,0.041211984118936375,0.0029445488795114,0.008283737510042667,0.004235470308807126,0.003439857101627887,0.0063337051395053155,0.009640960039936662,0.0009204152788936296,0.0011232186454295141,0.003685561180315593,0.0032019531524223304,0.003396956389476065,0.0031863528934580315,0.004422673416378712,0.004017066683306943,0.43117165744951363,0.3493365989875432,0.14860026676442828,0.05478420941787634,0.01610726738063852,0.0658773883483765,0.10470411079952752,0.09367645600209192,0.09937512961777409,0.14003228046130403,0.10437950280876081,0.11379313454099528,0.11299063145271093,0.1651713659684589,0.0038411945574060215,0.0020829012740863637,0.15194359034471566,0.007925845107887073,0.00637494026311281,0.0839111656131935,0.18352073433541022,0.053199642931210156,0.06274852799293076,0.01809689548524386,0.01035138815000496,0.009188209516424262,0.031919785758726095,0.05765398591561995,0.057058871265880995,0.08331605096345455,0.13434262373425426,0.04252364679043849,-5.38904404775445,-0.11662305706981221,3.181516290063184,-0.38299206162073346,-34.282562,13.165571
Kingston upon Thames,E09000021,160060,119219,101015,2718,95,15391,6269,1238,700,2500,1831,26152,6325,3009,892,2883,13043,4021,2616,1027,378,4399,2439,1960,81957,10882,20651,13336,9397,6278,6185,6569,2737,5922,84332,53598,16425,4438,1267,81957.0,63,195,3026,301,264,4844,11922,3319,3966,6464,5076,1308,8805,4355,4608,9114,9004,5323,2011,0.7448394352117956,0.16338872922654005,0.025121829314007246,0.03916656253904786,0.02748344370860927,0.6311070848431838,0.016981132075471698,0.0005935274272147944,0.09615769086592528,0.005572910158690491,0.01801199550168687,0.039516431338248156,0.018799200299887544,0.08148819192802699,0.016343871048356867,0.006416343871048357,0.0023616143946020244,0.015619142821441959,0.0043733599900037485,0.007734599525178058,0.011439460202424092,0.015238035736598775,0.012245407972010496,0.5268774209671373,0.33486192677745846,0.10261776833687367,0.027727102336623767,0.007915781581906785,0.1327769440072233,0.2519735959100504,0.16271947484656588,0.11465768634771893,0.07660114450260502,0.07546640311382798,0.08015178691264932,0.03339556108691143,0.07225740327244774,0.000768695779494125,0.0023792964603389583,0.03692180045633686,0.003672657613138597,0.0032212013616896664,0.05910416437888161,0.14546652512903108,0.04049684590700001,0.048391229547201584,0.0788706272801591,0.0619349170906695,0.015959588564735165,0.10743438632453604,0.05313762094757007,0.056224605585856,0.11120465610015008,0.10986248886611272,0.06494869260709885,2.1903977957482015,7.036894140484651,-1.4780061860630513,-0.17566159648932764,-12.600603,0.98799616
Kirklees,E08000034,422458,334270,323890,2635,158,7587,9790,5167,641,2714,1268,67782,20797,41802,731,1452,3000,7905,2364,4626,915,2711,1214,1497,192397,20521,29941,22423,20707,23698,17826,16711,18843,21727,192366,147731,58042,19030,5289,192397.0,676,187,28916,734,1593,14814,33594,9426,9242,4653,7205,2160,9828,7934,9884,20326,23558,7667,2011,0.7912502544631655,0.16044671896377866,0.01871191929138518,0.023173901310899546,0.006417205970771059,0.7666797646156541,0.006237306430461727,0.00037400167590624395,0.0179591817411435,0.0017303495258700274,0.00343702805959409,0.049228562365963006,0.09894948136856208,0.007101297643789441,0.00559582254330608,0.01095020096672332,0.0021658957813557797,0.006424307268414848,0.001517310596556344,0.012230801641820015,0.0030014818041083375,0.0028736584465201276,0.0035435475242509315,0.4553494075150666,0.3496939340715527,0.13739117261360892,0.04504589805377102,0.012519587746000786,0.10665966725052886,0.15562092964027505,0.11654547628081519,0.1076264182913455,0.12317239873802606,0.0926521723311694,0.08685686367251048,0.09793811753821526,0.1129279562571142,0.0035135682988819993,0.0009719486270575945,0.1502934037433016,0.003815028300857082,0.008279754881832876,0.0769970425734289,0.17460771217846432,0.0489924479071919,0.048036092038857156,0.024184368779138966,0.03744860886604261,0.011226786280451359,0.05108187757605368,0.041237649235694944,0.051372942405546865,0.10564613793354366,0.1224447366642931,0.03984989370936137,-3.1634782976338403,1.4657804647495116,1.4462276038187785,1.1478430954553023,-30.347544,4.7097783
Knowsley,E08000011,145893,141858,140135,747,6,970,1913,683,517,375,338,1403,467,81,10,446,399,505,297,127,81,214,98,116,61691,4469,7199,6199,8239,7056,7327,6884,6540,7778,67153,43505,21420,10631,3184,61691.0,93,57,5977,256,576,5490,10059,4079,2922,1334,2237,918,2203,3202,4134,5136,10085,2933,2011,0.97234274434003,0.009616636850294394,0.0034614409190296997,0.013112349461591715,0.00146682842905417,0.9605327191846079,0.005120190824782546,4.1126030721144947e-05,0.0066487082999184335,6.854338453524158e-05,0.0030570349502717746,0.003200976057795782,0.0005552014147354568,0.0027348810429561393,0.002035738520696675,0.000870500983597568,0.0005552014147354568,0.0025703769200715594,0.00354369298047199,0.004681513163757,0.0023167663972911653,0.0006717251684453675,0.0007951032606088024,0.4602893901695078,0.2981979944205685,0.14681992967448745,0.07286847209941533,0.02182421363602092,0.07244168517287773,0.11669449352417695,0.10048467361527613,0.1335527062294338,0.11437648927720413,0.11876935047251624,0.11158840025287318,0.10601222220421132,0.12607997925143052,0.0015075132515277754,0.0009239597348073463,0.09688609359550016,0.004149713896678608,0.009336856267526868,0.08899191129986546,0.16305457846363328,0.06611985540840641,0.047365093773808174,0.02162389975847368,0.036261367136211115,0.014880614676370946,0.03571023325930849,0.0519038433483004,0.06701139550339595,0.08325363505211457,0.16347603378126468,0.047543401792806084,-5.665702889237815,0.2729145500158523,2.850665686276343,-3.2279245376058396,-37.8927,10.359432
Lambeth,E09000022,303086,173025,118250,7456,195,47124,23160,8302,4301,3574,6983,20938,4983,3072,2221,4573,6089,78542,35187,28886,14469,7421,1728,5693,166494,18152,42838,33620,16818,10691,12381,10128,5009,16857,160326,97286,31188,10729,3557,166494.0,66,214,3213,348,343,7299,16900,5660,12610,14489,11770,3326,23314,12403,9214,14825,17746,12754,2011,0.5708775727021373,0.06908270259926226,0.2591409698897343,0.07641395511504985,0.024484799693816277,0.3901532898253301,0.024600278468817433,0.0006433817464350052,0.1554806226615548,0.007327953122216136,0.015088126802293739,0.01644087816659298,0.010135737051529928,0.02009000745662947,0.1160957615990181,0.09530628270523878,0.04773892558547739,0.011792032624403634,0.014190691750856193,0.027391565430273917,0.02303966530951611,0.0057013520914855845,0.01878344760233069,0.5289785737381469,0.32098480299320986,0.1029014867067433,0.03539919362821113,0.011735942933688789,0.10902494984804258,0.257294557161219,0.2019291986498012,0.10101264910447223,0.06421252417504535,0.0743630401095535,0.06083102093769145,0.030085168234290725,0.10124689177988395,0.0003964106814659988,0.0012853316035412688,0.019297992720458394,0.0020901654113661752,0.002060134299133903,0.04383941763667159,0.1015051593450815,0.033995219046932625,0.07573846504979158,0.08702415702667964,0.07069323819476978,0.019976695856907756,0.14002907011664084,0.07449517700337549,0.05534133362163201,0.08904224776868837,0.10658642353478204,0.07660336108208103,5.882532714346008,10.959036092438053,3.382265702195724,-0.796493686910521,-11.1515255,-3.729334
Lancaster,E07000121,138375,132342,126624,840,331,4547,1356,373,179,480,324,3732,1212,413,309,1231,567,628,472,109,47,317,164,153,62832,5815,11379,6764,6095,7712,7580,5572,4357,7558,64577,46831,18960,6215,1792,62832.0,984,189,3788,1636,558,4501,9569,2981,4615,1420,1260,578,2489,2555,3316,9173,10112,3108,2011,0.9564010840108401,0.026970189701897018,0.004538392050587173,0.009799457994579945,0.0022908762420957543,0.9150785907859078,0.006070460704607046,0.002392050587172538,0.03285998193315266,0.002233062330623306,0.008896115627822944,0.00875880758807588,0.002984643179765131,0.004097560975609756,0.0034110207768744353,0.0007877145438121047,0.0003396567299006323,0.0034688346883468835,0.0012935862691960253,0.0026955736224028907,0.0023414634146341463,0.0011851851851851852,0.0011056910569105691,0.4666811201445348,0.3384354110207769,0.1370189701897019,0.04491418247515808,0.012950316169828365,0.09254838298955946,0.18110198624904508,0.10765215176979882,0.09700471097529921,0.12274000509294627,0.12063916475681181,0.08868092691622104,0.0693436465495289,0.12028902470078941,0.01566080977845684,0.0030080213903743314,0.06028775146422205,0.026037687802393683,0.008880825057295646,0.07163547237076649,0.15229500891265596,0.04744397759103641,0.07344983447924625,0.022599949070537306,0.020053475935828877,0.0091991341991342,0.03961357270180799,0.04066399286987522,0.05277565571683219,0.14599248790425262,0.1609371021135727,0.04946524064171123,-4.963719418203211,1.4019923163345378,0.024762429087521996,-0.7661398810307712,-29.191435,17.125957
Leeds,E08000035,751485,639487,609714,7031,687,22055,19632,8813,2493,4906,3420,58243,16130,22492,4432,5933,9256,25893,14894,6728,4271,8230,3791,4439,355225,33735,65784,46626,42777,36027,32353,33516,23312,41095,361295,254023,95515,31504,9148,355225.0,740,246,29611,2867,2286,25313,56612,15389,21623,12815,20741,4605,24366,18683,17527,37153,47811,16837,2011,0.8509644237742603,0.07750387565952747,0.03445577756043035,0.026124273937603543,0.01095164906817834,0.8113455358390387,0.009356141506483829,0.0009141899039900996,0.029348556524747667,0.005897655974503816,0.007895034498359915,0.021464167614789385,0.029930071791186782,0.012316945780687571,0.019819424206737327,0.008952939845772038,0.005683413507920983,0.0065284070873004784,0.0033174314856583963,0.01172744632294723,0.004550989041697439,0.005044678203823097,0.005906970864355243,0.48077473269592874,0.3380280378184528,0.12710167202272832,0.041922327125624596,0.012173230337265547,0.094967978042086,0.18518966851995214,0.1312576535998311,0.12042226757688788,0.10142022661693292,0.09107748610035893,0.09435146737982969,0.0656260116827363,0.11568724048138504,0.002083186712646914,0.0006925188260961362,0.08335843479484834,0.008070940952917166,0.006435357871771412,0.07125906115842072,0.15936941375184743,0.04332183827151805,0.060871278766978676,0.036075726652121894,0.0583883454148779,0.01296361461045816,0.06859314518966853,0.05259483425997607,0.04934055880076008,0.10459004856077134,0.1345935674572454,0.0473981279470758,-2.2260225148818256,3.1314427014726745,0.6775255470219697,-0.05407935659875706,-22.339643,3.7261767
Leicester,E06000016,329839,166636,148629,2524,417,15066,11580,4691,1161,3388,2340,122470,93335,8067,3642,4245,13181,20585,12480,4790,3315,8568,3311,5257,137494,9556,19628,12808,13883,12636,13388,14859,17406,23330,148108,117551,44278,14972,4930,137494.0,162,101,20584,2024,676,7082,26042,7502,8258,3064,4000,1369,5043,7479,6289,13919,18488,5412,2011,0.5052040540991211,0.37130236266784705,0.062409236021210346,0.035108037557717554,0.025976309654103972,0.450610752518653,0.00765221820342652,0.0012642531659385337,0.04567683021110299,0.011041750672297696,0.012869915322323922,0.282971389071638,0.02445738678567422,0.03996192081591322,0.03783664151298057,0.014522236606344307,0.010050357901885465,0.010271678000479022,0.0035198991022892985,0.014222090171265375,0.007094370283683858,0.010038230773195407,0.015938078880908566,0.449031194006773,0.35638902616124835,0.13424125103459567,0.04539184268688663,0.014946686110496333,0.06950121459845521,0.1427553202321556,0.09315315577407014,0.10097167876416425,0.09190219209565509,0.0973715216664,0.10807017033470552,0.1265946150377471,0.16968013149664712,0.001178233231995578,0.0007345775088367492,0.14970835090985787,0.014720642355302778,0.004916578177956856,0.051507702154275824,0.18940462856561013,0.05456238090389399,0.06006080265320669,0.02228460878292871,0.02909217856779205,0.009956798114826828,0.03667796412934383,0.054395100877129184,0.04574017775321105,0.10123350837127439,0.13446404934033485,0.039361717602222644,-1.6659809767998375,3.3711948990661718,6.147746777117568,2.895190087696982,-28.183273,3.1695457
Lewes,E07000063,97502,94159,90218,757,97,3087,1275,325,155,460,335,1400,360,64,153,316,507,416,248,123,45,252,97,155,45532,5294,8202,6162,4843,5863,4975,3446,2630,4117,43719,34634,13900,4066,1183,45532.0,386,20,2771,151,444,3947,6657,2203,2267,1577,2111,748,2957,2048,2799,5359,6267,2820,2011,0.9657135238251523,0.01435867982195237,0.004266579147094419,0.01307665483784948,0.0025845623679514266,0.9252938401263564,0.007763943303727103,0.0009948513876638428,0.03166088900740498,0.0015691985805419376,0.0032409591598121065,0.003692231954216324,0.0006563967918606797,0.005199893335521322,0.0025435375684601342,0.001261512584357244,0.0004615289942770405,0.004717851941498636,0.0015897109802875838,0.0033332649586675146,0.003435826957395746,0.0009948513876638428,0.0015897109802875838,0.44839080223995403,0.355213226395356,0.1425611782322414,0.04170170868289881,0.012133084449549752,0.11626987613107265,0.18013704647281034,0.13533339190020205,0.10636475445840288,0.128766581744707,0.10926381446015988,0.07568303610647456,0.057761574277431255,0.09041992444873935,0.008477554247562155,0.0004392515154177282,0.06085829746112624,0.003316348941403848,0.009751383642273567,0.08668628656768866,0.14620486690679083,0.04838355442326276,0.04978915927259949,0.03463498199068787,0.04636299745234121,0.016428006676623034,0.06494333655451111,0.04497935517877537,0.06147324958271106,0.11769744355618027,0.13763946235614513,0.061934463673899674,-3.720253088113058,1.5766571803704763,-1.2923999040239897,-0.1511582564841011,-21.766552,15.193221
Lewisham,E09000023,275885,147686,114446,5206,208,27826,20472,8539,3559,3045,5329,25534,4600,1596,1388,6164,11786,74942,32025,30854,12063,7251,1456,5795,136057,13137,30809,22475,16031,11032,12823,10372,5550,13828,135428,93850,32289,10755,3563,136057.0,42,100,2906,328,440,7484,15527,5618,9818,8883,8564,2562,12784,8259,8599,15733,17374,11036,2011,0.535317251753448,0.09255305652717617,0.27164216974463995,0.074204831723363,0.026282690251372854,0.41483226706779996,0.018870181416169782,0.0007539373289595303,0.1008608659405187,0.005031081791326096,0.022342642767819925,0.016673614005835766,0.005785019120285626,0.042720698841908766,0.1160809757688892,0.11183645359479494,0.043724740380955834,0.011037207532123892,0.012900302662341193,0.03095130217300687,0.019316019355891043,0.005277561302716712,0.021005128948656145,0.4908856951265926,0.3401779727060188,0.1170378962248763,0.0389836344853834,0.012914801457128876,0.09655512028047068,0.22644185892677335,0.16518811968513197,0.11782561720455398,0.08108366346457735,0.09424726401434692,0.07623275538928537,0.040791726996773414,0.10163387403808698,0.00030869415024585285,0.0007349860720139354,0.02135869525272496,0.002410754316205708,0.0032339387168613155,0.05500635762952292,0.11412128740160374,0.041291517525742887,0.07216093255032817,0.06528881277699787,0.06294420720727342,0.018830343164997022,0.0939606194462615,0.06070249968763092,0.0632014523324783,0.11563535870995245,0.12769648015170112,0.0811130629074579,4.2816140574110815,9.685558547154942,5.22615195977081,0.21488703722013275,-11.98679,-3.9828913
Lichfield,E07000194,100654,97399,95263,598,13,1525,1034,482,99,281,172,1623,877,157,107,225,257,481,113,298,70,117,10,107,49016,6852,9043,6158,5720,5756,3804,3479,3227,4977,47225,35014,13259,3959,1197,49016.0,550,51,5694,251,429,4319,8364,2312,2349,1432,1537,688,3150,2089,2819,5063,5576,2343,2011,0.9676614938303495,0.016124545472609136,0.004778746994654957,0.01027281578476762,0.0011623979176187732,0.9464402805651042,0.005941144912273729,0.0001291553241798637,0.015150913028791702,0.0010630476682496474,0.0022353806108053333,0.008713016869672343,0.001559798915095277,0.002553301408786536,0.0011226578178711228,0.0029606374311999524,0.0006954517455838815,0.002791742007272438,0.0009835674687543466,0.004788682019591869,0.0017088242891489657,9.935024936912591e-05,0.0010630476682496474,0.46918155264569716,0.34786496314105747,0.13172849563852404,0.039332763725236954,0.011892224849484372,0.13979108862412273,0.18449077852129916,0.12563244654806593,0.11669658886894076,0.11743104292475927,0.0776073118981557,0.07097682389423862,0.06583564550350905,0.10153827321690877,0.011220825852782765,0.00104047657907622,0.11616614982862739,0.005120776889179043,0.008752244165170557,0.08811408519667048,0.17063815896850007,0.04716827158478864,0.047923127142157664,0.029214950220336218,0.0313571078831402,0.014036233066753712,0.06426472988411946,0.04261873673902399,0.057511832870899296,0.10329280235025298,0.11375877264566672,0.04780071813285458,-3.572502040218297,1.5311020965136808,-1.9142665969795525,0.0699512025417483,-23.416943,14.606486
Lincoln,E07000138,93541,89379,83653,719,80,4927,1230,367,189,372,302,1794,522,139,139,452,542,778,504,165,109,360,175,185,44599,3304,6005,4838,4210,4929,4779,5356,4462,6716,41329,34216,13005,3907,1084,44599.0,333,56,4835,231,592,3447,8567,1826,3197,1101,547,430,1623,2109,3344,3969,6362,2030,2011,0.9555061416918784,0.01917875583968527,0.008317208496808885,0.013149314204466491,0.003848579767160924,0.8942923423953133,0.007686469034968623,0.0008552399482579831,0.052672090313338533,0.0014859794100982456,0.004832105707657605,0.00558044066238334,0.0014859794100982456,0.005794250649447836,0.005388011674025294,0.0017639323932820902,0.001165264429501502,0.003976865759399622,0.002020504377759485,0.003923413262633498,0.0032285308046738864,0.0018708373868143381,0.001977742380346586,0.4418276477694273,0.36578612586993936,0.13902994408868838,0.04176778097304925,0.011588501298895671,0.07408237852866656,0.13464427453530348,0.10847776855983318,0.0943967353528106,0.11051817305320748,0.10715486894324985,0.12009237875288684,0.1000470862575394,0.15058633601650262,0.0074665351241059216,0.001255633534384179,0.10841050247763402,0.005179488329334739,0.01327384022063275,0.07728872844682616,0.19208950873337968,0.040942622031884125,0.07168322159689679,0.024686652167088947,0.012264848987645464,0.009641471781878517,0.03639095046974147,0.047288055786004174,0.07497925962465526,0.08899302674947869,0.14264893831700262,0.045516715621426486,-4.813222013893057,0.6577385619296153,1.795191199434197,0.6201623059495601,-32.231483,10.554625
Liverpool,E08000012,466415,414671,395485,6729,185,12272,11756,3473,3164,2283,2836,19403,4915,1999,1075,7978,3436,12308,8490,1467,2351,8277,5629,2648,196630,15005,34400,22029,24977,17627,20742,20772,14601,26477,217977,142132,65422,31162,9722,196630.0,159,120,12330,581,1171,12708,30032,10918,14598,5447,7178,3219,9635,10013,13872,21362,32804,10483,2011,0.8890601717354716,0.041600291585819495,0.026388516664343987,0.025205021279332784,0.017745998735032107,0.8479251310528177,0.014427066024891995,0.0003966424750490443,0.02631133218271282,0.002304814382041744,0.017104938734817707,0.010537825756032718,0.004285882743908322,0.007366829969019007,0.01820267358468317,0.0031452676264699894,0.005040575453190828,0.004894782543443071,0.0067836583300279795,0.007446158464028816,0.006080421941832917,0.012068651308384165,0.005677347426647942,0.46734560423657046,0.30473290953335547,0.14026564325761393,0.06681174490528821,0.02084409806717194,0.0763108376137924,0.1749478716370849,0.11203275186899253,0.12702537761277527,0.08964552713217719,0.10548746376443066,0.10564003458271881,0.07425621726084525,0.13465391852718303,0.0008086253369272237,0.0006102832731526217,0.06270660631643188,0.0029547881808472767,0.005955347607181,0.06462899862686264,0.15273356049432946,0.055525606469002696,0.07424096017901642,0.027701774907186085,0.036505111122412656,0.016370848802319076,0.04900066114021258,0.05092305345064334,0.07054874637644307,0.10864059400905253,0.16683110410415503,0.05331332960382444,-2.8147031428060947,2.6931254628925307,3.0671895995832483,-3.7316668597217104,-35.425552,7.0773115
Luton,E06000032,203201,111079,90530,6126,198,14225,8281,3831,915,1805,1730,60952,10625,29353,13606,1497,5871,19909,9169,8177,2563,2980,1646,1334,89201,7104,12054,8746,10129,9926,9092,8124,9433,14593,94607,73300,25277,7571,2446,89201.0,98,14,8241,193,511,7231,15850,8987,5477,2933,2348,1297,4194,5625,3895,8915,9608,3784,2011,0.5466459318605715,0.29995915374432214,0.0979768800350392,0.04075275220102263,0.014665282159044493,0.4455194610262745,0.0301474894316465,0.0009744046535204059,0.07000457674913017,0.06695833189797294,0.00736708972888913,0.05228812850330461,0.14445302926658826,0.028892574347567188,0.04512280943499294,0.04024094369614323,0.012613126903903033,0.008882830301031984,0.004502930595813997,0.0188532536749327,0.00851373762924395,0.008100353836841354,0.0065649283222031386,0.46558333866467194,0.3607265712275038,0.12439407286381465,0.03725867490809592,0.0120373423359137,0.07964036277620207,0.13513301420387663,0.09804822815887715,0.11355253864866986,0.11127677940830259,0.10192710844048833,0.09107521216129864,0.10574993553883925,0.16359682066344547,0.0010986423919014362,0.00015694891312877657,0.09238685664958914,0.0021636528738467058,0.005728635329200345,0.08106411363101311,0.17768859093507922,0.10074999159202251,0.06140065694330781,0.032880797300478694,0.026322574859026244,0.014540195737715944,0.04701741011872064,0.06305983116781202,0.043665429759756055,0.09994282575307452,0.10771179695294895,0.0424210490913779,-0.6376782116655283,4.698401825971408,5.516247304171847,3.0191199490882403,-19.707718,-1.3457812
Maidstone,E07000110,155143,145996,138235,955,838,5968,2345,625,319,841,560,4943,1226,340,381,461,2535,1380,867,356,157,479,140,339,78090,9474,12799,10976,9750,9332,6609,5957,4943,8250,74636,54384,19291,5323,1509,78090.0,1066,61,5163,456,688,8308,12733,3798,3600,2579,3775,1073,4890,4178,6204,6951,9039,3528,2011,0.9410414907536917,0.03186092830485423,0.008895019433683763,0.015115087371006104,0.0030874741367641467,0.891016674938605,0.006155611274759416,0.005401468322773184,0.03846773621755413,0.0024557988436474734,0.0029714521441508803,0.007902386830214705,0.002191526527139478,0.016339763959701693,0.005588392644205668,0.002294657187240159,0.0010119696022379352,0.005420805321542061,0.0020561675357573337,0.0040285414101828634,0.0036095731035238458,0.0009023932758809614,0.0021850808608831853,0.4810787467046531,0.35054111368221574,0.12434334775014019,0.034310281482245415,0.009726510380745505,0.12132155205532079,0.16390062748111153,0.14055576898450506,0.12485593545908567,0.1195031374055577,0.08463311563580483,0.07628377513125881,0.0632987578435139,0.10564733000384172,0.013650915610193366,0.0007811499551799206,0.06611601997694967,0.00583941605839416,0.00881034703547189,0.10639006274811115,0.1630554488410808,0.04863618901267768,0.04610065309258548,0.03302599564604943,0.04834165706236394,0.013740555768984504,0.06262005378409527,0.05350236906133948,0.07944679216288897,0.08901267767960046,0.11575105647330004,0.04517864003073377,-3.0858356022034816,2.3380362216831445,-2.0918498197115607,2.156102181270763,-15.676551,19.135672
Maldon,E07000074,61629,60429,59011,358,201,859,506,152,56,174,124,484,117,7,90,104,166,150,59,61,30,60,8,52,30292,4100,4530,3931,3775,4474,2593,1954,2230,2705,28471,21961,8269,2260,668,30292.0,436,32,3296,213,386,3507,4752,1379,1149,734,1765,430,2037,1376,1442,2759,3109,1490,2011,0.9805286472277661,0.00785344561813432,0.0024339190965292313,0.008210420418958607,0.0009735676386116926,0.9575199987019098,0.005808953577049765,0.00326145158934917,0.013938243359457399,0.0014603514579175389,0.0016875172402602671,0.0018984568952928004,0.00011358289117136413,0.0026935371334923493,0.0009573415113014977,0.0009897937659218874,0.0004867838193058463,0.0028233461519739083,0.0009086631293709131,0.0024663713511496213,0.002012039786464165,0.00012980901848155902,0.0008437586201301336,0.46197407064855833,0.3563419818591897,0.13417384672800142,0.03667104772104042,0.010839053043210176,0.1353492671332365,0.14954443417403934,0.12977023636603724,0.12462036181169946,0.14769576125709757,0.0856001584576786,0.06450547999471808,0.07361679651393108,0.08929750429156214,0.014393239139046613,0.0010563845239667238,0.10880760596857256,0.007031559487653506,0.012742638320348608,0.11577314142347815,0.1568731018090585,0.04552357057969101,0.037930806813680176,0.02423082001848673,0.05826620890003961,0.014195167040802852,0.06724547735375677,0.045424534530569126,0.047603327611250495,0.09108015317575598,0.10263435890664202,0.04918790439720058,-4.33712770146036,1.3931608454676125,-2.4769020064449223,1.522804094480152,-17.487162,18.567577
Malvern Hills,E07000235,74631,72841,71019,366,131,1325,639,192,78,235,134,902,268,43,30,336,225,151,95,41,15,98,11,87,34361,4733,7006,4021,3436,4802,3153,2287,1902,3021,34011,26171,10494,2939,1016,34361.0,977,31,3714,171,247,2736,5109,953,1676,1226,773,571,2806,1481,1887,3980,4316,1707,2011,0.9760153287507872,0.012086130428374269,0.0020232879098497944,0.008562125658238533,0.0013131272527501976,0.9516018812557784,0.004904128311291555,0.001755302756227305,0.017754016427489916,0.000401977730433734,0.00450215058085782,0.003591001058541357,0.000576168080288352,0.003014832978253005,0.0012729294797068243,0.000549369564926103,0.000200988865216867,0.0031488255550642494,0.0010451420991277084,0.0025726574747758973,0.0017955005292706785,0.0001473918344923691,0.0011657354182578285,0.4557221529927242,0.3506719727727084,0.14061181010572013,0.039380418324824806,0.013613645804022457,0.13774337184598817,0.20389394953581094,0.11702220540729315,0.09999708972381478,0.13975146241378306,0.09176100811967056,0.06655801635575216,0.05535345304269375,0.08791944355519339,0.02843339832950147,0.0009021856174150927,0.10808765751869852,0.00497657227670906,0.0071883821774686414,0.07962515642734495,0.14868601030237769,0.027734932045051074,0.048776228864119205,0.035679986030674314,0.022496434911673118,0.016617677017548967,0.08166234975699194,0.04310119030295975,0.05491691161491225,0.11582899217135706,0.12560752015366258,0.049678414481534296,-3.7892875700238506,1.0825685639472724,-2.2312565995791758,-0.08142427869298857,-23.645908,19.280151
Manchester,E08000003,503127,335109,298237,11843,509,24520,23161,8877,4397,4791,5096,85986,11417,42904,6437,13539,11689,43484,25718,9642,8124,15387,9503,5884,213705,15977,42788,26590,22286,16083,20847,24065,13372,31697,245334,159452,62651,27014,8676,213705.0,138,66,11132,838,938,9962,33550,11444,19694,8843,9028,3343,15942,14362,8452,24250,30461,11262,2011,0.666052507617361,0.1709031715650323,0.08642748252429307,0.04603410272157924,0.030582735571734375,0.5927668362063654,0.02353878841723859,0.001011672997076285,0.04873520999668076,0.012793986408998126,0.026909706694333638,0.02269208370848712,0.0852746920757582,0.023232702677455194,0.05111631854382691,0.01916414742202267,0.016147016558443493,0.009522446618845739,0.008739344141737573,0.017643656571799962,0.01012865538919597,0.018887875228322075,0.0116948603434123,0.4876184343118139,0.31692196999962235,0.12452323170889258,0.053692208925380666,0.01724415505429047,0.0747619381858169,0.20021992934184973,0.12442385531456915,0.10428394281837113,0.07525794904190355,0.09755036147960974,0.11260850237476895,0.06257223743010225,0.1483212840130086,0.0006457499824524462,0.00030883694812943076,0.052090498584497325,0.003921293371703985,0.0043892281415970616,0.04661566177674832,0.1569921152991273,0.053550455066563724,0.09215507358274257,0.04137947170164479,0.04224515102594698,0.015643059357525562,0.07459816101635432,0.06720479165204371,0.03954984675136286,0.11347418169907116,0.14253761025713016,0.052698813785358324,0.5570239491880205,5.739742936983194,4.891959778764206,-2.066384817838977,-21.14443,-0.78148943
Mansfield,E07000174,104466,101522,97408,447,2,3665,1106,571,105,224,206,1289,521,132,192,206,238,398,152,192,54,151,42,109,48361,4384,5349,4941,5086,6443,5287,4619,4882,7370,43295,35895,16922,6476,1878,48361.0,186,491,5958,395,372,4707,9191,2431,2862,773,897,495,1582,2099,2999,3925,6898,2100,2011,0.971818582122413,0.01233894281392989,0.0038098520092661728,0.010587176689066299,0.0014454463653246032,0.9324373480366818,0.0042789041410602495,1.9144984971186798e-05,0.03508318495969981,0.0018379185572339326,0.00197193345203224,0.004987268584994161,0.0012635690080983286,0.002278253211571229,0.0014550188578101966,0.0018379185572339326,0.0005169145942220436,0.0021442383167729214,0.001005111710987307,0.00546589320927383,0.00197193345203224,0.00040204468439492273,0.0010434016809296805,0.4144410621637662,0.34360461777037504,0.1619857178412115,0.06199146133670285,0.017977140887944405,0.0906515580736544,0.11060565331568827,0.10216910320299415,0.10516738694402514,0.13322718719629453,0.10932362854366122,0.09551084551601496,0.10094911188767809,0.15239552531998926,0.0038460743160811397,0.010152809081698062,0.12319844502801844,0.008167738466946507,0.007692148632162279,0.09733049357953723,0.19004983354355784,0.05026777775480242,0.05917991770228077,0.01598395401253076,0.01854800355658485,0.01023552035731271,0.03271230950559335,0.04340274187878663,0.06201277889208246,0.08116043919687352,0.14263559479746077,0.043423419697690285,-6.3480575580443075,-0.21398230345697405,2.368215050219114,-1.9800761752273974,-36.404495,17.222181
Medway,E06000035,263925,236579,225654,1946,510,8469,5176,1730,735,1546,1165,13615,7132,1516,1304,1065,2598,6663,4742,1428,493,1892,517,1375,126689,11924,16404,15265,16223,16564,12171,11670,10870,15598,120662,95679,34307,10388,2889,126689.0,446,83,9603,966,1523,13857,22022,7672,5639,3398,6336,1591,5988,6408,9688,11215,14754,5500,2011,0.8963872312209908,0.05158662498815952,0.02524580846831486,0.019611632092450506,0.007168703230084304,0.8549928957090083,0.007373306810646964,0.001932367149758454,0.03208866155157715,0.004940797575068675,0.004035237283319125,0.027022828455053518,0.005744056076536895,0.0098437055981813,0.01796722553755802,0.005410628019323672,0.0018679549114331722,0.005857724732405039,0.0027848820687695367,0.006554892488396325,0.004414132802879606,0.0019588898361276876,0.005209813393956616,0.4571829118120678,0.3625234441602728,0.1299876858956143,0.039359666571942786,0.010946291560102302,0.09412024721956919,0.12948243336043383,0.12049191326792381,0.12805373789358193,0.13074536857975042,0.09606990346438918,0.09211533755890408,0.08580066146232111,0.12312039719312648,0.0035204319238450062,0.0006551476450204832,0.07579979319435784,0.007624971386623937,0.01202156461886983,0.10937808333793779,0.17382724624868773,0.060557743766230694,0.04451057313578922,0.026821586720236167,0.05001223468493713,0.012558312087079384,0.04726535058292354,0.0505805555336296,0.07647072752961978,0.08852386552897253,0.11645841391123143,0.043413398164007924,-3.9810781452257777,2.0020696279600574,0.5227800429521635,1.7690451202556332,-22.45684,7.1697073
Melton,E07000133,50376,49319,47861,264,3,1191,414,151,45,142,76,518,277,4,0,103,134,95,39,38,18,30,3,27,26184,3248,3935,3190,2583,3563,2564,1640,2530,2931,24349,17892,6295,1449,391,26184.0,660,48,4390,129,210,1970,3998,1098,1302,598,605,266,1622,1053,1539,2584,2619,1493,2011,0.9790177862474194,0.010282674289344132,0.0018858186437986342,0.008218199142448784,0.0005955216769890424,0.9500754327457519,0.005240590757503573,5.955216769890424e-05,0.023642210576464984,0.0,0.0020446244243290455,0.005498650150865492,7.940289026520565e-05,0.0026599968238843895,0.0007741781800857552,0.0007543274575194537,0.00035731300619342544,0.002818802604414801,0.0008932825154835636,0.002997459107511513,0.0015086549150389074,5.955216769890424e-05,0.0005359695092901381,0.4833452437668731,0.3551691281562649,0.1249602985548674,0.02876369699857075,0.007761632523423853,0.12404521845401772,0.15028261533761075,0.12183012526733883,0.09864802933088909,0.13607546593339445,0.09792239535594256,0.06263366941643751,0.09662389245340666,0.11193858845096243,0.025206232813932174,0.0018331805682859762,0.16765963947448823,0.004926672777268561,0.008020164986251146,0.07523678582340361,0.1526886648334861,0.0419340054995417,0.049725022914757104,0.02283837457989612,0.023105713412771157,0.01015887564925145,0.061946226703330276,0.040215398716773605,0.05877635197066911,0.09868622059272839,0.10002291475710358,0.057019553926061714,-3.924380218544492,0.8791498682299751,-1.9390834021653747,1.137863121832359,-24.586393,17.17385
Merthyr Tydfil,W06000024,58802,57391,55635,122,62,1572,462,154,46,151,111,696,168,50,45,120,313,143,118,10,15,110,32,78,25099,1785,3183,2471,2741,3232,2758,2528,2563,3838,25948,16961,9324,4908,1661,25099.0,38,94,3435,149,311,2314,3966,882,1221,567,523,304,715,1176,2163,2083,4211,947,2011,0.976004217543621,0.011836332097547702,0.0024318900717662665,0.00785687561647563,0.0018706846705894358,0.9461412877113023,0.002074759361926465,0.0010543859052413182,0.026733784565150846,0.0007652800925138601,0.0020407469133702934,0.002857045678718411,0.000850311213904289,0.005322948199040849,0.002006734464814122,0.0001700622427808578,0.0002550933641712867,0.0025679398659909525,0.0007822863167919458,0.00261895853882521,0.0018876908948675215,0.000544199176898745,0.0013264854936906908,0.4412775075677698,0.2884425699806129,0.1585660351688718,0.083466548756845,0.02824733852590048,0.0711183712498506,0.1268178015060361,0.09845013745567552,0.10920753814893024,0.12877007052073788,0.10988485597035738,0.10072114426869597,0.1021156221363401,0.15291445874337622,0.001514004542013626,0.003745169130244233,0.13685804215307382,0.005936491493685007,0.012390931909637835,0.09219490816367186,0.15801426351647477,0.03514084226463206,0.048647356468385194,0.022590541455834893,0.020837483565082273,0.012112036336109008,0.02848719072473007,0.046854456352842744,0.08617873222040719,0.08299135423722061,0.16777560858998367,0.03773058687597115,-6.389723975483371,-0.5450387750470017,3.466454481982746,-4.646374121274524,-39.69031,11.716881
Merton,E09000024,199693,129606,96658,4417,216,28315,9334,2579,1279,2829,2647,36143,8106,7337,2216,2618,15866,20811,10442,8126,2243,3799,1413,2386,104822,12572,25598,15995,12300,9416,8113,7563,4594,8671,103891,67098,21025,5930,1749,104822.0,33,244,3212,292,348,7578,13717,4583,5575,7208,7909,1906,11764,6540,5351,9696,12278,6588,2011,0.6490262553018884,0.1809928239848167,0.10421496997891763,0.04674174858407656,0.019024202150300713,0.4840329906406334,0.022118952592229072,0.001081660348635155,0.1417926517203908,0.011097033947108812,0.013110124040402018,0.040592309194613735,0.03674139804600061,0.07945195875669152,0.052290265557630965,0.04069246293059847,0.011232241490688206,0.014166745955040989,0.006404831416223904,0.01291482425523178,0.013255346957579885,0.007075861447321639,0.011948340702979073,0.5202535892595134,0.33600576885519273,0.10528661495395432,0.029695582719474395,0.008758444211865214,0.1199366545190895,0.2442044608956135,0.1525920131270153,0.11734177939745473,0.08982847112247429,0.07739787449199595,0.07215088435633742,0.043826677605846104,0.08272118448417316,0.0003148194081395127,0.002327755623819427,0.0306424223922459,0.0027856747629314456,0.003319913758562134,0.07229398408730991,0.1308599339833241,0.04372173780313293,0.053185400011447975,0.06876419072332143,0.07545171815076987,0.01818320581557307,0.11222834901070386,0.06239148270401251,0.05104844402892523,0.09249966610062774,0.11713189979202838,0.06284940184312454,2.82763580748762,7.974369767247598,0.5737052887777425,0.8799693902049335,-12.935898,0.23535128
Mid Devon,E07000042,77750,76696,74554,278,88,1776,484,132,69,169,114,428,116,7,18,167,120,94,64,17,13,48,4,44,38508,4245,5685,3906,3912,6574,3751,3049,3115,4271,36263,27554,10398,2785,750,38508.0,2338,48,3957,269,320,3451,6445,1814,1631,772,740,520,2365,1492,2012,3768,4748,1818,2011,0.986443729903537,0.005504823151125402,0.0012090032154340835,0.00622508038585209,0.000617363344051447,0.9588938906752411,0.00357556270096463,0.0011318327974276527,0.022842443729903537,0.0002315112540192926,0.002147909967845659,0.0014919614147909969,9.003215434083602e-05,0.0015434083601286173,0.0008231511254019292,0.00021864951768488746,0.0001672025723472669,0.0021736334405144694,0.000887459807073955,0.001697749196141479,0.0014662379421221865,5.144694533762058e-05,0.0005659163987138264,0.46640514469453376,0.35439228295819936,0.1337363344051447,0.035819935691318326,0.00964630225080386,0.11023683390464319,0.14763166095356808,0.10143346837020879,0.10158928014957931,0.1707177729303002,0.09740833073647034,0.07917835255011946,0.08089228212319519,0.11091201828191545,0.060714656694712786,0.0012464942349641633,0.10275786849485821,0.006985561441778332,0.008309961566427755,0.08961774176794432,0.16736781967383402,0.04710709462968734,0.04235483535888646,0.02004778227900696,0.019216786122364184,0.013503687545445103,0.06141580970188013,0.03874519580346941,0.05224888334891451,0.09784979744468682,0.12329905474187182,0.04721096914926769,-5.112197501714891,0.34645065801185254,-1.4727513486222852,1.2563911932278455,-27.031435,23.374327
Mid Suffolk,E07000203,96731,94667,92747,345,76,1499,953,311,120,298,224,647,170,17,38,158,264,371,164,126,81,93,7,86,48570,6123,7379,6414,5395,6973,4379,3323,3747,4837,46319,34155,12432,3020,805,48570.0,1661,41,4823,355,321,4717,7904,2618,1826,1471,1658,619,2925,2035,3505,4480,5454,2157,2011,0.978662476351945,0.006688652035024966,0.0038353785239478556,0.009852063971219155,0.0009614291178629395,0.9588136171444521,0.0035665918888463885,0.0007856840102965958,0.01549658330834996,0.0003928420051482979,0.001633395705616607,0.0017574510756634377,0.0001757451075663438,0.0027292181410302797,0.0016954233906400222,0.0013025813854917244,0.0008373737478161086,0.0030807083561629673,0.001240553700468309,0.003215101673713701,0.002315700240874177,7.236563252731803e-05,0.0008890634853356215,0.4788433904332634,0.35309259699579243,0.12852136336851683,0.031220601461785777,0.008322047740641573,0.12606547251389746,0.15192505661931233,0.1320568252007412,0.11107679637636401,0.14356598723491867,0.0901585340745316,0.06841671813876879,0.07714638665843113,0.0995882231830348,0.03419806464896026,0.0008441424747786699,0.09929997941115914,0.007309038501132386,0.006609017912291538,0.09711756228124356,0.16273419806464895,0.053901585340745316,0.0375952233889232,0.030286184887790817,0.034136298126415485,0.01274449248507309,0.06022235948116121,0.041898291126209596,0.07216388717315216,0.09223800700020589,0.11229153798641137,0.04441012970969734,-3.978892271357985,1.225786055261727,-2.360221783987037,1.2529289984124548,-23.909946,17.804438
Mid Sussex,E07000228,139860,133018,126341,1235,142,5300,1967,378,277,805,507,3761,1410,154,399,525,1273,788,487,201,100,326,87,239,72229,9618,14062,10997,8784,7413,7698,4905,3091,5661,72448,47524,14938,3864,1086,72229.0,459,85,4124,390,377,5509,9702,4673,3173,3593,5583,1012,5588,4108,3222,7269,9393,3969,2011,0.9510796510796511,0.026891176891176892,0.005634205634205634,0.014064064064064064,0.002330902330902331,0.9033390533390533,0.008830258830258831,0.0010153010153010154,0.0378950378950379,0.002852852852852853,0.0037537537537537537,0.010081510081510082,0.0011011011011011012,0.009101959101959102,0.003482053482053482,0.0014371514371514372,0.000715000715000715,0.005755755755755756,0.0019805519805519804,0.002702702702702703,0.0036250536250536252,0.000622050622050622,0.0017088517088517088,0.518003718003718,0.3397969397969398,0.1068068068068068,0.02762762762762763,0.007764907764907765,0.1331598111561838,0.19468634481994768,0.15225186559415194,0.12161320245330823,0.10263190685181853,0.10657769040136233,0.06790901161583297,0.042794445444350605,0.07837572166304393,0.006354788242949508,0.0011768126375832422,0.05709618020462695,0.005399493278323111,0.005219510169045674,0.07627130376995389,0.13432277893920724,0.06469700535795872,0.04392972351825444,0.049744562433371636,0.0772958230073793,0.014010992814520484,0.07736504728017832,0.0568746625316701,0.04460812139168478,0.10063824779520691,0.13004471888022817,0.05495022774785751,-1.9622341434761317,3.2391815796156678,-3.2900116938341046,0.3795309741469065,-13.031075,11.336235
Middlesbrough,E06000002,138412,122055,119106,574,85,2290,2362,541,452,904,465,10768,1477,6811,244,904,1332,1731,1470,92,169,1496,950,546,54547,3884,7247,5177,5541,6437,6646,6077,5483,8055,62855,45295,19719,8001,2542,54547.0,82,387,4430,490,380,4620,9124,3002,3705,1266,1358,702,2253,2628,3197,5362,9116,2445,2011,0.8818238303037309,0.07779672282750051,0.012506141086033004,0.017064994364650463,0.010808311418085137,0.8605178741727596,0.004147039274051383,0.0006141086033002919,0.01654480825361963,0.0017628529318267203,0.006531225616276046,0.010671040083229777,0.04920816114209751,0.009623443054070457,0.010620466433546224,0.0006646822529838453,0.0012209923995029333,0.006531225616276046,0.003265612808138023,0.003908620639828916,0.003359535300407479,0.006863566742767968,0.003944744675317169,0.4541152501228217,0.32724763748807906,0.14246597115857007,0.05780568158830159,0.018365459642227553,0.07120464920160595,0.13285790235943315,0.0949089775789686,0.1015821218398812,0.11800832309751223,0.1218398812033659,0.11140851009221406,0.10051881863347205,0.14767081599354684,0.0015032907400956972,0.007094798980695547,0.08121436559297486,0.008983078812766972,0.006966469283370304,0.08469760023466001,0.16726859405650174,0.055035107338625405,0.06792307551286048,0.023209342401965278,0.024895961281097036,0.012869635360331456,0.041303829724824465,0.04817863493867674,0.058610006049828585,0.09830054815113572,0.16712193154527288,0.04482372999431683,-5.049477990704137,0.9217460709739657,3.2350891158139468,-2.0561502713687125,-36.872437,15.815045
Milton Keynes,E06000042,248821,199094,183934,2498,72,12590,8235,2243,1597,2228,2167,22782,8106,3851,1989,2722,6114,17131,13058,2524,1549,1579,565,1014,127783,13871,23219,17189,16037,11298,10035,11910,8484,15740,124826,86778,26929,7955,2333,127783.0,276,74,10225,272,611,7339,26365,8348,5762,8212,6704,1523,8459,6933,5742,13401,11945,5592,2011,0.8001495050658908,0.09155979599792621,0.06884869042403977,0.0330960811185551,0.0063459273935881615,0.7392221717620298,0.010039345553630924,0.00028936464365949817,0.05059862310657059,0.007993698281093638,0.010939591111682696,0.0325776361319985,0.015476989482398994,0.024571880990752387,0.052479493290357324,0.010143838341619076,0.006225358792063371,0.008954228139907806,0.006418268554503036,0.0090145124406702,0.008709071983474063,0.002270708662050229,0.004075218731537933,0.5016698751311184,0.3487567367706102,0.10822639568203649,0.03197077417099039,0.009376218245244573,0.10855121573292222,0.18170648677836646,0.13451711103980968,0.1255018273166227,0.08841551693104717,0.07853157305744896,0.09320488640899025,0.066393808253054,0.12317757448173858,0.002159911725346877,0.0005791067669408293,0.08001846881040514,0.002128608656863589,0.004781543710822254,0.057433304899712795,0.20632635014047251,0.06532950392462221,0.04509207015017647,0.06426519959619041,0.05246394277799081,0.011918643325011934,0.06619816407503346,0.05425604344865906,0.04493555480776003,0.10487310518613586,0.09347878825821901,0.043761689739636726,-0.46942243777235143,4.309888551792717,0.43811042529834937,1.1844141582678793,-16.664183,3.1357324
Mole Valley,E07000210,85375,81168,76907,798,128,3335,1257,276,117,518,346,2177,707,152,206,358,754,399,207,131,61,374,148,226,42422,6422,9518,6613,5045,4505,3678,2326,1495,2820,43926,28801,9607,2437,604,42422.0,322,177,2102,134,204,3493,5379,1611,1806,2565,2801,909,4935,2497,2049,4463,4380,2595,2011,0.950723279648609,0.025499267935578333,0.0046734992679355785,0.014723279648609077,0.004380673499267936,0.9008140556368961,0.009346998535871157,0.0014992679355783308,0.039062957540263545,0.0024128843338213765,0.004193265007320644,0.008281112737920936,0.0017803806734992679,0.008831625183016105,0.002424597364568082,0.001534407027818448,0.0007144948755490483,0.006067349926793558,0.001370424597364568,0.003232796486090776,0.004052708638360176,0.0017335285505124451,0.0026471449487554905,0.514506588579795,0.33734699853587113,0.11252708638360176,0.028544655929721816,0.0070746705710102486,0.15138371599641695,0.22436471642072509,0.15588609683654708,0.1189241431332799,0.10619489887322615,0.0867002970156994,0.05483004101645373,0.03524114846070435,0.06647494224694733,0.007590401206920937,0.00417236339635095,0.049549761915986985,0.0031587383904577815,0.004808825609353637,0.08233935222290321,0.1267974164348687,0.037975578709160344,0.042572250247513085,0.06046391023525529,0.06602706143038989,0.021427561171090473,0.11633114893215785,0.058860968365470744,0.04830041016453727,0.10520484654188864,0.10324831455376927,0.06117109047192495,-1.5654094421099423,3.9310614816392633,-4.441191393491164,-0.052530658719959156,-11.611659,10.008416
Monmouthshire,W06000021,91323,89526,87762,395,6,1363,624,174,51,232,167,900,245,54,40,193,368,144,80,45,19,129,69,60,42817,5464,8697,4985,4199,5545,3706,2946,2491,4784,42365,30742,12800,4173,1243,42817.0,1216,40,4041,241,343,3249,6916,1512,2410,1356,1359,664,2695,1615,3138,4409,5636,1977,2011,0.9803225912420749,0.009855129594954173,0.0015768207351926679,0.006832889852501561,0.001412568575276765,0.9610065372359646,0.0043253068777854425,6.570086396636115e-05,0.014925046264358376,0.00043800575977574107,0.0021133777909179505,0.002682785278626414,0.0005913077756972504,0.004029652989936817,0.0008760115195514821,0.0004927564797477087,0.000208052735893477,0.0025404334066992983,0.0005584573437140698,0.0019053250550244735,0.001828674047063719,0.0007555599356131533,0.0006570086396636116,0.46390285032248174,0.33662932667564577,0.14016184312823712,0.04569495088860419,0.013611028985031153,0.1276128640493262,0.2031202559730948,0.11642571875656865,0.09806852418431931,0.1295046360090618,0.08655440596024944,0.06880444683186585,0.05817782656421515,0.11173132167129879,0.028399934605413738,0.0009342083751780834,0.09437840110236588,0.005628605460447953,0.008010836817152065,0.07588107527383983,0.16152462806829063,0.03531307658173156,0.05628605460447953,0.03166966391853703,0.03173972954667539,0.015507859027956185,0.06294228927762337,0.03771866314781512,0.07328864703272064,0.10297311815400426,0.13162996006259195,0.04617324894317677,-4.039817976754838,1.0117455325446052,-1.634497840329391,-1.0387135371609793,-24.972918,18.769093
Neath Port Talbot,W06000012,139812,137087,135450,474,125,1038,910,384,75,262,189,1369,280,125,311,280,373,299,97,175,27,147,53,94,58980,4570,7618,5875,7573,7880,6670,5328,5902,7564,62849,39694,22640,11028,3601,58980.0,207,420,8534,332,589,5088,8652,2435,2783,1074,1825,706,1872,2378,5768,5098,8672,2547,2011,0.9805095413841444,0.009791720310130748,0.0021385861013360798,0.006508740308414156,0.0010514118959745944,0.9688009612908763,0.0033902669298772636,0.0008940577346722742,0.007424255428718565,0.0022244156438646183,0.002002689325665894,0.002002689325665894,0.0008940577346722742,0.002667868280262066,0.0006937888021056848,0.0012516808285411838,0.00019311647068921123,0.0018739450118730866,0.0005364346408033645,0.0027465453609132264,0.0013518152948244786,0.00037908047950104424,0.0006723314164735502,0.4495250765313421,0.28390982176065,0.1619317369038423,0.07887734958372672,0.025756015220438876,0.07748389284503221,0.12916242794167515,0.09961003730077993,0.12839945744320108,0.13360461173279078,0.11308918277382163,0.09033570701932858,0.10006781959986435,0.12824686334350627,0.0035096642929806714,0.007121057985757884,0.14469311631061377,0.005629026788741946,0.009986436080027129,0.08626653102746694,0.1466937945066124,0.04128518141742964,0.047185486605629025,0.018209562563580875,0.030942692438114615,0.011970159376059681,0.03173957273652085,0.0403187521193625,0.09779586300440828,0.08643608002712784,0.1470328925059342,0.04318413021363174,-6.510678146557052,-0.2527120956971385,2.4458036656614928,-4.676747955170467,-39.629925,12.29007
New Forest,E07000091,176462,172160,167445,829,423,3463,1620,439,188,603,390,1665,472,34,195,338,626,612,328,141,143,405,72,333,82993,10174,13273,10249,9799,11447,8674,5978,5212,8187,79671,63302,24871,6715,1903,82993.0,863,130,7424,524,627,7409,12666,3990,5243,2613,3015,1402,5688,3871,4437,7760,10870,4461,2011,0.9756208135462593,0.00943545919234736,0.003468168784214165,0.009180446781743378,0.0022951116954358446,0.9489011798574197,0.004697895297571149,0.0023971166596774376,0.01962462173159094,0.001105053779283925,0.0019154265507588036,0.0026747968401128856,0.00019267604356745362,0.003547505978624293,0.0018587571261801407,0.0007990388865591458,0.0008103727714748784,0.0034171663020933687,0.0010653851820788612,0.002487787739003298,0.00221010755856785,0.00040801985696637235,0.0018870918384694723,0.4514909725606646,0.3587287914678514,0.14094252586959233,0.03805351860457209,0.010784191497319537,0.12258865205499259,0.15992915065125973,0.12349234272769993,0.11807019869145591,0.13792729507307847,0.10451483860084586,0.07203017121925946,0.06280047714867519,0.09864687383273288,0.010398467340619088,0.0015663971660260503,0.08945332738905691,0.006313785499981926,0.007554854023833335,0.08927258925451544,0.15261528080681502,0.048076343788030315,0.06317400262672755,0.03148458303712361,0.03632836504283494,0.01689299097514248,0.06853590061812442,0.04664248792066801,0.053462340197366044,0.09350186160278577,0.13097490149771668,0.05375152121263239,-4.342144122564357,1.173679053910613,-1.6520654192452648,0.9310873604387347,-19.327063,18.299683
Newark and Sherwood,E07000175,114817,111958,108208,641,253,2856,1160,491,133,308,228,1036,366,145,73,220,232,499,166,270,63,164,39,125,54555,6491,7940,6032,5504,7075,5437,4275,4928,6873,51505,39671,16874,5246,1521,54555.0,1044,343,6404,459,572,4660,9166,2521,3367,1630,934,632,2663,2168,3579,5032,6769,2612,2011,0.975099506170689,0.009023054077357883,0.004346046317182995,0.01010303352291037,0.001428359911859742,0.942438837454384,0.005582796972573748,0.0022035064493933824,0.024874365294337945,0.0006357943510107388,0.0019160925646898978,0.0031876812667113756,0.0012628791903637963,0.002020606704582074,0.0014457789351751047,0.0023515681475739657,0.0005486992344339253,0.002682529590565857,0.0011583650504716201,0.004276370223921544,0.0019857686579513485,0.0003396709546495728,0.0010886889572101692,0.44858339792887814,0.34551503697187697,0.14696429971171515,0.04569009815619638,0.013247167231333339,0.11898084501878838,0.14554119695719916,0.11056731738612409,0.10088901108972596,0.12968563834662267,0.09966089267711484,0.07836128677481441,0.09033085876638255,0.12598295298322792,0.019136651086059938,0.006287233067546512,0.11738612409495006,0.008413527632664284,0.010484831821097974,0.08541838511593805,0.16801393089542663,0.0462102465401888,0.06171753276509944,0.029878104665016954,0.01712033727431033,0.01158463935477958,0.048813124369901935,0.03973971221702869,0.06560351938410779,0.092237191824764,0.12407661992484649,0.04787828796627257,-5.128227333431279,0.7146603951415796,-0.2841825505254385,-0.1880372406196767,-31.003212,19.469582
Newcastle upon Tyne,E08000021,280177,239533,229520,1826,163,8024,4279,830,859,1609,981,27107,5072,6364,4692,6037,4942,5160,4664,217,279,4098,2602,1496,119335,9556,24317,12916,13505,11237,10739,13609,7466,15990,133933,89096,38018,14793,4337,119335.0,153,231,7315,691,537,7613,17779,5520,10314,4470,3817,1704,7307,5732,8517,12662,18794,6179,2011,0.8549345592250613,0.09674955474575,0.018416929298265026,0.015272488462650396,0.01462646826827327,0.8191964365383311,0.006517308701285259,0.0005817750921738758,0.02863903889327104,0.01674655664098052,0.021547093444501154,0.018102842131938024,0.022714212801193533,0.017638849727136776,0.016646619815331023,0.0007745103987836261,0.0009957990841503765,0.005742798302501633,0.003065919044032879,0.002962413046038754,0.00350135807007713,0.009286986440714263,0.0053394818275590075,0.47802995963266076,0.31799897921670944,0.13569279419795344,0.0527987664940377,0.015479500458638646,0.08007709389533665,0.2037708970545104,0.10823312523568107,0.11316881049147358,0.09416348933674111,0.08999036326308292,0.1140403066996271,0.06256337201994386,0.1339925420036033,0.00128210499853354,0.0019357271546486781,0.061298026563874806,0.0057904219214815434,0.004499937151715758,0.06379519839108393,0.14898395273809026,0.04625633720199439,0.08642896048937863,0.03745757740813676,0.031985586793480535,0.014279130179746092,0.06123098839401684,0.0480328487032304,0.07137051158503373,0.10610466334269074,0.15748942053881929,0.05177860644404408,-2.7904521616290263,2.6992291381801254,1.66455853391031,-2.4698206238914806,-24.813732,1.5475237
Newcastle-under-Lyme,E07000195,123871,117662,115510,364,49,1739,1490,565,156,468,301,3512,937,485,154,978,958,828,515,236,77,379,136,243,57366,5380,9036,6056,6085,7423,5614,5348,4926,7498,55311,42716,17802,6312,1730,57366.0,364,84,7162,304,400,4649,10867,2808,2762,1590,1499,700,2458,2380,2486,6191,8028,2634,2011,0.9498752734699809,0.02835207594998022,0.006684373259277797,0.012028642700874297,0.0030596346198868175,0.9325023613275101,0.0029385409014216404,0.0003955728136529131,0.014038798427396243,0.0012432288429091555,0.007895310443929571,0.00756432094679142,0.003915363563707405,0.007733852152642669,0.0041575510006377605,0.001905207837185459,0.0006216144214545778,0.0037781240161135375,0.001259374672037846,0.004561196728855019,0.002429947283867895,0.0010979163807509425,0.001961718239135875,0.44652097746849545,0.3448426185305681,0.14371402507447265,0.05095623673014669,0.013966142196317137,0.09378377436111983,0.15751490429871354,0.10556775790537949,0.1060732838266569,0.1293972039186975,0.09786284558797895,0.09322595265488268,0.08586967890388035,0.1307045985426908,0.006345221908447512,0.0014642819788725028,0.12484747062720078,0.005299306209252868,0.0069727713279643,0.08104103475926507,0.18943276505247011,0.04894885472230938,0.04814698601959349,0.02771676602865809,0.026130460551546213,0.012202349823937524,0.04284767981034062,0.04148798940138758,0.043335773803298124,0.10792106822856744,0.1399435205522435,0.04591569919464491,-4.4766228110763295,0.45225576107314974,0.8075491610224607,-0.5566895308607248,-32.693356,11.857957
Newham,E09000025,307984,89216,51516,2172,462,35066,13945,3957,3319,2677,3992,133895,42484,30307,37262,3930,19912,60256,37811,15050,7395,10672,3523,7149,132454,9595,19666,13139,13537,13799,12151,16914,9055,24598,149269,106549,34839,12763,4564,132454.0,94,34,3961,260,601,11223,22662,7987,15665,5525,6776,2215,7109,11612,5509,11320,13685,6216,2011,0.2896773858382254,0.43474661021351757,0.19564652709231647,0.04527832614681282,0.03465115070912775,0.1672684295288067,0.007052314405943166,0.0015000779261260325,0.11385656397734947,0.12098680450932515,0.012760403137825341,0.13794223076523457,0.09840446256948412,0.0646527092316484,0.12276936464231908,0.04886617486622682,0.024010987583770585,0.008692009974544132,0.010776533845914073,0.012848070029611927,0.012961712296742688,0.011438905917190503,0.023212244791937245,0.48466478778118344,0.34595628344329576,0.11311951270195854,0.04144046443971115,0.014818951633851109,0.07244024340525768,0.14847418726501277,0.09919670225134763,0.10220151901792321,0.10417956422607094,0.09173750887100428,0.12769716278859075,0.06836335633502952,0.18570975583976324,0.0007096803418545307,0.0002566928896069579,0.029904721639210593,0.0019629456264061485,0.004537424313346521,0.08473130294290848,0.17109336071390824,0.06030017968502272,0.11826747399097046,0.041712594561130655,0.051157382940492546,0.016722786778806228,0.05367146330046658,0.08766817159164692,0.04159179790719797,0.08546363265737539,0.10331888806680055,0.04692950005284854,1.4706000919948665,6.941716392497333,8.609083669065349,2.476152878658032,-16.015562,-3.5214927
Newport,W06000022,145736,131025,126756,769,84,3416,2752,1318,360,669,405,7986,1218,3127,1749,600,1292,2535,1499,782,254,1438,926,512,64408,5992,9812,7071,8052,6724,6204,6461,5270,8822,66667,47811,20538,8161,2559,64408.0,207,42,6865,502,583,4470,11157,2924,4237,1852,3218,984,2749,2905,4980,5325,9006,2402,2011,0.8990571993193172,0.054797716418729756,0.017394466706922105,0.018883460503924906,0.00986715705110611,0.8697645056815063,0.005276664653894714,0.000576384695613987,0.023439644288302135,0.012001152769391227,0.004117033540099907,0.008357578086402811,0.02145660646648735,0.008865345556348466,0.010285722127682934,0.005365867047263545,0.001742877531975627,0.0045904923972113956,0.002470220124059944,0.009043750343086129,0.002778997639567437,0.006353955096887523,0.003513201954218587,0.45745045836306747,0.3280658176428611,0.1409260580776198,0.05599851786792556,0.017559148048526103,0.09303192150043472,0.1523413240591231,0.10978449882002236,0.12501552602161223,0.10439696932058129,0.0963234380822258,0.10031362563656689,0.08182213389641038,0.13697056266302324,0.0032138864737299715,0.0006520929077133275,0.1065861383679046,0.0077940628493354865,0.009051670599925475,0.06940131660663272,0.1732238231275618,0.045398087194137376,0.06578375357098497,0.0287541920258353,0.049962737548130666,0.015277605266426532,0.04268103341199851,0.045103092783505154,0.07731958762886598,0.0826760650850826,0.13982735063967208,0.037293503912557445,-4.150492302568399,1.5668411240929967,1.8988385782539678,-1.33095218099705,-34.29757,8.371999
North Devon,E07000043,93667,91742,89832,316,45,1549,785,294,75,287,129,835,215,67,78,152,323,158,63,70,25,147,61,86,44754,5219,5886,4559,4019,7773,4533,3747,3295,5723,43441,31704,13264,4064,1194,44754.0,1939,50,4863,160,316,3813,7669,1290,4375,644,623,585,1935,1983,2510,4032,5850,2117,2011,0.9794484717136238,0.008914559022921627,0.0016868267372713976,0.008380753093405361,0.0015693894327778193,0.9590570852061024,0.003373653474542795,0.00048042533656463855,0.016537307696413893,0.0008327372500453735,0.0016227700257294459,0.00229536549691994,0.0007152999455517951,0.0034483863046750724,0.000672595471190494,0.0007473283013227711,0.00026690296475813255,0.0030640460354233617,0.0008007088942743976,0.0031387788655556385,0.001377219298151964,0.0006512432340098434,0.0009181461987679759,0.4637812676823214,0.33847566378767335,0.1416080369820748,0.043387745951082024,0.01274728559684841,0.11661527461232515,0.13151897037136345,0.10186798945345668,0.08980202886892792,0.1736827993028556,0.10128703579568307,0.08372435983375788,0.07362470393707825,0.127876837824552,0.04332573624703937,0.0011172185726415517,0.10866067837511731,0.003575099432452965,0.007060821379094606,0.08519908834964472,0.1713589846717612,0.02882423917415203,0.09775662510613577,0.014389775215623185,0.013920543415113732,0.013071457299906154,0.04323635876122805,0.044308888590963935,0.05608437234660589,0.09009250569781473,0.13071457299906153,0.047303034365643294,-5.023512437494686,-0.0239737022594227,-0.4182469765197039,-0.12820826647416292,-27.75193,22.472916
North East Derbyshire,E07000038,99023,97084,95968,264,70,782,786,315,103,250,118,795,350,79,32,187,147,236,156,65,15,122,40,82,46858,5178,6719,5128,5760,6364,4535,3914,4182,5078,42535,33926,15734,5319,1509,46858.0,429,163,6262,194,393,4513,8115,2053,2148,1178,1308,662,2322,1789,2596,4393,6224,2116,2011,0.9804186906072326,0.008028437837674075,0.002383284691435323,0.007937549862153236,0.001232037001504701,0.9691485816426487,0.0026660472819445987,0.0007069064762731891,0.007897155206366198,0.000323157246296315,0.0018884501580440907,0.0035345323813659453,0.0007977944517940276,0.001484503600173697,0.0015753915756945357,0.0006564131565393899,0.00015147995920139766,0.002524665986689961,0.001040162386516264,0.003181079143229351,0.0011916423457176614,0.00040394655787039373,0.0008280904436343072,0.42954667097543,0.34260727305777444,0.1588923785383194,0.05371479353281561,0.015238883895660605,0.11050407614494857,0.14339066968287165,0.10943702249349098,0.12292458064791498,0.13581458875752273,0.0967817661872039,0.08352895983610056,0.08924836740791327,0.10836996884203337,0.009155320329506167,0.0034785949037517607,0.13363779930854924,0.00414016816765547,0.0083870417004567,0.09631226258056255,0.1731828076315677,0.043813222928848865,0.045840624866618294,0.025139784028340946,0.027914123522130692,0.014127790345298562,0.04955397157369072,0.03817917964915276,0.055401425583678346,0.09375133381706433,0.13282683853344146,0.04515771052968543,-5.372821960655838,0.05690162371195894,0.1242436847575246,-0.8170634758023131,-32.9872,15.731287
North East Lincolnshire,E06000012,159616,155421,152240,414,26,2741,1186,381,161,369,275,2129,513,195,268,605,548,411,306,71,34,469,265,204,70776,5839,7346,6830,7205,9163,7347,6659,10521,9866,70242,55935,23779,7507,2153,70776.0,362,240,11045,519,387,5848,13435,5532,3808,748,942,669,2430,3044,3431,6243,9309,2784,2011,0.97371817361668,0.013338261828388131,0.00257492983159583,0.00743033279871692,0.0029383019246190857,0.9537890938251804,0.0025937249398556537,0.00016289093825180433,0.017172463913392142,0.0016790296712109062,0.0037903468323977545,0.0032139635124298314,0.0012216820368885326,0.0034332397754611066,0.0019171010425020048,0.000444817562149158,0.0002130112269446672,0.0023117983159582998,0.0010086708099438654,0.002386978748997594,0.0017228849238171613,0.0016602345629510827,0.0012780673616680032,0.4400686647955092,0.3504347935044106,0.1489762931034483,0.0470316259021652,0.01348862269446672,0.0824997174183339,0.10379224595908218,0.09650163897366339,0.10180004521306657,0.12946479032440375,0.10380637504238725,0.09408556572849554,0.14865208545269584,0.1393975358878716,0.00511472815643721,0.00339097999321804,0.1560557251045552,0.007332994235334012,0.00546795523906409,0.08262687916807958,0.18982423420368486,0.07816208884367583,0.053803549225726235,0.010568554312196225,0.013309596473380807,0.009452356731095287,0.03433367243133265,0.04300892958064881,0.0484768848197129,0.08820786707358426,0.13152763648694474,0.039335367921329266,-5.69839856439438,-0.5943334263237272,1.7910614741779918,0.08415452467890648,-32.993225,14.322852
North Hertfordshire,E07000099,127114,113755,107889,1398,33,4435,3376,1481,309,912,674,6821,3464,424,495,808,1630,2491,859,1344,288,671,146,525,64990,8310,14418,9522,7209,6420,5372,4514,3819,5406,63801,43360,14965,3958,1030,64990.0,417,39,6538,156,405,4895,10445,2471,2372,3612,2831,1144,6032,2979,3614,6761,6965,3314,2011,0.8949053605425051,0.0536604937300376,0.01959658259515081,0.02655883694950989,0.0052787261827965445,0.8487578079519171,0.01099800179366553,0.0002596094843998301,0.03488994131252262,0.0038941422659974512,0.006356498890759476,0.027251128907909435,0.0033355885268341805,0.012823135138537061,0.006757713548468304,0.010573186273738534,0.0022656827729439716,0.007174662114322577,0.002430888808471136,0.011650958981701464,0.0053023270450147115,0.00114857529461743,0.004130150888179114,0.5019195367937442,0.3411111285932313,0.11772896769828657,0.031137404219834165,0.008102962694903787,0.12786582551161718,0.2218495153100477,0.14651484843822127,0.11092475765502385,0.09878442837359594,0.08265887059547623,0.06945683951377135,0.058762886597938144,0.08318202800430835,0.006416371749499923,0.0006000923218956762,0.10060009232189568,0.002400369287582705,0.006231727958147407,0.07531927988921372,0.16071703338975227,0.03802123403600554,0.036497922757347284,0.05557778119710725,0.04356054777658101,0.017602708108939838,0.09281427911986459,0.04583782120326204,0.055608555162332665,0.10403138944452993,0.1071703338975227,0.050992460378519774,-1.076990626986406,3.6005536487591843,-2.1643744526489175,0.3682946576066025,-14.424761,7.965286
North Kesteven,E07000139,107766,105835,103343,512,74,1906,791,242,91,256,202,750,217,29,68,215,221,251,108,101,42,139,43,96,52428,6382,7451,7661,5920,6575,5208,3905,4315,5011,49563,37834,14941,4198,1230,52428.0,1427,97,5001,252,582,4237,8170,2102,2341,1130,794,485,2278,1789,7916,4779,6888,2160,2011,0.9820815470556576,0.006959523411836758,0.002329120501828035,0.0073399773583505004,0.001289831672327079,0.9589573705992613,0.004751034649147227,0.00068667297663456,0.01768646883061448,0.000630996789339866,0.0019950633780598703,0.002013622107158102,0.0002691015719243546,0.0020507395653545646,0.001002171371304493,0.0009372158194606834,0.00038973331106285843,0.0023755173245736134,0.0008444221739695266,0.0022456062208859938,0.0018744316389213667,0.0003990126756119741,0.0008908189967151049,0.4599131451478203,0.35107547835124253,0.13864298572833733,0.03895477237718761,0.011413618395412281,0.1217288471808957,0.1421187151903563,0.14612420843823912,0.11291676203555352,0.12541008621347371,0.0993362325474937,0.07448310063324941,0.08230334935530632,0.0955786984054322,0.027218280308232243,0.001850156404974441,0.0953879606317235,0.004806591897459373,0.011100938429846647,0.08081559472037843,0.1558327611200122,0.04009308003356985,0.044651712825207905,0.021553368429083695,0.015144579232471199,0.009250782024872206,0.04345006485084306,0.03412298771648737,0.15098802166781108,0.09115358205539024,0.1313801785305562,0.04119935912108034,-4.523369834805913,0.8335487238155915,-1.6147779977410377,0.11400823637723516,-26.02139,17.841349
North Lincolnshire,E06000013,167446,160748,154526,727,90,5405,1244,341,166,451,286,4549,1122,862,1443,530,592,494,365,64,65,411,173,238,78101,7654,9522,7504,7681,10703,7461,6081,10047,11448,73234,59883,24667,7593,2069,78101.0,1198,276,15166,553,614,6201,13119,5086,3906,975,1418,741,2611,3090,3876,6577,9857,2837,2011,0.9599990444680673,0.027166967261087156,0.002950204842158069,0.007429260776608579,0.002454522652078879,0.9228407964358659,0.00434169821912736,0.0005374867121340611,0.03227906310094,0.00861770361788278,0.0031651995270116935,0.006700667677937962,0.005147928287328452,0.003535468150926269,0.0021798072214325812,0.00038221277307311013,0.00038818484765237746,0.002693405635249573,0.0009913643801583794,0.002036477431530165,0.0017080133296704608,0.0010331689022132508,0.0014213537498656283,0.4373589097380648,0.3576257420302665,0.14731316364678762,0.045345962280376954,0.012356222304504139,0.09800130600120358,0.12191905353324542,0.09608071599595396,0.0983470122021485,0.13704049884124403,0.09553014686111573,0.0778607188128193,0.12864111855161905,0.14657942920065045,0.01533911217526024,0.0035338856096592875,0.19418445346410418,0.007080575152686905,0.007861615088155081,0.07939719081701899,0.16797480185913113,0.0651208051113302,0.050012163736699915,0.012483835034122483,0.018155977516293005,0.009487714625933086,0.033431070024711594,0.03956415410814202,0.049628045735649995,0.08421146976351135,0.12620837121163622,0.03632475896595434,-5.3248481255426405,-0.2801029952895963,1.00179363200937,0.5755603132876476,-32.090443,14.416517
North Norfolk,E07000147,101499,100127,98001,354,46,1726,617,194,76,197,150,531,112,5,67,141,206,157,67,73,17,67,10,57,43183,5228,5182,4092,3988,7633,5021,3424,3333,5282,39504,38336,17412,4839,1408,43183.0,1585,151,3996,201,301,3934,7568,1588,3427,703,1014,617,2111,2002,1823,3974,5670,2518,2011,0.9864826254445856,0.0052315786362427215,0.0015468132690962472,0.006078877624410093,0.0006601050256652775,0.965536606271983,0.0034877190908284813,0.00045320643553138455,0.01700509364624282,0.0006601050256652775,0.0013891762480418527,0.0011034591473807623,4.926156907949832e-05,0.0020295766460753308,0.0006601050256652775,0.0007192189085606755,0.00016748933487029428,0.0019409058217322338,0.0007487758500083745,0.0019113488802845347,0.0014778470723849496,9.852313815899665e-05,0.0005615818875062808,0.3892058049833003,0.3776983024463295,0.17154848816244495,0.04767534655513848,0.013872057852786727,0.12106616029456035,0.12000092629043836,0.09475951184493898,0.09235115670518491,0.17675937290137322,0.1162726072760114,0.07929046152421092,0.0771831507769261,0.12231665238635574,0.03670425862029039,0.003496746404835236,0.0925364147928583,0.0046546094527939235,0.006970335548711298,0.09110066461338953,0.17525415093902694,0.03677373040316791,0.07935993330708843,0.016279554454299145,0.023481462612602182,0.014288030011810202,0.048884977884815786,0.04636083644026585,0.042215686728573745,0.09202695505175648,0.13130166963851517,0.0583099830951995,-6.2848203862966265,-0.7888239189466981,0.3393854101629857,0.35283896542408444,-25.226244,25.009188
North Northamptonshire,E06000061,316851,295889,277831,2693,313,15052,5359,2245,684,1304,1126,9364,5793,523,790,841,1417,5325,2715,1956,654,914,266,648,157386,16875,20974,17314,17157,19392,14505,12366,16624,22179,144745,114594,41916,12092,3504,157386.0,1039,80,23988,535,1245,12205,31843,10186,5903,4295,4122,1630,7488,7736,7270,14189,17341,6291,2011,0.9338427210266024,0.029553323170827928,0.01680600660878457,0.016913312566474464,0.0028846366273106287,0.8768506332629532,0.008499263060555276,0.0009878460222628302,0.047504978680831055,0.002493285487500434,0.0026542444240352722,0.018283041555810144,0.0016506181138768695,0.004472133589605209,0.008568696327295795,0.00617324862474791,0.0020640616567408655,0.004115499083165273,0.0021587433841142997,0.007085349265111993,0.003553720834082897,0.0008395113160444499,0.0020451253112661787,0.45682355428892446,0.36166526222104395,0.13228930948616227,0.03816304824665221,0.011058825757217115,0.10722046433609088,0.13326471223615824,0.11000978486015274,0.10901223742899623,0.12321299226106515,0.09216194578933323,0.0785711562654874,0.10562565920729926,0.14092104761541688,0.006601603700456204,0.0005083044235192457,0.15241508139224583,0.0033992858322849555,0.007910487591018261,0.07754819361315492,0.20232422197654176,0.06471986072458795,0.037506512650426344,0.0272895937376895,0.026190385421829134,0.01035670262920463,0.047577294041401395,0.049153037754311055,0.04619216448731145,0.0901541433164322,0.11018133760309048,0.039971789104494684,-3.650454984423418,0.98590011088769,0.48038055521278994,1.5973031247745362,-29.746622,11.701687
North Somerset,E06000024,202566,197076,190553,1113,176,5234,2033,681,256,698,398,2436,817,111,299,619,590,632,383,188,61,389,127,262,97563,11897,16808,12908,11305,11026,9592,8534,6114,9379,93803,70435,27670,8276,2382,97563.0,890,164,7998,432,1049,7585,16703,4686,4857,3585,5085,1562,6443,4340,6126,8663,12883,4512,2011,0.9728977222238677,0.012025710138917687,0.0031199707749572977,0.010036235103620549,0.0019203617586366912,0.9406958719627183,0.005494505494505495,0.0008688526208741842,0.025838492145769772,0.0014760621229623924,0.0030557941609154547,0.004033253359398912,0.0005479695506649684,0.0029126309449759584,0.0018907417829250714,0.000928092572297424,0.0003011364197348025,0.003445790507785117,0.0012637856303624499,0.0033618672432688605,0.001964791722204121,0.0006269561525626215,0.0012934056060740697,0.4630737636128472,0.3477138315413248,0.13659745465675385,0.04085581983156107,0.011759130357513107,0.12194171970931603,0.17227842522267664,0.13230425468671525,0.11587384561770343,0.11301415495628465,0.09831595994383116,0.08747168496253703,0.06266719965560714,0.09613275524532866,0.009122310712052726,0.0016809651199737605,0.08197779896067156,0.004427908120906491,0.01075202689544192,0.07774463679878643,0.17120219755440075,0.04803050336705513,0.04978321699824729,0.03674548753113373,0.05212016850650349,0.016010167789018377,0.06603937968287157,0.04448407695540318,0.0627901971034101,0.08879390752641883,0.13204801000379243,0.046247040373912245,-3.9593570868284864,1.5930491072452895,-1.3926001579306033,-0.23395236106864387,-22.430073,14.370154
North Tyneside,E08000022,200801,194025,190936,596,29,2464,1815,448,385,602,380,3815,1095,319,686,869,846,734,576,91,67,412,177,235,96026,8205,16953,11624,13912,10077,8662,10312,6613,9668,90031,66955,30156,10638,3021,96026.0,127,393,7883,671,553,7054,13861,4270,4992,3917,3196,1267,4986,4125,10539,9789,14087,4316,2011,0.9662551481317324,0.018998909367981234,0.0036553602820703084,0.009038799607571675,0.002051782610644369,0.9508717586067799,0.0029681127086020487,0.00014442159152593863,0.012270855224824578,0.003416317647820479,0.004327667690897954,0.005453160093824234,0.0015886375067853248,0.004213126428653244,0.002868511610997953,0.000453184994098635,0.00033366367697372024,0.0029979930378832777,0.0019173211288788402,0.0022310645863317415,0.0018924208544778163,0.000881469713796246,0.0011703128968481233,0.44835932091971653,0.33343957450411105,0.15017853496745534,0.05297782381561845,0.01504474579309864,0.08544560848103638,0.17654593547580863,0.12105054880969737,0.1448774290296378,0.10494032866098765,0.09020473621727448,0.10738758252973153,0.06886676525107784,0.1006810655447483,0.0013225584737466935,0.004092641576239769,0.08209234998854477,0.0069876908337325305,0.0057588569762356025,0.07345927144731636,0.14434632287088914,0.044467123487388835,0.05198592047987004,0.04079103576114802,0.033282652614916794,0.013194343198717014,0.05192343740237019,0.042957115781142606,0.10975152562847562,0.10194114094099514,0.14669985212338324,0.04494616041488764,-4.891994795988292,1.30956152513154,0.17571267479716032,-1.6673691033403757,-35.27645,10.001918
North Warwickshire,E07000218,62014,60709,59499,458,45,707,506,269,39,116,82,580,360,35,11,67,107,172,30,124,18,47,7,40,31258,3549,4060,3431,3818,4044,2688,2244,3137,4287,27979,21604,8725,2850,856,31258.0,352,175,3979,211,312,2814,5447,2806,1566,806,809,370,1367,1544,1415,2795,3142,1348,2011,0.9789563646918438,0.009352726803624988,0.002773567259006031,0.008159447866610766,0.0007578933789144387,0.9594446415325572,0.007385429096655594,0.0007256425968329732,0.011400651465798045,0.00017737930144806011,0.0010804011997290934,0.005805140774663786,0.0005643886864256458,0.0017254168413584029,0.00048376173122198214,0.0019995484890508596,0.0002902570387331893,0.0018705453607249975,0.0006288902505885768,0.004337730189957106,0.0013222820653400844,0.00011287773728512916,0.0006450156416293096,0.45117231592866125,0.34837294804399005,0.14069403683039314,0.0459573644660883,0.013803334730867223,0.11353893403288758,0.129886748992258,0.10976390044148698,0.12214473094887708,0.12937488003071212,0.08599398553970183,0.07178962185680465,0.10035830827308209,0.13714888988418963,0.011261117154008574,0.005598566766907672,0.12729541237443215,0.006750271930385821,0.009981444750143963,0.09002495361187536,0.17425938959626336,0.08976901913110244,0.05009917461129951,0.025785398937871906,0.02588137436816175,0.011836969735747648,0.04373280440207307,0.04939535478917397,0.0452684112867106,0.08941710922003968,0.10051826732356517,0.04312496001023738,-5.347070998128466,0.8380118553096707,-0.13297388640010807,0.18741726474947162,-32.85411,18.131657
North West Leicestershire,E07000134,93468,91187,89116,406,77,1588,881,358,59,322,142,1074,520,16,20,198,320,205,91,78,36,121,25,96,46291,5383,6910,5300,5115,5859,4246,3275,4724,5479,42477,33202,12978,3733,1078,46291.0,429,439,6757,401,326,4118,8032,3599,2163,1162,897,463,2480,2062,1969,4576,4481,1937,2011,0.9755959258783755,0.011490563615354988,0.0021932640047930842,0.009425685796208328,0.0012945607052681132,0.9534386100055634,0.0043437326143706935,0.0008238113578978902,0.0169897719005435,0.00021397697607737406,0.0021183720631660036,0.005563401378011726,0.00017118158086189926,0.003423631617237985,0.0009735952411520521,0.0008345102067017589,0.0003851585569392733,0.0034450293148457225,0.0006312320794282535,0.003830187871784996,0.001519236530149356,0.00026747122009671757,0.0010270894851713956,0.45445500064193095,0.3552231779860487,0.13884965977660804,0.03993880258484187,0.011533359010570463,0.11628610313019809,0.1492730768399905,0.1144930980104124,0.11049664081570931,0.1265688794798125,0.09172409323626624,0.07074809358190577,0.10205007452852606,0.11835994037717915,0.009267460197446589,0.009483484910673782,0.14596789872761443,0.008662591000410447,0.007042405651206498,0.08895897690695816,0.17351104966408157,0.07774729429046683,0.04672614547104189,0.02510207167699985,0.01937741677647923,0.010001944222419045,0.053574128880343914,0.04454429586744724,0.04253526603443434,0.0988529087727636,0.09680067399710526,0.04184398695210732,-4.988202216246403,0.9009310161732149,-0.75925020495077,0.15330145614715823,-33.444614,19.168438
North Yorkshire,E06000065,598376,582475,565055,2381,588,14451,5043,1315,662,1821,1245,7356,1631,894,275,1733,2823,2424,1428,372,624,1078,357,721,299201,38816,47407,39274,30046,42547,27090,21484,19813,32724,285526,206349,78814,21734,5953,299201.0,10637,1093,26512,1666,1782,23327,46638,10693,21961,6798,8817,3848,18132,11832,24987,27758,37001,15719,2011,0.9734264074762357,0.012293273794403519,0.004050964610880115,0.00842781127585331,0.0018015428426273782,0.9443142773105874,0.003979103439977539,0.0009826597323422063,0.02415036699332861,0.00045957725577229036,0.002896172306375924,0.002725710924234929,0.001494043878765191,0.004717769429255184,0.0023864593499739292,0.0006216826878083345,0.0010428225730978516,0.003043237028223057,0.0011063277938954772,0.0021976148776020428,0.0020806315761327326,0.0005966148374934823,0.0012049280051338958,0.4771682019332326,0.34484838964129577,0.13171317031431742,0.036321643916199846,0.009948594194954342,0.12973218672397485,0.15844532605171774,0.13126293027095498,0.1004207873636786,0.142202064832671,0.0905411412395012,0.071804572845679,0.06621969846357466,0.10937129220824797,0.035551351766872435,0.0036530626568761467,0.08860932951427301,0.005568163208010669,0.0059558624469838,0.07796431161660555,0.15587514747611136,0.03573851691672154,0.07339881885421506,0.022720512297753015,0.02946848439677675,0.012860919582488027,0.060601401733282975,0.03954532237525944,0.08351242141570382,0.09277375409841544,0.12366603052797283,0.05253658911567809,-4.006069987549715,1.2751876811102973,-2.0438786843737997,0.12856580228315104,-24.876572,20.074207
Northumberland,E06000057,316028,311066,307097,833,156,2980,1692,515,230,624,323,2658,939,351,295,452,621,338,193,114,31,274,73,201,146901,15459,22807,16827,16891,19038,15579,12688,11390,16222,138990,108458,48580,15641,4359,146901.0,3739,770,13569,858,1060,11629,21477,6210,8794,3657,3480,2164,7616,5642,13421,13081,22591,7143,2011,0.9842988595947194,0.008410647157846772,0.0010695254850836002,0.005353955978584176,0.0008670117837659955,0.9717398458364449,0.0026358423937119495,0.0004936271469616617,0.009429544217600972,0.0009334615920108345,0.0014302530155555838,0.0029712557115192323,0.0011106610806637387,0.001965015758097384,0.0006107053805359018,0.0003607275304719835,9.80925740757148e-05,0.0019745085878466466,0.0007277836141101422,0.0016296024402901008,0.0010220613363372865,0.00023099219056539293,0.0006360195932006025,0.439802802283342,0.3431911096485122,0.15372055640639437,0.049492450036072756,0.013793081625678737,0.10523413727612474,0.15525421882764584,0.11454653133743133,0.11498219889585504,0.1295974840198501,0.10605101394816918,0.08637109345749859,0.07753521078821791,0.11042811144920729,0.025452515639784616,0.0052416253122851445,0.09236832969142483,0.005840668205117732,0.007215743936392537,0.07916215682670642,0.1462005023791533,0.042273367778299674,0.05986344544965657,0.02489431658055425,0.023689423489288704,0.014731009319201366,0.051844439452420336,0.03840681819728933,0.09136084846257003,0.08904636455844413,0.15378384081796584,0.04862458390344518,-5.557258405849068,0.36415959242837653,-0.32251690248474774,-1.031111606987329,-29.534529,19.93962
Norwich,E07000148,132512,120375,112237,874,127,7137,3039,684,660,876,819,5844,1684,255,540,1679,1686,2147,1727,272,148,1107,643,464,62424,4811,12181,7422,5944,6321,5901,6878,4157,8809,59454,46939,18620,5862,1637,62424.0,198,92,4290,128,371,3933,10767,2229,4653,2096,3984,809,3711,2965,2924,7164,8697,3413,2011,0.9084082950978024,0.04410166626418739,0.01620230620623038,0.02293377203574016,0.008353960396039604,0.8469949891330596,0.006595629075102632,0.0009584037672059889,0.053859273122434194,0.004075102632214441,0.012670550591644531,0.012708283023424293,0.0019243540207679304,0.012723375996136198,0.013032781936730258,0.002052644288819126,0.0011168799806809948,0.006610722047814537,0.004980680994928761,0.0051617966674716255,0.006180572325525236,0.004852390726877566,0.0035015696691620382,0.44866879980680996,0.3542245230620623,0.1405155759478387,0.04423750301859454,0.012353598164694519,0.07706971677559912,0.19513328207099834,0.1188965782391388,0.09521978726130975,0.10125913110342176,0.09453094963475586,0.11018198128924772,0.06659297706010509,0.14111559656542355,0.0031718569780853517,0.0014737921312315775,0.06872356785851595,0.0020504933999743688,0.00594322696398821,0.06300461361014995,0.17248173779315648,0.03570742022299116,0.07453863898500576,0.03357682942458029,0.06382160707420223,0.012959759067025503,0.0594482891195694,0.04749775727284378,0.046840958605664486,0.11476355247981546,0.139321414840446,0.05467448417275407,-2.6987278957691214,2.1431417608627115,1.2977800028915094,-0.6139633542770945,-25.061043,3.7665093
Nottingham,E06000018,305680,218698,199990,2819,326,15563,20265,12166,2004,3304,2791,40039,9901,16771,1049,5988,6330,22185,9877,9382,2926,4493,2372,2121,123218,9055,19437,13232,11942,11831,12616,13540,10765,20800,141038,103332,41581,15063,4666,123218.0,197,90,10266,1619,720,7602,21831,6591,9725,4110,2801,1786,5646,7392,5636,13033,18098,6075,2011,0.7154475268254383,0.1309833813137922,0.07257589636220885,0.06629481811044229,0.014698377388118293,0.654246270609788,0.00922206228735933,0.001066474744831196,0.050912719183459826,0.0034316932740120387,0.01958911279769694,0.032390081130594085,0.054864564250196285,0.020707929861292856,0.032311567652447006,0.03069222716566344,0.009572101544098403,0.010808688824914944,0.00655587542528134,0.03979979063072494,0.009130463229521067,0.007759748756869929,0.006938628631248364,0.4613909971211725,0.33803978016226116,0.13602787228474222,0.04927702172206229,0.015264328709761842,0.0734876397928874,0.1577448100115243,0.10738690775698356,0.09691765813436348,0.09601681572497525,0.10238763816974793,0.10988654255060137,0.0873654823158954,0.16880650554302132,0.001598792384229577,0.0007304127643688423,0.08331574932233927,0.013139314061257283,0.005843302114950738,0.06169553149702154,0.1771737895437355,0.05349056144394488,0.07892515703874434,0.03335551623951046,0.022732068366634745,0.01449463552403058,0.045821227418072034,0.05999123504682757,0.045740070444253274,0.10577188397799023,0.1468778912171923,0.04930286159489685,-1.2519095297618865,4.210036208584744,5.576251051976661,0.19707509318085334,-28.00466,1.2144586
Nuneaton and Bedworth,E07000219,125252,114392,111379,697,75,2241,1396,664,110,409,213,7880,5705,527,51,304,1293,1047,555,351,141,537,76,461,60205,5102,7712,6600,7104,7287,5975,5194,6145,9086,55086,44255,18133,6019,1759,60205.0,118,157,8641,397,486,3836,11698,4748,2662,1482,1747,540,2353,2717,3103,5278,7659,2583,2011,0.9132947976878613,0.06291316705521668,0.008359147957717241,0.011145530610289656,0.004287356688915147,0.8892392935841343,0.005564781400696196,0.0005987928336473669,0.017891929869383323,0.0004071791268802095,0.0024271069523839938,0.04554817487944304,0.0042075176444288315,0.010323188452080606,0.004431066968990515,0.002802350461469677,0.0011257305272570498,0.0032654169194903074,0.0008782294893494714,0.005301312553891355,0.0017005716475585221,0.0006067767380959984,0.0036805799508191485,0.43980136045731805,0.3533276913741896,0.14477213936703606,0.048055120876313355,0.014043687925142911,0.08474379204385017,0.12809567311685077,0.10962544639149573,0.11799684411593721,0.12103645876588323,0.09924424881654348,0.08627190432688316,0.10206793455693049,0.15091769786562578,0.001959970102150984,0.002607756830828004,0.14352628519225977,0.006594136699609667,0.008072419234282866,0.06371563823602691,0.1943027987708662,0.07886388173739722,0.04421559671123661,0.024615895689726768,0.02901752346150652,0.008969354704758742,0.03908313263018022,0.045129142097832406,0.051540569720122914,0.08766713728095674,0.1272153475624948,0.042903413337762646,-4.877711071935621,0.5049134557602539,1.527509391600651,0.6520664639451279,-31.988743,12.451304
Oadby and Wigston,E07000135,56170,41011,39634,387,9,981,1176,383,85,493,215,12520,9938,1080,128,328,1046,671,302,305,64,792,191,601,26399,2717,4547,3179,3580,2864,2357,2462,2022,2671,25383,20568,7524,2082,613,26399.0,50,21,2970,351,139,1858,5045,1027,1086,647,1064,304,1360,1021,1617,3336,3489,1014,2011,0.7301228413743992,0.22289478369236246,0.01194587858287342,0.020936442941071748,0.014100053409293217,0.7056079757877871,0.006889798824995549,0.00016022787965105928,0.017464838881965462,0.002278796510592843,0.00583941605839416,0.17692718533024746,0.019227345558127114,0.01862204023500089,0.005376535517179989,0.005429944810397009,0.0011393982552964216,0.008776927185330248,0.0015132633078155599,0.006818586434039523,0.0038276660138864163,0.003400391668150258,0.010699661741142959,0.4518960299092042,0.3661741142958875,0.13395050738828557,0.03706604949261171,0.010913298914011037,0.10292056517292322,0.17224137277927193,0.1204212280768211,0.13561119739384067,0.10848895791507254,0.08928368498806773,0.09326110837531724,0.07659381037160498,0.10117807492708057,0.0018940111367854843,0.0007954846774499034,0.11250426152505777,0.0132959581802341,0.005265350960263647,0.0703814538429486,0.19110572370165538,0.03890298874957385,0.04113792189098072,0.024508504110004166,0.040304556990795104,0.011515587711655744,0.051517102920565175,0.03867570741315959,0.061252320163642564,0.1263684230463275,0.1321640971248911,0.038410545854009624,-2.7166031445219185,2.479240892158327,0.8691509023525916,2.2534749819864808,-28.293121,7.1249924
Oldham,E08000004,224897,174326,169955,1484,62,2825,4057,1950,440,1131,536,43165,1555,22686,16310,726,1888,2797,1640,839,318,552,154,398,96300,8867,12481,10140,11303,12652,9957,8835,9326,12739,101526,74987,32778,12179,3427,96300.0,127,26,10913,427,748,8029,18287,5586,5659,2196,3145,1450,4332,4615,5077,9185,12638,3860,2011,0.7751370627442785,0.19193230678933024,0.012436804403793737,0.018039369133425524,0.002454456929172021,0.7557014989083892,0.006598576237121882,0.00027568175653743714,0.01256130584223,0.07252208788912258,0.003228144439454506,0.006914276313156689,0.10087284401303707,0.008394954134559375,0.007292227108409628,0.003730596673143706,0.0014139806222404033,0.005028968816836152,0.0019564511754269734,0.008670635891096814,0.0023833132500655856,0.0006847579113994406,0.0017696990177725803,0.4514333228099975,0.33342819157214193,0.1457467196094212,0.05415367923982979,0.01523808676860963,0.09207684319833853,0.12960539979231567,0.10529595015576323,0.11737279335410176,0.13138110072689513,0.10339563862928348,0.09174454828660436,0.09684319833852544,0.13228452751817238,0.0013187954309449637,0.0002699896157840083,0.11332294911734164,0.004434060228452752,0.007767393561786086,0.08337487019730011,0.18989615784008307,0.05800623052959501,0.058764278296988576,0.02280373831775701,0.03265835929387331,0.015057113187954309,0.044984423676012464,0.047923156801661475,0.05272066458982347,0.09537902388369678,0.13123572170301143,0.040083073727933544,-4.076244037552223,1.08450083230563,2.61320221956449,-0.15351490336817855,-32.751743,5.337542
Oxford,E07000178,151906,117957,96633,2431,92,18801,6035,1721,703,2008,1603,18827,4449,4825,1791,3559,4203,7028,4456,1874,698,2059,922,1137,69807,5791,23478,8106,5805,4912,5713,4659,3215,8128,83904,48201,14320,4189,1292,69807.0,108,22,3534,321,206,2826,7722,2241,4767,4595,872,643,6544,2450,2222,16452,10536,3746,2011,0.7765131067897252,0.12393848827564415,0.04626545363580109,0.03972851631930273,0.013554434979526813,0.6361368214553738,0.01600331784129659,0.000605637696996827,0.12376732979605809,0.011790186036101272,0.023428962647953338,0.02928784906455308,0.031763064000105326,0.02766842652693113,0.029333930193672402,0.01233657656708754,0.004594946875041144,0.013218701038800311,0.004627861967269232,0.011329374744908036,0.010552578568325149,0.006069543006859505,0.007484891972667307,0.5523415796611062,0.317308072097218,0.09426882414124524,0.02757626426869248,0.00850525983173805,0.08295729654619165,0.33632730241952813,0.11612015986935408,0.08315784949933387,0.07036543613104702,0.08183993009297062,0.06674115776354807,0.0460555531680204,0.11643531451000616,0.001547122781382956,0.00031515464065208363,0.050625295457475614,0.004598392711332674,0.002950993453378601,0.04048304611285401,0.11061927886888134,0.032102797713696334,0.06828828054493102,0.06582434426346928,0.012491583938573496,0.00921111063360408,0.09374418038305614,0.03509676679989113,0.031830618705860445,0.2356783703640036,0.15093042245047059,0.053662240176486596,2.311231173758293,5.821030335583142,-0.4932137603157098,-1.0238762631516558,-9.672375,3.037738
Pembrokeshire,W06000009,122439,120121,117092,834,454,1741,733,234,78,261,160,1192,341,69,103,205,474,179,94,44,41,214,61,153,54217,5616,7080,5468,4811,10202,6322,4394,4073,6251,55535,39889,18684,6383,1948,54217.0,2535,248,4116,406,389,5805,8513,2194,4702,666,685,634,2235,1959,4010,5037,7289,2794,2011,0.9810681237187497,0.00973546010666536,0.001461952482460654,0.005986654579014856,0.001747809113109385,0.9563292741691781,0.006811555141744052,0.0037079688661292563,0.014219325541698314,0.0008412352273376946,0.00167430312237114,0.002785060315749067,0.0005635459289932129,0.0038713155122142456,0.0007677292365994495,0.0003593626213869764,0.000334860624474228,0.0021316737314091097,0.0006370519197314581,0.0019111557591943744,0.001306773168679914,0.0004982072705592173,0.0012496018425501678,0.45357279951649393,0.32578671828420686,0.15259843677259696,0.05213208209802432,0.015909963328677956,0.1035837467952856,0.1305863474555951,0.10085397569028165,0.08873600531198701,0.18816976225169227,0.11660549274212885,0.08104469077964475,0.07512403858568346,0.11529594038770127,0.046756552372871976,0.004574211040817456,0.07591714775808325,0.00748842613940277,0.007174871350314477,0.1070697382739731,0.15701717173580243,0.040467012191747975,0.08672556578195031,0.012283969972517845,0.012634413560322409,0.011693749193057528,0.041223232565431506,0.03613257834258627,0.07396204142612096,0.0929044395669255,0.1344412269214453,0.051533651806628916,-5.863837014283195,-0.18304933404460158,-0.09550594735964071,-0.6706776605893813,-30.103462,23.523722
Pendle,E07000122,89452,71437,69074,462,26,1875,946,139,65,599,143,16807,236,15320,383,281,587,126,67,51,8,136,52,84,39324,3747,5172,3802,3786,5641,4254,3674,4875,4373,38965,30826,13431,4921,1309,39324.0,260,18,8277,56,214,2842,6885,1684,1879,763,990,500,1490,1732,1749,3599,4902,1484,2011,0.7986070741850377,0.18788847650136387,0.0014085766668157224,0.01057550418101328,0.001520368465769351,0.7721906720922953,0.005164781111657649,0.0002906586772794348,0.020960962303805394,0.0042816258999239815,0.003141349550596968,0.0026382864553056388,0.17126503599695928,0.0065621785985780084,0.0007490050529893127,0.0005701381746635067,8.9433439162903e-05,0.0066963287573223625,0.0007266466931985869,0.0015539060054554398,0.0015986227250368913,0.0005813173545588696,0.0009390511112104816,0.43559674462281445,0.344609399454456,0.1501475651746188,0.05501274426508072,0.014633546483030006,0.09528532194079951,0.1315227342081172,0.096683958905503,0.09627708269758926,0.14344929305258874,0.10817821177906622,0.09342894924219307,0.12397009459871834,0.11120435357542467,0.006611738378598311,0.00045773573390296,0.2104821483063778,0.0014240667276980978,0.0054419692808463024,0.07227138643067847,0.17508391821788222,0.04282372088292137,0.04778252466687011,0.019402909164886583,0.0251754653646628,0.012714881497304445,0.037890346861967246,0.0440443495066626,0.04447665547757095,0.0915217170175974,0.12465669819957279,0.03773776828399959,-4.446863757897406,-0.3675455400523423,2.403843727534603,0.49061360171246565,-33.26223,3.810476
Peterborough,E06000031,183631,151544,130232,1257,560,19495,4948,1542,827,1384,1195,21492,4636,12078,229,872,3677,4164,2480,1174,510,1483,428,1055,88044,7855,11643,10002,9870,8947,8122,8153,9173,14279,81275,68493,24362,7425,2076,88044.0,727,47,10400,238,667,5257,16112,5482,4252,3227,4432,1086,3887,6553,5541,7056,9551,3529,2011,0.8252637081974177,0.11703906203200985,0.022675909840930996,0.026945341472845,0.00807597845679651,0.7092048728155922,0.006845249440453954,0.0030495940227957155,0.10616399191857584,0.0012470661271789623,0.0047486535497819,0.025246281945858814,0.06577320822736901,0.020023852181821154,0.01350534495809531,0.006393256040646732,0.002777308842188955,0.007536853799195125,0.0045035968872358155,0.008397274969912487,0.006507615816501571,0.0023307611459938682,0.005745217310802643,0.44259956107628884,0.37299257750597664,0.13266823139883788,0.0404343493201039,0.011305280698792688,0.08921675525873426,0.13224069783290174,0.1136022897642088,0.11210303938939621,0.101619644723093,0.09224932988051429,0.09260142655944754,0.10418654309209031,0.16218027349961384,0.00825723501885421,0.0005338239970923629,0.11812275680341647,0.002703193857616646,0.007575757575757576,0.05970878197265004,0.18299940938621598,0.06226432238426242,0.04829403480078143,0.036652128481213936,0.05033846713007133,0.012334741720049067,0.044148380355276906,0.07442869474353732,0.0629344418699741,0.0801417473081641,0.10847985098359911,0.04008223161146699,-2.832404039912667,2.2119319882722874,2.2511382708870222,2.8133653867665673,-26.089355,5.2731614
Plymouth,E06000026,256384,246509,238263,1105,153,6988,3287,904,523,1028,832,3906,875,202,359,1251,1219,1678,1106,343,229,1004,399,605,117466,9508,16170,14638,13201,15317,12914,12497,8647,14574,117976,85956,35756,13012,3684,117466.0,222,188,11493,877,642,8733,18796,6354,7066,2756,2342,1604,4561,4947,12772,11951,16819,5343,2011,0.9614835559161258,0.015234960059910135,0.0065448701947079385,0.012820612830753869,0.003916000998502246,0.9293208624563155,0.004309941337993011,0.0005967611083374937,0.02725599101347978,0.0014002433849226162,0.004879399650524214,0.0034128494757863204,0.0007878806789815277,0.004754586869695457,0.0043138417373939095,0.0013378369945082377,0.0008931914628057913,0.004009610584123815,0.002039908886669995,0.0035259610584123815,0.0032451323015476783,0.0015562593609585622,0.0023597416375436843,0.46015351972041935,0.33526273090364456,0.1394626809785322,0.05075199700449326,0.014369071392910633,0.0809425706161783,0.13765685389814925,0.12461478214972843,0.11238145505933632,0.1303951781792178,0.10993819488192327,0.10638823148826043,0.07361279008393919,0.12406994364326698,0.0018899085692881345,0.0016004631127304921,0.09784107741814653,0.007465990158854477,0.005465411267941362,0.07434491682699675,0.1600122588663954,0.05409224796962525,0.06015357635400882,0.023462108184495938,0.01993768409582347,0.013655015068189945,0.03882825668704136,0.04211431392913694,0.10872933444571195,0.10174007798001124,0.14318185687773483,0.04548550218786713,-4.644785139786518,0.836755943084416,0.9274289629166664,-1.0888778720823602,-34.019302,10.496117
Portsmouth,E06000044,205056,181182,172313,1071,85,7713,5467,1103,935,2381,1048,12474,2911,539,3649,2611,2764,3777,2958,540,279,2156,1078,1078,96619,8915,15310,12311,10331,11164,9268,10124,6642,12554,97795,71443,25464,7995,2359,96619.0,127,41,8426,1303,656,8065,14303,4664,6629,3541,2614,1145,3887,5547,9324,9763,12147,4437,2011,0.8835732677902621,0.06083216292134831,0.01841935861423221,0.02666100967540574,0.01051420099875156,0.840321668227216,0.005222963483146067,0.000414520911360799,0.037614115168539325,0.017795138888888888,0.012733107053682897,0.014196122034956305,0.00262855024968789,0.013479244694132335,0.014425327715355806,0.0026334269662921348,0.0013606039325842697,0.011611462234706616,0.004559730024968789,0.005379018414481898,0.00511079900124844,0.00525710049937578,0.00525710049937578,0.47691850031210986,0.34840726435705366,0.1241807116104869,0.03898934925093633,0.011504174469413233,0.09226963640691789,0.1584574462579824,0.12741800267028225,0.106925138947826,0.11554663161489977,0.09592316211097196,0.10478270319502375,0.06874424285078504,0.12993303594531097,0.001314441258965628,0.0004243471780912657,0.08720852006334158,0.013485960318363882,0.006789554849460251,0.08347219490990385,0.14803506556681398,0.04827207899067471,0.06860969374553659,0.036649106283443214,0.027054720086111428,0.011850671193036566,0.04023018246928658,0.05741106821639636,0.09650275825665759,0.10104637804158602,0.12572061395791717,0.04592264461441332,-2.8663966770371143,2.776517438459253,0.8082785792233758,-0.1538263860480486,-23.84382,3.1488178
Powys,W06000023,132976,130827,127773,502,128,2424,760,208,82,294,176,1142,145,9,67,171,750,132,42,70,20,115,23,92,63653,6697,8979,5658,5984,13499,6450,4118,4928,7340,59511,45459,19857,6375,1774,63653.0,5517,265,5814,271,575,5942,9593,2203,4088,1132,911,753,2825,2300,4305,5871,8266,3022,2011,0.9838391890265913,0.008588015882565275,0.000992660329683552,0.005715317049693178,0.0008648177114667308,0.96087263867164,0.003775117314402599,0.0009625797136325352,0.018228853326916136,0.0005038503188545301,0.001285946336180965,0.0010904223318493563,6.768138611478764e-05,0.005640115509565636,0.0003158464685356756,0.0005264107808927926,0.00015040308025508363,0.0022109252797497293,0.0006166526290458428,0.0015641920346528696,0.0013235471062447359,0.00017296354229334618,0.0006918541691733847,0.4475318854530141,0.34185868126579233,0.14932769823125977,0.047940981831307905,0.013340753218625918,0.10521106624982327,0.1410616938714593,0.08888819065872779,0.09400970889039008,0.21207170125524327,0.10133065212951471,0.0646945155766421,0.07741976026267419,0.11531271110552527,0.08667305547264072,0.004163197335553705,0.09133897852418582,0.004257458407302091,0.009033352709220304,0.09334988138815138,0.15070774354704414,0.03460952351028231,0.06422321021790017,0.01778392220319545,0.014311972727129908,0.011829764504422415,0.04438125461486497,0.036133410836881215,0.0676323189794668,0.09223445870579548,0.12986033651202614,0.04747615980393697,-6.080477882730028,-0.288584261059745,-0.8583190917835444,0.03758090170163625,-28.37277,24.493252
Preston,E07000123,140202,112415,106242,1178,111,4884,3326,1627,300,931,468,21732,14421,4425,375,1235,1276,1676,661,865,150,1053,626,427,64180,5404,10417,6881,7558,6763,6196,7099,4995,8867,65276,47840,18585,6644,1857,64180.0,456,32,7054,244,463,4265,11733,2967,4074,1887,1530,764,2867,3142,5023,6057,9108,2514,2011,0.8018073921912668,0.15500492147044978,0.011954180396855965,0.02372291408111154,0.00751059186031583,0.7577780630804125,0.008402162593971555,0.0007917148114862841,0.0348354517053965,0.0026747122009671757,0.008808718848518566,0.10285873240039371,0.03156160397141267,0.009101154049157643,0.004714626039571476,0.0061696694768976195,0.0010698848803868703,0.006640418824267842,0.0021397697607737406,0.01160468466926292,0.0033380408268070356,0.004464986234147873,0.0030456056261679576,0.465585369680889,0.3412219511847192,0.13255873667993323,0.04738876763526911,0.013245174819189456,0.08420068557182923,0.1623091305702711,0.10721408538485509,0.11776254284823932,0.10537550638828296,0.09654097849797445,0.11061078217513244,0.07782798379557494,0.13815830476784044,0.007105017139295731,0.0004985976939856653,0.1099096291679651,0.003801807416640698,0.007214085384855095,0.06645372390152696,0.1828139607354316,0.04622935493923341,0.06347771891555001,0.0294016827672172,0.023839202243689624,0.01190401994390776,0.0446712371455282,0.04895606107821751,0.0782642567778124,0.09437519476472421,0.14191336865067,0.03917108133374883,-3.1363227103910116,1.9463417282627342,2.141452545395893,0.6313176492790512,-28.896946,5.3617263
Reading,E06000038,155698,116387,101725,2269,90,12303,6180,2718,802,1428,1232,21161,6514,6967,695,1603,5382,10470,6087,3279,1104,1500,680,820,79852,7155,19571,10793,8018,7162,6814,7225,4042,9072,78169,54913,16770,4590,1256,79852.0,109,260,3949,466,890,4955,12396,3644,4719,8887,3290,821,7243,4586,3714,7763,8708,3452,2011,0.7475176302842682,0.13591054477257256,0.0672455651325001,0.03969222469138974,0.009634035119269354,0.6533481483384501,0.014573083790414778,0.0005780421071561613,0.07901835604824725,0.004463769605261468,0.010295572197459184,0.04183740317794705,0.044746881783966394,0.034566918007938444,0.03909491451399504,0.02106000077072281,0.0070906498477822455,0.009171601433544426,0.0051509974437693486,0.017456871636116072,0.007912754177959896,0.004367429254068774,0.005266605865200581,0.5020552608254442,0.35268918033629204,0.10770851263343138,0.029480147464964225,0.008066898739868206,0.08960326604217803,0.24509091819866755,0.13516255071882982,0.10041075990582578,0.08969092821720183,0.0853328658017332,0.09047988779241598,0.05061864449231077,0.11361017883083704,0.0013650252967990783,0.0032560236437409206,0.04945398988128037,0.0058357962230125736,0.011145619395882383,0.06205229674898562,0.15523718879927867,0.04563442368381506,0.05909682913389771,0.11129339277663677,0.04120122226118319,0.010281520813504984,0.09070530481390572,0.05743124780844563,0.046511045434052996,0.09721735210138757,0.10905174572959976,0.043229975454590994,0.004335390018396728,5.706973996192869,0.6299115345337845,1.1736285366610606,-15.648609,2.3349693
Redbridge,E09000026,278970,118646,96253,3900,140,18353,11456,3204,1692,3251,3309,116503,45660,31051,16011,3000,20781,24845,12357,9064,3424,7520,1551,5969,124692,13875,28543,16575,17382,10287,9200,10810,7458,10562,134230,97595,33470,10479,3196,124692.0,56,80,4340,242,326,9184,18770,7279,5969,7078,10527,2694,10387,6377,7405,14081,14277,5620,2011,0.42530021149227515,0.41761838190486433,0.08905975552926838,0.04106534752840807,0.02695630354518407,0.3450299315338567,0.0139799978492311,0.0005018460766390651,0.0657884360325483,0.05739326809334337,0.010753844499408539,0.16367351328099797,0.11130587518371152,0.07449188084740295,0.04429508549306377,0.03249094884754633,0.012273721188658278,0.01165358282252572,0.006065168297666416,0.011485105925368319,0.011861490482847618,0.005559737606194214,0.021396565938989854,0.4811628490518694,0.34984048463992545,0.11997705846506793,0.03756317883643402,0.01145642900670323,0.11127417957848137,0.22890802938440316,0.13292753344240207,0.13939948031950727,0.08249927822153787,0.0737817983511372,0.08669361306258622,0.05981137522856318,0.08470471241138164,0.000449106598659096,0.00064158085522728,0.034805761396079944,0.001940782087062522,0.002614441985051166,0.07365348218009174,0.15053090815770057,0.05837583806499214,0.047869951560645434,0.0567638661662336,0.08442402078721971,0.021605235299778654,0.08330125429057197,0.05114201392230456,0.05938632791197511,0.11292625028069163,0.11449812337599846,0.04507105507971642,1.7838242700953255,6.955533276527453,2.9757752443610084,2.4665125411047506,-15.032322,0.073571585
Redcar and Cleveland,E06000003,135177,133203,131928,415,85,775,853,298,107,273,175,869,91,295,94,155,234,122,80,34,8,130,37,93,56354,4370,7420,6076,6087,7702,6834,5317,5369,7179,57285,45844,21449,8184,2415,56354.0,285,1126,5815,693,444,4976,8830,2651,3027,963,1103,898,2635,2441,3624,5545,8787,2511,2011,0.9853969240329346,0.006428608417112378,0.0009025203991803339,0.006310245086072335,0.0009617020647003558,0.9759648460906811,0.003070048898851136,0.0006288051961502326,0.005733223847252122,0.0006953845698602572,0.0011466447694504242,0.0006731914452902491,0.0021823239160508076,0.0017310637164606405,0.000591816655200219,0.0002515220784600931,5.91816655200219e-05,0.002019574335870747,0.0007915547763302929,0.0022045170406208158,0.001294598933250479,0.00027371520303010125,0.0006879868616702546,0.4237777136643068,0.33914053426248547,0.1586734429673687,0.0605428438269824,0.017865465278856612,0.07754551584625759,0.13166767221492706,0.10781843347411009,0.10801362813642332,0.13667175355786634,0.12126912020442204,0.09435000177449693,0.0952727401781595,0.12739113461333712,0.0050573162508428865,0.019980835433154702,0.10318699648649608,0.012297263725733755,0.00787876636973418,0.08829896724278667,0.15668807892962344,0.04704191361748944,0.05371402207474181,0.017088405437058595,0.01957270113922703,0.015934982432480392,0.046757994108670195,0.04331547006423679,0.06430776874756007,0.09839585477517124,0.1559250452496717,0.04455761791532101,-7.363308290585917,0.32751323740863636,1.503640210455093,-3.136140838367475,-37.04177,18.735363
Redditch,E07000236,84214,77497,73591,629,9,3268,1655,1053,75,317,210,4029,720,2580,192,209,328,862,160,558,144,171,54,117,42922,4183,5625,4935,4907,5366,4003,3704,4768,5431,39391,29354,10913,3522,1034,42922.0,178,6,8192,220,304,3109,8015,1972,1805,1410,1051,405,2039,2276,2072,3277,5085,1506,2011,0.9202389151447503,0.04784240150093809,0.0102358277721044,0.019652314342033392,0.002030541240173843,0.8738570783955162,0.007469066900990334,0.00010687059158809699,0.03880589925665566,0.0022799059538794026,0.002481772626879141,0.00854964732704776,0.03063623625525447,0.0038948393378773127,0.0018999216282328355,0.006625976678462014,0.0017099294654095518,0.003764219725936305,0.0008905882632341416,0.012503859215807349,0.0024936471370555964,0.0006412235495285819,0.001389317690645261,0.4677488303607476,0.3485643717196666,0.12958652955565583,0.04182202484147529,0.012278243522454699,0.09745585014677788,0.13105167513163413,0.11497600298215367,0.11432365686594287,0.12501747355668422,0.09326219654256558,0.08629607194445739,0.11108522436046782,0.12653184846931642,0.004147057453054378,0.00013978845347374308,0.1908578351428172,0.005125576627370579,0.0070826149760029825,0.07243371697497787,0.1867340757653418,0.045943805041703555,0.04205302642001771,0.03285028656632962,0.024486277433483992,0.009435720609477657,0.04750477610549369,0.053026420017706535,0.048273612599599273,0.07634779367224268,0.11847071431899725,0.03508690182190951,-3.7707581278598905,0.8984404777302575,0.8634379996967056,0.918633224292568,-30.214504,11.294492
Reigate and Banstead,E07000211,137835,124879,117092,1554,179,6054,3037,736,409,1111,781,6992,2192,1189,532,914,2165,2166,1312,603,251,761,266,495,71236,9835,14701,11262,9125,6869,6728,4531,3093,5092,71052,46908,14866,3844,1165,71236.0,173,135,3270,345,399,5915,9487,4481,3031,3771,6325,1209,6282,4209,3792,6325,8743,3344,2011,0.9060035549751515,0.050727318895781186,0.015714441179671346,0.02203359088765553,0.005521094061740487,0.8495084702724272,0.011274349766024594,0.00129865418797838,0.043922080748721296,0.003859687307287699,0.006631116915152175,0.01590307251423804,0.008626256030761418,0.01570718612834186,0.00951862734428846,0.004374795951681358,0.0018210178837015272,0.00806036202706134,0.0029673159937606557,0.005339717778503283,0.00566619508833025,0.0019298436536438494,0.0035912504080966375,0.5154859070627925,0.34031994776363045,0.10785359306417093,0.02788841731055247,0.008452134798853702,0.13806221573361782,0.20637037452973217,0.15809422202257287,0.1280953450502555,0.09642596440002246,0.0944466281093829,0.06360548037509124,0.04341905777977427,0.07148071199955079,0.002428547363692515,0.001895109214442136,0.045903756527598406,0.004843056881352125,0.0056011005671289795,0.08303385928463136,0.133177045314167,0.06290358807344601,0.04254871132573418,0.05293671739008367,0.0887893761581223,0.016971755853781797,0.0881857487787074,0.059085293952495926,0.053231512156774664,0.0887893761581223,0.12273288786568588,0.04694255713403336,-1.0993702648076218,4.285745707850299,-3.096325931883442,0.3849903277635436,-12.393185,10.7214985
Rhondda Cynon Taf,W06000016,234410,228241,225716,582,53,1890,1506,550,192,420,344,3030,656,267,106,1065,936,1308,1140,99,69,325,160,165,99327,7756,13826,10216,11314,12922,11742,8940,9766,12845,105154,69544,37208,17396,5108,99327.0,223,335,12477,856,1096,10317,14910,3877,4968,1750,2957,1114,3313,4058,7613,10040,15261,4162,2011,0.9736828633590717,0.012926069706923766,0.005579966724969071,0.006424640587005674,0.001386459622029777,0.9629111386033019,0.002482829230834862,0.00022609956913100977,0.008062795955803934,0.00045219913826201953,0.0045433215306514224,0.0027985154216970264,0.0011390299048675398,0.0039930037114457575,0.0048632737511198326,0.0004223369310183013,0.00029435604283093727,0.0017917324346230963,0.0008190776843991297,0.002346316283435007,0.0014675141845484408,0.0006825647369992747,0.0007038948850305022,0.4485900772151359,0.2966767629367348,0.15873042958918135,0.07421185103024615,0.021790879228701848,0.07808551551944587,0.13919679442649027,0.10285219527419534,0.1139065913598518,0.13009554300441975,0.1182155909269383,0.09000573862091878,0.0983217050751558,0.1293203257925841,0.0022451095875240367,0.003372698259284988,0.12561539158536952,0.008617999134172985,0.011034260573660738,0.10386903862997976,0.15011024192817662,0.03903269000372507,0.05001661179739648,0.01761857299626486,0.029770354485688686,0.011215480181622318,0.03335447562092885,0.04085495383933875,0.07664582641175108,0.10108027021857098,0.15364402428342747,0.041902000463116776,-6.050950746796934,-0.21171509588937665,2.2004919819830473,-3.864793595345764,-38.80771,11.667032
Ribble Valley,E07000124,57132,55904,54757,332,6,809,360,93,33,163,71,729,204,295,32,109,89,92,65,12,15,47,9,38,28713,3954,5796,3232,2969,4030,2758,1562,1807,2605,29415,18376,7049,1805,487,28713.0,835,37,3760,78,190,2259,4328,745,1781,642,682,405,1754,902,1579,3559,3899,1278,2011,0.9785059161240636,0.01275992438563327,0.001610305958132045,0.00630119722747322,0.0008226563046978926,0.9584296016243086,0.005811104109780858,0.00010501995379122033,0.014160190436182874,0.0005601064202198418,0.0019078624938738361,0.0035706784289014915,0.005163481061401666,0.0015577959812364348,0.0011377161660715536,0.00021003990758244065,0.00026254988447805085,0.002853042077994819,0.0005776097458517119,0.0016278092837639152,0.001242736119862774,0.0001575299306868305,0.0006651263740110621,0.5148603234614577,0.32164111181124416,0.12338094237905202,0.03159350276552545,0.008524119582720717,0.13770765855187544,0.2018597847664821,0.11256225403127504,0.10340263991920036,0.14035454323825444,0.09605405217149027,0.054400445791105076,0.06293316616166893,0.09072545536864834,0.029080904120084978,0.0012886149131055619,0.13095113711559225,0.0027165395465468603,0.006617211715947481,0.07867516455960714,0.1507331174032668,0.02594643541253091,0.06202765297948665,0.022359210113885697,0.023752307317243062,0.014105109183993313,0.061087312367220425,0.031414341935708565,0.054992512102531955,0.12395082366872148,0.13579214989725907,0.04450945564726779,-3.1160139238656024,1.2191198708075122,-3.0977352458471867,-0.32843562359826595,-22.838945,20.058796
Richmond upon Thames,E09000027,186990,160725,133582,4766,95,22282,6780,1250,731,2857,1942,13607,5202,1163,867,1753,4622,2816,1643,840,333,3062,1172,1890,99204,17333,29443,20379,9473,5249,6133,4501,2225,4468,107217,57088,16662,4617,1406,99204.0,52,563,3528,423,236,4283,10320,4036,3953,11256,7260,2154,15264,4743,4556,11113,8394,7070,2011,0.859537943205519,0.0727685972511899,0.015059628857158136,0.03625862345579978,0.016375207230333172,0.7143804481523076,0.025487994010374885,0.0005080485587464571,0.11916145248409006,0.004636611583507139,0.00937483287876357,0.027819669501042837,0.006219583934969785,0.024717899352906574,0.00878656612653083,0.004492218835231831,0.0017808438953954757,0.015278891919353976,0.003909299962564843,0.006684849457190224,0.010385582116690733,0.006267714851061554,0.010107492379271618,0.5733836034012514,0.3052997486496604,0.08910636932456281,0.024691159955077813,0.007519118669447564,0.17472077738800854,0.2967924680456433,0.20542518446836822,0.09549010120559655,0.052911172936575136,0.06182210394742148,0.04537115438893593,0.02242853110761663,0.0450385065118342,0.0005241724124027257,0.005675174388129511,0.03556308213378493,0.004263940970122173,0.0023789363332123704,0.043173662352324504,0.10402806338454094,0.04068384339341156,0.039847183581307205,0.11346316680779,0.07318253296238054,0.021712834159912906,0.1538647635176001,0.04781057215434861,0.045925567517438814,0.11202169267368252,0.08461352364823999,0.0712672876093706,3.093884766123087,8.007960993665037,-5.292066195141003,-2.2424000713081043,-9.072931,5.538211
Rochdale,E08000005,211699,172874,166481,2131,186,4076,3569,1057,601,1348,563,31630,1105,22265,4342,948,2970,2770,2131,285,354,856,308,548,90753,8295,12413,9382,10711,10805,10074,8456,9076,11541,94233,70158,31303,12453,3552,90753.0,119,41,10334,301,765,7630,16713,5530,4413,2162,2830,1385,3881,4385,4898,8711,12990,3665,2011,0.8166028181521878,0.14941024756848167,0.013084615420951445,0.016858842035153684,0.004043476823225429,0.7864042815506923,0.010066178867165173,0.0008786059452335627,0.019253751789096784,0.02051025276453833,0.00447805610796461,0.005219675104747779,0.10517291059475954,0.014029352996471406,0.010066178867165173,0.001346251045115943,0.001672185508670329,0.00636753125900453,0.00283893641443748,0.004992938086622988,0.0026594362750886873,0.0014548958663007383,0.00258858095692469,0.44512727976986194,0.33140449411664674,0.14786560163250653,0.05882408513975031,0.016778539341234487,0.09140193712604543,0.13677784756426783,0.10337950260597446,0.11802364660121428,0.11905942503278129,0.11100459488942514,0.09317598316309103,0.10000771324363933,0.1271693497735612,0.0013112514186858837,0.00045177569887496833,0.11386951395546152,0.003316694764911353,0.008429473405837823,0.08407435566868313,0.18415920134871575,0.06093462475069695,0.04862649168622525,0.023822903926041014,0.03118354214185757,0.015261203486386125,0.042764426520335415,0.0483179619406521,0.053970667636331585,0.09598580763170364,0.14313576410697168,0.040384339911628264,-4.074735359312149,1.0236598455913548,2.674864243108481,-0.46635246269603114,-32.901417,5.0059905
Rochford,E07000075,83287,80937,79628,468,49,792,905,296,127,304,178,881,262,42,81,228,268,433,235,95,103,131,40,91,40662,4784,5924,5665,6728,5380,3289,3144,2535,3213,39774,29085,10832,2816,780,40662.0,207,12,3393,173,271,4280,5754,1951,1363,1265,4894,615,2649,1676,2533,3609,4159,1858,2011,0.9717843120775151,0.010577881302003914,0.005198890583164239,0.01086604151908461,0.001572874518232137,0.9560675735709054,0.005619124233073589,0.0005883271098730894,0.009509287163662996,0.0009725407326473519,0.0027375220622666203,0.003145749036464274,0.0005042803798912195,0.003217789090734448,0.0028215687922484903,0.0011406341926110918,0.0012366875983046573,0.003650029416355494,0.0015248478153853543,0.003553976010661928,0.002137188276681835,0.0004802670284678281,0.001092607489764309,0.4775535197569849,0.3492141630746695,0.13005631130908785,0.0338107988041351,0.009365207055122648,0.1176528454084895,0.14568884954011116,0.13931926614529536,0.16546161034872855,0.13231026511238994,0.08088633121833654,0.07732034823668289,0.062343219713737644,0.07901726427622842,0.005090748118636565,0.00029511583296443856,0.083444001770695,0.004254586591903989,0.006664699227780237,0.10525798042398309,0.14150804190644828,0.04798091584280163,0.03352024002754415,0.031110127391667897,0.12035807387733019,0.015124686439427475,0.0651468201268998,0.041217844670699916,0.0622940337415769,0.08875608676405489,0.10228222910825832,0.045693768137327236,-3.70555193768328,2.25148631113063,-2.490947416510138,0.9784424990950649,-18.763239,8.740359
Rossendale,E07000125,67982,63778,62516,541,47,674,602,199,64,218,121,3396,186,1139,1638,233,200,123,49,63,11,83,37,46,32808,3780,5411,3945,3458,4242,3678,2440,2831,3023,31438,22508,9603,3475,958,32808.0,107,23,4507,94,252,2878,5337,1369,1270,817,809,471,1618,1455,1948,3564,4889,1400,2011,0.9381601012032597,0.04995439969403666,0.001809302462416522,0.008855285222558913,0.0012209114177282221,0.9195963637433439,0.007957988879409255,0.0006913594775087523,0.009914389102997852,0.02409461327998588,0.0034273778353093465,0.0027360183578005945,0.01675443499749934,0.0029419552234414992,0.0007207790297431673,0.0009267158953840723,0.00016180753728928246,0.003206731193551234,0.0009414256715012798,0.0029272454473242915,0.001779882910182107,0.0005442617163366774,0.0006766497013915449,0.46244594157276925,0.3310876408461063,0.1412579800535436,0.05111647200729605,0.014091965520284782,0.11521580102414046,0.16492928554011216,0.1202450621799561,0.1054011216776396,0.1292977322604243,0.11210680321872714,0.07437210436478908,0.0862899292855401,0.09214216044867106,0.0032613996586198487,0.0007010485247500609,0.13737503048037064,0.002865154840282858,0.007681053401609363,0.08772250670568155,0.16267373811265545,0.04172762740794928,0.038710070714459886,0.02490246281394782,0.024658619848817363,0.014356254572055596,0.04931723969763473,0.044348939283101685,0.05937576200926603,0.10863204096561814,0.1490185320653499,0.042672518897829796,-3.9757162137940716,0.5742404435000406,-0.3511944255861394,-1.1099430793937164,-26.493196,14.734479
Rother,E07000064,90588,87951,85279,596,134,1942,1031,267,107,405,252,1103,276,16,109,217,485,305,181,76,48,198,72,126,37583,4945,6069,4372,4294,5751,4278,2592,1934,3348,36737,33152,14960,4463,1276,37583.0,670,29,2135,162,266,3798,5595,1422,2123,1054,1743,637,2499,1747,2051,3742,5721,2189,2011,0.9708901841303484,0.012176005651962732,0.0033668918620567844,0.011381198392723097,0.0021857199629089948,0.9413940036207886,0.006579237868150307,0.0014792246213626529,0.021437718020046806,0.0012032498785711132,0.0023954607674305647,0.0030467611604185984,0.00017662383538658542,0.005353910010155871,0.0019980571378107478,0.0008389632180862808,0.0005298715061597563,0.004470790833222943,0.00118117189914779,0.002947410253013644,0.0027818254073387204,0.0007948072592396343,0.0013909127036693602,0.4055393650373118,0.365964586921005,0.16514328608645737,0.04926701108314567,0.014085750872080187,0.13157544634542212,0.16148258521139877,0.11632919138972407,0.11425378495596414,0.15302131282760822,0.11382806055929542,0.06896735226033048,0.051459436447329907,0.08908283000292685,0.01782720911050209,0.0007716254689620307,0.056807599180480534,0.004310459516270655,0.007077668094617247,0.10105632865923422,0.14887049996008833,0.0378362557539313,0.056488305882979005,0.028044594630551048,0.046377351462097226,0.01694915254237288,0.06649282920469361,0.046483782561264404,0.054572546097969826,0.09956629327089375,0.1522230795838544,0.05824441901923742,-4.722259930082939,0.6072652574142365,-0.8908637751373715,0.002138929711014148,-22.913332,23.291739
Rotherham,E08000018,257280,240758,236438,776,126,3418,2551,787,301,865,598,10551,961,7609,109,592,1280,2112,1672,283,157,1308,581,727,114871,10285,14407,11387,12652,15018,11983,12670,12205,14264,111232,87237,39278,15114,4419,114871.0,365,422,15383,715,1212,10978,20101,6194,5212,2682,3485,1009,4264,5883,6317,10818,15291,4540,2011,0.935782027363184,0.0410097947761194,0.008208955223880597,0.009915267412935323,0.005083955223880597,0.9189909825870647,0.0030161691542288558,0.0004897388059701492,0.013285136815920398,0.0004236629353233831,0.002300995024875622,0.0037352300995024874,0.02957478233830846,0.004975124378109453,0.006498756218905472,0.0010999689054726368,0.0006102300995024875,0.0033620957711442785,0.001169931592039801,0.003058924129353234,0.00232431592039801,0.002258240049751244,0.002825715174129353,0.43233830845771143,0.3390741604477612,0.15266635572139303,0.05874533582089552,0.017175839552238805,0.08953521776601579,0.125418948211472,0.09912858772013824,0.11014094070740221,0.1307379582314074,0.1043170164793551,0.11029763822026448,0.10624961913798957,0.1241740735259552,0.0031774773441512654,0.003673686134881737,0.13391543557555868,0.006224373427583986,0.010550965866058448,0.09556807201121258,0.17498759478023174,0.05392135525937791,0.04537263539100382,0.023347929416475875,0.030338379573608656,0.008783766137667471,0.03711989971359177,0.05121397045381341,0.05499212159726998,0.09417520523021476,0.13311453717648492,0.039522594910812996,-5.670456397982492,-0.0471394781621954,2.1167807234951193,-1.0839727045013436,-35.696728,13.755202
Rugby,E07000220,100075,90565,84210,1025,160,5170,1986,879,210,563,334,5225,3061,612,140,432,980,1987,1002,754,231,312,102,210,50485,5736,8914,6103,5621,5300,4019,3420,3973,7399,47711,35306,12580,3508,970,50485.0,445,40,5991,411,313,3403,9127,4283,2384,1751,1257,530,2944,2246,2795,5067,5332,2166,2011,0.9049712715463403,0.05221084186859855,0.019855108668498624,0.019845116162877843,0.0031176617536847365,0.8414688983262553,0.010242318261304022,0.0015988008993255058,0.05166125405945541,0.0013989507869098176,0.004316762428178866,0.030587059705221083,0.00611541343992006,0.009792655508368723,0.01001249063202598,0.007534349238071446,0.002308268798401199,0.005625780664501623,0.0020984261803647267,0.008783412440669498,0.0033374968773419935,0.00101923557332001,0.0020984261803647267,0.47675243567324505,0.35279540344741445,0.1257057207094679,0.03505370971771172,0.00969273045216088,0.1136179063088046,0.17656729721699516,0.120887392294741,0.11134000198078638,0.10498167772605725,0.07960780429830643,0.06774289392888977,0.07869664256709914,0.1465583836783203,0.00881449935624443,0.0007923145488759037,0.11866891155788849,0.00814103198969991,0.006199861344953947,0.0674061602456175,0.18078637218975935,0.0848370803208874,0.04722194711300386,0.034683569377042686,0.024898484698425274,0.010498167772605725,0.05831435079726652,0.044488461919381994,0.055362979102703776,0.1003664454788551,0.10561552936515797,0.04290383282163019,-2.646695915544275,2.3270923166315898,-0.44869207566693825,1.628264670105723,-24.457298,8.110474
Runnymede,E07000212,80510,71633,64397,1073,220,5943,1671,348,217,638,468,5561,2022,378,235,1173,1753,862,584,195,83,783,365,418,40651,5464,7676,5848,5034,4255,3649,3023,1990,3712,41319,27451,8767,2371,602,40651.0,109,160,2426,259,199,2915,6344,3518,2135,2765,1358,586,3313,2223,1905,3788,4182,2466,2011,0.8897404049186437,0.06907216494845361,0.010706744503788349,0.02075518569121848,0.009725499937895914,0.7998633710098124,0.013327536951931437,0.0027325798037510867,0.07381691715314868,0.002918892063097752,0.014569618680909203,0.025114892559930442,0.004695068935535958,0.02177369270898025,0.007253757297230158,0.002422059371506645,0.0010309278350515464,0.007924481430878151,0.002695317351881754,0.004322444416842628,0.005812942491615948,0.004533598310768849,0.005191901627127065,0.5132157495963234,0.3409638554216867,0.10889330517948081,0.02944975779406285,0.007477332008446156,0.13441243757841134,0.18882684312809034,0.14385869966298492,0.12383459201495658,0.10467147179651178,0.0897640894442941,0.07436471427517158,0.04895328528203488,0.09131386681754447,0.0026813608521315587,0.0039359425352389855,0.059678728690561116,0.006371306978918108,0.004895328528203488,0.07170795306388526,0.1560601215222258,0.08654153649356719,0.052520233204595215,0.06801800693709872,0.03340631226784089,0.014415389535312784,0.08149861012029225,0.05468500159897666,0.046862315810189174,0.09318343952178298,0.10287569801480899,0.06066271432437086,-1.230477209379546,4.412416734614723,-2.318774805525183,0.7919432463038496,-13.810297,6.381801
Rushcliffe,E07000176,111129,103504,100363,810,23,2308,1949,736,159,723,331,4614,2361,1072,40,558,583,627,202,349,76,435,153,282,55346,7869,14585,7928,6135,4861,3838,3651,2365,4114,57689,36222,12779,3468,971,55346.0,564,97,4466,536,287,3648,8336,1664,2265,2573,1790,807,5049,2065,3942,7884,6548,2825,2011,0.9313860468464578,0.041519315390222175,0.005642091623248657,0.01753817635360707,0.003914369786464379,0.903121597422815,0.007288826498933671,0.00020696667836478326,0.020768656246344337,0.00035994204933005786,0.005021191588154307,0.021245579461706667,0.00964644692204555,0.0052461553689855936,0.0018177073491167921,0.0031404943804047548,0.0006838898937271099,0.006505952541640796,0.00143076964608698,0.006622933707673064,0.0029785204582062287,0.0013767783386874712,0.002537591447776908,0.5191174220950427,0.3259455227708339,0.11499248620972023,0.031206975676916018,0.008737593247487154,0.14217829653452824,0.26352401257543456,0.14324431756585843,0.11084811910526506,0.08782929208976259,0.06934557149568171,0.06596682687095726,0.04273118201857406,0.07433238174393814,0.01019043833339356,0.0017526108481191053,0.08069237162577242,0.00968453004733856,0.005185559932063744,0.06591262241173708,0.1506161240198027,0.03006540671412568,0.040924366711234776,0.04648935785783977,0.03234199400137318,0.01458099953022802,0.09122610486756044,0.03731073609655621,0.07122465941531457,0.14244931883062914,0.11831026632457631,0.05104253243233477,-1.4021867236256456,3.405739973163435,-3.612224164520868,-0.7127481803866585,-15.562711,9.362901
Rushmoor,E07000092,93807,79520,75511,718,155,3136,2057,624,342,644,447,9755,1310,635,206,497,7107,1868,1115,538,215,607,134,473,51087,5077,7495,8260,6011,5745,5041,4405,3186,5867,46970,33340,10099,2625,773,51087.0,51,44,3572,213,366,3785,8072,2550,2751,3189,1907,519,3062,3457,5903,3712,5637,2297,2011,0.8476979329900753,0.10399010734806571,0.019913226091869476,0.021928001108659268,0.006470732461330178,0.804961250226529,0.007654013026746405,0.0016523287174731098,0.03343034101932692,0.002195998166448133,0.005298112081187971,0.013964842708966281,0.00676921764900274,0.07576193674246058,0.01188610658053237,0.005735179677422793,0.0022919398339143133,0.0068651593164689205,0.0036457833637148613,0.006651955610988519,0.004765102817486968,0.0014284648267186885,0.00504226763461149,0.5007089023207223,0.3554105770358289,0.1076572110823286,0.027982986344302664,0.008240323216817507,0.09937948988979584,0.1467105134378609,0.16168496877874997,0.1176620275216787,0.11245522344236303,0.09867480963845988,0.08622545853152465,0.062364202243232136,0.11484330651633488,0.000998297022725938,0.0008612758627439466,0.06991994049366766,0.004169358153737742,0.0071642492219155555,0.0740892986474054,0.1580049719106622,0.04991485113629691,0.05384931587292266,0.06242292559751013,0.037328478869379685,0.01015914029009337,0.05993697026640828,0.06766887857967781,0.11554798676767083,0.0726603636933075,0.11034118268835516,0.04496251492551921,-1.754262539133985,3.697637230324081,-0.6043122627444771,2.12702173297523,-16.602215,6.08242
Rutland,E06000017,37369,36301,35241,217,58,785,389,123,23,141,102,365,113,38,7,125,82,251,116,107,28,63,5,58,18037,2752,3203,2857,1552,2214,1459,1078,1092,1830,18828,12718,4532,1008,283,18037.0,413,18,2003,45,131,1158,2812,538,949,518,387,216,1198,693,2177,2386,1585,810,2011,0.9714201610960957,0.009767454307045948,0.00671679734539324,0.0104096978779202,0.0016858893735449169,0.9430544033824828,0.005806952286654714,0.0015520886296127806,0.021006716797345393,0.00018732104150499077,0.0033450185983034068,0.0030238968128662794,0.0010168856538842355,0.0021943322004870348,0.0031041772592255612,0.002863335920147716,0.0007492841660199631,0.0037731809788862426,0.0006154834220878268,0.003291498300730552,0.00272953517621558,0.00013380074393213627,0.0015520886296127806,0.5038400813508523,0.3403355722657818,0.12127699430008831,0.02697422997671867,0.007573122106558913,0.15257526196152355,0.1775794200809447,0.1583966291511892,0.0860453512224871,0.1227476853135222,0.08088928314021179,0.05976603648056772,0.060542218772523144,0.10145811387703055,0.022897377612685035,0.0009979486610855464,0.1110495093419083,0.002494871652713866,0.0072628485890114764,0.06420136386317014,0.15590175749847535,0.02982757664800133,0.05261407107612131,0.028718744802350725,0.021455896213339248,0.011975383933026556,0.06641902755447136,0.03842102345179354,0.12069634639906858,0.13228363918611744,0.08787492376781061,0.04490768974884959,-2.4302445941869264,1.845522068241809,-3.575173725618642,0.5684871724316272,-16.387266,14.677906
Salford,E08000006,233933,210862,197445,2882,193,10342,4616,1647,1058,929,982,9429,2553,1843,605,2547,1881,6541,5354,666,521,2485,1425,1060,106904,9470,16122,12980,13900,10474,10830,11478,7897,13753,107689,75685,32849,13741,3969,106904.0,107,55,8110,682,957,7735,19032,5544,7051,3645,4743,1719,6456,6643,5490,9334,14597,5004,2011,0.9013777449098673,0.04030641251982405,0.027960997379591592,0.019732145528848003,0.010622699661868996,0.844023716192243,0.012319766770827545,0.0008250225491914352,0.0442092393976053,0.0025862105816622707,0.010887732812386452,0.010913381181791368,0.007878324135543083,0.008040763808440878,0.02288689496565256,0.0028469690039455743,0.00222713340999346,0.0039712225295276855,0.004522662471733359,0.00704047740164919,0.004197783125937768,0.006091487733667332,0.004531211928201664,0.46034120880765006,0.323532806401833,0.14042054776367593,0.05873904066548969,0.016966396361351326,0.08858415026565891,0.1508082017511038,0.12141734640425055,0.1300231983835965,0.09797575394746688,0.1013058444959964,0.10736735762927486,0.07387001421836414,0.12864813290428795,0.001000898001945671,0.000514480281373943,0.07586245603532141,0.006379555489036893,0.008951956895906608,0.07235463593504453,0.1780288857292524,0.05185961236249345,0.06595637207213949,0.034096011374691315,0.044366908628302025,0.016079847339669235,0.06039063084636683,0.06213986380303824,0.051354486268053584,0.08731198084262516,0.13654306667664445,0.04680835141809474,-3.4956053619246674,2.4494612153070765,2.0073851534698313,-1.856439036088351,-34.781063,7.516613
Sandwell,E08000028,308063,215471,202822,2045,141,10463,10199,6163,515,2043,1478,59258,31400,13952,6588,839,6479,18357,4396,11382,2579,4778,901,3877,128630,9515,14312,12186,15511,16116,13053,12618,15989,19330,129182,107081,48087,18171,5542,128630.0,132,30,18741,1201,1414,9761,23348,8499,6475,2417,4009,1803,4564,6795,6076,11140,16806,5419,2011,0.6994381019466798,0.1923567581955639,0.05958846080184897,0.033106864504987614,0.015509814550919779,0.6583783187205214,0.006638252565222049,0.00045769858762655693,0.03396383207330968,0.021385236136764234,0.002723468900841711,0.10192720320194246,0.0452894375501115,0.021031412405903987,0.014269808448271944,0.03694698811606717,0.00837166423750986,0.006631760386674154,0.0016717359760828143,0.020005648195336668,0.00479771994689398,0.002924726435826438,0.01258508811509334,0.41933630458704874,0.34759448554354144,0.1560946949162996,0.05898468819689479,0.01798982675621545,0.07397185726502371,0.11126486822669673,0.09473684210526316,0.12058617740806965,0.12528959029775324,0.10147710487444608,0.09809531213558267,0.12430226230272876,0.15027598538443598,0.0010261991759309649,0.00023322708543885564,0.14569696027365311,0.009336857653735521,0.010992769960351395,0.07588431936562233,0.18151286636088004,0.0660732333048278,0.05033817927388634,0.01879032885019047,0.031166912850812408,0.014016947834875223,0.03548161393143124,0.0528259348519008,0.04723625903754956,0.08660499105962839,0.13065381326284692,0.042128585866438625,-3.9799643705788883,1.8591042373813957,5.519165430508047,1.2032275693330037,-29.557552,2.652298
Sefton,E08000014,273790,266741,259629,2312,120,4680,2820,830,488,760,742,2719,666,127,308,965,653,796,464,223,109,714,327,387,121919,11967,19587,14187,17625,12867,13154,11775,8272,12485,124069,89115,40620,15549,4437,121919.0,488,132,7924,391,853,9076,20109,6255,6297,3070,5485,1773,6217,5256,11196,12486,18882,6029,2011,0.9742539902845246,0.00993096899083239,0.0029073377406041126,0.010299864859929142,0.002607838124109719,0.9482778772051572,0.0084444282114029,0.00043829212169911244,0.017093392746265385,0.001124949779027722,0.0035245991453303625,0.002432521275430074,0.0004638591621315607,0.0023850396289126705,0.0016947295372365682,0.0008144928594908507,0.0003981153438766938,0.002775850104094379,0.0017823879615763906,0.003031520508418861,0.002710106285839512,0.0011943460316300814,0.0014134920924796376,0.45315387705905985,0.3254866868768034,0.14836188319514956,0.056791701669162496,0.016205851199824685,0.0981553326388832,0.16065584527432147,0.11636414340668805,0.14456319359574799,0.10553728295015544,0.10789130488275002,0.09658051657247844,0.06784832552760439,0.10240405515137099,0.004002657502112058,0.0010826860456532616,0.06499397140724579,0.003207047301897161,0.0069964484616835765,0.07444286780567426,0.16493737645485937,0.05130455466334206,0.05164904567786809,0.025180652728450856,0.04498888606369803,0.01454244211320631,0.05099287231686612,0.04311058981782987,0.09183146187222664,0.10241225731838352,0.15487331753049155,0.04945086491851147,-4.564054586088769,1.1097952536861495,0.310662279956721,-1.7914141118381117,-35.587833,9.205539
Sevenoaks,E07000111,114893,110029,104538,950,391,4150,1675,424,176,682,393,2085,712,106,146,500,621,853,569,204,80,251,84,167,56015,8044,10758,8142,7124,6545,4505,3740,2850,4307,58796,38344,13180,3569,1004,56015.0,435,93,3160,214,316,5261,8203,2343,2111,2617,4899,1116,5597,2868,2889,5523,5371,2999,2011,0.9576649578303291,0.018147319680050133,0.00742429913049533,0.014578781997162577,0.0021846413619628696,0.909872664130974,0.00826856292376385,0.003403166424412279,0.03612056435117892,0.0012707475651258127,0.004351875223033605,0.006197070317599853,0.0009225975472831242,0.005405029027007738,0.0049524340038122425,0.0017755650909977109,0.0006963000356853768,0.005935957804217838,0.001531860078507829,0.003690390189132497,0.0034205739253044135,0.0007311150374696457,0.001453526324493224,0.5117457112269677,0.3337366071040011,0.11471543087916583,0.031063685342013873,0.008738565447851478,0.14360439168079978,0.19205569936624117,0.1453539230563242,0.12718021958404,0.11684370257966616,0.08042488619119878,0.06676783004552352,0.050879228778005894,0.07689011871820048,0.007765777024011425,0.0016602695706507185,0.05641346068017495,0.0038204052485941264,0.0056413460680174955,0.0939212710881014,0.14644291707578327,0.041828081763813266,0.037686334017673837,0.04671962867089172,0.08745871641524591,0.019923234847808623,0.09991966437561367,0.05120057127555119,0.05157547085602071,0.09859858966348299,0.09588503079532268,0.05353923056324199,-2.099134127149505,3.2923123163944052,-3.7290101722003755,0.7384684756559188,-12.451097,13.488762
Sheffield,E08000019,552698,462544,446837,2891,358,12458,13289,5450,1296,3490,3053,44385,5868,21990,3326,7398,5803,20082,11543,5506,3033,12398,8432,3966,244318,20481,47803,27794,27279,26275,23217,23925,18199,29345,258250,184343,75733,26703,7669,244318.0,420,175,22721,688,1684,18544,37244,10214,14624,7927,8706,3476,13167,9932,13309,29847,39820,11820,2011,0.8368837954904849,0.08030606226185005,0.03633449008319191,0.02404387206032951,0.022431780104143675,0.8084650206803715,0.005230704652450344,0.0006477316726313466,0.02254033848503161,0.006017752913887874,0.013385248363482408,0.01061700965084006,0.03978664659542824,0.010499404738211465,0.020884823176490597,0.009962040752816185,0.005487626153885123,0.006314479154981563,0.0023448610271794,0.009860719597320778,0.005523812280847769,0.015256071127451159,0.007175708976692515,0.46725336440515436,0.33353296013374395,0.13702419766309992,0.04831390741417555,0.013875570383826249,0.08382927168689985,0.19565893630432468,0.1137615730318683,0.11165366448644799,0.10754426607945383,0.09502779164858913,0.09792565427025435,0.07448898566622189,0.12010985682593997,0.0017190710467505463,0.0007162796028127277,0.09299765060290277,0.0028160020956294663,0.006892656292209334,0.07590107974033841,0.1524406715837556,0.041806170646452576,0.059856416637333314,0.03244541949426567,0.03563388698335775,0.014227359425011665,0.05389287731562963,0.040651937229348636,0.054474087050483386,0.12216455602943704,0.16298430733715896,0.04837957088712252,-2.4019623880070293,2.4522032528977626,1.7406890876242611,-1.1037098326442731,-25.112686,2.2498136
Shropshire,E06000051,306129,299874,292047,1410,312,6105,2168,765,231,669,503,3089,752,216,208,1020,893,580,302,164,114,418,179,239,150748,17708,23906,16971,15010,22984,15180,10837,11171,16981,142309,106909,41475,11979,3457,150748.0,5807,245,15942,547,1419,12527,24248,5864,8283,4021,2946,2027,7832,5932,10279,15144,20642,7043,2011,0.9795674372568427,0.010090517396261054,0.0018946261216676629,0.007081981778923265,0.0013654374463053158,0.9539997844046137,0.004605901433709318,0.001019178189586743,0.019942573228932902,0.0006794521263911618,0.00333192869672589,0.0024564807646449698,0.0007055849004831297,0.002917070908015902,0.0009865122219717831,0.0005357218688853392,0.0003723920308105407,0.0021853532334408046,0.0007545838519055692,0.0024989465225444176,0.0016430981710324733,0.0005847208203077788,0.000780716625997537,0.4648661185317301,0.34922859317477273,0.1354821006830454,0.039130562605960234,0.011292625004491571,0.11746756175869663,0.15858253509167616,0.11257860800806645,0.09957014355082655,0.15246636771300448,0.100697853371189,0.07188818425451747,0.07410380237217078,0.11264494387985247,0.038521240746145886,0.0016252288587576618,0.10575264680128427,0.0036285721866956776,0.009413060206437233,0.08309894658635604,0.1608512219067583,0.03889935521532624,0.054946002600366174,0.026673654045161463,0.01954254782816356,0.013446281211027675,0.05195425478281636,0.03935043914347122,0.06818664260885716,0.10045904423275931,0.13693050654071695,0.046720354498898824,-4.574411782053373,0.5728930995608245,-1.3677807985641537,0.3872124405698896,-26.271055,20.679703
Slough,E06000039,140205,64053,48401,1607,220,13825,4758,1667,607,1429,1055,55697,21922,24869,549,797,7560,12115,7548,3096,1471,3582,928,2654,67300,5512,10511,7390,7430,6663,6268,6322,6721,10483,67156,50464,16288,4906,1391,67300.0,101,52,5437,358,469,4082,11088,8469,4667,4747,1751,556,3336,5393,2434,4774,6909,2677,2011,0.4568524660318819,0.39725402089797085,0.08640918654826861,0.03393602225312935,0.025548304268749333,0.345215933811205,0.011461788096002283,0.0015691309154452408,0.09860561320922934,0.003915694875361079,0.005684533361862986,0.15635676331086623,0.17737598516458045,0.053921044185300096,0.05383545522627581,0.022081951428265755,0.010491779893727042,0.010192218537142042,0.0043293748439784605,0.011889732891123711,0.007524695980885132,0.006618879497878107,0.018929424770871225,0.4789843443529118,0.3599301023501302,0.11617274704896402,0.034991619414428875,0.009921186833565137,0.08190193164933135,0.1561812778603269,0.10980683506686478,0.11040118870728083,0.09900445765230312,0.09313521545319466,0.09393759286775631,0.09986627043090639,0.15576523031203565,0.00150074294205052,0.0007726597325408618,0.08078751857355126,0.005319465081723626,0.0069687964338781576,0.06065378900445765,0.16475482912332837,0.12583952451708766,0.06934621099554235,0.07053491827637444,0.02601783060921248,0.008261515601783061,0.04956909361069837,0.0801337295690936,0.03616641901931649,0.07093610698365528,0.10265973254086182,0.039777117384843984,-0.3655751671242348,5.056790619401658,4.983227095681374,4.702927832328823,-17.395159,-0.86277723
Solihull,E08000029,206674,184244,177248,3935,70,2991,4404,2395,247,1156,606,13561,7098,3413,633,906,1511,3239,852,1930,457,1226,358,868,97941,12312,19446,12723,13260,9681,8093,7649,5895,8882,98197,70683,27056,8241,2497,97941.0,200,32,9837,1435,795,7621,15257,4435,4749,4261,4997,1520,6969,5230,4764,10211,11448,4180,2011,0.8914715929434762,0.06561541364661254,0.015672024541064672,0.0213089212963411,0.005932047572505492,0.8576211811838935,0.019039646980268443,0.00033869765911532173,0.01447206712019896,0.0030627945459999807,0.0043837154165497355,0.03434394263429362,0.016513930150865615,0.0073110308989035875,0.004122434365232202,0.009338378315608156,0.0022112118602243148,0.00559334991339017,0.0011951188828783494,0.011588298479731364,0.0029321540203412137,0.0017321965994755025,0.00419985097302999,0.47512991474496064,0.34200238056068977,0.1309114837860592,0.03987439155384809,0.012081829354442263,0.12570833460961192,0.19854810549208196,0.12990473856709653,0.13538763132906545,0.0988452231445462,0.08263138011660082,0.07809803861508459,0.06018929763837412,0.09068725048753841,0.002042045721403702,0.00032672731542459233,0.1004380188072411,0.014651678051071563,0.008117131742579716,0.07781215221408808,0.15577745785728142,0.0452823638721271,0.04848837565473091,0.043505784094505874,0.0510205123492715,0.015519547482668136,0.071155083162312,0.05339949561470681,0.048641529083836184,0.10425664430626602,0.11688669709314792,0.04267875557733738,-2.6926949850198816,3.3623573642934144,-0.9943737395575166,0.09937972524878666,-20.229326,4.5654144
Somerset,E06000066,529972,519255,501558,2257,733,14707,4241,1200,650,1407,984,4873,1069,203,442,1247,1912,1013,607,291,115,590,175,415,256755,28124,37894,27908,26186,38505,27439,20712,20333,29654,241500,187101,74426,21227,5718,256755.0,6420,646,29124,1681,2213,21362,45068,9446,15281,6227,4758,3127,13495,10538,16472,25159,33483,12255,2011,0.9797781769602922,0.009194825387001577,0.0019114217354879125,0.008002309555976542,0.001113266361241726,0.9463858467994536,0.004258715554784027,0.0013830919369325172,0.027750522669122143,0.0008340063248624455,0.002352954495709207,0.0020170876951989916,0.00038303910395266164,0.0036077377672782715,0.0011453435275825892,0.0005490856120700716,0.00021699259583525166,0.0026548572377408618,0.0012264798895035964,0.0022642705652374086,0.0018567018634946752,0.0003302061240971221,0.0007830602371446039,0.4556844512540285,0.35303940585540367,0.14043383424029948,0.04005305940691206,0.010789249243356253,0.10953632840645752,0.1475881677085159,0.10869505949251232,0.10198827676189363,0.14996786820120347,0.1068684154154739,0.08066834141496758,0.07919222605207299,0.11549531654690269,0.025004381608926797,0.0025160172148546277,0.11343109189694456,0.006547097427508714,0.00861911160444782,0.08319993768378416,0.17552920098926994,0.036789935931140584,0.05951588089813246,0.0242526922552628,0.018531284687737338,0.012178925434752975,0.05255983330412261,0.04104301766275243,0.06415454421530252,0.09798835465716345,0.13040836595197758,0.04773032657591868,-4.84744771322005,0.40864844194144395,-0.750587481090546,0.529954085593263,-26.891487,20.07901
South Cambridgeshire,E07000012,148755,138787,129812,1094,485,7396,2524,552,270,991,711,5540,2210,465,217,1189,1459,1268,760,341,167,636,253,383,79139,9819,21202,10352,8507,8286,6510,4660,3652,6151,78041,50147,15792,3739,1036,79139.0,979,67,6888,130,484,5309,10223,2280,2912,5042,1789,1112,9539,3169,3749,12093,9789,3585,2011,0.9329904877146986,0.037242445632079596,0.008524083224093308,0.01696749689086081,0.004275486538267622,0.8726563812981076,0.007354374642869147,0.0032603946085845853,0.04971933716513731,0.0014587744949749587,0.007993008638365096,0.014856643474168936,0.0031259453463749116,0.009808073678195691,0.005109071963967597,0.0022923599206749355,0.0011226513394507747,0.006661960942489328,0.001815065039830594,0.003710799636986992,0.0047796712715538975,0.0017007831669523714,0.00257470337131525,0.524627743605257,0.3371113576014252,0.1061611374407583,0.025135289570098484,0.006964471782461094,0.12407283387457511,0.26790836376502103,0.13080781915364106,0.10749440857225893,0.10470185370045111,0.08226032676682798,0.05888373621097057,0.04614665335675205,0.07772400459950214,0.012370639002261843,0.0008466116579688901,0.08703673283715993,0.0016426793363575481,0.006115821529208102,0.06708449689786325,0.12917777581217857,0.028810068360732383,0.036796017134409074,0.06371068626088275,0.022605794867258874,0.014051226323304565,0.12053475530395885,0.040043467822439,0.04737234486157268,0.15280708626593714,0.12369375402772337,0.045300041698783156,-0.8719790983947864,3.310031655636664,-3.8699796404222613,0.89285896831933,-9.76351,10.468216
South Derbyshire,E07000039,94611,90527,88925,386,72,1144,1062,428,79,365,190,2375,1649,179,4,217,326,425,174,205,46,222,45,177,47886,5804,7715,5671,5218,5955,4224,3422,4677,5200,45075,32550,12348,3647,991,47886.0,570,162,8204,366,390,3748,7752,3012,2101,1230,915,459,2645,2010,1883,4572,5791,2076,2011,0.9568337719715466,0.025102789316252868,0.004492078088171566,0.011224910422678125,0.0023464502013507945,0.9399012799780152,0.00407986386360994,0.0007610108761137712,0.012091617253807696,4.2278382006320616e-05,0.0022936022238428935,0.017429262982105675,0.0018919575947828476,0.0034456881335151305,0.0018391096172749469,0.0021667670778239318,0.0004862013930726871,0.0038579023580767565,0.0008349980446248322,0.004523786874676306,0.0020082231453002293,0.00047563179757110694,0.0018708184037796874,0.4764245172337255,0.34404033357643404,0.13051336525351176,0.03854731479426282,0.010474469142065934,0.12120452741928747,0.16111180720878754,0.11842709769034791,0.10896713026771916,0.12435784989349706,0.08820949755669716,0.07146138746188865,0.0976694649793259,0.10859123752244915,0.011903270266883849,0.0033830347074301466,0.17132356012195632,0.007643152487156998,0.008144342814183686,0.0782692227373345,0.16188447562962036,0.06289938604184939,0.04387503654512801,0.02568600426011778,0.019107881217892496,0.009585265004385415,0.05523535062439962,0.04197468988848515,0.03932255774130226,0.09547675729858414,0.12093304932548135,0.04335296328780854,-4.020148094975617,1.001023439925169,-1.1590019716757096,0.4886951695414523,-28.596611,14.021577
South Gloucestershire,E06000025,262767,249574,241611,1223,271,6469,3667,1516,396,1016,739,6440,2699,698,238,1312,1493,2218,987,980,251,868,366,502,136531,14169,23682,16740,19070,16781,11637,12497,8650,13305,129141,91675,30940,8556,2455,136531.0,759,225,13336,912,983,11797,22296,6642,5591,5819,8753,1632,7876,5972,10383,11461,16784,5310,2011,0.9497920210680946,0.024508404784466847,0.00844093816955706,0.0139553292460621,0.0033033067318194447,0.9194876068912763,0.004654313517298596,0.0010313319404643658,0.024618768719055283,0.0009057453942085574,0.004993016626897594,0.010271457222558388,0.0026563457359561893,0.005681839804846119,0.0037561794289237235,0.0037295398585058246,0.0009552188821275122,0.003866543363512161,0.0015070385550697005,0.0057693698219335,0.002812377505546739,0.00139286896756442,0.0019104377642550244,0.4914658233339803,0.3488832311515525,0.11774690124711246,0.03256116635650595,0.009342877910848774,0.1037786290293047,0.1734551127582747,0.12260951725249211,0.13967523859050326,0.12290981535328972,0.08523339021907113,0.09153232599189927,0.06335557492437614,0.09745039588078898,0.005559177036716936,0.0016479773824259693,0.09767745054236766,0.006679801656766595,0.007199830075221012,0.08640528524657404,0.1633035720825307,0.04864829232921461,0.04095040686730486,0.04262035728149651,0.06410998234833115,0.011953329280529697,0.057686532728830814,0.04374098190154617,0.07604866294101706,0.08394430568881793,0.1229317883850554,0.038892266225252874,-3.447300008688067,2.2077555444414707,-1.5644459432543185,0.9628156637352474,-18.194662,10.858991
South Hams,E07000044,83140,81784,79681,371,45,1687,653,161,75,264,153,458,115,12,64,102,165,121,73,36,12,124,70,54,39999,5559,7530,4858,3713,6396,3665,2659,1875,3744,39414,28574,11075,3156,921,39999.0,1395,117,2904,155,214,3469,5876,1310,3051,1028,679,754,2582,1698,2734,4587,5317,2129,2011,0.9836901611739235,0.005508780370459466,0.0014553764734183306,0.007854221794563387,0.001491460187635314,0.9583954775078182,0.004462352658166947,0.000541255713254751,0.020291075294683665,0.0007697859032956459,0.0012268462833774356,0.0013832090449843637,0.0001443348568679336,0.0019846042819340872,0.000878037045946596,0.0004330045706038008,0.0001443348568679336,0.0031753668510945392,0.0009020928554245851,0.0019364926629781092,0.0018402694250661536,0.0008419533317296127,0.0006495068559057012,0.47406783738272795,0.3436853500120279,0.13320904498436373,0.03796006735626654,0.011077700264613905,0.13897847446186154,0.1882547063676592,0.12145303632590815,0.09282732068301708,0.15990399759994,0.09162729068226706,0.06647666191654791,0.04687617190429761,0.09360234005850146,0.03487587189679742,0.0029250731268281706,0.07260181504537613,0.0038750968774219356,0.0053501337533438335,0.08672716817920448,0.1469036725918148,0.03275081877046926,0.07627690692267307,0.0257006425160629,0.01697542438560964,0.018850471261781545,0.06455161379034476,0.042451061276531914,0.06835170879271982,0.11467786694667367,0.1329283232080802,0.05322633065826646,-3.9395573160658675,1.194522832669251,-2.566465844295718,-0.34954063601842034,-24.30827,20.38639
South Holland,E07000140,88270,86370,79569,282,100,6419,796,247,138,233,178,747,251,48,54,176,218,257,137,72,48,100,13,87,41490,4437,4034,3605,4158,5932,3793,3129,6280,6122,35771,33149,13968,4167,1215,41490.0,2582,19,6552,153,303,3251,8615,2758,1497,615,851,366,1764,2504,1486,2787,3894,1493,2011,0.9784751331143083,0.008462671349269287,0.002911521468222499,0.009017786337373965,0.0011328877308258753,0.9014274385408406,0.003194743400928968,0.0011328877308258753,0.07272006344171293,0.0006117593746459726,0.00199388240625354,0.0028435482043729465,0.0005437861107964201,0.0024696952532004077,0.0015520561912314489,0.0008156791661946301,0.0005437861107964201,0.0026396284128242893,0.0015633850685397078,0.0027982326951399117,0.002016540160870058,0.00014727540500736376,0.0009856123258185114,0.4052452701937238,0.37554095389146935,0.15824175824175823,0.04720743174351422,0.013764585929534383,0.106941431670282,0.09722824777054712,0.0868884068450229,0.1002169197396963,0.14297421065316943,0.09141961918534587,0.07541576283441793,0.15136177392142686,0.1475536273800916,0.06223186309954206,0.000457941672692215,0.1579175704989154,0.00368763557483731,0.007302964569775849,0.07835623041696795,0.2076403952759701,0.06647384912026995,0.036080983369486626,0.01482284887924801,0.020510966497951314,0.008821402747650036,0.04251626898047722,0.06035189202217402,0.03581585924319113,0.06717281272595806,0.09385394070860448,0.03598457459628826,-5.774712417489341,-0.8665899111672705,1.2926450570972228,1.882212328076376,-27.150871,27.08195
South Kesteven,E07000141,133788,130394,125261,656,78,4399,1142,410,138,304,290,1580,509,93,63,436,479,509,330,117,62,163,48,115,66532,8212,10107,8022,7200,8375,6342,5379,5619,7276,62625,46999,17767,5005,1392,66532.0,1229,97,8571,318,601,5145,11595,2770,3303,1949,2017,783,3432,3054,4357,6427,7708,3176,2011,0.9746315065626214,0.011809728824707747,0.003804526564415344,0.008535892606212814,0.0012183454420426347,0.93626483690615,0.004903279815828027,0.0005830119293210154,0.03288037791132239,0.00047089425060543546,0.0032588871946661884,0.003804526564415344,0.0006951296080365952,0.003580291206984184,0.002466588931742757,0.000874517893981523,0.00046341973869106347,0.0022722516219690855,0.0010314826441833347,0.0030645498848925166,0.0021676084551678775,0.0003587765718898556,0.000859568870152779,0.46809130863754594,0.35129458546356923,0.13279965318264716,0.03740993213143182,0.010404520584805812,0.12342932724102687,0.15191186196116155,0.12057355858834846,0.10821860157518187,0.12587927613779834,0.09532255155413936,0.08084831359345879,0.08445560031263151,0.10936090903625323,0.01847231407443035,0.001457945048998978,0.12882522695845608,0.004779654902903866,0.00903324715926171,0.07733120904226537,0.17427703962003246,0.04163410088378525,0.04964528347261468,0.029294174231948536,0.03031623880238081,0.011768772921301029,0.05158420008417002,0.045902723501472974,0.06548728431431491,0.0966001322671797,0.11585402513076415,0.04773642758371911,-4.121555189413694,0.9670019537057656,-1.1954187229416162,0.48135160599087745,-24.175663,16.27635
South Norfolk,E07000149,124012,120981,117998,455,183,2345,1214,313,179,422,300,1270,433,64,60,325,388,378,259,68,51,169,70,99,60333,6975,10579,7170,6861,8375,5627,4607,4173,5966,57480,44400,16575,4297,1260,60333.0,1782,140,5587,199,366,5284,9740,2282,2591,1489,3161,986,3926,2324,3249,6416,8101,2710,2011,0.9755588168886882,0.01024094442473309,0.003048092120117408,0.009789375221752734,0.0013627713447085766,0.9515046930942167,0.0036689997742153984,0.0014756636454536659,0.01890946037480244,0.00048382414605038223,0.0026207141244395703,0.0034915975873302586,0.0005160790891204077,0.0031287294777924716,0.00208850756378415,0.0005483340321904332,0.0004112505241428249,0.0034028964938876884,0.0014434087023836404,0.002523949295229494,0.0024191207302519113,0.000564461503725446,0.0007983098409831307,0.46350353191626614,0.3580298680772828,0.1336564203464181,0.034649872592974876,0.010160307067058026,0.11560837352692556,0.17534351018513913,0.11884043558251703,0.11371886032519517,0.1388129216183515,0.09326570865032403,0.07635953789799943,0.0691661279896574,0.09888452422389074,0.029536074784943564,0.002320454809142592,0.09260272156199759,0.0032983607644241127,0.006066331858187062,0.08758059436792469,0.16143735600749176,0.03782341338902425,0.04294498864634611,0.02467969436295228,0.05239255465499809,0.016342631727247113,0.06507218271924155,0.03851954983176702,0.053851126249316296,0.10634312896756336,0.13427146006331528,0.04491737523411732,-4.026399937638468,1.0851165380645897,-1.8923484094224605,0.871987396895945,-23.27314,18.294422
South Oxfordshire,E07000179,134257,128993,122083,1092,135,5683,1801,506,168,690,437,2405,814,194,179,443,775,768,445,241,82,290,89,201,70087,10095,15018,10215,7444,7969,5674,4186,3394,6092,70571,44779,14409,3517,981,70087.0,723,119,5044,484,700,5271,10157,2544,3101,5025,1961,985,7916,3289,4458,7580,7103,3627,2011,0.9607916160796085,0.017913404887640868,0.005720372122123986,0.013414570562428774,0.002160036348197859,0.909323163782894,0.008133654111145043,0.0010055341620921069,0.04232926402347736,0.001333263814922127,0.003299641731902247,0.006062998577355371,0.0014449898329323611,0.005772510930528762,0.003314538534303612,0.001795064689364428,0.0006107688984559464,0.005139396828470769,0.001251331401714622,0.0037688910075452304,0.0032549513246981536,0.0006629077068607223,0.001497128641337137,0.5256411211333487,0.3335319573653515,0.10732401290063089,0.026196027022799558,0.00730688157786931,0.14403527044958409,0.21427654201207072,0.1457474281963845,0.10621085222651847,0.11370154236877024,0.08095652546121249,0.05972576940088747,0.048425528272004796,0.08692054161256724,0.010315750424472442,0.0016978897655770685,0.07196769729051036,0.006905702912094968,0.009987586856335696,0.0752065290282078,0.14491988528543095,0.03629774423216859,0.044245009773567136,0.07169660564726697,0.027979511178963287,0.014053961504986659,0.1129453393639334,0.04692739024355444,0.06360666029363506,0.10815129767289226,0.10134547062936065,0.05174996789704225,-1.9312864806191565,3.3622678062867517,-3.943231871030745,0.24424126017077896,-14.392237,10.101264
South Ribble,E07000126,109057,105847,103890,680,17,1260,1174,514,99,388,173,1612,798,241,26,282,265,268,78,149,41,156,65,91,55761,5626,9185,6976,7633,6887,5539,4656,4104,5155,52009,37211,14240,4473,1124,55761.0,391,24,6800,246,571,4540,9170,2458,2168,1516,1374,847,2842,2378,5670,5413,7082,2271,2011,0.9705658508853169,0.01478126117534867,0.0024574305179860074,0.010765012791476018,0.001430444629872452,0.9526211063939041,0.006235271463546585,0.00015588178658866464,0.011553591241277496,0.00023840743831207532,0.002585803754000202,0.007317274452809081,0.0022098535628157752,0.002429921967411537,0.000715222314936226,0.0013662580118653548,0.0003759501911844265,0.0035577725409648166,0.0009077821689575177,0.004713131665092567,0.0015863264164611166,0.0005960185957801883,0.0008344260340922637,0.47689740227587407,0.3412068918088706,0.13057392006015203,0.041015248906535115,0.01030653694856818,0.1008948906942128,0.16472086225139435,0.12510536037732464,0.13688778895643908,0.12350926274636395,0.0993346604257456,0.08349921988486576,0.07359982783666003,0.09244812682699377,0.007012069367479062,0.0004304083499219885,0.12194903247789673,0.004411685586700382,0.010240131991893976,0.08141891286024282,0.1644518570326931,0.044080988504510324,0.03888022094295296,0.027187460770072273,0.02464087803303384,0.015189828015996843,0.050967522103262136,0.04264629400477036,0.10168397266906978,0.09707501658865515,0.1270063305894801,0.04072739011136816,-4.205244647517039,1.34472446425686,-1.2037565663152574,0.14357626073572585,-24.691048,14.203659
South Staffordshire,E07000196,108131,103700,102339,469,128,764,1495,796,40,479,180,2122,1435,170,17,204,296,578,142,371,65,236,44,192,53328,6967,8832,6679,6905,7076,4321,4111,3574,4863,49032,38390,14901,4435,1373,53328.0,571,46,6473,332,523,5267,8986,2050,2298,1305,1999,860,2704,2145,3543,5598,6201,2427,2011,0.9590219271069351,0.019624344545042586,0.005345368118300949,0.013825822382110588,0.0021825378476107685,0.9464353423162646,0.004337331570040044,0.0011837493410770269,0.007065503879553505,0.00015721670936179265,0.0018866005123415117,0.013270939878480732,0.0015721670936179263,0.0027374203512406247,0.0013132219252573268,0.0034310234807779453,0.0006011227122656777,0.004429811987311687,0.0003699216690865709,0.007361441214822761,0.0016646475108895691,0.000406913835995228,0.0017756240116155405,0.45344998196631864,0.35503232190583645,0.13780506977647483,0.04101506505997355,0.012697561291396547,0.13064431443144314,0.16561656165616562,0.12524377437743775,0.12948169816981697,0.1326882688268827,0.08102685268526853,0.07708895889588958,0.06701920192019202,0.0911903690369037,0.010707320732073207,0.0008625862586258626,0.12138088808880888,0.006225622562256226,0.009807230723072307,0.09876612661266126,0.1685043504350435,0.03844134413441344,0.043091809180918095,0.02447119711971197,0.037484998499849986,0.016126612661266127,0.050705070507050705,0.040222772277227724,0.06643789378937894,0.10497299729972998,0.11628037803780378,0.045510801080108014,-4.154684268431467,1.3085069215836762,-1.5356569614033666,0.6873945915326583,-23.413704,14.792027
South Tyneside,E08000023,148127,142099,140821,305,9,964,1325,324,229,440,332,3311,643,434,1534,235,465,420,316,61,43,972,566,406,64622,5031,8545,7097,8480,8174,6738,6862,6120,7575,63345,48861,23700,9394,2827,64622.0,65,516,7406,520,438,5328,9634,3613,3385,1620,1763,882,2542,3009,5705,5738,9616,2842,2011,0.959305190815989,0.02235244081092576,0.0028354047540286374,0.008945026902590344,0.006561936716466275,0.9506774592073018,0.0020590439285207963,6.0758673300613664e-05,0.00650792900686573,0.010355978315904596,0.0015864764695160234,0.004340869659143843,0.002929918245829592,0.003139198120531706,0.0021333045292215463,0.0004118087857041593,0.00029029143910293194,0.0029704240280300012,0.0015459706873156144,0.0021873122388220917,0.002241319948422637,0.0038210454542385924,0.0027408912622276832,0.42763979558081916,0.3298588373490316,0.159997839691616,0.06341855299844053,0.019084974380092757,0.07785274364767417,0.1322305097335273,0.10982327999752406,0.13122466033239455,0.126489430843985,0.10426789638203708,0.10618674754727492,0.0947045897681904,0.11722014174739252,0.0010058494011327412,0.007984896784376838,0.1146049333044474,0.00804679520906193,0.0067778775030175485,0.08244870168054223,0.1490823558540435,0.05590975209680914,0.0523815418897589,0.025068861997462166,0.027281730679954194,0.013648602643062734,0.039336448887375815,0.04656308996936028,0.08828262820711213,0.08879329021076414,0.1488038129429606,0.0439788307387577,-6.204163595723144,0.35579907745453687,1.914954535626393,-2.5855543917889525,-37.533203,15.4493685
Southampton,E06000045,236882,203528,183980,1746,341,17461,5678,1678,941,1796,1263,19892,6742,3019,1401,3449,5281,5067,3508,1132,427,2717,1312,1405,112608,8705,19206,12661,11778,12826,10940,11547,9521,15424,112653,82880,29278,9223,2848,112608.0,240,84,9556,735,739,8900,19642,7505,7242,3370,4702,1303,6375,5846,4677,11639,15091,4962,2011,0.8591957176991075,0.08397429944022762,0.021390396906476643,0.02396974020820493,0.011469845745983233,0.7766736180883309,0.007370758436689997,0.0014395352960545756,0.0737118058780321,0.005914337096106922,0.014559991894698626,0.028461428052785776,0.012744742107884939,0.022293800288751362,0.014809061051493993,0.004778750601565337,0.0018025852534173132,0.00758183399329624,0.003972441975329489,0.007083695679705507,0.005331768559873692,0.00553862260534781,0.005931223140635422,0.4755658935672613,0.349878842630508,0.12359740292635152,0.03893499717158754,0.012022863704291589,0.07730356635407787,0.17055626598465473,0.11243428530832623,0.1045929241261722,0.11389954532537652,0.09715117931230463,0.1025415601023018,0.08454994316567206,0.13697073032111395,0.002131287297527707,0.0007459505541346973,0.08486075589656153,0.006527067348678602,0.006562588803637397,0.07903523728331913,0.1744281045751634,0.06664712986643932,0.06431159420289854,0.02992682580278488,0.04175547030406365,0.011571113952827507,0.05661231884057971,0.051914606422279054,0.041533461210571186,0.10335855356635408,0.13401356919579427,0.044064364876385334,-2.4497362228670916,2.619141825826173,1.5670077659744255,0.5490102417868571,-24.665874,4.320863
Southend-on-Sea,E06000033,173658,159023,151136,1496,162,6229,3651,1039,741,977,894,6440,1810,1059,933,1084,1554,3647,2728,524,395,897,297,600,81339,8686,13056,10779,11828,9143,7767,6781,5160,8139,78341,60929,24420,7778,2190,81339.0,130,26,5542,203,499,6558,11469,3957,3860,2590,9046,1321,4695,3925,4777,8157,10391,4193,2011,0.9157251609485311,0.037084384249501896,0.02100104803694618,0.02102408181598314,0.005165324949037764,0.8703083071324097,0.008614633359822179,0.0009328680509967868,0.035869352405302375,0.005372628960370383,0.006242154119015536,0.010422785014223359,0.0060981930000345505,0.008948623155858065,0.01570903730320515,0.0030174250538414584,0.002274585679899573,0.005626000529776918,0.004267007566596414,0.0059830241048497625,0.005148049614760046,0.001710258093494109,0.0034550668555436547,0.4511223208835758,0.3508562807356989,0.14062122102062674,0.044789183337364244,0.012610994022734339,0.10678764184462558,0.16051340685280124,0.13251945561169917,0.1454160980587418,0.11240610285348972,0.09548924869988566,0.08336714245318974,0.06343820307601519,0.10006270054955188,0.0015982493023027084,0.00031964986046054166,0.06813459717970469,0.0024957277566726908,0.006134818475761934,0.08062553018847048,0.14100247113930586,0.048648249917013976,0.04745571005298811,0.031842043792030886,0.11121356298946385,0.016240671756475984,0.05772138826393243,0.048254834704139465,0.05872951474692337,0.10028399660679378,0.12774929615559572,0.05154968711196351,-3.0219193001866205,2.554594393331224,-0.24132186068976783,0.05853640658714371,-20.02381,8.747044
Southwark,E09000028,288283,156349,114534,6222,263,35330,17778,5677,3687,3003,5411,27192,5819,1623,3912,8074,7764,77511,47413,17974,12124,9453,2440,7013,147388,15565,38033,25652,14538,9629,12185,9666,5043,17077,154204,90004,29935,10544,3596,147388.0,75,164,2771,262,370,5988,14602,5561,12005,10646,12717,2293,18863,10712,7481,13692,18357,10829,2011,0.5423455424010434,0.09432398025551281,0.26887121335632,0.06166856873280769,0.03279069525431607,0.3972971004186858,0.021582958412393376,0.0009122979849661618,0.12255318558499807,0.013569998924667774,0.02800720125709806,0.020185026519080208,0.005629884523194222,0.026931869031472547,0.16446686068897576,0.0623484562044935,0.04205589646285074,0.010416847334043284,0.012789515857681514,0.019692454983471105,0.018769750557611792,0.008463905259762108,0.02432678999455396,0.534904937162441,0.3122071020490282,0.10383893604548308,0.03657517092579167,0.01247385381725596,0.10560561239721009,0.25804678806958503,0.1740440198659321,0.09863760957472793,0.06533096317203571,0.0826729448801802,0.06558200124840557,0.034215811327923576,0.11586424946399979,0.0005088609656145683,0.0011127093114771894,0.018800716476239585,0.0017776209732135587,0.002510380763698537,0.04062745949466714,0.09907183759871903,0.03773034439710153,0.08145167856270524,0.07223111786576926,0.0862824653296062,0.01555757592205607,0.12798192525850138,0.07267891551551008,0.050757185116834476,0.0928976578825956,0.12454880994382175,0.0734727386218688,5.31167447512235,10.149092480047493,3.6575317688099145,-1.5245218657554243,-11.218018,-3.7775655
Spelthorne,E07000213,95598,83455,77411,1366,192,4486,2382,575,316,905,586,7295,4013,656,259,621,1746,1545,971,419,155,921,322,599,50161,5868,8175,7420,7607,5200,4448,3714,3215,4514,45929,34239,11509,3085,836,50161.0,52,181,2661,383,351,3730,7347,7520,2193,3414,1806,718,3167,2924,2843,3967,4291,2613,2011,0.8729785141948576,0.07630912780602105,0.01616142597125463,0.024916839264419757,0.009634092763446934,0.8097554342141049,0.01428900186196364,0.002008410217786983,0.04692566790100211,0.0027092617000355657,0.006495951798154773,0.0419778656457248,0.0068620682441055255,0.018263980418000376,0.010157116257662295,0.004382936881524718,0.0016213728320676165,0.009466725245298018,0.003305508483441076,0.006014770183476642,0.006129835352204021,0.0033682713027469195,0.006265821460700015,0.4804389213163455,0.35815602836879434,0.1203895478984916,0.03227054959308772,0.008744952823280822,0.11698331372979008,0.1629752197922689,0.14792368573194314,0.15165168158529535,0.10366619485257471,0.08867446821235621,0.07404158609278125,0.06409361854827456,0.08999023145471581,0.001036661948525747,0.0036083810131376966,0.05304918163513487,0.007635413967026176,0.006997468152548793,0.07436055900001994,0.14646837184266662,0.14991726640218497,0.04371922409840314,0.06806084408205577,0.03600406690456729,0.014313909212336277,0.06313669982655848,0.05829229879787086,0.05667749845497498,0.07908534518849306,0.08554454656007655,0.05209226291341879,-2.35781226172491,4.3089024276257915,-1.3173309291992739,1.9232707430807565,-14.615835,5.995768
St Albans,E07000240,140664,124380,114145,2514,165,7556,3904,1019,397,1491,997,9011,2210,1149,2633,1149,1870,2388,1203,911,274,981,459,522,71378,10983,20382,11911,7465,5042,5054,4149,2262,4130,77531,44813,13802,3521,997,71378.0,198,84,3503,179,306,4421,10141,2450,2657,5390,5029,1169,9533,3137,3218,8669,7427,3867,2011,0.8842347722231702,0.06406045612239095,0.016976625149291928,0.027754080646078597,0.006974065859068419,0.8114727293408406,0.0178723767275209,0.001173008019109367,0.05371665813569926,0.018718364329181596,0.008168401296707047,0.015711198316555763,0.008168401296707047,0.013294090883239493,0.008552294830233748,0.006476426093385656,0.0019479042256725246,0.010599727009042825,0.0028223283853722344,0.007244213160439061,0.007087812091224478,0.0032630950349769663,0.003710970824091452,0.5511786953307172,0.3185818688505943,0.09812034351362112,0.025031280213842915,0.007087812091224478,0.15387094062596318,0.28555016952002016,0.16687214547899912,0.10458404550421699,0.07063801171229231,0.07080613074056431,0.05812715402504973,0.03169043682927513,0.05786096556361904,0.002773963966488274,0.001176833197904116,0.04907674633640618,0.0025077755050575807,0.004287035220936423,0.06193785199921544,0.1420745888088767,0.03432430160553672,0.03722435484322901,0.07551346353218079,0.07045588276499762,0.01637759533749895,0.13355655804309452,0.04394911597410967,0.04508391941494578,0.12145198800750932,0.1040516685813556,0.054176356860657346,1.2840573447058294,5.555017485225366,-4.462761509632175,-0.8050543572332504,-9.809204,6.478114
St. Helens,E08000013,175308,171877,169346,887,69,1575,1179,445,167,271,296,1764,504,133,122,512,493,248,152,60,36,240,117,123,78580,6896,11526,8570,9323,9228,8586,7187,7162,10102,78620,55983,26198,11364,3143,78580.0,202,70,8324,454,1087,6532,13761,4655,3522,1933,1977,1151,3310,3886,4835,7214,12267,3400,2011,0.9804287311474662,0.010062290368950648,0.0014146530677436283,0.006725306318023137,0.0013690190978164144,0.9659912839117439,0.005059666415679832,0.0003935929906222192,0.008984187829420221,0.0006959180413900107,0.0029205740753416843,0.0028749401054144704,0.0007586647500399297,0.0028121933967645515,0.0008670454286170625,0.0003422547744541036,0.0002053528646724622,0.001545850731284368,0.0009526091222305885,0.002538389577201269,0.0016884568873069112,0.0006673968101855021,0.0007016222876309124,0.4484678394596938,0.3193408173044014,0.14943984301914345,0.06482305428160723,0.01792844593515413,0.08775769916009163,0.14667854415881904,0.10906082972766608,0.11864342071773988,0.11743446169508781,0.10926444387884958,0.09146093153474166,0.09114278442351743,0.1285568847034869,0.0025706286586917792,0.0008908119114278443,0.10593026215321964,0.005777551539832018,0.013833036396029523,0.08312547722066684,0.1751208959022652,0.05923899210995164,0.04482056502926953,0.02459913463985747,0.025159073555612116,0.014647493000763553,0.042122677526088066,0.049452786968694325,0.0615296513107661,0.09180453041486383,0.15610842453550522,0.04326800712649529,-5.567333248470605,0.2965321832350033,1.2904649560281216,-2.123972624703831,-36.68706,11.226375
Stafford,E07000197,130869,124308,121160,770,119,2259,1694,819,126,439,310,3288,1359,369,128,503,929,1107,391,582,134,472,229,243,64494,7695,12284,8511,7275,7062,5477,5026,4245,6919,60366,46574,17316,5118,1495,64494.0,1131,48,6312,629,462,4500,10347,2854,3174,1938,1385,779,3238,2663,6054,6530,9364,3086,2011,0.9498658964307819,0.025124361002223598,0.008458840519909222,0.012944241951875539,0.0036066600952097136,0.9258113074906968,0.005883746341761609,0.0009093062528177032,0.017261536345505812,0.0009780773139551765,0.0038435381946832327,0.010384430231758475,0.002819613506636407,0.007098701755190305,0.0029877205449724536,0.004447195286889943,0.0010239246880468255,0.0033544995377056447,0.000962794855924627,0.006258166563510075,0.002368780994735193,0.001749841444497933,0.0018568186507117806,0.4612704307360796,0.3558826001574093,0.13231552162849872,0.03910781010017651,0.011423637377835852,0.11931342450460508,0.19046733029429094,0.1319657642571402,0.11280119080844729,0.10949855800539585,0.08492262846156232,0.07792972989735479,0.06582007628616615,0.10728129748503737,0.017536515024653455,0.0007442552795608894,0.09786956926225696,0.009752845225912488,0.00716345706577356,0.06977393245883338,0.16043352870034422,0.04425217849722455,0.04921388036096381,0.03004930691227091,0.021474865878996496,0.012078642974540267,0.050206220733711664,0.04129066269730518,0.09386919713461718,0.10124972865692933,0.14519180078767016,0.04784941234843551,-3.6144273061641248,1.6430771140839273,-1.3236149857817079,0.4066999422081921,-24.014055,13.495853
Staffordshire Moorlands,E07000198,97106,95825,94657,256,35,877,602,238,52,179,133,502,136,87,2,108,169,120,52,60,8,57,19,38,47591,5265,7008,5205,4937,7420,4694,3495,4367,5200,42874,34050,14432,4420,1330,47591.0,1134,152,6965,245,376,4156,7149,2076,2195,868,2009,616,2258,1854,2145,4452,6274,2667,2011,0.9868082301814513,0.005169608469095628,0.0012357629806603093,0.006199410952979219,0.0005869874158136469,0.9747801371696908,0.002636294358741993,0.0003604308693592569,0.009031367783659094,2.059604967767182e-05,0.0011121866825942784,0.001400531378081684,0.0008959281609787243,0.001740366197763269,0.0005354972916194674,0.0006178814903301547,8.238419871068728e-05,0.001843346446151628,0.0005354972916194674,0.002450929911642947,0.0013696373035651762,0.0001956624719378823,0.0003913249438757646,0.4415175169402509,0.3506477457623628,0.14862109447407987,0.045517269787654725,0.013696373035651762,0.11063016116492615,0.14725473303775924,0.10936941858754806,0.10373810174192599,0.15591183206908868,0.09863209430354479,0.07343825513227291,0.09176104725683427,0.1092643567060999,0.02382803471244563,0.0031938811960244584,0.14635120085730496,0.005148032190960476,0.007900653484902608,0.08732743585972137,0.1502174780945977,0.04362169317728142,0.04612216595574794,0.01823874261940283,0.042213863965875904,0.01294362379441491,0.047445945661994914,0.03895694564098254,0.045071547141266204,0.09354709924145321,0.13183164884116744,0.056040007564455464,-5.308868872448733,-0.004979119546710744,-0.5679346113164359,-0.22346790931939167,-27.777412,19.097874
Stevenage,E07000243,83957,73598,69781,1002,67,2748,2265,964,292,573,436,4848,1626,489,536,635,1562,2836,1915,678,243,410,132,278,42738,3903,6827,5302,5049,5187,4184,4254,3179,4853,39514,29953,10652,2984,854,42738.0,45,12,3997,157,243,4031,8054,2250,2112,2122,1497,527,2439,2163,2348,3322,5370,2049,2011,0.8766154102695427,0.057743845063544436,0.033779196493443076,0.026978095930059436,0.004883452243410317,0.8311516609693057,0.011934680848529604,0.0007980275617280275,0.03273104088997939,0.00638422049382422,0.007563395547720857,0.0193670569458175,0.005824410114701573,0.01860476196148028,0.022809295234465263,0.008075562490322426,0.002894338768655383,0.006824922281644175,0.003477970866038567,0.01148206820157938,0.005193134580797313,0.0015722334051955168,0.0033112188382148004,0.4706456876734519,0.35676596352894935,0.12687447145562608,0.035542003644722896,0.010171873697249782,0.09132388038747719,0.15974074594038093,0.12405821517151013,0.11813842482100238,0.12136740137582479,0.09789882540128222,0.09953671205952548,0.07438345266507558,0.11355234217792129,0.001052927137442089,0.00028078056998455706,0.09352332818568955,0.003673545790631288,0.005685806542187281,0.09431887313397913,0.18845055922130188,0.05264635687210445,0.049417380317282045,0.04965136412560251,0.03502737610557349,0.012330946698488464,0.057068650849361226,0.05061069773971641,0.054939398193645,0.07772942112405822,0.1256493050680893,0.04794328232486312,-2.4849019334310585,2.554697673684812,0.6419797217748697,1.21172203196709,-23.618587,5.905311
Stockport,E08000007,283275,260819,252044,3938,58,4779,5104,1734,775,1460,1135,13762,2786,6673,705,1722,1876,1958,976,745,237,1632,727,905,137130,15544,27091,18080,17082,13854,12830,13133,8141,11375,135500,94251,37601,12505,3418,137130.0,163,91,11700,918,681,10030,22003,7254,5910,5419,6758,2074,10588,6940,6791,14538,19039,6233,2011,0.9207272085429353,0.04858176683434825,0.0069120112964433855,0.01801782719971759,0.005761186126555467,0.8897502426970259,0.013901685641161416,0.00020474803636042716,0.01687053216838761,0.0024887476833465715,0.0060788985967699235,0.00983496602241638,0.023556614597122938,0.0066225399346924365,0.0034454152325478775,0.002629953225664107,0.0008366428382314006,0.005154002294590063,0.002735857382402259,0.006121260259465184,0.004006707263260083,0.002566410731621216,0.003194775394934251,0.47833377460065307,0.33271908922425203,0.13273673991704174,0.04414438266701968,0.012066013591033448,0.11335229344417706,0.19755706264128928,0.13184569386713338,0.12456792824327281,0.10102822139575585,0.09356085466345804,0.09577043681178443,0.059367023991832565,0.08295048494129657,0.0011886531028950631,0.0006636038795303726,0.08532049879676219,0.006694377597899803,0.004966090570991031,0.07314227375483118,0.1604535841901845,0.052898709253992565,0.043097790417851674,0.03951724640851746,0.0492817034930358,0.015124334573032888,0.07721140523590753,0.05060891125209655,0.04952235105374462,0.1060161890177204,0.13883905782833808,0.04545321957266827,-2.648699660442729,2.561988383328203,-0.771323538684134,-0.9325254866597842,-21.440306,4.384235
Stockton-on-Tees,E06000004,191610,181299,178965,536,143,1655,1997,419,316,823,439,6632,1488,3072,132,866,1074,1133,936,84,113,549,236,313,87122,7894,13885,10330,9887,10139,8523,9129,7280,10055,88811,64282,26385,9296,2836,87122.0,221,617,8672,1085,651,7200,14458,4022,4379,2086,2713,1125,4854,3900,5958,8721,12928,3532,2011,0.9461875684985126,0.03461197223526956,0.005913052554668337,0.010422211784353635,0.0028651949271958667,0.9340065758572099,0.0027973487813788426,0.0007463076039872658,0.008637336255936538,0.0006888993267574761,0.004519597098272533,0.007765774228902458,0.016032566149992173,0.00560513543134492,0.00488492249882574,0.00043839048066384844,0.0005897395751787485,0.004295182923646991,0.001649183236783049,0.002186733469025625,0.00229111215489797,0.0012316684932936694,0.001633526433902197,0.463498773550441,0.33548353426230365,0.13770158133709096,0.0485152131934659,0.014800897656698501,0.0906085718876977,0.15937421087670164,0.11856936250315649,0.11348453892243061,0.11637703450334014,0.09782833268290443,0.10478409586556782,0.08356098344849751,0.11541286930970364,0.0025366727118293886,0.007082022910401506,0.09953857808590252,0.012453800417804917,0.0074722802506829505,0.0826427308831294,0.16595119487615068,0.04616514772388145,0.05026284979683662,0.023943435641973324,0.031140240123045844,0.012912926700488969,0.05571497440370974,0.044764812561695094,0.06838685980578958,0.10010100778219048,0.14838961456348568,0.04054085076100181,-4.978107113961392,1.204095428079818,0.45167148169552096,-1.384082484558651,-37.632504,16.09713
Stoke-on-Trent,E06000021,249008,220712,215222,636,183,4671,4491,1892,559,1347,693,18442,2329,10429,1097,1224,3363,3741,2536,834,371,1622,408,1214,108109,8030,11322,9674,10705,15525,11934,11796,11843,17280,104510,86311,38179,15356,4652,108109.0,140,173,14704,1020,696,8619,21274,7059,5852,2238,2890,1087,3164,5262,4282,8300,15734,5615,2011,0.8863650967037203,0.07406187753003919,0.01502361369915826,0.018035565122405707,0.006513846944676476,0.864317612285549,0.002554134806913834,0.0007349161472723768,0.01875843346398509,0.004405480948403264,0.004915504722739832,0.00935311315299107,0.04188218852406348,0.013505590181841547,0.010184411745807363,0.0033492899826511597,0.0014899119706997365,0.0054094647561524125,0.0022449077941270965,0.007598149457045557,0.00278304311508064,0.0016385015742466107,0.004875345370429865,0.4197053909914541,0.3466193857225471,0.15332439118421898,0.0616687014071837,0.018682130694596157,0.07427688721568047,0.10472763599700302,0.08948376175896548,0.09902043308142708,0.14360506525821162,0.11038858929413832,0.10911209982517645,0.10954684623851853,0.15983868133087903,0.0012949893163381402,0.0016002367980464162,0.13601087791025723,0.009434922161892165,0.006437946886938183,0.0797250922679888,0.19678287654126853,0.06529521131450665,0.05413055342293426,0.020701329214033986,0.026732279458694466,0.010054667048996846,0.029266758549241968,0.04867309844693781,0.039608173232570834,0.07677436661147545,0.1455382993090307,0.05193832150884755,-5.454830753686384,-0.1674665195625765,3.8625302523042038,-0.4491819895963647,-34.5271,13.112668
Stratford-on-Avon,E07000221,120485,117307,112780,890,173,3464,1258,417,106,448,287,1466,564,74,13,391,424,264,112,115,37,190,51,139,60765,9491,11245,7947,6589,7484,4953,4391,2962,5703,58094,41966,15315,4049,1061,60765.0,1408,34,5830,399,493,4367,9936,2100,3894,2641,2433,998,5226,3295,2444,6009,5761,3497,2011,0.9736232726065486,0.01216748972901191,0.0021911441258247915,0.010441133751089347,0.001576959787525418,0.9360501307216667,0.007386811636303274,0.0014358633854836703,0.02875046686309499,0.00010789724862016019,0.0032452172469602026,0.004681080632443873,0.0006141843382993734,0.0035191102626883014,0.000929576295804457,0.0009544756608706478,0.0003070921691496867,0.003718305183217828,0.0008797775656720754,0.0034610117442005228,0.002382039257998921,0.0004232892061252438,0.0011536705814001744,0.4821679047184297,0.34830891812258785,0.1271112586629041,0.0336058430510022,0.008806075445076151,0.1561918867769275,0.18505718752571382,0.13078252283386818,0.10843413149016704,0.12316300501933679,0.08151073808936066,0.07226199292355796,0.04874516580268246,0.09385336953838558,0.023171233440302808,0.0005595326256891302,0.0959433884637538,0.006566279930881264,0.008113223072492388,0.07186702871718917,0.1635151814366823,0.03455936805726981,0.06408294248333744,0.04346251954249979,0.04003949642063688,0.016423928248169177,0.08600345593680572,0.054225294166049536,0.04022052168188925,0.09888916316958776,0.09480786637044351,0.05754957623632025,-3.1203847363672117,2.1945716733439093,-3.0721318936203352,0.635381560546992,-19.032476,15.7231
Stroud,E07000082,112779,110426,107026,591,57,2752,1216,364,129,428,295,751,177,28,53,193,300,260,96,125,39,126,33,93,57342,7099,10925,7024,5981,7871,5387,3542,4267,5246,53779,39711,14441,3783,1065,57342.0,768,137,7227,880,594,4903,8076,1793,2597,2304,1884,727,4290,2397,2930,6111,7046,2678,2011,0.9791361867014249,0.006659041133544366,0.002305393734649181,0.010782149158974632,0.0011172292714069108,0.9489887301713972,0.0052403372968371775,0.0005054132418269359,0.02440170599136364,0.00046994564590925614,0.001711311503028046,0.0015694411193573272,0.000248273171423758,0.002660069693825978,0.000851222302024313,0.0011083623724274909,0.0003458090601973772,0.003795032763191729,0.0011438299683451706,0.0032275512285088537,0.0026157351989288787,0.0002926076663208576,0.0008246216050860533,0.4768529602142243,0.3521134253717447,0.12804688816180318,0.03354347883914559,0.009443247413082223,0.12380105332914793,0.19052352551358515,0.1224931115064002,0.10430400055805518,0.13726413449129782,0.0939451013218932,0.06176973248229919,0.07441317010219385,0.09148617069512748,0.013393324264936696,0.0023891737295525096,0.1260332740399707,0.01534651738690663,0.010358899236161975,0.08550451675909455,0.14083917547347494,0.03126852917582226,0.04528966551567786,0.04017997279481009,0.03285549858742283,0.012678316068501273,0.07481427226116982,0.041801820655017266,0.051096927208677756,0.10657109971748456,0.12287677444107287,0.0467022426842454,-3.9873519338303787,1.6986845403320967,-2.3232684686176803,0.32116176807409175,-26.941505,12.367192
Sunderland,E08000024,275506,264282,261209,608,70,2395,1778,539,239,608,392,7336,1736,669,2075,1536,1320,1273,1062,111,100,837,292,545,121511,9278,14842,12076,15464,14679,12137,14959,11969,16107,117365,90557,43951,18155,5478,121511.0,132,441,14065,2138,983,9345,19613,6325,6813,2825,4684,2028,3841,6028,9471,10845,16641,5293,2011,0.9592604153811533,0.02662736927689415,0.004620589025284386,0.006453579958331216,0.0030380463583370237,0.948106393327187,0.002206848489688065,0.0002540779511154022,0.00869309561316269,0.0075315964080637085,0.0055751961844751115,0.006301133187661975,0.002428259275660058,0.004791184221033299,0.003854725486922245,0.00040289503676870924,0.00036296850159343175,0.002206848489688065,0.0008674947188083018,0.001956400223588597,0.0014228365262462523,0.0010598680246528206,0.001978178333684203,0.42599798189513116,0.32869338598796394,0.15952828613532918,0.06589693146428753,0.01988341451728819,0.07635522709878118,0.12214532017677412,0.09938194895935347,0.1272641983030343,0.12080387783822041,0.09988396112286131,0.12310819596579733,0.09850137024631515,0.13255590028886274,0.0010863214030005515,0.00362930105093366,0.11575083737274815,0.017595114845569537,0.008089802569314712,0.07690661750787994,0.16140925512916526,0.05205290056044309,0.056068997868505735,0.023248923965731496,0.0385479503913226,0.016689847009735744,0.03161030688579635,0.04960867740369185,0.07794356066528957,0.08925117890561349,0.13695056414645587,0.043559842318802416,-6.695262815691117,0.36387977238513985,2.584306627924375,-2.364531946173157,-37.91921,13.823583
Surrey Heath,E07000214,86144,77692,73179,828,162,3523,1626,370,171,696,389,5389,1713,667,298,535,2176,861,528,253,80,576,184,392,44968,6957,9137,7253,5440,4315,3808,2994,1864,3200,46062,28683,8613,2148,638,44968.0,76,125,3056,190,282,3225,6561,2734,1960,3817,1893,706,3792,2524,3013,3766,4856,2392,2011,0.9018852154531947,0.06255804234769688,0.009994892273402674,0.01887537147102526,0.006686478454680535,0.849496192421991,0.00961181277860327,0.0018805720653789005,0.0408966381872214,0.0034593239227340266,0.0062105312035661215,0.019885308320950965,0.007742849182763745,0.02526002971768202,0.00612927191679049,0.00293694279346211,0.0009286775631500742,0.008079494799405647,0.0019850482912332837,0.004295133729569094,0.004515694650817236,0.0021359583952451707,0.004550520059435364,0.5347093239227341,0.3329657317979198,0.09998374814264488,0.024934992570579496,0.007406203566121842,0.15471001601138587,0.20318893435331792,0.16129247464863902,0.12097491549546344,0.09595712506671411,0.08468244084682441,0.06658067959437823,0.04145169898594556,0.07116171499733144,0.0016900907311866217,0.0027797544920832593,0.06795943782245152,0.004225226827966554,0.006271126134139833,0.07171766589574809,0.1459037537804661,0.060798790250845045,0.043586550435865505,0.0848825831702544,0.04209660202810888,0.015700053371286247,0.08432663227183775,0.05612880270414517,0.06700320227717488,0.08374844333748444,0.10798790250845046,0.05319338196050525,-0.8808010420044693,4.416605041459057,-3.7934857086943303,0.6505149304929158,-11.684289,8.152475
Sutton,E09000029,190146,149449,134854,3219,193,11183,7134,2298,838,2286,1712,22035,6454,2595,1183,2240,9563,9120,5471,2742,907,2408,976,1432,97658,10518,18731,13612,14327,11201,8987,7407,5417,7458,92668,67563,22127,6072,1716,97658.0,87,134,3539,334,503,9572,14020,5214,3586,5231,5825,1608,7574,5368,7080,9314,13318,5351,2011,0.7859697285243971,0.11588463601653466,0.04796314411031523,0.03751853838629264,0.012663952962460425,0.7092129205978563,0.01692909658893692,0.0010150095190011885,0.05881270181860255,0.0062215350309761976,0.011780421360428303,0.033942339044734045,0.013647407781389037,0.05029293279900708,0.028772627349510378,0.014420497933167145,0.00477001882763771,0.012022340727651383,0.004407139776803088,0.012085450127796535,0.009003607754041631,0.005132897878472332,0.007531055083988093,0.48735182438757585,0.3553217001672399,0.11636847475098082,0.03193335647344672,0.009024644220756682,0.10770238997317168,0.1918020029081079,0.1393843822318704,0.14670585103114953,0.11469618464437117,0.09202523090786213,0.07584632083393066,0.05546908599397899,0.07636855147555756,0.00089086403571648,0.001372135411333429,0.036238710602306004,0.003420098711831084,0.005150627700751602,0.09801552356181777,0.1435622273648856,0.053390403243973865,0.03671998197792296,0.053564480124516166,0.05964693112699421,0.016465624936001146,0.0775563701898462,0.05496733498535706,0.072497900837617,0.0953736509041758,0.13637387618013885,0.05479325810481476,-0.39066105074846197,5.193301941872146,-0.30574149434303716,1.4905105723322936,-14.257378,2.935757
Swale,E07000113,135835,131155,126130,780,730,3515,1575,533,225,441,376,1489,545,107,206,233,398,1395,993,277,125,221,47,174,62810,6558,8026,7336,7482,8477,6064,4853,5944,8070,60198,48719,19118,6008,1792,62810.0,932,45,6495,305,666,6677,10356,3939,2795,1409,2220,873,3094,3063,4468,5960,6826,2687,2011,0.9655464350130674,0.010961828689218538,0.0102698126403357,0.011594949755217727,0.0016269739021607097,0.9285530238892774,0.005742260831155446,0.005374167188132661,0.025876983104501785,0.0015165458092538742,0.001715316376486178,0.004012220708948356,0.0007877203960687599,0.0029300253984613687,0.00731033975043251,0.0020392387823462287,0.0009202341075569625,0.0032465859314609637,0.0016564213936025324,0.003923878234622888,0.002768064195531343,0.0003460080244414179,0.0012809658777192918,0.44317002245371223,0.35866308388854123,0.14074428534619207,0.04423013214561784,0.013192476165936615,0.10441012577615029,0.12778220028657858,0.11679668842540997,0.11912115905110651,0.1349625855755453,0.0965451361248209,0.07726476675688584,0.09463461232287852,0.1284827256806241,0.014838401528419042,0.0007164464257283871,0.10340710078013056,0.00485591466327018,0.010603407100780131,0.10630472854640981,0.1648782041076262,0.06271294379875816,0.04449928355357427,0.022432733641139947,0.03534469033593377,0.013899060659130711,0.04925967202674733,0.048766120044578885,0.07113516955898742,0.09488934882980417,0.10867696226715491,0.04277981213182614,-4.842681402967351,0.7070260384833694,-0.29745074684254064,2.0294730635931146,-16.177237,20.510004
Swansea,W06000011,239023,224697,218655,1101,85,4856,2160,548,280,781,551,7803,1477,591,1944,2052,1739,1983,1707,172,104,2380,1694,686,102793,8893,17694,11020,13457,11472,10013,11257,6690,12297,116295,69978,33402,14473,4875,102793.0,401,142,7389,404,785,7360,17486,4158,6873,3045,3539,1370,4269,4142,9736,11338,15621,4735,2011,0.9400643452722123,0.03264539395790363,0.008296272743627183,0.009036787254783012,0.009957200771473875,0.9147864431456387,0.004606251281257452,0.0003556143132669241,0.020316036532049216,0.008133108529304711,0.008584947892043861,0.0061793216552381985,0.0024725654016559077,0.0072754504796609535,0.007141572149960464,0.0007195960221401288,0.00043510457152658947,0.0032674679842525614,0.0011714353848792795,0.0022926663961208753,0.002305217489530296,0.00708718407851964,0.0028700166929542343,0.48654313601619925,0.29276680486815077,0.13974387402049177,0.06055065830484933,0.02039552679030888,0.08651367311003667,0.1721323436420768,0.10720574358176141,0.13091358360977887,0.11160293016061405,0.09740935666825562,0.10951134804899167,0.06508225268257566,0.11962876849590925,0.003901043845398033,0.0013814170225599019,0.07188232661757124,0.003930228712071834,0.007636706779644529,0.07160020623972449,0.17010885955269328,0.040450225209887836,0.0668625295496775,0.029622639673907755,0.03442841438619361,0.013327755781035674,0.04153006527681846,0.040294572587627565,0.09471462064537468,0.11029933944918428,0.1519656007704805,0.046063447900148845,-4.219381758381268,1.3680987378827651,1.2171282763318356,-3.542326063764957,-36.86182,8.808051
Swindon,E06000030,209156,187898,177028,1852,180,8838,4226,1506,568,1163,989,13365,6901,1292,936,954,3282,2861,1718,807,336,806,188,618,109499,10444,17031,13782,13094,11704,8890,10481,9633,14440,100931,73591,25056,7556,2022,109499.0,272,79,12360,961,1250,8117,19787,7119,5344,5357,8231,1029,5848,6379,5001,8007,9872,4486,2011,0.898362944405133,0.06389967297137066,0.013678785212951098,0.020205014438983343,0.0038535829715618964,0.8463921666124806,0.00885463481803056,0.0008606016561800761,0.04225554131844174,0.0044751286121363955,0.004561188777754403,0.0329945112738817,0.006177207443248102,0.015691636864350055,0.008213964696207615,0.003858364091874008,0.0016064564248694754,0.005560442922985714,0.0027156763372793514,0.00720036719003997,0.004728527988678307,0.0008988506186769684,0.002954732352884928,0.48256325422172924,0.3518474248885999,0.1197957505402666,0.03612614507831475,0.009667425271089521,0.09537986648279893,0.15553566699239263,0.1258641631430424,0.11958100073973278,0.10688682088420899,0.08118795605439319,0.09571776911204669,0.08797340614982785,0.13187335044155654,0.0024840409501456634,0.0007214677759614243,0.11287774317573676,0.008776335856948465,0.011415629366478233,0.07412853085416306,0.18070484661960384,0.06501429236796682,0.04880409866756774,0.04892282121297911,0.07516963625238586,0.00939734609448488,0.05340688042813176,0.05825623978301172,0.04567164996940611,0.07312395546991297,0.09015607448469849,0.04096841067041708,-3.1358886828309696,2.7203259882561466,0.07995017554281598,1.3611662173334222,-23.36314,7.713764
Tameside,E08000008,219324,199429,194115,1613,38,3663,3159,1310,506,849,494,14553,3668,4910,4296,951,728,1784,1188,371,225,399,154,245,101892,9069,12129,11311,13599,13334,10164,10505,10325,11456,96404,73918,33009,12492,3501,101892.0,110,44,13449,830,863,8690,18057,5431,4629,2431,4164,1711,5074,4870,5932,8489,12669,4449,2011,0.9092894530466342,0.06635388739946381,0.008134084733088945,0.014403348470755594,0.0018192263500574493,0.8850604584997538,0.0073544162973500395,0.00017325965238642373,0.016701318597143952,0.019587459648738852,0.004336050774197078,0.016724115919826376,0.02238697087414054,0.00331929018256096,0.0054166438693439845,0.0016915613430358739,0.001025879520709088,0.0038709853914756253,0.0023070890554613265,0.005972898542795134,0.0022523754810235084,0.0007021575386186647,0.0011170688114387846,0.43955061917528404,0.33702649960788605,0.15050336488482793,0.05695683098976856,0.01596268534223341,0.08900600635967496,0.11903780473442468,0.11100969654143603,0.1334648451301378,0.1308640521336317,0.09975267930750206,0.10309936010677972,0.10133278373179445,0.11243277195461862,0.0010795744513798925,0.00043182978055195695,0.13199269815098338,0.008145879951321006,0.008469752286734975,0.0852863816590115,0.17721705335060653,0.0533015349585836,0.045430455776704744,0.023858595375495624,0.04086680014132611,0.01679228987555451,0.049797825148196126,0.047795705256546146,0.05821850586895929,0.0833137047069446,0.12433753385938053,0.043663879401719466,-5.035595870907008,0.8775860983587849,1.7626436245208408,-0.7041898887136289,-33.81827,9.381583
Tamworth,E07000199,76813,74761,72984,504,9,1264,803,414,59,197,133,763,386,47,38,150,142,393,91,252,50,93,30,63,38281,3614,4417,4216,4817,4602,3131,3799,3992,5693,35029,27064,10314,3399,1007,38281.0,74,79,5250,190,291,3136,8169,3367,1913,967,1280,295,1486,2063,1557,2991,3445,1728,2011,0.9732857719396456,0.009933214429849114,0.005116321456003541,0.010453959616210798,0.0012107325582909143,0.9501516670355279,0.006561389348157213,0.0001171676669313788,0.016455547889029202,0.0004947079270435994,0.0019527944488563133,0.005025191048390247,0.0006118755939749781,0.0018486454115839766,0.0011846952989728301,0.0032806946740786065,0.0006509314829521045,0.0025646700428312917,0.0007680991498834833,0.005389712678843425,0.0017314777446525978,0.0003905588897712627,0.0008201736685196516,0.45602957832658536,0.3523361930923151,0.1342741463033601,0.04425032221108406,0.013109760066655384,0.09440714714871608,0.11538361066847784,0.11013296413364332,0.12583265849899428,0.12021629529009169,0.08178992189336746,0.09923983177032993,0.10428149734855412,0.1487160732478253,0.001933073848645542,0.0020636869465269977,0.13714375277552834,0.004963297719495311,0.007601682296700713,0.08192053499124892,0.21339567931872208,0.08795486011337217,0.049972571249444896,0.025260573130273505,0.033436953057652624,0.007706172775005878,0.03881821269036859,0.05389096418588856,0.04067291868028526,0.07813275515268671,0.08999242444032288,0.04513988662783104,-4.934449737079723,0.6123464906715432,0.8107064934922261,0.6949067888095216,-31.64575,12.285901
Tandridge,E07000215,82998,77880,74095,865,286,2634,1789,513,181,683,412,2164,746,139,102,418,759,882,400,373,109,283,47,236,41813,6527,7870,6536,5367,4700,4050,2432,1715,2616,41916,28514,9450,2403,715,41813.0,257,43,1912,149,256,4043,5602,1965,1488,2085,3477,744,3974,2251,2459,4166,4676,2266,2011,0.9383358635147835,0.02607291741969686,0.010626762090652787,0.021554736258705028,0.0034097207161618353,0.8927323549965059,0.010421937878021157,0.00344586616544977,0.03173570447480662,0.0012289452757897781,0.005036265934118894,0.00898816838959975,0.001674739150340972,0.009144798669847467,0.004819393238391287,0.004494084194799875,0.0013132846574616256,0.008229113954553122,0.002180775440372057,0.006180871828236825,0.004963975035543025,0.0005662787055109762,0.002843442010650859,0.5050242174510229,0.34355044699872284,0.11385816525699415,0.028952504879635653,0.008614665413624425,0.15609977758113505,0.1882189749599407,0.1563150216439863,0.12835720948030516,0.11240523282232798,0.09685982828306985,0.058163728983808866,0.04101595197665798,0.06256427426876808,0.006146413794752828,0.0010283883002893837,0.04572740535240236,0.0035634850405376318,0.006122497787769354,0.09669241623418554,0.13397747112142155,0.04699495372252649,0.03558701839140937,0.04986487456054337,0.08315595628153924,0.017793509195704684,0.09504221175232583,0.05383493171980006,0.05880946117236266,0.09963408509315284,0.1118312486547246,0.054193671824552175,-1.5285660528977822,3.639378743429481,-3.853111328172161,1.0747514425356963,-11.877959,13.38551
Teignbridge,E07000045,124220,122163,119480,499,118,2066,925,255,92,323,255,893,165,17,78,347,286,117,48,52,17,122,26,96,58962,7177,9643,6666,6063,8364,6334,5000,3756,5959,55819,43342,18237,5268,1554,58962.0,1017,275,3987,368,506,5379,10246,2303,3930,1351,1265,966,3624,2463,3624,5860,8802,2996,2011,0.9834406697794236,0.00718885847689583,0.0009418773144421189,0.0074464659475124775,0.00098212848172597,0.961841893414909,0.004017066494928353,0.0009499275478988891,0.016631782321687327,0.0006279182096280792,0.0027934310094992754,0.0013282885203670907,0.0001368539687650942,0.0023023667686362906,0.0003864112059249718,0.0004186121397520528,0.0001368539687650942,0.0026002254065367898,0.0007406214780228626,0.002052809531476413,0.002052809531476413,0.0002093060698760264,0.0007728224118499436,0.4493559813234584,0.348913218483336,0.14681210755111898,0.04240862985026566,0.012510062791820964,0.12172246531664462,0.16354601268613683,0.11305586649028188,0.10282894067365422,0.14185407550625828,0.10742512126454326,0.08480037990570198,0.06370204538516333,0.10106509277161561,0.017248397272819783,0.004664020894813609,0.06761982293680675,0.006241307961059666,0.00858179844645704,0.0912282487025542,0.17377293850276448,0.039059054984566334,0.06665309860588176,0.022913062650520673,0.0214544961161426,0.016383433397781623,0.061463315355652796,0.04177266714154879,0.061463315355652796,0.09938604524948272,0.14928258878599776,0.05081238763949662,-4.941057732530078,0.7153233269027682,-1.0098016437623758,-0.5548871516807968,-29.018229,20.113813
Telford and Wrekin,E06000020,166641,154415,149096,729,166,4424,2983,1423,278,799,483,6991,3076,2243,162,647,863,1779,1023,607,149,473,86,387,78372,7471,10919,8841,9051,9288,7307,6775,8431,10289,76439,57198,22609,8023,2372,78372.0,713,82,13240,408,823,4970,13099,3109,3768,3368,2091,977,2767,3568,6444,7292,8535,3118,2011,0.9266327014360212,0.04195246067894456,0.010675644049183574,0.017900756716534346,0.0028384371193163746,0.8947137859230322,0.0043746736997497615,0.0009961534076247743,0.026548088405614463,0.0009721497110555025,0.0038825979200796923,0.018458842661769913,0.013460072851219088,0.005178797534820362,0.006138945397591229,0.0036425609543869757,0.0008941376972053696,0.004794738389712016,0.001668256911564381,0.008539315054518395,0.002898446360739554,0.0005160794762393408,0.002322357643077034,0.4587046405146393,0.34324085909230023,0.13567489393366577,0.04814541439381665,0.014234192065578098,0.09532741285152861,0.13932271729699383,0.11280814576634512,0.11548767416934619,0.11851171336701884,0.0932348287653754,0.08644669014443934,0.10757668555096207,0.1312841320879906,0.009097636911141734,0.001046292043076609,0.16893788597968662,0.005205940897259225,0.01050119940795182,0.06341550553769203,0.16713877405195735,0.03966978002347777,0.04807839534527637,0.04297453172051243,0.02668044709845353,0.01246618690348594,0.0353059766243046,0.0455264635328944,0.08222324299494717,0.09304343387944675,0.1089036900934007,0.03978461695503496,-4.3305125052359825,0.9970919307985847,0.9018162421969528,0.23793429216257952,-30.812601,11.177898
Tendring,E07000076,138048,134667,131666,998,62,1941,1467,595,176,371,325,1275,323,34,111,367,440,434,239,134,61,205,47,158,54857,5846,5985,5465,6333,7729,7403,4939,4684,6473,53035,49451,25052,8048,2462,54857.0,676,28,3929,232,477,5353,9886,3981,2927,1241,1813,757,2271,2493,2690,5275,7976,2852,2011,0.9755085187760779,0.009235917941585535,0.0031438340287436254,0.01062673852573018,0.0014849907278627723,0.9537697032916087,0.007229369494668521,0.00044911914696337506,0.014060326842837274,0.0008040681502086231,0.002658495595734817,0.0023397658785350023,0.00024629114510894763,0.0031872971719981457,0.00173128187297172,0.0009706768660176171,0.0004418752897542884,0.0026874710245711636,0.0012749188687992583,0.004310095039406583,0.002354253592953176,0.00034046128882707463,0.0011445294390356978,0.38417796708391283,0.35821598284654615,0.18147311080203987,0.058298562818729714,0.017834376448771443,0.10656798585412983,0.10910184661939223,0.09962265526733143,0.11544561313961756,0.1408935960770731,0.13495087226789654,0.09003408863043914,0.08538563902510163,0.11799770311901854,0.012322948757679057,0.0005104179958801976,0.07162258235047488,0.0042291776801502085,0.008695335144101937,0.09758098328381064,0.1802140109739869,0.07257050148568095,0.053356909783619226,0.0226224547459759,0.033049565233242796,0.013799515102903915,0.04139854530871174,0.04544543084747617,0.04903658603277613,0.09615910458100152,0.145396211969302,0.051989718723225845,-6.157009192728648,-0.5936795852184324,1.8790136049535717,-0.7556094691596515,-22.147469,26.213728
Test Valley,E07000093,116398,111645,107743,537,153,3212,1494,378,246,565,305,2368,937,141,166,434,690,487,258,149,80,404,139,265,59611,7942,10859,7868,7445,6593,5098,4511,3702,5593,58222,40262,13530,3457,927,59611.0,897,42,5812,210,357,4436,9541,2439,2466,3007,3495,957,4063,2677,4611,5595,6245,2761,2011,0.9591659650509459,0.020343992164813827,0.0041839206859224385,0.012835272083712778,0.003470850014605062,0.9256430522861218,0.004613481331294352,0.0013144555748380556,0.02759497585869173,0.0014261413426347532,0.00372858640182821,0.00804996649426966,0.0012113610199487963,0.005927936906132408,0.002216532930119074,0.0012800907232083025,0.0006872970325950618,0.004854035292702624,0.002113438375229815,0.003247478479011667,0.002620319936768673,0.0011941785941339197,0.002276671420471142,0.5001975978968711,0.3458994140792797,0.11623911063763982,0.029699823021014107,0.007964054365195278,0.13323044404556206,0.1821643656372146,0.13198906242136518,0.12489305665061817,0.11060039254500008,0.08552112865075238,0.07567395279394742,0.06210263206455185,0.09382496519098824,0.015047558336548623,0.0007045679488684975,0.09749878378151683,0.0035228397443424872,0.005988827565382228,0.07441579574239654,0.160054352384627,0.04091526731643488,0.04136820385499321,0.05044371005351361,0.058630118602271394,0.016054083977789336,0.06815856133935012,0.04490781902668971,0.07735149552934861,0.09385851604569627,0.10476254382580397,0.0463169549244267,-2.7033763225844507,2.385065951155065,-2.7613043639492187,0.9710491600038852,-17.080534,12.631314
Tewkesbury,E07000083,81943,79901,77010,480,305,2106,776,294,54,258,170,901,387,55,63,158,238,255,132,79,44,110,31,79,41544,4936,7028,5392,5959,4976,3514,3045,2840,3854,39036,29183,10213,2703,808,41544.0,611,56,5132,385,280,2988,6117,1333,2132,1465,2113,522,2656,1827,3640,3866,4582,1839,2011,0.9750802387025127,0.010995448055355551,0.0031119192609496845,0.009469997437242961,0.0013423965439390796,0.9397996168068047,0.005857730373552347,0.0037220995081947207,0.025700792013960923,0.0007688271115287456,0.0019281695812943143,0.00472279511367658,0.0006711982719695398,0.002904457976886372,0.0016108758527268955,0.0009640847906471572,0.0005369586175756318,0.0031485300757843867,0.0006589946670246391,0.0035878598538008127,0.002074612840633123,0.00037831175329192243,0.0009640847906471572,0.47637992262914464,0.3561378031070378,0.1246354173022711,0.032986344166066654,0.009860512795479785,0.11881378779125747,0.16917003658771423,0.129790102060466,0.14343828230310032,0.11977662237627576,0.08458501829385712,0.07329578278451762,0.06836125553629886,0.09276911226651262,0.01470729828615444,0.0013479684190256115,0.1235316772578471,0.009267282880801078,0.006739842095128057,0.07192374350086655,0.14724147891392259,0.03208646254573464,0.05131908338147506,0.03526381667629501,0.05086173695359137,0.012564991334488735,0.06393221644521471,0.04397746967071057,0.08761794723666474,0.0930579626420181,0.11029270171384556,0.04426632004621606,-3.863209699418732,1.8071063607258175,-2.5296125173622173,1.7716115176632061,-16.143852,18.143515
Thanet,E07000114,134186,128194,121346,1026,187,5635,2186,720,329,598,539,2504,738,184,178,450,954,910,585,239,86,392,118,274,55200,5489,7794,5669,5717,7174,7447,5352,3970,6588,54640,47109,22377,7785,2275,55200.0,469,19,4120,343,356,5210,8950,2738,3200,1050,1537,731,2734,2517,2870,6533,9059,2764,2011,0.9553455651111145,0.01866066504702428,0.006781631466770006,0.016290820204790366,0.0029213181703009257,0.9043119252381023,0.007646103170226402,0.0013935880047098803,0.04199394869807581,0.0013265169242692978,0.0033535540220291237,0.005499828596127763,0.0013712309778963528,0.007109534526701742,0.004359620228637861,0.0017811098028110235,0.0006409014353211214,0.004456500678163147,0.0024518206072168484,0.005365686435246598,0.004016812484163772,0.000879376387998748,0.0020419417823021777,0.4071959816970474,0.3510723920528222,0.16676106300210156,0.05801648458110384,0.016954078666925016,0.09943840579710145,0.14119565217391306,0.10269927536231883,0.10356884057971015,0.12996376811594204,0.13490942028985506,0.09695652173913044,0.07192028985507247,0.11934782608695652,0.008496376811594203,0.00034420289855072465,0.0746376811594203,0.006213768115942029,0.006449275362318841,0.0943840579710145,0.1621376811594203,0.04960144927536232,0.057971014492753624,0.019021739130434784,0.027844202898550725,0.013242753623188407,0.049528985507246374,0.04559782608695652,0.051992753623188406,0.11835144927536231,0.16411231884057972,0.05007246376811594,-4.969224627545764,0.05874341833363488,1.8505560399744978,-0.9434715100533501,-21.731276,25.659855
Three Rivers,E07000102,87317,75294,69550,1747,79,3918,2002,516,181,775,530,7993,5231,605,158,590,1409,1610,864,598,148,418,128,290,43999,6612,9317,6639,5574,4319,3642,2634,2096,3166,44267,29873,9772,2672,733,43999.0,75,46,2241,136,301,3938,6658,2175,1681,2820,2416,799,4080,2300,2455,4482,4846,2550,2011,0.8623063091952312,0.09154002084359289,0.018438562937343243,0.0229279521742616,0.004787154849571103,0.796523013846101,0.020007558665551956,0.0009047493615218113,0.04487098732205642,0.0018094987230436227,0.006756988902504667,0.05990815076102019,0.006928776755958176,0.01613660570106623,0.009894980358922088,0.006848609091013205,0.0016949734874079504,0.008875705761764606,0.002072906765005669,0.005909502158800692,0.006069837488690633,0.0014659230161366058,0.003321231833434497,0.5069688605884307,0.3421212364144439,0.11191406026317899,0.030601142961851645,0.00839469977209478,0.15027614263960545,0.21175481260937748,0.15088979294983976,0.1266846973794859,0.09816132184822382,0.08277460851382985,0.059864996931748446,0.04763744630559785,0.07195618082229141,0.0017045841950953432,0.0010454783063251437,0.05093297574944885,0.0030909793404395552,0.00684106456964931,0.08950203413713947,0.1513216209459306,0.04943294165776495,0.038205413759403624,0.0640923657355849,0.054910338871337984,0.01815950362508239,0.09272938021318666,0.052273915316257184,0.05579672265278756,0.1018659514988977,0.1101388667924271,0.057955862633241664,-0.6672723788907211,4.579194663144003,-2.9175594373290936,0.7230321910906728,-12.67997,6.47357
Thurrock,E06000034,157705,135429,127587,1108,308,6426,3099,1056,670,683,690,5927,2234,534,682,828,1649,12323,9742,1336,1245,927,254,673,77420,7245,8731,8486,11476,9645,6392,7731,7988,9726,76012,54788,19389,5888,1628,77420.0,136,63,5677,506,922,7507,15458,7686,3256,2189,4873,999,3676,4077,3825,6122,7516,2932,2011,0.8587489299641736,0.037582828699153484,0.07813956437652579,0.019650613487207126,0.0058780634729399825,0.8090231761833804,0.007025775974128912,0.0019530135379347516,0.04074696426872959,0.0043245299768555215,0.005250309121460956,0.014165689103072192,0.0033860689261596016,0.010456231571605213,0.06177356456675438,0.008471513268444248,0.007894486541327161,0.004330870929900764,0.004248438540312609,0.006696046415776291,0.0043752576012174626,0.0016106020734916458,0.004267461399448337,0.4819885228749881,0.34740813544275706,0.1229447385942107,0.037335531530389016,0.010323071557655116,0.09358047016274865,0.11277447687935933,0.10960991991733403,0.14823043141307155,0.12458021183156807,0.08256264531128907,0.09985791785068458,0.103177473521054,0.12562645311289072,0.0017566520278997676,0.0008137432188065099,0.07332730560578662,0.006535778868509429,0.01190906742443813,0.09696460862826144,0.19966416946525445,0.09927667269439422,0.04205631619736502,0.028274347713769053,0.06294239214673211,0.012903642469646086,0.04748127098940842,0.052660811159907,0.04940583828468096,0.07907517437354689,0.0970808576595195,0.0378713510720744,-3.5042856374497804,2.832894609731496,1.2781183479683662,2.0995071390259605,-21.437922,6.617116
Tonbridge and Malling,E07000115,120805,115872,111662,760,350,3100,1677,474,199,667,337,2431,755,165,236,496,779,421,222,143,56,404,130,274,59993,7768,10283,8380,7652,6798,5229,4530,3544,5809,60306,41475,14263,3728,1033,59993.0,402,77,4070,247,635,5685,9643,2850,2408,2367,4286,871,4581,3137,3384,6153,6288,2909,2011,0.9591655974504366,0.020123339265758867,0.0034849550929183393,0.013881875750175904,0.0033442324407102356,0.9243160465212532,0.006291130334009354,0.002897231074872729,0.025661189520301313,0.0019535615247713257,0.00410579032324821,0.006249741318654029,0.001365837506725715,0.006448408592359588,0.0018376722817764165,0.0011837258391622864,0.0004635569719796366,0.005521294648400315,0.0016472828111419229,0.0039236786556847815,0.0027896196349488844,0.0010761143992384422,0.0022681180414717934,0.4992011920036422,0.34332188237241834,0.11806630520259923,0.030859649848930092,0.008550970572410083,0.1294817728735019,0.17140333038854533,0.13968296301235145,0.12754821395829513,0.11331321987565215,0.08716016868634674,0.07550880936109212,0.059073558581834544,0.0968279632623806,0.006700781757871752,0.0012834830730251864,0.06784124814561698,0.00411714700048339,0.01058456819962329,0.09476105545646993,0.1607354191322321,0.04750554231326988,0.04013801610187855,0.03945460303702099,0.0714416681946227,0.014518360475388795,0.07635890853932958,0.052289433767272846,0.05640658076775624,0.10256196556264897,0.10481222809327755,0.04848899038221126,-2.89154803927193,2.638921944086335,-2.7295653291727926,1.17820029749968,-13.824299,13.858624
Torbay,E06000027,130959,127699,124162,657,37,2843,1420,440,195,443,342,1353,403,79,99,261,511,251,140,73,38,236,100,136,56912,6758,7004,5799,5814,8077,7282,5379,3721,7078,54614,45098,21355,7625,2267,56912.0,331,61,3764,261,405,5116,10135,2216,5837,964,1133,954,2390,2257,3034,5024,9874,3156,2011,0.9751067127879718,0.01033147779075894,0.0019166303957727229,0.010843088294809827,0.0018020907306867035,0.9480982597606885,0.005016837330767645,0.00028253117387884755,0.021709084522636857,0.0007559617895677273,0.0019929901724967357,0.0030772990019777183,0.0006032422361197016,0.003901984590597057,0.00106903687413618,0.0005574263700852939,0.00029016715155124885,0.0033827381088737695,0.0014890156461182507,0.0033598301758565657,0.00261150436396124,0.0007635977672401286,0.001038492963446575,0.41703128460052385,0.3443673210699532,0.16306630319412946,0.0582243297520598,0.017310761383333716,0.11874472870396402,0.12306719145347203,0.10189415237559742,0.10215771717739668,0.14192086027551307,0.12795192578015183,0.09451433792521788,0.06538164183300534,0.12436744447568175,0.005815996626370537,0.001071830193983694,0.06613719426482992,0.004586027551307281,0.007116249648580264,0.08989316840033737,0.1780819510823728,0.038937306719145345,0.10256184987348889,0.01693843126229969,0.01990792802923812,0.01676272139443351,0.041994658420016866,0.03965771717739668,0.05331037391059882,0.08827663761596852,0.1734959235310655,0.055454034298566206,-5.449630037673153,-0.21689514346485003,1.3277778191903593,-1.5427819629844393,-22.739096,25.842987
Torfaen,W06000020,91075,89231,88209,307,155,560,603,237,103,138,125,977,172,64,80,208,453,169,47,88,34,95,14,81,40261,3178,5128,4293,4921,5378,4493,3781,4113,4976,39398,29619,14155,5965,1938,40261.0,115,30,5840,299,355,3536,6388,1631,1842,743,1203,855,1271,1617,3923,3571,5446,1596,2011,0.979752950864672,0.010727422454021411,0.0018556135053527313,0.006620916826791106,0.001043096349162778,0.9685314301399945,0.003370848202031293,0.0017018940433708482,0.006148778479275322,0.0008783969256107604,0.002283832006587977,0.0018885533900631349,0.0007027175404886082,0.00497392259127093,0.0005160581937963217,0.0009662366181718364,0.00037331869338457315,0.0015152346966785617,0.001130936041723854,0.0026022508921218776,0.001372495196266813,0.00015371946198188306,0.0008893768871808948,0.43258852594015923,0.3252154817458139,0.15542135602525392,0.06549547076585233,0.02127916552292067,0.07893494945480738,0.1273689178112814,0.10662924418171431,0.12222746578574799,0.13357840093390627,0.11159683067981421,0.09391222274657858,0.1021584163334244,0.12359355207272546,0.0028563622364074412,0.0007451379747149847,0.14505352574451702,0.007426541814659348,0.008817466034127319,0.0878269292864062,0.15866471274931074,0.04051066789200467,0.04575147164750006,0.018454583840441123,0.029880032786070886,0.021236432279377066,0.03156901219542485,0.040162936837137675,0.09743920916022951,0.08869625692357368,0.13526738034326022,0.03964134025483719,-6.141982790480104,-0.23886660842497195,1.8093468793244873,-1.8588628617475431,-37.496323,12.0657425
Torridge,E07000046,63839,63021,61985,211,54,771,429,141,53,125,110,271,39,3,17,126,86,51,11,34,6,67,31,36,29402,3047,3353,2410,2614,6360,3468,2256,2343,3551,27787,22242,9843,3128,839,29402.0,2190,43,3363,88,198,2927,4896,1042,1924,418,396,381,1390,1109,1126,2630,3912,1369,2011,0.9871865160795126,0.004245053963877881,0.0007988846943091214,0.00672003007565908,0.0010495151866413948,0.9709581917009978,0.003305189617631855,0.0008458779116214226,0.012077256849261423,0.0002662948981030405,0.0019737151271166527,0.0006109118250599163,4.699321731230126e-05,0.0013471388962859694,0.00017230846347843795,0.000532589796206081,9.398643462460252e-05,0.0019580507213458856,0.0008302135058506555,0.002208681213678159,0.0017230846347843795,0.0004855965788937797,0.0005639186077476151,0.435266843152305,0.3484077131534015,0.15418474600166043,0.04899826125095944,0.013142436441673585,0.10363240595877832,0.11403986123392966,0.08196721311475409,0.08890551663152166,0.21631181552275355,0.11795115978504864,0.07672947418542957,0.07968845656758043,0.12077409700020407,0.07448472893000477,0.0014624855452010067,0.11437997415141828,0.002992993673899735,0.006734235766274403,0.09955105094891505,0.1665192844024216,0.035439766002312766,0.06543772532480784,0.01421671995102374,0.013468471532548806,0.012958302156315897,0.04727569553091626,0.03771852254948643,0.03829671450921706,0.08944969729950343,0.13305217332154276,0.04656145840419019,-6.1916921492326376,-1.0624524079720017,0.002830677194460557,0.34564278560106726,-28.097696,24.545473
Tower Hamlets,E09000030,254096,114819,79231,3863,175,31550,10360,2837,1509,2961,3053,104501,6787,2442,81377,8109,5786,18629,9495,5341,3793,5787,2573,3214,120873,13279,31026,24655,11926,7246,7199,9518,4488,11536,128468,83209,27062,11228,4129,120873.0,35,112,2711,203,267,3731,12937,4468,11826,9784,18096,2044,16285,5882,4529,10961,9809,7193,2011,0.45187252062212707,0.4112658207921416,0.0733148101504943,0.040771991688180846,0.022774856747056232,0.3118152194446194,0.015202915433536931,0.0006887160758138656,0.12416566966815691,0.32026084629431395,0.031913135192997925,0.02671037718027832,0.009610540897928342,0.022770921226623008,0.037367766513443736,0.021019614633839178,0.014927429003211385,0.011653076002770607,0.005938700333732133,0.011165071469051067,0.012015143882627038,0.010126094074680436,0.012648762672375795,0.5055884390151754,0.3274707197279768,0.10650305396385618,0.04418802342421762,0.016249763868774008,0.10985910832030313,0.25668263383882256,0.2039744194319658,0.09866554151878418,0.05994721732727739,0.05955837945612337,0.07874380548178667,0.03712988012211164,0.09543901450282528,0.0002895601168168243,0.0009265923738138377,0.022428499334011733,0.0016794486775375808,0.002208930034002631,0.03086710845267347,0.10702969232169302,0.03696441719821631,0.09783822689930753,0.08094446236959453,0.1497108535404929,0.016910310822102537,0.13472818578177095,0.04866264591761601,0.03746907911609706,0.0906819554408346,0.0811512910244637,0.05950874057895477,3.7638699176523773,8.748164182792237,1.7676131813716878,-3.5883997373628644,-1.6999824,-5.511294
Trafford,E08000009,226578,193834,182200,5098,40,6496,6031,2658,669,1535,1169,17973,6306,7027,457,2232,1951,6540,1807,3802,931,2200,1259,941,110912,12978,24907,15518,14288,9595,8814,9879,5754,9179,115496,71694,27549,9273,2566,110912.0,136,101,8163,657,677,7212,17093,5340,5098,5315,5791,1837,10177,6187,5333,11557,15137,5101,2011,0.8554846454642552,0.07932367661467574,0.028864232184942933,0.026617765184616334,0.009709680551509855,0.8041380893114071,0.022499977932544202,0.00017653964639108828,0.028670038573912735,0.0020169654600181836,0.009850912268622726,0.027831475253555067,0.031013602379754434,0.00861072125272533,0.007975178525717413,0.01678009338947294,0.00410896026975258,0.006774708930258013,0.0029526255858909516,0.011731059502687815,0.005159371165779555,0.005556585370159504,0.004153095181350352,0.5097405749896283,0.31642083520906705,0.12158726796070228,0.04092630352461404,0.011325018315988313,0.11701168493941143,0.22456542123485285,0.13991272360069243,0.12882285054818235,0.08651002596653203,0.07946840738603578,0.08907061454125793,0.05187896710905943,0.08275930467397577,0.0012261973456433929,0.0009106318522792844,0.07359888920946336,0.00592361511829198,0.006103938257357184,0.06502452394691287,0.15411317080207732,0.0481462781304097,0.045964368147720716,0.04792087420657819,0.05221256491633006,0.016562680323139064,0.09175742931332949,0.05578296306982112,0.048083165031736874,0.10419972590882862,0.13647756780150028,0.0459914166185805,-0.92741512139867,4.491324763788018,-0.7892904343572057,-1.1540112088936532,-19.626936,3.6558447
Tunbridge Wells,E07000116,115049,109239,103115,880,322,4922,1893,414,222,787,470,2903,736,175,513,552,927,638,419,142,77,376,122,254,57234,8005,11764,8487,6302,6209,4756,4320,2393,4998,59156,38656,12788,3550,899,57234.0,716,63,2796,189,250,4452,8934,2002,2644,2953,5345,922,5460,2882,2146,5765,6790,2925,2011,0.9494997783553095,0.025232726925049326,0.005545463237403193,0.016453858790602266,0.003268172691635738,0.8962702848351572,0.007648914810211301,0.0027988074646454987,0.04278177124529548,0.00445896965640727,0.0047979556536779985,0.006397274204903997,0.0015210910133942929,0.008057436396665769,0.0036419264834983353,0.0012342567080113691,0.0006692800458934888,0.006840563585950334,0.0019296125998487601,0.0035984667402584984,0.0040852158645446725,0.0010604177350520213,0.0022077549565837165,0.5141809142191588,0.33599596693582734,0.11115263931020695,0.030856417700284227,0.007814061834522682,0.13986441625607157,0.20554216025439423,0.1482859838557501,0.11010937554600413,0.10848446727469686,0.08309745955201454,0.07547961002201489,0.04181081175525037,0.08732571548380333,0.012510046475870985,0.0011007443128210504,0.04885208093091519,0.0033022329384631514,0.004368032987385121,0.07778593143935424,0.15609602683719467,0.034979208162980044,0.04619631687458504,0.05159520564699305,0.09338854527029389,0.016109305657476324,0.09539784044449104,0.05035468427857567,0.03749519516371388,0.10072684068910089,0.11863577593737988,0.05110598595240591,-1.5361053955464783,3.234609591047031,-3.4828260361978365,0.50527478071929,-12.668662,13.256882
Uttlesford,E07000077,79443,76761,73325,622,122,2692,977,241,132,382,222,1122,284,40,186,202,410,417,197,159,61,166,40,126,40772,6301,7521,6094,4590,4786,3423,2480,2238,3339,41746,26483,8620,2067,527,40772.0,660,19,3513,80,224,3738,6118,2371,1554,1607,2340,645,3794,2060,2184,4277,3727,1861,2011,0.9662399456213889,0.014123333710962577,0.005249046486159889,0.012298125700187556,0.0020895484813010586,0.9229888095867478,0.00782951298415216,0.0015356922573417418,0.033885930793147286,0.0023413013103734752,0.0025427035736314088,0.003574890172828317,0.0005035056581448333,0.005160932995984542,0.0024797653663633044,0.0020014349911257126,0.0007678461286708709,0.004808479035283159,0.0016615686718779502,0.0030336215903226213,0.0027944564027038254,0.0005035056581448333,0.0015860428231562252,0.5254836801228554,0.33335850861624056,0.1085054693302116,0.026018654884634267,0.00663368704605818,0.15454233297360934,0.18446482880408124,0.14946531933679977,0.11257725890316884,0.11738447954478563,0.08395467477680761,0.06082605709800844,0.054890611203767294,0.08189443735897184,0.01618757971156676,0.0004660060826057098,0.08616207201020308,0.0019621308741293044,0.005493966447562052,0.09168056509369175,0.15005395859903856,0.05815265378200726,0.03811439222996174,0.0394143039340724,0.05739232806828216,0.01581968017266752,0.09305405670558227,0.05052487000882959,0.05356617286373001,0.10490042185813794,0.09141077209849897,0.045644069459432945,-1.846448490935212,2.820426005572665,-4.0244722884334685,0.8521736248030752,-14.328194,11.910182
Vale of Glamorgan,W06000014,126336,121838,119212,639,21,1966,1695,629,247,431,388,1967,566,216,121,454,610,489,165,252,72,347,174,173,58978,6581,10800,8288,7174,6463,6035,5194,3208,5235,60656,40486,17123,6191,1880,58978.0,402,80,4145,676,296,4424,8630,2811,3058,1575,2528,829,3477,2487,5747,6442,8567,2804,2011,0.9643965298885512,0.015569592198581561,0.003870630699088146,0.013416603343465046,0.002746643870314083,0.9436106889564336,0.005057940729483282,0.00016622340425531914,0.015561676798378925,0.0009577634245187437,0.0035935916919959472,0.004480116514690983,0.001709726443768997,0.004828394123606889,0.0013060410334346504,0.0019946808510638296,0.0005699088145896656,0.0034115374873353596,0.0019551038500506585,0.00497878672745694,0.003071175278622087,0.0013772796352583586,0.0013693642350557243,0.48011651469098277,0.32046289260385,0.13553539766970618,0.04900424265450861,0.01488095238095238,0.11158398046729288,0.18311912916680798,0.14052697616060225,0.12163857709654448,0.10958323442639628,0.10232629115941537,0.08806673674929635,0.05439316355251111,0.0887619112211333,0.006816100918986741,0.001356437993828207,0.07028044355522398,0.01146190104784835,0.005018820577164366,0.07501102105869985,0.14632574858421785,0.047661840008138626,0.05184984231408322,0.026704873003492828,0.042863440604971347,0.014056088711044796,0.05895418630675845,0.04216826613313439,0.09744311438163383,0.10922716945301637,0.14525755366407814,0.04754315168367866,-3.7486810081296773,1.822713389857934,-0.9356207733757084,-1.988476137728121,-32.323593,8.455518
Vale of White Horse,E07000180,120988,114824,108599,956,109,5160,1574,377,180,621,396,2962,842,350,185,649,936,1230,828,246,156,398,149,249,63181,8057,14651,8954,6904,6923,5030,3943,3362,5357,62738,41117,13063,3163,907,63181.0,601,111,4803,457,484,4923,8635,1974,2520,4016,1356,878,6973,2628,4834,8667,6178,3143,2011,0.949052798624657,0.02448176678678877,0.010166297484048004,0.013009554666578504,0.0032895824379277285,0.8976014150163653,0.007901610077032432,0.000900915793301815,0.042648857737957485,0.0015290772638608787,0.0053641683472741095,0.006959367871193838,0.0028928488775746353,0.007736304426885311,0.006843653916090852,0.0020332594968096008,0.0012893840711475518,0.005132740437068139,0.0014877508513240982,0.0031160115052732505,0.003273051872913016,0.0012315270935960591,0.002058055344331669,0.5185472939465071,0.33984362085496084,0.10796938539359276,0.02614308857076735,0.007496611234171984,0.12752251468004622,0.23188933381871132,0.1417198208322122,0.10927335749671578,0.10957408081543502,0.0796125417451449,0.06240800240578655,0.053212199870214145,0.08478814833573384,0.009512353397382125,0.001756857283043953,0.07601968946360456,0.007233187192352131,0.007660530855795255,0.07791899463446289,0.13667083458634716,0.03124357006061949,0.03988540858802488,0.06356341305139203,0.0214621484306991,0.013896582833446764,0.11036545796995932,0.04159478324179738,0.07651034329940963,0.1371773159652427,0.09778256121302291,0.0497459679333977,-1.8449211449816727,3.292319754342444,-3.56612313783022,0.2918071199154286,-14.761023,10.078593
Wakefield,E08000036,325837,310957,302331,908,302,7416,2928,1087,368,894,579,8498,1540,4896,32,853,1177,2512,1955,326,231,942,382,560,151828,13859,18471,16178,16765,18414,14824,13378,16322,23617,139288,110920,50595,19507,5527,151828.0,540,690,17348,1462,1301,13083,30557,9138,7234,3147,5190,2072,5939,7297,9214,12584,19139,5893,2011,0.954332994718218,0.026080524925039206,0.007709376160472874,0.008986088136092587,0.002891016060177328,0.927859635339142,0.002786669408323794,0.0009268437899931561,0.022759846180759092,9.82086135092086e-05,0.0026178733538548414,0.004726289525130664,0.015025917866908914,0.0036122355656355784,0.0059999324815782126,0.0010005002501250625,0.0007089434287695995,0.002743703139913515,0.0011293990553558988,0.0033360238401409295,0.001776962100682243,0.0011723653237661776,0.0017186507364111503,0.4274775424522077,0.34041560657629427,0.15527702501557528,0.05986735699137913,0.01696246896454362,0.09128092314988012,0.12165740179677002,0.10655478567853097,0.11042100271359696,0.1212819769739442,0.09763679953631742,0.08811286455726217,0.10750322733619622,0.15555101825750192,0.003556656216244698,0.004544616276312669,0.11426087414706115,0.009629317385462497,0.008568906920989541,0.08616987643912849,0.20126063703664673,0.06018652685934083,0.04764602049687804,0.020727402060226045,0.03418341807835182,0.013647021629738914,0.039116631978291225,0.048060963722106595,0.06068709328977527,0.08288326263930237,0.12605711726427274,0.03881365755987038,-5.7427417157812055,0.1436071636256469,1.8500985799738234,-1.0114444782579242,-35.581882,14.884446
Walsall,E08000030,269323,212469,207238,1181,287,3763,7224,4312,321,1754,837,41022,16502,14289,5194,993,4044,6369,1999,3197,1173,2239,222,2017,112270,10174,14172,11072,13100,15368,11095,10480,12165,14644,113525,94650,41653,14968,4527,112270.0,126,61,16284,554,1275,9783,21624,6714,5228,1941,3457,1633,3997,5060,5292,10827,13980,4434,2011,0.7889003167200722,0.15231524971873922,0.023648184521930914,0.026822811271224514,0.008313437768033179,0.7694775418363823,0.004385069229141217,0.0010656349439149273,0.0139720707106337,0.01928539337524088,0.003687022645670812,0.061272152768237394,0.05305525335749268,0.015015427572097444,0.007422314469985853,0.011870504932738756,0.004355365119206306,0.006512626103229208,0.0011918774111382986,0.01601051525491696,0.0031077925019400497,0.0008242890506937766,0.0074891487173394024,0.4215198850450946,0.3514367506674142,0.1546581613898553,0.055576389688218236,0.016808813209417687,0.0906208247973635,0.12623140643092545,0.09861939966153024,0.11668299634808943,0.13688429678453728,0.09882426293756123,0.09334639707847155,0.10835485882248151,0.13043555713903981,0.0011222944686915472,0.0005433330364300348,0.14504319942994567,0.00493453282265966,0.011356551171283513,0.08713814910483655,0.19260710786496837,0.0598022624031353,0.046566313351741336,0.017288679077224547,0.03079184109735459,0.014545292598200766,0.035601674534604076,0.04506992072681928,0.04713636768504498,0.09643716041685223,0.12452124343101452,0.03949407677919302,-4.376629560311139,0.9350317812595126,3.3484159450937043,1.0114129078961318,-30.082365,3.5551355
Waltham Forest,E09000031,258249,134799,92999,3959,369,37472,13766,4568,2403,2602,4193,54389,9134,26347,4632,2579,11697,44791,18815,18841,7135,10504,3776,6728,121021,10590,21634,15236,14957,13762,10438,10300,7995,16109,121652,91954,31133,10053,3457,121021.0,70,51,4216,244,622,11547,16551,6647,9290,5861,5728,2290,8280,8185,6632,13508,13666,7633,2011,0.5219729795662326,0.21060681745137444,0.17344113626771063,0.053305143485550766,0.040673923229131576,0.36011368872677146,0.015330165847689634,0.001428853548319645,0.14510027144345186,0.01793617787484172,0.009986485910884456,0.03536896561070904,0.10202169224275796,0.04529349581218127,0.07285604203694884,0.07295672006474371,0.027628374166018068,0.010075547243164543,0.009304973107349884,0.017688355037192786,0.016236268097843554,0.014621547421287207,0.026052375807844367,0.47106474758856764,0.35606720645578493,0.12055419382069243,0.03892754667007423,0.013386305464880793,0.08750547425653399,0.17876236355673808,0.12589550573867345,0.12359012072284975,0.11371580138984143,0.08624949388949026,0.08510919592467422,0.06606291470075441,0.1331091298204444,0.0005784120111385628,0.0004214144652580957,0.034836929128002576,0.0020161790102544187,0.0051396038704026575,0.09541319275167119,0.13676138851934788,0.054924351971971805,0.07676353690681782,0.0484296113897588,0.04733062856859553,0.018922335792961553,0.06841787788896142,0.06763289015955909,0.05480040654101354,0.1116169920922815,0.11292255063170854,0.06307169830029499,1.7975393555150152,7.2838535065038945,5.552656435324648,2.0780445418709554,-13.67153,-3.2123597
Wandsworth,E09000032,306995,219216,163739,7664,163,47650,15241,4642,2034,3887,4678,33338,8642,9718,1493,3715,9770,32756,14818,12297,5641,6444,2350,4094,178582,25675,51734,39143,17899,9291,10838,9133,4317,10552,176198,91935,27299,8749,2814,178582.0,77,497,4131,533,319,7443,18182,5402,9854,16301,19244,4428,30051,10225,7782,14792,17344,11977,2011,0.714070261730647,0.10859460251795632,0.10669880616948159,0.049645759702926756,0.020990569878988258,0.5333604781836838,0.024964575970292675,0.0005309532728546068,0.15521425430381602,0.004863271388784834,0.01210117428622616,0.028150295607420318,0.03165523868466913,0.03182462255085588,0.04826788709913842,0.04005602697112331,0.01837489209921986,0.012661443997459242,0.006625515073535399,0.015120767439209107,0.01523803319272301,0.007654847798824085,0.013335722080164172,0.5739442010456196,0.29946741803612437,0.08892327236599945,0.028498835485919968,0.009166273066336585,0.1437714887278673,0.2896932501595906,0.21918782408081441,0.10022846647478469,0.05202652003001422,0.06068920719893382,0.0511417724070735,0.024173768912880356,0.05908770200804112,0.0004311744744711113,0.0027830352443135365,0.02313223057195014,0.00298462331030003,0.0017862942513803184,0.04167833264270755,0.10181317266017852,0.03024940923497329,0.055179133395303,0.09128019621238423,0.10776002060678008,0.024795332116338713,0.16827563808222554,0.057256610408663804,0.043576620264080365,0.08283029644645037,0.09712065045749292,0.0670672296200065,4.795395929655599,9.724466942809451,-2.1718628061058354,-1.8989427057056842,-9.786936,-0.85097945
Warrington,E06000007,202228,193992,187968,1357,66,4601,2144,654,357,663,470,4911,1803,1179,152,849,928,694,389,214,91,487,237,250,100856,11178,18256,13081,11716,9610,8628,9885,6872,11630,100734,66223,24446,8466,2359,100856.0,248,85,8815,918,1856,7262,17648,6163,4744,5124,3332,1215,6825,5235,5691,8663,12627,4405,2011,0.9592736910813537,0.02428447099313646,0.0034317700812943807,0.010601894890915205,0.0024081729533002353,0.9294855311826256,0.00671024783907273,0.0003263643016792927,0.022751547757976144,0.0007516268765947347,0.004198231698874537,0.008915679332238859,0.005830053207271001,0.004588879878157328,0.0019235714144431038,0.0010582115236267974,0.0004499871432244793,0.0032784777577783493,0.0017653341772652649,0.003233973534822082,0.0023241094210495086,0.0011719445378483692,0.0012362284154518663,0.49812093280851316,0.32746701742587575,0.12088335937654529,0.041863639060862,0.011665051328203809,0.11083128420718648,0.1810105496946141,0.1296997699690648,0.11616562227334021,0.09528436582850797,0.08554771158879987,0.09801102562068692,0.06813674942492266,0.11531292139287698,0.0024589513762195607,0.0008427857539462203,0.08740184024748156,0.00910208614261918,0.01840247481557865,0.07200364876655826,0.17498215277226936,0.06110692472435948,0.04703736019671611,0.05080510827318157,0.033037201554691836,0.012046878718172444,0.06767073847862298,0.05190568731657016,0.056426985008328705,0.08589474101689537,0.12519830253034028,0.04367613230744824,-3.8382498887724954,2.429505403015022,-0.9727606031791062,-0.6912756829092205,-22.64878,12.267855
Warwick,E07000222,137648,122715,114739,2146,41,5789,2803,861,233,1070,639,9945,6745,480,69,1155,1496,973,474,389,110,1212,231,981,69608,8905,17365,9869,7464,6145,5472,4939,3168,6281,69660,46720,15719,4275,1274,69608.0,339,31,7205,1057,445,3762,10306,2211,3743,3896,1999,923,6705,3005,3407,8639,8339,3596,2011,0.8915131349529234,0.07224950598628385,0.007068755085435314,0.020363535975822387,0.008805067999535046,0.8335682320120888,0.015590491688945716,0.00029786121120539347,0.04205655004068348,0.0005012786237359061,0.008390968266883646,0.04900180169708241,0.0034871556433802163,0.010868301755201674,0.0034435661978379634,0.0028260490526560503,0.0007991398349412995,0.007773451121701732,0.0016927234685574799,0.0062550854353132625,0.004642275950249913,0.0016781936533767292,0.0071268743461583165,0.5060734627455539,0.33941648262234103,0.1141970824131117,0.03105747994885505,0.009255492270138324,0.1279306976209631,0.24946845190208022,0.14177968049649464,0.107229054131709,0.0882800827491093,0.07861165383289277,0.07095448798988623,0.045512010113780026,0.0902338811630847,0.00487012987012987,0.00044535110906792323,0.10350821744627055,0.015185036202735317,0.006392943339845995,0.05404551201011378,0.1480576945178715,0.03176359039190898,0.053772554878749566,0.0559705780944719,0.028717963452476725,0.013259970118377198,0.0963251350419492,0.04317032524997127,0.048945523503045624,0.12410929778186415,0.11979944833927135,0.051660728651879095,-1.2012515954132472,3.9379358551518155,-2.430069398582153,-0.17947948650788462,-15.932106,8.704916
Watford,E07000103,90301,64946,55875,2063,61,6947,3104,990,412,939,763,16170,4923,6082,362,822,3981,5229,3142,1558,529,852,294,558,47634,5038,9467,6925,5610,4775,4234,3991,2770,4824,45200,31453,9911,2931,806,47634.0,36,25,2607,132,292,3626,8208,2930,2397,3034,2196,694,3485,2722,2350,4391,5870,2639,2011,0.7192168414524757,0.17906778440991794,0.057906335478012425,0.03437392719903434,0.009435111460559684,0.6187639118060708,0.022845815660956136,0.0006755185435377238,0.07693159544191094,0.004008814963289443,0.009102889226032935,0.05451766868583958,0.06735252101305633,0.04408589052169965,0.03479474202943489,0.01725340804642252,0.005858185402155015,0.010398555940687258,0.0045625186875006924,0.01096333373938273,0.00844951883146366,0.0032557778983621443,0.006179333562197539,0.5005481666869691,0.3483128647523283,0.10975515221315378,0.03245811231326342,0.008925704034285335,0.10576478985598523,0.19874459419742202,0.14537935088382248,0.11777301927194861,0.10024352353361045,0.08888608976781291,0.08378469160683545,0.05815174035352899,0.10127220052903388,0.0007557626905151782,0.0005248352017466516,0.05472981483814082,0.0027711298652223202,0.00613007515640089,0.07612209766133433,0.17231389343746065,0.06151068564470756,0.05032119914346895,0.06369400008397363,0.046101524121425874,0.014569425200487048,0.07316202712348323,0.05714405676617542,0.049334508964185245,0.09218205483478188,0.12323130537011379,0.055401603896376536,0.24334937694658723,5.348212978832263,0.5888741516282416,1.6244376755781031,-15.028938,2.2027533
Waverley,E07000216,121572,116717,110190,1032,167,5328,1623,332,168,746,377,2283,533,246,169,623,712,538,353,147,38,411,162,249,59178,9368,14132,8980,6161,6134,4920,3541,1887,4055,65068,39777,12768,3078,881,59178.0,340,141,3072,206,222,4376,8105,1917,2508,4438,3241,1008,6998,3131,2639,7212,6058,3566,2011,0.9600648175566743,0.018778995163359985,0.004425361102885533,0.013350113512979963,0.003380712664100286,0.906376468265719,0.008488796762412397,0.0013736715691113086,0.04382588095943145,0.0013901227256276115,0.005124535254828415,0.004384233211594775,0.002023492251505281,0.0058566117198039025,0.0029036291251274965,0.0012091600039482776,0.00031257197380975884,0.006136281380581055,0.0013818971473694602,0.002730891981706314,0.003101043003323134,0.0013325436778205508,0.0020481689862797353,0.535221926101405,0.32718882637449415,0.10502418320007896,0.025318329878590465,0.007246734445431514,0.15830207171584035,0.23880496130318699,0.15174558112812195,0.10410963533745649,0.10365338470377505,0.08313900435972828,0.0598364256987394,0.031886849842847,0.06852208591030451,0.005745378350062523,0.002382642198114164,0.05191118320997668,0.0034810233532731757,0.003751394099158471,0.07394639899962824,0.13695968096251984,0.03239379499138193,0.04238061441752002,0.07499408563993376,0.054766974213390114,0.017033356990773598,0.11825340498158099,0.05290817533542871,0.04459427489945588,0.12186961370779682,0.1023691236608199,0.06025887998918517,-0.9644263374880828,3.783059674538185,-4.767589897827076,-0.35314204749495465,-11.244955,9.681393
Wealden,E07000065,148915,145173,139745,933,368,4127,1428,326,182,562,358,1719,459,52,217,411,580,343,215,110,18,252,79,173,71084,9961,12168,9574,8112,10005,7137,4898,3320,5909,70867,52009,19408,5198,1433,71084.0,1120,52,4403,246,452,7232,11175,2668,3423,2460,3637,1137,5501,3467,3310,7026,9538,4237,2011,0.9748715710304536,0.011543497968639828,0.00230332740153779,0.009589363059463452,0.0016922405399053151,0.9384212470201121,0.006265319141792298,0.0024712084074807778,0.027713796461068394,0.0014572071315851324,0.0027599637377027164,0.0030822952691132526,0.00034919249236141424,0.0038948393378773127,0.0014437766511096934,0.0007386764261491454,0.00012087432427895109,0.0037739650135983614,0.00122217372326495,0.0021891683174965586,0.0024040560051035824,0.0005305039787798408,0.0011617365611254742,0.47588892992646814,0.3492529295235537,0.13032938253366014,0.034905818755665986,0.009622939260652049,0.14012998705756569,0.1711777615215801,0.13468572393224917,0.1141185076810534,0.14074897304597378,0.10040234089246525,0.0689043948005177,0.046705306398064264,0.08312700467053064,0.015756006977660234,0.000731528895391368,0.06194080243092679,0.003460694389736087,0.006358674244555737,0.10173878791289179,0.15720837319227957,0.037533059478926344,0.048154296325474084,0.03460694389736087,0.051164819087277026,0.01599516065499972,0.07738731641438298,0.048773282313882164,0.046564627764335155,0.09884080805807215,0.13417928085082437,0.05960553711102358,-3.312024323110205,1.686298479385008,-2.851020395471918,0.7696609518821338,-18.862602,17.253637
Welwyn Hatfield,E07000241,110535,92936,84557,1711,155,6513,2797,859,425,819,694,8704,3526,734,465,1914,2065,4989,3931,719,339,1109,566,543,52981,6009,9960,7182,6297,5224,4601,5336,2829,5543,56252,37488,12427,3431,937,52981.0,131,43,3552,145,459,3857,10935,2431,2454,2835,2233,750,4033,2824,2537,5173,5899,2690,2011,0.8407834622517755,0.07874428913918669,0.045135025105170305,0.025304202288867778,0.010033021214999775,0.7649794182838016,0.015479259962907676,0.0014022707739629982,0.05892251323110327,0.0042068123218889945,0.01731578233138825,0.031899398380603426,0.00664043063283123,0.01868186547247478,0.035563396209345455,0.0065047270095444885,0.0030669018862803637,0.0074094178314561,0.00384493599312435,0.007771294160220744,0.006278554304066585,0.0051205500520197225,0.004912471162980051,0.5089066811417198,0.339150495318225,0.11242592843895599,0.031039942099787398,0.008476953001311802,0.11341801777995886,0.18799192163228326,0.13555803023725488,0.11885392876691644,0.09860138540231404,0.08684245295483287,0.10071535078613088,0.05339650063230215,0.10462241180800665,0.0024725845114286255,0.0008116117098582511,0.06704290217247692,0.0027368301844057303,0.008663483135463657,0.07279968290519243,0.20639474528604593,0.04588437364338159,0.04631849153470112,0.05350974877786376,0.04214718483984825,0.014156018195202054,0.07612162850833318,0.05330212717766747,0.04788509088163681,0.0976387761650403,0.11134180177799588,0.05077291859345803,-0.853565496591979,4.252458276658144,-0.5064846830299845,0.4786477954176144,-16.792158,3.4356768
West Berkshire,E06000037,153822,145854,139044,1284,164,5362,2420,776,262,831,551,3808,1675,473,225,659,776,1376,701,514,161,364,139,225,81679,10688,16533,11596,9536,9129,7166,5953,4198,6880,79432,53069,16456,3818,1047,81679.0,762,136,6414,557,754,6317,12911,3012,3607,8668,2878,1286,6774,4107,4641,7889,6794,4172,2011,0.9481998673791785,0.02475588667420785,0.008945404428495275,0.015732469997789652,0.0023663715203286915,0.9039279166829192,0.008347310527752857,0.0010661673882799599,0.034858472780226496,0.0014627296485548232,0.0042841726151005705,0.010889209605908128,0.0030749827722952503,0.0050447920323490785,0.004557215482830805,0.0033415246193652403,0.001046664326299229,0.00540234816866248,0.0017032674129838384,0.0050447920323490785,0.0035820623837942555,0.0009036418717738685,0.0014627296485548232,0.5163890730844742,0.3450026654184707,0.10698079598496964,0.024820896880810288,0.00680656863127511,0.13085370780739236,0.20241432926456004,0.14197039630749642,0.11674971534911054,0.111766794402478,0.08773368919795786,0.07288287075013161,0.05139631973946792,0.08423217718140526,0.00932920334480099,0.0016650546652138248,0.07852691634324613,0.0068193782979713265,0.009231258952729587,0.07733934058938038,0.15807000575423302,0.03687606361488265,0.044160677775193134,0.10612274880936348,0.03523549504768667,0.015744561025477784,0.08293441398645919,0.05028220227965573,0.05681999045042177,0.09658541363141077,0.0831792749666377,0.05107800046523586,-2.217494995982812,3.5128671195152577,-3.367794433630155,0.9014142937844624,-13.529134,9.276121
West Devon,E07000047,53553,52730,51603,233,21,873,402,126,56,130,90,300,57,4,17,93,129,59,26,23,10,62,27,35,25241,3043,4337,2640,2329,4375,2515,1629,1637,2736,24556,18599,7646,2120,632,25241.0,1462,68,2102,99,227,2053,3684,938,1979,577,406,380,1432,925,1557,2649,3463,1240,2011,0.9846320467574179,0.005601927062909641,0.0011017123223722293,0.007506582264298919,0.0011577315930013257,0.9635874740910874,0.004350830018859821,0.00039213489440367486,0.016301607753067056,0.00031744253356487964,0.0017365973895019887,0.0010643661419528318,7.469236083879521e-05,0.002408828637051146,0.00048550034545216886,0.0004294810748230725,0.00018673090209698803,0.0024275017272608443,0.0010456930517431329,0.0023528093664220494,0.0016805781188728923,0.0005041734356618677,0.0006535581573394581,0.4585364031893638,0.34730080481018805,0.14277444774335704,0.039586951244561464,0.011801393012529644,0.12055782259023018,0.17182362030030507,0.10459173566815895,0.09227051226179628,0.17332910740461946,0.09963947545659839,0.06453785507705717,0.06485479973059705,0.10839507151063746,0.05792163543441227,0.0026940295550889424,0.08327720771760232,0.003922190087555961,0.00899330454419397,0.08133592171467058,0.1459530129551127,0.037161760627550416,0.07840418366942672,0.02285963313656353,0.016084941167148686,0.015054871043144092,0.05673309298363773,0.03664672556554811,0.061685353195198286,0.1049482984033913,0.13719741690107365,0.049126421298680716,-4.9225614243136,0.507073585672899,-1.617240530502801,-0.0294806477240632,-27.089474,22.781244
West Lancashire,E07000127,110685,108603,105775,584,8,2236,866,266,140,248,212,913,411,85,13,190,214,174,115,48,11,129,63,66,51694,5751,8787,5469,5824,6071,5300,3897,4268,6327,52675,36226,14800,5380,1604,51694.0,1394,49,5450,123,449,3801,8782,2672,2538,1174,1885,548,2549,2148,2843,5923,7118,2248,2011,0.9811898631250847,0.008248633509508966,0.0015720287301802412,0.00782400505940281,0.0011654695758232822,0.9556398789357184,0.005276234358765867,7.22771829967927e-05,0.02020147264760356,0.00011745042236978813,0.0017165830961738265,0.003713240276460225,0.0007679450693409225,0.0019334146451642047,0.0010389845055788951,0.0004336630979807562,9.938112662058997e-05,0.002240592672900574,0.0012648507024438723,0.0024032163346433574,0.0019153453494150066,0.0005691828160997425,0.0005962867597235397,0.4759000767945069,0.32728915390522656,0.13371278854406649,0.04860640556534309,0.014491575190856936,0.11125082214570356,0.16998104228730607,0.10579564359500135,0.11266297829535342,0.11744109567841529,0.10252640538553798,0.075385924865555,0.08256277324254266,0.12239331450458467,0.02696637907687546,0.0009478856346964832,0.1054280961039966,0.00237938638913607,0.008685727550586142,0.07352884280574148,0.16988431926335745,0.05168878399814292,0.049096606956319885,0.022710566023136147,0.03646458002863002,0.010600843424768832,0.04930939760900685,0.04155221108832746,0.05499671141718575,0.11457809416953611,0.13769489689325648,0.04348667156729988,-4.2993831657897035,0.5915174021136297,-0.48474005621887956,-1.0191478701239687,-26.557695,16.64215
West Lindsey,E07000142,89250,87600,85977,411,161,1051,630,222,58,205,145,728,370,64,0,130,164,224,127,74,23,68,38,30,41968,4997,6610,4669,4436,5819,4425,3055,3523,4434,39293,32075,13100,3790,992,41968.0,1724,126,4686,452,472,3555,6608,1932,1735,673,647,479,2000,1493,3186,4531,5916,1753,2011,0.9815126050420168,0.00815686274509804,0.0025098039215686275,0.007058823529411765,0.0007619047619047619,0.963327731092437,0.004605042016806723,0.001803921568627451,0.011775910364145659,0.0,0.0014565826330532213,0.004145658263305322,0.0007170868347338936,0.0018375350140056022,0.00142296918767507,0.0008291316526610644,0.000257703081232493,0.0022969187675070026,0.000649859943977591,0.002487394957983193,0.0016246498599439775,0.0004257703081232493,0.0003361344537815126,0.44025770308123247,0.35938375350140056,0.14677871148459384,0.04246498599439776,0.01111484593837535,0.11906690812047274,0.15750095310712925,0.11125142966069386,0.10569958063286314,0.138653259626382,0.10543747617232177,0.07279355699580634,0.08394491040792985,0.10565192527640106,0.041078917270301184,0.0030022874571101793,0.11165650019062143,0.010770110560426992,0.011246664125047654,0.08470739611132291,0.1574532977506672,0.04603507434235608,0.041341021730842545,0.016036027449485322,0.01541650781547846,0.011413457872664888,0.04765535646206634,0.03557472359893252,0.07591498284407168,0.10796321006481129,0.14096454441479223,0.04176991993900114,-5.372888053640289,0.3282631201250362,-1.117676504067234,0.7011642440083711,-27.332212,20.799221
West Northamptonshire,E06000062,375101,336933,314924,4011,214,17784,8823,3819,1241,1947,1816,16063,6471,1789,3474,2005,2324,11598,6837,3298,1463,1684,579,1105,192068,22933,30345,23793,23601,21238,17106,14496,13834,24722,179280,134488,45306,12478,3549,192068.0,1674,85,20051,978,1199,14286,34991,12751,8672,6870,9257,2082,11134,9781,9222,17904,21951,9180,2011,0.8982460723911693,0.04282313296952021,0.030919672301593436,0.023521664831605355,0.004489457506111687,0.8395712088210908,0.010693119986350343,0.0005705130084963783,0.047411230575231736,0.00926150556783373,0.005345227018856254,0.01725135363542086,0.0047693821130842095,0.006195664634325155,0.018227090836867937,0.008792298607575027,0.003900282857150474,0.005190601997861909,0.0033084422595514276,0.010181257847886302,0.004841362726305715,0.0015435842613056216,0.0029458732448060655,0.47795127179079766,0.3585381004049576,0.12078346898568652,0.033265707102886954,0.009461451715671245,0.11940042068434097,0.1579909198825416,0.12387800154112086,0.1228783555823979,0.1105754212049899,0.08906220713497304,0.0754732698835829,0.07202657392173605,0.1287148301643168,0.00871566320261574,0.00044255159630964035,0.10439531832475998,0.0050919466022450385,0.006242580752650103,0.07437990711622967,0.1821802694878897,0.0663879459358144,0.04515067580232001,0.035768581960555636,0.048196472082804004,0.010839910864902014,0.05796905262719453,0.05092467251181873,0.0480142449549118,0.0932169856509153,0.11428764812462253,0.04779557240144116,-2.387619782789483,2.605677525645515,-0.3576414801808619,1.4496572301476296,-24.148811,7.564986
West Oxfordshire,E07000181,104779,101469,96995,708,182,3584,1263,320,136,473,334,1424,354,95,152,310,513,437,270,109,58,186,53,133,56515,7384,10416,8344,6036,7307,4998,3666,3381,4983,53984,35438,11685,2942,730,56515.0,750,89,5130,199,369,4565,8493,1825,2559,2970,1263,893,4497,2308,5186,6644,5689,3086,2011,0.9684097004170683,0.013590509548669104,0.004170683056719381,0.012053942106719858,0.001775164870823352,0.9257103045457582,0.0067570791857146945,0.001736989282203495,0.034205327403391904,0.0014506723675545671,0.00295860811803892,0.0033785395928573473,0.0009066702297216045,0.004896019240496665,0.0025768522318403496,0.0010402847898911042,0.000553546034987927,0.0045142633542980945,0.0012979700130751391,0.0030540470895885625,0.003187661649758062,0.0005058265492131057,0.0012693383216102463,0.5152177440135906,0.33821662737762337,0.11152043825575736,0.028078145429904847,0.006967044923123908,0.1306555781650889,0.18430505175617093,0.1476422188799434,0.10680350349464744,0.1292931080244183,0.08843669822171105,0.06486773422985048,0.059824825267628064,0.08817128196054146,0.01327081305848005,0.0015748031496062992,0.09077236132000353,0.00352118906485004,0.006529240024772185,0.08077501548261523,0.1502786870742281,0.03229231177563479,0.045280014155533926,0.052552419711581,0.022348049190480404,0.015801114748296912,0.07957179509864638,0.04083871538529594,0.09176324869503671,0.11756170928072193,0.100663540652924,0.054604972131292576,-2.4636452005639073,2.453365785359775,-3.439710036375067,0.7170561226166506,-15.941671,13.530462
West Suffolk,E07000245,170756,161522,147381,1311,186,12644,3148,679,496,822,1151,3087,899,258,222,403,1305,2198,825,432,941,801,86,715,88023,9502,11521,12889,9105,11402,9435,6297,7506,10366,81282,60850,21316,5730,1578,88023.0,1678,42,10562,340,563,6752,13682,4064,4444,2111,1868,1101,4912,3967,6309,6630,10258,8740,2011,0.9459228372648691,0.018078427698001828,0.012872168474314227,0.01843566258286678,0.004690903979947996,0.8631087633816674,0.007677621869802525,0.0010892735833587107,0.07404717843004052,0.0013001007285249127,0.0023600927639438733,0.005264822319567102,0.001510927873691115,0.007642484012274825,0.004831455410058797,0.002529925741994425,0.005510787322261004,0.004813886481294947,0.0029047295556232284,0.003976434210218089,0.006740612335730516,0.0005036426245637049,0.004187261355384291,0.47601255592775654,0.356356438426761,0.12483309517674342,0.03355665393895383,0.009241256529785191,0.1079490587687309,0.130886245640344,0.14642763823091692,0.1034388739306772,0.12953432625563774,0.10718789407313997,0.07153812071844859,0.08527316724038035,0.11776467514172433,0.019063199391068243,0.00047714801813162467,0.11999136589300524,0.0038626268134464856,0.006396055576383446,0.07670722424820786,0.15543664723992592,0.04616975108778387,0.05048680458516524,0.023982368244663328,0.021221726139758926,0.01250809447530759,0.05580359678720334,0.045067766379241786,0.07167444872362905,0.07532122286220647,0.11653772309510015,0.09929223043977142,-3.0504290954498745,1.9441953463275423,-0.7296098138190994,1.077042326447545,-20.968618,16.593626
Westminster,E09000033,219396,135330,77334,4960,76,52960,11395,1869,1927,3584,4015,31862,7213,2328,6299,5917,10105,16472,9141,4449,2882,24337,15724,8613,111179,22143,29593,25137,9684,4255,6036,5303,2183,6845,118808,65807,22027,9263,3491,111179.0,77,466,2440,343,206,3210,10977,2875,7269,8995,18921,3322,18640,4801,4498,7007,8053,9079,2011,0.6168298419296614,0.14522598406534304,0.07507885285055334,0.05193804809568087,0.11092727305876132,0.35248591587813816,0.022607522470783424,0.000346405586245875,0.24138999799449398,0.028710641944246933,0.026969498076537403,0.03287662491567759,0.010610950062899962,0.04605826906598115,0.04166438768254663,0.02027840070010392,0.013136064467902787,0.016335758172437053,0.008783204798628963,0.00851884264070448,0.01830024248391037,0.07166949260697551,0.03925778045178581,0.5415230906671042,0.29994621597476706,0.10039836642418276,0.04222045980783606,0.015911867126109865,0.1991653099955927,0.26617436746148104,0.22609485604295776,0.08710278020129701,0.038271616042597975,0.054290828303906316,0.047697856609611525,0.01963500301315896,0.061567382329396736,0.0006925768355534769,0.004191439030752211,0.021946590633123163,0.003085114994738215,0.0018528678977144965,0.02887235898865793,0.09873267433598072,0.025859200028782413,0.06538105217711979,0.08090556669874707,0.17018501695464072,0.029879743476735714,0.1676575612300884,0.04318261542197717,0.04045728060155245,0.06302449203536639,0.07243274359366426,0.08166110506480541,7.017507057215649,11.688057483246302,-0.4287785600668767,-5.863810017693249,-7.8261814,-1.3062565
Westmorland and Furness,E06000064,225309,221901,217171,716,90,3924,1204,348,147,431,278,1712,401,94,145,529,543,275,171,81,23,217,87,130,110390,12484,16582,10713,10383,18951,10809,9181,8024,13263,102209,78060,32210,10118,2712,110390.0,3836,499,13021,828,744,9527,18104,4243,11213,1832,1753,1283,5025,3972,5409,10488,13198,5415,2011,0.9848741062274476,0.0075984536791694965,0.001220546005707717,0.005343772330443968,0.0009631217572311803,0.963880714929275,0.0031778579639517284,0.00039945142004979827,0.017416081914171204,0.0006435606211913417,0.002347886680070481,0.0017797779937774344,0.00041720481649645596,0.002410023567633783,0.0007589576980946167,0.00035950627804481845,0.00010208202956828179,0.0019129284671273673,0.0006524373194146706,0.00154454549085922,0.0012338610530427101,0.000386136372714805,0.0005769853845163752,0.45363922435410925,0.34645753165652504,0.14295922488671114,0.04490721631182065,0.012036802790833922,0.11308995380016305,0.15021288160159435,0.09704683395235075,0.09405743273847268,0.171673158800616,0.09791647794184256,0.08316876528671076,0.0726877434550231,0.12014675242322674,0.03474952441344325,0.004520336987045928,0.11795452486638282,0.00750067940936679,0.006739740918561464,0.08630310716550413,0.1640003623516623,0.0384364525772262,0.10157622973095388,0.016595706132801886,0.01588006159978259,0.011622429567895642,0.0455204275749615,0.0359815200652233,0.04899900353292871,0.09500860585197934,0.11955793097200833,0.04905335628227195,-5.424217352971215,0.11465429956102417,-0.5786576638784635,-0.32331732491130555,-28.557251,21.810793
Wigan,E08000010,317849,309193,303519,1459,151,4064,2756,1015,429,783,529,3519,1019,676,109,891,824,1678,1310,216,152,703,304,399,149908,13429,20108,16630,17337,19155,15395,13809,15513,18532,144283,103934,46797,18112,4723,149908.0,274,129,17662,841,1561,15106,26920,8344,6855,3566,4210,1850,6351,8018,9278,12716,19334,6893,2011,0.9727669427935907,0.01107129486013799,0.0052792363669541195,0.008670783925700568,0.0022117420536166546,0.9549156989639734,0.00459022995195832,0.0004750683500655972,0.012785945527593292,0.00034293013349106024,0.002803217880188391,0.003205924825939361,0.002126796057247309,0.0025924259632718683,0.004121453897920082,0.0006795679709547615,0.00047821449807927663,0.0024634338947110107,0.0013496974978684847,0.0031933402338846432,0.00166431229923643,0.0009564289961585533,0.001255313057458101,0.45393567385771233,0.3269917476537601,0.1472302885961573,0.05698303282376223,0.01485925706860805,0.08958161005416655,0.13413560316994425,0.1109347066200603,0.11565093257197748,0.1277783707340502,0.10269632040985137,0.09211649811884623,0.10348346986151506,0.12362248845958855,0.0018277877097953412,0.0008605277903780986,0.11781892894308509,0.005610107532620007,0.010413053339381487,0.10076847132908184,0.1795768071083598,0.0556608052939136,0.04572804653520826,0.02378792325959922,0.028083891453424766,0.012340902420151026,0.042365984470475224,0.05348613816474104,0.06189129332657363,0.0848253595538597,0.12897243642767564,0.045981535341676226,-5.18582187958675,0.3353886616085862,0.9782314281635048,-1.091077911914783,-34.54075,11.648966
Wiltshire,E06000054,470981,454971,439725,2381,757,12108,5568,1968,656,1667,1277,6178,1547,215,595,1210,2611,3228,1418,1151,659,1036,288,748,239216,29672,39957,34876,26074,29613,21914,17595,15323,24192,234318,160362,57221,14974,4106,239216.0,4105,245,21693,951,1685,17274,35563,8512,12266,10236,7601,3401,16091,10678,29723,22352,25598,11242,2011,0.9660071213063797,0.01311730197184175,0.0068537796641478105,0.0118221329522847,0.0021996641053460757,0.933636388729057,0.00505540563207433,0.0016072835209912926,0.02570804342425703,0.0012633206010433543,0.0025691057601049724,0.003284633562712721,0.00045649399869633807,0.005543748049284366,0.003010737163494918,0.0024438353139510935,0.001399207186701799,0.003539420910822305,0.0013928375029990594,0.004178512508997178,0.0027113620294661567,0.0006114896354630017,0.0015881744698830738,0.4975105152861793,0.3404850726462426,0.12149322371815424,0.03179321458827426,0.0087179737611496,0.12403852585111363,0.16703314159587987,0.1457929235502642,0.10899772590462177,0.12379188683031235,0.09160758477693799,0.0735527723898067,0.06405507992776403,0.10113035917329945,0.017160223396428333,0.0010241789846832988,0.0906837335295298,0.003975486589525784,0.007043843221189218,0.07221088890375225,0.1486648050297639,0.03558290415356832,0.05127583439234834,0.04278977994782958,0.03177463045950104,0.014217276436358771,0.06726556752056718,0.044637482442645975,0.12425172229282322,0.09343856598220855,0.10700789244866564,0.046995184268610796,-3.1318346660927,2.009443101571967,-2.450466633862787,0.589826491236586,-16.731638,13.988944
Winchester,E07000094,116595,111577,107070,733,263,3511,1626,321,180,684,441,2639,665,92,222,745,915,457,250,147,60,296,110,186,57318,8238,14540,8176,5891,5488,4388,3704,2006,4887,62025,38219,12354,3135,862,57318.0,922,60,3482,220,322,3812,7444,2004,3047,3703,2159,965,5290,2535,4545,6817,7160,2831,2011,0.9569621338822419,0.02263390368369141,0.003919550581071229,0.01394570950726875,0.0025387023457266607,0.918306959989708,0.006286718984519062,0.002255671340966594,0.03011278356704833,0.0019040267592949954,0.0063896393498863585,0.005703503580771045,0.0007890561344826107,0.007847677859256401,0.0021441742784853554,0.001260774475749389,0.0005146018268364853,0.005866460825935932,0.0015438054805094559,0.002753119773575196,0.0037823234272481667,0.0009434366825335563,0.0015952656631931044,0.5319696384922167,0.3277927869977272,0.10595651614563231,0.026887945452206356,0.007393112912217505,0.143724484455145,0.25367249380648316,0.14264279981855613,0.10277748700233784,0.09574653686451028,0.0765553578282564,0.06462193377298579,0.03499773195156844,0.08526117450015702,0.016085697337660073,0.0010467915837956664,0.06074880491294184,0.0038382358072507764,0.005617781499703409,0.06650615862381799,0.129871942496249,0.03496283889877525,0.05315956593042325,0.06460448724658921,0.03766705049024739,0.016835897972713634,0.09229212463798457,0.0442269444153669,0.07929446247252173,0.11893297044558429,0.12491712899961617,0.04939111622875885,-1.292688567935317,3.437785146840523,-4.291426160623261,0.038088250284819464,-10.404249,10.36238
Windsor and Maidenhead,E06000040,144560,124505,112081,2055,219,10150,3315,679,358,1399,879,13848,5860,4238,393,1071,2286,1725,1039,473,213,1167,379,788,73951,12111,16413,13022,7920,6356,5583,4367,2874,5305,78802,46571,14234,3872,1081,73951.0,229,209,5524,499,446,4166,10216,4491,3796,7874,2482,1300,7667,4070,3606,7281,5688,4407,2011,0.8612686773657997,0.09579413392363033,0.011932761483121196,0.022931654676258992,0.008072772551189817,0.775325124515772,0.014215550636413946,0.0015149418926397344,0.07021306032097399,0.0027185943552850028,0.00740868843386829,0.04053680132816823,0.029316546762589928,0.015813503043718872,0.007187327061427781,0.0032719977863862756,0.001473436635307139,0.009677642501383508,0.002476480354178196,0.004697011621472053,0.006080520199225235,0.00262174875484228,0.0054510237963475375,0.5451162147205313,0.32215688987271723,0.09846430547869396,0.026784726065301606,0.007477863862755949,0.16377060485997486,0.2219442603886357,0.17608957282524915,0.1070979432326811,0.08594880393774255,0.07549593649849225,0.05905261592135333,0.03886357182458655,0.07173669051128449,0.003096645075793431,0.002826195724195751,0.07469811091127909,0.006747711322362105,0.006031020540628254,0.05633459993779665,0.1381455287960947,0.060729401901258945,0.05133128693323958,0.10647590972400643,0.03356276453327203,0.01757920785384917,0.10367675893497046,0.05503644305012779,0.048762018093061625,0.09845708644913524,0.07691579559438007,0.05959351462454869,0.14361323401350767,5.452189185392449,-3.9533259599658037,0.0014343193738643682,-10.394457,7.2694817
Wirral,E08000015,319783,310156,303682,2667,77,3730,3286,964,558,949,815,5116,1344,226,851,1653,1042,695,389,189,117,530,208,322,139929,13034,24738,16816,18013,15208,15277,11971,10685,14187,148028,102085,45687,18448,5535,139929.0,204,187,14043,642,1151,9701,20296,6228,6780,3411,4948,2312,8798,6289,10779,14484,22874,6802,2011,0.9698952101894097,0.015998348880334478,0.002173348802156462,0.0102757182214189,0.0016573739066804676,0.9496502315632789,0.008340030583239259,0.00024078828455546418,0.011664159758336122,0.0026611796124246753,0.005169130316495874,0.004202850057695375,0.0007067292507731806,0.0032584596429453723,0.0012164499050918904,0.0005910257893634121,0.00036587310770115985,0.00296763742913163,0.0017449332828824546,0.0030145442378112655,0.0025486032715935493,0.0006504410803576176,0.00100693282632285,0.462901405015276,0.3192321042707086,0.14286875787643497,0.05768912043479484,0.01730861240278564,0.09314723895689957,0.17678965761207469,0.12017523172466037,0.12872956999621238,0.10868368958543262,0.1091767968040935,0.08555052919694989,0.07636015407813963,0.10138713204553738,0.001457882211693073,0.001336392027385317,0.10035803871963639,0.004588041077975259,0.008225600125778073,0.06932801635114952,0.145044987100601,0.04450828634521793,0.04845314409450507,0.024376648157279763,0.035360790114986884,0.016522665065854827,0.0628747436199787,0.04494422171243988,0.07703192333254721,0.10350963703020817,0.16346861622680073,0.048610366685962164,-4.366446420120109,1.1681595786934502,0.22822544164552588,-2.3766409300240197,-35.65437,9.167884
Woking,E07000217,99198,82926,74335,1089,151,7351,2335,411,299,975,650,11462,2328,5682,450,870,2132,1383,1012,270,101,1092,549,543,51341,6879,11765,7692,6010,4594,4342,3760,2456,3843,51360,34291,10184,2602,761,51341.0,90,191,3038,180,272,3275,7593,2787,2089,4217,2970,688,5509,2937,2714,4222,5321,3248,2011,0.83596443476683,0.11554668440895986,0.013941813343010949,0.023538781023810965,0.011008286457388253,0.7493598661263332,0.010978043912175649,0.0015222081090344563,0.07410431661928668,0.004536381781890764,0.008770338111655477,0.023468215084981554,0.05727938063267404,0.02149236879775802,0.010201818585052118,0.0027218290691344584,0.0010181656888243714,0.009828827194096655,0.0030141736728563078,0.004143228694126898,0.006552551462731104,0.005534385773906732,0.005473900683481522,0.5177523740397992,0.3456823726284804,0.10266336014839009,0.02623036754773282,0.0076715256355974915,0.1339864825383222,0.22915408737656065,0.14982177986404627,0.11706043902534037,0.08948014257610876,0.0845717847334489,0.07323581543016303,0.047837011355446914,0.0748524571005629,0.0017529849438070936,0.003720223602968388,0.059172980658732784,0.0035059698876141873,0.005297910052394772,0.06378917434409147,0.14789349642585847,0.05428410042655967,0.04068872830681132,0.08213708342260571,0.05784850314563409,0.013400596014880894,0.10730215617148088,0.05720574199957149,0.05286223486102725,0.08223447147503944,0.10364036539997273,0.06326327886094933,-0.3649565355819998,4.809985731062662,-2.5720591569028195,0.7324419833987448,-11.729494,7.0965796
Wokingham,E06000041,154380,136525,129119,1367,291,5748,3182,890,337,1273,682,11438,5331,2865,222,1203,1817,2093,1203,712,178,1142,500,642,81377,11531,20883,13298,9495,6765,6132,5431,2864,4978,83759,51808,14566,3310,937,81377.0,264,249,5348,638,559,5387,11852,3044,2615,10267,3491,1050,8061,3766,4197,9351,7170,4068,2011,0.8843438269205856,0.07408990801917346,0.013557455628967484,0.020611478170747505,0.007397331260525975,0.8363712916180852,0.008854773934447467,0.0018849591916051303,0.03723280217644773,0.0014380101049358725,0.00779246016323358,0.03453167508744656,0.018558103381267003,0.011769659282290451,0.00779246016323358,0.004611996372587123,0.0011529990931467807,0.008245886772898043,0.0021829252493846354,0.005764995465733903,0.004417670682730923,0.0032387614976033163,0.004158569762922658,0.5425508485555124,0.3355875113356652,0.09435159994817982,0.021440601114133956,0.006069439046508615,0.14169851432222863,0.25662042100347765,0.16341226636518918,0.11667915995920224,0.08313159738009511,0.0753529867161483,0.06673875910883911,0.03519421949690944,0.06117207564791034,0.003244159897759809,0.0030598326308416382,0.06571881489855856,0.007840053086252873,0.006869262813817172,0.06619806579254581,0.1456431178342775,0.0374061466999275,0.03213438686606781,0.12616586996325743,0.042899099254088996,0.012902908684271968,0.09905747324182508,0.04627843248092213,0.05157476928370424,0.11490961819678779,0.08810843358688573,0.04998955478820797,-0.27217974809850565,5.0192016001437,-4.43220663924344,0.6443699263950747,-10.43105,7.9579573
Wolverhampton,E08000031,249470,169682,160945,1526,209,7002,12784,8495,554,2160,1575,44960,32162,4415,432,1376,6575,17309,4081,9507,3721,4735,359,4376,104284,8560,14253,10304,11795,12332,10704,9577,11410,15349,104263,88168,39096,13796,4147,104284.0,193,39,14013,609,1020,7586,18153,6322,5367,2239,3483,1509,3673,4932,5674,10168,14942,4362,2011,0.6801699603158696,0.18022207079007496,0.06938309215536938,0.051244638633903876,0.018980238104782138,0.645147713151882,0.006116967972100854,0.0008377760853008378,0.028067503106585963,0.0017316711428227844,0.005515693269731832,0.12892131318394998,0.017697518739728225,0.026355874453842146,0.0163586804024532,0.03810879063614864,0.014915621116767547,0.008658355714113922,0.002220707900749589,0.034052190644165634,0.0063133843748747346,0.0014390507876698602,0.017541187317112277,0.4179380286206758,0.35342125305647976,0.15671623842546198,0.05530123862588688,0.01662324127149557,0.08208354109930574,0.13667484944958,0.09880710367841664,0.11310459897970926,0.11825399869586897,0.1026427831690384,0.09183575620421158,0.10941275746998581,0.14718461125388363,0.001850715354225001,0.00037397875033562194,0.13437344175520693,0.005839822024471635,0.009780982701085498,0.07274366153964175,0.17407272448314218,0.060622914349276975,0.05146522956541751,0.02147021594875532,0.03339917916458901,0.014470100878370603,0.03522112692263434,0.04729392811936635,0.05440911357446972,0.09750297265160524,0.14328180737217597,0.04182808484523033,-2.656451793710537,2.6055989810832445,5.604614752664103,1.8522598900851845,-29.237204,2.2213912
Worcester,E07000237,98768,92294,88016,583,113,3582,1395,474,199,439,283,4366,806,1923,449,391,797,473,226,186,61,240,61,179,50101,4878,9078,6085,5463,5195,4591,4859,3968,5984,46851,34497,12625,3780,1015,50101.0,122,34,5929,421,371,3110,8762,2347,2819,1664,1023,919,2672,2190,3459,5394,6542,2323,2011,0.9344524542361898,0.04420460068038231,0.004789000485987364,0.01412400777579783,0.0024299368216426373,0.8911388303904099,0.00590272152924024,0.0011440952535234084,0.03626680706301636,0.004546006803823101,0.00395877207192613,0.008160537826016523,0.019469868783411632,0.008069415195204925,0.0022881905070468167,0.001883201036773044,0.0006176089421675037,0.004444759436254658,0.00201482261461202,0.004799125222744209,0.002865300502186943,0.0006176089421675037,0.0018123278794751336,0.4743540417949133,0.34927304390085856,0.12782480155515957,0.03827150494087154,0.010276607808196987,0.09736332608131575,0.18119398814394921,0.12145466158360113,0.10903973972575398,0.10369054509890022,0.09163489750703578,0.09698409213388955,0.07920001596774516,0.11943873375780922,0.0024350811361050677,0.0006786291690784616,0.1183409512784176,0.008403025887706831,0.007405041815532624,0.06207460928923574,0.17488672880780823,0.04684537234785733,0.05626634198918185,0.03321290992195765,0.0204187541166843,0.018342947246561946,0.05333226881698968,0.043711702361230315,0.06904053811301171,0.10766252170615356,0.1305762360032734,0.046366339993213705,-3.5782946019297417,1.7420127021755676,-0.3012193455428221,0.5246677168464768,-24.044647,10.4843
Worthing,E07000229,104640,98136,93594,815,99,3628,1836,437,337,658,404,3372,783,171,544,474,1400,869,605,169,95,427,151,276,50611,5437,8604,6735,6159,5668,5968,4665,2785,4590,46272,37777,15082,4355,1154,50611.0,165,26,4266,611,741,3699,7972,2100,2238,1840,2831,747,2807,2387,3115,4086,8468,2512,2011,0.9378440366972477,0.03222477064220183,0.008304663608562692,0.01754587155963303,0.00408065749235474,0.8944380733944954,0.007788608562691131,0.0009461009174311927,0.03467125382262997,0.005198776758409786,0.004529816513761468,0.007482798165137615,0.0016341743119266056,0.013379204892966361,0.005781727828746177,0.0016150611620795107,0.0009078746177370031,0.00628822629969419,0.003220565749235474,0.004176223241590214,0.00386085626911315,0.0014430428134556575,0.0026376146788990827,0.44220183486238535,0.36101873088685016,0.1441322629969419,0.04161888379204893,0.0110282874617737,0.10742723913773686,0.17000256861156665,0.13307383770326608,0.12169291260793108,0.1119914643061785,0.11791902945999881,0.0921736381419059,0.05502756317796526,0.09069174685345083,0.0032601608346011736,0.000513722313331094,0.08428997648732489,0.012072474363280709,0.01464108592993618,0.07308687834660449,0.15751516468751853,0.04149295607674221,0.04421963604749955,0.03635573294343127,0.055936456501551046,0.014759637233012586,0.05546225128924542,0.04716366007389698,0.06154788484716761,0.0807334373950327,0.1673154057418348,0.049633478887988774,-3.9980320816804715,2.101331122475828,-0.3887293904881021,0.12261982784313141,-20.330729,21.220936
Wrexham,W06000006,134844,130647,125477,492,104,4574,1010,264,180,326,240,2321,857,181,206,426,651,625,526,57,42,241,96,145,63614,5339,9079,6279,6674,8472,6711,5408,7723,7929,63642,43813,19009,6531,1849,63614.0,829,67,11643,543,586,4379,9647,2725,3108,1163,1779,543,2475,2802,3843,5637,9264,2581,2011,0.9688751446115511,0.017212482572454096,0.004634985613004657,0.007490136750615526,0.001787250452374596,0.9305345436207766,0.003648660674557266,0.000771261606003975,0.03392067871021329,0.001527691258046335,0.0031592061938239746,0.006355492272551986,0.0013422918335261487,0.004827801014505651,0.0039008038919047193,0.00042271068790602476,0.00031147103319391296,0.0024176084957432294,0.0013348758565453413,0.001957817922933167,0.0017798344753937885,0.0007119337901575154,0.0010753166622170804,0.4719676070125478,0.32491619946011685,0.14097030642816885,0.04843374566165347,0.013712141437512978,0.08392806614896092,0.14272015594051624,0.09870468764737322,0.10491401263872732,0.133178231206967,0.105495645612601,0.0850127330461848,0.12140409343855126,0.12464237432011821,0.013031722576791272,0.0010532272770144937,0.1830257490489515,0.008535856886848808,0.009211808721350646,0.06883704844845474,0.15164900807998238,0.04283648253529097,0.04885716980538875,0.018282139151759046,0.02796554217625051,0.008535856886848808,0.03890653000911749,0.044046907913352404,0.06041123023233879,0.08861256956015971,0.1456283208098846,0.040572829880215044,-4.942721539161519,0.08343839091597514,0.797838212672443,-0.6618873031384841,-30.712828,14.6598015
Wychavon,E07000238,116944,114457,109834,539,462,3622,962,339,83,341,199,1129,463,84,94,188,300,228,91,118,19,168,43,125,58268,8077,9410,6963,6446,7526,5088,4289,4402,6067,54212,41641,15608,4339,1144,58268.0,1491,58,7300,347,457,4583,10199,2313,2896,1803,1630,920,3951,2852,3271,5237,6278,2682,2011,0.9787334108633192,0.009654193460117663,0.0019496511150636203,0.00822615952934738,0.0014365850321521412,0.9392016691749897,0.004609043644821453,0.003950608838418388,0.030972089205089617,0.0008038035298946505,0.001607607059789301,0.003959159939800247,0.0007182925160760706,0.002565330414557395,0.0007781502257490765,0.001009029963059242,0.0001624709262553017,0.0029159255712135723,0.0007097414146942126,0.002898823368449856,0.0017016691749897387,0.00036769735941989326,0.0010688876727322479,0.463572308113285,0.3560764126419483,0.1334655903680394,0.03710322889588179,0.009782459980845534,0.1386181094254136,0.16149516029381478,0.11949955378595456,0.11062675911306377,0.12916180407770989,0.08732065627788838,0.07360815541978444,0.0755474703096039,0.10412233129676667,0.025588659298414224,0.0009954005629161805,0.12528317429807098,0.005955241298826114,0.007843069952632663,0.07865380654904922,0.17503604036520903,0.03969588796595044,0.049701379831125145,0.030943227843756436,0.02797418823367886,0.015789112377291137,0.06780737282899704,0.04894624836960253,0.056137159332738384,0.0898778059998627,0.10774352989634105,0.04602869499553786,-4.027404916576766,1.0619103202567775,-2.187352210415297,1.7164527411747426,-16.918047,18.890018
Wyre,E07000128,107749,105852,104251,490,96,1015,664,234,79,226,125,993,235,70,78,315,295,130,78,33,19,110,45,65,48558,5209,7397,5120,6816,6703,5137,3917,3456,4803,46601,36224,17189,5944,1791,48558.0,883,102,4315,230,380,4313,7636,1987,3119,1135,1252,497,2286,1626,5252,4802,6495,2248,2011,0.9823942681602613,0.00921586279223009,0.0012065077170089747,0.006162470185338147,0.00102089114516144,0.9675356615838662,0.0045476060102645965,0.0008909595448681659,0.009420041021262378,0.0007239046302053848,0.002923461006598669,0.0021809947192085307,0.0006496580014663709,0.0027378444347511345,0.0007239046302053848,0.000306267343548432,0.00017633574325515782,0.00209746726187714,0.0007331854587977614,0.002171713890616154,0.001160103574047091,0.00041763728665695273,0.0006032538585044873,0.43249589323334786,0.3361887349302546,0.15952816267436357,0.05516524515308727,0.016621964008946718,0.10727377569092632,0.1523332921454755,0.10544091601795791,0.14036821944890646,0.13804110548210388,0.10579101280942378,0.08066641953951975,0.07117261831212159,0.09891264055356482,0.018184439227315788,0.0021005807487952553,0.0888628032456032,0.0047366036492442025,0.007825692985707813,0.08882161538778369,0.15725524115490752,0.04092013674368796,0.06423246426953334,0.023374109312574654,0.02578359899501627,0.010235182668149429,0.04707772148770543,0.03348572840726554,0.10815931463404588,0.09889204662465505,0.13375756826887433,0.046295152189134645,-5.493354915818537,0.20689371211664578,-0.09642649135739234,-1.1615799836722174,-32.47388,16.676065
Wyre Forest,E07000239,97975,95273,92822,459,375,1617,998,461,75,275,187,1390,299,133,512,168,278,214,85,105,24,100,14,86,46339,5320,6262,5154,4837,6486,4825,3893,4244,5318,42730,34481,14881,4548,1335,46339.0,337,26,7072,212,482,3653,8565,2217,2209,1131,955,815,2198,2055,2207,4155,5754,2296,2011,0.9724215361061496,0.014187292676703241,0.002184230671089564,0.010186272008165348,0.0010206685378923194,0.9474049502424088,0.004684868588925747,0.003827507017096198,0.016504210257718806,0.005225822914008676,0.0017147231436590968,0.0030517989282980353,0.001357489155396785,0.0028374585353406483,0.0008675682572084715,0.0010717019647869354,0.0002449604490941567,0.0028068384792038787,0.0007655014034192396,0.0047052819596835925,0.0019086501658586374,0.00014289359530492472,0.0008777749425873947,0.4361316662413881,0.3519367185506507,0.15188568512375605,0.04642000510334269,0.013625924980862465,0.11480610285073048,0.13513455188933726,0.11122380716027536,0.10438291719717732,0.1399684930619996,0.10412395606292756,0.08401130796952891,0.09158592114633463,0.11476294266168886,0.007272491853514318,0.000561082457541164,0.1526144284511966,0.0045749800384125685,0.010401605559032348,0.07883208528453355,0.1848335095707719,0.04784306955264464,0.04767042879647813,0.024407086903040637,0.02060899026737737,0.01758777703446341,0.047433047756749176,0.04434709424027277,0.0476272686074365,0.08966529273398217,0.12417186387276376,0.04954789701978895,-4.992668725704794,0.10078812161114113,-0.11405201877727893,0.9219568920909729,-16.705372,20.890007
York,E06000014,198051,186731,178613,1103,269,6746,2413,529,305,873,706,6740,1531,417,370,2449,1973,1194,903,205,86,973,498,475,98721,10375,19864,11950,10260,9902,8993,10228,5587,11562,98402,67709,23752,6369,1819,98721.0,498,64,6571,310,467,6750,16026,4619,7805,3170,4730,1075,6164,4136,6089,12027,13113,5107,2011,0.9428430050845489,0.03403163831538341,0.006028750170410652,0.012183730453267087,0.00491287597638992,0.9018535629711539,0.005569272561107998,0.0013582360099166377,0.0340619335423704,0.0018682056641976057,0.012365501815189016,0.007730332086179822,0.0021055182755956798,0.009962080474221287,0.004559431661541724,0.0010350869220554302,0.0004342315868134975,0.004407955526606783,0.0015400073718385668,0.002671029179352793,0.003564738375468945,0.0025145038399200207,0.0023983721364698994,0.49685182099560216,0.341876587343664,0.11992870523249062,0.03215838344668798,0.009184502981555256,0.1050941542326354,0.20121352093272962,0.12104820656192705,0.10392925517367126,0.10030287375533067,0.09109510641099665,0.10360510934856819,0.05659383515158882,0.11711793843255235,0.005044519403166499,0.0006482916502061365,0.06656131927350817,0.0031401626806859735,0.004730503135097902,0.06837450998267845,0.16233628103443037,0.046788423942221005,0.07906119265404524,0.0321106957992727,0.047912804773047275,0.010889273812056198,0.06243858956047852,0.04189584789457157,0.061678872782893204,0.1218281824535813,0.13282888139301668,0.0517316477750428,-2.5510732679089845,2.16178238740415,-1.1455163053615494,0.01593668874367132,-20.74982,11.070708
Adur,E07000223,64543,60294,57390,488,105,2311,1627,306,316,535,470,1395,303,89,369,269,365,530,359,110,61,697,208,489,29825,3733,5345,4216,2823,3820,3115,2411,1807,2555,29272,22573,9108,2800,791,,71,13,1749,325,281,3406,4493,1388,1158,1219,1414,464,1698,1512,1465,2952,4717,1500,2021,0.9341679190617108,0.021613497978092124,0.008211579876981238,0.02520800086763863,0.010799002215577213,0.8891746587546286,0.007560850905597818,0.001626822428458547,0.03580558697302574,0.005717118820011465,0.00416776412624142,0.0046945447221232355,0.00137892567745534,0.005655144632260663,0.005562183350634461,0.0017042901631470493,0.0009451063631997273,0.00828904761166974,0.004895960832313341,0.004741025362936337,0.00728196706071921,0.003222657763041693,0.007576344452535519,0.4535271059603675,0.3497358350247122,0.14111522550857566,0.04338193142556125,0.012255395627721054,0.12516345347862531,0.17921207041072926,0.14135792120704108,0.09465213746856664,0.1280804694048617,0.10444258172673931,0.0808382229673093,0.06058675607711651,0.08566638725901089,0.0,0.0,0.0,0.0,0.0,0.0,0.0,0.0,0.0,0.0,0.0,0.0,0.0,0.0,0.0,0.0,0.0,0.0,1.9333221609245899,-3.300134879676419,-0.47825332965770073,-0.2211028371637142,23.318727,-12.657627
Amber Valley,E07000032,126204,122767,119934,453,66,2314,1548,619,169,467,293,1208,496,112,37,282,281,381,180,149,52,300,26,274,60171,7635,10404,7440,5461,7697,5428,4428,5454,6224,56072,44733,18298,5613,1492,,402,107,8684,406,521,6578,9230,3126,2400,1676,781,739,2965,2630,3717,5604,8010,2592,2021,0.9727663148553136,0.009571804380209818,0.0030189217457449844,0.012265855281924504,0.0023771037368070743,0.9503185319007321,0.0035894266425786823,0.0005229628220975563,0.018335393489905233,0.0002931761275395392,0.0022344775125986496,0.003930144844854363,0.0008874520617413078,0.0022265538334759597,0.0014262622420842446,0.0011806281892808468,0.00041203131437989287,0.0037003581502963456,0.0013391017717346518,0.004904757376945263,0.0023216379829482424,0.00020601565718994644,0.002171088079617128,0.44429653576748757,0.35444993819530285,0.14498748058698616,0.04447561091566036,0.011822129251053849,0.12688836815077031,0.17290721443884927,0.12364760432766615,0.09075800634857323,0.12791876485350084,0.09020956939389407,0.0735902677369497,0.09064167123697463,0.1034385335128218,0.0,0.0,0.0,0.0,0.0,0.0,0.0,0.0,0.0,0.0,0.0,0.0,0.0,0.0,0.0,0.0,0.0,0.0,0.5632821864871242,-4.440121385133562,-0.6611626012769993,0.13001335602965947,30.891884,-13.921655
Arun,E07000224,164887,158002,146178,1018,216,10590,2484,580,420,784,700,2630,727,108,523,433,839,857,500,221,136,914,121,793,73191,9715,10532,8549,6840,9244,8594,5833,5525,8359,71215,60303,24419,7110,1842,,955,31,5920,302,782,7194,12307,3107,4199,2174,1887,1164,3555,4443,3746,5855,11942,3627,2021,0.958244130828992,0.01595031749015993,0.005197498893181391,0.015064862602873484,0.005543190184793222,0.8865344144777939,0.006173925172997265,0.0013099880524237812,0.06422580312577705,0.0031718692195261,0.0026260408643495243,0.004409080157926337,0.0006549940262118906,0.005088333222146075,0.003032379750980975,0.0013403118499335908,0.0008248072922668252,0.0047547714495381685,0.002547198990824019,0.003517560511137931,0.004245331651373365,0.0007338358997373959,0.004809354285055826,0.43190184793222025,0.36572319224681143,0.14809536227840886,0.04312044005894946,0.011171287002613911,0.13273489909961608,0.14389747373310927,0.11680397863125247,0.09345411321064065,0.12629968165484828,0.11741880832342774,0.079695590987963,0.0754874233170745,0.11420803104206802,0.0,0.0,0.0,0.0,0.0,0.0,0.0,0.0,0.0,0.0,0.0,0.0,0.0,0.0,0.0,0.0,0.0,0.0,0.6858811043578626,-4.352039092480673,0.09777939864621836,0.666568833681297,33.163948,-14.7506485
Ashfield,E07000170,126299,120147,115972,313,67,3795,2059,956,267,449,387,1968,873,209,56,356,474,1575,959,395,221,550,100,450,58430,5645,8128,6422,5599,7766,6339,5161,5640,7730,53556,43876,19912,6947,2009,,186,92,7572,664,472,6296,10873,3234,2231,1423,817,651,1899,2445,3153,5004,9323,2107,2021,0.951290192321396,0.015582071116952628,0.012470407525000197,0.016302583551730417,0.004354745484920704,0.9182337152313161,0.002478246066873055,0.0005304871772539766,0.030047743845952858,0.0004433922675555626,0.0028187079866032194,0.006912168742428681,0.0016548032842698675,0.0037529988360952976,0.007593092581889009,0.003127499030079415,0.0017498159130317737,0.003555055859507993,0.0021140309899524146,0.007569339424698533,0.003064157277571477,0.0007917719063492189,0.003562973578571485,0.4240413621643877,0.34739784162978327,0.15765762199225647,0.05500439433408024,0.015906697598555807,0.09661132979633749,0.13910662330994353,0.1099092931713161,0.0958240629813452,0.1329111757658737,0.10848879000513435,0.08832791374294027,0.09652575731644703,0.13229505391066232,0.0,0.0,0.0,0.0,0.0,0.0,0.0,0.0,0.0,0.0,0.0,0.0,0.0,0.0,0.0,0.0,0.0,0.0,-0.2725395964373671,-4.929426396960364,1.8174688593320096,-0.5669047450375566,29.776539,-22.076557
Ashford,E07000105,132747,116896,109673,776,686,5761,2877,775,438,898,766,7668,1720,404,336,578,4630,3424,2504,572,348,1882,298,1584,63616,9171,11751,8251,5811,7322,5812,4895,4350,6253,64334,45779,16551,4748,1335,,993,31,4237,470,420,6985,9806,3217,2817,2300,2058,809,3796,3880,3555,5634,10032,2574,2021,0.8805924051014336,0.05776401726592691,0.025793426593444673,0.021672806165111077,0.014177344874083784,0.8261806293174234,0.005845706494308722,0.0051677250709997215,0.04339834421870174,0.0025311306470202715,0.0043541473630289195,0.012956978312127582,0.0030433832779648506,0.03487837766578529,0.018862949821841547,0.004308948601474986,0.0026215281701281383,0.006764747979238702,0.0032995095934371397,0.005838173367383067,0.005770375225052167,0.00224487182384536,0.011932473050238424,0.48463618763512545,0.34485901752958636,0.12468078374652534,0.035767286643012645,0.010056724445750186,0.14416184607645877,0.18471768108651912,0.1297000754527163,0.09134494466800805,0.1150968309859155,0.09136066398390343,0.07694605130784708,0.06837902414486921,0.09829288229376258,0.0,0.0,0.0,0.0,0.0,0.0,0.0,0.0,0.0,0.0,0.0,0.0,0.0,0.0,0.0,0.0,0.0,0.0,2.792435818521214,-2.6523215409610343,-0.9726282164517621,1.7991321899708,28.413776,-0.1863988
Babergh,E07000200,92342,89269,86418,481,40,2330,1351,383,210,382,376,875,234,37,107,177,320,503,287,124,92,344,37,307,42957,6371,7361,5784,4144,5688,3946,3085,2671,3907,42772,33135,12352,3225,854,,829,22,3279,258,296,4831,6630,1798,1757,1445,1845,696,2816,2445,2376,4051,5585,1994,2021,0.9667215351627645,0.009475644885317623,0.005447142145502589,0.014630395702930411,0.0037252821034848716,0.9358471767992896,0.005208897359814602,0.00043317233761451995,0.025232288666045787,0.0011587360031188407,0.0019167875939442506,0.0025340581750449417,0.00040068441229343095,0.0034653787009161596,0.0031080115223841806,0.0013428342466050118,0.0009962963765133958,0.004136795824218665,0.0022741547724762297,0.004147625132659028,0.004071819973576488,0.00040068441229343095,0.0033245976911914403,0.4631911806112062,0.35882913517142795,0.13376361785536375,0.03492451972017067,0.00924822940807,0.1483111017994739,0.17135740391554344,0.1346462741811579,0.09646856158484066,0.13241148124869054,0.09185930116162674,0.07181600204856019,0.062178457527294735,0.09095141653281189,0.0,0.0,0.0,0.0,0.0,0.0,0.0,0.0,0.0,0.0,0.0,0.0,0.0,0.0,0.0,0.0,0.0,0.0,1.3936765093130459,-3.7171857821282623,-1.806668627511067,0.6855390521352633,29.882158,-8.8180065
Barking and Dagenham,E09000002,218871,98275,67550,1185,184,29356,9320,2974,2376,1550,2420,56583,11503,15799,22393,1385,5503,46807,35101,5824,5882,7886,1489,6397,94589,7786,15185,9279,8798,10957,10934,7686,8964,15000,111929,71978,24295,8169,2498,,37,16,2904,227,571,12900,13348,7471,5416,3393,3044,1385,4102,7758,4690,8475,15498,3347,2021,0.44900877685942864,0.2585221431802294,0.21385656391207605,0.042582160267920374,0.036030355780345504,0.3086292839160967,0.005414148059816056,0.0008406778421992863,0.13412466704131656,0.10231140717591641,0.00632792832307615,0.052556071841404296,0.07218407189623112,0.02514266394360148,0.16037300510346278,0.026609281266133933,0.02687427754247936,0.007081797040265727,0.010855709527529915,0.013587912514677596,0.011056741185447135,0.0068030940599713985,0.0292272617203741,0.5113925554321952,0.3288603789446752,0.1110014574795199,0.03732335485285853,0.011413115488118571,0.08231401114294475,0.16053663745255792,0.09809808751546163,0.09301292962183763,0.11583799384706467,0.11559483660890801,0.08125680575965492,0.09476789055809873,0.15858080749347175,0.0,0.0,0.0,0.0,0.0,0.0,0.0,0.0,0.0,0.0,0.0,0.0,0.0,0.0,0.0,0.0,0.0,0.0,5.7141132347303465,0.35585023867401044,6.613306784585252,1.5024601265756958,9.349369,-15.098837
Barnet,E09000003,389344,224762,140777,7644,179,76162,20889,3505,3747,6032,7605,74972,30389,6687,2873,9434,25589,30651,22670,4951,3030,38070,7383,30687,186175,31481,50534,25626,16520,14478,14342,10663,8394,14137,213576,120802,39317,11724,3925,,115,144,5416,572,430,16660,23169,6860,9775,12632,10230,5938,20382,10223,6760,20952,25008,10913,2021,0.577283841538588,0.19255979288238678,0.0787247267198159,0.05365178351278047,0.09777985534642887,0.3615748541135859,0.019633023752773898,0.0004597476781458042,0.19561621599408235,0.0073790786553793045,0.02423050053423194,0.07805179995068628,0.017175043149502755,0.06572337059258651,0.058226144489192076,0.012716261198323333,0.007782321032300485,0.015492726226678721,0.009623880167666639,0.009002321854195776,0.019532855264239337,0.018962665406427222,0.07881718994000164,0.5485534642886496,0.3102706090244103,0.10098267855675187,0.030112188707158708,0.010081059423029505,0.16909359473613536,0.2714327917282127,0.13764468913656505,0.08873371827581576,0.07776554317174701,0.07703504767020276,0.057274070095340406,0.04508661205854707,0.07593393312743386,0.0,0.0,0.0,0.0,0.0,0.0,0.0,0.0,0.0,0.0,0.0,0.0,0.0,0.0,0.0,0.0,0.0,0.0,9.880508210625152,3.1248407407055065,1.4130105412823306,-0.8812871437265425,8.704671,-6.5481844
Barnsley,E08000016,244572,236934,226488,526,229,9691,2293,754,394,605,540,2297,504,368,39,542,844,1715,1311,163,241,1333,215,1118,111680,11251,15595,12169,9891,14042,11382,10172,11579,15599,106010,82192,38001,14252,4117,,501,131,11963,603,1084,13024,21681,6297,4103,2888,2037,1104,4102,5176,6467,9409,17109,4005,2021,0.9687699327805309,0.00939191730860442,0.007012249971378571,0.00937556220663036,0.005450337732855764,0.9260585839752711,0.0021506959095889963,0.0009363295880149813,0.03962432330765582,0.00015946224424709287,0.0022161163174852397,0.0020607428487316617,0.0015046693816135944,0.0034509265165268304,0.00536038467199843,0.000666470405442978,0.0009853948939371638,0.0024737091735766974,0.0016109775444449895,0.0030829367221104622,0.002207938766498209,0.0008790867311057684,0.004571251001749996,0.43345109006754656,0.33606463536300146,0.1553775575290712,0.05827322833357866,0.016833488706802086,0.10074319484240687,0.1396400429799427,0.10896310888252149,0.08856554441260744,0.12573424068767908,0.10191618911174785,0.09108166189111748,0.10368015759312321,0.13967585959885387,0.0,0.0,0.0,0.0,0.0,0.0,0.0,0.0,0.0,0.0,0.0,0.0,0.0,0.0,0.0,0.0,0.0,0.0,-0.3851130698212319,-5.1351373573106915,1.6679861476728666,-1.12077447190289,29.855303,-22.731253
Basildon,E07000066,187567,164116,154045,1227,237,8607,4938,1733,892,1143,1170,7995,3855,864,729,735,1812,8913,6402,1279,1232,1605,243,1362,89011,10880,15369,11530,10680,9967,7924,6581,6499,9581,90914,64185,23022,7229,2221,,289,54,5362,339,770,11277,13404,5698,3249,3619,7165,1186,5174,4765,4289,7019,11898,3446,2021,0.8749726764302889,0.04262476874930025,0.047519019870233034,0.02632659263089989,0.008556942319277911,0.8212798626624086,0.0065416624459526465,0.0012635484920055233,0.04588760282992211,0.003886611184270154,0.003918599753688016,0.020552655850975918,0.004606353996172034,0.009660547964194128,0.03413180356885806,0.006818896714240778,0.006568319587134198,0.0060938224741025875,0.004755633986788721,0.00923936513352562,0.006237771036482964,0.0012955370614233846,0.007261405257854526,0.4847014666759078,0.3421977213475718,0.122740140856334,0.038540894720286614,0.01184110211284501,0.1222320836750514,0.17266405275752436,0.12953455190931457,0.11998517037220119,0.11197492444754019,0.0890227050589253,0.07393468223028614,0.07301344777611755,0.10763838177303929,0.0,0.0,0.0,0.0,0.0,0.0,0.0,0.0,0.0,0.0,0.0,0.0,0.0,0.0,0.0,0.0,0.0,0.0,2.4811456416589963,-2.374041735841227,0.07994305317596222,0.7317517460921565,18.661503,-12.400264
Basingstoke and Deane,E07000084,185154,163840,151572,1330,223,10715,4717,1461,711,1454,1091,10967,4745,709,480,1057,3976,3611,2514,680,417,2019,344,1675,96973,13857,21125,14431,9512,9272,8282,6553,5349,8592,92794,64764,20776,5419,1404,,746,127,6649,862,684,8062,14621,4045,3721,9395,4144,1416,6593,5565,6375,7576,12362,4031,2021,0.8848850146364647,0.05923177463084783,0.01950268425202804,0.025476090173585233,0.010904436307074111,0.8186266567289932,0.007183209652505482,0.0012044028214351296,0.057870745433531004,0.002592436566317768,0.005708761355412251,0.02562731563995377,0.0038292448448318697,0.021474016224332176,0.01357788651608931,0.003672618468950171,0.002252179266988561,0.007852922432137572,0.003840046663858194,0.007890728798729705,0.00589239227885976,0.0018579128725277336,0.009046523434546377,0.5011719973643561,0.34978450371042485,0.11220929604545406,0.029267528651824967,0.007582876956479471,0.14289544512390046,0.21784414218390685,0.14881461850205727,0.09808915883802707,0.09561424313984306,0.08540521588483392,0.06757551070916647,0.055159683623276584,0.0886019819949883,0.0,0.0,0.0,0.0,0.0,0.0,0.0,0.0,0.0,0.0,0.0,0.0,0.0,0.0,0.0,0.0,0.0,0.0,3.663420415894271,-1.792666379311691,-1.8735958466917626,1.0715207584214312,21.138859,-5.4849052
Bassetlaw,E07000171,117803,113620,108338,317,135,4830,1405,505,176,385,339,1455,522,208,40,237,448,736,378,202,156,587,95,492,54919,6836,7967,5934,4581,6525,5745,4164,6039,7128,51679,40938,17862,5618,1707,,790,110,6551,532,389,5427,10459,3223,2370,1212,918,484,2004,2370,2811,4348,8745,2190,2021,0.9644915664286987,0.012351128579068445,0.006247718648930842,0.011926691170853035,0.004982895172448919,0.9196539986248228,0.0026909331680857024,0.0011459810021816083,0.04100065363360865,0.0003395499265723284,0.0020118333149410457,0.0044311265417688855,0.0017656596181761077,0.003802959177610078,0.003208746806108503,0.0017147271291902584,0.0013242447136320808,0.0032681680432586607,0.0014940196769182448,0.004286817822975646,0.0028776856277004832,0.0008064310756092799,0.004176464096839639,0.438690016383284,0.34751237235044946,0.15162601971087325,0.04768978718708352,0.014490293116474113,0.12447422567781642,0.1450681913363317,0.1080500373277008,0.08341375480252736,0.11881134033758808,0.10460860540068101,0.07582075420164242,0.1099619439538229,0.12979114696188931,0.0,0.0,0.0,0.0,0.0,0.0,0.0,0.0,0.0,0.0,0.0,0.0,0.0,0.0,0.0,0.0,0.0,0.0,0.19225485712610982,-4.88115892741901,0.7436873146153662,-0.1537375236185814,28.417131,-20.347607
Bath and North East Somerset,E06000022,193409,178308,165478,1427,71,11332,5256,1505,595,1846,1310,6389,1787,278,359,2089,1876,1846,980,616,250,1610,552,1058,89812,13076,22044,12201,7921,8841,7631,5875,4102,8121,100186,63514,21853,6121,1735,,634,125,4813,445,928,7375,11331,2599,5221,5045,3171,1601,8037,4171,4568,11563,13571,4619,2021,0.9219219374486193,0.0330336230475314,0.009544540326458437,0.02717557094033887,0.00832432823705205,0.8555858310626703,0.0073781468287411655,0.0003670977048637861,0.058590861852343995,0.0018561700851563267,0.010800945147330269,0.009239487304106841,0.0014373684781990497,0.00969965203273891,0.005066982405162118,0.0031849603689590453,0.0012925975523372748,0.009544540326458437,0.0030763821745627144,0.007781437265070395,0.00677321117424732,0.002854055395560703,0.005470272841491347,0.5180007135138489,0.3283921637565987,0.11298853724490587,0.03164795847142584,0.008970627013220689,0.14559301652340445,0.2454460428450541,0.13585044314790898,0.08819534137977107,0.09843896138600633,0.08496637420389258,0.06541442123546964,0.04567318398432281,0.09042221529417005,0.0,0.0,0.0,0.0,0.0,0.0,0.0,0.0,0.0,0.0,0.0,0.0,0.0,0.0,0.0,0.0,0.0,0.0,3.839588542221747,-1.7950373806974287,-2.1880590358994256,-0.6225440858996952,19.49789,-5.178958
Bedford,E06000055,185224,140174,118779,1798,208,19389,8586,3638,939,2146,1863,23263,10074,5297,4486,756,2650,9848,5448,3227,1173,3353,557,2796,90865,11797,18284,12254,8152,8798,8128,6498,6134,10820,90419,64772,21942,6357,1735,,555,46,6405,563,522,8242,15323,5475,3952,3934,2552,1456,5704,4643,5335,9795,12858,3508,2021,0.756780978706863,0.12559387552369022,0.05316805597546754,0.0463546840582214,0.018102405735757787,0.6412721893491125,0.009707165378136743,0.0011229646266142617,0.10467865935299961,0.0242193236297672,0.004081544508271066,0.05438820023323111,0.028597805899883384,0.014307001252537468,0.02941303502785816,0.017422148317712608,0.0063328726298967734,0.011585971580356758,0.005069537424955729,0.019641083228955213,0.010058091823953699,0.00300716969723146,0.015095236038526324,0.4881602816049756,0.34969550382239883,0.11846197037101024,0.034320606400898374,0.009367036669114153,0.1298299675342541,0.20122159247234908,0.13485940681230396,0.08971551202333132,0.09682496010565124,0.08945138392120178,0.07151268365157101,0.0675067407692731,0.11907775271006438,0.0,0.0,0.0,0.0,0.0,0.0,0.0,0.0,0.0,0.0,0.0,0.0,0.0,0.0,0.0,0.0,0.0,0.0,4.598186735161056,-1.003075199886796,1.1059565798971651,1.4720601800547013,15.026703,-11.902385
Bexley,E09000004,246475,177164,158842,2528,620,15174,8740,2489,1726,2179,2346,24434,10925,1383,1790,3990,6346,30075,23262,3230,3583,6062,527,5535,117983,14498,23417,16138,15535,12291,10333,8186,7430,10155,125181,82371,28260,8128,2533,,94,102,4321,586,688,13931,15416,6599,4875,5917,7888,2527,8560,6324,8173,11122,15701,5154,2021,0.7187909524292525,0.09913378638807181,0.1220204888933969,0.035459985799776855,0.024594786489501978,0.644454812861345,0.010256618318287858,0.002515468100213003,0.06156405314940663,0.007262399837711735,0.01618825438685465,0.04432498224972107,0.005611116746120296,0.025747033167664062,0.09437874023734659,0.013104777360787098,0.01453697129526321,0.008840653210264733,0.007002738614463941,0.010098387260371234,0.009518206714676946,0.002138147885181053,0.022456638604320924,0.5078851810528451,0.3341961659397505,0.114656658890354,0.03297697535246982,0.010276904351354093,0.1228821101345109,0.19847774679402966,0.1367824178059551,0.13167151199749116,0.1041760253595857,0.08758041412745904,0.06938287719417204,0.0629751743895307,0.08607172219726571,0.0,0.0,0.0,0.0,0.0,0.0,0.0,0.0,0.0,0.0,0.0,0.0,0.0,0.0,0.0,0.0,0.0,0.0,5.003734336562124,-0.0412549277256841,0.8305856612792658,1.2362703024901438,14.93878,-9.923496
Birmingham,E08000025,1144922,556608,491211,16964,686,47747,55205,25119,4680,13130,12276,355384,66519,195102,48232,12487,33044,125760,66822,44718,14220,51965,19196,32769,442417,40972,93314,50205,41168,36872,45362,36475,38618,59431,544500,380993,150801,51755,16870,,401,77,34819,2158,2553,28968,67404,30275,24881,14608,14229,6586,24242,23685,21205,51826,77989,16511,2021,0.48615364190748367,0.31040018446671475,0.10984154379075606,0.04821725846826247,0.045387371366783065,0.4290344669767897,0.014816729873301413,0.0005991674542021203,0.04170327760319044,0.042126887246467445,0.010906419825979412,0.058099154352872946,0.17040636829408468,0.028861354747310296,0.05836380120217796,0.03905768253208516,0.012420060056492932,0.011468030136550787,0.004087614702136914,0.021939485833969475,0.01072212779560529,0.016766207654320558,0.028621163712462507,0.4755782489986217,0.3327676470536858,0.13171290271302324,0.045203952758353844,0.014734628210480714,0.09260946120967323,0.21091865818899364,0.11347891242877195,0.09305248216049564,0.08334218621797987,0.10253222638370588,0.08244484276146712,0.08728868917785709,0.13433254147105558,0.0,0.0,0.0,0.0,0.0,0.0,0.0,0.0,0.0,0.0,0.0,0.0,0.0,0.0,0.0,0.0,0.0,0.0,5.194009991104868,-0.10934863364896917,5.542442642213547,0.6714654205469814,11.675714,-16.77296
Blaby,E07000129,102924,88753,84746,561,90,3356,2765,1051,267,857,590,8497,6870,418,59,518,632,1594,980,440,174,1315,177,1138,51446,6656,9936,7193,5417,6194,4448,3623,3398,4581,50473,35496,12636,3328,993,,246,92,4784,741,333,5731,9159,2459,1721,1463,1686,538,2538,2163,3068,5545,7063,2113,2021,0.8623158835645719,0.08255606078271346,0.015487155571101006,0.026864482530799424,0.012776417550814193,0.823384244685399,0.005450623761221873,0.0008744316194473592,0.032606583498503754,0.0005732385060821577,0.00503283976526369,0.06674828028448175,0.004061249076988846,0.006140453149897011,0.009521588745093467,0.004274999028409312,0.0016905677975982277,0.00832653219851541,0.0025941471376938322,0.010211418133768605,0.005732385060821577,0.0017197155182464732,0.01105670203256772,0.4903909680929618,0.34487583071003847,0.12277019937040923,0.03233453810578679,0.009647895534569196,0.1293783773276834,0.19313454884733508,0.1398165066283093,0.10529487229327839,0.12039808731485441,0.08645958869494227,0.07042335652917622,0.06604983866578548,0.08904482369863546,0.0,0.0,0.0,0.0,0.0,0.0,0.0,0.0,0.0,0.0,0.0,0.0,0.0,0.0,0.0,0.0,0.0,0.0,2.7691889563319325,-2.427254142495867,-1.0977055999535992,1.0641839042409016,22.14736,-8.011993
Blackburn with Darwen,E06000008,154741,93392,87997,589,101,4705,2596,368,231,1329,668,55178,24389,27525,1473,400,1391,1406,1061,170,175,2169,841,1328,63556,5966,10409,6781,6291,6744,7201,6277,6470,7417,73950,50010,20507,7826,2445,,161,29,7875,305,345,4321,11607,3131,2689,1930,1001,756,2653,3138,3950,6378,11420,1872,2021,0.6035375239917022,0.35658293535649893,0.009086150406162556,0.01677641995334139,0.014016970292294867,0.5686728145740302,0.003806360305284314,0.0006527035498025733,0.030405645562585223,0.009519131968902876,0.002584964553673558,0.157611751248861,0.17787787334966168,0.008989214235399797,0.006856618478619112,0.001098609935311262,0.0011309219922321814,0.008588544729580396,0.0014928170297464796,0.002378167389379673,0.004316890804634842,0.005434887974098655,0.008582082318196212,0.477895321860399,0.3231851933230366,0.1325246702554591,0.05057483149262316,0.015800595834329623,0.09386997293725219,0.1637768267354774,0.10669330983699414,0.09898357354144377,0.10611114607590157,0.11330165523318018,0.0987632953615709,0.10179998741267543,0.11670023286550443,0.0,0.0,0.0,0.0,0.0,0.0,0.0,0.0,0.0,0.0,0.0,0.0,0.0,0.0,0.0,0.0,0.0,0.0,1.6862164256408116,-3.299797425966784,3.3542885782322887,0.8676867836189255,19.143295,-22.310024
Blackpool,E06000009,141039,133550,127445,808,236,5061,2210,638,408,645,519,3676,892,572,442,542,1228,711,449,175,87,892,216,676,59362,6200,7502,6001,6631,6480,8632,5743,4715,7458,56933,47255,23963,9777,3108,,105,53,4004,350,286,4683,9266,2580,5946,1019,1077,642,1984,2787,5545,3920,12140,2972,2021,0.9469012117215806,0.026063712873744142,0.005041158828409164,0.015669424769035514,0.006324491807230624,0.9036153120768015,0.005728911861258234,0.0016732960386843356,0.035883691744836535,0.003133884953807103,0.00384290869901233,0.006324491807230624,0.004055615822573898,0.008706811591120186,0.003183516615971469,0.001240791554109147,0.0006168506583285474,0.004573203156573714,0.002892816880437326,0.004523571494409348,0.0036798332376151276,0.00153149128964329,0.004793000517587334,0.40366848885769185,0.33504917079672997,0.16990336006352852,0.06932125156871503,0.022036458000978452,0.10444392035308783,0.1263771436272363,0.10109160742562583,0.11170445739698798,0.10916074256258212,0.14541289040126681,0.09674539267544895,0.07942791684916277,0.12563592870860146,0.0,0.0,0.0,0.0,0.0,0.0,0.0,0.0,0.0,0.0,0.0,0.0,0.0,0.0,0.0,0.0,0.0,0.0,-0.7376120406890505,-5.261054835481801,2.994787005378443,-2.1036752808868564,31.617813,-26.457422
Blaenau Gwent,W06000019,66903,65456,63990,92,133,1241,569,219,69,138,143,621,212,71,26,140,172,115,76,29,10,142,38,104,28800,2217,3483,2803,2295,3390,4324,2437,3952,3899,27465,21865,11210,4785,1579,,81,47,4859,176,478,2610,4271,1047,993,477,458,398,664,1170,2150,2144,5831,943,2021,0.9783716724212667,0.009282094973319582,0.0017189064765406633,0.008504850305666412,0.0021224758232067324,0.956459351598583,0.0013751251812325308,0.0019879527076513757,0.01854924293379968,0.00038862233382658474,0.002092581797527764,0.0031687667219706143,0.0010612379116033662,0.002570886208391253,0.0011359729758007862,0.00043346337234503684,0.0001494701283948403,0.002062687771848796,0.001031343885924398,0.0032733958118470025,0.002137422836046216,0.0005679864879003931,0.001554489335306339,0.41051970763642887,0.3268164357353183,0.16755601393061598,0.07152145643693109,0.023601333273545282,0.07697916666666667,0.1209375,0.09732638888888889,0.0796875,0.11770833333333333,0.15013888888888888,0.08461805555555556,0.13722222222222222,0.13538194444444446,0.0,0.0,0.0,0.0,0.0,0.0,0.0,0.0,0.0,0.0,0.0,0.0,0.0,0.0,0.0,0.0,0.0,0.0,-1.6700751321264828,-6.4725332969756595,3.426508297806156,-2.4118758642992972,32.551136,-26.996677
Bolsover,E07000033,80270,78143,74852,198,96,2997,744,288,102,190,164,722,266,86,12,152,206,419,246,111,62,242,42,200,38103,3841,5001,3924,3409,4661,4388,3206,3863,5810,33546,27509,12940,4844,1434,,209,96,4568,205,420,3712,7885,2349,1560,843,555,304,1217,1713,2137,2931,5973,1417,2021,0.9735019309829326,0.008994643079606329,0.005219882895228603,0.00926871807649184,0.003014824965740625,0.9325028030397409,0.0024666749719696028,0.0011959636227731408,0.037336489348448985,0.0001494954528466426,0.0018936090693908061,0.0033138158714339106,0.0010713840787342718,0.0025663386072006977,0.0030646567833561727,0.0013828329388314439,0.0007723931730409867,0.0023670113367385073,0.001270711349196462,0.003587890868319422,0.0020431045222374486,0.000523234084963249,0.0024915908807773765,0.41791453843278936,0.3427058676965242,0.16120592998629624,0.06034633113242806,0.017864706615173788,0.10080571083641708,0.13124950791276277,0.10298401700653492,0.08946802089074352,0.12232632601107524,0.1151615358370732,0.08414035640238302,0.10138309319476156,0.1524814319082487,0.0,0.0,0.0,0.0,0.0,0.0,0.0,0.0,0.0,0.0,0.0,0.0,0.0,0.0,0.0,0.0,0.0,0.0,-0.7963664809103479,-5.51694029673269,2.0419462616516326,-1.009957665263677,29.465807,-23.244265
Bolton,E08000001,295960,212941,203486,1430,519,7506,6643,1737,1242,2338,1326,59596,26238,27897,985,1123,3353,11238,9299,603,1336,5542,1812,3730,125438,13286,21197,15019,12357,12663,12393,12227,11486,14810,142076,96785,38905,13968,4229,,245,78,10613,1104,1008,11004,23474,7621,5190,3634,3867,1885,6618,6502,6652,12031,19288,4625,2021,0.7194924989863495,0.20136504933099067,0.03797134747938911,0.022445600756859033,0.018725503446411676,0.687545614272199,0.0048317340181105554,0.0017536153534261387,0.025361535342613865,0.003328152453034194,0.003794431679956751,0.08865387214488445,0.09425935937288824,0.011329233680227058,0.03141978645762941,0.0020374374915529125,0.004514123530206785,0.007899716177861874,0.004196513042303014,0.00586903635626436,0.004480335180429788,0.006122448979591836,0.01260305446681984,0.480051358291661,0.3270205433166644,0.1314535748074064,0.04719556696850926,0.014289093120691985,0.10591686729699135,0.1689838804827883,0.11973245746902852,0.09851081809340072,0.10095027025303337,0.09879781246512222,0.09747444952885091,0.09156714871091695,0.11806629569986767,0.0,0.0,0.0,0.0,0.0,0.0,0.0,0.0,0.0,0.0,0.0,0.0,0.0,0.0,0.0,0.0,0.0,0.0,2.2765540982217374,-2.789985810224314,2.3331042276049323,0.5737801720247528,18.570417,-20.942127
Boston,E07000136,70505,66733,52540,161,142,13890,1015,283,176,261,295,1443,606,317,67,111,342,467,357,57,53,847,119,728,33631,2843,3598,2475,2550,3702,3403,2631,6272,6157,29747,26118,10548,3193,896,,1764,16,5376,90,215,2346,6789,1790,1209,317,295,459,791,2795,1032,2138,5191,1014,2021,0.9465002482093469,0.020466633572087087,0.006623643713211829,0.014396142117580314,0.012013332387773917,0.7451953762144529,0.0022835259910644634,0.002014041557336359,0.19700730444649317,0.0009502872136727892,0.0015743564286220836,0.008595135096801645,0.004496135025884689,0.004850719807105879,0.005063470675838593,0.0008084533011843132,0.0007517197361889227,0.0037018651159492232,0.0024962768597971774,0.004013899723423871,0.0041841004184100415,0.0016878235586128643,0.010325508829161053,0.4219133394794695,0.3704418126374016,0.1496064108928445,0.04528756825757038,0.012708318558967448,0.08453510154321905,0.10698462727840385,0.07359281615176475,0.075822901489697,0.11007701228033659,0.10118640539977997,0.07823139365466385,0.1864946031934822,0.18307513900865274,0.0,0.0,0.0,0.0,0.0,0.0,0.0,0.0,0.0,0.0,0.0,0.0,0.0,0.0,0.0,0.0,0.0,0.0,0.11993172781074771,-4.9928104659653165,3.399954577016399,1.7768155975172848,26.13966,-21.634008
"Bournemouth, Christchurch and Poole",E06000058,400195,365510,329609,2611,489,32801,11093,2660,1839,3213,3381,13551,4678,596,1219,2569,4489,4233,2833,917,483,5808,1371,4437,186030,24266,36384,24034,16486,20154,19901,16046,11031,17728,190242,136523,52466,16230,4735,,380,218,12644,767,1171,16432,28002,7416,11188,7596,12100,3419,9752,9419,7567,16501,32740,8720,2021,0.9133297517460238,0.03386099276602656,0.010577343545021801,0.027718986993840504,0.014512924949087319,0.8236209847699246,0.006524319394295281,0.0012219043216431988,0.08196254326016067,0.0030460150676545183,0.0064193705568535335,0.011689301465535552,0.0014892739789352692,0.01121703169704769,0.00707904896363023,0.0022913829508114793,0.0012069116305800922,0.008028586064293656,0.0045952598108422145,0.006646759704643986,0.008448381414060645,0.003425829907919889,0.01108709504116743,0.47537325553792525,0.3411411936680868,0.13110108821949298,0.04055522932570372,0.011831732030635065,0.13044132666774177,0.19558135784550879,0.1291942159866688,0.08862011503520938,0.10833736494113852,0.10697736924152018,0.08625490512282966,0.05929688759877439,0.0952964575606085,0.0,0.0,0.0,0.0,0.0,0.0,0.0,0.0,0.0,0.0,0.0,0.0,0.0,0.0,0.0,0.0,0.0,0.0,2.7075429998194616,-2.7321762382348145,-0.11817810436713819,-0.43983890332834136,21.261726,-12.395555
Bracknell Forest,E06000036,124605,107269,96950,1038,161,9120,3843,970,565,1337,971,8879,3774,947,219,828,3111,2993,2072,554,367,1621,310,1311,66398,10132,13742,10767,6650,6604,5981,4304,2967,5251,65829,42515,12273,3147,846,,205,96,3983,376,498,5659,9899,3301,2759,7114,1795,1110,4368,4427,3681,6312,7706,3104,2021,0.8608723566470046,0.07125717266562337,0.02401990289314233,0.030841459010473096,0.01300910878375667,0.778058665382609,0.00833032382328157,0.0012920829822238274,0.07319128445889009,0.0017575538702299266,0.006644998194293969,0.030287709160948598,0.007600016050720276,0.0249668953894306,0.016628546206010994,0.004446049516472051,0.0029453071706592835,0.010729906504554392,0.00453432847799045,0.007784599333895108,0.007792624694033145,0.00248786164279122,0.01052124714096545,0.5283014325267846,0.3411981862686088,0.09849524497411821,0.025255808354399903,0.0067894546767786204,0.15259495767944817,0.20696406518268623,0.16215849874996235,0.1001536190849122,0.09946082713334739,0.09007801439802404,0.06482122955510708,0.04468508087593,0.07908370734058255,0.0,0.0,0.0,0.0,0.0,0.0,0.0,0.0,0.0,0.0,0.0,0.0,0.0,0.0,0.0,0.0,0.0,0.0,4.625922814374961,-0.9988069245864644,-2.324401574272108,1.0887494685823518,19.053377,-3.9617777
Bradford,E08000032,546412,334004,309912,2139,849,21104,15006,4426,1196,6458,2926,175664,14429,139553,12403,1345,7934,10978,7061,2614,1303,10760,2734,8026,221137,22188,37854,25366,21385,23080,23590,20131,20912,26631,252136,188664,73124,24904,7580,,645,125,20441,832,2016,15209,39036,13189,10826,6819,9191,3074,10742,11245,12475,23439,34053,7779,2021,0.6112676881181234,0.32148635095861733,0.0200910668140524,0.027462793642892176,0.019692100466314796,0.5671764163305345,0.003914628522067597,0.0015537726111432399,0.038622870654378014,0.022698989041236284,0.0024615125582893495,0.02640681390599035,0.25539885654048594,0.01452017891261539,0.01292248340080379,0.0047839359311288914,0.0023846474821197193,0.01181892052151124,0.0021888245499732803,0.008100114931590081,0.005354933639817573,0.005003550434470693,0.014688550031844104,0.46143935345490217,0.34527792215397907,0.13382575785304862,0.045577329926868373,0.013872316127757077,0.10033599081112614,0.17117895241411432,0.11470717247679041,0.09670475768415054,0.10436968937807785,0.10667595201164888,0.09103406485572292,0.09456581214360328,0.12042760822476564,0.0,0.0,0.0,0.0,0.0,0.0,0.0,0.0,0.0,0.0,0.0,0.0,0.0,0.0,0.0,0.0,0.0,0.0,2.3307235275753055,-2.9116510119072063,3.26347214724334,1.7202393686229691,19.877424,-23.350029
Braintree,E07000067,155265,146981,140283,1085,161,5452,3014,844,437,880,853,2566,834,229,221,365,917,1889,1205,442,242,815,106,709,76282,10693,12192,10303,7892,9669,7290,5565,5335,7343,73375,55346,19655,5431,1461,,817,56,5707,269,609,9651,11981,4405,2839,2663,3699,1202,4703,3952,4297,6615,9540,3276,2021,0.9466460567416997,0.016526583582906644,0.012166296332077416,0.019411973078285513,0.005249090265030754,0.9035069075451647,0.0069880526841206965,0.001036936849901781,0.03511415966251248,0.0014233729430328792,0.0023508195665475156,0.005371461694522269,0.0014748977554503591,0.005906031623353621,0.007760924870382894,0.0028467458860657584,0.0015586255756287637,0.005667729365922777,0.0028145428783048335,0.005435867710044118,0.005493833124013783,0.0006827037645316073,0.004566386500499147,0.4725791388915725,0.3564615335072296,0.12659002350819568,0.034978907029916594,0.009409718867742247,0.1401772370939409,0.15982800660706326,0.1350646286148764,0.10345822081224929,0.12675336252326894,0.09556645080097532,0.07295299022049763,0.0699378621431006,0.0962612411840277,0.0,0.0,0.0,0.0,0.0,0.0,0.0,0.0,0.0,0.0,0.0,0.0,0.0,0.0,0.0,0.0,0.0,0.0,1.733822438121532,-3.313525000227734,-1.330673971064247,0.9781173148771903,29.1614,-8.704666
Breckland,E07000143,141477,136457,125516,654,204,10083,2051,515,456,482,598,1340,342,105,120,254,519,820,387,233,200,809,32,777,65638,8022,8545,7596,5767,8759,7031,4997,6821,8100,60208,52416,21131,6109,1613,,2543,90,7760,298,560,6333,10403,3150,3096,1293,1496,880,3086,3462,4042,4969,9233,2946,2021,0.9645172006757282,0.009471504202096455,0.0057959951087455915,0.01449705605858196,0.005718243954847785,0.8871830756942825,0.004622659513560508,0.0014419304904684154,0.07126953497741682,0.0008481944061578914,0.0017953448263675368,0.0024173540575499904,0.0007421701053881549,0.00366844080663288,0.0027354269598592,0.0016469108052899058,0.0014136573435964857,0.0034069141980675303,0.0032231387433999874,0.0036401676597609504,0.004226835457353492,0.0002261851749754377,0.005492058779872347,0.425567406716286,0.370491316609767,0.1493599666376867,0.04318016356015465,0.011401146476105658,0.12221578963405344,0.1301837350315366,0.11572564672902892,0.0878606904537006,0.13344404156129072,0.1071178280873884,0.07612968097748256,0.10391846186660167,0.12340412565891709,0.0,0.0,0.0,0.0,0.0,0.0,0.0,0.0,0.0,0.0,0.0,0.0,0.0,0.0,0.0,0.0,0.0,0.0,0.3977193620769725,-4.64148234260065,0.5472205772674509,1.0797552819544052,33.726242,-14.7486925
Brent,E09000005,339821,117701,51611,9314,237,56539,17249,3775,3184,3607,6683,111515,66157,15217,2186,3393,24562,59495,31070,21258,7167,33861,17924,15937,160997,18700,31402,19463,13311,15838,13901,13423,12932,22027,176793,111300,36871,11158,3692,,101,100,7395,517,434,17532,25946,9390,10568,9803,6044,3122,11990,11229,5599,12612,20317,8301,2021,0.34636176104478533,0.32815805968436323,0.17507746725481946,0.05075907610183008,0.09964363591420189,0.15187701760632805,0.027408547441152842,0.0006974259978047266,0.16637876999949974,0.006432798443886634,0.009984668398951213,0.19468190606230928,0.04477945742023006,0.07227922935898605,0.09143048840418927,0.06255646354992776,0.02109051530070243,0.01061441170498586,0.009369638721562235,0.01110878962748035,0.019666236047801638,0.05274541596899544,0.046898219945206446,0.5202533098307638,0.3275253736525995,0.10850124035889483,0.032834933685675693,0.01086454339196224,0.11615123263166395,0.19504711267911826,0.12089045137487034,0.0826785592278117,0.09837450387274298,0.08634322378677864,0.08337422436442915,0.08032447809586514,0.13681621396671986,0.0,0.0,0.0,0.0,0.0,0.0,0.0,0.0,0.0,0.0,0.0,0.0,0.0,0.0,0.0,0.0,0.0,0.0,9.218646205220745,3.5405189038168143,6.590898084488027,1.3414879929099697,7.5384355,-10.338549
Brentwood,E07000068,77048,68194,63696,1008,95,3395,2368,633,321,809,605,3913,2015,267,293,510,828,1747,1164,368,215,826,166,660,37901,7010,8922,6046,4613,3263,2536,1878,1496,2137,41588,24413,8141,2214,691,,161,36,1677,117,183,4373,3992,1559,1233,2181,4719,772,3403,2010,1846,3633,4294,1711,2021,0.8850846225729415,0.05078652268715606,0.0226741771363306,0.030734087841345653,0.010720589762226144,0.8267054303810611,0.01308275360814038,0.0012329976118783095,0.0440634409718617,0.003802824213477313,0.006619250337451978,0.026152528294050462,0.003465372235489565,0.010746547606686741,0.015107465476066867,0.004776243380749662,0.002790468279514069,0.01049994808431108,0.004166234035925657,0.008215657771778632,0.007852247949330288,0.002154501090229467,0.008566088671996677,0.539767417713633,0.316854428408265,0.10566140587685599,0.028735333817879762,0.008968435261135915,0.18495554207013007,0.23540275982164058,0.1595208569694731,0.12171182818395293,0.08609271523178808,0.06691116329384449,0.049550143795678216,0.0394712540566212,0.056383736576871325,0.0,0.0,0.0,0.0,0.0,0.0,0.0,0.0,0.0,0.0,0.0,0.0,0.0,0.0,0.0,0.0,0.0,0.0,4.979535504799338,-0.5766007154152036,-3.6311370245016397,-0.1448693231667849,17.66052,-1.7925719
Bridgend,W06000013,145490,140799,137755,452,57,2535,1684,487,279,525,393,2152,588,180,163,491,730,429,257,98,74,426,80,346,63984,6715,11567,7955,5803,7264,7322,5449,5182,6727,66751,46142,21589,8254,2752,,224,110,6783,408,681,5743,9578,2620,2858,1983,1671,787,2472,2640,6222,5690,11072,2440,2021,0.96775723417417,0.014791394597566843,0.0029486562650353977,0.011574678672073683,0.002928036291154031,0.9468348340092102,0.003106742731459207,0.0003917795037459619,0.01742387792975462,0.0011203519142209087,0.0033748023919169703,0.004041514880747818,0.001237198432881985,0.0050175269777991615,0.0017664444291703898,0.0006735858134579696,0.0005086260224070383,0.003608495429239123,0.0019176575709670767,0.0033473090934084816,0.0027012165784590005,0.0005498659701697711,0.00237817032098426,0.4588012921850299,0.3171489449446697,0.14838820537493985,0.056732421472266134,0.018915389373840127,0.104948112028007,0.18077956989247312,0.12432795698924731,0.09069454863715928,0.11352838209552388,0.11443485871467866,0.08516191547886971,0.08098899724931233,0.10513565891472869,0.0,0.0,0.0,0.0,0.0,0.0,0.0,0.0,0.0,0.0,0.0,0.0,0.0,0.0,0.0,0.0,0.0,0.0,0.35633050969615615,-4.582868387396362,0.6998450128826074,-2.5005622648319217,33.8712,-23.54302
Brighton and Hove,E06000043,277103,236571,204831,3944,197,27599,13228,2410,2334,4198,4286,13217,3633,929,1729,3065,3861,5458,3949,988,521,8629,3049,5580,139292,19701,36478,23620,10344,10753,12075,10144,5135,11042,139078,91878,32118,10757,3272,,214,68,4554,855,614,9324,17003,4660,8580,9579,6647,2396,11843,7229,6326,17558,22398,9440,2021,0.8537294796519705,0.047697065712027656,0.019696647095123473,0.0477367621425968,0.031140045398281507,0.7391872336279289,0.014232974742243859,0.0007109269838291177,0.09959834429796863,0.006239557132185505,0.011060869063128151,0.01311064838706185,0.0033525439998845193,0.013933447129767632,0.01425101857432074,0.0035654612183917173,0.0018801673024110169,0.015149601411749421,0.008422860813488125,0.00869712706105672,0.01546717285630253,0.011003128800482131,0.020136916597799374,0.5019000155176956,0.33156624071193747,0.11590635972905382,0.03881950033020213,0.011807883711111031,0.14143669413893117,0.26188151509060104,0.16957183470694656,0.07426126410705568,0.07719754185452143,0.08668839560060879,0.07282543146770812,0.036865003015248546,0.07927232001837865,0.0,0.0,0.0,0.0,0.0,0.0,0.0,0.0,0.0,0.0,0.0,0.0,0.0,0.0,0.0,0.0,0.0,0.0,5.9819824164629445,-0.24364418497138168,-0.7711787063956337,-1.7544074014770425,13.64875,-7.027077
"Bristol, City of",E06000023,472467,383142,338452,4288,273,40129,21116,7714,2621,5556,5225,31269,8302,9064,2616,5466,5821,27890,18149,6803,2938,9050,2540,6510,238513,24219,64929,35165,20448,19912,19568,16410,13017,24845,240060,154643,54311,18032,5419,,318,147,11895,1813,1573,16939,31726,10734,12120,15186,10420,2944,21255,12186,13041,26738,38634,10840,2021,0.8109391767044047,0.06618240004063776,0.05903057779696783,0.04469306851060497,0.019154776947384686,0.7163505599332863,0.009075766138164148,0.0005778181333299468,0.08493503249962431,0.00553689464026059,0.011569061966232563,0.01757159759305941,0.01918440864652981,0.012320437194555387,0.03841326484177731,0.014398889234592045,0.006218423720598476,0.01175955146073694,0.005547477389955278,0.01632706622896414,0.011058973430948617,0.005376036844901337,0.013778740102483348,0.5080989783413444,0.3273096322071171,0.11495194373363642,0.03816562849892162,0.011469584119102498,0.10154163504714628,0.2722241554967654,0.14743431175659188,0.08573117607845275,0.0834839191155199,0.08204164972139884,0.06880128127188036,0.05457564157928499,0.10416622993295963,0.0,0.0,0.0,0.0,0.0,0.0,0.0,0.0,0.0,0.0,0.0,0.0,0.0,0.0,0.0,0.0,0.0,0.0,5.1579107697211555,-0.5384415899138003,0.3980706173042445,-0.7985333799203322,13.782897,-11.987197
Broadland,E07000144,131723,126869,123265,513,60,3031,1842,304,395,665,478,1831,554,69,179,436,593,684,474,95,115,497,97,400,62589,8232,11298,8134,6743,8066,6117,5035,3832,5132,59373,47997,18304,4810,1237,,899,261,4269,325,413,6738,9356,2506,2659,1842,3686,1196,3507,2876,3569,5786,9798,2909,2021,0.9631499434419197,0.01390038186193755,0.00519271501560092,0.013983890436749847,0.003773069243791897,0.935789497657964,0.0038945362617006903,0.0004555013171579755,0.02301040820509706,0.0013589122628546268,0.0033099762380146215,0.0042057954950919735,0.0005238265147316718,0.004501871351244658,0.003598460405548006,0.0007212104188334611,0.0008730441912194529,0.005048472931834228,0.0029987170046233383,0.0023078733402670756,0.0036288271600252043,0.0007363937960720603,0.0030366754477198364,0.4507413283936746,0.36437827866052247,0.13895826848765971,0.036516022258831035,0.009390918822073593,0.13152470881464795,0.18051095240377701,0.1299589384716164,0.10773458594960776,0.12887248558053332,0.09773282845228395,0.08044544568534406,0.06122481586221221,0.08199523877997732,0.0,0.0,0.0,0.0,0.0,0.0,0.0,0.0,0.0,0.0,0.0,0.0,0.0,0.0,0.0,0.0,0.0,0.0,1.0863782846919474,-3.81303942683898,-1.41332312291876,0.6964305927257167,30.937641,-8.69323
Bromley,E09000006,329991,252295,219493,4954,578,27270,17740,5489,2431,4747,5073,27307,12326,1784,1748,5075,6374,25149,13193,8169,3787,7500,1203,6297,162122,27845,43321,25707,17733,12787,11212,8498,5867,9152,176211,106977,34265,9694,2844,,168,145,4254,601,562,14372,16726,5746,6110,11706,15519,3671,16260,8322,9942,17115,21770,9137,2021,0.7645511544254238,0.08275074168689449,0.07621116939552897,0.0537590419132643,0.022727892578888517,0.6651484434423969,0.01501253064477516,0.0017515629214130083,0.08263861741683864,0.005297114163719616,0.015379207311714561,0.03735253385698398,0.0054062080480982815,0.019315678306378054,0.03997987823910349,0.02475522059692537,0.011476070559500107,0.014385240809597837,0.007366867581237064,0.01663378698206921,0.015373146540360191,0.0036455539696537177,0.0190823386092348,0.5339872905624699,0.3241815685882342,0.10383616522874867,0.0293765587546327,0.008618416865914524,0.1717533709181974,0.26721234625775653,0.15856577145606396,0.10938058992610503,0.07887270080556617,0.06915779474716571,0.052417315355102946,0.03618879609183208,0.05645131444221019,0.0,0.0,0.0,0.0,0.0,0.0,0.0,0.0,0.0,0.0,0.0,0.0,0.0,0.0,0.0,0.0,0.0,0.0,7.234390321610439,1.2894346828867127,-1.5338522805386632,0.15621626908163577,13.266857,-3.491614
Bromsgrove,E07000234,99183,92309,89676,986,85,1562,2414,1022,141,783,468,3159,1854,405,64,410,426,766,278,375,113,535,124,411,47287,8088,11774,6463,4697,4735,3672,2569,2120,3169,50253,32850,11705,3329,1046,,333,15,4144,321,342,4602,6152,1334,1752,2003,1806,934,3576,2262,2569,5653,7452,2039,2021,0.9306937680852565,0.03185021626690058,0.00772309770827662,0.02433884839135739,0.005394069548208867,0.9041468800096791,0.009941219765484004,0.0008570017039210349,0.01574866660617243,0.0006452718711876027,0.0041337729247955795,0.018692719518465867,0.004083361059859048,0.0042950908925924805,0.002802899690471149,0.0037808898702398597,0.001139308147565611,0.007894498049060826,0.0014216145912101872,0.01030418519302703,0.004718550558059345,0.0012502142504259802,0.004143855297782886,0.5066694897311032,0.3312059526330117,0.11801417581642015,0.03356421967474265,0.010546162144722381,0.1710406665679785,0.2489902087254425,0.13667604204115297,0.09932962547846132,0.10013322900585785,0.07765347770000211,0.054327827944255294,0.0448326178442278,0.06701630469262165,0.0,0.0,0.0,0.0,0.0,0.0,0.0,0.0,0.0,0.0,0.0,0.0,0.0,0.0,0.0,0.0,0.0,0.0,3.355153964244102,-2.179727892416618,-3.108266913353522,-0.2492391524814042,21.05028,-2.7187822
Broxbourne,E07000095,99007,80301,67891,1310,155,10945,3930,1309,451,749,1421,3657,1391,322,316,420,1208,6588,3802,1966,820,4531,204,4327,48306,6696,7767,6405,5835,5806,4033,3455,3637,4672,49630,33422,11621,3354,980,,123,19,2515,236,374,6114,8437,2966,2029,2020,2217,1085,3033,2755,2390,4574,5123,2291,2021,0.8110638641712202,0.03693678224771986,0.06654074964396457,0.03969416303897704,0.04576444089811831,0.6857191915723131,0.013231387679659014,0.0015655458704940054,0.11054773904875413,0.003191693516620037,0.004242124294241821,0.014049511650691366,0.003252295292252063,0.012201157493914571,0.03840132515882715,0.019857181815427193,0.008282242669710222,0.007565121658064581,0.004555233468340622,0.013221287383720344,0.014352520528851496,0.0020604603714888844,0.04370398052662943,0.5012776874362419,0.33757209086226225,0.11737553910329572,0.03387639257830254,0.009898290019897582,0.13861632095391876,0.1607874798161719,0.1325922245683766,0.12079244814308782,0.12019210864074856,0.08348859354945555,0.07152320622696974,0.07529085413820229,0.09671676396306877,0.0,0.0,0.0,0.0,0.0,0.0,0.0,0.0,0.0,0.0,0.0,0.0,0.0,0.0,0.0,0.0,0.0,0.0,4.471531611016671,-0.8188167960857652,0.6425963369659818,1.1592898584619282,16.307268,-9.873969
Broxtowe,E07000172,110940,98636,93718,653,26,4239,2819,1179,284,803,553,6152,2390,1232,112,1289,1129,1867,1129,522,216,1466,498,968,51916,5830,12754,6868,4992,5181,3961,3873,3320,5137,51331,38407,15476,4462,1264,,112,29,4698,530,277,4515,8499,2475,1803,2207,1036,672,3124,1969,3215,7035,7673,2046,2021,0.8890932035334415,0.05545339823327925,0.016828916531458446,0.02541013160266811,0.013214350099152694,0.8447629349197765,0.005886064539390661,0.00023436091581034794,0.038209843158464034,0.0010095547142599604,0.011618893095366865,0.021543176491797367,0.011105101856859563,0.010176672074995494,0.010176672074995494,0.004705246078961601,0.0019469983775013521,0.007238146745988823,0.002559942311159185,0.010627366143861547,0.004984676401658554,0.004488912925905895,0.0087254371732468,0.46269154497926807,0.34619614205877053,0.13949882819542095,0.04021993870560663,0.011393546060933839,0.11229678711765159,0.2456660759688728,0.1322906233145851,0.0961553278372756,0.09979582402342245,0.0762963248324216,0.0746012789891363,0.06394945681485477,0.0989483011017798,0.0,0.0,0.0,0.0,0.0,0.0,0.0,0.0,0.0,0.0,0.0,0.0,0.0,0.0,0.0,0.0,0.0,0.0,2.7109401545600815,-2.4708156397283414,-0.38528113386498836,-0.38273656190931366,23.279882,-9.798619
Buckinghamshire,E06000060,553078,442164,401489,6370,623,33682,19570,5940,1902,6744,4984,68318,24181,29546,1673,3010,9908,14269,6811,5668,1790,8757,1561,7196,273236,50441,61466,40954,25760,25403,21485,16538,12757,18432,293915,183564,57178,14525,3897,,1834,344,18806,1016,2296,23745,37081,11789,10159,21512,10569,5264,23582,14902,14443,28204,34234,13450,2021,0.7994604739295361,0.12352326434969389,0.02579925435472031,0.03538379758370429,0.015833209782345346,0.7259175016905391,0.011517362831282386,0.001126423397784761,0.060899186009929884,0.003024889798545594,0.0054422703488477215,0.04372077717790258,0.05342103645417102,0.017914290570226983,0.012314718719601938,0.010248102437630859,0.0032364331974875154,0.012193578482601008,0.0034389362802353376,0.010739895638589856,0.009011387182278088,0.002822386715797772,0.013010823066547576,0.5314169068377336,0.3318953203707253,0.10338143986924087,0.02626211854385819,0.00704602244168092,0.18460598164224334,0.22495571593787056,0.14988508102885417,0.09427747441771948,0.0929709115929087,0.07863165907859872,0.06052643136336354,0.046688576907874514,0.06745816803056698,0.0,0.0,0.0,0.0,0.0,0.0,0.0,0.0,0.0,0.0,0.0,0.0,0.0,0.0,0.0,0.0,0.0,0.0,5.255772842767753,-0.6580436803788718,-2.3673955816782652,1.0376907827600463,16.200956,-2.1428282
Burnley,E07000117,94651,78112,73752,457,83,3820,1505,191,165,826,323,13930,378,10102,2737,164,549,326,180,95,51,778,157,621,40038,3652,5577,4284,3490,4778,4775,3536,4088,5858,42648,31570,13808,5073,1546,,119,25,5775,130,224,3134,7832,1792,1742,1064,666,487,1297,2118,1927,3453,6870,1382,2021,0.8252633358337471,0.14717224329378453,0.0034442319679665297,0.015900518747820943,0.00821967015668086,0.7791993745443788,0.004828263832394797,0.0008769056850957728,0.04035879177187774,0.028916757350688316,0.0017326811127193584,0.0039936186622434,0.10672893049201805,0.0058002556761154135,0.0019017231724968568,0.0010036872299288967,0.0005388215655407761,0.008726796336013354,0.0017432462414554521,0.002017939588593887,0.0034125365817582486,0.001658725211566703,0.006560944945114156,0.45058161033692196,0.3335411141984765,0.1458832975879811,0.05359689807820308,0.016333689026000783,0.09121334732004596,0.13929267196163644,0.10699835156601228,0.08716719116839003,0.11933663020130876,0.1192617013836855,0.08831609970527998,0.10210300214795943,0.1463110045456816,0.0,0.0,0.0,0.0,0.0,0.0,0.0,0.0,0.0,0.0,0.0,0.0,0.0,0.0,0.0,0.0,0.0,0.0,0.5044734863848446,-4.473249153708425,2.6627946907601734,-0.4727417774369698,22.240778,-23.49235
Bury,E08000002,193851,160716,151528,2192,132,6864,5123,1622,746,1670,1085,20593,1866,15148,480,1055,2044,3690,2520,701,469,3729,715,3014,88485,11113,18354,12059,9075,8038,8482,7351,6042,7971,93456,63919,25700,8416,2359,,155,30,6403,448,618,6955,14800,4172,3654,3440,3244,1438,5814,4328,5307,10114,14008,3547,2021,0.8290697494467401,0.10623107438187061,0.019035238404754167,0.02642751391532672,0.019236423851308478,0.7816725216790216,0.011307653816591092,0.0006809353575684418,0.03540863859355897,0.002476128572976152,0.005442324259353834,0.00962594982744479,0.07814249088217239,0.010544180839923447,0.012999675008124796,0.0036161794367839217,0.002419383959845448,0.008614863993479528,0.003848316490500436,0.008367251136181912,0.005597082295164843,0.003688399853495726,0.015548023997812754,0.48210223315845674,0.3297326297001305,0.13257605067809813,0.04341478764618186,0.012169140215939046,0.12559190823303384,0.20742498728598066,0.13628298581680512,0.10255975589082895,0.09084025541052156,0.095858055037577,0.0830762276091993,0.06828275978979488,0.09008306492625869,0.0,0.0,0.0,0.0,0.0,0.0,0.0,0.0,0.0,0.0,0.0,0.0,0.0,0.0,0.0,0.0,0.0,0.0,2.980840717092194,-2.266253159544019,0.3017258225590546,-0.4456923538519499,20.417807,-19.11064
Caerphilly,W06000018,175955,171955,169356,389,38,2172,1754,539,247,535,433,1584,456,155,38,446,489,283,129,93,61,379,87,292,77439,7248,11986,9388,7980,9026,8644,6628,7859,8680,76930,56471,27645,11275,3631,,252,114,10059,623,1242,7296,10959,2986,2931,1842,2648,797,2855,3434,8188,6810,11706,2699,2021,0.9772669148361797,0.009002301724872836,0.001608365775340286,0.009968457844335199,0.0021539598192719727,0.9624960927509875,0.0022107925321815237,0.0002159643090562928,0.01234406524395442,0.0002159643090562928,0.002534738995765963,0.0025915717086755137,0.0008809070500980364,0.002779119661277031,0.0007331419965332045,0.0005285442300588219,0.0003466795487482595,0.0030405501406609646,0.0014037680088659031,0.0030632832258247846,0.002460856468983547,0.0004944446023130915,0.0016595152169588815,0.43721406041317384,0.320940013071524,0.15711403483845301,0.06407888380551846,0.02063595805745787,0.09359624995157478,0.1547798912692571,0.12123090432469427,0.10304885135396893,0.11655625718307312,0.11162334224357236,0.08558994821730652,0.10148633117679721,0.11208822427975568,0.0,0.0,0.0,0.0,0.0,0.0,0.0,0.0,0.0,0.0,0.0,0.0,0.0,0.0,0.0,0.0,0.0,0.0,-0.5153643104407519,-5.122710503842696,1.4844146269825296,-2.553882905399022,33.126778,-24.42376
Calderdale,E08000033,206631,177836,170983,1564,136,5153,4027,1348,372,1458,849,21726,1861,17637,681,415,1132,1439,847,400,192,1603,327,1276,93381,11521,18183,12703,9120,10426,8829,6895,7165,8539,96309,70657,27913,9057,2695,,363,144,9139,343,850,8352,14400,3675,3756,2996,5850,1365,4817,3967,5114,10251,13903,4096,2021,0.8606453049155257,0.10514395226272921,0.006964105095556814,0.01948884726880284,0.007757790457385388,0.8274799037898476,0.0075690482067066415,0.0006581781049310123,0.024938174814040488,0.00329573006954426,0.0020084111290174273,0.00900639303879863,0.08535505321079606,0.0054783648145728375,0.004099094521151231,0.001935817955679448,0.000929192618726135,0.007056056448451587,0.0018003106987818866,0.0065237065106397395,0.0041087736109296285,0.0015825311787679487,0.006175259278617439,0.46609172873382987,0.3419477232361069,0.13508621649220107,0.0438317580614719,0.01304257347639028,0.12337627568777375,0.19471841166832654,0.13603409687195467,0.09766440710637067,0.11165012154506805,0.09454814148488451,0.07383729024105547,0.07672867071459932,0.09144258467996702,0.0,0.0,0.0,0.0,0.0,0.0,0.0,0.0,0.0,0.0,0.0,0.0,0.0,0.0,0.0,0.0,0.0,0.0,1.8447896171466929,-3.3133360939369285,-0.17528312783358269,0.04762507453069443,20.581676,-19.360523
Cambridge,E07000008,145674,108570,77195,1885,110,29380,7410,1152,1010,2987,2261,21626,5916,1500,2874,6362,4974,3561,2519,639,403,4507,1141,3366,70598,7446,29962,8532,4096,3577,4824,3444,2374,6343,80195,46807,13957,3715,1001,,177,46,3853,157,212,2468,6076,1652,3653,7118,1062,686,10027,2663,1982,15145,10671,2955,2021,0.7452942872441204,0.1484547688674712,0.024444993615882038,0.050867004407100784,0.03093894586542554,0.5299161140629076,0.012939851998297568,0.0007551107266911048,0.20168321045622417,0.019728983895547593,0.04367285857462554,0.0406112278100416,0.010296964454878701,0.03414473413237778,0.0172920356412263,0.004386506857778327,0.002766451116877411,0.020504688551148453,0.006933289399618326,0.007908068701346842,0.015520957754987163,0.007832557628677732,0.023106388236747807,0.550510042972665,0.32131334349300494,0.09580982193116136,0.025502148633249584,0.0068715076128890535,0.10547040992662682,0.4244029575908666,0.12085328196266183,0.0580186407546956,0.050667157709850134,0.06833054760758095,0.04878325165018839,0.033627014929601406,0.08984673786792827,0.0,0.0,0.0,0.0,0.0,0.0,0.0,0.0,0.0,0.0,0.0,0.0,0.0,0.0,0.0,0.0,0.0,0.0,9.079207512552292,2.221584737480657,-1.0851849662723614,-1.8649762471688756,10.699964,-5.051427
Camden,E09000007,210136,125064,74348,5325,128,45263,13938,2558,2059,4243,5078,38042,6952,1610,14356,6728,8396,18892,14191,2703,1998,14200,4417,9783,102513,18247,35269,19193,6330,3781,6279,5152,2963,5299,116692,61665,21109,8013,2657,,73,142,2500,330,141,3557,10171,2913,5197,10522,9289,2231,16479,3993,3936,10381,12548,8112,2021,0.5951574218601287,0.18103513914798036,0.08990368142536262,0.06632847298892146,0.06757528457760688,0.3538089618152054,0.02534073171660258,0.0006091293257699775,0.21539859900255073,0.06831766094338905,0.032017360185784445,0.033083336505881904,0.007661704800700499,0.039955076712224466,0.06753245517188868,0.012863098184033198,0.009508128069440742,0.02019168538470324,0.009798416263752998,0.012173068869684394,0.024165302470780827,0.021019720561921803,0.04655556401568508,0.5553165568964861,0.29345281151254426,0.10045399170061294,0.038132447557772106,0.012644192332584611,0.17799693697384722,0.3440441700077063,0.1872250348736258,0.06174826607357116,0.036883127018036733,0.06125076819525328,0.050257040570464234,0.02890365124423244,0.05169100504326281,0.0,0.0,0.0,0.0,0.0,0.0,0.0,0.0,0.0,0.0,0.0,0.0,0.0,0.0,0.0,0.0,0.0,0.0,11.647954771059668,4.36517293427662,0.24859340277250067,-3.9046622914442572,7.892842,-4.7237864
Cannock Chase,E07000192,100523,97131,95019,315,33,1764,1422,732,113,346,231,1208,498,118,68,246,278,472,194,212,66,290,27,263,48876,5429,6719,5789,4675,6953,4814,4112,4597,5788,43559,35779,14742,4955,1485,,133,34,5300,297,742,6494,9259,2988,2051,1149,909,526,1714,2208,2678,4025,6543,1825,2021,0.966256478616834,0.012017150303910549,0.004695442833978294,0.014146016334570197,0.0028849119107070024,0.9452463615292023,0.003133611213354158,0.0003282830794942451,0.017548222794783283,0.0006764621032002626,0.0024472011380480088,0.004954090108731335,0.0011738607084945734,0.0027655362454363677,0.0019299065885419258,0.0021089700864478774,0.0006565661589884902,0.0034419983486366303,0.0011241208479651423,0.007281915581508709,0.0022979815564597157,0.00026859524685892783,0.0026163166638480746,0.43332371696029764,0.3559284939765029,0.1466530047849746,0.049292201784666194,0.01477273857724103,0.11107701121204681,0.13747033308781406,0.11844258940993535,0.09565021687535805,0.1422579589164416,0.09849414845732056,0.08413127097143792,0.09405434159914887,0.11842212947049677,0.0,0.0,0.0,0.0,0.0,0.0,0.0,0.0,0.0,0.0,0.0,0.0,0.0,0.0,0.0,0.0,0.0,0.0,-0.1529547949378457,-4.836766020349851,0.6412025985193294,-0.027847860346808077,29.352108,-17.531372
Canterbury,E07000106,157429,140473,129887,1311,391,8884,4316,983,661,1408,1264,6377,1994,541,431,1357,2054,3906,2928,647,331,2357,675,1682,66164,8502,14588,8689,5530,6890,6524,5248,3466,6727,74034,54597,20762,6224,1812,,617,32,3008,272,333,6011,9980,2478,3864,2340,1599,869,3917,3223,3177,10437,10811,3198,2021,0.8922943040989907,0.04050714925458461,0.024811184724542492,0.0274155333515426,0.014971828570339645,0.8250512929638123,0.008327563536578394,0.0024836593003830297,0.056431788298216976,0.002737742093261089,0.008619758748388162,0.012666027224971257,0.003436469773675752,0.013047151414288347,0.018598860438673943,0.00410978917480261,0.0021025351110659407,0.008943714309307687,0.00419871815230993,0.006244084634978307,0.008029016254946675,0.004287647129817251,0.010684181440522394,0.47026913719835606,0.3468039560690851,0.13188167364335668,0.03953528257182603,0.011509950517376088,0.1284988815670153,0.2204824375793483,0.1313251919472825,0.08358019466779518,0.10413517925155674,0.09860347016504444,0.0793180581585152,0.05238498277008645,0.1016716038933559,0.0,0.0,0.0,0.0,0.0,0.0,0.0,0.0,0.0,0.0,0.0,0.0,0.0,0.0,0.0,0.0,0.0,0.0,3.061015979518196,-2.4716968565466537,-0.38610877516194936,0.020143808921304122,21.250189,-11.660573
Cardiff,W06000015,362310,286931,266533,2335,673,17390,14506,4299,2611,3572,4024,34983,8837,8615,6887,5017,5627,13896,10587,1350,1959,11994,6624,5370,160439,16879,43189,22367,15235,11633,14315,14181,7965,14675,181604,115195,44144,16193,5172,,166,74,7142,1357,1311,9206,20302,5597,9248,7765,8092,2385,10891,6951,14941,19185,27952,7873,2021,0.7919488835527587,0.09655543595263724,0.038353895835058376,0.04003753691590075,0.03310424774364495,0.735649029836328,0.006444757252076951,0.0018575253236178962,0.047997571140735835,0.01900858380944495,0.013847257873092104,0.024390715133449255,0.023777980182716457,0.015530898953934476,0.029220832988324914,0.0037260909166183655,0.005406971930115095,0.009858960558637631,0.007206535839474483,0.011865529518920262,0.011106510998868372,0.01828268609754078,0.014821561646104165,0.5012392702381938,0.3179459578813723,0.1218404129060749,0.04469377052800088,0.014275068311666805,0.10520509352464176,0.2691926526592661,0.13941124040912745,0.09495820841565954,0.0725073080734734,0.08922394180965974,0.08838873341269891,0.049645036431291645,0.09146778526418141,0.0,0.0,0.0,0.0,0.0,0.0,0.0,0.0,0.0,0.0,0.0,0.0,0.0,0.0,0.0,0.0,0.0,0.0,4.746565518599223,-0.8095928064355572,0.9653673740568871,-1.7941471934038684,13.597297,-13.730018
Carmarthenshire,W06000010,187898,182652,176673,649,437,4893,1756,437,255,635,429,2321,562,241,137,379,1002,455,248,138,69,714,264,450,81953,8341,13868,8829,7241,12162,10086,6822,6435,8169,84785,59550,29491,10554,3517,,3483,158,6364,359,730,7474,12435,2983,3710,1566,1362,725,2932,2868,8186,7767,15527,3324,2021,0.9720805969196054,0.01235244654014412,0.002421526572927865,0.009345495960574355,0.0037999340067483424,0.940260141140406,0.0034540016391872187,0.002325729917295554,0.02604072422271658,0.0007291189900903682,0.0020170518047025513,0.0029909844702977148,0.0012826107781881658,0.005332680496865321,0.0013198650331562869,0.0007344410265143855,0.00036722051325719274,0.0033794931292509766,0.001357119288124408,0.002325729917295554,0.0022831536259034155,0.0014050176159405635,0.0023949163908077785,0.4512288582103056,0.3169272690502294,0.1569521761806938,0.05616877241907844,0.018717602103268796,0.10177784827889157,0.1692189425646407,0.10773248081217283,0.08835552084731492,0.14840213292985002,0.12307054043171085,0.08324283430746891,0.07852061547472332,0.09967908435322685,0.0,0.0,0.0,0.0,0.0,0.0,0.0,0.0,0.0,0.0,0.0,0.0,0.0,0.0,0.0,0.0,0.0,0.0,-0.15779287728457314,-5.094755268566711,0.7341230443112506,-1.8061168337816138,34.455414,-22.03243
Castle Point,E07000069,89582,84981,82997,528,31,1425,1446,512,155,419,360,1550,541,164,189,264,392,1179,827,190,162,426,32,394,41006,5373,5837,5381,5352,5501,3806,3106,3152,3498,40925,31438,12324,3807,1093,,77,25,2481,216,429,5927,6122,2526,1406,1252,3270,742,2303,2004,2105,3470,4793,1859,2021,0.9486392355607153,0.017302583108213705,0.013161126119086423,0.016141635596436783,0.004755419615547767,0.9264919291822018,0.005894041213636668,0.0003460516621642741,0.015907213502712597,0.002109798843517671,0.002947020606818334,0.006039159652608783,0.0018307249224174499,0.004375879082851465,0.009231765309995312,0.00212096180036168,0.0018083990087294324,0.004677278917639705,0.0017302583108213703,0.0057154339041325265,0.0040186644638431825,0.0003572146190082829,0.004398204996539483,0.4568440088410618,0.35094103726195,0.13757228014556497,0.04249737670514166,0.012201111830501663,0.13102960542359654,0.14234502267960786,0.13122469882456225,0.13051748524606155,0.13415109983904794,0.09281568550943764,0.07574501292493781,0.07686679998049066,0.08530458957225771,0.0,0.0,0.0,0.0,0.0,0.0,0.0,0.0,0.0,0.0,0.0,0.0,0.0,0.0,0.0,0.0,0.0,0.0,0.8014113649402365,-3.6994580132723027,-0.8091436643247853,0.39836306103237223,31.386646,-7.5226364
Central Bedfordshire,E06000056,294251,265545,245769,3527,436,15813,8885,3121,1095,2572,2097,10321,4684,1312,572,1368,2385,7018,3942,2148,928,2482,493,1989,151077,22832,29383,22805,15297,16739,12379,9605,9246,12791,148210,101486,33332,8817,2407,,1009,77,11657,581,955,17088,23691,7887,5959,7247,4547,2726,9577,8387,9697,15624,17000,7365,2021,0.9024438319665864,0.03507549676976459,0.023850386234881105,0.030195309446696867,0.008434975582071088,0.8352359040411078,0.01198636538193583,0.0014817281844411744,0.05373983435910158,0.0019439186272943848,0.004649092101641116,0.015918382605326745,0.004458778389878029,0.008105325045624313,0.013396725924465848,0.007299890229769822,0.0031537700806454354,0.008740836904547479,0.0037213127567960686,0.010606590971653453,0.0071265688136998686,0.0016754403553428875,0.006759535226728202,0.5036856289358405,0.34489602414265375,0.11327744000870006,0.029964214225270264,0.008180091146674099,0.1511282326230995,0.19449022683797004,0.15094951580981883,0.1012530034353343,0.11079780509276727,0.08193834931855941,0.06357685153928129,0.061200579836771976,0.0846654355063974,0.0,0.0,0.0,0.0,0.0,0.0,0.0,0.0,0.0,0.0,0.0,0.0,0.0,0.0,0.0,0.0,0.0,0.0,3.6436125335124943,-1.7435371621391489,-1.978728876005742,0.9942063679007794,20.963083,-4.671931
Ceredigion,W06000008,71473,68776,65674,430,57,2615,867,190,128,292,257,1096,325,145,76,320,230,366,252,74,40,368,138,230,30119,3363,5368,3108,2452,5437,3147,2408,1712,3124,32195,24054,10881,3328,1017,,2313,39,1419,152,228,2582,4424,848,2145,625,319,367,1308,1171,2252,3895,4423,1620,2021,0.9622654708771144,0.015334461964657983,0.005120814853161334,0.012130454857078896,0.005148797447987352,0.9188644663019602,0.0060162578875939164,0.0007975039525415192,0.036587242735018816,0.0010633386033886921,0.004477215172162915,0.0045471716592279604,0.002028738124886321,0.003217998404992095,0.0035258069480782954,0.001035356008562674,0.0005596518965203643,0.004085458844598659,0.001790886068865166,0.0026583465084717307,0.0035957634351433407,0.0019307990429952568,0.003217998404992095,0.4504498202118282,0.3365466679725211,0.1522393071509521,0.04656303779049431,0.014229149469030263,0.11165709352900163,0.17822636873734188,0.10319067698130747,0.08141040539194529,0.18051728145024734,0.10448554068860189,0.07994953351704905,0.056841196586872075,0.1037219031176334,0.0,0.0,0.0,0.0,0.0,0.0,0.0,0.0,0.0,0.0,0.0,0.0,0.0,0.0,0.0,0.0,0.0,0.0,0.43256958333439044,-4.5609304832729265,-0.02444359379637213,-0.8566001873116074,36.66428,-14.312848
Charnwood,E07000130,183970,151459,143345,1038,70,7006,4660,1355,529,1721,1055,22853,15735,654,2677,1760,2027,2840,2081,518,241,2158,609,1549,84800,11078,17495,11622,7932,9048,7449,6172,5826,8178,90255,63617,22344,6051,1704,,470,221,8602,726,476,7595,14240,4012,3604,2706,2083,953,4666,3811,4358,11843,10731,3704,2021,0.8232809697233244,0.12422134043594064,0.015437299559710823,0.025330216883187477,0.011730173397836604,0.7791759526009675,0.005642224275697124,0.0003804968201337175,0.03808229602652606,0.014551285535685165,0.009566777191933468,0.08553024949720063,0.0035549274338207318,0.011018100777300647,0.011311626895689514,0.002815676468989509,0.0013099961950317986,0.009354786106430396,0.0028754688264390933,0.007365331304016959,0.0057346306463010276,0.003310322335163342,0.008419851062673261,0.4905962928738381,0.3458009458063815,0.12145458498668261,0.032891232266130346,0.009262379735826493,0.1306367924528302,0.20630896226415094,0.13705188679245284,0.0935377358490566,0.10669811320754717,0.08784198113207548,0.07278301886792453,0.06870283018867925,0.09643867924528302,0.0,0.0,0.0,0.0,0.0,0.0,0.0,0.0,0.0,0.0,0.0,0.0,0.0,0.0,0.0,0.0,0.0,0.0,3.180370297145565,-2.180920159852503,-0.7560008473913769,0.7264344027058154,21.979347,-8.287875
Chelmsford,E07000070,181523,160701,150758,1536,255,8152,4724,1354,722,1438,1210,9646,4728,1124,841,1133,1820,4756,3373,796,587,1696,384,1312,89862,13598,20713,13126,9815,8348,6873,5736,4399,7254,93611,61388,19993,5089,1442,,497,54,4619,289,582,9214,11799,3986,3367,4165,7845,1438,6840,4535,5614,8824,12309,3885,2021,0.8852927728166679,0.0531392716074547,0.026200536571123218,0.026024250370476468,0.00934316863427775,0.8305173449094605,0.008461737631044,0.001404780661403789,0.04490890961475956,0.004633021710747399,0.006241633291648992,0.02604628614555731,0.006192052797717094,0.010026277661783906,0.01858166733692149,0.004385119241087906,0.00323374999311382,0.007921861141563328,0.003977457402092297,0.007459109864865609,0.006665821961955234,0.002115434407761,0.00722773422651675,0.515697735273216,0.33818304016570905,0.11014031279782727,0.02803501484660346,0.007943896916644173,0.15132091429080144,0.23049787451870646,0.14606841601566847,0.10922303086955554,0.09289799915425875,0.07648394204446818,0.0638312078520398,0.04895283879726692,0.08072377645723443,0.0,0.0,0.0,0.0,0.0,0.0,0.0,0.0,0.0,0.0,0.0,0.0,0.0,0.0,0.0,0.0,0.0,0.0,3.929105896789885,-1.4667740906669822,-2.4378462235230502,0.7377972514505876,20.400776,-4.3025007
Cheltenham,E07000078,118836,108559,98932,1031,80,8516,2949,641,390,1139,779,4922,2005,292,480,864,1281,1181,813,217,151,1225,322,903,59158,7892,14593,7823,6836,4921,4702,4264,2805,5322,60237,39932,13876,3695,1097,,153,84,4353,465,291,4072,8042,1454,3268,3384,2554,814,4520,2973,5216,6634,8243,2638,2021,0.9135194722138072,0.04141842539297856,0.009938065905954424,0.02481571241038069,0.010308324076879061,0.832508667407183,0.008675822141438621,0.0006731966744084284,0.0716617859907772,0.004039180046450571,0.007270524083611027,0.016871991652361237,0.0024571678615907637,0.01077956174896496,0.006841361203675654,0.001826045979332862,0.0012706587229459087,0.00958463765189,0.0032818337877410886,0.005393988353697533,0.006555252617052072,0.0027096166144939243,0.007598707462385136,0.5068918509542563,0.33602612003096705,0.11676596317614191,0.031093271399239286,0.009231209397825575,0.1334054565739207,0.2466783866932621,0.13223908854254707,0.11555495452855066,0.08318401568680482,0.07948206497853207,0.07207816356198654,0.047415396058014134,0.0899624733763819,0.0,0.0,0.0,0.0,0.0,0.0,0.0,0.0,0.0,0.0,0.0,0.0,0.0,0.0,0.0,0.0,0.0,0.0,3.5672868176552712,-1.6589267490100232,-1.9145191547930867,-0.003870188190248472,20.12961,-5.9375577
Cherwell,E07000177,161015,141831,125422,1245,178,14986,4614,1225,730,1438,1221,9706,2795,3153,288,1411,2059,2845,1731,690,424,2019,376,1643,84972,11634,16522,11364,7778,8701,6661,6674,6628,9010,81759,55298,17966,4699,1296,,913,87,8674,351,627,6641,14536,4015,3771,4410,1644,1066,5821,4403,4622,8792,10487,4113,2021,0.8808558208862528,0.06028009812750365,0.017669161258267865,0.02865571530602739,0.012539204421948266,0.7789460609260007,0.007732198863459926,0.001105487066422383,0.09307207403036984,0.0017886532310654286,0.00876315871192125,0.017358631183430114,0.01958202651926839,0.012787628481818464,0.010750551190882838,0.004285315032760923,0.0026332950346241034,0.008930844952333634,0.004533739092631122,0.007607986833524827,0.007583144427537807,0.002335186162779865,0.0102040182591684,0.5077725677731888,0.3434338415675558,0.11157966649069963,0.029183616433251562,0.00804893953979443,0.13691568987431155,0.19444052158358047,0.13373817257449513,0.09153603539989644,0.10239843713223179,0.07839052864473003,0.0785435202184249,0.07800216541919691,0.1060349291531328,0.0,0.0,0.0,0.0,0.0,0.0,0.0,0.0,0.0,0.0,0.0,0.0,0.0,0.0,0.0,0.0,0.0,0.0,3.6782064635491465,-1.7877955278478477,-0.8675845355154758,0.9220279508259024,20.123947,-7.938637
Cheshire East,E06000049,398772,376543,357337,2559,345,16302,7059,1952,884,2473,1750,9531,3480,1437,626,1543,2445,2422,1472,608,342,3217,709,2508,192488,31910,41211,26358,17063,17214,15574,13131,11778,18249,198755,132827,48431,14513,4243,,2765,280,19113,876,1133,13406,30000,9797,8105,9476,8196,3190,15702,9998,7422,17293,27137,8596,2021,0.9442563670468338,0.023900875688363275,0.006073646093507067,0.017701844663115765,0.008067266508180113,0.8960935070666948,0.006417200806475881,0.0008651560290090578,0.040880503144654086,0.0015698193453903483,0.003869378993510076,0.008726791249134844,0.0036035629382203363,0.00613132316210767,0.0036913323904386466,0.0015246807699637887,0.0008576329331046312,0.006201538723882319,0.002216805593171035,0.004895027735146901,0.004388472610915511,0.001777958332079484,0.006289308176100629,0.4984176421614356,0.3330900865657569,0.12145035258242805,0.03639423028698103,0.010640165307494006,0.16577656788994638,0.2140964631561448,0.1369332114209717,0.08864448692905531,0.08942895141515315,0.08090893977806408,0.06821723951622959,0.0611882299156311,0.09480590997880388,0.0,0.0,0.0,0.0,0.0,0.0,0.0,0.0,0.0,0.0,0.0,0.0,0.0,0.0,0.0,0.0,0.0,0.0,2.8058945480789177,-2.7384913664887924,-2.174858255294371,-0.40173177214688127,24.995604,-7.995069
Cheshire West and Chester,E06000050,357149,340361,325620,2651,354,11736,5291,1181,904,1961,1245,7231,2338,656,742,1337,2158,2107,1515,373,219,2159,595,1564,169088,23721,34739,22261,14966,15809,14821,13851,11667,17253,174349,118810,45293,14499,4199,,2137,441,16052,1018,1410,11795,27325,7422,8986,6241,7500,2639,12304,8674,8310,15657,23563,7614,2021,0.9529944084961739,0.02024645176102971,0.005899498528625308,0.014814545189822736,0.006045096024348382,0.9117203184105234,0.007422672330035923,0.0009911829516532317,0.03286023480396137,0.0020775642658946267,0.0037435356111874874,0.0065462874038566534,0.0018367684075833895,0.006042296072507553,0.004241927038854932,0.00104438203662897,0.000613189453141406,0.00549070555986437,0.0025311564641088175,0.003306743124018267,0.0034859400418312805,0.001665971345292861,0.00437912467905552,0.4881688034965799,0.33266227820881483,0.1268182187266379,0.04059650174017007,0.01175699777963819,0.14028789742619227,0.20544923353520061,0.13165334027252082,0.08851012490537472,0.09349569454958365,0.08765258327024981,0.0819159254352763,0.06899957418622256,0.10203562641937926,0.0,0.0,0.0,0.0,0.0,0.0,0.0,0.0,0.0,0.0,0.0,0.0,0.0,0.0,0.0,0.0,0.0,0.0,2.0803272323854967,-3.196928404897015,-1.26508456073779,-0.6523094056073604,25.41869,-9.947264
Chesterfield,E07000034,103568,98857,96392,415,30,2020,1498,594,185,363,356,1950,679,416,75,363,417,839,444,260,135,424,83,341,47532,4995,7994,5317,4528,5337,5679,4290,3865,5527,42969,36035,17062,5874,1629,,112,108,4245,273,477,4351,8527,2582,2156,1618,916,408,2012,2103,2809,4184,8796,1855,2021,0.954512976981307,0.018828209485555383,0.008100957824810752,0.014463927081724086,0.0040939286266028115,0.9307121890931562,0.004007029198207941,0.0002896647613162367,0.019504093928626603,0.0007241619032905917,0.003504943611926464,0.006556079097790823,0.004016684690251815,0.00402634018229569,0.004287038467480303,0.0025104279314073843,0.001303491425923065,0.003504943611926464,0.0017862660281167929,0.005735362274061486,0.003437355167619342,0.0008014058396415882,0.0032925227869612236,0.4148868376332458,0.3479356558010196,0.16474200525258767,0.05671636026571914,0.01572879653947165,0.10508709921736935,0.1681814356643945,0.1118614827905411,0.09526213919044012,0.11228225195657662,0.1194774046957839,0.09025498611461752,0.08131364133636287,0.116279559033914,0.0,0.0,0.0,0.0,0.0,0.0,0.0,0.0,0.0,0.0,0.0,0.0,0.0,0.0,0.0,0.0,0.0,0.0,-0.14679194466173578,-4.910410438255177,1.4537359328310788,-1.159457241039046,32.77848,-21.110956
Chichester,E07000225,124071,118404,111822,862,294,5426,2047,450,293,720,584,2168,624,61,176,413,894,783,453,218,112,669,147,522,56366,9565,11241,8152,4530,6561,5243,3640,2478,4956,60839,42522,15366,4178,1163,,1122,37,3702,147,261,4892,7484,1586,3203,2449,1750,1241,4040,3438,3660,5455,8524,3371,2021,0.9543245399811399,0.017473865770405654,0.006310902628333777,0.016498617726946666,0.005392073893174069,0.9012742703774451,0.006947634821997083,0.0023696109485697703,0.043733023833127806,0.0014185426086676177,0.0033287391896575347,0.005029378339821554,0.0004916539723222994,0.007205551659936649,0.0036511352370819936,0.0017570584584632992,0.000902708932788484,0.005803128853640254,0.002361551047384159,0.003626955533525159,0.004706982292397095,0.0011848054742848852,0.004207268418889185,0.4903563282314159,0.3427231182145707,0.12384844161810576,0.0336742671534847,0.009373665078866134,0.1696944966823972,0.19942873363375085,0.14462619309512828,0.08036759748784729,0.1163999574211404,0.09301706702622148,0.06457793705425256,0.043962672533087326,0.08792534506617465,0.0,0.0,0.0,0.0,0.0,0.0,0.0,0.0,0.0,0.0,0.0,0.0,0.0,0.0,0.0,0.0,0.0,0.0,2.6578423544940475,-3.0042379695787207,-2.703018535073822,0.35457703387593514,26.013758,-2.6237953
Chorley,E07000118,117733,112588,109449,630,57,2452,1773,649,236,520,368,2204,747,767,119,307,264,653,308,247,98,515,236,279,57244,8036,11870,7928,5443,5815,5299,3877,3793,5183,57332,39109,15198,4735,1358,,478,44,4948,353,475,5494,8984,2364,2137,1955,1374,897,3422,2714,4344,5778,9021,2460,2021,0.9562994232713004,0.018720324802731603,0.005546448319502603,0.015059499035954235,0.004374304570511241,0.9296373998793881,0.005351091028004043,0.0004841463311051277,0.020826786032803038,0.0010107616386229859,0.0026075951517416525,0.006344865076061937,0.006514740981712858,0.0022423619545921705,0.002616088947024199,0.002097967434788887,0.0008323919376895178,0.004416773546923972,0.0020045356866808797,0.005512473138372419,0.0031257166639769647,0.0020045356866808797,0.0023697688838303617,0.486966271138933,0.3321838397050954,0.12908870070413564,0.04021812066285579,0.011534573993697604,0.14038152470127874,0.2073579763818042,0.13849486409055972,0.0950842009642932,0.10158269862343652,0.0925686534833345,0.0677276221088673,0.0662602194116414,0.09054224023478444,0.0,0.0,0.0,0.0,0.0,0.0,0.0,0.0,0.0,0.0,0.0,0.0,0.0,0.0,0.0,0.0,0.0,0.0,1.919671815269044,-3.3311681394354564,-1.7010978920452933,-0.6928538929872663,26.46467,-10.275019
City of London,E09000001,8584,5955,3649,185,0,2121,470,53,49,179,189,1445,321,33,287,545,259,232,153,54,25,482,114,368,5346,1104,2349,1027,267,97,152,122,50,178,4937,2726,687,186,47,,0,1,107,2,2,118,309,68,178,589,1063,88,1265,194,220,375,340,433,2021,0.6937325256290774,0.16833643988816402,0.02702702702702703,0.054753028890959926,0.05615097856477167,0.4250931966449208,0.021551724137931036,0.0,0.24708760484622552,0.03343429636533085,0.06349021435228332,0.03739515377446412,0.0038443616029822927,0.03017241379310345,0.01782385834109972,0.006290773532152842,0.002912395153774464,0.020852749301025163,0.005708294501397949,0.006174277726001864,0.022017707362534947,0.013280521901211557,0.04287045666356011,0.5751397949673812,0.31756756756756754,0.08003261882572227,0.021668219944082013,0.005475302889095993,0.20650953984287318,0.4393939393939394,0.19210624766180323,0.04994388327721661,0.018144407033295923,0.02843247287691732,0.022820800598578377,0.00935278713056491,0.033295922184811075,0.0,0.0,0.0,0.0,0.0,0.0,0.0,0.0,0.0,0.0,0.0,0.0,0.0,0.0,0.0,0.0,0.0,0.0,12.835049677109332,5.0443219149003395,-4.141594566584533,-3.5235178708228228,9.849133,-3.8417618
Colchester,E07000071,192716,167701,155488,1192,175,10846,5602,1428,982,1659,1533,9907,3027,743,767,1834,3536,6661,4904,961,796,2845,731,2114,92015,11921,18906,13059,8486,9315,9682,6866,5425,8355,94777,66963,22916,6281,1778,,564,66,4375,361,603,9239,13173,4055,4019,3615,4521,1540,5558,4685,6052,10230,15491,3874,2021,0.8701975964631894,0.051407252122293946,0.0345638141098819,0.029068681375703107,0.014762655928931692,0.8068245501151954,0.0061852674401710285,0.0009080719815687333,0.056279706926254176,0.003979949770646962,0.009516594366840325,0.015707050789763175,0.0038554141846032504,0.018348243010440232,0.025446771414931818,0.004986612424500301,0.004130430270449781,0.008608522385271591,0.0050955810622885485,0.0074098673696008635,0.007954710558542103,0.0037931463915813943,0.010969509537350298,0.4917962182693705,0.3474698520102119,0.11891072874073766,0.03259200066418979,0.00922601133273833,0.12955496386458729,0.20546650002716949,0.1419225126338097,0.09222409389773406,0.10123349453893386,0.10522197467804162,0.07461826876052817,0.05895777862305059,0.09080041297614519,0.0,0.0,0.0,0.0,0.0,0.0,0.0,0.0,0.0,0.0,0.0,0.0,0.0,0.0,0.0,0.0,0.0,0.0,3.5251845173054295,-1.9556328312320919,-0.6150735005852332,0.30703833346951603,20.071587,-11.508208
Conwy,W06000003,114743,111176,107926,843,104,2303,1254,326,189,457,282,1651,373,195,179,433,471,271,162,60,49,391,116,275,48722,5936,8308,5596,4093,6521,6327,4194,2984,4763,51092,38345,17780,5819,1706,,1166,148,2201,346,407,4205,7396,1519,4087,1053,686,795,2137,2218,4122,4622,9272,2343,2021,0.9689131363133263,0.014388677304933635,0.0023617998483567624,0.010928771254019852,0.003407615279363447,0.9405889683902287,0.0073468534028219585,0.0009063733735391265,0.02007094114673662,0.0015600080179183043,0.0037736506802157864,0.0032507429647124445,0.0016994500753858624,0.004104825566701237,0.001411850831859024,0.0005229077155033422,0.00042704130099439615,0.003982813766417123,0.0016471593038355282,0.002841131920901493,0.0024576662628657086,0.001010954916639795,0.002396660362723652,0.4452733500082794,0.33418160584959433,0.15495498636082375,0.050713333275232475,0.014868009377478364,0.1218340790607939,0.17051845162349658,0.11485571199868642,0.08400722466237018,0.13384097532941996,0.12985920118221747,0.08608021017199623,0.06124543327449612,0.09775871269652313,0.0,0.0,0.0,0.0,0.0,0.0,0.0,0.0,0.0,0.0,0.0,0.0,0.0,0.0,0.0,0.0,0.0,0.0,0.31053721439631377,-4.723546309717719,0.19712119352280988,-1.4351873446641188,34.585464,-20.446655
Cornwall,E06000052,570305,552130,533882,2455,717,15076,7030,1693,895,2446,1996,4032,784,233,319,1033,1663,1058,574,302,182,6055,298,5757,254248,32386,39181,28474,20774,39684,28356,20800,17293,27300,260855,191185,82985,26972,8308,,7055,1188,16390,1007,2072,27255,40379,8833,21925,5953,2932,4077,12865,12802,14028,23128,39849,12510,2021,0.968131087751291,0.007069901193221171,0.0018551476841339282,0.01232673744750616,0.010617125923847765,0.9361341738192721,0.004304714144186005,0.0012572220127826338,0.026434977775050193,0.0005593498215866948,0.0018113114912196105,0.0013747030097930055,0.0004085533179614417,0.0029159835526604188,0.0010064789893127362,0.0005295412104049588,0.0003191274844162334,0.004288933114736851,0.0015693357063325765,0.0029685869841576,0.003499881642279131,0.0005225274195386679,0.010094598504309098,0.45739560410657454,0.3352329016929538,0.14550985875978642,0.047293991811399164,0.014567643629286083,0.12737956640760204,0.15410544035744628,0.11199301469431422,0.0817076240521066,0.15608382366822945,0.11152890091564142,0.08180988641011926,0.06801626758125924,0.10737547591328152,0.0,0.0,0.0,0.0,0.0,0.0,0.0,0.0,0.0,0.0,0.0,0.0,0.0,0.0,0.0,0.0,0.0,0.0,0.4507829088767315,-4.685855065004107,-0.06879637063506025,-0.7352364303317699,36.392223,-13.847129
Cotswold,E07000079,90830,87510,83545,635,71,3259,1393,288,171,493,441,1195,387,52,56,235,465,402,261,78,63,330,33,297,44079,8540,8375,5834,3804,5403,3585,2872,1972,3694,45781,31041,10559,2698,753,,1322,98,3154,297,272,3845,6280,1241,2757,2312,1837,900,3937,2678,2102,3986,4436,2622,2021,0.9634481999339425,0.01315644610811406,0.004425850489926236,0.015336342618077727,0.0036331608499394472,0.9197952218430034,0.006991082241550149,0.0007816800616536387,0.03588021578773533,0.000616536386656391,0.0025872509082902123,0.004260706814928988,0.0005724980733237917,0.005119453924914676,0.002873499944952108,0.0008587471099856875,0.0006936034349884399,0.0054277221182428715,0.0018826378949686228,0.003170758559947154,0.00485522404491908,0.00036331608499394475,0.0032698447649455024,0.5040295056699329,0.3417483210393042,0.11625013761972916,0.02970384234283827,0.00829021248486183,0.19374305224710178,0.18999977313459923,0.13235327480205994,0.08629959844824066,0.12257537602940176,0.08133124617164636,0.06515574309762018,0.04473785702942444,0.08380407903990562,0.0,0.0,0.0,0.0,0.0,0.0,0.0,0.0,0.0,0.0,0.0,0.0,0.0,0.0,0.0,0.0,0.0,0.0,2.6595866844499088,-2.92358148264277,-3.304336006499022,0.3997884464607626,24.231594,-3.279344
County Durham,E06000047,522067,505471,494638,1384,798,8651,4949,906,914,1962,1167,7834,2148,730,300,2838,1818,1740,1202,284,254,2073,825,1248,222215,22537,37179,26917,21178,26099,23112,19432,20568,25193,224293,176980,81624,30167,9004,,2329,810,24271,1837,2157,20087,32612,10228,10094,5391,3926,2978,8805,9727,20085,24092,33805,8978,2021,0.968210976752026,0.01500573681155867,0.003332905546606087,0.009479626178249151,0.0039707547115600105,0.9474607665299665,0.0026510007336223128,0.001528539440340033,0.016570670048097275,0.000574638887345877,0.005436083874291997,0.0041144144333964796,0.001398287959208301,0.003482311657316015,0.0023023864752991473,0.0005439914800207637,0.0004865275912861759,0.003758138323242036,0.0017507331434471055,0.0017354094397845487,0.0022353452717754616,0.0015802569402011619,0.0023904977713588484,0.42962493319822936,0.33899863427491106,0.15634774846906624,0.05778377104854358,0.01724682847220759,0.10141979614337467,0.16731093760547217,0.12113043673919402,0.09530409738316495,0.11744931710280584,0.1040073802398578,0.08744684202236573,0.09255900816776545,0.11337218459599938,0.0,0.0,0.0,0.0,0.0,0.0,0.0,0.0,0.0,0.0,0.0,0.0,0.0,0.0,0.0,0.0,0.0,0.0,-0.10055552721558061,-4.877595632843885,0.8858770399746732,-1.3242502214213399,31.639795,-22.388397
Coventry,E08000026,345321,226246,190889,5662,294,29401,11731,4597,1663,3182,2289,63915,32096,12658,4257,4571,10333,30723,24109,3459,3155,12706,2482,10224,150145,12956,28834,17300,13652,13277,14380,12570,13271,23905,167651,116149,43030,14126,4369,,276,68,15807,1503,1369,9303,24769,12327,7150,5580,4110,1704,6699,7515,6700,17612,22609,5037,2021,0.6551759087921094,0.1850886566412121,0.08896939369456246,0.03397129048045152,0.03679475039166457,0.5527871169144072,0.016396338479270012,0.0008513817578427029,0.08514107164058948,0.012327660350804034,0.013236959235030595,0.09294540442081425,0.03665574928834331,0.029922883346219894,0.06981619999942083,0.010016767008088127,0.009136426687053495,0.009214614807671703,0.004815809058817738,0.01331225149932961,0.006628615114632473,0.007187515384236696,0.02960723500742787,0.48549320776900334,0.3363508156179323,0.12460869741486906,0.040906866364918436,0.012651996258553636,0.08628991974424723,0.19204102700722636,0.11522195211295748,0.09092543874254887,0.08842785307536048,0.09577408505111726,0.08371907156415465,0.08838789170468547,0.1592127609977022,0.0,0.0,0.0,0.0,0.0,0.0,0.0,0.0,0.0,0.0,0.0,0.0,0.0,0.0,0.0,0.0,0.0,0.0,4.380605194735949,-0.7965207821410173,3.838214883773496,0.7928447242228491,14.927966,-16.85866
Crawley,E07000226,118492,86939,73178,831,103,12827,4838,1083,1002,1291,1462,18236,7335,6122,626,563,3590,5331,3296,683,1352,3148,675,2473,58903,5955,8798,7254,5770,5330,6828,5601,5531,7836,58152,41451,13754,3975,1161,,69,102,3242,496,342,4552,9564,7573,3594,2571,2717,554,2614,4528,2739,3711,7771,2162,2021,0.7337119805556493,0.15390068527833103,0.04499037909732303,0.04082976065894744,0.02656719440974918,0.6175775579785977,0.007013131688215238,0.0008692569962529115,0.10825203389258346,0.00528305708402255,0.004751375620295041,0.061902913276845696,0.051665935253012864,0.03029740404415488,0.02781622388009317,0.005764102217871249,0.011410052999358607,0.010895250312257368,0.008456267089761334,0.009139857543125273,0.012338385713803463,0.005696587111366168,0.020870607298383012,0.49076730918543027,0.34982108496776154,0.11607534685885967,0.03354656854471188,0.009798129831549809,0.10109841603993006,0.14936420895370356,0.12315162215846391,0.09795765920241753,0.0904877510483337,0.11591939290019185,0.09508853538868987,0.09390014090963109,0.13303227339863843,0.0,0.0,0.0,0.0,0.0,0.0,0.0,0.0,0.0,0.0,0.0,0.0,0.0,0.0,0.0,0.0,0.0,0.0,3.9584216206480343,-1.3692328426611369,2.9851219661592254,1.6882924989949915,17.039595,-16.269697
Croydon,E09000008,390724,188985,146268,4935,212,37570,29745,10380,4453,5740,9172,68487,29563,15345,3549,3950,16080,88441,40219,36108,12114,15066,2259,12807,189407,24114,43348,26739,19333,15968,18250,13735,10765,17155,200050,130711,43327,12733,3898,,106,162,4985,636,640,16324,24826,10053,8672,11197,10915,3807,14574,11877,13025,18720,29657,9241,2021,0.4836790163900861,0.1752822964547865,0.2263515934521555,0.076127906143467,0.038559187559504916,0.3743512044307491,0.012630398951689683,0.0005425824878942681,0.09615483051975307,0.009083137969513006,0.010109437864067731,0.07566210419631249,0.03927324658838464,0.041154369836508636,0.10293455226707343,0.09241305883436901,0.031003982350713034,0.014690676794873108,0.011396791597137622,0.0265660670959552,0.02347437065550107,0.005781574717703545,0.032777612841801376,0.5119982391662657,0.33453537535447014,0.11088901628771204,0.03258822084130998,0.009976351593452155,0.1273131404858321,0.228861657700085,0.14117218476613852,0.10207120116996732,0.08430522631159355,0.09635335547260661,0.07251579931047955,0.05683528063904713,0.09057215414425021,0.0,0.0,0.0,0.0,0.0,0.0,0.0,0.0,0.0,0.0,0.0,0.0,0.0,0.0,0.0,0.0,0.0,0.0,8.67371331593522,2.953451542778845,4.743657697510296,1.6719166631423565,5.196765,-7.671247
Cumberland,E06000063,273254,266889,259836,841,264,5948,2050,397,319,764,570,2715,656,218,278,626,937,606,473,95,38,994,296,698,127751,12997,20084,14187,10661,18250,12881,10008,13506,15177,123108,93169,40220,13041,3716,,3951,215,10828,1179,9396,12743,18178,6100,8086,2139,1486,1303,5277,5939,7872,9827,18363,4872,2021,0.9767066538824684,0.00993581063772168,0.002217716849524618,0.007502177461263147,0.0036376411690222286,0.9508955038169615,0.0030777225584986863,0.0009661340730602296,0.021767293433947902,0.0010173684557225147,0.0022909088247564536,0.002400696787604207,0.0007977925300270078,0.003429044039611497,0.0017309902142329115,0.00034766188235121903,0.0001390647529404876,0.0027959334538561194,0.0011674120049477775,0.0014528607083519364,0.0020859712941073143,0.0010832412334311665,0.002554399935591062,0.4505258843420407,0.34096115701874447,0.14718906219122135,0.04772482744991839,0.01359906899807505,0.10173697270471464,0.15721207661779554,0.11105196828204868,0.08345140155458666,0.14285602461037486,0.10082895632910897,0.07833989557811681,0.10572128593905332,0.11880141838420051,0.0,0.0,0.0,0.0,0.0,0.0,0.0,0.0,0.0,0.0,0.0,0.0,0.0,0.0,0.0,0.0,0.0,0.0,-0.07602287649878656,-4.990544226668812,0.2925017515398327,-0.3737507846484304,29.026615,-19.599741
Dacorum,E07000096,155081,134602,122107,2102,194,10199,5266,1536,697,1687,1346,8948,3397,2588,461,757,1745,4411,2822,1023,566,1854,396,1458,77199,12798,16172,11749,7353,7396,6181,4949,3979,6622,80604,51271,17171,4784,1251,,266,64,4199,282,506,7917,11888,3915,3364,5577,2727,1397,6015,4651,3705,7630,9027,4069,2021,0.8679464279956925,0.057698879940160305,0.028443200649982913,0.033956448565588306,0.011955042848575905,0.78737562950974,0.013554207156260278,0.001250959176172452,0.06576563215351977,0.0029726401042036096,0.004881320084343021,0.0219046820693702,0.016688053339867552,0.01125218434237592,0.01819694224308587,0.006596552769198032,0.003649705637699009,0.010878186238159414,0.004494425493774221,0.009904501518561268,0.008679335315093403,0.002553504297754077,0.009401538550821828,0.5197541929701253,0.33060787588421536,0.11072278357761428,0.030848395354685615,0.00806675221335947,0.16577934947343878,0.20948457881578778,0.15219109055816785,0.09524734776357206,0.09580434979727717,0.0800658039611912,0.06410704801875672,0.051542118421223075,0.08577831319058538,0.0,0.0,0.0,0.0,0.0,0.0,0.0,0.0,0.0,0.0,0.0,0.0,0.0,0.0,0.0,0.0,0.0,0.0,4.586223025420358,-1.0930194433687868,-1.9621028996604952,0.3955549442489631,18.00499,-3.7101083
Darlington,E06000005,107796,101725,97320,342,434,3629,1472,384,198,516,374,2966,1086,195,759,308,618,701,456,135,110,932,329,603,49296,5230,8463,5973,4961,5042,4895,4657,3847,6228,48749,37324,15383,5016,1328,,311,135,4239,184,295,3760,8468,2869,2295,2053,1455,522,2158,2351,4199,4293,7872,1836,2021,0.943680656054028,0.027514935619132437,0.006503024230954766,0.013655423206798026,0.008645960889086793,0.9028164310364021,0.0031726594678837803,0.004026123418308657,0.03366544213143345,0.007041077591005232,0.0028572488775093696,0.010074585327841478,0.001808972503617945,0.00573305131915841,0.00423021262384504,0.0012523655794278081,0.0010204460276819177,0.0047868195480351775,0.001836802849827452,0.0035622843148168763,0.00346951649411852,0.0030520613009759174,0.005593899588110876,0.45223384912241643,0.34624661397454454,0.14270473858028127,0.04653233886229545,0.012319566588741697,0.10609380071405387,0.17167721518987342,0.12116601752677703,0.10063696851671536,0.10228010386238234,0.09929811749432002,0.09447013956507627,0.07803878610840637,0.12633885102239534,0.0,0.0,0.0,0.0,0.0,0.0,0.0,0.0,0.0,0.0,0.0,0.0,0.0,0.0,0.0,0.0,0.0,0.0,0.7654357371753469,-4.108962958122613,0.23125455156696434,0.6510266631233113,35.53886,-8.996881
Dartford,E07000107,116754,86936,78557,812,309,7258,3638,1004,723,980,931,11513,5123,760,1052,1165,3413,12282,9812,1141,1329,2385,254,2131,58824,7555,12101,7748,6827,6203,4860,4068,4062,5400,61128,38680,12556,3390,999,,97,52,2704,312,527,7002,8687,3843,2398,2821,3238,1175,3760,3038,3460,5062,8286,2359,2021,0.7446083217705604,0.09860904123199205,0.10519553933912329,0.031159532007468696,0.020427565650855645,0.6728420439556675,0.006954793840039742,0.0026465902667146307,0.06216489370813848,0.009010397930691883,0.009978244856707265,0.043878582318378816,0.006509412953731778,0.029232403172482314,0.08403994723949501,0.00977268444764205,0.011382907651986228,0.00839371670349624,0.006192507323089573,0.008599277112561454,0.007974030868321429,0.002175514329273515,0.01825205132158213,0.5235623618891002,0.33129485927676994,0.10754235400928448,0.029035407780461483,0.008556452027339534,0.12843397252821978,0.20571535427716578,0.13171494628042976,0.11605807153542771,0.10545015639874881,0.08261933904528763,0.06915544675642595,0.06905344757241942,0.09179926560587515,0.0,0.0,0.0,0.0,0.0,0.0,0.0,0.0,0.0,0.0,0.0,0.0,0.0,0.0,0.0,0.0,0.0,0.0,4.7708579191136815,-0.5093855007726098,0.06445915327713604,1.6413983408948785,14.865673,-9.952591
Denbighshire,W06000004,95820,92488,90470,484,62,1472,1052,313,162,350,227,1650,332,166,115,337,700,268,179,44,45,362,119,243,40846,4563,7009,4490,3448,5368,5307,3310,3272,4079,43115,31254,14621,5179,1648,,1091,75,3180,271,309,3745,5893,1458,2305,903,538,595,1645,1714,3094,3623,8662,1748,2021,0.9652264662909622,0.017219787100814028,0.00279691087455646,0.010978918806094761,0.003777916927572532,0.9441661448549363,0.005051137549572114,0.0006470465456063452,0.015362137340847423,0.001200166979753705,0.003517011062408683,0.003464829889375913,0.0017324149446879566,0.0073053642245877685,0.001868085994573158,0.000459194322688374,0.000469630557294928,0.0036526821122938842,0.0016906700062617407,0.003266541431851388,0.0023690252556877477,0.0012419119181799206,0.0025360050093926113,0.4499582550615738,0.3261740763932373,0.15258818618242537,0.054049259027342936,0.01719891463160092,0.11171228516868237,0.1715957498898301,0.10992508446359496,0.08441463056358028,0.1314204573275229,0.12992704303971014,0.0810360867649219,0.08010576311021887,0.0998628996719385,0.0,0.0,0.0,0.0,0.0,0.0,0.0,0.0,0.0,0.0,0.0,0.0,0.0,0.0,0.0,0.0,0.0,0.0,0.1343432445592239,-4.888669691974363,0.6996697101029479,-1.9026453268201646,34.39038,-21.301
Derby,E06000015,261364,192871,173077,1982,408,17404,9562,4178,924,2412,2048,40901,12631,21034,827,1416,4993,10482,6110,3056,1316,7548,1032,6516,116200,10517,21692,13293,9880,10981,11704,9862,11558,16713,119809,90551,35857,11542,3605,,214,94,14662,684,1116,8010,19177,9121,5754,3575,1638,1194,5236,5827,5149,10865,19867,4025,2021,0.7379401906919086,0.15649056488269233,0.04010498768001714,0.03658499257740163,0.028879264167980288,0.6622067308428092,0.007583293797156456,0.0015610413063773128,0.06658912474556557,0.0031641695107206807,0.005417731592721262,0.048327237109930976,0.08047780107436373,0.019103625594955695,0.023377358779326916,0.011692505471296735,0.005035123429393489,0.009228508899465878,0.0035352994291486203,0.015985369063834347,0.007835815184952787,0.003948516245542615,0.024930747922437674,0.45839901440137126,0.3464555179749315,0.13719180912443948,0.04416063421129153,0.013793024287966207,0.09050774526678142,0.18667814113597245,0.11439759036144578,0.08502581755593804,0.09450086058519794,0.10072289156626506,0.0848709122203098,0.09946643717728056,0.14382960413080895,0.0,0.0,0.0,0.0,0.0,0.0,0.0,0.0,0.0,0.0,0.0,0.0,0.0,0.0,0.0,0.0,0.0,0.0,2.9220879065559004,-2.4107381341924796,3.2769376220083104,1.056855714954176,17.028137,-18.699808
Derbyshire Dales,E07000035,71535,69940,68326,355,38,1221,723,172,77,290,184,518,160,100,10,117,131,169,57,71,41,185,47,138,33230,5537,6783,3701,2802,4545,2650,1875,2275,3062,34005,24678,9585,2534,738,,1332,327,3107,122,311,3077,4198,1235,2241,1047,469,473,2183,1570,2067,3514,4243,1707,2021,0.9777032221989236,0.007241210596211645,0.002362479904941637,0.010106940658418957,0.002586146641504159,0.9551408401481792,0.004962605717480953,0.0005312084993359894,0.017068567833927448,0.00013979171035157615,0.001635563011113441,0.0022366673656252184,0.0013979171035157615,0.0018312714056056476,0.0007968127490039841,0.0009925211434961907,0.0005731460124414622,0.0040539596001957084,0.0010763961697071364,0.00240441741804711,0.002572167470469001,0.0006570210386524079,0.0019291256028517508,0.4753617110505347,0.34497798280561964,0.13399035437198575,0.035423219403089394,0.01031662822394632,0.16662654228107132,0.20412278061992176,0.11137526331628048,0.08432139632861872,0.13677399939813423,0.07974721637074933,0.05642491724345471,0.06846223292205839,0.0921456515197111,0.0,0.0,0.0,0.0,0.0,0.0,0.0,0.0,0.0,0.0,0.0,0.0,0.0,0.0,0.0,0.0,0.0,0.0,1.4837391149874153,-3.9223140554668205,-2.4589189172212675,0.18313554381313435,27.979404,-6.6991777
Doncaster,E08000017,308104,286955,266879,999,856,18221,4603,1805,716,1197,885,9086,2279,3150,190,1031,2436,3742,2527,672,543,3718,424,3294,137856,14029,17657,14672,12123,16094,14191,12211,14155,22724,136540,105090,45337,16192,4945,,800,187,12396,878,1197,14655,29090,11402,5721,3192,2957,1210,4387,6431,7672,10744,20210,4730,2021,0.9313575935398437,0.02949004232337133,0.012145249655960325,0.014939760600316775,0.012067353880507881,0.8661977773738737,0.003242411653208008,0.0027782826578038582,0.059139121854958066,0.00061667488899852,0.0033462726871446007,0.007396853010671721,0.010223820528133358,0.00790642120842313,0.008201776023680316,0.0021810817126684495,0.0017623919196115597,0.0038850518006906757,0.002323890634331265,0.00585841144548594,0.0028724067198088957,0.0013761586996598552,0.010691195180848025,0.44316204917819957,0.3410861267623919,0.14714836548697843,0.05255368317191598,0.016049775400514114,0.10176561049210771,0.12808292711234912,0.10642989786443825,0.08793958913649025,0.11674500928505106,0.10294074976787372,0.08857793639740019,0.10267960770659239,0.1648386722376973,0.0,0.0,0.0,0.0,0.0,0.0,0.0,0.0,0.0,0.0,0.0,0.0,0.0,0.0,0.0,0.0,0.0,0.0,0.30077954517636707,-4.595517637709079,2.0754690654260255,0.0986574672506598,27.754837,-23.287477
Dorset,E06000059,379580,368415,356270,1917,580,9648,4436,1011,601,1635,1189,4305,926,242,463,815,1859,1082,605,296,181,1342,223,1119,167777,24133,29063,21194,15632,23230,17212,11930,9525,15858,170366,135867,54010,15166,4170,,4148,354,12618,593,1580,16532,24022,5099,9737,4939,4304,2952,9271,8444,12932,16042,25727,8479,2021,0.9705859107434532,0.011341482691395753,0.0028505189946783287,0.01168660098003056,0.0035354865904420676,0.9385900205490278,0.0050503187733811055,0.0015280046367037252,0.025417566784340588,0.0012197692186100427,0.0021471099636440278,0.0024395384372200854,0.0006375467622108646,0.004897518309710733,0.0015938669055271617,0.0007798092628694874,0.00047684282628167974,0.0043073923810527425,0.0015833289425154118,0.002663470151219769,0.0031324095052426364,0.0005874914379050529,0.0029479951525370144,0.4488276516149428,0.3579403551293535,0.14228884556615207,0.03995468675904948,0.010985826439749196,0.14383973965442223,0.17322398183302837,0.12632243990535055,0.09317129284705293,0.13845759549878708,0.10258855504628167,0.07110628989670813,0.05677178635927451,0.09451831895909452,0.0,0.0,0.0,0.0,0.0,0.0,0.0,0.0,0.0,0.0,0.0,0.0,0.0,0.0,0.0,0.0,0.0,0.0,0.920659469578627,-4.200098531920019,-1.4580330254637408,0.5067007501174268,32.314465,-10.94906
Dover,E07000108,116411,110419,105111,648,247,4413,1754,411,297,546,500,2402,550,41,162,303,1346,837,546,176,115,999,136,863,50926,5998,7795,7505,4774,5860,6303,3913,3737,5041,51455,40711,17036,5611,1597,,608,20,2701,280,393,4981,6693,3932,2617,1119,1086,594,2337,3075,4445,5357,8296,2389,2021,0.9485272010377026,0.02063378890311053,0.007190042178144677,0.015067304636159812,0.008581663244882357,0.9029301354682977,0.005566484266950718,0.002121792614100042,0.03790878868835419,0.0013916210667376794,0.002602846810009363,0.004724639424109406,0.00035220039343361023,0.011562481208820473,0.004690278410115882,0.0015118846157150098,0.0009878791523137847,0.004690278410115882,0.002551305289019079,0.003530594187834483,0.004295126749190368,0.0011682744757797803,0.007413388769102576,0.4420114937591808,0.3497178101725782,0.14634355859841425,0.04819991237941432,0.013718634836914037,0.11777873777638141,0.15306523190511723,0.14737069473353492,0.09374386364528925,0.11506892353611121,0.12376781997408004,0.07683697914621215,0.07338098417311394,0.09898676511015984,0.0,0.0,0.0,0.0,0.0,0.0,0.0,0.0,0.0,0.0,0.0,0.0,0.0,0.0,0.0,0.0,0.0,0.0,0.9643362723614861,-4.135094979831698,-0.00538082169352509,-0.2476955968606474,34.08413,-16.81805
Dudley,E08000027,323488,274596,266564,1114,428,6490,9191,5133,482,2254,1322,27047,7812,14906,619,1005,2705,8170,3499,3625,1046,4484,2026,2458,144641,15322,24346,17362,15388,17996,14043,12177,12838,15169,141846,114604,47402,15299,4337,,178,40,16462,1126,1302,15028,23873,7079,5663,3825,3908,1680,6352,6547,8676,14724,22682,5504,2021,0.8488599267979029,0.08361052032842022,0.02525596003561183,0.02841218221386883,0.01386141062419626,0.8240305668216441,0.0034437135226036207,0.0013230784449500446,0.020062568008705116,0.0019135176575328914,0.003106761301810268,0.024149272925116233,0.04607898901968543,0.008361979424275398,0.010816475417944406,0.01120597981996241,0.003233504797705015,0.006967800969433178,0.0014900089029577603,0.015867667425066772,0.004086704916411119,0.006262983480067267,0.007598427144128994,0.4384892175289346,0.3542758927688199,0.14653402908299534,0.04729387179740825,0.013406988821841923,0.10593123664797671,0.16832018583942313,0.12003512143859625,0.10638753880296735,0.12441838759411232,0.09708865397777947,0.0841877475957716,0.08875768281469293,0.10487344528868026,0.0,0.0,0.0,0.0,0.0,0.0,0.0,0.0,0.0,0.0,0.0,0.0,0.0,0.0,0.0,0.0,0.0,0.0,1.2491750376272306,-3.549681619074557,1.4545616843870697,0.8338383786570027,23.71584,-18.501122
Ealing,E09000009,367116,158463,89265,8511,248,60439,19161,4597,2446,5445,6673,111241,54806,16714,3685,4526,31510,39491,22578,12898,4015,38760,16105,22655,175025,24147,39697,23951,14223,15555,12912,12773,11767,20000,192559,120388,38868,11619,3681,,82,236,8061,556,484,15681,25366,11940,10160,14096,6811,3496,14405,11722,6440,15969,20143,9384,2021,0.4316428594776583,0.3030132165310147,0.107570904019438,0.0521933121956003,0.1055797077762887,0.24315202824175464,0.02318340796914327,0.000675535797949422,0.16463188746881094,0.010037699255821049,0.01232852831257695,0.14928796347748396,0.04552784406018806,0.08583118142494471,0.061500996960088906,0.03513330936270825,0.010936597696640843,0.014831824273526624,0.00666274420074309,0.012521927674086665,0.018176816047243922,0.04386896784667516,0.061710739929613526,0.5245181359570272,0.32792904694973796,0.10587389272055699,0.03164939692086425,0.010026803517144444,0.1379631481216969,0.2268075989144408,0.13684330809884301,0.0812626767604628,0.08887301814026567,0.07377231824025139,0.07297814597914584,0.06723039565776318,0.11426939008713041,0.0,0.0,0.0,0.0,0.0,0.0,0.0,0.0,0.0,0.0,0.0,0.0,0.0,0.0,0.0,0.0,0.0,0.0,9.361200963694559,3.202018122734555,4.129780059605973,0.9237137606864241,7.860882,-10.280354
East Cambridgeshire,E07000009,87763,82912,75897,664,265,6086,1883,327,312,618,626,1688,537,147,118,344,542,705,460,119,126,575,87,488,44695,6481,9649,6118,4221,5026,4144,2585,2804,3667,42423,30830,10879,2859,771,,1296,64,3884,163,321,4292,5751,1748,1484,2684,826,639,4185,2205,1926,5562,5284,2374,2021,0.9447261374383282,0.01923361781160626,0.00803299796041612,0.021455510864487312,0.0065517359251620845,0.8647949591513509,0.007565830703143693,0.0030194956872486127,0.06934585189658513,0.0013445301550767408,0.0039196472317491425,0.006118751637933981,0.001674965532171872,0.006175723254674521,0.005241388740129667,0.0013559244784248487,0.0014356847418616045,0.007041691829130727,0.0035550288846096876,0.003725943734831307,0.007132846415915591,0.0009913061312853935,0.0055604297938766905,0.48338137939678455,0.3512869888221688,0.12395884370406664,0.0325763704522407,0.008785023301391246,0.14500503412014767,0.2158854457993064,0.13688332028191072,0.09444009397024275,0.11245105716523102,0.09271730618637432,0.05783644702986911,0.06273632397359884,0.08204497147331917,0.0,0.0,0.0,0.0,0.0,0.0,0.0,0.0,0.0,0.0,0.0,0.0,0.0,0.0,0.0,0.0,0.0,0.0,2.8614116093985724,-2.7091576141523612,-2.2942799029699517,1.0232305145463831,26.225508,-1.7538263
East Devon,E07000040,150823,146847,142011,710,147,3979,1720,387,223,624,486,1459,273,28,181,304,673,348,202,99,47,449,89,360,66727,9434,11683,8240,5925,9147,7043,5259,3597,6399,69973,52881,20650,5798,1525,,1898,63,3374,472,726,6267,10194,2495,4305,2008,1295,1062,4452,3414,4285,6439,10580,3398,2021,0.9736379729882048,0.00967359089793997,0.0023073403923804725,0.011404096192225323,0.0029769995292495176,0.9415738978802968,0.004707504823534872,0.0009746524071262341,0.02638191787724684,0.0012000822155771999,0.0020156076990909873,0.0018100687560915775,0.0001856480775478541,0.004462184149632351,0.0013393182737380903,0.0006563985599013413,0.0003116235587410408,0.004137300013923606,0.001478554331898981,0.002565921643250698,0.0032223202031520393,0.000590095675062822,0.0023869038541866954,0.4639411760805713,0.35061628531457406,0.1369154571915424,0.03844241262937351,0.010111189937874196,0.14138204924543288,0.1750865466752589,0.12348824313995833,0.08879464085003072,0.13708094174771832,0.10554947772266099,0.07881367362536904,0.053906214875537636,0.09589821211803318,0.0,0.0,0.0,0.0,0.0,0.0,0.0,0.0,0.0,0.0,0.0,0.0,0.0,0.0,0.0,0.0,0.0,0.0,1.0008622847620638,-4.1347065032449795,-1.4619272746118315,0.22830018445060246,31.656109,-11.193072
East Hampshire,E07000085,125742,119993,113814,749,278,5152,2079,363,258,868,590,2370,612,223,199,365,971,658,446,134,78,642,96,546,61732,10897,13136,8701,5745,6989,5778,3536,2617,4333,63828,43139,14273,3599,905,,766,85,4064,355,409,5779,7983,2116,2138,4005,2284,942,5182,3937,3738,6785,7891,3272,2021,0.954279397496461,0.01884811757408026,0.005232937284280511,0.016533855036503318,0.005105692608674906,0.9051390943360214,0.00595664137678739,0.0022108762386473893,0.04097278554500485,0.0015826056528447138,0.002902769162252867,0.004867108841914396,0.0017734726662531216,0.007722161250815161,0.003546945332506243,0.001065674158196943,0.000620317793577325,0.006903023651604078,0.002051820394140383,0.0028868635778021663,0.0046921474129566895,0.0007634680536336307,0.004342224555041275,0.5076108221596602,0.34307550380938745,0.11351020343242513,0.028622099219035805,0.00719727696394204,0.17652109116827577,0.2127907730188557,0.14094796863863152,0.09306356508779887,0.11321518823300719,0.09359813386898205,0.05727985485647638,0.042392924253223614,0.07019050087474892,0.0,0.0,0.0,0.0,0.0,0.0,0.0,0.0,0.0,0.0,0.0,0.0,0.0,0.0,0.0,0.0,0.0,0.0,2.989751074526843,-2.675641479792112,-3.638908797274024,0.8242006184818254,23.937313,-1.9593304
East Hertfordshire,E07000242,150159,138587,127245,1855,145,9342,4245,1122,489,1427,1207,4019,1442,390,366,786,1035,1951,1206,496,249,1357,258,1099,76524,13957,17041,12088,7727,7108,5869,4148,3418,5168,81057,48853,15274,3916,1055,,468,50,5596,264,420,7710,10437,3633,2919,4157,4302,1519,7060,4426,4132,8074,7762,3592,2021,0.922935022209791,0.026764962473111834,0.012992894198815922,0.02827003376420994,0.009037087354071351,0.8474017541406109,0.012353571880473365,0.0009656430849965703,0.06221405310371007,0.002437416338680998,0.0052344514814296845,0.009603153990103823,0.0025972469182666373,0.006892693744630691,0.008031486624178371,0.003303165311436544,0.0016582422632010069,0.009503259877862798,0.0032565480590573993,0.007472079595628634,0.008038146231661106,0.0017181787305456217,0.007318908623525729,0.5398078037280483,0.32534180435405136,0.1017188446912939,0.02607902290239013,0.0070258858942853905,0.1823872249229,0.22268830693638597,0.15796351471433798,0.1009748575610266,0.09288589200773613,0.07669489310543097,0.054205216664053105,0.044665725785374526,0.0675343683027547,0.0,0.0,0.0,0.0,0.0,0.0,0.0,0.0,0.0,0.0,0.0,0.0,0.0,0.0,0.0,0.0,0.0,0.0,4.622976231380205,-1.1186868447416318,-3.7049536546168254,0.07935302648672277,18.75833,-1.7139981
East Lindsey,E07000137,142295,139100,136036,476,123,2465,1484,552,160,455,317,1134,282,112,109,271,360,292,148,108,36,285,54,231,55579,7297,6788,5789,4710,8050,6604,4795,4720,6826,53934,50793,25949,8969,2651,,2753,123,4355,253,564,4892,9349,2158,4518,833,437,752,2059,2824,3711,4891,7982,3122,2021,0.9775466460522154,0.00796935942935451,0.0020520749147896976,0.010429038265575038,0.002002881338065287,0.9560139147545592,0.003345163217259918,0.0008644014195860712,0.01732316666081029,0.0007660142661372501,0.0019044941846164658,0.001981798376611968,0.0007870972275905688,0.002529955374398257,0.0010400927650303946,0.0007589866123194771,0.0002529955374398257,0.003197582487086686,0.0011244246108436699,0.003879264907410661,0.002227766260234021,0.0003794933061597386,0.0016233880319055484,0.37902948100776557,0.35695562036614076,0.18236058891738993,0.06303102709160546,0.018630310270916054,0.1312905953687544,0.12213246010183702,0.10415804530488133,0.08474423793159287,0.14483887799348674,0.11882185717627161,0.08627359254394645,0.08492416200363447,0.1228161715755951,0.0,0.0,0.0,0.0,0.0,0.0,0.0,0.0,0.0,0.0,0.0,0.0,0.0,0.0,0.0,0.0,0.0,0.0,-1.1985813347532936,-6.007185041378835,1.723348110413841,-1.1302896530543471,36.92443,-20.4819
East Riding of Yorkshire,E06000011,342215,333162,323838,1063,324,7937,3197,707,547,1092,851,3686,1210,528,129,766,1053,894,617,173,104,1276,368,908,156119,21363,28215,19406,14215,19462,14891,11084,11365,16118,153547,121117,49161,14088,4302,,4761,474,15495,1414,1098,14900,24096,6821,7281,3810,2405,1719,7984,6825,11306,16081,23021,6631,2021,0.9735458702862235,0.010771006530981985,0.0026123927940037697,0.009342080271174554,0.0037286501176161187,0.9462998407433924,0.0031062343848165625,0.0009467732273570708,0.02319302193065763,0.0003769560071884634,0.0022383589264059144,0.0035357889046359744,0.0015428897038411524,0.00307701298891048,0.0018029601274052861,0.0005055301491752261,0.00030390251742325734,0.0031909764329442016,0.001598410356062709,0.0020659526905600282,0.0024867407916076153,0.0010753473693438334,0.002653302748272285,0.44868576771912394,0.3539207807956986,0.14365530441389185,0.041167102552488934,0.012571044518796664,0.13683792491624977,0.18072752195440658,0.12430261531267815,0.0910523382804143,0.12466131604737411,0.09538236857781564,0.07099712398875217,0.07279703303249445,0.10324175788981482,0.0,0.0,0.0,0.0,0.0,0.0,0.0,0.0,0.0,0.0,0.0,0.0,0.0,0.0,0.0,0.0,0.0,0.0,0.7467655102259959,-4.35785867157405,-1.0859177597437866,0.039881360584697274,31.319283,-12.657991
East Staffordshire,E07000193,124021,107051,97019,524,102,9406,2723,1190,201,867,465,11552,1084,8638,208,351,1271,1376,713,487,176,1319,190,1129,59320,7247,9179,6301,5218,6264,4862,4302,6532,9415,57717,43989,16319,4637,1357,,872,96,8142,224,450,5010,11049,4469,2717,1604,758,623,2675,2881,2216,5074,8046,2415,2021,0.8631683343949815,0.09314551567879634,0.011094895219358011,0.021955959071447578,0.010635295635416583,0.78227880762129,0.004225090912022964,0.0008224413607372945,0.07584199450093129,0.0016771353238564436,0.0028301658590077486,0.00874045524548262,0.0696494948436152,0.010248264406834327,0.005749026374565598,0.003926754339990808,0.001419114504801606,0.006990751566267003,0.0016206932696881979,0.009595149208601769,0.003749365026890607,0.0015319986131380975,0.009103297022278484,0.4653808629183767,0.3546899315438514,0.13158255456737167,0.037388829311165044,0.010941695358044201,0.12216790289952799,0.15473701955495617,0.10622049898853675,0.08796358732299393,0.10559676331759946,0.08196223870532704,0.07252191503708699,0.11011463250168577,0.1587154416722859,0.0,0.0,0.0,0.0,0.0,0.0,0.0,0.0,0.0,0.0,0.0,0.0,0.0,0.0,0.0,0.0,0.0,0.0,1.6939602736404669,-3.488626938037127,1.1021953542246423,1.5731689436327236,23.662186,-17.020979
East Suffolk,E07000244,246060,236627,229063,1095,146,6323,3707,1054,579,1072,1002,3447,1034,261,283,740,1129,1357,712,422,223,922,112,810,106366,13786,16909,13244,10157,13291,11322,8480,8182,10995,106604,88502,36851,11148,2951,,2001,643,7710,1540,847,9551,16068,7316,5953,3830,2728,1377,5351,5565,5817,9109,15626,5332,2021,0.9616638218320734,0.014008778346744697,0.005514915061367146,0.015065431195643339,0.0037470535641713405,0.9309233520279606,0.0044501341136308215,0.0005933512151507762,0.02569698447533122,0.001150125985531984,0.0030073965699422907,0.0042022270990815245,0.0010607168983174835,0.004588311793871413,0.0028936031862147444,0.0017150288547508738,0.000906283020401528,0.00435666097699748,0.0023530846135089004,0.004283508087458344,0.004072177517678615,0.0004551735349101845,0.0032918800292611556,0.43324392424611885,0.35967650166626025,0.14976428513370724,0.045306022921238726,0.011993009834999594,0.12960908561006337,0.15896997160746856,0.12451347235018709,0.09549104037004306,0.12495534287272249,0.10644378842863321,0.07972472406596093,0.07692307692307693,0.10336949777184438,0.0,0.0,0.0,0.0,0.0,0.0,0.0,0.0,0.0,0.0,0.0,0.0,0.0,0.0,0.0,0.0,0.0,0.0,0.5855288611217159,-4.3780928214895045,-0.1866698945632301,0.10498778214863091,31.86963,-15.188331
Eastbourne,E07000061,101680,92342,83465,960,77,7840,2802,659,508,812,823,3544,906,170,466,550,1452,1308,883,259,166,1684,445,1239,43832,4928,7784,5138,3906,4792,6068,3769,2554,4893,43956,35844,15503,4946,1440,,89,13,1922,103,306,4175,7140,1774,2815,1203,1142,605,2129,2142,2302,4388,9546,2033,2021,0.9081628638867034,0.03485444531864673,0.012863886703383162,0.027557041699449253,0.016561762391817468,0.8208595594020456,0.00944138473642801,0.0007572777340676633,0.07710464201416208,0.00458300550747443,0.0054091266719118805,0.008910306845003935,0.0016719118804091268,0.014280094413847364,0.008684107002360346,0.00254720692368214,0.0016325727773406767,0.007985837922895358,0.004996066089693155,0.006481117230527144,0.008094020456333596,0.004376475216365067,0.0121852871754524,0.4322974036191975,0.3525177025963808,0.15246852871754524,0.048642800944138476,0.014162077104642014,0.11242927541522175,0.17758715093995256,0.11722029567439314,0.0891129768205877,0.10932651943785363,0.1384376711078664,0.08598740646103303,0.058267932104398616,0.11163077203869319,0.0,0.0,0.0,0.0,0.0,0.0,0.0,0.0,0.0,0.0,0.0,0.0,0.0,0.0,0.0,0.0,0.0,0.0,1.7467213135253674,-3.503337143119405,1.5918009213412343,-0.844728832805215,35.202137,-18.167625
Eastleigh,E07000086,136444,126083,120242,633,198,5010,2817,575,469,1076,697,5256,2634,367,372,865,1018,1300,949,179,172,988,199,789,69515,9404,14903,9932,7344,7603,6187,5050,3863,5229,67981,47400,15896,4088,1078,,178,77,4554,457,449,7084,10046,3724,2439,3596,2999,1056,4422,3481,4936,7005,9934,3084,2021,0.9240640848992994,0.03852129811497757,0.00952771833133007,0.020645832722582157,0.007241065931810853,0.8812553135352232,0.0046392659259476415,0.0014511447920025798,0.03671836064612588,0.0027263932455806046,0.006339597197385007,0.019304623142094926,0.002689748175075489,0.007460936354841546,0.006955234381870951,0.0013118935240831403,0.0012605904253759784,0.007886019172700888,0.0034373076133798483,0.0042141831080883,0.005108322828413122,0.001458473806103603,0.00578259212570725,0.4982337076016534,0.3473952683884964,0.11650200814986368,0.029961009644982557,0.007900677200902935,0.13528015536215204,0.21438538444939942,0.14287563835143494,0.10564626339638927,0.10937207796878372,0.08900237358843414,0.07264619146946702,0.05557074012802992,0.07522117528590952,0.0,0.0,0.0,0.0,0.0,0.0,0.0,0.0,0.0,0.0,0.0,0.0,0.0,0.0,0.0,0.0,0.0,0.0,2.807325193752925,-2.4641989015497954,-2.3146599042285123,0.795403978668608,22.725248,-5.6683464
Elmbridge,E07000207,138755,119500,102867,2326,149,14158,5688,854,681,2372,1781,9052,3539,919,630,1415,2549,1730,1135,388,207,2785,884,1901,66980,16432,17652,10820,5545,4189,4495,3001,1828,3018,81741,40971,12067,3038,938,,113,345,2967,407,243,4438,7198,2260,2494,6258,5548,1689,8567,3539,2693,7074,6985,4164,2021,0.8612302259378041,0.06523728874635149,0.012468019170480344,0.04099311736514,0.020071348780224135,0.741357068213758,0.016763359878923283,0.0010738351771107347,0.10203596266801196,0.004540376923354113,0.010197830708803287,0.0255053871932543,0.0066231847500990955,0.01837050917084069,0.008179885409534791,0.002796295628986343,0.0014918381319592086,0.017094879463803107,0.004907931245720875,0.006154733162768909,0.012835573492847105,0.006370941587690534,0.013700407192533603,0.5891030953839501,0.2952758459154625,0.08696623545097475,0.02189470649706317,0.006760116752549458,0.2453269632726187,0.26354135562854586,0.16154075843535384,0.08278590624066885,0.06254105703194984,0.06710958495073156,0.044804419229620786,0.027291728874290832,0.04505822633621977,0.0,0.0,0.0,0.0,0.0,0.0,0.0,0.0,0.0,0.0,0.0,0.0,0.0,0.0,0.0,0.0,0.0,0.0,7.638684326982699,0.886532389549858,-4.861132650908978,-1.183052051908726,12.941617,-0.9265922
Enfield,E09000010,329985,171884,103140,5969,374,62401,19558,5165,2994,3818,7581,37973,11870,3674,8123,2691,11615,60512,36463,16990,7059,40058,2535,37523,143864,18297,29475,17729,13804,14397,13986,10695,9440,16041,167119,108918,37822,12150,3975,,100,63,4613,438,600,14009,21780,7614,8390,7062,5561,3355,10915,8885,6966,15512,20635,7362,2021,0.520884282618907,0.11507492764822644,0.1833780323348031,0.05926936072851796,0.12139339666954559,0.3125596618028092,0.018088701001560677,0.0011333848508265527,0.18910253496371046,0.024616270436534995,0.00815491613255148,0.0359713320302438,0.011133839416943195,0.03519856963195297,0.11049896207403367,0.05148718881161265,0.02139188144915678,0.011570222888919193,0.009073139688167644,0.01565222661636135,0.022973771535069777,0.0076821673712441476,0.11371122929830144,0.50644423231359,0.3300695486158462,0.11461733109080716,0.036819855447974906,0.012046002091004137,0.1271826169159762,0.20488099872101428,0.1232344436412167,0.0959517321915142,0.10007368069843742,0.09721681588166602,0.07434104431963522,0.06561752766501697,0.111501139965523,0.0,0.0,0.0,0.0,0.0,0.0,0.0,0.0,0.0,0.0,0.0,0.0,0.0,0.0,0.0,0.0,0.0,0.0,8.668426663465215,2.348477418143566,5.244521232090027,0.5991285068248862,7.170519,-7.189147
Epping Forest,E07000072,134980,113469,101994,1657,142,9676,4896,1481,588,1306,1521,9678,4712,1930,703,785,1548,3932,1941,1438,553,3005,330,2675,65796,12368,13155,9395,7991,6959,4587,3561,3371,4409,69924,44362,15163,4214,1317,,414,36,2750,224,456,8364,8666,2961,2329,3144,5107,1915,5748,3940,3023,6057,7199,3465,2021,0.8406356497258853,0.07169951103867239,0.029130241517261818,0.036272040302267,0.02226255741591347,0.755623055267447,0.012275892724848126,0.0010520077048451623,0.071684694028745,0.005208178989479923,0.005815676396503186,0.03490887538894651,0.014298414579937769,0.011468365683805009,0.01437990813453845,0.010653430137798193,0.004096903244925174,0.009675507482590013,0.004356200918654615,0.01097199585123722,0.011268336049785154,0.0024448066380204476,0.019817750777893023,0.5180323010816418,0.3286560971995851,0.11233516076455771,0.031219439917024746,0.009757001037190694,0.18797495288467383,0.19993616633229983,0.14278983524834338,0.12145115204571706,0.10576630798224816,0.06971548422396498,0.05412183111435346,0.05123411757553651,0.06701015259286279,0.0,0.0,0.0,0.0,0.0,0.0,0.0,0.0,0.0,0.0,0.0,0.0,0.0,0.0,0.0,0.0,0.0,0.0,4.8014128549779524,-0.7350078129565272,-2.1130477690348703,0.5244242333479313,16.96298,-2.7400413
Epsom and Ewell,E07000208,80937,64312,56136,1190,81,6905,3550,601,401,1416,1132,9233,3189,1474,528,1293,2749,1569,970,353,246,2273,721,1552,39909,7020,10663,5958,4095,3242,3304,2031,1404,2192,43925,26427,8110,1940,536,,38,111,1304,207,170,3479,4673,1413,1396,2899,2790,785,3944,2108,2206,4359,6009,2016,2021,0.7945933256730543,0.11407638039462792,0.019385447940991143,0.04386127481868614,0.02808357117264045,0.6935764854145817,0.014702793530770846,0.001000778383186923,0.08531326834451487,0.00652359242373698,0.01597538826494681,0.039401015604729604,0.01821169551626574,0.03396468858494879,0.011984630020880438,0.0043614169045059735,0.0030394010156047295,0.017495088772749176,0.004954470761209336,0.007425528497473344,0.013986186787254284,0.008908163139231748,0.0191754080334087,0.5427060553269827,0.32651321398124467,0.10020139120550552,0.023969260041760875,0.006622434733187541,0.17590017289333232,0.2671828409631913,0.14928963391716155,0.1026084341877772,0.08123480919090932,0.08278834348142024,0.05089077651657521,0.03518003457866647,0.05492495427096645,0.0,0.0,0.0,0.0,0.0,0.0,0.0,0.0,0.0,0.0,0.0,0.0,0.0,0.0,0.0,0.0,0.0,0.0,6.799830102245759,0.6760497589789728,-2.6585149052287713,0.03783526054090414,14.018859,-2.2691045
Erewash,E07000036,112908,107769,104400,532,38,2799,2048,979,198,518,353,1788,921,149,44,320,354,871,347,405,119,432,62,370,54967,6133,9102,6609,5418,6881,5028,4547,4747,6502,50053,39919,16552,5020,1362,,165,43,6862,396,481,5321,9806,3554,2241,1783,989,669,2553,2460,2859,5479,7172,2128,2021,0.9544850674885748,0.01583590179615262,0.0077142452262018634,0.0181386615651681,0.0038261239239026465,0.9246466149431396,0.00471180075813937,0.00033655719700995503,0.024790094590285895,0.00038969780706415844,0.002834165869557516,0.008157083643320226,0.0013196584830127184,0.003135295993198002,0.0030732986148014315,0.003586991178658731,0.0010539554327417013,0.0045878060013462285,0.0017536401317887129,0.008670776207177525,0.0031264392248556345,0.0005491196372267687,0.0032770042866758775,0.4433078258405073,0.35355333545895773,0.1465972296028625,0.04446097707868353,0.012062918482304176,0.11157603653100952,0.1655902632488584,0.12023577783033457,0.09856823184819982,0.12518420142994888,0.09147306565757636,0.08272236068914075,0.08636090745356305,0.11828915531136865,0.0,0.0,0.0,0.0,0.0,0.0,0.0,0.0,0.0,0.0,0.0,0.0,0.0,0.0,0.0,0.0,0.0,0.0,0.6239345106239624,-4.159836617232443,0.23261296963034314,0.23461625261959362,28.792362,-16.871155
Exeter,E07000041,130707,118034,108095,875,100,8964,3308,503,484,1305,1016,6375,1588,274,513,2020,1980,1137,893,137,107,1853,802,1051,59699,5846,14748,7326,5305,5353,5803,5109,3654,6555,66498,43054,15152,4665,1340,,226,35,2427,507,707,4570,8731,2678,3338,2077,1130,795,4279,2731,3565,8109,11136,2660,2021,0.9030426832533835,0.04877321031008286,0.008698845509421836,0.0253085144636477,0.014176746463464084,0.8270023793675931,0.0066943621994231374,0.0007650699656483585,0.06858087172071886,0.003924808923776079,0.015454413306096842,0.012149311054495933,0.0020962917058765023,0.015148385319837499,0.0068320747932398415,0.0010481458529382512,0.0008186248632437436,0.009984163051711079,0.0037029386337380553,0.0038483019272112433,0.007773110850987323,0.006135861124499835,0.008040885338964248,0.5087562257568454,0.32939322301024426,0.11592340119503929,0.035690513897495925,0.010251937539688005,0.09792458835156367,0.24703931389135497,0.122715623377276,0.08886246000770533,0.0896664935761068,0.09720430827987069,0.08557932293673261,0.061207055394562726,0.10980083418482722,0.0,0.0,0.0,0.0,0.0,0.0,0.0,0.0,0.0,0.0,0.0,0.0,0.0,0.0,0.0,0.0,0.0,0.0,3.3753596415208835,-1.991889705209252,-0.40333784276879536,-0.9434811591853611,20.469791,-9.989758
Fareham,E07000087,114512,109499,106212,484,109,2694,1727,343,231,704,449,2114,834,121,143,562,454,670,403,181,86,502,107,395,55631,7953,11632,9159,6154,5586,4593,3940,2611,4003,55185,40519,14190,3698,921,,170,58,4265,393,379,5210,7246,2696,1984,2780,1933,753,3355,2923,6549,5461,7088,2387,2021,0.9562229286013693,0.01846094732429789,0.005850915187927902,0.015081388850076849,0.004383820036328071,0.9275185133435797,0.004226631270085231,0.0009518653066927483,0.023525918681011598,0.0012487774207070002,0.004907782590470868,0.007283079502584882,0.0010566578175213077,0.003964649993013832,0.003519281821992455,0.0015806203716641051,0.0007510129942713428,0.006147827301942154,0.0020172558334497696,0.0029953192678496576,0.003920986446835266,0.0009343998882213218,0.0034494201481067486,0.48191455917283776,0.3538406455218667,0.12391714405477156,0.03229355875366774,0.008042825206091939,0.1429598605094282,0.20909205299203681,0.16463842102424908,0.11062177562869623,0.10041164099153349,0.08256188096564865,0.07082382125074149,0.04693426327047869,0.07195628336718736,0.0,0.0,0.0,0.0,0.0,0.0,0.0,0.0,0.0,0.0,0.0,0.0,0.0,0.0,0.0,0.0,0.0,0.0,2.377877455371286,-2.75012460343208,-2.9693996404541747,0.5149579052586617,24.376474,-5.416071
Fenland,E07000010,102461,98280,88028,434,593,9225,1412,416,220,382,394,1232,387,85,72,245,443,814,455,223,136,723,47,676,47108,5028,5248,5157,4115,6175,4963,3505,6615,6302,41264,38407,16256,5064,1471,,1295,30,6459,262,515,5137,8070,2862,1653,1127,859,520,2057,2805,2548,3487,5683,1742,2021,0.9591942299997072,0.012024087213671543,0.00794448619474727,0.013780853202681995,0.007056343389191986,0.8591366471145119,0.0042357579957252025,0.005787567952684436,0.0900342569367857,0.0007027063956041811,0.0023911537072642272,0.0037770468763724733,0.000829583939254936,0.004323596295175726,0.004440714027776422,0.0021764378641629498,0.0013273343028078976,0.003728247821122183,0.0021471584310127755,0.004060081396824158,0.00384536555372288,0.00045871111935272935,0.006597632269839256,0.40272884316959623,0.3748450629995803,0.158655488429744,0.04942368315749407,0.014356682054635422,0.10673346353061051,0.111403583255498,0.10947185191474909,0.08735246667232742,0.1310817695508194,0.10535365543007558,0.07440349834423028,0.14042200900059437,0.13377770230109537,0.0,0.0,0.0,0.0,0.0,0.0,0.0,0.0,0.0,0.0,0.0,0.0,0.0,0.0,0.0,0.0,0.0,0.0,-0.1631030091466148,-5.19845872172524,1.4685504545673898,2.1481882397891825,36.79994,-7.8934364
Flintshire,W06000005,154960,151232,144356,630,123,6123,1446,331,240,506,369,1455,395,128,109,374,449,292,174,62,56,535,92,443,73819,8077,12180,8660,6918,9009,7338,5853,7719,8065,73431,51838,20920,6716,2057,,782,163,11555,514,737,6050,11787,3286,3167,1712,2467,752,3348,3530,4948,6390,9831,2798,2021,0.9759421786267424,0.009389519876097057,0.0018843572534847702,0.009331440371708829,0.003452503871966959,0.9315694372741352,0.004065565307176045,0.0007937532266391327,0.03951342281879194,0.0007034073309241095,0.002413526071244192,0.002549044914816727,0.0008260196179659267,0.002897521941146102,0.0011228704181724316,0.00040010325245224575,0.00036138358286009293,0.0032653588022715538,0.0015487867836861124,0.0021360351058337637,0.002381259679917398,0.0005937016004130098,0.0028588022715539496,0.4738706763035622,0.3345250387196696,0.13500258131130613,0.043340216830149714,0.013274393391843057,0.10941627494276542,0.16499817120253593,0.11731397065796069,0.09371571004754874,0.12204175076877227,0.099405302157981,0.07928853005323833,0.104566575001016,0.10925371516818164,0.0,0.0,0.0,0.0,0.0,0.0,0.0,0.0,0.0,0.0,0.0,0.0,0.0,0.0,0.0,0.0,0.0,0.0,0.5883180510612831,-4.338239185412186,-0.20513317986138538,-0.4457471922013076,29.557055,-19.270603
Folkestone and Hythe,E07000112,109759,101614,96590,765,146,4113,2108,554,303,676,575,4271,490,214,196,358,3013,682,385,203,94,1084,119,965,47817,6167,7610,6934,4324,5592,5681,3962,3132,4415,47404,38432,16801,5519,1603,,453,26,2011,677,430,5226,6855,2777,2520,1376,1798,605,2324,3144,3480,4463,7400,2256,2021,0.9257919623903279,0.0389125265354094,0.006213613462221777,0.0192057143377764,0.009876183274264524,0.8800189506099727,0.006969815687096275,0.0013301870461647793,0.03747300904709409,0.00178573055512532,0.0032616915241574724,0.0044643263878133,0.0019497262183511147,0.02745105184996219,0.0035076850189961644,0.0018495066463797957,0.0008564217968458168,0.006158948241146512,0.0027605936643008773,0.005047422079282792,0.005238750353046219,0.0010841935513260872,0.008791989722938438,0.4318916899753095,0.3501489627274301,0.15307172988092094,0.050282892519064495,0.01460472489727494,0.12897086810130287,0.15914842001798524,0.14501118848944936,0.09042809042809043,0.11694585607629086,0.1188071188071188,0.08285756111843068,0.06549971767363072,0.09233117928770103,0.0,0.0,0.0,0.0,0.0,0.0,0.0,0.0,0.0,0.0,0.0,0.0,0.0,0.0,0.0,0.0,0.0,0.0,1.288015931567318,-3.8552797231786395,0.3437379341293881,-0.5768338668077639,34.260178,-17.154085
Forest of Dean,E07000080,87004,84869,82401,314,103,2051,925,257,135,303,230,625,139,35,16,151,284,242,117,82,43,343,27,316,39992,5126,6221,4875,3797,5815,4347,2677,3192,3942,38990,30908,12355,3662,1089,,1022,59,4115,257,370,4451,5819,1503,1642,1404,1028,561,2086,2040,2720,3465,5611,1831,2021,0.9754608983495012,0.007183577766539469,0.0027814813112040826,0.010631695094478415,0.0039423474782768605,0.9470943864649901,0.0036090294699094297,0.0011838536159257047,0.023573628798675923,0.00018389959082341041,0.0017355523883959359,0.001597627695278378,0.0004022803549262103,0.003264217737115535,0.0013447657578961887,0.0009424854029699784,0.0004942301503379155,0.0034825985012183346,0.0015516527975725253,0.00295388717760103,0.0026435566180865247,0.0003103305595145051,0.0036320169187623558,0.44814031538779825,0.3552480345731231,0.14200496528895223,0.04209001884970806,0.012516665900418372,0.1281756351270254,0.15555611122224444,0.1218993798759752,0.09494398879775955,0.14540408081616324,0.10869673934786957,0.0669383876775355,0.07981596319263853,0.09856971394278856,0.0,0.0,0.0,0.0,0.0,0.0,0.0,0.0,0.0,0.0,0.0,0.0,0.0,0.0,0.0,0.0,0.0,0.0,0.4017273741204346,-4.605442051266964,-0.8131297656403523,0.34427623684200365,32.630043,-13.005636
Fylde,E07000119,81375,78332,75793,548,49,1942,1158,299,173,396,290,1173,383,174,75,242,299,331,189,66,76,381,97,284,35712,5208,7685,4893,3623,3503,3423,2478,1953,2946,37427,27421,11815,3641,1070,,335,30,3306,337,176,2605,4696,1106,2207,1095,1061,579,2131,1555,3682,3404,5686,1725,2021,0.962605222734255,0.014414746543778802,0.004067588325652842,0.014230414746543778,0.004682027649769585,0.9314039938556068,0.006734254992319508,0.0006021505376344086,0.023864823348694317,0.0009216589861751152,0.0029738863287250383,0.004706605222734255,0.002138248847926267,0.003674347158218126,0.00232258064516129,0.0008110599078341013,0.00093394777265745,0.0048663594470046085,0.0021259600614439325,0.003674347158218126,0.003563748079877112,0.0011920122887864822,0.0034900153609831027,0.4599324116743472,0.33697081413210445,0.14519201228878648,0.04474347158218126,0.01314900153609831,0.14583333333333334,0.2151937724014337,0.1370127688172043,0.10145049283154121,0.09809027777777778,0.09585013440860216,0.06938844086021505,0.0546875,0.08249327956989247,0.0,0.0,0.0,0.0,0.0,0.0,0.0,0.0,0.0,0.0,0.0,0.0,0.0,0.0,0.0,0.0,0.0,0.0,1.6763578860775485,-3.50955367701105,-1.522188855188234,-1.0925223725778561,26.333809,-11.213659
Gateshead,E08000037,196149,183489,177131,710,115,5533,2393,384,547,872,590,4925,1027,944,379,1146,1429,2214,1852,109,253,3128,926,2202,87518,8448,16612,11006,8949,8581,8793,8710,6950,9469,85811,65777,30117,11120,3326,,153,273,7203,681,573,6980,13231,4446,4513,3293,2467,1266,4274,4548,7014,8611,14446,3540,2021,0.9354572289433033,0.025108463463999305,0.01128733768716639,0.012199909252659968,0.01594706065287103,0.903043094790185,0.003619697270952184,0.0005862889945908468,0.028208147887575263,0.0019322045995646168,0.005842497285227047,0.005235815629954779,0.004812667920815299,0.007285278028437566,0.009441801895497811,0.0005557000035687156,0.001289835788099863,0.004445600028549725,0.0027886963481842885,0.001957695425416393,0.0030079174505095617,0.0047209009477489055,0.011226159705122127,0.43747865143334913,0.33534201041045325,0.15354144043558723,0.05669159669434971,0.01695649735660136,0.09652871409310085,0.18981238145295826,0.12575698713407527,0.10225325075984369,0.09804840147169724,0.10047076030073814,0.09952238396672684,0.07941223519733083,0.10819488562352887,0.0,0.0,0.0,0.0,0.0,0.0,0.0,0.0,0.0,0.0,0.0,0.0,0.0,0.0,0.0,0.0,0.0,0.0,0.6840069651596076,-4.077945618596625,1.256979014152397,-1.8162742499135753,31.62554,-23.550846
Gedling,E07000173,117264,104918,100367,887,28,3636,4130,2143,351,859,777,4532,1755,1451,106,472,748,2675,1026,1263,386,1009,186,823,56187,7026,11693,7670,5625,6236,5203,4385,3360,4989,53976,40850,16183,4840,1414,,200,39,3941,601,373,5726,8926,2525,2160,2004,1281,952,2947,2422,4047,6500,9156,2392,2021,0.894716195933961,0.038647837358439074,0.02281177513985537,0.0352196752626552,0.008604516305089372,0.8559063310137809,0.007564128803383818,0.0002387774594078319,0.031006958657388457,0.0009039432391867922,0.004025105744303452,0.014966230045026606,0.012373789057170147,0.006378769272752081,0.008749488334015555,0.010770568972574703,0.0032917178332651114,0.007325351343975986,0.0029932460090053214,0.018275003411106563,0.006626074498567335,0.0015861645517805977,0.007018351753308774,0.46029471960704055,0.3483592577432119,0.1380048437713194,0.04127438941192523,0.012058261700095512,0.12504671899193764,0.20810863722925232,0.1365084450139712,0.10011212558065033,0.11098652713261074,0.09260149144819976,0.07804296367487142,0.05980030968017513,0.08879278124833147,0.0,0.0,0.0,0.0,0.0,0.0,0.0,0.0,0.0,0.0,0.0,0.0,0.0,0.0,0.0,0.0,0.0,0.0,2.477942689892473,-2.643484428117578,-0.03944020502052224,0.02879697523114689,23.090305,-10.442542
Gloucester,E07000081,132414,112461,103317,800,224,8120,5014,2694,569,869,882,8543,4481,1160,802,497,1603,4826,2149,1912,765,1570,332,1238,65621,6245,10844,8019,7174,7208,7580,5648,5576,7327,61882,46736,17259,5172,1367,,203,74,6025,761,474,5896,10738,3194,3106,2341,2906,747,2654,3149,4169,5279,11661,2241,2021,0.8493135166976301,0.0645173471083118,0.03644629721932726,0.037866086667572914,0.011856752307157853,0.7802573745978522,0.00604165722657725,0.00169166402344163,0.06132282084975909,0.006056761369643693,0.0037533795520111168,0.03384083254036582,0.008760402978537012,0.012105970667754165,0.01622940172489314,0.014439560771519628,0.005777334722914495,0.006562750162369538,0.004297128702403069,0.02034528071049889,0.006660927092301418,0.002507287749029559,0.009349464558128295,0.46733729061881674,0.352953615176643,0.13034120259187096,0.03905931396982192,0.010323681785913877,0.09516770546014233,0.16525197726337607,0.12220173420094177,0.10932475884244373,0.10984288566160223,0.11551180262415994,0.08607000807668277,0.08497279834199419,0.11165632952865698,0.0,0.0,0.0,0.0,0.0,0.0,0.0,0.0,0.0,0.0,0.0,0.0,0.0,0.0,0.0,0.0,0.0,0.0,2.258519681273942,-2.6183051719548494,1.6552545056370254,1.4798507793790423,17.590118,-14.448795
Gosport,E07000088,81949,78136,75763,310,42,2021,1210,319,190,342,359,1169,337,23,92,312,405,984,439,405,140,450,49,401,38484,4077,5272,5804,4031,4766,4610,3170,2593,4161,35504,29829,12134,3587,898,,39,30,2801,234,331,3777,5517,1825,1884,1245,712,430,1390,2117,5449,3338,5819,1549,2021,0.9534710612698142,0.014264969676262066,0.012007468059402799,0.014765280845403848,0.005491220149117134,0.9245140270168032,0.003782840547169581,0.0005125138805842658,0.02466167982525717,0.001122649452708392,0.003807245970054546,0.004112313756116609,0.000280662363177098,0.00494209813420542,0.005356990323249826,0.00494209813420542,0.0017083796019475527,0.004173327313329022,0.0023185151740716787,0.003892664950151924,0.004380773407851224,0.0005979328606816435,0.00489328728843549,0.43324506705389937,0.36399467961781107,0.1480677006430829,0.0437711259441848,0.010958034875349302,0.1059401309635173,0.1369919966739424,0.1508159235006756,0.10474482901985241,0.12384367529362852,0.11979004261511278,0.08237189481342896,0.06737865086789314,0.10812285625194887,0.0,0.0,0.0,0.0,0.0,0.0,0.0,0.0,0.0,0.0,0.0,0.0,0.0,0.0,0.0,0.0,0.0,0.0,0.524251218605062,-4.208998810566836,0.03685157149869133,0.2976601214355573,32.463154,-15.806904
Gravesham,E07000109,106902,81893,73030,699,320,7844,2828,787,535,791,715,11999,8136,843,690,352,1978,6952,5235,847,870,3230,127,3103,49761,6005,7846,6125,5188,5590,4639,3797,4387,6184,52013,36416,13291,4088,1092,,213,37,2879,244,464,6803,7974,3510,2123,1683,2038,856,2695,2874,2751,4320,6334,1959,2021,0.7660567622682457,0.11224298890572675,0.06503152419973433,0.02645413556341322,0.03021458906288002,0.6831490524031356,0.006538698995341528,0.002993395820471086,0.07337561504929749,0.006454509737890779,0.0032927354025181943,0.07610708873547735,0.007885727114553516,0.018502927915286897,0.048970084750519165,0.007923144562309406,0.008138294886905765,0.007399300293726965,0.005004583637350096,0.007361882845971076,0.006688368786365082,0.0011880039662494621,0.02902658509663056,0.48654842753175803,0.34064844436960956,0.12432882453087875,0.03824063160651812,0.01021496323735758,0.12067683527260305,0.15767368019131447,0.12308836237213883,0.10425835493659694,0.1123369707200418,0.09322561845622074,0.07630473664114468,0.08816141154719559,0.12427402986274391,0.0,0.0,0.0,0.0,0.0,0.0,0.0,0.0,0.0,0.0,0.0,0.0,0.0,0.0,0.0,0.0,0.0,0.0,3.2605023038540573,-2.010728680319554,1.3488770846591356,1.957320330127311,17.212173,-12.599069
Great Yarmouth,E07000145,99750,94361,88663,352,135,5211,1575,354,424,374,423,1936,786,121,64,246,719,1104,857,105,142,774,75,699,41136,4037,4911,4127,3743,5220,5347,3722,4277,5752,40086,35834,16599,5610,1619,,418,799,3675,388,352,3587,6901,1792,3403,656,690,435,1528,2163,1708,3062,7665,1913,2021,0.9459749373433584,0.019408521303258146,0.01106766917293233,0.015789473684210527,0.007759398496240601,0.8888521303258146,0.0035288220551378444,0.0013533834586466164,0.0522406015037594,0.0006416040100250626,0.0024661654135338345,0.0078796992481203,0.0012130325814536341,0.0072080200501253135,0.008591478696741855,0.0010526315789473684,0.0014235588972431078,0.00374937343358396,0.00425062656641604,0.003548872180451128,0.004240601503759399,0.0007518796992481203,0.0070075187969924815,0.4018646616541353,0.35923809523809525,0.16640601503759397,0.056240601503759396,0.01623057644110276,0.09813788409179308,0.11938448074679113,0.10032574873590043,0.09099085958770907,0.12689614935822638,0.1299834694671334,0.09048035783741734,0.10397218980941268,0.13982886036561648,0.0,0.0,0.0,0.0,0.0,0.0,0.0,0.0,0.0,0.0,0.0,0.0,0.0,0.0,0.0,0.0,0.0,0.0,-0.5006573785629661,-5.300082481569449,2.6794721097258924,-0.21894313674267835,28.873528,-24.16638
Greenwich,E09000011,289065,161006,119665,4230,385,36726,17297,5142,3302,3491,5362,38028,10128,3538,2395,7125,14842,60602,44185,8724,7693,12132,1462,10670,142934,18826,35907,21127,11610,10735,13290,9173,7183,15083,152415,92418,30949,10134,3152,,84,124,3587,468,541,11411,16397,6294,7998,9966,11123,2717,13052,9402,8198,13186,20416,7973,2021,0.556988912528324,0.13155518654973794,0.20964834898725201,0.05983775275457077,0.041969799180115196,0.41397263591233807,0.014633386954491205,0.0013318803729265045,0.12705100928856833,0.008285333748464878,0.024648435472990504,0.03503710238181724,0.012239461712763565,0.05134485323370176,0.15285489422794182,0.030180063307560585,0.026613391451749607,0.01207686852438033,0.011423036341307318,0.01778838669503399,0.018549461193849134,0.005057685987580648,0.036912113192534554,0.5272689533495927,0.3197135592340823,0.10706588483559061,0.03505785895905765,0.010904121910296992,0.13171113940699902,0.2512138469503407,0.1478094785005667,0.08122630025046525,0.07510459372857403,0.09297997677249639,0.06417647305749506,0.050253963367708175,0.10552422796535464,0.0,0.0,0.0,0.0,0.0,0.0,0.0,0.0,0.0,0.0,0.0,0.0,0.0,0.0,0.0,0.0,0.0,0.0,8.846946899527218,2.691001254784386,3.4177610015238145,-0.18566535368709336,5.9958773,-7.663249
Guildford,E07000209,143647,124788,111076,1292,467,11953,4386,710,615,1773,1288,9630,2873,921,476,2315,3045,2150,1531,357,262,2693,731,1962,69774,12141,18410,11207,5849,5682,5465,4077,2338,4605,78671,46690,13717,3531,1041,,265,166,3180,319,336,5367,8237,2217,2979,5574,3285,1199,7084,3695,4734,7974,9244,3924,2021,0.8687128864508135,0.06703933949194901,0.014967246096333374,0.03053318203652008,0.018747345924384082,0.7732566639052678,0.00899427067742452,0.0032510250823198535,0.0832109267858013,0.003313678670630086,0.016115895215354305,0.020000417690588735,0.006411550537080482,0.021197797378295406,0.01065807152255181,0.0024852590029725645,0.001823915570808997,0.012342756897115847,0.004281328534532569,0.004942671966696137,0.008966424638175527,0.005088863672753347,0.013658482251630733,0.5476689384393687,0.32503289313386285,0.09549103009460692,0.02458109114704797,0.007246931714550251,0.17400464356350503,0.2638518645913951,0.16061856852122566,0.08382778685470232,0.08143434517155387,0.07832430418207355,0.0584315074383008,0.03350818356407831,0.06599879611316536,0.0,0.0,0.0,0.0,0.0,0.0,0.0,0.0,0.0,0.0,0.0,0.0,0.0,0.0,0.0,0.0,0.0,0.0,5.870510053502656,-0.3427245849508434,-3.5324173328399775,0.11770966027810226,16.68134,0.7127642
Gwynedd,W06000002,117392,112987,109548,554,111,2774,1333,371,179,438,345,1968,484,209,199,580,496,513,373,82,58,591,314,277,51818,5360,9055,5266,3864,8277,6652,4118,3562,5664,58620,37038,15668,4741,1324,,2000,177,2678,444,665,5009,6914,1509,4419,1212,437,763,1858,2217,4345,5902,8579,2682,2021,0.9624761482894916,0.016764345100177182,0.004369974103857162,0.011355117895597656,0.00503441461087638,0.9331811367043751,0.004719231293444187,0.000945549952296579,0.023630230339375766,0.001695175139702876,0.004940711462450593,0.004122938530734633,0.001780359820089955,0.004225160147199127,0.0031773885784380537,0.0006985143791740494,0.0004940711462450593,0.0037310890009540684,0.0015248057789287175,0.003160351642360638,0.002938871473354232,0.0026747989641542863,0.0023596156467220936,0.4993525964290582,0.3155070192176639,0.13346735723047568,0.04038605697151424,0.011278451683249284,0.10343895943494538,0.1747462271797445,0.10162491798216836,0.07456868269713227,0.15973213941101547,0.1283723802539658,0.07947045428229572,0.06874059207225289,0.1093056466864796,0.0,0.0,0.0,0.0,0.0,0.0,0.0,0.0,0.0,0.0,0.0,0.0,0.0,0.0,0.0,0.0,0.0,0.0,0.7955718651180622,-4.378466243583342,-0.2842825691339043,-0.9864683124201785,38.200127,-13.490046
Hackney,E09000012,259147,137709,87927,5582,248,43952,17487,4749,2735,3691,6312,26885,8832,2461,6554,3459,5579,54645,29478,17903,7264,22421,2342,20079,134312,18646,40040,27603,9468,6468,9742,7191,4530,10624,146836,73626,25710,9467,3507,,90,63,4031,379,255,5260,14554,3873,6768,13449,6789,2925,21080,7204,5553,15069,16077,10891,2021,0.5313933790474132,0.10374420695589762,0.2108648759198447,0.0674790755825844,0.08651846249426001,0.3392939142648767,0.021539898204493976,0.0009569858034243113,0.16960258077461826,0.025290665143721518,0.013347636669535052,0.03408104280582063,0.009496540573496895,0.02152832176332352,0.11375011094089454,0.06908434209155422,0.028030422887395958,0.0142428814533836,0.01055385553373182,0.018325506372830865,0.024356832222638118,0.009037341740402166,0.07748112075385785,0.566612771901662,0.2841090192053159,0.09921010083080259,0.03653138952023369,0.013532859728262337,0.13882601703496336,0.2981118589552683,0.20551402704151528,0.07049258443028174,0.04815653106200488,0.07253261063791769,0.053539519923759604,0.03372744058609804,0.07909941032819108,0.0,0.0,0.0,0.0,0.0,0.0,0.0,0.0,0.0,0.0,0.0,0.0,0.0,0.0,0.0,0.0,0.0,0.0,11.409060637776616,4.496278264217782,2.705753420175759,-2.350175028343678,6.2450466,-6.0498543
Halton,E06000006,128478,123976,120301,685,91,2899,1791,530,342,461,458,1436,375,125,58,418,460,511,293,84,134,764,241,523,58706,5870,8767,7260,5877,5667,5585,6143,5884,7653,59066,41455,18088,7491,2380,,96,116,6045,476,797,4879,10421,4060,2425,2399,1269,785,3141,3350,3491,4696,8177,2087,2021,0.9649589813041921,0.011177010850106634,0.003977334640950202,0.013940129827674777,0.005946543377076231,0.9363548623110571,0.005331652111645574,0.0007082924703062002,0.022564174411183236,0.0004514391568984573,0.003253475303164744,0.0029187876523607153,0.0009729292174535718,0.0035803795202291443,0.002280546085711172,0.0006538084341288003,0.001042980121110229,0.0035881629539687727,0.0026619343389529724,0.004125219882003144,0.0035648126527498872,0.0018758075312504865,0.004070735845825744,0.4597362972649014,0.3226622456763026,0.14078674948240166,0.05830570214355765,0.018524572300316008,0.09998977957960004,0.14933737607740266,0.12366708683950534,0.10010901781759957,0.09653187067761387,0.09513507988961946,0.10464007086158143,0.10022825605559908,0.13036146220147857,0.0,0.0,0.0,0.0,0.0,0.0,0.0,0.0,0.0,0.0,0.0,0.0,0.0,0.0,0.0,0.0,0.0,0.0,0.3082791726532575,-4.309162432026981,1.530326798626809,-1.9088469245535145,31.277355,-24.531055
Hammersmith and Fulham,E09000013,183156,115679,70105,4812,93,40669,12318,3157,1777,3142,4242,19306,4100,2010,1277,4253,7666,22453,13243,6626,2584,13400,5534,7866,98096,18326,29279,18574,6900,4493,6803,5004,2711,6006,108069,51238,16301,5603,1946,,53,210,2994,449,180,4055,11022,2995,5879,9031,8797,2955,13898,4775,3116,8940,11869,6868,2021,0.6315872807879622,0.1054074122605866,0.12258948655790693,0.0672541440083863,0.07316167638515801,0.38276114350608226,0.026272685579505996,0.0005077638734193802,0.22204568782895456,0.00697219856297364,0.023220642512393808,0.022385289043219986,0.010974251457773702,0.04185503068422547,0.07230448360960055,0.036176811024481864,0.014108191923824499,0.01715477516434078,0.009702111860927298,0.01723667256327939,0.023160584419838825,0.030214680381751076,0.04294699600340693,0.5900380003931075,0.27975059512109895,0.08900063333988513,0.03059140841686868,0.010624822555635634,0.1868169955961507,0.29847292448213997,0.18934513129995106,0.07033925950089708,0.045802071440221824,0.06935043222965259,0.051011254281520146,0.027636193116946664,0.06122573805251998,0.0,0.0,0.0,0.0,0.0,0.0,0.0,0.0,0.0,0.0,0.0,0.0,0.0,0.0,0.0,0.0,0.0,0.0,11.74469492395162,4.71732015735844,0.2712143900733582,-3.1544629758795955,7.624065,-4.423781
Harborough,E07000131,97623,88851,85474,554,193,2630,2003,602,182,762,457,5298,4250,279,68,233,468,699,411,201,87,772,81,691,48772,8799,10831,6993,4486,5046,3500,2903,2358,3856,50282,32717,11016,2850,762,,982,40,4131,354,280,4388,8416,2081,1697,1821,1702,701,3512,2197,2514,5639,5964,2358,2021,0.9101441258719769,0.05426999784886758,0.007160197904182416,0.020517705868494104,0.007907972506479006,0.8755518678999826,0.005674892187291929,0.0019769931266197514,0.026940372658082624,0.0006965571637831249,0.002386732634727472,0.04353482273644531,0.0028579330690513506,0.00479395224486033,0.004210073445806828,0.0020589410282412955,0.0008911834301342922,0.007805537629452076,0.0018643147618901284,0.006166579597021194,0.004681273880130707,0.0008297225039181341,0.007078250002560872,0.5150630486668101,0.3351361871690073,0.11284226053286624,0.029193939952675087,0.007805537629452076,0.18041089149512016,0.2220741409005167,0.14338144837201672,0.09197900434675634,0.1034610022143853,0.07176248667268105,0.059521856803083736,0.04834741244976626,0.07906175674567374,0.0,0.0,0.0,0.0,0.0,0.0,0.0,0.0,0.0,0.0,0.0,0.0,0.0,0.0,0.0,0.0,0.0,0.0,3.434962060444977,-2.269533476373087,-3.4102217506803294,0.9004782944633098,22.278734,-1.5490998
Haringey,E09000014,264238,150581,84298,5701,235,60347,18556,5325,2574,3915,6742,23080,5838,2162,4819,3848,6413,46466,24855,16339,5272,25555,2525,23030,134383,17168,33738,21842,9189,11265,10419,8084,6027,16651,140184,83809,27408,9562,3275,,76,75,3648,308,298,10303,15311,4763,9730,10598,4928,2469,14199,9954,5720,14637,16945,10423,2021,0.5698688303726186,0.08734549913335705,0.17584904517896743,0.07022457027376834,0.09671205504128853,0.31902300199062966,0.02157524655802723,0.0008893497528743027,0.22838123207108743,0.01823734663447347,0.014562629144937519,0.022093718541617784,0.008182017726443586,0.024269787085884696,0.09406292811783316,0.06183440686048184,0.019951710200652444,0.014816188436182532,0.009741218144248746,0.02015228695342835,0.02551487673990872,0.00955577925960687,0.08715627578168167,0.5305217266252393,0.3171723976112444,0.10372467245437825,0.03618707377440035,0.012394129534737622,0.127754254630422,0.2510585416310099,0.1625354397505637,0.06837918486713349,0.08382756747505264,0.07753212831980236,0.0601564185946139,0.04484942291807743,0.1239070418133246,0.0,0.0,0.0,0.0,0.0,0.0,0.0,0.0,0.0,0.0,0.0,0.0,0.0,0.0,0.0,0.0,0.0,0.0,10.209099148853035,3.4580514881191102,3.973121969633682,-0.8350419754127414,6.83355,-6.8441415
Harlow,E07000073,93330,77214,67993,743,182,8296,3048,1051,587,623,787,5555,1613,1197,740,817,1188,5827,4156,909,762,1686,301,1385,45981,4808,6889,5202,4968,5411,4800,3669,4302,5932,44559,32106,11913,3659,1091,,96,27,3552,176,334,5330,8502,3079,1842,1535,1188,567,1882,2738,1961,3780,7609,1784,2021,0.8273224043715847,0.05951998285653059,0.06243437265616629,0.032658309225329474,0.018064930890388943,0.7285224472302583,0.00796099860709311,0.0019500696453444767,0.08888888888888889,0.00792885460195007,0.008753884067288118,0.017282760098574948,0.012825458052073288,0.012729026036644166,0.04453016179149255,0.009739633558341369,0.008164577306332368,0.006675238401371478,0.006289510339654988,0.011261116468445301,0.00843244401585771,0.003225115182685096,0.014839815707703846,0.47743490838958536,0.3440051430408229,0.1276438444230151,0.03920497160612879,0.011689703203685845,0.1045649289924099,0.149822752876188,0.11313368565276963,0.1080446271285966,0.11767904134316348,0.10439094408560057,0.07979382788543093,0.09356038363671952,0.12900980839912138,0.0,0.0,0.0,0.0,0.0,0.0,0.0,0.0,0.0,0.0,0.0,0.0,0.0,0.0,0.0,0.0,0.0,0.0,2.7960290076709495,-2.198297019588078,2.035311356799639,0.9966065321772052,17.497429,-13.5322275
Harrow,E09000015,261205,95233,53567,5608,179,35879,9833,2187,1104,3140,3402,118152,74744,10264,1820,2784,28540,19151,10584,6514,2053,18836,6239,12597,125040,17524,31409,14526,12204,12184,8624,9061,7806,11702,134553,88594,27907,7715,2434,,60,151,4529,400,324,15627,18374,6669,5137,8668,7192,2445,11147,7030,5137,11040,16448,4665,2021,0.36459103003388144,0.45233437338488924,0.0733178920771042,0.03764476177714822,0.0721119427269769,0.2050764725024406,0.02146972684290117,0.0006852855037231294,0.13735954518481652,0.006967707356291036,0.01065829520874409,0.28615072452671275,0.03929480676097318,0.10926283953216823,0.0405198981642771,0.024938266878505387,0.007859727034321702,0.012021209394919699,0.004226565341398519,0.008372734059455217,0.013024252981374782,0.023885453953791085,0.04822648877318581,0.5151241362148504,0.33917421182596047,0.10683945560000765,0.029536188051530406,0.00931835148638043,0.14014715291106847,0.2511916186820218,0.11617082533589251,0.09760076775431861,0.09744081893793986,0.0689699296225208,0.07246481126039667,0.06242802303262956,0.09358605246321178,0.0,0.0,0.0,0.0,0.0,0.0,0.0,0.0,0.0,0.0,0.0,0.0,0.0,0.0,0.0,0.0,0.0,0.0,8.144729528270611,2.4195843339016565,3.1528990984767136,3.1395843316979595,8.533585,-10.937321
Hart,E07000089,99404,91952,86414,769,246,4523,2231,408,299,919,605,3595,1318,217,161,519,1380,843,514,225,104,783,120,663,50445,9507,11749,8737,4762,4544,3698,2774,1769,2905,54555,32704,9344,2177,628,,202,122,2817,273,349,4268,6219,1931,2047,5339,2293,752,4262,2939,4318,4736,5246,2343,2021,0.9250331978592411,0.03616554665808217,0.00848054404249326,0.022443764838437085,0.007876946601746409,0.8693211540783067,0.007736107198905477,0.00247474950706209,0.0455011870749668,0.0016196531326707175,0.005221117862460263,0.013259023781739165,0.002183010744034445,0.013882741137177579,0.005170818075731359,0.002263490402800692,0.0010462355639612089,0.009245100800772605,0.0030079272463884752,0.0041044625970785885,0.006086274194197417,0.0012071948814937024,0.006669751720252706,0.5488209729990745,0.329000845036417,0.0940002414389763,0.02190052714176492,0.006317653213150376,0.18846268212905143,0.23290712657349588,0.17319853305580335,0.0943998414114382,0.09007830310238873,0.07330756269204083,0.05499058380414312,0.03506789572802062,0.0575874715036178,0.0,0.0,0.0,0.0,0.0,0.0,0.0,0.0,0.0,0.0,0.0,0.0,0.0,0.0,0.0,0.0,0.0,0.0,4.735322650552002,-1.1856410526441308,-4.765549767123793,0.6812318379962244,18.694838,-0.08358248
Hartlepool,E06000001,92338,89068,87761,170,37,1100,671,143,115,240,173,1600,335,297,278,217,473,445,327,57,61,554,270,284,37749,3348,5838,4497,3391,4736,4381,3613,3622,4323,39817,30749,14415,5625,1732,,149,428,3874,584,444,3809,5734,1452,1845,834,628,544,1689,1645,2632,3763,6354,1341,2021,0.9645866273906734,0.017327644090190386,0.004819251012584201,0.007266780740323594,0.0059996967662284215,0.9504321081244991,0.0018410621845827287,0.0004007017695856527,0.011912755312005892,0.00301067816067058,0.0023500617297320713,0.0036279754813836125,0.0032164439342415906,0.005122484784162534,0.0035413372609326603,0.0006172973207130326,0.0006606164309385086,0.002599146613528558,0.001245424418982434,0.0015486581905607658,0.0018735515172518355,0.002924039940219628,0.003075656826008794,0.4312092529619442,0.3330048300807901,0.15611124347505903,0.06091749875457558,0.018757174727631096,0.08869109115473257,0.15465310339346738,0.1191289835492331,0.0898301941773292,0.12546027709343294,0.11605605446501895,0.09571114466608387,0.09594956157779014,0.11451958992291186,0.0,0.0,0.0,0.0,0.0,0.0,0.0,0.0,0.0,0.0,0.0,0.0,0.0,0.0,0.0,0.0,0.0,0.0,-0.5894441027786114,-5.267779175288716,1.6473623633634322,-1.9930250061139536,32.840385,-23.42641
Hastings,E07000062,90995,83191,77418,780,128,4865,2639,758,404,724,753,2536,595,125,343,366,1107,1262,782,304,176,1367,330,1037,40899,4437,6752,5489,3816,5063,5531,3410,2558,3843,38395,31864,14122,5025,1588,,150,12,2163,142,243,4358,6056,1549,2123,1272,1362,675,1985,1892,2464,3707,8412,2332,2021,0.914237045991538,0.027869663168305952,0.01386889389526897,0.02900159349414803,0.015022803450739051,0.8507939996703116,0.0085718995549206,0.0014066706961920984,0.053464476070113745,0.003769437881202264,0.004022199021924282,0.006538820814330458,0.0013737018517500962,0.012165503599098852,0.008593878784548602,0.003340842903456234,0.0019341722072641354,0.007956481125336557,0.004439804384856311,0.008330128029012583,0.008275179954942579,0.003626572888620254,0.011396230562118798,0.4219462607835595,0.3501730864333205,0.15519534040331887,0.055222814440353866,0.01745150832463322,0.10848676006748331,0.16508961099293382,0.13420866035844398,0.09330301474363677,0.1237927577691386,0.13523558033203745,0.08337612166556639,0.06254431648695567,0.093963177583804,0.0,0.0,0.0,0.0,0.0,0.0,0.0,0.0,0.0,0.0,0.0,0.0,0.0,0.0,0.0,0.0,0.0,0.0,1.3629175571829868,-3.7825091053312674,1.5844595003769102,-1.1953254950102024,34.988243,-18.317055
Havant,E07000090,124210,119127,115732,485,69,2841,1719,352,372,557,438,2107,905,73,178,424,527,750,463,155,132,507,108,399,56368,6844,9199,6950,5286,7625,6126,4696,4018,5624,55028,44185,18023,5437,1535,,179,31,4686,746,533,7098,8602,2282,2613,2270,1250,762,2501,3179,3950,5023,8250,2414,2021,0.9590773689719024,0.016963207471218097,0.006038161178649062,0.013839465421463651,0.004081796956766766,0.931744626036551,0.00390467756219306,0.0005555108284357137,0.02287255454472265,0.0014330569197327108,0.003413573786329603,0.007286047822236535,0.000587714354721842,0.004242814588197408,0.0037275581676193543,0.0012478866435874727,0.0010627163674422348,0.00448434103534337,0.0029949279446099346,0.002833910313179293,0.0035262861283310524,0.0008694952097254649,0.003212301747041301,0.44302391111826744,0.35572820223814505,0.14510103856372272,0.04377264310441993,0.012358103212301748,0.12141640647175703,0.1631954300312234,0.12329690604598353,0.0937766108430315,0.1352717854101618,0.10867868294067556,0.08330967925063866,0.07128157820039739,0.09977292080613114,0.0,0.0,0.0,0.0,0.0,0.0,0.0,0.0,0.0,0.0,0.0,0.0,0.0,0.0,0.0,0.0,0.0,0.0,0.6031072724139535,-4.3453876228246475,-0.2103752079724959,-0.04656938017171713,31.889116,-15.128654
Havering,E09000016,262052,197314,174232,2894,259,19929,9747,3224,1535,2344,2644,28150,11292,5683,4774,2011,4390,21567,14138,4832,2597,5274,809,4465,124781,15438,24339,16717,16701,14375,10294,8162,8058,10697,130764,89013,30642,8941,2692,,121,67,4677,488,799,16713,15341,7550,4472,5266,10155,2146,8684,6811,7409,12206,16705,5179,2021,0.7529574282966739,0.10742142780822127,0.08230045945079603,0.037194907880878605,0.020125776563430158,0.6648756735304443,0.011043609665257277,0.0009883534565658723,0.07604979164440645,0.018217758307511486,0.007674049425304901,0.043090684291667306,0.021686535496771634,0.016752400286965945,0.05395112420435639,0.018439088425198053,0.009910246821241586,0.008944789583746737,0.005857616045670325,0.012302901714163601,0.010089600537297941,0.0030871735380764123,0.017038603025353746,0.4990001984338986,0.3396768580281776,0.11693099079571993,0.03411918245233771,0.010272770289866133,0.12372075876936392,0.19505373414221716,0.13397071669565078,0.13384249204606471,0.11520183361248908,0.08249653392744087,0.06541059937009641,0.06457713914778693,0.08572619228889014,0.0,0.0,0.0,0.0,0.0,0.0,0.0,0.0,0.0,0.0,0.0,0.0,0.0,0.0,0.0,0.0,0.0,0.0,4.37976056468134,-0.5686941687480902,0.5185103395149677,1.2048287857548317,15.717169,-10.0273695
"Herefordshire, County of",E06000019,187032,181248,170419,727,431,9671,1980,473,280,689,538,2218,843,139,55,339,842,567,340,150,77,1019,224,795,88507,11979,14131,9965,7964,12927,8686,6212,6943,9700,85521,65655,26040,7641,2177,,4808,119,9613,360,605,8539,14028,2421,3969,2439,1319,1309,4634,4670,4676,7595,13531,3878,2021,0.9690748107275761,0.011858933230677103,0.0030315667907096114,0.010586423713589118,0.005448265537448137,0.9111756277000728,0.0038870353736259037,0.0023044184952307626,0.051707729158646645,0.0002940673253774755,0.0018125240600538946,0.004507250096240215,0.000743188331408529,0.004501903417596989,0.0018178707386971213,0.0008020017964840241,0.00041169425552846573,0.0036838615851832843,0.0014970700201035116,0.0025289789982462893,0.002876513110056033,0.0011976560160828094,0.0042506095213653275,0.4572533042474015,0.3510361863210574,0.1392275118696266,0.04085397151289619,0.011639719406304804,0.13534522693120318,0.15965968793428767,0.11258996463556555,0.08998158337758595,0.14605624413888166,0.09813913023828624,0.07018653891782571,0.07844577265075078,0.10959585117561323,0.0,0.0,0.0,0.0,0.0,0.0,0.0,0.0,0.0,0.0,0.0,0.0,0.0,0.0,0.0,0.0,0.0,0.0,0.7576277787007258,-4.371273319964742,-0.8767575155210052,0.7465730870401106,33.913914,-11.498481
Hertsmere,E07000098,107827,83145,68032,2155,167,12791,4038,948,508,1240,1342,11320,6660,787,381,1059,2433,5181,3713,890,578,4143,363,3780,52766,9198,12243,7478,5665,4607,4296,2997,2583,3699,57652,34388,11602,3205,981,,111,33,1979,232,243,5201,7204,2205,2058,3344,2660,1740,5081,3071,2135,5679,7007,2784,2021,0.7710962931362275,0.10498298199894275,0.04804918990605322,0.037448876440965624,0.03842265851781094,0.6309365928756249,0.019985717862872936,0.0015487772079349328,0.11862520518979476,0.0035334378216958645,0.00982128780361134,0.061765606017045824,0.007298728518831091,0.02256392183775863,0.03443478906025393,0.008253962365641259,0.005360438480158031,0.011499902621792315,0.00471125042892782,0.008791861036660577,0.01244586235358491,0.0033665037513795244,0.03505615476643141,0.5346712789932021,0.3189182672243501,0.10759828243389874,0.029723538631326107,0.009097906832240533,0.17431679490581056,0.23202440965773416,0.1417200469999621,0.10736080051548345,0.08731001023386271,0.08141606337414244,0.05679793806617898,0.048951976651631736,0.07010195959519387,0.0,0.0,0.0,0.0,0.0,0.0,0.0,0.0,0.0,0.0,0.0,0.0,0.0,0.0,0.0,0.0,0.0,0.0,6.294323751882013,0.38857318897114757,-1.3022362649367165,0.22891957375395455,14.241599,-3.5243676
High Peak,E07000037,90935,88614,86183,639,20,1772,1185,346,163,377,299,694,140,77,7,221,249,223,119,70,34,219,30,189,44614,5873,8839,5598,3694,5209,4453,3120,3593,4235,43301,31083,12007,3535,1007,,489,469,4841,201,263,3963,6229,1861,2098,1641,1134,550,3077,1999,2353,4833,6547,2066,2021,0.9744762742618354,0.00763182492989498,0.0024523010941881565,0.013031286083466213,0.0024083136306152744,0.9477428932754165,0.0070269973057678565,0.00021993731786440864,0.019486446362786607,7.697806125254303e-05,0.0024303073624017154,0.0015395612250508606,0.0008467586737779733,0.002738219607411888,0.0013086270412932313,0.0007697806125254303,0.0003738934403694947,0.004145818441744103,0.0017924891405949304,0.0038049155990542696,0.003288062902072909,0.00032990597679661296,0.0020784076538186615,0.47617529004233794,0.3418155825589707,0.13203936877989772,0.03887392093253423,0.011073843954472974,0.13164029228493299,0.1981216658448021,0.12547630788541714,0.08279912135204195,0.1167570717711929,0.0998117182947057,0.06993320482359798,0.08053525799076523,0.09492535975254404,0.0,0.0,0.0,0.0,0.0,0.0,0.0,0.0,0.0,0.0,0.0,0.0,0.0,0.0,0.0,0.0,0.0,0.0,1.3864658043557647,-3.881778850407062,-1.3404999808144857,-0.4011846568587654,28.572956,-11.659747
Hillingdon,E09000017,305907,147387,113377,5585,479,27946,13359,3151,1897,4201,4110,101938,57341,14243,4050,3184,23120,23955,15844,5752,2359,19268,4462,14806,142803,18524,30087,18036,14401,13152,12044,10772,10752,15035,156976,103725,33088,9244,2876,,125,128,6651,474,763,14047,20721,13119,7008,9963,5289,2096,9027,8965,7023,13674,18171,5563,2021,0.4818032931577244,0.3332319953449905,0.07830811325010542,0.043670135041041884,0.06298646320613781,0.37062571304350667,0.018257182738544722,0.0015658353682655186,0.09135456200740748,0.013239317831890085,0.010408392093021735,0.1874458577280023,0.046559902192496415,0.07557852549957994,0.05179351894530037,0.01880310028864982,0.007711494016155237,0.0137329319041408,0.006201231093109998,0.010300516169947075,0.013435455873844012,0.014586132386640385,0.04840033081949743,0.5131494212293278,0.3390736400278516,0.10816359220285904,0.03021833433036838,0.00940155014432491,0.129717162804703,0.21068885107455726,0.12629986764983928,0.10084522033850829,0.09209890548517888,0.08433996484667688,0.0754325889512125,0.07529253587109515,0.10528490297822875,0.0,0.0,0.0,0.0,0.0,0.0,0.0,0.0,0.0,0.0,0.0,0.0,0.0,0.0,0.0,0.0,0.0,0.0,7.050600599416415,1.3454452319629688,2.8980455230572346,2.672319239758685,9.088344,-11.002939
Hinckley and Bosworth,E07000132,113641,107180,103225,554,80,3321,1990,638,215,681,456,3147,2018,221,85,386,437,692,423,187,82,632,93,539,55889,7756,10160,7534,5742,6364,4821,3701,4050,5761,52913,40394,14967,4164,1202,,543,112,6058,1247,420,5503,9730,3476,2110,1689,1459,605,2870,2428,2746,5646,6832,2409,2021,0.9431455196627978,0.027692470147217995,0.0060893515544565785,0.017511285539549986,0.005561373095977684,0.908342939608064,0.004875001099955122,0.0007039712779718587,0.029223607676806786,0.0007479694828451,0.0033966614162142185,0.017757675486840138,0.0019447206553972597,0.0038454431059212783,0.003722248132276203,0.0016455328622592199,0.0007215705599211552,0.0059925555037354476,0.0018919228095493703,0.005614170941825573,0.004012636284439595,0.0008183666106422858,0.004743006485335399,0.465615402891562,0.3554526975299408,0.13170422646756014,0.03664170501843525,0.010577168451527178,0.13877507201774947,0.18178890300416897,0.13480291291667412,0.10273935837105691,0.11386856089749324,0.08626026588416325,0.0662205442931525,0.07246506468177996,0.10307931793376156,0.0,0.0,0.0,0.0,0.0,0.0,0.0,0.0,0.0,0.0,0.0,0.0,0.0,0.0,0.0,0.0,0.0,0.0,1.6791821265091147,-3.4162984084871826,-1.4054190580760333,0.6694001430581571,28.297539,-9.0128
Horsham,E07000227,146776,137442,129348,1163,233,6698,3130,571,399,1160,1000,3974,1417,401,263,634,1259,1312,895,256,161,918,209,709,72167,12689,15238,11458,6842,7090,6338,4557,2994,4961,75551,49827,16218,4067,1115,,747,110,4463,471,515,6286,9564,3908,2708,4331,3822,1527,5775,4602,3649,7168,8592,3936,2021,0.9364064969749822,0.027075271161497792,0.008938791083010846,0.021325012263585328,0.006254428516923748,0.8812612416198834,0.00792363874202867,0.0015874529895895787,0.045634163623480675,0.0017918460783779365,0.004319507276393961,0.009654166893770098,0.002732054286804382,0.008577696626151415,0.006097727148852673,0.001744154357660653,0.00109690957649752,0.007903199433149833,0.0027184280808851585,0.0038902817899384096,0.006813102959611926,0.0014239385185588925,0.0048304899983648555,0.5147367417016406,0.3394764811685834,0.11049490379898622,0.027708889736741703,0.007596609799967297,0.1758282871672648,0.2111491401887289,0.1587706292349689,0.09480787617609157,0.09824434991062397,0.08782407471559023,0.06314520487203293,0.04148710629512104,0.06874333143957764,0.0,0.0,0.0,0.0,0.0,0.0,0.0,0.0,0.0,0.0,0.0,0.0,0.0,0.0,0.0,0.0,0.0,0.0,3.625523367840677,-2.0399911582503822,-3.4859543633640775,0.4154064980065534,21.734451,-2.21779
Hounslow,E09000018,288181,127083,81933,3894,296,40960,13514,2726,2142,4128,4518,105846,60827,17454,2699,2664,22202,20810,14895,3573,2342,20928,5461,15467,138800,17914,27755,17668,12160,12138,11345,11117,10067,18636,149624,96314,30323,9017,2903,,83,224,5222,415,470,11079,19888,14184,9743,12023,4967,2292,9169,10470,5603,11198,15177,6592,2021,0.4409832709304222,0.3672900017697211,0.0722115614839285,0.0468941394470836,0.07262102636884459,0.2843109018290588,0.013512341202230542,0.0010271322536877865,0.14213289564544504,0.009365641732105865,0.009244190283190078,0.21107220809144253,0.060566102553603465,0.07704185910937918,0.05168626661716074,0.012398457913602908,0.008126836953164851,0.014324330889267508,0.007432828673646076,0.009459332849840898,0.01567764703432912,0.018949896072260143,0.053671130296584435,0.5192014740735857,0.33421356716785633,0.10522206529923903,0.03128936328210396,0.010073530177215014,0.12906340057636886,0.19996397694524495,0.12729106628242076,0.08760806916426513,0.08744956772334293,0.08173631123919309,0.08009365994236312,0.07252881844380403,0.13426512968299711,0.0,0.0,0.0,0.0,0.0,0.0,0.0,0.0,0.0,0.0,0.0,0.0,0.0,0.0,0.0,0.0,0.0,0.0,7.57429118026829,1.565630524439907,3.8778091483285424,2.4463193718265,8.944243,-11.105947
Huntingdonshire,E07000011,180832,167116,154089,1255,272,11500,4057,1010,636,1220,1191,5745,1779,1261,417,687,1601,2646,1766,483,397,1268,167,1101,91391,13200,18416,13493,9425,9129,7496,6112,6414,7706,86577,64569,22026,6085,1576,,1105,59,9208,359,1039,8163,13170,3545,3522,4871,2318,1391,6548,4630,6774,8554,12107,4038,2021,0.9241505928154309,0.03176981950097328,0.014632365952928685,0.022435188462219077,0.007012033268448062,0.8521113519731021,0.006940143337462396,0.0015041585560077863,0.0635949389488586,0.0023060077862325254,0.0037991063528579013,0.009837860555653867,0.006973323305609627,0.00885352150061936,0.0097659706246682,0.0026709874358520616,0.002195407892408423,0.0067465935232702175,0.0035170766236064413,0.005585294638117147,0.00658622367722527,0.0009235091134312511,0.0060885241550168116,0.4787703503804636,0.3570662272164219,0.12180366306848345,0.03365001769598301,0.008715271633339232,0.14443435349213818,0.2015078071144861,0.14764035845980458,0.10312831679268199,0.09988948583558556,0.0820212055891718,0.06687748246545065,0.07018196540140714,0.084319024849274,0.0,0.0,0.0,0.0,0.0,0.0,0.0,0.0,0.0,0.0,0.0,0.0,0.0,0.0,0.0,0.0,0.0,0.0,2.863237847452778,-2.462778467423823,-1.8475439930449513,1.0237346328851755,23.038591,-5.9618216
Hyndburn,E07000120,82237,67984,65471,365,86,2062,1091,188,119,573,211,12401,363,10825,455,137,621,224,160,40,24,537,167,370,35627,3346,4984,3955,3297,4671,4414,3263,3847,3850,36121,28210,12149,4387,1367,,123,15,4702,170,244,3085,6678,1829,1377,942,494,411,1334,1518,1941,3364,6097,1296,2021,0.8266838527670027,0.1507958704719287,0.0027238347702372412,0.013266534528253706,0.006529907462577672,0.7961258314384037,0.004438391478288362,0.001045757992144655,0.025073871858166032,0.005532789377044396,0.0016659168014397413,0.004414071524982672,0.13163174726704524,0.0075513455014166375,0.0019455962644551723,0.0004863990661137931,0.00029183943966827586,0.006967666622080085,0.0014470372216885343,0.0022860756107348276,0.0025657550737502584,0.002030716101025086,0.004499191361552586,0.439230516677408,0.34303294137675255,0.1477315563554118,0.053345817576030255,0.01662268808443888,0.09391753445420609,0.1398939006932944,0.111011311645662,0.09254217307098549,0.13110842900047717,0.12389479888848345,0.09158784068262835,0.10797990288264518,0.10806410868161788,0.0,0.0,0.0,0.0,0.0,0.0,0.0,0.0,0.0,0.0,0.0,0.0,0.0,0.0,0.0,0.0,0.0,0.0,0.10104651045945823,-4.773979621169341,2.3053799905111356,-0.025548577613769823,22.141481,-23.557411
Ipswich,E07000202,139643,117757,104208,587,356,12606,6409,3016,1151,820,1422,7611,2366,376,2015,749,2105,4882,2483,1508,891,2984,357,2627,67026,6066,11334,7906,6253,6834,7133,6370,6347,8783,63728,49957,18905,5562,1490,,298,15,3934,807,466,5865,11211,5357,3210,2864,3365,672,2651,3984,3397,5294,11031,2608,2021,0.8432717715889805,0.05450326905036414,0.03496057804544445,0.045895605221887244,0.021368776093323688,0.7462457838917812,0.004203576262326075,0.002549358005771861,0.09027305342910136,0.014429652757388483,0.005363677377312146,0.016943205173191637,0.0026925803656466848,0.01507415337682519,0.017781055978459356,0.010798965934561703,0.006380556132423394,0.00587211675486777,0.008242446810796101,0.021597931869123406,0.010183109787099963,0.002556519123765602,0.018812256969558086,0.4563637275051381,0.3577479716133283,0.13538093567167706,0.03983013828118846,0.010670065810674362,0.09050219317876645,0.1690985587682392,0.11795422671799004,0.0932921552830245,0.10196043326470325,0.10642138871482708,0.09503774654611644,0.09469459612687614,0.13103870139945692,0.0,0.0,0.0,0.0,0.0,0.0,0.0,0.0,0.0,0.0,0.0,0.0,0.0,0.0,0.0,0.0,0.0,0.0,2.8116979936757485,-2.4094459351513327,2.7203776087838882,1.4836025109156654,17.26102,-14.782966
Isle of Anglesey,W06000001,68879,67587,66339,381,54,813,598,156,78,191,173,430,94,22,40,108,166,104,68,17,19,160,58,102,29202,3167,4716,3179,2482,4547,3638,2522,2065,2886,32788,21937,10216,3059,878,,977,54,1767,364,425,2805,4143,1242,2004,543,260,358,1007,1208,2900,2823,5113,1208,2021,0.9812424686769552,0.006242831632282698,0.0015098941622265132,0.00868189143280245,0.0023229140957330974,0.963123738730237,0.005531439190464438,0.0007839835073099203,0.0118033072489438,0.0005807285239332743,0.0015679670146198407,0.0013647120312431946,0.0003194006881633009,0.0024100233743230884,0.0009872384906865663,0.0002468096226716416,0.0002758460488683053,0.002772978701781385,0.001132420621669885,0.00226484124333977,0.0025116508660114113,0.0008420563597032478,0.0014808577360298494,0.47602317106810493,0.31848604073810594,0.14831806501255826,0.04441121386779715,0.012746991100335371,0.10845147592630641,0.1614957879597288,0.10886240668447367,0.08499417848092597,0.15570851311554004,0.12458050818437093,0.0863639476748168,0.07071433463461407,0.09882884733922334,0.0,0.0,0.0,0.0,0.0,0.0,0.0,0.0,0.0,0.0,0.0,0.0,0.0,0.0,0.0,0.0,0.0,0.0,0.12278570137817774,-4.810437711117316,-0.21198287291413315,-1.188113511697232,38.051727,-13.907627
Isle of Wight,E06000046,140459,136219,131697,830,67,3625,1720,497,207,584,432,1663,316,98,153,250,846,478,296,128,54,379,88,291,57913,7243,8981,6602,4850,8084,7591,5104,3588,5870,56014,51903,23077,7386,2079,,575,64,4309,349,432,5397,8789,2109,4587,1396,753,958,2477,3134,3459,4896,11027,3202,2021,0.9698132551135918,0.011839753949551115,0.003403128315024313,0.012245566321844809,0.0026982962999878967,0.9376188069116255,0.00590919770182046,0.00047700752532767567,0.025808242974818273,0.0010892858414199161,0.0017798788258495363,0.0022497668358738136,0.0006977124997330182,0.00602310994667483,0.002107376529805851,0.0009112979588349625,0.0003844538263834998,0.004157796937184517,0.001473739667803416,0.003538399105788878,0.0030756306110679985,0.0006265173466990367,0.00207177895328886,0.3987925302045437,0.3695242027922739,0.16429705465651898,0.0525847400308987,0.014801472315764742,0.12506691071089393,0.15507744375183466,0.11399858408302109,0.08374630911885068,0.13958869338490495,0.13107592423117434,0.08813219829744617,0.06195500146771882,0.10135893495415538,0.0,0.0,0.0,0.0,0.0,0.0,0.0,0.0,0.0,0.0,0.0,0.0,0.0,0.0,0.0,0.0,0.0,0.0,-0.3107964147165296,-5.247844212519546,0.7154139795023422,-0.44211288935726906,36.93692,-19.307049
Isles of Scilly,E06000053,2055,2004,1926,9,1,68,23,2,8,8,5,6,0,0,0,1,5,4,2,2,0,18,0,18,1113,191,139,124,75,191,150,84,65,94,1054,677,240,66,17,,91,1,40,6,14,92,120,82,203,8,17,26,16,71,76,80,105,64,2021,0.9751824817518249,0.00291970802919708,0.0019464720194647203,0.01119221411192214,0.008759124087591242,0.9372262773722628,0.004379562043795621,0.00048661800486618007,0.03309002433090024,0.0,0.00048661800486618007,0.0,0.0,0.0024330900243309003,0.0009732360097323601,0.0009732360097323601,0.0,0.0038929440389294406,0.0038929440389294406,0.0009732360097323601,0.0024330900243309003,0.0,0.008759124087591242,0.5128953771289537,0.3294403892944039,0.11678832116788321,0.032116788321167884,0.00827250608272506,0.17160826594788858,0.12488769092542677,0.11141060197663971,0.0673854447439353,0.17160826594788858,0.1347708894878706,0.07547169811320754,0.05840071877807727,0.08445642407906559,0.0,0.0,0.0,0.0,0.0,0.0,0.0,0.0,0.0,0.0,0.0,0.0,0.0,0.0,0.0,0.0,0.0,0.0,1.3684352057327203,-4.267117400449858,-1.8274326074773943,-0.002797149799245438,38.043827,-12.318648
Islington,E09000019,216590,134754,86092,7062,108,41492,16231,4171,2257,3750,6053,21532,4051,995,5972,5125,5389,28743,18091,7368,3284,15330,2991,12339,114972,17439,39312,22879,7333,4945,6756,5601,3496,7211,118690,63421,22469,8901,3108,,65,98,2930,376,245,4402,10868,3507,5579,12937,8739,1938,19933,4942,4952,11266,13402,8791,2021,0.6221616879819013,0.09941363867214553,0.13270695784662265,0.0749388245071333,0.07077889099219724,0.39748834202871786,0.03260538344337227,0.000498637979592779,0.19156932453021838,0.027572833464148853,0.02366221893900919,0.018703541253058776,0.004593933237914955,0.02488111177801376,0.08352647860012004,0.034018191052218476,0.015162288194284132,0.01731381873586038,0.010420610369823169,0.01925758345260631,0.027946811948843436,0.01380950182372224,0.056969389168475,0.547993905535805,0.2928159194792003,0.10373978484694585,0.0410960801514382,0.014349692968281084,0.15168040914309572,0.3419267299864315,0.1989962773544863,0.06378074661656752,0.043010472114949724,0.05876213338899906,0.048716209163970355,0.0304074035417319,0.06271961868976794,0.0,0.0,0.0,0.0,0.0,0.0,0.0,0.0,0.0,0.0,0.0,0.0,0.0,0.0,0.0,0.0,0.0,0.0,11.572803284301878,4.507704322016845,1.2060083054748911,-3.688045268191914,7.237176,-5.1326365
Kensington and Chelsea,E09000020,143373,91394,46883,2825,84,41602,9525,1725,1288,3047,3465,17025,3209,1282,1488,3839,7207,11279,6944,3237,1098,14150,6384,7766,69441,18485,19186,12294,4117,2221,5064,3182,1678,3214,85462,38302,13191,4806,1614,,98,196,2129,279,103,2297,7482,1804,3479,5660,10747,2491,10611,2960,1668,5084,6703,5657,2021,0.6374561458573093,0.1187462074449164,0.07866892650638545,0.06643510284363165,0.09869361734775725,0.32700020226960447,0.01970384939981726,0.0005858843715343894,0.29016620981635316,0.010378523152894897,0.02677631074191096,0.02238217795540304,0.008941711479846275,0.05026748411486123,0.04843310804684285,0.0225774727459145,0.007658345713628089,0.02125225809601529,0.008983560363527304,0.012031554058295495,0.02416773032579356,0.044527212236613586,0.05416640511114366,0.5960815495246664,0.26714932379178785,0.09200477077273964,0.03352095582850328,0.011257349710196481,0.2661972033812877,0.2762921040883628,0.17704238130211258,0.05928774067193733,0.03198398640572572,0.0729252170907677,0.045823072824412094,0.024164398554168288,0.04628389568122579,0.0,0.0,0.0,0.0,0.0,0.0,0.0,0.0,0.0,0.0,0.0,0.0,0.0,0.0,0.0,0.0,0.0,0.0,12.654200958283626,4.790419688465928,-0.6335339376845347,-4.432187361754138,7.3970904,-3.54433
King's Lynn and West Norfolk,E07000146,154326,147563,136966,655,417,9525,2022,450,429,526,617,2886,1238,166,103,400,979,843,518,143,182,1012,152,860,69223,8301,9525,7527,6143,9702,7568,5225,6888,8344,64413,56961,23789,7106,2056,,2301,124,7672,254,618,7403,11430,2705,3753,1267,1506,888,2937,3517,3928,5400,10566,2950,2021,0.9561771833650843,0.01870067260215388,0.005462462579215427,0.013102134442673302,0.006557547010873087,0.8875108536474735,0.004244262146365486,0.002702072236693752,0.06171999533455153,0.0006674183222528932,0.0025919158145743426,0.00802197944610759,0.0010756450630483522,0.006343713956170703,0.0033565309798737736,0.0009266099037103275,0.0011793216956313259,0.0034083692961652604,0.0027798297111309824,0.0029159052913961354,0.003998030143980923,0.0009849280095382501,0.005572619001334837,0.4173826834104428,0.36909529178492284,0.15414771328227259,0.0460453844459132,0.013322447286912122,0.11991679066206319,0.13759877497363593,0.10873553587680396,0.0887421810669864,0.14015572858731926,0.10932782456697919,0.07548069283330684,0.09950449994943877,0.12053797148346648,0.0,0.0,0.0,0.0,0.0,0.0,0.0,0.0,0.0,0.0,0.0,0.0,0.0,0.0,0.0,0.0,0.0,0.0,0.1652563172355993,-4.858894860576623,0.6937352880336682,1.0884222994823167,34.092823,-14.472073
"Kingston upon Hull, City of",E06000010,267013,244989,223962,455,451,20121,4513,948,1144,1172,1249,7515,1259,1292,1279,1234,2451,5065,4292,232,541,4931,1443,3488,117789,8253,14557,11961,9378,15820,13117,11993,14573,18137,115776,93150,39851,13999,4238,,548,217,17904,863,832,10861,21856,5874,6130,2508,1020,1094,3482,6742,5863,9636,18088,4268,2021,0.9175171246343811,0.028144697074674267,0.018969113863369948,0.016901798788823016,0.01846726563875167,0.8387681498653624,0.0017040368820993735,0.0016890563380809174,0.07535588154883845,0.004790028949901316,0.004621497829693686,0.0047151262298090356,0.0048387157179612976,0.009179328347308932,0.016074123731803322,0.0008688715530704498,0.002026118578496178,0.0043892993974076165,0.004284435589278424,0.0035503889323740792,0.004677674869762895,0.005404231254658013,0.013063034384093659,0.4335968660701913,0.3488594188297948,0.1492474149198728,0.05242815892859149,0.015871886387554164,0.07006596541272954,0.12358539422187131,0.10154598476937575,0.07961694215928482,0.13430795744933738,0.11136014398628055,0.10181765699683332,0.1237212303356001,0.15397872466868723,0.0,0.0,0.0,0.0,0.0,0.0,0.0,0.0,0.0,0.0,0.0,0.0,0.0,0.0,0.0,0.0,0.0,0.0,0.147930568050862,-4.715196632657071,3.269032594974372,-0.1704683713976624,26.794981,-23.712538
Kingston upon Thames,E09000021,168065,114831,90288,2633,61,21849,8996,1564,1090,3540,2802,29938,7731,4380,932,4127,12768,4741,3105,1081,555,9559,3580,5979,84148,14674,23933,13140,7171,5769,5947,5296,2854,5364,90958,54724,16710,4367,1304,,76,222,2675,395,229,5679,10694,3090,3924,7294,5019,1631,8902,4387,4269,9535,11337,4787,2021,0.6832535031089162,0.17813346026834856,0.02820932377354,0.05352690923154732,0.056876803617647936,0.5372207181745158,0.01566655758188796,0.00036295480915122125,0.1300032725433612,0.0055454734775235775,0.02455597536667361,0.046000059500788386,0.026061345312825394,0.07597060661053759,0.018474994793681015,0.006432035224466724,0.003302293755392259,0.021063279088447923,0.006485585934013625,0.009305923303483772,0.016672120905601998,0.021301282241989707,0.035575521375658226,0.5412072709963407,0.3256121143605153,0.09942581739208045,0.025983994287924316,0.0077589028054621725,0.17438322954793933,0.2844155535485098,0.1561534439321196,0.0852189000332747,0.06855777915101963,0.07067309977658412,0.06293673052241289,0.033916432951466464,0.06374483053667349,0.0,0.0,0.0,0.0,0.0,0.0,0.0,0.0,0.0,0.0,0.0,0.0,0.0,0.0,0.0,0.0,0.0,0.0,8.815495349302665,2.316744593152997,-0.8909933598226053,-0.5975248410951683,9.820139,-6.4342117
Kirklees,E08000034,433213,318969,305579,2335,168,10887,13588,6433,1035,3980,2140,84202,22739,54795,1065,1526,4077,9948,4180,4324,1444,6506,1915,4591,190087,22814,34891,24630,17154,20975,17830,15809,16929,19055,201705,149441,58024,18669,5378,,694,206,22717,786,1519,15813,32167,9438,8050,5602,6471,2205,10323,8434,10554,20321,27609,7181,2021,0.7362867688642769,0.1943662817136143,0.02296329980863917,0.03136563307195306,0.015018016541516528,0.7053781857885151,0.0053899582884170145,0.0003877999967683334,0.02513082479057646,0.002458374979513542,0.003522516637312361,0.05248919122925674,0.1264851239459573,0.009411074921574376,0.009648833252926389,0.00998123325015639,0.0033332333055563893,0.009187166590106944,0.0023891249800906253,0.014849508209587432,0.004939833292168056,0.004420458296496181,0.010597558245020348,0.46560237111998026,0.34495963879200303,0.13393873221717723,0.043094274640881045,0.012414216563214862,0.1200187282665306,0.18355279424684487,0.12957224849674095,0.09024288878250486,0.11034421080873495,0.09379915512370651,0.08316718134327966,0.08905922025177945,0.10024357267987816,0.0,0.0,0.0,0.0,0.0,0.0,0.0,0.0,0.0,0.0,0.0,0.0,0.0,0.0,0.0,0.0,0.0,0.0,2.5438682216746424,-2.7288241671521103,1.5687549089410195,1.0031515431675269,19.85973,-20.22717
Knowsley,E08000011,154518,147234,142698,855,24,3657,2658,740,653,577,688,2510,936,186,32,630,726,1264,964,130,170,852,289,563,69491,6008,10581,7912,7654,7330,8359,6612,6685,8350,73079,46569,21561,10037,3273,,114,92,5519,405,593,6453,11246,4502,2946,1857,2132,1082,2668,3264,4819,5955,13004,2838,2021,0.9528598609870694,0.01624406218045794,0.00818027673151348,0.017201879392692115,0.005513920708266998,0.9235040577796761,0.005533335922028502,0.0001553217100920281,0.023667145575272785,0.00020709561345603748,0.004077194889915738,0.006057546693589096,0.001203743253213218,0.004698481730283851,0.006238755355363129,0.0008413259296651522,0.001100195446485199,0.003734192780129176,0.004226044862087265,0.004789086061170867,0.004452555689304806,0.0018703322590248386,0.0036435884492421597,0.4729481354923051,0.30138236321981904,0.13953714130392575,0.06495683350807026,0.021181998213800336,0.08645723906692954,0.15226432199853218,0.11385647062209495,0.11014375962354837,0.10548128534630384,0.1202889582823675,0.09514901210228663,0.0961995078499374,0.1201594451079996,0.0,0.0,0.0,0.0,0.0,0.0,0.0,0.0,0.0,0.0,0.0,0.0,0.0,0.0,0.0,0.0,0.0,0.0,0.301941679671312,-4.266244689315997,2.1944855531962046,-3.1485437164823615,34.194717,-25.505447
Lambeth,E09000022,317650,174778,119395,6828,146,48409,25630,8348,4006,4541,8735,23051,6054,3868,2502,4986,5641,76145,37359,28991,9795,18046,2649,15397,182819,25695,55140,34580,12564,9463,13130,8956,6187,17104,178535,96211,30240,9582,3086,,83,189,3983,612,320,8899,17876,5809,10146,16161,12290,4034,25135,13750,10605,16026,24293,12609,2021,0.5502219423894223,0.07256729104360145,0.23971352117110026,0.0806862899417598,0.056810955454116165,0.3758696678734456,0.021495356524476626,0.0004596253738391311,0.15239729261766094,0.007876593735243192,0.015696521328506217,0.01905871241932945,0.012176924287738077,0.01775853927278451,0.11761057767983629,0.09126711789705651,0.030835825594207462,0.014295608373996536,0.012611364709586022,0.026280497402801827,0.02749881945537541,0.008339367228081221,0.048471588226034944,0.5620494254682827,0.30288367700299074,0.09519911852668031,0.030165276247442155,0.009715095230599716,0.1405488488614422,0.3016097889169069,0.18914883026381285,0.068723710336453,0.051761578391742655,0.07181966863400413,0.04898834366231081,0.033842215524644594,0.0935570154086829,0.0,0.0,0.0,0.0,0.0,0.0,0.0,0.0,0.0,0.0,0.0,0.0,0.0,0.0,0.0,0.0,0.0,0.0,11.487974959574817,4.770495693322866,2.811488615653661,-1.0720233989141097,5.476877,-6.395242
Lancaster,E07000121,142939,133063,125552,802,309,6400,2204,424,341,823,616,5155,1629,613,355,1597,961,1215,1019,125,71,1302,477,825,62401,6581,12488,7430,4961,7340,7516,5024,4483,6578,66454,48857,19619,6214,1790,,1025,141,3373,1489,487,5032,8979,2698,3877,1655,1074,621,2846,2775,3183,8785,11611,2751,2021,0.9309075899509581,0.03606433513596709,0.008500129425838995,0.015419164818558966,0.009108780668676849,0.8783606993192901,0.005610785020183435,0.0021617613107689296,0.04477434430071569,0.0024835769104303235,0.011172598101287961,0.01139646982279154,0.004288542665052924,0.00672314763640434,0.007128915131629577,0.0008744989121233533,0.0004967153820860647,0.0057577008374201585,0.002385633032272508,0.0029663003099224144,0.004309530638943885,0.0033370878486627164,0.005771692820014132,0.4649116056499626,0.3418031467968854,0.13725435325558455,0.04347308991947614,0.01252282442160642,0.1054630534767071,0.20012499799682698,0.11906860466979696,0.07950193105879713,0.11762632009102418,0.12044678771173539,0.08051153026393808,0.07184179740709283,0.10541497732408134,0.0,0.0,0.0,0.0,0.0,0.0,0.0,0.0,0.0,0.0,0.0,0.0,0.0,0.0,0.0,0.0,0.0,0.0,1.5266735819405954,-3.764530957880924,0.033968109159807636,-0.5410257402575612,29.80913,-14.886742
Leeds,E08000035,811953,641801,595737,6892,878,38294,27388,10028,4294,7410,5656,78503,21087,31405,5876,8117,12018,45376,32211,7889,5276,18885,5980,12905,374064,41589,85081,52009,35774,32376,34684,29948,22576,40027,402056,270304,98856,31621,9116,,908,262,23901,2600,2737,27964,55492,17431,18732,17111,17039,5125,26529,21157,20735,39412,60051,16872,2021,0.7904410723280781,0.09668416767965633,0.05588500812239132,0.03373101645045957,0.023258735419414672,0.733708724519769,0.008488176039746142,0.0010813433782497263,0.04716282839031323,0.007236872084960583,0.009996884056096843,0.02597071505370385,0.038678347145709176,0.01480134933918589,0.0396710154405489,0.009716079625298508,0.006497913056543913,0.009126144000945868,0.0052884834467019646,0.012350468561603935,0.006965920441207804,0.007364958316552805,0.015893777102861866,0.4951715185484874,0.33290596869523237,0.12175088952193046,0.038944372395939175,0.011227250838410597,0.11118150904658027,0.22745038282219085,0.13903770477779204,0.09563604089139827,0.08655203387655588,0.09272210103083964,0.08006116600367852,0.06035330852474443,0.10700575302622012,0.0,0.0,0.0,0.0,0.0,0.0,0.0,0.0,0.0,0.0,0.0,0.0,0.0,0.0,0.0,0.0,0.0,0.0,4.053266225104329,-1.3211456328220796,0.81472478863025,-0.13724434708971267,14.359205,-12.949363
Leicester,E06000016,368571,150657,122395,1789,457,26016,13899,5025,1776,3659,3439,159977,126421,12673,7055,2481,11347,28766,21536,4466,2764,15272,3402,11870,154936,11006,24074,13678,12354,12069,15552,14761,22261,29181,179719,123425,46156,14749,4522,,125,82,22695,1555,683,8010,31303,11298,7270,3885,3626,1221,5414,8449,6211,14111,24583,4415,2021,0.4087597776276484,0.43404662873639,0.07804737757447004,0.0377105089657081,0.041435707095783446,0.332079843503694,0.004853881613040636,0.0012399239223921579,0.07058612858852162,0.019141495125769525,0.006731403176050204,0.3430031120191225,0.034384148508699815,0.030786469906747955,0.05843107569504926,0.012117068353180256,0.007499233526240535,0.00992753092348557,0.00481861025419797,0.013633736783414865,0.009330631004609695,0.00923024329098057,0.032205463804802874,0.48761025691115145,0.33487442039661286,0.1252296029801585,0.04001671319772852,0.01226900651434866,0.07103578251665203,0.15538028605359633,0.08828161305313162,0.0797361491196365,0.07789667991945061,0.10037692982909072,0.09527159601383797,0.14367868022925595,0.18834228326534827,0.0,0.0,0.0,0.0,0.0,0.0,0.0,0.0,0.0,0.0,0.0,0.0,0.0,0.0,0.0,0.0,0.0,0.0,4.14727699663334,-1.202054950823413,6.602963544351401,3.432771147357576,14.523302,-20.1324
Lewes,E07000063,99909,94101,88830,811,100,4360,2461,531,405,795,730,1899,482,98,249,376,694,722,436,182,104,726,186,540,44507,6557,8783,6518,3919,5301,4522,2991,2322,3594,45533,34732,14156,4297,1187,,460,15,2093,177,355,4281,5711,1838,2040,1937,1750,821,3001,2423,2657,5076,7166,2709,2021,0.9418670990601448,0.01900729663994235,0.007226576184327738,0.024632415498103275,0.007266612617481909,0.8891090892712368,0.008117386822008027,0.0010009108288542574,0.04363971213804562,0.002492267963847101,0.0037634247164920077,0.0048243901950775206,0.0009808926122771722,0.006946321152248546,0.004363971213804562,0.0018216577085147484,0.0010409472620084277,0.007957241089391345,0.004053688856859743,0.005314836501216107,0.007306649050636079,0.0018616941416689187,0.00540491847581299,0.45574472770220903,0.34763634907766067,0.14168893693260867,0.04300913831586744,0.011880811538500034,0.1473251398656391,0.19733974430988385,0.1464488732109556,0.08805356460781451,0.11910485990967713,0.10160199519176759,0.06720291190149864,0.05217156851731188,0.08075134248545172,0.0,0.0,0.0,0.0,0.0,0.0,0.0,0.0,0.0,0.0,0.0,0.0,0.0,0.0,0.0,0.0,0.0,0.0,2.358385233056363,-3.1304193427315616,-1.267077524080986,-0.5410711018006606,23.577316,-12.4758005
Lewisham,E09000023,300553,154749,111726,5055,116,37852,24253,8726,3774,4359,7394,26927,5046,2361,1826,6296,11398,80473,37834,31883,10756,14151,1671,12480,155713,20155,41888,27269,11892,10473,13363,9774,6369,14530,159645,96291,31609,9891,3114,,94,92,3482,432,361,9286,16638,5808,8977,12202,8868,2970,16024,9441,8704,16881,23231,12223,2021,0.5148809028690448,0.08959151963214475,0.2677497812365872,0.08069458631256383,0.04708320994965946,0.3717347689093105,0.016818996982229422,0.000385955222539785,0.12594118175496502,0.006075467554807305,0.02094805242336626,0.016789052180480647,0.007855519658762349,0.03792342781472818,0.12588129215146746,0.10608112379513764,0.03578736528998213,0.014503265646990714,0.012556853533320247,0.029033148895535897,0.024601318236716983,0.005559751524689489,0.041523458424969975,0.5311708750203791,0.32037943391015894,0.1051694709418971,0.03290933712190529,0.010360901405076643,0.1294368485611349,0.269007725751864,0.17512346432218248,0.0763712727903258,0.06725835350934091,0.08581813978280554,0.06276932561828492,0.04090217258674613,0.09331269707731532,0.0,0.0,0.0,0.0,0.0,0.0,0.0,0.0,0.0,0.0,0.0,0.0,0.0,0.0,0.0,0.0,0.0,0.0,10.588775368497926,4.360225224596329,4.357016841065049,-0.23725050181919538,5.1254582,-7.016158
Lichfield,E07000194,106436,100917,97952,663,29,2273,1987,795,169,608,415,2496,1477,231,163,315,310,601,201,316,84,435,50,385,50472,8452,10500,6694,4780,5392,3775,3261,2983,4635,50143,37056,13924,4162,1151,,492,29,4685,217,512,5241,8278,2470,2156,1742,1383,767,3282,2462,2849,5242,6353,2311,2021,0.9481472434138826,0.023450712165056935,0.005646585741666353,0.018668495621782105,0.004086963057612086,0.9202901274005036,0.006229095418843249,0.00027246420384080577,0.021355556390694877,0.0015314367319328047,0.0029595249727535798,0.013876883761133451,0.002170318313352625,0.002912548385884475,0.0018884587921379984,0.0029689202901274003,0.0007892066594009546,0.0057123529632830995,0.00158780863617573,0.0074692773121876055,0.0038990567101356683,0.00046976586869104436,0.003617197188921042,0.47110939907550076,0.3481528806043068,0.13082039911308205,0.03910331090984254,0.010814010297267841,0.16745918529085432,0.20803613884926295,0.13262799175780632,0.09470597559042637,0.1068315105404977,0.0747939451577112,0.06461008083689966,0.059102076398795375,0.09183309557774608,0.0,0.0,0.0,0.0,0.0,0.0,0.0,0.0,0.0,0.0,0.0,0.0,0.0,0.0,0.0,0.0,0.0,0.0,2.1674867808718337,-3.159775253594566,-2.0994917463854126,0.03459278717499515,26.587341,-7.9944577
Lincoln,E07000138,103814,95665,85891,652,145,8977,2068,470,373,657,568,3347,788,302,322,788,1147,1466,1094,236,136,1268,320,948,46718,3745,7225,5172,3728,4649,5323,4922,4893,7061,45492,38213,14444,4461,1203,,361,62,4355,305,671,3759,8718,1973,2977,1420,457,468,1570,2578,3057,4456,7656,1871,2021,0.9215038434122566,0.03224035293890997,0.014121409443812974,0.019920241971217754,0.012214152233802763,0.8273546920453889,0.0062804631359932184,0.0013967287649064672,0.08647195946596799,0.003101701119309534,0.007590498391353767,0.007590498391353767,0.0029090488758741597,0.011048606161018744,0.010538077715915002,0.0022732964725374226,0.0013100352553605487,0.006328626196852062,0.0035929643400697403,0.004527327720731308,0.005471323713564644,0.003082435894965997,0.009131716338836766,0.43820679291810355,0.36809100891979885,0.13913345020902768,0.04297108289826035,0.011588032442637794,0.08016182199580461,0.15465131212808766,0.11070679395522069,0.07979793655550323,0.09951196540947814,0.11393895286613297,0.10535553748020035,0.104734791729098,0.15114088788047433,0.0,0.0,0.0,0.0,0.0,0.0,0.0,0.0,0.0,0.0,0.0,0.0,0.0,0.0,0.0,0.0,0.0,0.0,1.0350357158185313,-3.924589129636255,2.2357191477327314,0.6884997103026713,26.193916,-23.278955
Liverpool,E08000012,486088,408443,375785,6826,501,25331,16880,4127,4157,3662,4934,27767,6251,3673,1917,8841,7085,16964,12709,1493,2762,16034,8312,7722,205750,17700,42403,24736,21341,16279,21874,19228,15241,26948,231830,150332,65142,29077,9707,,226,211,11374,688,1110,13365,30822,11930,14025,6298,6480,3445,10697,9993,14937,22228,38386,9524,2021,0.8402655486249403,0.057123401524003886,0.03489903062819901,0.03472622241240269,0.03298579681045408,0.7730801830121294,0.014042724774114975,0.0010306775727851748,0.0521119632659107,0.003943730353351656,0.018188064712562336,0.012859811392175902,0.007556244959760373,0.014575550106153618,0.026145471601849872,0.0030714603117131052,0.005682098714636033,0.007533615312453712,0.008551949441253436,0.00849023222132618,0.010150425437369366,0.01709978440117839,0.015886012409275688,0.4769301031911917,0.30926910353680814,0.1340127713500436,0.05981838679416073,0.01996963512779579,0.08602673147023086,0.206089914945322,0.1202235722964763,0.10372296476306196,0.07912029161603888,0.1063134872417983,0.09345321992709599,0.07407533414337789,0.1309744835965978,0.0,0.0,0.0,0.0,0.0,0.0,0.0,0.0,0.0,0.0,0.0,0.0,0.0,0.0,0.0,0.0,0.0,0.0,3.3275871780655235,-1.6678847444556346,3.202324510220153,-3.287063286398885,13.312933,-14.677623
Luton,E06000032,225261,101798,71532,4570,238,25458,9620,3486,1268,2429,2437,83325,12096,41143,20630,901,8555,22735,11774,8216,2745,7783,2106,5677,98721,8547,15550,9938,8433,9659,10526,7854,11485,16729,109654,77855,27073,8162,2517,,112,42,7377,272,480,9497,17012,10733,5488,3578,1958,1406,4051,6792,4042,9032,13870,2970,2021,0.45191133840300807,0.36990424440981795,0.10092736869675621,0.04270601657632701,0.034551031914090764,0.31755164009748693,0.020287577521186536,0.0010565521772521653,0.11301556860708245,0.09158265301139568,0.003999804671026054,0.053697710655639455,0.18264590852389007,0.0379781675478667,0.05226825770994535,0.036473246589511725,0.012185864397299132,0.01078304722077945,0.005629025885528343,0.015475381890340539,0.010818561579678684,0.009349154980222941,0.025201876933867825,0.4867864388420543,0.3456213015124678,0.12018502980986501,0.0362335246669419,0.011173705168671009,0.08657732397362264,0.15751461188602223,0.10066753780857163,0.08542255447169295,0.09784139139595426,0.10662371734484051,0.07955754094873431,0.1163379625408981,0.1694573596296634,0.0,0.0,0.0,0.0,0.0,0.0,0.0,0.0,0.0,0.0,0.0,0.0,0.0,0.0,0.0,0.0,0.0,0.0,5.100710113630238,-0.19487236580814177,6.133628167687801,2.565839569244079,11.094421,-16.676895
Maidstone,E07000110,175781,157864,144114,994,1009,11747,4013,978,611,1316,1108,8213,2145,568,649,655,4196,3606,2567,643,396,2085,249,1836,86407,12732,15817,12106,8635,9423,7124,5894,5939,8737,87494,59781,21018,5832,1657,,1226,46,4761,504,776,10442,13275,4570,3371,3289,3717,1354,5229,4949,6204,7277,11951,3468,2021,0.8980720328135577,0.0467229108948066,0.020514162509031125,0.022829543579795313,0.011861350202809177,0.8198496993417946,0.005654763597886006,0.005740097052582474,0.06682747282129468,0.003692094139867221,0.003726227521745809,0.012202684021595052,0.003231293484506289,0.023870611727092234,0.014603398547055712,0.0036579607579886337,0.002252803203986779,0.007486588425370205,0.0034759160546361666,0.005563741246209773,0.006303297853579169,0.0014165353479613837,0.010444814854847793,0.49774435234752334,0.34008795034730716,0.11956923672069222,0.03317764718598711,0.009426502295469931,0.14734917309940168,0.18305229900355297,0.14010438969065006,0.09993403312231648,0.10905366463365236,0.08244702396796556,0.06821206615204786,0.06873285729165461,0.10111449303875844,0.0,0.0,0.0,0.0,0.0,0.0,0.0,0.0,0.0,0.0,0.0,0.0,0.0,0.0,0.0,0.0,0.0,0.0,3.1235566643703407,-2.357273501035693,-1.6808653628226369,1.969109167059378,28.32909,-0.1594474
Maldon,E07000074,66211,64129,62268,439,176,1246,897,230,107,328,232,741,224,36,143,127,211,236,119,76,41,208,16,192,31255,5186,4980,4132,3538,4224,2414,2192,1974,2615,30903,23469,8677,2487,672,,501,36,2438,137,286,4489,4969,1401,1147,964,1658,431,1946,1692,1727,2582,3437,1423,2021,0.9685550739303137,0.011191493860536769,0.0035643624171210224,0.013547597831176088,0.0031414719608524266,0.9404479618190331,0.006630318225068342,0.0026581685822597454,0.018818625303952514,0.0021597619730860432,0.0019181102837897027,0.003383123650148767,0.0005437163009167661,0.0031867816525954903,0.0017972844391415323,0.0011478455241576173,0.0006192324538218725,0.00495385963057498,0.001616045672169277,0.0034737430336348944,0.003503949494796937,0.0002416516892963405,0.0028998202715560858,0.46673513464530064,0.35445771850598845,0.13105073175152165,0.037561734454999926,0.010149370950446301,0.16592545192769156,0.15933450647896336,0.1322028475443929,0.11319788833786594,0.13514637657974723,0.07723564229723244,0.07013277875539914,0.06315789473684211,0.0836666133418653,0.0,0.0,0.0,0.0,0.0,0.0,0.0,0.0,0.0,0.0,0.0,0.0,0.0,0.0,0.0,0.0,0.0,0.0,1.3805490768509547,-3.5858277326913073,-2.422182401184053,1.270736880287134,29.142773,-4.256151
Malvern Hills,E07000235,79487,76779,74197,391,195,1996,1119,252,160,470,237,1051,300,121,59,295,276,262,162,68,32,276,48,228,35800,5950,7718,4400,3280,4441,3133,2248,1849,2781,36926,27733,10843,3096,888,,1000,41,3213,188,306,3136,4905,912,1559,1517,763,815,2718,1864,2110,4044,5013,1694,2021,0.965931535974436,0.013222287921295307,0.003296136475146879,0.014077773724005184,0.00347226590511656,0.9334482368185992,0.004919043365581793,0.002453231346006265,0.025111024444248745,0.000742259740586511,0.003711298702932555,0.0037742020707788697,0.0015222615018808108,0.00347226590511656,0.0020380691182205896,0.0008554858027098771,0.0004025815542164127,0.005912916577553562,0.0020129077710820636,0.0031703297394542504,0.002981619635915307,0.0006038723313246191,0.002868393573791941,0.4645539522186018,0.34889982009636794,0.1364122435115176,0.038949765370437935,0.011171638129505454,0.16620111731843576,0.21558659217877094,0.12290502793296089,0.09162011173184358,0.12405027932960894,0.08751396648044693,0.06279329608938547,0.05164804469273743,0.07768156424581006,0.0,0.0,0.0,0.0,0.0,0.0,0.0,0.0,0.0,0.0,0.0,0.0,0.0,0.0,0.0,0.0,0.0,0.0,1.8310825505003776,-3.6204500063856897,-2.4803247643190964,0.32021983894681444,28.278381,-3.5714135
Manchester,E08000003,551938,313632,268572,9442,597,35021,29026,9987,5992,6149,6898,115109,14857,65875,9673,12644,12060,65893,47858,10472,7563,28278,15028,13250,234283,20368,55875,31626,18837,15576,23595,21720,15035,31651,280547,173458,64955,24915,8063,,205,86,10303,969,861,11817,36174,14042,16420,12331,7419,3535,17909,15445,9945,25443,40867,10519,2021,0.5682377368472545,0.20855422166982523,0.11938478597233747,0.052589240095807864,0.05123401541477485,0.48659813239892885,0.017106993901488936,0.0010816432280437295,0.06345096731879306,0.017525519170631484,0.02290837014302331,0.026917878457362966,0.11935217361370298,0.021850280285104485,0.08670901441828612,0.018973145534462204,0.013702626019589157,0.011140744069080223,0.010856291829879443,0.018094423649033044,0.012497780547815153,0.027227695864390566,0.02400631955038428,0.5082944098793705,0.3142708057789099,0.11768531972794045,0.04514093974323203,0.014608524870547054,0.08693759256967001,0.23849361669433974,0.1349905883055962,0.08040276076369178,0.06648369706722213,0.10071153263360978,0.09270839113379972,0.06417452397314359,0.13509729685892702,0.0,0.0,0.0,0.0,0.0,0.0,0.0,0.0,0.0,0.0,0.0,0.0,0.0,0.0,0.0,0.0,0.0,0.0,6.657868810883722,1.0275129899135584,4.897045284372377,-1.5215701679653513,12.328123,-15.972738
Mansfield,E07000174,110482,104712,96475,387,89,7761,1544,650,219,345,330,2234,839,250,338,337,470,1174,755,263,156,818,186,632,51367,4976,6575,5462,4363,6299,5826,4337,5093,8436,47123,38004,17302,6249,1804,,163,71,5743,342,461,5228,10618,2949,2486,983,670,563,1571,2198,2986,4049,8441,1847,2021,0.9477742980757047,0.020220488405351098,0.010626165348201516,0.013975127170036747,0.007403921000705998,0.8732191669231187,0.0035028330406763094,0.0008055610868738799,0.07024673702503575,0.003059321880487319,0.003050270632320197,0.0075939972122155645,0.0022628120417805615,0.004254086638547456,0.006833692366177296,0.0023804782679531507,0.0014119947140710705,0.003122680617657175,0.001982223348599772,0.00588331130862946,0.002986911895150341,0.0016835321590847377,0.0057203888416212595,0.4265219673793016,0.34398363534331383,0.1566046957875491,0.05656124979634691,0.01632845169348853,0.0968715323067339,0.12800046722604005,0.10633285961804272,0.0849378005334164,0.12262736776529679,0.11341912122568965,0.08443163899001305,0.09914925925204898,0.16422995308271848,0.0,0.0,0.0,0.0,0.0,0.0,0.0,0.0,0.0,0.0,0.0,0.0,0.0,0.0,0.0,0.0,0.0,0.0,-0.11589178625814692,-4.94260053908082,2.398729917819969,-0.7389424069113604,28.755169,-23.088522
Medway,E06000035,279773,235747,218953,1866,749,14179,7859,2425,1394,2158,1882,16484,7693,2125,1962,1273,3431,15723,11266,2552,1905,3960,452,3508,132610,14826,21929,17307,13910,15896,12828,10137,11111,14666,132845,96739,35907,11171,3113,,441,80,7782,888,1805,16803,20232,8550,5661,4370,5636,2059,6151,7022,9151,11735,19013,5229,2021,0.8426367090462625,0.0589191952046838,0.05619913286843262,0.0280906306183942,0.014154332262226876,0.7826094726796367,0.006669692929625089,0.002677170420305033,0.05068037301669568,0.007012828257194226,0.004550117416619903,0.0274972924478059,0.0075954434487959886,0.01226351363426778,0.04026836042076969,0.009121680791212877,0.00680909165645005,0.007713396217647879,0.0049826109024101685,0.00866774134744954,0.006726882150886611,0.0016155955006380172,0.01253873676158886,0.4748313811554367,0.345776754726153,0.12834333548984356,0.039928799419529405,0.011126877861695018,0.1118015232637056,0.16536460297111832,0.13051051956865997,0.10489405022245683,0.11987029635774074,0.09673478621521756,0.07644219892919087,0.08378704471759295,0.11059497775431718,0.0,0.0,0.0,0.0,0.0,0.0,0.0,0.0,0.0,0.0,0.0,0.0,0.0,0.0,0.0,0.0,0.0,0.0,2.598537222046006,-2.485981936213125,0.7539847163040926,1.2390236264870398,17.78418,-12.845771
Melton,E07000133,51752,50142,48064,269,25,1784,659,206,76,239,138,599,306,13,22,115,143,192,103,67,22,160,35,125,25466,3880,4183,3095,2303,3236,2370,1653,2156,2590,24748,18186,6757,1622,439,,774,42,3307,133,152,2401,3982,994,1088,714,572,323,1583,1189,1390,2539,3008,1283,2021,0.9688900912042047,0.011574431906013294,0.0037100015458339775,0.012733807389086412,0.003091667954861648,0.928737053640439,0.005197866749111145,0.00048307311794713246,0.03447209769670737,0.0004251043437934766,0.0022221363425568093,0.005912814963672902,0.0002511980213325089,0.002763178234657598,0.001990261245942186,0.001294635956098315,0.0004251043437934766,0.004618179007574587,0.0014685422785592828,0.003980522491884372,0.002666563611068171,0.0006763023651259855,0.0024153655897356623,0.4782037409182254,0.3514067089194621,0.13056500231875096,0.031341783892409956,0.008482763951151646,0.15236000942433048,0.16425822665514805,0.1215345951464698,0.09043430456294667,0.1270713893033849,0.093065263488573,0.06491007618000472,0.08466190214403518,0.1017042330951072,0.0,0.0,0.0,0.0,0.0,0.0,0.0,0.0,0.0,0.0,0.0,0.0,0.0,0.0,0.0,0.0,0.0,0.0,1.4043561271566372,-3.8305832694190114,-1.8002477720751384,0.8646925992639886,29.461813,-10.137853
Merthyr Tydfil,W06000024,58839,57140,54916,113,56,2055,510,131,86,129,164,871,308,92,46,156,269,91,59,13,19,227,17,210,25633,2144,3751,2799,2220,3140,3183,2475,2597,3324,26718,17786,8837,4112,1386,,72,79,2849,177,415,2744,3749,986,1069,751,443,344,643,1122,2378,2137,4870,807,2021,0.971124594231717,0.014803106782916093,0.0015465932459763083,0.008667720389537552,0.0038579853498529886,0.9333265351212631,0.0019204949098387124,0.0009517496898315743,0.034925814510783665,0.000781794388075936,0.002651302707387957,0.0052346232940736585,0.001563588776151872,0.00457179761722667,0.0010027362803582658,0.00022094189228232975,0.0003229150733357127,0.0021924233926477335,0.001461615595098489,0.0022264144529988614,0.0027872669487924674,0.00028892401298458506,0.0035690613368684035,0.45408657523071433,0.3022824997025782,0.15018950016145755,0.06988562008191845,0.023555804823331465,0.08364218000234074,0.1463348027932743,0.1091951780907424,0.08660710802481177,0.12249834198104007,0.12417586704638552,0.09655522178441853,0.10131471150470098,0.12967658877228572,0.0,0.0,0.0,0.0,0.0,0.0,0.0,0.0,0.0,0.0,0.0,0.0,0.0,0.0,0.0,0.0,0.0,0.0,-0.6182257724682525,-5.359527102958722,2.5034350631263855,-3.393105849568352,33.306755,-25.935656
Merton,E09000024,215187,129617,88673,4337,194,36413,12765,3009,1722,3756,4278,40019,9607,9667,2470,3615,14660,22887,12218,7632,3037,9899,1923,7976,112065,17692,29411,16337,9159,9115,8623,7030,5202,9496,118140,68979,20760,5599,1704,,50,212,3047,403,323,9377,13827,4669,5665,8314,7647,2319,11686,7097,5169,10466,15393,6406,2021,0.6023458666183366,0.18597313034709345,0.10635865549498807,0.0593204979854731,0.04600184955410875,0.41207414946070164,0.020154563240344446,0.0009015414499946559,0.16921561246729588,0.011478388564364948,0.01679934196768392,0.044644890258240505,0.044923717510816176,0.06812679204598791,0.056778522866158275,0.03546682652762481,0.014113306101204998,0.01745458601123674,0.008002342148921636,0.013983186716669687,0.01988038310864504,0.008936413445050119,0.03706543610905863,0.5490108603214878,0.32055375092361527,0.0964742293911807,0.02601922978618597,0.007918693973148936,0.15787266318654353,0.2624459019319145,0.14578146611341633,0.08172935350020077,0.08133672422254941,0.07694641502699326,0.06273145049747914,0.04641948868959979,0.08473653683130326,0.0,0.0,0.0,0.0,0.0,0.0,0.0,0.0,0.0,0.0,0.0,0.0,0.0,0.0,0.0,0.0,0.0,0.0,9.204656871834658,2.835141629643822,1.174431777823229,0.547216990572616,8.938361,-7.3253155
Mid Devon,E07000042,82853,81068,77699,326,142,2901,899,194,122,319,264,562,168,15,24,182,173,101,63,22,16,223,33,190,40283,5312,6482,4430,3586,6041,3907,3127,3277,4121,39073,28866,10954,3085,874,,2247,36,3668,243,413,4026,6494,1643,1641,1008,689,560,2454,1836,2099,3909,5571,1740,2021,0.9784558193426913,0.006783097775578434,0.0012190264685648076,0.010850542527126356,0.0026915138860391296,0.9377934413962078,0.0039346794925953195,0.0017138787973881454,0.035013819656500064,0.00028966965589658796,0.0021966615572157917,0.0020276875912761155,0.00018104353493536747,0.0020880354362545713,0.0007603828467285433,0.0002655305179052056,0.00019311310393105863,0.0038501925096254812,0.001472487417474322,0.0023414963851640857,0.003186366214862467,0.0003982957768578084,0.002293218109181321,0.47159426936864085,0.34840017862962114,0.13221005877880102,0.03723462035170724,0.010548803302234077,0.1318670406871385,0.16091155077824393,0.10997194846461286,0.08902018221085818,0.14996400466698112,0.09698880421021275,0.07762579748280912,0.08134945262269444,0.10230121887644912,0.0,0.0,0.0,0.0,0.0,0.0,0.0,0.0,0.0,0.0,0.0,0.0,0.0,0.0,0.0,0.0,0.0,0.0,0.7221255926235834,-4.347140491795479,-1.155083987582039,0.7282083617743371,33.602043,-11.968434
Mid Suffolk,E07000203,102701,99463,96581,442,93,2347,1463,480,200,365,418,821,204,33,36,176,372,553,274,166,113,401,44,357,50024,7402,8948,6776,4940,6553,4341,3235,3403,4426,48205,36960,13204,3454,876,,1706,49,3853,442,393,5554,7217,2538,1721,1765,1634,616,3359,2670,3190,4424,6599,2302,2021,0.9684715825551845,0.007994079901851005,0.005384562954596352,0.01424523617102073,0.0039045384173474456,0.9404095383686625,0.004303755562263269,0.0009055413287115023,0.022852747295547267,0.0003505321272431622,0.0017137126220776817,0.0019863487210445858,0.00032132111663956537,0.003622165314846009,0.0026679389684618453,0.001616342586732359,0.001100281399402148,0.0035540062901042832,0.0019474007069064565,0.0046737616965754954,0.004070067477434494,0.00042842815551942043,0.003476110261828025,0.4693722553821287,0.35987965063631316,0.12856739466996425,0.03363161020827451,0.00852961509625028,0.14796897489205182,0.17887414041260194,0.13545498160882777,0.09875259875259876,0.13099712138173678,0.08677834639373101,0.06466895889972812,0.06802734687350072,0.0884775307852231,0.0,0.0,0.0,0.0,0.0,0.0,0.0,0.0,0.0,0.0,0.0,0.0,0.0,0.0,0.0,0.0,0.0,0.0,1.5164262345970245,-3.627891651956063,-2.1984977130716743,1.0647021991583296,29.266338,-8.05434
Mid Sussex,E07000228,152566,140724,130971,1456,175,8122,3827,634,555,1597,1041,5505,2489,279,599,588,1550,1337,871,309,157,1173,209,964,76572,13156,17539,11989,7231,6878,6923,4567,3009,5280,80741,50460,16029,4180,1156,,474,104,3727,414,427,6649,9481,3817,2812,4465,5286,1252,5997,4810,3722,7900,11123,4104,2021,0.9223811334111138,0.036082744517127015,0.008763420421325852,0.025084225843241614,0.007688475807191642,0.8584547015717787,0.009543410720606164,0.001147044557765164,0.05323597656096378,0.003926169657721904,0.0038540697140909508,0.016314250881585675,0.0018287167520941755,0.01015953751163431,0.005709004627505473,0.002025352961996775,0.0010290628318236042,0.010467600907148381,0.0036377698831980914,0.004155578569274937,0.006823276483620203,0.00136989892898811,0.006318576878203532,0.5292201407915262,0.3307421050561724,0.10506272695095893,0.0273979785797622,0.007577048621580169,0.17181215065559213,0.22905239513137962,0.15657159274930785,0.0944339967612182,0.08982395653763778,0.09041163871911403,0.059643211617823745,0.03929634853471243,0.06895470929321423,0.0,0.0,0.0,0.0,0.0,0.0,0.0,0.0,0.0,0.0,0.0,0.0,0.0,0.0,0.0,0.0,0.0,0.0,4.211847041530368,-1.5840476282039706,-3.434695526906456,0.05016892624356024,19.88646,-1.8479023
Middlesbrough,E06000002,143922,118547,114421,434,160,3532,3001,570,650,1110,671,15090,2804,8990,595,669,2032,3816,3339,162,315,3468,1452,2016,56434,4409,8996,6109,4856,5906,7578,5394,5577,7609,67207,46382,19821,7969,2545,,82,604,3989,439,397,4797,9048,3102,3034,1529,1203,762,2083,2735,3610,5282,11756,1979,2021,0.8236892205500201,0.10484845958227373,0.026514361946054114,0.020851572379483332,0.024096385542168676,0.795020914106252,0.0030155222967996552,0.00111171328914273,0.024541070857825767,0.004134183793999527,0.00464835119022804,0.019482775392226346,0.06246439043370715,0.014118758772112673,0.02320006670279735,0.0011256097052570143,0.00218868553799975,0.00771251094342769,0.004516335237142341,0.003960478592570976,0.004662247606342324,0.010088798098970276,0.014007587443198398,0.46696821889634665,0.32227178610636315,0.13772043190061284,0.0553702700073651,0.01768318950542655,0.07812666123259028,0.15940744940993018,0.10825034553637877,0.08604741822305702,0.10465322323422051,0.1342807527377113,0.09558067831449127,0.09882340433072262,0.13483006698089803,0.0,0.0,0.0,0.0,0.0,0.0,0.0,0.0,0.0,0.0,0.0,0.0,0.0,0.0,0.0,0.0,0.0,0.0,1.2144494799829082,-3.878108829188354,3.2757278497105005,-1.3870731641094602,23.89387,-24.046482
Milton Keynes,E06000042,287060,206114,178568,2382,156,25008,11725,2997,2551,2973,3204,35645,15348,7163,3189,2913,7032,27851,21502,2975,3374,5725,1349,4376,143378,18299,30540,19938,13825,11004,11017,11353,9345,18057,146636,96796,31721,9239,2668,,308,80,10045,593,636,9336,27279,10623,6538,10287,7226,1844,8818,8072,6205,14095,15794,5605,2021,0.7180171392740193,0.12417264683341461,0.09702152860029262,0.04084511948721522,0.019943565805058176,0.6220581063192364,0.008297916811816346,0.0005434403957360831,0.08711767574723055,0.011109175782066468,0.010147704312687243,0.053466174318957706,0.024952971504215146,0.02449662091548805,0.07490420121229012,0.010363687034069532,0.011753640353932976,0.010356719849508814,0.008886643907197102,0.010440326064237442,0.01116142966627186,0.004699365986204975,0.015244199818853202,0.5108200376227966,0.33719779836967884,0.11050303072528392,0.03218490907824148,0.009294224203999163,0.12762766951694124,0.21300338964136759,0.13905899091910892,0.09642344013725955,0.07674817614975799,0.07683884556905522,0.07918230132935318,0.06517736333328683,0.1259398234038695,0.0,0.0,0.0,0.0,0.0,0.0,0.0,0.0,0.0,0.0,0.0,0.0,0.0,0.0,0.0,0.0,0.0,0.0,5.444026501127401,-0.0885730651078858,1.3637226349811458,0.8107000506019604,13.311206,-10.526626
Mole Valley,E07000210,87387,81046,74983,948,99,5016,2194,417,227,878,672,2637,868,247,243,459,820,706,450,170,86,804,229,575,42341,8321,10140,6392,4063,4156,3429,2168,1285,2387,45952,28806,9411,2501,716,,316,138,1834,233,223,4060,4739,1368,1531,2864,2611,969,4346,2723,2101,4547,5186,2550,2021,0.9274377195692723,0.030176113151841807,0.008079004886310321,0.02510670923592754,0.009200453156648015,0.8580566903544006,0.010848295513062583,0.0011328916200350166,0.05739984208177418,0.002780733976449586,0.0052524975110714404,0.009932827537276711,0.00282650737523888,0.009383546751805189,0.00514950736379553,0.001945369448544978,0.0009841280739698124,0.010047261034249945,0.0025976403812924117,0.004771876823783858,0.007689930996601325,0.0026205270806870587,0.006579926075960955,0.5258448052914049,0.32963713138109785,0.10769336400151053,0.028619817593005824,0.008193438383283555,0.1965234642545051,0.2394841879029782,0.15096478590491486,0.09595899955126237,0.09815545216220685,0.08098533336482369,0.05120332538201743,0.03034883446305,0.056375617014241514,0.0,0.0,0.0,0.0,0.0,0.0,0.0,0.0,0.0,0.0,0.0,0.0,0.0,0.0,0.0,0.0,0.0,0.0,4.453580136801451,-1.4386683566993552,-4.066740125578976,-0.20793808133938008,19.29169,-1.2218894
Monmouthshire,W06000021,92960,90106,87566,451,36,2053,1115,261,183,376,295,1185,317,94,52,277,445,230,132,62,36,324,88,236,42830,6573,9315,5427,3794,4895,3538,2824,2485,3979,43165,31887,12655,4060,1188,,1255,47,3374,240,351,3520,6410,1523,1922,1639,1320,713,2897,1901,3551,4017,6289,1852,2021,0.9692986230636833,0.012747418244406197,0.0024741824440619622,0.011994406196213425,0.0034853700516351118,0.9419750430292599,0.004851549053356282,0.000387263339070568,0.02208476764199656,0.000559380378657487,0.0029797762478485372,0.003410068846815835,0.0010111876075731498,0.004787005163511188,0.0014199655765920827,0.0006669535283993116,0.000387263339070568,0.004044750430292599,0.0019685886402753872,0.0028076592082616177,0.003173407917383821,0.0009466437177280551,0.0025387263339070568,0.4643395008605852,0.3430185025817556,0.13613382099827884,0.043674698795180725,0.012779690189328743,0.1534671958907308,0.21748774223674994,0.1267102498248891,0.0885827690870885,0.11428904973149662,0.08260565024515526,0.06593509222507588,0.05802007938360962,0.09290217137520429,0.0,0.0,0.0,0.0,0.0,0.0,0.0,0.0,0.0,0.0,0.0,0.0,0.0,0.0,0.0,0.0,0.0,0.0,1.6161631242296317,-3.6991797074050523,-1.7992559703514732,-0.7298764154655105,27.050562,-8.458765
Neath Port Talbot,W06000012,142290,137511,135111,437,170,1793,1583,535,211,493,344,2253,527,224,508,387,607,522,274,148,100,421,105,316,59189,5200,9256,6815,6706,7075,7272,5112,5355,6398,64583,43219,21961,9388,3138,,251,260,6579,369,536,5518,8239,2326,2441,1208,1829,832,1990,2333,6848,5114,10448,2074,2021,0.9664136622390892,0.015833860425890786,0.003668564199873498,0.011125166912643194,0.002958746222503338,0.9495467004005903,0.003071192634759997,0.0011947431302270011,0.012601026073511842,0.0035701735891489213,0.002719797596457938,0.003703703703703704,0.001574249771593225,0.0042659357649869984,0.0019256448098952843,0.0010401293133740952,0.0007027900766041184,0.0034647550776583033,0.0014828870616346898,0.0037599269098320333,0.002417597863518167,0.0007379295804343243,0.002220816642069014,0.45388291517323776,0.3037388432075339,0.15433972872303042,0.06597793239159463,0.022053552603837234,0.08785416209092906,0.15638040852185373,0.11513963743263106,0.11329807903495583,0.11953234553717752,0.12286066667793002,0.0863673993478518,0.0904728919224856,0.10809440943418541,0.0,0.0,0.0,0.0,0.0,0.0,0.0,0.0,0.0,0.0,0.0,0.0,0.0,0.0,0.0,0.0,0.0,0.0,-0.41871293310873864,-4.933152800163436,1.6415288181413656,-2.942861109114969,33.553867,-25.273071
New Forest,E07000091,175782,170118,163847,833,480,4958,2215,478,327,801,609,2103,577,72,176,435,843,703,399,162,142,643,87,556,78702,11997,13956,9927,7715,9971,8252,5386,4498,7000,81075,62425,23866,6534,1885,,880,277,5241,475,552,8115,10984,3464,4412,2890,2567,1432,5419,4304,4118,7164,12222,4194,2021,0.9677782708127112,0.011963682288288903,0.003999271825329101,0.012600835125325687,0.0036579399483451093,0.9321034008032677,0.004738824225461082,0.0027306550158719325,0.0282053907681105,0.0010012401724863753,0.0024746561081339384,0.0032824748836627186,0.00040959825238078983,0.004795712871625081,0.0022698569819435436,0.0009215960678567772,0.0008078187755287799,0.004556780557736287,0.0018602587295627538,0.0027192772866391325,0.003464518551387514,0.0004949312216267878,0.0031630087267183215,0.4612246987746186,0.3551273736787612,0.13577044293499904,0.037171041403556676,0.010723509801913734,0.1524357703743234,0.17732713272852024,0.12613402454829611,0.09802800437091815,0.12669309547406674,0.10485121089680059,0.06843536377728647,0.057152296002642884,0.08894310182714543,0.0,0.0,0.0,0.0,0.0,0.0,0.0,0.0,0.0,0.0,0.0,0.0,0.0,0.0,0.0,0.0,0.0,0.0,1.2744397560951755,-3.9409648831284034,-1.8753973627050116,0.8664171104615979,29.225037,-3.5360405
Newark and Sherwood,E07000175,122959,118366,111939,569,342,5516,1844,695,218,535,396,1411,496,165,107,300,343,804,431,225,148,534,123,411,57117,7801,9033,7048,4909,6617,5750,4283,4817,6859,54954,43072,17806,5553,1571,,1033,90,5527,412,616,5628,10385,2688,2817,2080,871,734,2831,2557,3403,5034,7917,2489,2021,0.9626460852804594,0.01147536983872673,0.0065387649541717155,0.01499686887499085,0.004342911051651363,0.9103766296082434,0.004627558779755854,0.0027814149431924463,0.044860481949267644,0.0008702087687765841,0.002439837669467058,0.004033864946852202,0.001341910718206882,0.0027895477354240032,0.0035052334518010067,0.0018298782521002936,0.0012036532502704153,0.00435104384388292,0.0017729487064793955,0.005652290600932018,0.0032205857236965165,0.0010003334444814939,0.0033425776071698697,0.4469294642929757,0.35029562699761707,0.14481249847510147,0.04516139526183525,0.012776616595775827,0.13657930213421574,0.15814906245075896,0.12339583661606877,0.08594639074181067,0.11584992208974561,0.10067055342542501,0.07498643136019048,0.08433566188700387,0.1200868392947809,0.0,0.0,0.0,0.0,0.0,0.0,0.0,0.0,0.0,0.0,0.0,0.0,0.0,0.0,0.0,0.0,0.0,0.0,0.9088651633908005,-4.291709379109265,-0.2790907955911359,0.425816597918304,34.667606,-10.378438
Newcastle upon Tyne,E08000021,300127,240002,223567,1895,332,14208,6920,915,1378,2600,2027,34128,7304,8753,7248,5382,5441,9921,8555,340,1026,9156,4175,4981,125078,11448,30729,15060,11029,10037,11694,12573,7906,14602,145219,96614,39307,14525,4461,,163,354,6523,775,449,7803,17007,5646,9286,5769,3509,1901,7897,6680,9047,13678,23254,5343,2021,0.7996681404871937,0.11371186197842913,0.033056006290670285,0.023056905909831504,0.030507085333875326,0.7449079889513439,0.006313993742648945,0.0011061983760208179,0.04733995941718006,0.024149776594574963,0.017932408613686873,0.024336364272457993,0.02916432043768138,0.01812899206002792,0.028504599719452097,0.0011328537585755364,0.003418552812642648,0.008662999330283513,0.004591389645050262,0.003048709379695929,0.0067538075548018005,0.013910777770743718,0.01659630756313161,0.48385849990170826,0.32191039126769666,0.13096789025979003,0.04839617895091078,0.014863707697074905,0.09152688722237325,0.24567869649338814,0.12040486736276564,0.08817697756599882,0.08024592654183789,0.09349365995618734,0.10052127472457187,0.06320855785989543,0.11674315227298165,0.0,0.0,0.0,0.0,0.0,0.0,0.0,0.0,0.0,0.0,0.0,0.0,0.0,0.0,0.0,0.0,0.0,0.0,3.366514487935045,-1.893236553772772,1.732345794073659,-2.0065544171456966,14.142641,-14.615942
Newcastle-under-Lyme,E07000195,123299,114523,110947,365,71,3140,1988,659,248,672,409,4642,1707,947,273,639,1076,1289,931,227,131,857,197,660,56682,6024,10116,6659,5220,6606,5791,4861,4433,6972,54189,43520,17878,5972,1741,,451,56,5343,256,465,5067,10415,2750,2236,1780,1393,650,2382,2435,2492,5846,9837,2832,2021,0.9288234292248924,0.037648318315639216,0.010454261591740403,0.016123407326904517,0.006950583540823526,0.8998207609145249,0.0029602835383904166,0.0005758359759608756,0.02546654879601619,0.0022141298793988597,0.005182523783647881,0.013844394520636827,0.007680516468097876,0.008726753663857776,0.007550750614360214,0.001841053049903081,0.0010624579274771085,0.005450165856981808,0.0020113707329337625,0.005344731100819958,0.0033171396361689875,0.0015977420741449648,0.005352841466678562,0.43949261551188573,0.35296312216644093,0.1449971208201202,0.048435104907582384,0.014120146959829358,0.10627712501323171,0.17846935535090505,0.11747997600649236,0.09209272785011115,0.11654493489996824,0.10216647260153135,0.08575914752478742,0.07820824953247944,0.12300201122049328,0.0,0.0,0.0,0.0,0.0,0.0,0.0,0.0,0.0,0.0,0.0,0.0,0.0,0.0,0.0,0.0,0.0,0.0,0.7164077027584939,-4.195647961870791,0.7648725839094666,-0.27892175351819076,30.003195,-18.180513
Newham,E09000025,351030,107947,51819,2039,353,53736,16419,4253,3317,3324,5525,148187,38642,31216,55677,6213,16439,61302,40874,13586,6842,17175,3534,13641,163445,15522,32704,19608,12621,16496,14189,14529,11822,25954,180480,116872,37801,11823,4060,,105,84,4060,396,389,17369,23668,9896,13595,9649,8158,2831,11234,14011,7160,14028,19839,6970,2021,0.30751502720565194,0.42214910406517964,0.17463464661140074,0.046773780018801815,0.0489274420989659,0.14761986155029486,0.005808620345839387,0.001005612055949634,0.15308093325356806,0.15861037518160842,0.017699341936586618,0.110081759393784,0.08892687234709284,0.04683075520610774,0.1164401902971256,0.038703244736917074,0.019491211577358062,0.009469276130245279,0.009449334814688203,0.012115773580605647,0.015739395493262684,0.010067515596957524,0.038859926502008375,0.5141440902486967,0.33294020454092244,0.10768595276756972,0.033680881975899496,0.011565963023103438,0.09496772614641011,0.2000917739912509,0.11996696136314969,0.07721863623849001,0.10092691731163388,0.08681207745724862,0.08889228792560189,0.07233014163785983,0.1587934779283551,0.0,0.0,0.0,0.0,0.0,0.0,0.0,0.0,0.0,0.0,0.0,0.0,0.0,0.0,0.0,0.0,0.0,0.0,7.5818180209466535,1.8275000182035779,6.500579451976807,1.3998928823148225,9.25268,-14.87518
Newport,W06000022,159592,136473,128245,685,168,7375,4451,1528,640,1188,1095,12194,2023,4803,2858,711,1799,3737,2687,553,497,2737,999,1738,72786,7420,13767,9109,7623,6347,6761,6534,6140,9085,74351,52689,21937,8159,2456,,260,47,6144,539,735,4832,12203,3906,3672,2265,3618,1060,3517,3173,6949,5835,11359,2682,2021,0.8551368489648604,0.07640733871371999,0.02341596069978445,0.027889869166374256,0.017149982455260917,0.8035803799689207,0.0042921950974986215,0.0010526843450799539,0.04621158955336107,0.017908165822848262,0.0044551105318562335,0.012676073988671112,0.03009549350844654,0.011272494861897839,0.01683668354303474,0.003465085969221515,0.003114191187528197,0.007443982154493959,0.0040102260764950624,0.009574414757631962,0.006861246177753271,0.006259712266279012,0.010890270188981904,0.46588174845856933,0.3301481277257005,0.1374567647501128,0.05112411649706752,0.015389242568549802,0.10194268128486247,0.18914351661033715,0.12514769323771055,0.10473167916907097,0.08720083532547468,0.09288874234056,0.08977001071634655,0.08435688181793202,0.1248179594977056,0.0,0.0,0.0,0.0,0.0,0.0,0.0,0.0,0.0,0.0,0.0,0.0,0.0,0.0,0.0,0.0,0.0,0.0,2.118364995341153,-2.8723774227062466,1.7018961989746872,-0.8820420050739501,23.31492,-19.997313
North Devon,E07000043,98612,95639,92944,387,58,2250,1174,297,136,417,324,1135,324,90,87,191,443,325,179,80,66,339,82,257,45163,5749,6898,5067,3618,7162,4874,3406,3237,5152,46135,33154,13705,4352,1265,,2154,48,4163,171,289,4433,7214,1165,3764,965,529,610,2093,2171,2080,3853,7488,1975,2021,0.9698515393664057,0.011509755405021702,0.003295744939763923,0.011905244797793372,0.0034377154910152923,0.9425222082505171,0.003924471666734272,0.0005881637123271001,0.02281669573682716,0.0008822455684906502,0.0019368839492151057,0.0032856041861031113,0.0009126678294730864,0.004492353871739747,0.0018151949052853608,0.0008112602928649657,0.0006692897416135967,0.0042286942765586335,0.0013791424978704418,0.0030118038372611853,0.0032856041861031113,0.0008315418001865898,0.0026061736908287022,0.4678436701415649,0.3362065468705634,0.13897902892142944,0.04413255993185414,0.012828053380927271,0.12729446670947456,0.15273564643624205,0.11219360981334278,0.08010982441379005,0.15858113942829308,0.10792020016385094,0.07541571640502182,0.07167371520935278,0.11407568142063193,0.0,0.0,0.0,0.0,0.0,0.0,0.0,0.0,0.0,0.0,0.0,0.0,0.0,0.0,0.0,0.0,0.0,0.0,0.5241064724122452,-4.583224263020704,-0.4159783498131604,-0.46253262462148464,36.140003,-13.463954
North East Derbyshire,E07000038,102003,99367,97657,306,45,1359,1170,421,141,372,236,952,327,110,20,216,279,324,170,107,47,190,23,167,46563,6028,8011,5492,4610,5813,4639,3731,3527,4712,44381,35060,15945,5166,1449,,414,92,4631,268,381,5081,7658,2153,1975,1404,1104,541,2272,2067,2964,4432,7255,1867,2021,0.9741576228150153,0.009333058831602991,0.003176377165377489,0.011470250874974266,0.001862690313030009,0.9573934099977451,0.0029999117673009616,0.0004411634951913179,0.0133231375547778,0.00019607266452947462,0.0021175847769183257,0.00320578806505691,0.0010783996549121105,0.002735213670186171,0.0016666176485005343,0.0010489887552326892,0.00046077076164426534,0.003646951560248228,0.001382312284932796,0.004127329588345441,0.0023136574414478004,0.0002254835642088958,0.0016372067488211132,0.43509504622413064,0.343715380920169,0.15631893179612363,0.0506455692479633,0.014205464545160437,0.1294590125206709,0.17204647466872838,0.11794772673582028,0.09900564826149517,0.12484161243906106,0.09962846036552628,0.08012799862551812,0.07574683761785109,0.10119622876532869,0.0,0.0,0.0,0.0,0.0,0.0,0.0,0.0,0.0,0.0,0.0,0.0,0.0,0.0,0.0,0.0,0.0,0.0,0.19216381827466764,-4.673206164890436,-0.2014793742544141,-0.7812722237181903,31.483297,-17.203995
North East Lincolnshire,E06000012,156967,151030,145362,320,65,5283,1617,377,306,502,432,2437,543,336,318,438,802,846,644,98,104,1037,366,671,68851,6058,8490,7328,5865,8108,7344,5685,10396,9577,67586,54939,24237,7911,2293,,341,499,9540,744,429,5790,12557,5520,3453,909,640,706,2504,3621,2842,5731,10533,2492,2021,0.9621767632687125,0.015525556327126084,0.005389667891977295,0.01030152834672256,0.00660648416546153,0.9260672625456307,0.0020386450655233267,0.0004140997789344257,0.03365675587862417,0.002025903533863806,0.0027903954334350532,0.0034593258455598947,0.0021405773187994927,0.005109354195467837,0.004102773194365695,0.0006243350513165188,0.0006625596462950811,0.0031981244465397185,0.0019494543439066811,0.002401778717819669,0.002752170838456491,0.0023317002936923048,0.004274783871769225,0.4305745793701861,0.3500035039212064,0.1544082514159027,0.05039912847923449,0.014608166047640586,0.08798710258384047,0.12330975584958824,0.10643273155074,0.08518394794556361,0.11776154304222161,0.10666511742748834,0.08256960683214477,0.15099272341723433,0.13909747135117864,0.0,0.0,0.0,0.0,0.0,0.0,0.0,0.0,0.0,0.0,0.0,0.0,0.0,0.0,0.0,0.0,0.0,0.0,-0.4829180110158677,-5.285020571210529,1.9705806531403494,-0.2086558778398429,27.980072,-21.49183
North Hertfordshire,E07000099,133210,116620,108298,1684,39,6599,4913,1820,509,1455,1129,6956,3811,536,581,709,1319,3235,1458,1331,446,1486,291,1195,67161,10803,17135,10326,5895,5838,4991,4105,3290,4778,67385,45317,15363,4089,1056,,429,26,5765,247,469,5596,9347,2209,2408,4460,2752,1180,6437,3398,3926,6912,8248,3355,2021,0.8754598003152917,0.05221830192928459,0.024284963591321974,0.036881615494332255,0.011155318669769538,0.812987012987013,0.012641693566549058,0.0002927708130020269,0.04953832294872757,0.004361534419337888,0.005322423241498386,0.028608963291044214,0.004023721942797087,0.009901659034607012,0.010945124239921928,0.009991742361684559,0.0033480969897154867,0.01092260340815254,0.003821034456872607,0.013662637940094587,0.008475339689212522,0.0021845206816305082,0.008970797988139028,0.5058554162600405,0.3401921777644321,0.11532917949102921,0.030695893701674047,0.007927332782824112,0.1608522803412695,0.25513318741531543,0.15374994416402377,0.08777415464331978,0.08692544780452942,0.07431396197197779,0.06112178198656959,0.048986763151233605,0.07114247852176114,0.0,0.0,0.0,0.0,0.0,0.0,0.0,0.0,0.0,0.0,0.0,0.0,0.0,0.0,0.0,0.0,0.0,0.0,4.726601426149419,-1.067202178668662,-2.2535755320903927,0.15551001116656582,17.714851,-4.350941
North Kesteven,E07000139,118072,114729,111304,510,57,2858,1368,373,218,450,327,1160,370,92,85,286,327,416,239,104,73,399,92,307,56892,7665,9946,8580,6036,6556,5561,3753,3915,4880,54648,41825,15872,4509,1220,,1524,141,4372,437,800,5080,7791,2112,2263,1700,746,583,2463,2340,8132,5758,8397,2254,2021,0.971686767396165,0.0098245138559523,0.0035232739345484113,0.011586150823226506,0.003379293990107731,0.9426790432956162,0.004319398333220408,0.0004827562843011044,0.024205569483027305,0.0007198997222034013,0.0024222508300020327,0.0031336811437089234,0.0007791855816789755,0.0027694965783589673,0.0020241886306660343,0.0008808184836371028,0.0006182668202452741,0.0038112338234297717,0.0018463310522393115,0.003159089369198455,0.0027694965783589673,0.0007791855816789755,0.0026001084084287555,0.46283623551731146,0.354233010366556,0.1344264516566163,0.03818856291076631,0.010332678365742937,0.1347289601349926,0.17482247064613654,0.15081206496519722,0.10609576038810378,0.11523588553750967,0.09774660760739647,0.06596709554946213,0.06881459607677705,0.08577655909442453,0.0,0.0,0.0,0.0,0.0,0.0,0.0,0.0,0.0,0.0,0.0,0.0,0.0,0.0,0.0,0.0,0.0,0.0,1.2779046566857206,-3.723751882006551,-1.8443768754525633,0.2208903867909232,30.046774,-8.177515
North Lincolnshire,E06000013,169684,160052,150554,556,168,8774,1820,356,289,717,458,5622,1126,1013,1840,451,1192,818,663,85,70,1372,224,1148,76223,8279,10321,8278,6393,9215,7323,6003,10070,10341,72786,60954,25702,8003,2235,,1328,295,13248,578,579,6345,13115,5117,3363,1215,848,782,2467,3432,3862,6074,10924,2645,2021,0.9432356615827067,0.03313217510195422,0.004820725584026779,0.010725819759081587,0.008085617972230735,0.8872610263784446,0.0032766790033238254,0.0009900756700690697,0.051707880530869145,0.010843685910280286,0.002657881709530657,0.0066358643124867405,0.005969920558214092,0.007024822611442446,0.003907262912236864,0.0005009311425944697,0.00041253152919544565,0.004225501520473351,0.001703165884821197,0.0020980174913368377,0.0026991348624502017,0.0013201008934254261,0.006765517078805309,0.4289502840574244,0.3592206690082742,0.15146979090544777,0.047164140402159306,0.013171542396454586,0.10861550975427364,0.13540532385238052,0.10860239035461737,0.08387232200254516,0.12089526783254398,0.09607336368287787,0.07875575613659919,0.1321123545386563,0.13566771184550594,0.0,0.0,0.0,0.0,0.0,0.0,0.0,0.0,0.0,0.0,0.0,0.0,0.0,0.0,0.0,0.0,0.0,0.0,0.11423922436456471,-4.862581315030145,1.2293688401703229,0.47118727279169553,27.683655,-20.947569
North Norfolk,E07000147,102978,101007,98403,471,86,2047,978,247,172,310,249,565,110,14,23,151,267,183,96,59,28,245,27,218,41659,5718,5304,4227,3403,6875,4957,3607,2753,4815,40520,38727,17522,4821,1391,,1533,144,2863,178,285,4337,6758,1462,3404,854,916,734,2018,2603,1744,3556,5991,2278,2021,0.980859989512323,0.005486608790227039,0.0017770785993124745,0.009497174153702733,0.0023791489444347337,0.9555730350171882,0.004573792460525549,0.000835129833556682,0.01987803220105265,0.00022334867641632194,0.001466332614733244,0.001068189321991105,0.00013595136825341335,0.0025927868088329547,0.0009322379537376915,0.0005729379090679563,0.0002719027365068267,0.0030103517256112955,0.001670259667113364,0.0023985705684709357,0.0024179921925071373,0.00026219192448872575,0.002116957019946008,0.39348210297345065,0.3760706170249956,0.1701528481811649,0.0468158247392647,0.013507739517178426,0.13725725533498165,0.1273194267745265,0.10146666986725557,0.0816870304135961,0.16503036558726805,0.11898989414052186,0.08658393144338558,0.06608415948534531,0.11558126695311938,0.0,0.0,0.0,0.0,0.0,0.0,0.0,0.0,0.0,0.0,0.0,0.0,0.0,0.0,0.0,0.0,0.0,0.0,-0.7830457600642928,-5.666160525687501,0.5119373950252532,0.46644364849258574,37.436333,-18.882149
North Northamptonshire,E06000061,359523,324664,289274,2590,365,32435,8175,3024,1320,1926,1905,12726,7325,1029,1104,1005,2263,11017,6889,2473,1655,2941,338,2603,178855,21751,26861,20376,16768,19477,15814,13354,17639,26815,166047,128657,47271,13718,3831,,1087,83,20718,711,1349,16708,37186,13241,6884,5223,4142,1909,8051,9274,7539,14942,23283,6527,2021,0.9030409737346429,0.03539690089368413,0.030643380256617798,0.022738461795211988,0.008180283319843237,0.8046049905013031,0.007203989730837804,0.001015234074036988,0.09021675942846494,0.003070735391059821,0.002795370532622391,0.02037421806115325,0.002862125649819344,0.006294451259029325,0.019161500098741943,0.006878558534502661,0.004603321623373192,0.005357098155055449,0.0036715314458323945,0.008411144766816031,0.005298687427508115,0.0009401345671904162,0.00724014875265282,0.4618536227167664,0.3578547130503473,0.13148254770904783,0.03815611240449151,0.010655785582563563,0.12161247938274021,0.1501831092225546,0.1139246875960974,0.09375192194794667,0.10889826954795784,0.08841799222834139,0.07466383383187498,0.09862178859970368,0.14992591764278326,0.0,0.0,0.0,0.0,0.0,0.0,0.0,0.0,0.0,0.0,0.0,0.0,0.0,0.0,0.0,0.0,0.0,0.0,1.8689838637239808,-3.185488742662073,0.9175628365998667,1.3005501646923232,22.732397,-16.470285
North Somerset,E06000024,216729,207429,195915,1210,187,10117,3635,1007,497,1191,940,3322,1067,148,433,725,949,1139,733,251,155,1204,247,957,102702,14625,20359,13585,10134,10436,10139,7377,6711,9336,103098,73421,28789,8897,2522,,721,189,7213,609,1223,9272,15842,4792,4699,4359,4177,1823,7270,4996,6401,9727,14966,4427,2021,0.9570892681643897,0.01532789797396749,0.005255411135565614,0.016772097873381044,0.005555324852696224,0.903963013717592,0.005583009195815973,0.0008628286938988322,0.046680416557082806,0.001997886761808526,0.003345191460302959,0.004923199018128631,0.0006828804636204661,0.004378740270106908,0.0033821039177959573,0.0011581283538428175,0.0007151788639268395,0.005495342109270102,0.0022931864217525114,0.004646355586931145,0.0043372137554272844,0.0011396721250963185,0.004415652727599906,0.47570006782664065,0.3387686926991773,0.13283409234574053,0.04105126678940059,0.011636652224667672,0.14240229012093242,0.19823372475706413,0.1322759050456661,0.09867383303148916,0.10161437946680688,0.09872251757512025,0.07182917567330724,0.06534439446164632,0.09090377986796752,0.0,0.0,0.0,0.0,0.0,0.0,0.0,0.0,0.0,0.0,0.0,0.0,0.0,0.0,0.0,0.0,0.0,0.0,1.8935201536517776,-3.3496466169643546,-1.352486880216593,-0.4723499420480501,26.390047,-10.631036
North Tyneside,E08000022,208968,198208,193303,797,54,4054,2879,501,663,1013,702,5396,1539,528,1009,1225,1095,1281,1020,102,159,1204,350,854,97266,9927,21780,13362,10743,8704,8832,9443,5848,8627,96170,69597,30204,10188,2806,,145,538,6377,882,488,7050,12936,3744,4859,5117,3035,1389,4971,4708,10049,10469,16631,3882,2021,0.9485088626009724,0.025822135446575554,0.006130125186631446,0.013777229049423835,0.005761647716396769,0.9250363692048543,0.0038139810880134756,0.0002584127713334099,0.01940009953677118,0.004828490486581677,0.005862141571915318,0.007364763983002182,0.0025267026530377858,0.005240036752038589,0.004881130125186631,0.00048811301251866317,0.0007608820489261514,0.0048476321733471155,0.0031727345813713104,0.002397496267371081,0.0033593660273343287,0.0016748975919758048,0.004086750124420964,0.4602140040580376,0.3330509934535431,0.1445388767658206,0.048753876191570004,0.013427893265954597,0.10206032940595891,0.2239220282524212,0.1373758559003146,0.11044969465177966,0.08948656262208789,0.09080254148417741,0.0970842843336829,0.060123784261715295,0.08869491908786215,0.0,0.0,0.0,0.0,0.0,0.0,0.0,0.0,0.0,0.0,0.0,0.0,0.0,0.0,0.0,0.0,0.0,0.0,1.3257963353029263,-3.4464861463917225,-0.35027750907011734,-1.4963702820186067,36.847504,-23.767405
North Warwickshire,E07000218,65036,62514,60598,475,19,1422,1113,542,101,268,202,844,463,125,11,89,156,364,113,196,55,201,32,169,31754,4243,4816,3928,3331,3752,2721,2218,2814,3931,29587,22596,9157,2864,830,,351,34,3538,216,305,3268,5524,2916,1258,927,721,376,1373,1632,1562,2829,3650,1273,2021,0.9612214773356295,0.012977427886093856,0.005596900178362753,0.017113598622301496,0.0030905959776123993,0.9317608709022696,0.0073036472107755705,0.0002921458884310228,0.021864813334153393,0.00016913709330217111,0.0013684728458084753,0.007119134018082293,0.001922012423888308,0.0023986715050126083,0.0017374992311950303,0.003013715480656867,0.0008456854665108555,0.004120794636816532,0.001552986038501753,0.008333845869979704,0.003105972077003506,0.0004920351805154068,0.0025985607970969923,0.4549326526846669,0.3474383418414417,0.1407989421243619,0.04403714865612891,0.012762162494618366,0.13362096113875419,0.15166593185110538,0.12370095106128362,0.10490017005731561,0.11815834225609372,0.08568999181205518,0.06984946778358632,0.0886187566920703,0.12379542734773571,0.0,0.0,0.0,0.0,0.0,0.0,0.0,0.0,0.0,0.0,0.0,0.0,0.0,0.0,0.0,0.0,0.0,0.0,0.8511948497550197,-3.9602401575528403,-0.32222618679704257,0.1591165034055147,28.272999,-16.110733
North West Leicestershire,E07000134,104707,100449,96430,454,129,3436,1592,530,174,576,312,1543,784,68,14,234,443,642,423,144,75,481,65,416,51961,7305,8940,6845,4828,5962,4407,3642,4481,5551,49180,36846,13648,3916,1116,,424,354,6201,445,410,5623,8782,3855,2089,1459,900,621,2751,2653,2410,5190,5715,2071,2021,0.9593341419389344,0.014736359555712607,0.006131395226680165,0.015204332088590065,0.004593771190082803,0.9209508437831282,0.004335908774007469,0.0012320093212488182,0.03281538006054992,0.00013370643796498802,0.0022348076059862283,0.007487560526039329,0.0006494312701156561,0.004230853715606406,0.004039844518513566,0.001375266219068448,0.0007162844890981501,0.005501064876273792,0.0016617800147077082,0.005061743722960261,0.002979743474648304,0.00062077989055173,0.003972991299531072,0.46969161565129364,0.35189624380413914,0.13034467609615402,0.03739960079077807,0.010658313197780473,0.1405862088874348,0.1720521160100845,0.13173341544620004,0.09291584072669887,0.1147399010796559,0.08481361020765574,0.07009102981081965,0.08623775523950655,0.10683012259194395,0.0,0.0,0.0,0.0,0.0,0.0,0.0,0.0,0.0,0.0,0.0,0.0,0.0,0.0,0.0,0.0,0.0,0.0,1.4751567088610633,-3.705291079392041,-1.3185823236500787,0.6811770996541575,28.52126,-9.699744
North Yorkshire,E06000065,615490,595154,574065,2681,550,17858,6720,1435,983,2495,1807,8317,2031,1037,331,1574,3344,2456,1491,536,429,2843,562,2281,293535,44679,52153,38519,25165,38526,26639,20742,18230,28882,293072,213655,80093,22395,6276,,10930,860,23741,1798,1815,25550,43876,10406,18810,8626,7700,4266,18960,13792,22290,26109,39955,14055,2021,0.9669596581585403,0.013512810931128045,0.003990316658272271,0.01091813027019123,0.0046190839818681054,0.9326959008269834,0.0043558790557117096,0.0008935969715186275,0.029014281304326633,0.000537782904677574,0.002557312060309672,0.0032998099075533314,0.0016848364717542122,0.005433069586833255,0.002422460153698679,0.0008708508667890623,0.0006970056377845294,0.004053680807161774,0.0015971014963687467,0.0023314757347804188,0.0029358722318802905,0.0009130936327153975,0.0037059903491527078,0.4761604575216494,0.34712992899965883,0.1301288404360753,0.03638564395847211,0.010196753805910739,0.15221012826409117,0.1776721685659291,0.1312245558451292,0.08573083277973666,0.1312484030865144,0.09075238046570255,0.07066278297306965,0.06210503006455789,0.09839371795526938,0.0,0.0,0.0,0.0,0.0,0.0,0.0,0.0,0.0,0.0,0.0,0.0,0.0,0.0,0.0,0.0,0.0,0.0,1.4941453158254008,-3.788348103568016,-1.8992952234961937,0.24816074716977743,30.148335,-9.976754
Northumberland,E06000057,320566,313027,308015,910,176,3926,2557,456,440,1033,628,3374,1183,514,302,521,854,598,400,124,74,1010,268,742,140777,17405,24722,17034,13435,16928,15432,12010,9968,13843,140289,110887,49447,15644,4300,,3830,810,10802,1130,1069,12174,19466,5414,7762,4438,3032,2274,7282,6448,11590,12077,24552,6630,2021,0.9764822220697142,0.010525133669821503,0.0018654504844556191,0.007976516536376285,0.0031506772396324,0.9608473762033404,0.002838728998084638,0.0005490289051240618,0.012247087963165152,0.0009420836894742425,0.001625250338463842,0.003690347697510029,0.0016034139615554988,0.002664037982817891,0.0012477929661910496,0.00038681581951922536,0.00023084169874534419,0.0032224253351883854,0.0013725722628101546,0.0014224839814577965,0.001959034956919948,0.0008360212873480032,0.002314655952284397,0.4376290685849404,0.3459100466050673,0.15424904699812206,0.04880118290773195,0.013413774386553784,0.12363525291773514,0.17561107283149946,0.12099987924163748,0.09543462355356344,0.12024691533418101,0.10962017943271983,0.08531223140143632,0.07080702103326537,0.09833282425396193,0.0,0.0,0.0,0.0,0.0,0.0,0.0,0.0,0.0,0.0,0.0,0.0,0.0,0.0,0.0,0.0,0.0,0.0,0.12304230829431481,-4.772868698906997,-0.30066889297443244,-0.7581163629513646,31.701283,-17.045362
Norwich,E07000148,143924,125421,111623,885,214,12699,4519,939,966,1287,1327,7867,2570,528,839,1627,2303,3578,2807,395,376,2539,900,1639,65720,5633,14691,8202,5095,5904,6762,6275,4545,8613,63232,52223,20346,6382,1738,,249,142,3726,178,382,4460,10169,2590,4345,2701,2946,1055,4147,3371,2769,7349,11837,3307,2021,0.8714390928545621,0.054660793196409214,0.024860342958783803,0.031398515883382896,0.017641255106861955,0.7755690503321198,0.0061490786804146635,0.0014868958617047887,0.08823406798032295,0.005829465551263167,0.01130457741585837,0.01785664656346405,0.0036686028737389176,0.016001500792084712,0.01950334898974459,0.002744504043800895,0.0026124899252383204,0.008942219504738612,0.006711875712181429,0.006524276701592507,0.009220143964870349,0.006253300352964064,0.01138795475389789,0.4393429865762486,0.3628512270364915,0.14136627664600762,0.04434284761401851,0.012075817792723938,0.08571211199026171,0.2235392574558734,0.12480219111381619,0.07752586731588558,0.08983566646378575,0.10289105295191722,0.09548082775410834,0.06915702982349362,0.1310559951308582,0.0,0.0,0.0,0.0,0.0,0.0,0.0,0.0,0.0,0.0,0.0,0.0,0.0,0.0,0.0,0.0,0.0,0.0,2.761838731811102,-2.6183655105671524,1.810357153697051,-0.10560385996719704,18.926601,-15.690991
Nottingham,E06000018,323635,213430,185580,2360,269,25221,19063,10129,2129,3363,3442,48217,11515,21684,2223,4263,8532,32215,18740,9339,4136,10710,3673,7037,128866,10297,24432,14343,10112,10634,14291,12113,11229,21415,153956,108292,41863,14787,4734,,142,58,9202,1301,601,8346,22866,8055,8392,4870,2289,1703,5833,6591,6393,13733,23419,5069,2021,0.6594774977984458,0.1489857401084555,0.09954114975203547,0.05890277627574274,0.0330928360653205,0.5734237644259738,0.007292165556877346,0.0008311832774576298,0.0779303845381371,0.006868849166499297,0.013172246512274631,0.035580206096374,0.06700140590480017,0.026363032428507422,0.05790473836266164,0.028856582260880313,0.01277982912849352,0.010391335918550218,0.006578398504488081,0.031297603782038406,0.010635438070666027,0.011349205123055294,0.021743630942265207,0.47570874596381724,0.33461152223956,0.12935251131676118,0.04569036105489208,0.014627589722990405,0.07990470721524684,0.18959228966523364,0.11130166219173405,0.07846910744494281,0.08251982679682772,0.11089814225629724,0.09399686496050161,0.08713702605807583,0.16618037341114025,0.0,0.0,0.0,0.0,0.0,0.0,0.0,0.0,0.0,0.0,0.0,0.0,0.0,0.0,0.0,0.0,0.0,0.0,4.537088197368645,-0.8223257802723244,5.593417664216349,0.25851820199447095,13.528115,-17.538383
Nuneaton and Bedworth,E07000219,134198,116939,109807,697,95,6340,2449,1066,270,694,419,10782,7154,940,121,357,2210,2446,1622,492,332,1582,169,1413,63114,6264,9985,7477,6311,6608,6224,4976,6108,9161,59458,47478,19379,6075,1807,,175,42,7381,575,598,4811,11719,5652,2598,1923,1482,543,2273,2996,3249,5505,9398,2190,2021,0.8713915259541871,0.08034396935870877,0.018226799207141688,0.018249154234787405,0.01178855124517504,0.8182461735644346,0.005193818089688371,0.0007079092087810549,0.04724362509128303,0.0009016527817106067,0.0026602482898403852,0.05330928925915438,0.00700457532899149,0.016468203699011908,0.012086618280451274,0.0036662245338976735,0.002473956392792739,0.005171463062042653,0.002011952488114577,0.007943486490111626,0.0031222521945185474,0.001259333224042087,0.010529218021132953,0.4430617445863575,0.3537906675211255,0.1444060269154533,0.04526893098257798,0.013465178318603855,0.09924897803973762,0.15820578635484994,0.11846816871058719,0.09999366226193872,0.10469943277244352,0.09861520423360902,0.07884146148239693,0.0967772601958361,0.14515004594860095,0.0,0.0,0.0,0.0,0.0,0.0,0.0,0.0,0.0,0.0,0.0,0.0,0.0,0.0,0.0,0.0,0.0,0.0,1.076947943563631,-3.740141824954961,1.6069739623858676,0.7710578943106033,25.985733,-18.668873
Oadby and Wigston,E07000135,57747,36592,34512,360,10,1710,1873,541,194,730,408,16131,12189,2282,315,325,1020,1254,725,394,135,1897,382,1515,25989,2997,5815,3255,2784,2437,2439,2093,1793,2376,26568,20744,7661,2170,604,,38,17,2387,303,108,1954,4485,1115,897,769,945,368,1376,1102,1463,3321,4436,908,2021,0.6336606230626699,0.2793391864512442,0.021715413787729232,0.032434585346424925,0.0328501913519317,0.5976414359187491,0.006234090082601694,0.00017316916896115814,0.029611927892358045,0.005454828822276482,0.00562799799123764,0.21107590004675567,0.03951720435693629,0.017663255234038132,0.012554764749683965,0.006822865257069631,0.0023377837809756353,0.012641349334164545,0.0033594818778464684,0.009368452040798655,0.007065302093615253,0.006615062254316241,0.02623512909761546,0.460075848096005,0.35922212409302645,0.13266490034114325,0.03757770966457132,0.010459417805253952,0.11531801916195314,0.22374850898457038,0.12524529608680596,0.10712224402631883,0.09377044134056717,0.09384739697564354,0.08053407210743006,0.0689907268459733,0.09142329447073762,0.0,0.0,0.0,0.0,0.0,0.0,0.0,0.0,0.0,0.0,0.0,0.0,0.0,0.0,0.0,0.0,0.0,0.0,3.687117892400041,-1.6331307660151084,1.4418003078384343,2.1238012946054603,16.812712,-20.935154
Oldham,E08000004,242087,164897,157914,1279,177,5527,6125,2353,1043,1829,900,59565,1676,32802,21754,819,2514,8209,6065,876,1268,3291,521,2770,98207,9616,14988,11314,9555,11144,10613,8596,9362,13019,113590,79548,33754,11724,3472,,157,44,8153,484,607,8323,18026,6379,5443,2778,2652,1584,4460,5023,5510,9870,15212,3500,2021,0.6811476865754873,0.24604790839656818,0.03390929707088774,0.02530082160545589,0.01359428635160087,0.6523026845720753,0.0052832246258576465,0.0007311421100678682,0.022830635267486483,0.0898602568498102,0.003383081288958102,0.006923130940529644,0.13549674290647576,0.010384696410794467,0.025052976822382035,0.0036185338328782626,0.00523778641562744,0.007555135137367971,0.004308368479100488,0.009719646242879626,0.003717671746107804,0.002152118866357962,0.011442167485242908,0.46921148182265054,0.3285926133993151,0.13942921346458093,0.04842887061263099,0.014341951447206996,0.09791562719561742,0.15261641227203762,0.11520563707271375,0.09729449020945553,0.11347459957029539,0.10806765301862392,0.08752940218110725,0.09532925351553352,0.13256692496461556,0.0,0.0,0.0,0.0,0.0,0.0,0.0,0.0,0.0,0.0,0.0,0.0,0.0,0.0,0.0,0.0,0.0,0.0,1.9688636844263314,-3.0351886569640913,3.2447076563967503,0.025669697466663872,21.182884,-22.224817
Oxford,E07000178,162040,114561,86672,2351,62,25476,9005,1916,1072,3197,2820,24991,6005,6619,2025,4479,5863,7535,5060,1629,846,5948,1449,4499,73329,6732,26873,8620,4723,4607,5985,4221,3724,7844,88767,52154,15703,4221,1194,,121,31,4112,274,218,3029,6823,2239,3913,4425,837,684,6886,3068,2418,17124,13955,3175,2021,0.7069921007158726,0.15422735127129103,0.04650086398420143,0.055572698099234756,0.036706985929400145,0.5348802764749444,0.014508763268328808,0.0003826215749197729,0.15722043939767957,0.012496914342137743,0.027641323130091336,0.03705875092569736,0.040847938780548015,0.036182424092816586,0.03122685756603308,0.010053073315230808,0.005220933102937546,0.019729696371266352,0.006615650456677363,0.011824240928165884,0.017403110343125153,0.008942236484818563,0.027764749444581585,0.5478091829177981,0.32185880029622316,0.09690817082201926,0.02604912367316712,0.007368550975067885,0.09180542486601481,0.36647165514325847,0.11755240082368504,0.06440835140258289,0.0628264397441667,0.08161845927259338,0.05756249232909218,0.05078481910294699,0.10696995731565956,0.0,0.0,0.0,0.0,0.0,0.0,0.0,0.0,0.0,0.0,0.0,0.0,0.0,0.0,0.0,0.0,0.0,0.0,8.20407205839411,1.6559898002259568,0.460613552031876,-0.8225719566313789,10.706987,-5.3327413
Pembrokeshire,W06000009,123359,120375,116816,701,574,2284,1162,282,163,400,317,1159,243,77,146,221,472,244,147,55,42,419,93,326,52768,6112,7598,5388,4142,9059,6845,4140,3831,5653,55187,41206,18605,6375,1987,,2823,340,3093,428,382,5481,7742,1910,4558,827,524,554,2095,2388,4092,4238,8703,2592,2021,0.9758104394490876,0.009395342050438153,0.0019779667474606635,0.009419661313726603,0.0033965904392869594,0.9469596867678889,0.0056826011884013325,0.0046530857091902494,0.018515065783607194,0.0011835374800379381,0.0017915190622492076,0.0019698603263645135,0.00062419442440357,0.003826230757382923,0.0011916439011340884,0.00044585316028826434,0.00034046968603831094,0.003242568438460104,0.0013213466386724924,0.0022860107491143736,0.0025697354874796327,0.0007538971619419743,0.002642693277344985,0.4473690610332444,0.33403318768796764,0.1508199644938756,0.05167843448795791,0.01610745871805057,0.11582777440873257,0.14398878107944207,0.10210733778047301,0.07849454214675561,0.1716760157671316,0.12971876895087933,0.07845664038811401,0.07260081867798666,0.10712932080048514,0.0,0.0,0.0,0.0,0.0,0.0,0.0,0.0,0.0,0.0,0.0,0.0,0.0,0.0,0.0,0.0,0.0,0.0,-0.25392755184160337,-5.350200823637966,0.2030570720832576,-0.12531937142251354,36.956703,-9.78269
Pendle,E07000122,95758,67577,63320,342,97,3818,1488,231,95,885,277,25573,242,24502,302,161,366,244,174,51,19,876,235,641,39623,4070,5701,4083,3159,5373,4135,3673,4558,4871,44752,32255,13182,4286,1285,,351,20,6547,88,192,3150,7539,1977,1768,1014,825,419,1575,1987,1583,3516,5631,1440,2021,0.7057060506693957,0.2670586269554502,0.0025480899768165585,0.0155391716618977,0.009148060736439775,0.6612502349673134,0.0035715031642264876,0.0010129701957016647,0.03987134234215418,0.003153783495895904,0.001681321665030598,0.0025272039934000293,0.25587418283589886,0.0038221349652248376,0.0018170805572380376,0.0005325925771214937,0.00019841684245702708,0.009242047661814157,0.0009920842122851355,0.002412331084609119,0.0028927087031892897,0.0024541030514421774,0.006693957684997598,0.46734476492825666,0.3368386975500741,0.13765951669834375,0.044758662461622,0.01341924434511999,0.10271811826464428,0.14388107917118845,0.10304621053428564,0.07972642152285289,0.13560305882946774,0.10435857961285112,0.09269868510713475,0.11503419730964339,0.12293364964793176,0.0,0.0,0.0,0.0,0.0,0.0,0.0,0.0,0.0,0.0,0.0,0.0,0.0,0.0,0.0,0.0,0.0,0.0,1.0390025567303374,-4.179524599943326,2.570340473712202,1.278313903197214,20.012882,-23.540314
Peterborough,E06000031,215670,162581,128353,1177,551,32500,7617,1990,1627,2021,1979,30801,7169,16972,442,990,5228,8751,6225,1419,1107,5920,897,5023,100968,9979,15830,11291,9118,8947,9135,8723,11152,16793,99550,77378,27730,8582,2433,,716,61,9869,291,850,7023,20193,7767,4398,4240,4022,1199,4237,6199,5364,7738,13390,3412,2021,0.7538415171326563,0.1428154124356656,0.04057587981638615,0.035317846710251774,0.027449343905040106,0.5951360875411509,0.0054574117865257106,0.002554829137107618,0.1506931886678722,0.002049427365883062,0.004590346362498261,0.03324059906338387,0.0786943014791116,0.0242407381647888,0.02886354152176937,0.006579496452914175,0.005132841841702601,0.009370797978392915,0.007543932860388557,0.009227059859971253,0.00917605601149905,0.004159132007233273,0.023290211897806834,0.46158482867343625,0.35877961700746513,0.12857606528492604,0.03979227523531321,0.011281123939351788,0.09883329371682117,0.15678234688218048,0.11182750970604548,0.09030583947389272,0.08861223357895572,0.09047420965058237,0.08639370889786863,0.11045083590840662,0.1663200221852468,0.0,0.0,0.0,0.0,0.0,0.0,0.0,0.0,0.0,0.0,0.0,0.0,0.0,0.0,0.0,0.0,0.0,0.0,3.3719856289069594,-2.052641353505766,3.3272339801498894,2.2027421934353084,17.30266,-17.097744
Plymouth,E06000026,264695,248727,236802,1055,165,10705,4656,1108,860,1349,1339,5947,1403,389,537,1430,2188,2786,2022,460,304,2579,677,1902,121018,10874,20138,15675,11406,15496,13823,11112,9029,13465,121117,89371,37196,13109,3902,,277,175,9938,710,689,11249,17662,5801,6349,3174,1482,1774,4742,5799,12535,11866,21941,4859,2021,0.9396739643740909,0.022467368102910897,0.010525321596554525,0.017590056480099737,0.009743289446343905,0.8946221122423922,0.003985719412909198,0.0006233589603128128,0.040442773758476734,0.0020287500708362455,0.005402444322711045,0.005300440129205311,0.0014696159731011165,0.008266117607057179,0.0076389807136515615,0.0017378492226902663,0.0011484916602126976,0.005096431742193846,0.0032490224598122367,0.004185949866827858,0.005058652411265797,0.002557660703828935,0.00718562874251497,0.45757192240125427,0.33763765843706905,0.14052399931997203,0.04952492491357978,0.014741494928124823,0.08985440182452197,0.16640499760366226,0.12952618618717876,0.09425044208299592,0.12804706737840651,0.11422267761820555,0.09182105141383927,0.07460873589052869,0.11126444000066106,0.0,0.0,0.0,0.0,0.0,0.0,0.0,0.0,0.0,0.0,0.0,0.0,0.0,0.0,0.0,0.0,0.0,0.0,0.8965543809662608,-3.972367189229058,0.9397893209525894,-1.0662245489332307,31.299149,-19.877653
Portsmouth,E06000044,208001,177277,161664,1066,118,14429,5487,1176,1244,1540,1527,14370,3104,603,4742,2116,3805,7070,5369,950,751,3797,1007,2790,97787,9806,18084,12207,8982,10663,10674,8481,7288,11602,98505,72447,26740,8000,2311,,124,41,6655,989,600,9530,13927,4994,6213,3641,1892,1159,3975,5314,8644,9934,16069,4082,2021,0.8522891716866746,0.06908620631631579,0.033990221200859615,0.02637968086691891,0.018254719929231108,0.7772270325623435,0.005124975360695381,0.0005673049648799765,0.06936985879875578,0.02279796731746482,0.010173028014288392,0.014923005177859721,0.002899024523920558,0.018293181282782293,0.02581237590203893,0.004567285734203201,0.003610559564617478,0.007403810558603083,0.005980740477209244,0.005653818972024173,0.007341310859082408,0.004841322878255393,0.013413397050975717,0.47357945394493295,0.3483012100903361,0.12855707424483537,0.03846135355118485,0.011110523507098524,0.10027917821387301,0.18493255749741785,0.1248325442032172,0.09185270025668034,0.10904312434168141,0.10915561373188665,0.08672931984824159,0.07452933416507307,0.11864562774192888,0.0,0.0,0.0,0.0,0.0,0.0,0.0,0.0,0.0,0.0,0.0,0.0,0.0,0.0,0.0,0.0,0.0,0.0,2.695872391062827,-2.505378487737563,1.213642192675251,-0.0330882301019231,19.322739,-14.453505
Powys,W06000023,133169,130160,126357,581,105,3117,1135,295,147,373,320,1247,176,50,79,160,782,221,74,96,51,406,100,306,61726,7396,9056,6334,5038,12196,6553,4217,4610,6326,59313,45946,20078,6040,1792,,5824,134,5122,307,523,6275,8600,2056,3076,1347,788,595,2835,2525,4607,5193,9116,2805,2021,0.9774046512326442,0.00936404118075528,0.0016595453896927964,0.008523004603173411,0.0030487575937342775,0.9488469538706455,0.004362877246205949,0.0007884717914830028,0.02340634832430971,0.0005932311574014974,0.0012014808251169567,0.0013216289076286524,0.00037546275784904894,0.005872237532759126,0.0005556848816165924,0.000720888495070174,0.00038297201300602993,0.0028009521735539054,0.0011038605080762038,0.002215230271309389,0.0024029616502339135,0.0007509255156980979,0.0022978320780361796,0.44539645112601284,0.34502023744264804,0.1507708250418641,0.045355901148165116,0.013456585241309915,0.11981984901014159,0.14671289246022745,0.10261478145352039,0.08161876680815215,0.19758286621520915,0.1061627191135016,0.06831805074036873,0.07468489777403363,0.10248517642484528,0.0,0.0,0.0,0.0,0.0,0.0,0.0,0.0,0.0,0.0,0.0,0.0,0.0,0.0,0.0,0.0,0.0,0.0,-0.17655784616560233,-5.136037884515928,-0.34578094773216883,-0.07997896881035005,36.75423,-14.947984
Preston,E07000123,147834,107321,97715,923,114,8569,4367,1759,506,1321,781,29815,19047,7554,758,707,1749,3489,2355,827,307,2842,1157,1685,66634,6171,12745,7639,6669,6043,7165,6057,5574,8571,71585,48918,19091,6379,1862,,482,30,6028,363,444,4736,10995,3161,3023,1860,1416,881,2956,3564,5676,6138,12698,2185,2021,0.7259561399948591,0.20167891012892838,0.023600795486829824,0.02953988933533558,0.019224265054047108,0.6609778535384282,0.006243489319101154,0.0007711351921750071,0.0579636619451547,0.005127372593584696,0.004782391060243246,0.12884045618734527,0.051097852997280736,0.01183083729047445,0.015930029627825804,0.005594112315164306,0.002076653543839712,0.00893569814792267,0.00342275795825047,0.01189848072838454,0.0052829525007779,0.00782634576619722,0.011397919287849886,0.4842255502793674,0.33089816956857016,0.12913808731414966,0.04314974904284535,0.01259520813885845,0.09261037908575202,0.19126872167362008,0.11464117417534592,0.10008404118017829,0.09068943782453402,0.10752768856739803,0.09089954077497973,0.08365098898460245,0.12862802773358945,0.0,0.0,0.0,0.0,0.0,0.0,0.0,0.0,0.0,0.0,0.0,0.0,0.0,0.0,0.0,0.0,0.0,0.0,2.717319979259924,-2.3535163361475044,2.3713050711551946,0.6879187749151545,17.801191,-20.568521
Reading,E06000038,174223,116886,93167,2040,107,21572,8962,3555,1249,2117,2041,30841,10777,8279,1132,2694,7959,12532,7665,3293,1574,5002,1282,3720,88868,9390,22757,11993,7062,6953,8079,6736,5095,10803,89196,60019,18627,5018,1364,,211,153,4028,666,1424,5700,12880,4367,4717,10697,2834,932,7004,5455,3852,8596,12127,3222,2021,0.6708987906303989,0.1770202556493689,0.0719308013293308,0.05143982137834844,0.028710331012552878,0.5347571790176957,0.011709131400561349,0.0006141554215000316,0.12381832479064188,0.00649741997325267,0.015462941173094253,0.0618575044626714,0.04751955826727814,0.04568283177307244,0.043995339306520956,0.01890106357943555,0.009034398443374296,0.012151093713229597,0.00716897309769663,0.02040488339656647,0.011714871170855743,0.007358385517411593,0.021351945495141283,0.5119645511786618,0.3444952732991626,0.10691470127365503,0.028802167337263162,0.007829046681551804,0.10566233064770221,0.25607642796057073,0.13495296394652742,0.0794661745510195,0.07823963631453391,0.09091011387676104,0.07579781248593419,0.05733222307242202,0.12156231714452896,0.0,0.0,0.0,0.0,0.0,0.0,0.0,0.0,0.0,0.0,0.0,0.0,0.0,0.0,0.0,0.0,0.0,0.0,6.448332266776207,0.6312267843854619,1.955354433925078,1.2755289121887459,10.91993,-9.400664
Redbridge,E09000026,310261,107974,71844,3092,185,32853,12736,3154,1717,3577,4288,146833,51183,44000,31895,2918,16837,26096,14573,8452,3071,16622,2263,14359,141627,18627,34456,17250,14551,12846,9843,10747,9229,14078,159202,105549,33011,9467,3029,,73,72,4050,342,317,15238,19334,8494,6955,9390,9157,3483,11397,8396,7397,14332,17900,5299,2021,0.34801022365041046,0.4732563873641869,0.0841098301107777,0.041049310096982865,0.05357424877764205,0.23155988022987098,0.009965802985228566,0.000596272170849704,0.10588826826446121,0.10280054534730437,0.009404984835348304,0.16496755957081297,0.14181608387776742,0.054267213732953866,0.04697013159887965,0.027241580475792962,0.009898118036105085,0.01152900300069941,0.005534050364048334,0.010165634739783602,0.013820621992451517,0.007293859041258811,0.04628038973638324,0.5131228223979166,0.34019422357305623,0.10639751692929501,0.030513019683427824,0.009762748137858126,0.1315215319112881,0.2432869438736964,0.12179880954902667,0.10274170885494997,0.09070304391111864,0.06949945984875765,0.07588242354918201,0.06516412830886766,0.09940195019311289,0.0,0.0,0.0,0.0,0.0,0.0,0.0,0.0,0.0,0.0,0.0,0.0,0.0,0.0,0.0,0.0,0.0,0.0,7.210941917871127,1.4315798912197177,3.3831422451603386,2.6349481859130934,9.088375,-12.719084
Redcar and Cleveland,E06000003,136530,133388,131789,350,87,1162,1185,270,215,460,240,1160,175,283,158,208,336,265,182,48,35,532,321,211,55623,4801,8411,6605,4983,6800,7430,4760,5345,6488,58085,46416,21633,7916,2481,,283,1052,4610,537,467,5387,8317,2676,2815,1109,854,919,2557,2547,3698,5188,10322,2282,2021,0.9769867428404013,0.008496301179228009,0.001940965355599502,0.00867941111843551,0.003896579506335604,0.9652750311286896,0.0025635391489050026,0.0006372225884421006,0.008510949974364608,0.0011572548157914012,0.0015234746942064015,0.0012817695744525013,0.002072804511828902,0.0024609975829488024,0.0013330403574306014,0.00035157108327840036,0.00025635391489050024,0.0033692228814180035,0.0015747454771845016,0.001977587343441002,0.0017578554163920018,0.0023511316194243024,0.0015454478869113015,0.4254376327547059,0.33996923753021313,0.15844869259503405,0.057979931150662856,0.01817183036695232,0.08631321575607213,0.15121442568721571,0.11874584254714776,0.08958524351437355,0.12225158657389928,0.13357783650648114,0.0855761106017295,0.09609334268198406,0.11664239613109685,0.0,0.0,0.0,0.0,0.0,0.0,0.0,0.0,0.0,0.0,0.0,0.0,0.0,0.0,0.0,0.0,0.0,0.0,-0.7245782068078728,-5.485458167719006,1.5477437485997618,-1.660388916847279,33.30483,-22.480282
Redditch,E07000236,87034,78173,71742,539,53,5839,2283,1330,120,498,335,4995,1042,3148,226,236,343,1054,335,550,169,529,64,465,42692,4719,6675,5027,4125,5060,3832,3569,4678,5007,40480,30616,11431,3547,964,,207,14,7105,210,284,3791,7651,1982,1753,1599,1022,443,1796,2552,1889,3200,5754,1434,2021,0.8981892134108509,0.057391364294413674,0.012110209803065469,0.02623112806489418,0.0060780844267757424,0.8242985499919572,0.006192982052990785,0.0006089574189397247,0.06708872394696326,0.0025966863524599583,0.0027115839786750005,0.011972332651607418,0.036169772732495345,0.003940988579175954,0.0038490704782039205,0.006319369441827332,0.0019417698830342166,0.0057219017855091115,0.0013787715145805088,0.01528138428660064,0.0038490704782039205,0.0007353448077762713,0.0053427396189994715,0.46510559091849163,0.3517705724199738,0.13133947652641498,0.04075418801847554,0.011076131167130087,0.11053593179049939,0.15635247821605922,0.11775039820106811,0.09662231799868828,0.11852337674505763,0.08975920547175115,0.0835988007120772,0.10957556450857303,0.11728192635622599,0.0,0.0,0.0,0.0,0.0,0.0,0.0,0.0,0.0,0.0,0.0,0.0,0.0,0.0,0.0,0.0,0.0,0.0,1.446804983950431,-3.4710334468322603,0.8543061196410411,1.070743127605086,24.231152,-17.741377
Reigate and Banstead,E07000211,150846,127334,115949,1724,278,9383,5541,1268,745,1895,1633,11383,4637,2029,887,950,2880,4415,2878,1000,537,2173,457,1716,75125,13005,18485,11393,7387,6461,6726,4104,2957,4607,81155,49031,15541,3979,1140,,159,167,3093,524,486,7055,8434,3504,2778,4702,6078,1427,6225,4282,4018,7249,11472,3472,2021,0.8441324264481657,0.07546106625299975,0.029268260344987602,0.03673282685652918,0.014405420097317795,0.7686581016400833,0.011428874481259033,0.0018429391564907256,0.06220251117033266,0.005880169179162855,0.006297813664266868,0.030739959959163652,0.013450804131365764,0.01909231931904061,0.019079060763957944,0.006629277541333545,0.003559922039696114,0.012562480940827068,0.004938811768293492,0.008405923922410935,0.01082561022499768,0.0030295798363894305,0.011375840260928364,0.5379990188669239,0.32504010712912507,0.10302560226986462,0.02637789533696618,0.007557376397120241,0.17311148086522463,0.24605657237936773,0.1516539101497504,0.09832945091514143,0.08600332778702163,0.08953078202995009,0.054628951747088185,0.039361064891846924,0.06132445923460898,0.0,0.0,0.0,0.0,0.0,0.0,0.0,0.0,0.0,0.0,0.0,0.0,0.0,0.0,0.0,0.0,0.0,0.0,5.448979565483436,-0.5270374738612486,-2.7706287727181795,0.36421413656924473,16.637396,-1.2828856
Rhondda Cynon Taf,W06000016,237653,229923,226123,516,69,3215,2469,635,524,709,601,3506,958,405,247,894,1002,997,749,116,132,758,198,560,103389,9238,16862,11948,9827,13018,12900,8980,9330,11286,105823,75427,36863,14925,4613,,291,207,10051,825,1095,11728,14265,4282,4331,2538,2890,1221,3464,4293,9811,9859,18339,3904,2021,0.9674735854375918,0.014752601481992653,0.004195192149899223,0.010389096708225859,0.0031895242222904825,0.9514838861701724,0.002171232847891674,0.00029033927617156107,0.01352812714335607,0.001039330452382255,0.003761787143440226,0.00403108734162834,0.0017041653166591628,0.004216231227882669,0.003151653881920279,0.0004881066092159577,0.0005554316587629863,0.0029833412580527073,0.0022048953726651883,0.0026719629038976997,0.0025288971736102638,0.0008331474881444796,0.002356376734146003,0.4452836698884508,0.31738290701148314,0.15511270634075733,0.06280164778058767,0.019410653347527698,0.08935186528547524,0.1630927854994245,0.11556355124819855,0.09504879629360957,0.1259128147094952,0.12477149406609987,0.08685643540415325,0.09024170849896991,0.10916054899457389,0.0,0.0,0.0,0.0,0.0,0.0,0.0,0.0,0.0,0.0,0.0,0.0,0.0,0.0,0.0,0.0,0.0,0.0,-0.33238955881553195,-5.075916469256827,1.531994518551238,-2.6393428871632647,33.545097,-24.086802
Ribble Valley,E07000124,61565,59256,57916,340,7,993,736,125,123,323,165,1265,385,581,24,139,136,125,76,35,14,183,51,132,30385,5125,6818,3989,2681,3772,2522,1645,1662,2171,32360,19764,7117,1855,465,,860,42,3289,122,186,2763,4455,794,1433,897,621,497,2079,1166,1814,3506,4503,1356,2021,0.9624949240639974,0.020547388938520265,0.0020303744010395515,0.01195484447332088,0.0029724681231219035,0.9407293104848534,0.00552261837082758,0.00011370096645821489,0.0161292942418582,0.00038983188499959394,0.0022577763339559813,0.0062535531552018195,0.009437180216031836,0.0022090473483310324,0.0012344676358320473,0.0005685048322910744,0.00022740193291642978,0.005246487452286202,0.0019978884106229187,0.0020303744010395515,0.0026800942093722084,0.0008283927556241371,0.0021440753674977667,0.5256233249411192,0.3210265572971656,0.11560139689758792,0.030130756111426946,0.007552992771867132,0.16866875102846798,0.22438703307553068,0.13128188250781636,0.08823432614777028,0.12414020075695244,0.08300148099391147,0.05413855520816192,0.05469804179693928,0.07144972848444957,0.0,0.0,0.0,0.0,0.0,0.0,0.0,0.0,0.0,0.0,0.0,0.0,0.0,0.0,0.0,0.0,0.0,0.0,2.6660234893122614,-2.9270708280328113,-3.6303578019420026,-0.3513150471213239,24.909863,-3.746957
Richmond upon Thames,E09000027,195277,157111,123093,4866,85,29067,10662,1654,1205,4238,3565,17467,7236,1749,916,2777,4789,3687,2260,936,491,6350,1721,4629,97566,23031,30417,17549,6935,4478,5468,3749,2187,3752,115959,57054,16331,4574,1360,,89,393,3660,622,250,4871,9182,3101,3401,11167,7219,2419,14066,4377,4230,11563,10026,6929,2021,0.8045545558360687,0.08944729794087374,0.018880871787256052,0.054599363980397074,0.03251791045540437,0.6303507325491481,0.02491844917732247,0.00043527911633218456,0.14885009499326599,0.0046907725948268355,0.014220824777111488,0.03705505512681985,0.008956507934882244,0.024524137507233316,0.01157330356365573,0.004793191210434408,0.002514377013165913,0.021702504647244682,0.0061707215903562635,0.008470019510746274,0.018256118232049857,0.008813121873031642,0.02370478858237273,0.5938180123619269,0.292169584743723,0.0836299205743636,0.02342313738945191,0.006964465861314953,0.23605559313695346,0.3117581944529857,0.17986798679867988,0.07108008937539717,0.04589713629748068,0.056044113728143004,0.038425271098538424,0.022415595596826765,0.03845601951499498,0.0,0.0,0.0,0.0,0.0,0.0,0.0,0.0,0.0,0.0,0.0,0.0,0.0,0.0,0.0,0.0,0.0,0.0,9.736177947975374,2.540996749658503,-4.4261811143093315,-1.9519339935050957,12.023882,-1.453908
Rochdale,E08000005,223771,165485,156669,1735,194,6887,5284,1303,1210,1736,1035,41406,1190,30525,5170,867,3654,7927,6476,440,1011,3669,815,2854,94459,9745,15229,10969,9242,10016,10293,7893,8665,12407,104957,73713,30753,11214,3136,,177,59,8089,350,666,8268,18286,6181,3935,2812,2461,1485,4039,4665,5081,9265,15278,3365,2021,0.7395283571150864,0.18503738196638528,0.03542460819319751,0.02361342622591846,0.016396226499412345,0.7001309374315706,0.007753462244884279,0.0008669577380446975,0.03077699970058676,0.023103976833459206,0.0038744966952822305,0.005317936640583454,0.13641177811244531,0.016329193684615075,0.02894030057514155,0.0019662959007199325,0.004518011717336026,0.007757931099204097,0.005407313726979814,0.005822917178722891,0.004625264221011659,0.003642116270651693,0.012754110228760652,0.46903754284514076,0.32941265847674633,0.13743067689736382,0.05011373234243937,0.014014327146949336,0.10316645317015848,0.1612233879249198,0.11612445611323431,0.09784139150319186,0.10603542277601923,0.10896791200414994,0.08356006309615813,0.09173292116156216,0.1313479922506061,0.0,0.0,0.0,0.0,0.0,0.0,0.0,0.0,0.0,0.0,0.0,0.0,0.0,0.0,0.0,0.0,0.0,0.0,2.1169458169433715,-2.9758724252148583,2.7177617756962555,0.01762924708409847,20.974503,-22.274355
Rochford,E07000075,85662,82116,80339,462,104,1211,1432,431,198,493,310,1185,439,97,77,266,306,633,402,140,91,296,36,260,40658,5903,7360,6021,5392,4730,3317,2677,2329,2929,41866,29571,10588,2837,799,,192,28,2568,161,297,5010,5362,1922,1271,1426,4133,661,2769,2019,2532,3624,4853,1832,2021,0.9586047488968271,0.013833438397422428,0.007389507599635778,0.01671686395367841,0.0034554411524363193,0.937860428194532,0.005393289906843174,0.0012140739184235718,0.01413695687702832,0.000898881651140529,0.0031052275221218274,0.00512479279026873,0.0011323574046835235,0.0035721790292078167,0.004692862646214191,0.001634330274800962,0.0010623146786206252,0.0057551773248348155,0.002311409960075646,0.005031402488851533,0.0036188741799164158,0.0004202563563773902,0.003035184796058929,0.48873479489155053,0.3452055754009946,0.12360206392566132,0.033118535640073776,0.009327356354042632,0.14518667912833882,0.18102218505583156,0.1480889369865709,0.1326184268778592,0.11633626838506567,0.0815829603030154,0.06584190073294309,0.057282699591716266,0.07203994293865906,0.0,0.0,0.0,0.0,0.0,0.0,0.0,0.0,0.0,0.0,0.0,0.0,0.0,0.0,0.0,0.0,0.0,0.0,1.9289786892971175,-2.86042764392784,-2.7061308261795967,0.7747911535602103,25.103914,-5.55939
Rossendale,E07000125,70868,65510,64073,509,28,900,1043,265,153,425,200,3876,226,1632,1587,209,222,172,89,58,25,267,77,190,33116,4316,6256,4366,2762,3993,3508,2598,2448,2869,33310,23556,9673,3430,904,,164,48,3447,121,233,3173,5450,1301,1217,1156,618,495,1664,1528,1947,3667,5540,1339,2021,0.9243946492069763,0.0546932324885703,0.0024270474685330473,0.01471750296325563,0.003767567872664672,0.9041175142518485,0.007182367217926286,0.0003951007506914263,0.012699666986510132,0.0223937461195462,0.002949144889089575,0.0031890274877236554,0.023028729468871707,0.0031325845233391657,0.0012558559575548908,0.0008184229835750974,0.0003527685274030592,0.005997064965852007,0.002158943387706722,0.0037393463904724276,0.0028221482192244737,0.0010865270644014225,0.00268104080826325,0.4700287859118361,0.3323926172602585,0.13649319862279166,0.04839984195969972,0.012756109950894622,0.13032974996980312,0.188911704312115,0.13183959415388333,0.08340379272859041,0.120576156540645,0.10593066795506703,0.07845150380480734,0.07392197125256673,0.08663485928252204,0.0,0.0,0.0,0.0,0.0,0.0,0.0,0.0,0.0,0.0,0.0,0.0,0.0,0.0,0.0,0.0,0.0,0.0,1.3972103506665037,-3.8498216527394873,-0.5918257740189211,-1.1455382856554486,28.466679,-12.951804
Rother,E07000064,93114,88993,85362,782,168,2681,1702,421,265,568,448,1390,427,27,118,265,553,561,344,163,54,468,126,342,37934,5866,6478,4725,3745,5289,4322,2671,1827,3011,39362,33607,14561,4365,1215,,705,25,1717,157,211,4306,5274,1236,1968,1164,1895,671,2403,2175,2094,3522,6392,2018,2021,0.9557424232661039,0.01492793779667934,0.006024872736645402,0.01827866915823614,0.005026097042335202,0.9167472130936272,0.00839830745108147,0.0018042399639152007,0.02879266275748008,0.0012672637841785338,0.0028459737526043347,0.004585776574951135,0.00028996713705780014,0.005938956547887536,0.003694396116588268,0.001750542345941534,0.0005799342741156003,0.006100049401808536,0.0028459737526043347,0.004521339433382735,0.0048113065704405355,0.0013531799729364006,0.0036729170693988013,0.42272912773589366,0.3609231694482033,0.15637820306291214,0.046878020491011016,0.013048521167601005,0.15463700110718617,0.17077028523224547,0.12455844361259029,0.09872409975220119,0.1394263721199979,0.11393472873938947,0.07041176780724416,0.048162598196868245,0.07937470343227711,0.0,0.0,0.0,0.0,0.0,0.0,0.0,0.0,0.0,0.0,0.0,0.0,0.0,0.0,0.0,0.0,0.0,0.0,1.0197864346298338,-4.128776114730034,-0.8754637960178817,0.05578524134712499,32.88634,-9.816405
Rotherham,E08000018,265806,241954,234613,655,227,6459,3854,1183,583,1300,788,14176,1312,10001,123,756,1984,3016,2260,336,420,2806,778,2028,117801,11944,17917,13092,11147,14872,12344,11216,11374,13895,117359,90450,39277,14400,4321,,338,146,12672,681,1266,12912,20010,7011,4894,3694,2819,1001,4313,5654,6856,11147,18268,4122,2021,0.9102653815188521,0.05333212944779275,0.01134662121998751,0.014499296479387223,0.010556571333980422,0.8826474947894329,0.00246420321587925,0.0008540063053505188,0.02429967720818943,0.0004627435046612943,0.0028441795896255164,0.0049359307163871395,0.03762518528550898,0.007464090351609821,0.008502441630361993,0.0012640798176113406,0.0015800997720141759,0.004890785008615306,0.0021933289692482485,0.004450614357839928,0.0029645681436837393,0.0029269467205405445,0.007629624613439877,0.4415212598662182,0.3402857723301957,0.14776566367952568,0.054174849326200314,0.016256216940174414,0.10139132944542066,0.15209548306041545,0.11113657778796444,0.09462568229471736,0.126246806054278,0.10478688635919899,0.09521141586234412,0.09655266084328656,0.11795315829237443,0.0,0.0,0.0,0.0,0.0,0.0,0.0,0.0,0.0,0.0,0.0,0.0,0.0,0.0,0.0,0.0,0.0,0.0,0.23644426842484548,-4.559795525449589,1.6711245758007849,-0.6490398171543186,30.332788,-21.618694
Rugby,E07000220,114363,98013,85684,1071,73,11185,3202,1170,408,987,637,8728,5322,963,299,787,1357,3110,1897,793,420,1310,149,1161,58106,7546,11798,7302,5262,4954,4137,3762,4483,8862,55844,39851,13777,3887,1004,,556,57,5790,608,370,4174,11199,5558,2157,2400,1443,619,3201,2430,2830,5755,6839,2119,2021,0.8570341806353453,0.07631838968897284,0.027194109983123913,0.027998565969762947,0.011454753722794959,0.7492283343389033,0.009364916974895728,0.0006383183372244519,0.09780261098432186,0.0026144819565768647,0.00688159632048827,0.046536030009705937,0.00842055559927599,0.011865725802925772,0.016587532681024458,0.006934060841356033,0.0036725164607434224,0.008630413682747043,0.0035675874190078958,0.01023058156921382,0.0055699832987941905,0.0013028689348827855,0.010151884787912175,0.48830478388989446,0.3484606035168717,0.12046728399919554,0.033988265435499244,0.008779063158539038,0.12986610677038515,0.20304271503803395,0.12566688465907136,0.09055863422021822,0.08525797680101883,0.07119746669879186,0.06474374419164974,0.07715210133204832,0.15251437028878256,0.0,0.0,0.0,0.0,0.0,0.0,0.0,0.0,0.0,0.0,0.0,0.0,0.0,0.0,0.0,0.0,0.0,0.0,3.520940570178213,-1.8613416480377316,0.008828079755001123,1.1500870124148388,21.37619,-15.599627
Runnymede,E07000212,88079,73557,63965,1131,371,8090,3113,574,402,1192,945,8140,4030,837,406,961,1906,1591,1092,358,141,1678,461,1217,42457,7078,9235,6344,4175,4010,3716,2756,1872,3271,46128,29446,9344,2487,674,,113,135,2271,257,237,3607,5722,2882,1905,3417,1455,747,3020,2536,2014,4423,5219,2502,2021,0.8351252852552822,0.09241703470747852,0.018063329511007163,0.03534327138137354,0.019051079144858592,0.7262230497621454,0.012840745240068575,0.004212127748952645,0.09184936250411563,0.004609498291306668,0.010910659748634748,0.045754379591048944,0.009502832684294782,0.02163966439219337,0.01239796092144552,0.004064532976078294,0.0016008356134833502,0.013533305328171302,0.004564084515037637,0.006516876894605979,0.010729004643558623,0.005233937715005847,0.013817141429852745,0.5237116679344679,0.33431351400447323,0.10608658136445691,0.028236015395270157,0.007652221301331759,0.1667098476105236,0.21751419082836754,0.1494217679063523,0.09833478578326306,0.09444850083614009,0.08752384765763008,0.06491273523800552,0.0440916692182679,0.07704265492144993,0.0,0.0,0.0,0.0,0.0,0.0,0.0,0.0,0.0,0.0,0.0,0.0,0.0,0.0,0.0,0.0,0.0,0.0,5.246182614227861,-0.6364767006121819,-2.241071445269788,1.2427413283486457,16.983883,1.7293009
Rushcliffe,E07000176,119077,106827,102479,893,45,3410,3303,1075,291,1226,711,6775,3471,1498,129,900,777,1095,574,398,123,1077,369,708,56978,9946,17011,8403,4947,4264,3644,3103,1975,3685,63235,38139,13096,3629,978,,554,55,3911,546,270,4173,7725,1784,1889,3061,1650,975,5242,2215,3817,8201,8356,2555,2021,0.8971253894538828,0.05689595807754646,0.009195730493714152,0.02773835417418981,0.009044567800666795,0.8606112011555548,0.007499349160627157,0.0003779067326183898,0.028636932405082426,0.0010833326335060508,0.007558134652367795,0.029149205975965133,0.01258009523249662,0.006525189583210864,0.004820410322732349,0.0033423751018248696,0.001032945069156932,0.010295858982003242,0.002443796870932254,0.009027771945883755,0.005970926375370559,0.003098835207470796,0.005945732593195999,0.5310429386027529,0.3202885527851726,0.10997925711934295,0.030476078503825256,0.008213172988906338,0.1745586015655165,0.29855382779318335,0.14747797395485976,0.08682298430973358,0.0748359015760469,0.06395450875776615,0.05445961599213731,0.03466250131629752,0.06467408473445892,0.0,0.0,0.0,0.0,0.0,0.0,0.0,0.0,0.0,0.0,0.0,0.0,0.0,0.0,0.0,0.0,0.0,0.0,4.76934963464053,-1.2087680545961514,-3.6993354244552705,-0.754638855189881,18.336222,-2.7145102
Rushmoor,E07000092,99759,77219,70917,658,190,5454,2578,707,412,829,630,14658,2105,1223,297,507,10526,2531,1448,652,431,2773,180,2593,53014,6008,9262,8137,5072,5452,5980,4017,3118,5968,49428,34814,11769,2965,780,,64,67,2819,210,427,4331,7589,2548,2598,3539,1716,606,2786,4052,5367,4076,8060,2164,2021,0.7740554736915968,0.1469341112080113,0.02537114445814413,0.025842279894545857,0.027796990747701963,0.7108832285808799,0.006595896109624195,0.0019045900620495394,0.054671758939043094,0.0029771749917300696,0.005082248218205876,0.021100853055864635,0.012259545504666246,0.10551428943754448,0.014514981104461753,0.006535751160296314,0.004320412193386061,0.00831002716546878,0.004129953187181106,0.007087079862468549,0.00631521967942742,0.0018043484798364057,0.025992642267865556,0.495474092563077,0.3489810443168035,0.117974318106637,0.029721629126194127,0.007818843412624425,0.11332855472139435,0.1747085675481948,0.15348775795073,0.09567284113630362,0.10284075904478063,0.11280039234919079,0.07577243746934773,0.058814652733240276,0.11257403704681782,0.0,0.0,0.0,0.0,0.0,0.0,0.0,0.0,0.0,0.0,0.0,0.0,0.0,0.0,0.0,0.0,0.0,0.0,3.9928141749959303,-1.3259170582208868,0.5093352986371779,2.1209735080952954,18.6685,-10.270919
Rutland,E06000017,41050,38909,37372,265,86,1186,744,236,93,249,166,634,236,60,19,149,170,552,251,213,88,211,13,198,18783,3426,3567,3063,1583,1897,1577,1051,1021,1598,20666,14063,4869,1169,282,,433,18,1607,69,141,1407,2609,540,878,671,442,284,1329,871,2232,2458,1937,859,2021,0.9478440925700365,0.015444579780755177,0.013447015834348356,0.01812423873325213,0.005140073081607795,0.9104019488428745,0.006455542021924482,0.002095006090133983,0.028891595615103533,0.0004628501827040195,0.0036297198538367843,0.005749086479902558,0.00146163215590743,0.0041412911084043845,0.006114494518879415,0.005188794153471376,0.002143727161997564,0.006065773447015834,0.0022655298416565163,0.005749086479902558,0.004043848964677223,0.0003166869671132765,0.004823386114494519,0.5034348355663825,0.34258221680876977,0.11861144945188794,0.028477466504263093,0.0068696711327649205,0.18239897779907363,0.1899057658521003,0.16307299153489857,0.08427833679390939,0.10099558111057871,0.08395889900441889,0.05595485279241868,0.054357663844966195,0.08507693126763563,0.0,0.0,0.0,0.0,0.0,0.0,0.0,0.0,0.0,0.0,0.0,0.0,0.0,0.0,0.0,0.0,0.0,0.0,3.163410587388785,-2.5667115530013294,-3.417459997733864,0.8315034732265607,23.24408,-1.7608385
Salford,E08000006,269922,222248,199614,2882,295,19457,8501,2596,2098,1844,1963,14938,3744,4074,803,3319,2998,16473,13477,1338,1658,7762,3214,4548,127607,13594,26141,18314,13174,10448,11882,11281,7786,14987,134447,86140,33249,12406,3681,,116,60,7109,782,992,9743,21810,6344,7030,6666,4866,2342,8898,7887,5852,11956,19611,5539,2021,0.823378605671268,0.05534191358985188,0.06102874163647276,0.0314942835337616,0.028756455568645756,0.7395247515949052,0.010677158586554634,0.0010929083216632952,0.07208378716814487,0.0029749334993072075,0.012296144812205007,0.0138706737501945,0.015093249160868695,0.011106912367276473,0.049929238817139766,0.0049569875741880985,0.006142515245144893,0.0068316032038885305,0.007772615792710487,0.009617593230636998,0.007272471306525589,0.011907143545172309,0.016849312023473447,0.49809574617852564,0.3191292299256822,0.12318002978638273,0.045961425893406245,0.013637272989974882,0.10653020602318054,0.20485553300367534,0.14351877248113348,0.10323885053327796,0.08187638609167208,0.09311401412148236,0.08840424114664557,0.06101546153424185,0.11744653506469081,0.0,0.0,0.0,0.0,0.0,0.0,0.0,0.0,0.0,0.0,0.0,0.0,0.0,0.0,0.0,0.0,0.0,0.0,3.9903535128013288,-1.1970906227506848,1.4638018681501002,-1.4533561505886212,13.908263,-13.633716
Sandwell,E08000028,341832,195624,177929,1591,324,15780,14680,8030,928,3274,2448,88024,44378,22148,11074,1204,9220,29779,12668,13103,4008,13725,2016,11709,141072,11162,19323,14486,13569,15431,14996,12778,17351,21976,153337,116762,49048,17472,5214,,164,45,16278,831,1188,12216,24550,11279,7138,3091,3614,1664,4952,7274,7023,12595,22321,4846,2021,0.5722811205504459,0.25750661143485687,0.08711589318729668,0.04294507243324206,0.04015130239415853,0.5205159259519296,0.0046543331227035505,0.0009478340237309555,0.04616302745208172,0.03239603079875494,0.0035221980388026866,0.129824007114606,0.06479206159750989,0.026972313885183365,0.037059140162418965,0.03833169510168738,0.011725057923190339,0.009577804301528237,0.0027147838704392802,0.023491071637529545,0.007161412623744997,0.005897633925437057,0.03425366846872148,0.44857415338528867,0.3415771490088699,0.1434856888764071,0.051112827353787825,0.015253106789300006,0.0791227174776001,0.1369726097312011,0.10268515368039016,0.09618492684586594,0.10938386072360214,0.10630032891006011,0.09057786095043666,0.12299393217647726,0.15577860950436656,0.0,0.0,0.0,0.0,0.0,0.0,0.0,0.0,0.0,0.0,0.0,0.0,0.0,0.0,0.0,0.0,0.0,0.0,2.923351540690567,-2.0218543744639175,6.144687915984927,1.8318098785322072,14.916483,-18.962137
Sefton,E08000014,279233,267540,256327,2241,47,8925,4056,893,821,1225,1117,4294,1009,262,423,1216,1384,1509,1006,308,195,1834,523,1311,124597,14013,23148,15549,14788,12126,13734,10716,8653,11870,129449,90164,40057,14953,4610,,621,144,7240,513,816,10299,18935,6305,5867,3406,4877,1910,6546,5406,12101,12152,21836,5631,2021,0.9581245769661896,0.01537783857925102,0.005404089058241683,0.014525503790741065,0.006567991605576705,0.9179681484638277,0.00802555571870087,0.00016831821453768,0.03196255456912328,0.00151486393083912,0.004354786146336572,0.003613469754649343,0.0009382845150823864,0.004956434232343598,0.003602726038827789,0.0011030214910128816,0.0006983415284010127,0.004387017293801234,0.002940196896498623,0.00319804607621592,0.004000243524225289,0.0018729877915575881,0.0046950038140191165,0.46358775646144973,0.3228987977781996,0.14345367488799676,0.05355026089323253,0.01650950997912138,0.11246659229355442,0.1857829642768285,0.12479433694230198,0.11868664574588474,0.0973217653715579,0.1102273730507155,0.08600528102602792,0.06944790002969574,0.0952671412634333,0.0,0.0,0.0,0.0,0.0,0.0,0.0,0.0,0.0,0.0,0.0,0.0,0.0,0.0,0.0,0.0,0.0,0.0,0.9869312765365236,-3.690481119065472,0.27053346872973144,-2.0179493509863846,35.62615,-23.922703
Sevenoaks,E07000111,120515,111005,103116,1085,460,6344,3181,655,337,1347,842,3484,1326,252,236,765,905,1932,1332,370,230,913,158,755,56382,10668,12361,8215,5812,5892,4078,3208,2463,3685,63410,38931,13407,3660,1107,,400,81,2389,261,296,6115,7062,2019,2019,2971,5161,1303,5384,3381,2942,5518,6191,2893,2021,0.9210886611625109,0.0289092644069203,0.016031199435754886,0.02639505455752396,0.007575820437289964,0.8556279301331784,0.009003028668630461,0.003816952246608306,0.05264075011409368,0.0019582624569555655,0.006347757540555118,0.011002779736962204,0.002091026013359333,0.00750943865908808,0.011052566070613617,0.003070157241837116,0.001908476123304153,0.011177031904742148,0.002796332406754346,0.005435008090279218,0.006986682155748247,0.0013110401194872008,0.0062647803178027634,0.5261585694726798,0.32303862589719123,0.11124756254408165,0.03036966352736174,0.009185578558685641,0.18920932212408215,0.21923663580575362,0.14570252917597815,0.10308254407434997,0.1045014366287113,0.07232804795856834,0.05689759142988897,0.04368415451739917,0.06535773828526835,0.0,0.0,0.0,0.0,0.0,0.0,0.0,0.0,0.0,0.0,0.0,0.0,0.0,0.0,0.0,0.0,0.0,0.0,4.168302061893248,-1.5906791664012454,-3.6716755949594573,0.5153854189797169,19.141775,1.7645502
Sheffield,E08000019,556523,440216,414698,2750,341,22427,19704,7524,2431,5214,4535,53560,6798,27671,4258,7393,7440,25512,18237,4647,2628,17531,8956,8575,242010,22723,56141,29427,21533,23579,23309,21710,16095,27493,259654,187759,75541,25998,7570,,459,189,17290,875,1420,18755,35670,11389,12079,9861,6739,2714,13227,10843,14052,30497,45900,10050,2021,0.791011332864949,0.096240406955328,0.04584177113973726,0.0354055447843126,0.03150094425567317,0.7451587804996379,0.004941395054651829,0.0006127329867768269,0.04029842432388239,0.007651076415529996,0.013284266777833082,0.012215128575099323,0.049721215475371186,0.013368719711494404,0.03276953513152197,0.008350059206897109,0.004722176801318184,0.009368885023619869,0.0043681932283122175,0.013519656869527405,0.008148809662853107,0.016092776039804284,0.015408168215868885,0.46656472418929673,0.3373786887514083,0.13573742684489232,0.04671505041121391,0.013602312932259763,0.09389281434651461,0.23197801743729599,0.12159414900210735,0.08897566216272054,0.09742985827031941,0.09631420189248378,0.08970703689930168,0.0665055163009793,0.11360274368827734,0.0,0.0,0.0,0.0,0.0,0.0,0.0,0.0,0.0,0.0,0.0,0.0,0.0,0.0,0.0,0.0,0.0,0.0,3.3257542176828685,-1.9610378506847579,2.092000493517326,-0.9988904373658749,14.630217,-14.500671
Shropshire,E06000051,323607,312876,301918,1506,349,9103,3861,1126,400,1259,1076,4324,1614,443,237,909,1121,1117,576,300,241,1429,386,1043,152424,21180,26819,18664,13271,21109,15219,10852,10178,15132,150899,112330,43932,12796,3649,,6448,224,13817,596,1536,14326,22894,5300,7117,4755,2763,2198,8202,7052,9999,14385,24338,6470,2021,0.9668394070585618,0.013361886485768231,0.003451717669889712,0.011931138696010903,0.004415850089769381,0.9329773459783008,0.004653793026726863,0.0010784686363397578,0.028129799417194314,0.0007323698189470562,0.002808962723303266,0.004987531172069825,0.0013689444295086324,0.0034640783419394514,0.0017799367751624657,0.0009270504037304508,0.0007447304909967955,0.0038905215276554585,0.0012360672049739345,0.0034795291820016254,0.0033250207813798837,0.0011928048527998468,0.003223045236969534,0.46630326290840435,0.34711857283680514,0.13575726112228723,0.03954178988711616,0.011276023077374717,0.13895449535506219,0.17594998163018946,0.1224479084658584,0.08706634125859444,0.1384886894452317,0.09984648086915446,0.07119613709127172,0.06677426127119089,0.0992757046134467,0.0,0.0,0.0,0.0,0.0,0.0,0.0,0.0,0.0,0.0,0.0,0.0,0.0,0.0,0.0,0.0,0.0,0.0,1.0815520811249406,-4.099731988585404,-1.2955388267960386,0.11861748305902808,31.5849,-11.589618
Slough,E06000039,158500,57134,38101,1143,237,17653,6311,1854,824,1945,1688,74093,30209,34317,910,594,8063,11992,7815,2771,1406,8970,1826,7144,73701,7303,13888,8098,6736,6230,6884,6122,7650,10790,81941,53816,16804,4625,1314,,117,72,4500,317,610,5568,10593,8966,4216,6291,1882,775,3490,5840,2458,5984,9782,2238,2021,0.36046687697160884,0.46746372239747636,0.07565930599369085,0.03981703470031546,0.05659305993690852,0.24038485804416404,0.0072113564668769715,0.0014952681388012618,0.11137539432176656,0.005741324921135647,0.0037476340694006308,0.1905930599369085,0.21651104100946372,0.050870662460567824,0.049305993690851736,0.017482649842271294,0.008870662460567823,0.012271293375394322,0.0051987381703470035,0.011697160883280757,0.010649842271293375,0.0115205047318612,0.04507255520504732,0.5169779179810725,0.33953312302839117,0.10601892744479495,0.02917981072555205,0.008290220820189275,0.09908956459206796,0.1884370632691551,0.10987639245057733,0.09139631755335749,0.08453073906731252,0.09340443141884099,0.08306535867898672,0.10379777750641105,0.14640235546329086,0.0,0.0,0.0,0.0,0.0,0.0,0.0,0.0,0.0,0.0,0.0,0.0,0.0,0.0,0.0,0.0,0.0,0.0,6.019485226436483,0.25491491905186264,4.942727334154139,4.308744268790295,9.774549,-12.752383
Solihull,E08000029,216240,177668,168398,3919,74,5277,7496,3695,423,2073,1305,23845,11344,7608,1077,1758,2058,3955,1346,2033,576,3276,888,2388,97939,14975,23824,12966,10523,8318,7498,6395,5550,7890,106508,72191,26816,8293,2432,,223,28,9501,1238,693,8487,13196,4457,3918,5171,4682,1709,6974,4891,5027,10647,13480,3622,2021,0.8216241213466519,0.11027099519052905,0.018289863115057342,0.03466518682944876,0.015149833518312986,0.7787550869404366,0.018123381428042915,0.00034221235664076954,0.02440344062153163,0.004980577136514983,0.008129855715871255,0.052460229374768776,0.035183129855715874,0.009517203107658157,0.00622456529781724,0.00940159082500925,0.0026637069922308544,0.009586570477247503,0.001956159822419534,0.017087495375508695,0.00603496115427303,0.004106548279689234,0.011043285238623751,0.4925453200147984,0.3338466518682945,0.12401035886052535,0.03835090640029597,0.011246762856085831,0.15290129570446911,0.24325345368035206,0.13238852755286454,0.10744442969603529,0.08493041587110345,0.07655785744187708,0.06529574531085676,0.056667925953910084,0.08056034878853163,0.0,0.0,0.0,0.0,0.0,0.0,0.0,0.0,0.0,0.0,0.0,0.0,0.0,0.0,0.0,0.0,0.0,0.0,4.029767028624873,-1.259631777933858,-0.9204849875058708,-0.008310607965342822,17.540773,-6.1424727
Somerset,E06000066,571547,550847,521829,2631,809,25578,7137,1561,1215,2448,1913,8658,2947,331,683,1663,3034,2436,1658,457,321,2469,377,2092,269043,34087,43760,31903,23393,36698,29345,19960,20617,29280,262885,200991,78445,22945,6282,,6656,537,24986,2046,2694,26887,43613,10176,13837,7408,4447,3691,14676,13355,15526,25197,40856,12459,2021,0.9637825060756158,0.015148360502285902,0.004262116676318833,0.012487162035668107,0.00431985471011133,0.9130115283607473,0.004603295966910858,0.00141545664660999,0.04475222510134774,0.0011950023357659126,0.0029096469756642934,0.005156181381408703,0.0005791299753126164,0.005308399834134375,0.0029008987887260366,0.000799584286156694,0.0005616336014361024,0.00428311232497065,0.0021258094259964623,0.0027311839621238496,0.0033470563225771457,0.0006596132951445813,0.0036602414149667483,0.4599534246527407,0.3516613681814444,0.1372503048743148,0.04014542985966159,0.010991222069226153,0.12669721940358977,0.1626505800188074,0.1185795579145341,0.08694892637979802,0.136401987786339,0.10907178406425738,0.0741888843047394,0.07663087313180421,0.10883018699613073,0.0,0.0,0.0,0.0,0.0,0.0,0.0,0.0,0.0,0.0,0.0,0.0,0.0,0.0,0.0,0.0,0.0,0.0,0.9001455936758102,-4.2423966069676124,-0.6358360177618296,0.4256772460238076,32.945408,-12.417184
South Cambridgeshire,E07000012,162117,144285,128985,1447,478,13375,4591,788,600,1832,1371,9399,4205,857,420,1956,1961,2019,1431,341,247,1823,414,1409,82267,12816,26002,11201,6957,7037,5938,3902,3129,5285,84637,54501,17419,4313,1246,,1015,49,6735,211,343,5882,8432,2125,2747,7224,1648,1095,9933,3504,3053,13102,11677,3493,2021,0.8900053664945687,0.05797664649604915,0.012453968430207813,0.028319053523072842,0.011244965056101458,0.7956290826995318,0.008925652460877022,0.002948487820524683,0.08250214351363522,0.00259072151594219,0.012065360202816485,0.025938057082230733,0.0052863055694344204,0.01209620212562532,0.008826958307888747,0.0021034191355625877,0.0015235909867564784,0.011300480517157362,0.0037010307370602714,0.0048606870346724895,0.00845685523418272,0.0025537112085715873,0.00869125384752987,0.5220735641542836,0.3361831270008697,0.10744709068142144,0.026604242614901585,0.0076858071639618305,0.1557854303669758,0.3160684113921743,0.13615422952095008,0.0845661079169047,0.08553855130246636,0.07217961029331324,0.047430926130769324,0.03803469191777991,0.06424204115866629,0.0,0.0,0.0,0.0,0.0,0.0,0.0,0.0,0.0,0.0,0.0,0.0,0.0,0.0,0.0,0.0,0.0,0.0,5.2010193902037845,-0.9498144069666348,-3.5371431448502433,0.35160938214761306,17.389706,0.7649634
South Derbyshire,E07000039,107206,99836,96634,437,72,2693,1934,786,189,616,343,3841,2630,401,29,287,494,855,465,294,96,740,88,652,53905,7651,10303,6889,5007,5736,4688,3607,4674,5350,51669,36956,13642,3853,1088,,608,100,7553,359,431,4842,8412,3716,2119,1630,862,622,2952,2369,2353,5158,7630,2188,2021,0.931253847732403,0.035828218569856164,0.007975299889931533,0.018040035072663843,0.006902598735145421,0.9013861164487063,0.0040762643881872285,0.0006716042012573923,0.025119862694252187,0.0002705072477286719,0.0026770889689009944,0.02453220901815197,0.003740462287558532,0.004607951047515997,0.004337443799787326,0.0027423838218010184,0.0008954722683431897,0.005745947055202134,0.0017629610283006547,0.007331679197059866,0.0031994477921011883,0.0008208495793145906,0.00608174915583083,0.48195996492733617,0.34471951196761375,0.12725034046601869,0.03594015260339906,0.010148685707889484,0.14193488544661906,0.19113254800111307,0.12779890548186626,0.09288563213060012,0.10640942398664317,0.08696781374640572,0.06691401539745849,0.0867080975790743,0.09924867823021984,0.0,0.0,0.0,0.0,0.0,0.0,0.0,0.0,0.0,0.0,0.0,0.0,0.0,0.0,0.0,0.0,0.0,0.0,1.9167641663683668,-3.3744103856261822,-1.3306591091027948,0.5216262883952225,27.605234,-9.519575
South Gloucestershire,E06000025,290424,264856,249160,1327,443,13926,7289,2711,905,1953,1720,11094,4867,1352,581,2113,2181,4534,2787,1219,528,2651,751,1900,147612,17918,31300,19437,17372,16114,12405,10669,8855,13542,144395,99207,34595,9529,2698,,782,191,10680,996,1179,14447,22013,7297,5463,7264,7394,2093,9239,7287,11824,13387,20512,5567,2021,0.9119631986337218,0.03819932237005206,0.015611657438779165,0.025097788061592706,0.009128033495854337,0.8579180783957249,0.004569181610335234,0.001525356031181996,0.04795058259647963,0.002000523372724017,0.007275569512161529,0.016758256893369693,0.0046552626504696585,0.007509709941327163,0.009596314354185604,0.004197311516954521,0.001818031567639038,0.006724650855301215,0.0031161336528661545,0.009334627992176955,0.005922375561248382,0.0025858744456381017,0.006542159050216235,0.497186871608407,0.3415936699446327,0.11911894333801615,0.03281064925763711,0.009289865851307054,0.12138579519280275,0.21204238137820774,0.13167628648077392,0.11768690892339376,0.10916456656640382,0.08403788309893505,0.072277321626968,0.05998834783079966,0.09174050890171531,0.0,0.0,0.0,0.0,0.0,0.0,0.0,0.0,0.0,0.0,0.0,0.0,0.0,0.0,0.0,0.0,0.0,0.0,2.7052764030729923,-2.3094428709958112,-1.40640634990647,0.7361548473081425,22.12802,-6.794816
South Hams,E07000044,88628,86427,83481,456,81,2409,1048,210,107,413,318,614,175,35,34,158,212,149,71,61,17,390,147,243,40582,6738,8286,5137,3261,6131,3274,2680,1729,3346,43499,29405,11292,3413,1018,,1395,99,2339,177,211,4061,5631,1247,2669,1220,633,813,2844,2069,2521,4392,6106,2153,2021,0.9751658618043959,0.006927833190413865,0.0016811842758496186,0.011824705510673827,0.004400415218666787,0.9419258022295437,0.005145100871056551,0.0009139323915692558,0.027181026312226384,0.0003836259421401814,0.0017827323193573138,0.0019745452904274046,0.0003949090580854809,0.0023920205804034843,0.0008011012321162612,0.0006882700726632667,0.0001918129710700907,0.004659926885408674,0.0012072934061470415,0.0023694543485128852,0.0035880308706052262,0.0016586180439590197,0.002741797174707767,0.4908042605045809,0.3317800243715304,0.12740894525432142,0.03850927472130704,0.011486212032314844,0.16603420235572422,0.2041791927455522,0.12658321423291113,0.08035582277857178,0.15107683209304618,0.08067616184515303,0.06603913064905623,0.04260509585530531,0.08245034744467991,0.0,0.0,0.0,0.0,0.0,0.0,0.0,0.0,0.0,0.0,0.0,0.0,0.0,0.0,0.0,0.0,0.0,0.0,1.8732748157567458,-3.5904011957602013,-2.68959785347204,-0.550426386506624,27.634764,-5.8395796
South Holland,E07000140,95122,91623,80244,274,168,10937,1225,327,219,343,336,1176,467,66,66,205,372,517,324,118,75,581,50,531,45236,5190,4964,4162,4082,5993,4130,3254,6976,6485,39386,35883,14451,4268,1134,,2185,35,6565,153,354,4101,9338,3247,1919,829,723,458,1657,2658,1594,3157,4863,1402,2021,0.9632156598894052,0.012363070583040727,0.005435125417884401,0.012878198524000756,0.00610794558566893,0.8435903366203402,0.0028805113433275163,0.0017661529404343894,0.11497865898530309,0.0006938457980277959,0.0021551270999348206,0.004909484661802737,0.0006938457980277959,0.0039107672252475766,0.0034061520994091796,0.001240512184352726,0.0007884611341224953,0.003605895586720212,0.0023023065116376863,0.0034376905447740798,0.003532305880868779,0.0005256407560816636,0.005582304829587267,0.414057736380648,0.3772313450095667,0.1519206913227224,0.0448686949391308,0.01192153234793213,0.1147316296754797,0.10973560880714475,0.09200636661066407,0.09023786364842161,0.1324829781589884,0.09129896542576708,0.07193385798921213,0.15421345830754266,0.14335927137677956,0.0,0.0,0.0,0.0,0.0,0.0,0.0,0.0,0.0,0.0,0.0,0.0,0.0,0.0,0.0,0.0,0.0,0.0,-0.06685291209656277,-5.0051831184362605,1.5093235091363024,1.8442498388461641,26.50814,-21.266617
South Kesteven,E07000141,143405,137421,129741,681,107,6892,1951,531,318,590,512,2529,865,236,67,504,857,875,552,222,101,629,97,532,68194,9865,11819,8785,6339,7790,6337,4913,5193,7153,65973,51176,19418,5456,1381,,1385,104,6712,347,665,6328,11397,2838,3028,2451,2089,906,3736,3249,4107,7042,8764,3041,2021,0.958272026777309,0.017635368362330463,0.006101600362609393,0.013604825494229629,0.004386179003521495,0.9047174087374917,0.004748788396499425,0.0007461385586276629,0.048059691084690215,0.0004672082563369478,0.0035145218088630105,0.006031867787036714,0.001645688783515219,0.005976081726578571,0.0038492381716118684,0.0015480631777134689,0.0007042990132840556,0.004114221958788048,0.002217495903211185,0.0037027997629092433,0.0035703078693211533,0.0006764059830549841,0.003709773020466511,0.4600467208256337,0.3568634287507409,0.13540671524702766,0.03804609323245354,0.009630068686586939,0.14466082060005278,0.17331436783294718,0.12882365017450215,0.09295539196996803,0.11423292371762912,0.09292606387658739,0.07204446138956506,0.07615039446285597,0.10489192597589231,0.0,0.0,0.0,0.0,0.0,0.0,0.0,0.0,0.0,0.0,0.0,0.0,0.0,0.0,0.0,0.0,0.0,0.0,1.4501141029695461,-3.726478603071211,-1.207149059187927,0.5793264528831394,29.212536,-9.714355
South Norfolk,E07000149,141948,135474,130292,519,150,4513,2094,391,369,745,589,2562,977,133,150,552,750,1164,866,163,135,654,145,509,67749,9422,14379,8817,6436,8206,6212,4541,4116,5620,66743,50340,18701,4877,1287,,1823,199,5067,324,456,6247,9178,2320,2646,2112,3056,1248,4483,3225,3664,7219,11439,3034,2021,0.9543917490912165,0.018048862963902273,0.008200185983599628,0.014751880970496237,0.004607320990785358,0.9178854228308958,0.003656268492687463,0.00105672499788655,0.03179333276974667,0.00105672499788655,0.003888747992222504,0.006882802152901062,0.0009369628314594077,0.00528362498943275,0.006100825654465015,0.0011483078310367176,0.000951052498097895,0.005248400822836532,0.002599543494800913,0.002754529827824274,0.0041494068250345194,0.0010215008312903318,0.0035858201594950265,0.47019331022628,0.35463690929072617,0.1317454279031758,0.034357652097951365,0.0090667004818666,0.13907216342676645,0.21223929504494532,0.13014214231944382,0.09499771214335267,0.12112355901932131,0.09169139027882331,0.0670268195840529,0.0607536642607271,0.08295325392256712,0.0,0.0,0.0,0.0,0.0,0.0,0.0,0.0,0.0,0.0,0.0,0.0,0.0,0.0,0.0,0.0,0.0,0.0,1.8681504876615325,-3.4199766182987688,-2.034412101089958,0.5497846293610016,28.454529,-7.7638516
South Oxfordshire,E07000179,149088,138785,127890,1313,106,9476,3402,791,396,1289,926,4263,1645,436,249,672,1261,1467,900,345,222,1171,209,962,76476,13483,18786,11387,6773,7522,5575,4061,3325,5564,79641,49194,15408,3831,1011,,853,133,5119,455,784,6317,9464,2437,2944,6076,1993,1353,8642,4008,4708,8454,8961,3782,2021,0.9308931637690492,0.028593850611719252,0.009839826142949131,0.02281873792659369,0.007854421549688774,0.8578155183515775,0.008806879158617728,0.0007109894827216141,0.06355977677613221,0.0016701545396007728,0.004507405022537025,0.011033751878085427,0.0029244473062889033,0.008458091865207126,0.006036703155183515,0.002314069542820348,0.0014890534449452672,0.008645900407812835,0.002656149388280747,0.00530559132861129,0.006211096801888818,0.0014018566215926165,0.006452564928096158,0.5341878622021893,0.329966194462331,0.10334835801674179,0.025696233097231166,0.00678122987765615,0.17630367697055285,0.2456456927663581,0.1488963857942361,0.08856373241278309,0.09835765468905278,0.07289868716983106,0.05310162665411371,0.043477692347926145,0.07275485119514619,0.0,0.0,0.0,0.0,0.0,0.0,0.0,0.0,0.0,0.0,0.0,0.0,0.0,0.0,0.0,0.0,0.0,0.0,4.318983662914432,-1.5391470754793748,-3.8157075615542,0.13183248324079588,19.53385,-2.1517782
South Ribble,E07000126,111035,105919,103089,617,25,2188,1908,750,237,632,289,2307,1165,422,59,327,334,539,266,209,64,362,96,266,54711,6556,10836,7565,6042,6115,5029,4207,3791,4570,53172,37823,14535,4318,1187,,451,30,5309,411,485,4891,8492,2494,1788,1633,1190,947,2663,2442,5802,5382,8195,2113,2021,0.9539244382401946,0.020777232404196874,0.004854325212770748,0.017183770883054894,0.003260233259782951,0.9284369793308416,0.005556806412392489,0.00022515423064799387,0.019705498266312425,0.0005313639843292655,0.00294501733687576,0.010492187148196514,0.0038006034133381368,0.003008060521457198,0.0023956410140946547,0.0018822893682172287,0.0005763948304588644,0.005691898950781285,0.002134462106542982,0.0067546269194398165,0.002602782906290809,0.0008645922456882965,0.0023956410140946547,0.4788760300806052,0.3406403386319629,0.13090466969874365,0.038888638717521504,0.010690322871166748,0.11982965034453766,0.1980588912650107,0.1382720111129389,0.11043483029006963,0.11176911407212443,0.09191935808155581,0.07689495713841824,0.06929136736670871,0.08352982032863593,0.0,0.0,0.0,0.0,0.0,0.0,0.0,0.0,0.0,0.0,0.0,0.0,0.0,0.0,0.0,0.0,0.0,0.0,1.5717041947559438,-3.318632325422184,-1.3802001007242426,-0.12880629115696005,27.155348,-10.405123
South Staffordshire,E07000196,110475,103570,101832,483,192,1063,2242,1174,120,615,333,3108,2121,435,59,189,304,1031,307,547,177,524,60,464,50699,7795,9821,6626,5573,6343,4038,3345,3039,4119,49718,39468,15421,4538,1327,,540,40,4980,291,557,5970,7691,2138,1852,1391,1628,892,2716,2263,3492,5472,6694,2092,2021,0.9374971713057253,0.02813306177868296,0.009332428151165422,0.02029418420457117,0.004743154559855171,0.921765105227427,0.004372029871011541,0.0017379497623896808,0.009622086444897036,0.0005340574790676624,0.0017107942973523423,0.019198913781398506,0.003937542430414121,0.002751753790450328,0.002778909255487667,0.004951346458474768,0.0016021724372029872,0.005566870332654446,0.0010862186014935506,0.01062683865127857,0.0030142566191446027,0.0005431093007467753,0.004200045259108396,0.4500384702421362,0.3572572980312288,0.13958814211360035,0.04107716677981444,0.012011767368182847,0.15375056707232884,0.19371190753269296,0.13069291307520858,0.1099232726483757,0.125110948933904,0.07964654135190043,0.06597763269492495,0.059942010690546166,0.08124420600011835,0.0,0.0,0.0,0.0,0.0,0.0,0.0,0.0,0.0,0.0,0.0,0.0,0.0,0.0,0.0,0.0,0.0,0.0,1.4918293643833793,-3.537920076573668,-1.6645160854449272,0.8815621846095796,29.658913,-5.393776
South Tyneside,E08000023,147777,139483,137429,353,56,1645,1995,266,401,655,673,4317,703,495,2185,299,635,786,606,78,102,1196,514,682,62510,5586,10192,7793,6794,7005,6809,6132,5662,6537,64656,48869,22930,8709,2614,,61,511,5961,714,448,5323,8724,3339,2965,1970,1625,780,2451,2882,5754,5951,10661,2397,2021,0.9438748925746225,0.029212935707180414,0.005318824986296921,0.013500071053005542,0.00809327567889455,0.9299755712999993,0.0023887343767974717,0.0003789493628913836,0.011131637534934395,0.014785792105672737,0.0020233189197236376,0.00475716789486862,0.0033496416898434805,0.004297015097071939,0.004100773462717473,0.0005278223268844272,0.0006902291966950202,0.004432354155247433,0.002713548116418658,0.0018000094737340724,0.004554159307605378,0.0034782137951102,0.0046150618837843506,0.4375241072697375,0.3306942216989112,0.15516623019820405,0.05893339288251893,0.017688814903537086,0.08936170212765958,0.16304591265397536,0.12466805311150216,0.10868661014237722,0.11206207006878899,0.10892657174852023,0.09809630459126539,0.09057750759878419,0.10457526795712686,0.0,0.0,0.0,0.0,0.0,0.0,0.0,0.0,0.0,0.0,0.0,0.0,0.0,0.0,0.0,0.0,0.0,0.0,0.001425727396511109,-4.579314269183588,1.4559558458886823,-1.9050201429840186,32.184433,-23.997946
Southampton,E06000045,248920,200829,169481,1643,340,29365,8309,2173,1535,2444,2157,26414,9169,4248,2064,4149,6784,7539,5627,1103,809,5829,1311,4518,118228,10223,23404,14011,9892,12153,12651,9903,10307,15684,118703,87353,30497,9536,2833,,219,155,7693,654,774,10594,18430,8511,6380,4169,3461,1364,6171,6767,5288,11874,21202,4523,2021,0.8068013819701109,0.10611441426964487,0.03028683914510686,0.033380202474690666,0.02341716214044673,0.6808653382612888,0.006600514221436606,0.0013659006909850554,0.11796962879640045,0.008291820665273984,0.016668005784991162,0.03683512775188816,0.017065723927366223,0.027253736140125343,0.022605656435802667,0.004431142535754459,0.003250040173549735,0.009818415555198457,0.006166639884300177,0.008729712357383899,0.00866543467780813,0.005266752370239434,0.018150409770207297,0.4768720874176442,0.35092800899887516,0.122517274626386,0.03830949702715732,0.0113811666398843,0.08646851845586494,0.19795649084819164,0.11850830598504584,0.08366884325202152,0.10279290861724803,0.10700510877287953,0.08376188381770816,0.08717901004838109,0.13265893020265926,0.0,0.0,0.0,0.0,0.0,0.0,0.0,0.0,0.0,0.0,0.0,0.0,0.0,0.0,0.0,0.0,0.0,0.0,3.5676880313709325,-1.8517996994210646,2.0857033599545804,0.4771453274444116,18.290075,-15.707721
Southend-on-Sea,E06000033,180685,158079,147442,1569,106,8962,5553,1580,1045,1527,1401,9864,2828,1765,1615,1170,2486,5153,3590,839,724,2036,402,1634,83260,10787,15911,11769,9250,8227,8171,6369,5062,7714,84380,62139,24096,7793,2278,,144,40,4454,245,540,7621,11188,4155,3956,3078,7547,1413,5117,4590,4669,7612,12923,3968,2021,0.8748872346902067,0.054592246174281205,0.028519246201953678,0.030733043694828016,0.011268229238730387,0.8160168248609458,0.008683620665799596,0.0005866563356117,0.04960013282784957,0.008938207377480144,0.006475357666657442,0.01565154827462158,0.009768381437308023,0.013758751418214019,0.019868832498547196,0.004643440241303927,0.004006973462102554,0.00845117192904779,0.005783545950134211,0.00874450009685364,0.0077538257187923735,0.002224866480338711,0.009043362758391677,0.4670005811218419,0.34390790602429644,0.1333591609707502,0.043130309654924315,0.012607576721919362,0.12955801104972375,0.1911001681479702,0.1413523901032909,0.11109776603411002,0.0988109536392025,0.09813836175834735,0.07649531587797262,0.06079750180158539,0.09264953158779726,0.0,0.0,0.0,0.0,0.0,0.0,0.0,0.0,0.0,0.0,0.0,0.0,0.0,0.0,0.0,0.0,0.0,0.0,2.8865711816416635,-2.2345946426002894,0.10742551702398345,-0.31087189837916934,19.981071,-12.532054
Southwark,E09000028,307640,158220,109253,6024,156,42787,22151,6401,3569,4653,7528,30540,6145,2006,5547,8405,8437,77299,48320,18156,10823,19430,3123,16307,166947,23109,51143,28878,11443,8030,12816,8705,5990,16833,171620,93329,30002,9552,3134,,115,178,3605,614,324,7129,15703,5617,9915,14419,12832,2940,22590,11747,8914,14613,24225,11470,2021,0.5143024314133403,0.09927187621895722,0.25126446495904303,0.07200299050838642,0.06315823690027304,0.3551326225458328,0.019581328825900402,0.0005070862046547913,0.13908139383695228,0.01803081523859056,0.027320894552073854,0.01997464568976726,0.006520608503445585,0.027424912235079965,0.15706670133922768,0.05901703289559225,0.03518073072422312,0.015124821219607332,0.011601222207775323,0.020806787153816148,0.024470159927187624,0.010151475750877648,0.0530067611493954,0.5578598361721493,0.3033708230399168,0.09752307892341698,0.031049278377324144,0.010187231829411,0.13842117558266995,0.306342731525574,0.17297705259753096,0.06854271115982917,0.0480990973183106,0.07676687811101728,0.052142296657022885,0.035879650427980136,0.10082840662006505,0.0,0.0,0.0,0.0,0.0,0.0,0.0,0.0,0.0,0.0,0.0,0.0,0.0,0.0,0.0,0.0,0.0,0.0,11.397015399851306,4.697180929305759,3.2237476562876264,-1.530867058683422,5.78928,-6.6596985
Spelthorne,E07000213,102960,81000,71261,1321,277,8141,3763,718,482,1489,1074,13146,7559,1670,433,799,2685,2548,1711,583,254,2503,528,1975,51539,7477,10061,7719,6055,5064,4417,3397,3250,4099,51913,35432,11642,3072,897,,52,180,2484,363,414,4589,6724,6111,2154,4196,1646,887,3021,3295,2804,4625,5477,2516,2021,0.7867132867132867,0.12768065268065268,0.024747474747474747,0.03654817404817405,0.02431041181041181,0.6921231546231547,0.01283022533022533,0.0026903651903651903,0.07906954156954157,0.004205516705516705,0.0077602952602952606,0.07341686091686092,0.01621989121989122,0.02607808857808858,0.01661810411810412,0.005662393162393162,0.002466977466977467,0.014461926961926962,0.004681429681429682,0.006973581973581973,0.010431235431235432,0.005128205128205128,0.019182206682206684,0.5042055167055167,0.3441336441336441,0.11307303807303808,0.029836829836829837,0.008712121212121213,0.14507460369817032,0.1952113933138012,0.14977007702904596,0.11748384718368614,0.09825568986592677,0.08570208967966006,0.06591125167348998,0.06305904266671841,0.07953200488950116,0.0,0.0,0.0,0.0,0.0,0.0,0.0,0.0,0.0,0.0,0.0,0.0,0.0,0.0,0.0,0.0,0.0,0.0,4.766574665265119,-0.7026493567015719,-1.0365971486968253,1.7208083059844441,14.835159,-5.083316
St Albans,E07000240,148169,123865,108962,2976,142,11785,6354,1306,650,2556,1842,12176,3856,1619,3107,1625,1969,3159,1821,905,433,2615,880,1735,72871,15131,22216,11484,5914,4350,4420,3434,2118,3804,85242,44893,13557,3520,955,,190,91,3399,293,268,5185,9074,2322,2738,6285,5042,1384,9369,3552,3122,8553,8223,3781,2021,0.835971087069495,0.08217643366696138,0.02132024917492863,0.042883464152420545,0.01764876593619448,0.7353899938583645,0.020085173011898574,0.0009583651101107519,0.0795375550891212,0.0209692985712261,0.010967206365704028,0.026024337074556755,0.010926712065276812,0.013288879590197679,0.012290020179659713,0.006107890314438243,0.002922338680830673,0.017250571981993534,0.004386882546281611,0.008814259392990437,0.012431750231154965,0.005939164062658181,0.0117096018735363,0.5753025261694417,0.3029851048464929,0.091496871815292,0.023756656250632724,0.006445342817998367,0.20764089967202318,0.30486750559207365,0.15759355573547776,0.08115711325492994,0.05969452868768097,0.0606551302987471,0.047124370462872746,0.029065060174829495,0.052201836121365155,0.0,0.0,0.0,0.0,0.0,0.0,0.0,0.0,0.0,0.0,0.0,0.0,0.0,0.0,0.0,0.0,0.0,0.0,7.552386400015402,1.0048920063964657,-4.18395995289805,-1.095749383954153,13.073706,-1.0646354
St. Helens,E08000013,183248,176888,171546,945,145,4252,1971,466,417,597,491,2579,557,238,172,660,952,776,558,103,115,1034,377,657,82623,8359,14070,10274,8026,8658,9171,6827,7319,9919,82747,59974,26762,10591,3171,,208,69,6948,470,1111,7674,14474,5032,3186,2422,1768,1136,3694,4345,5010,7383,14545,3147,2021,0.965292936348555,0.014073823452370559,0.004234698332314678,0.01075591548066009,0.005642626386099712,0.9361411857155331,0.005156945778398673,0.0007912773945691086,0.023203527460054135,0.0009386187025233563,0.0036016764166593904,0.0030395966122413343,0.0012987863441892955,0.005195145376757182,0.003045053697721121,0.0005620798044180564,0.0006275648301754999,0.0032578800314328124,0.00227560464507116,0.0025430018335807214,0.002679428970575395,0.002057321225879682,0.0035853051602200295,0.4515574521959312,0.32728324456474284,0.1460425216100585,0.05779599231642364,0.017304418056404435,0.10117037628747443,0.1702915653026397,0.12434794185638381,0.09714002154363797,0.10478922333974801,0.11099814821538796,0.08262832383234693,0.08858308219260981,0.12005131742977138,0.0,0.0,0.0,0.0,0.0,0.0,0.0,0.0,0.0,0.0,0.0,0.0,0.0,0.0,0.0,0.0,0.0,0.0,0.35504273066524605,-4.465628698661341,0.8938487489388336,-1.8498147937574199,32.480698,-22.949495
Stafford,E07000197,136870,127805,123203,699,113,3790,2552,1106,248,677,521,4165,1856,518,144,474,1173,1440,715,510,215,908,224,684,65768,9092,13873,9161,6026,6473,5498,4732,3950,6963,64032,47929,18200,5203,1503,,1138,47,5270,705,557,5355,10362,3515,2637,2466,1261,883,3294,2850,5787,6345,10451,2838,2021,0.9337692701103236,0.030430335354716155,0.010520932271498503,0.018645429970044567,0.006634032293417111,0.9001461240593264,0.005107035873456564,0.0008256009351939797,0.027690509242346752,0.0010520932271498502,0.0034631402060349235,0.013560312705486958,0.0037846131365529335,0.008570176079491489,0.005223935120917659,0.0037261635128223863,0.001570833637758457,0.0049462994081975594,0.0018119383356469643,0.008080660480748155,0.0038065317454518887,0.0016365894644553227,0.0049974428289617885,0.4678307883393001,0.3501790019726748,0.13297289398699497,0.03801417403375466,0.010981223058376562,0.13824352268580464,0.21093845031018124,0.13929266512589708,0.0916251064347403,0.09842172485099136,0.0835968860235981,0.07194988444228197,0.060059603454567574,0.10587215667193772,0.0,0.0,0.0,0.0,0.0,0.0,0.0,0.0,0.0,0.0,0.0,0.0,0.0,0.0,0.0,0.0,0.0,0.0,2.097045444620286,-3.1473151530001746,-1.2747580428105734,0.19506824702698553,26.32354,-9.071953
Staffordshire Moorlands,E07000198,95844,93931,92567,254,53,1057,902,307,89,308,198,658,199,100,11,122,226,188,78,90,20,165,27,138,45035,5913,7590,5325,3938,6543,4484,3139,3743,4360,42805,33976,13660,4144,1262,,1323,112,5184,202,396,4543,6685,2000,1876,1191,1230,582,2254,1924,2057,4371,6694,2413,2021,0.980040482450649,0.006865322816243062,0.0019615208046408748,0.009411126413755687,0.001721547514711406,0.9658090229957014,0.0026501398105254373,0.0005529819289679062,0.01102833771545428,0.00011476983431409374,0.0012729017987563123,0.0020762906389549685,0.0010433621301281248,0.002357998414089562,0.0008138224614999374,0.0009390259171153124,0.00020867242602562499,0.0032135553607946245,0.0009285922958140312,0.0032031217394933435,0.002065857017653687,0.00028170777513459374,0.0014398397395768124,0.44661115980134386,0.35449271733233173,0.14252326697550186,0.043236926672509494,0.013167230082216937,0.13129787942711224,0.16853558343510602,0.11824136782502498,0.0874430998112579,0.14528699900077718,0.09956700344176751,0.0697013433995781,0.08311313422893306,0.09681358943044299,0.0,0.0,0.0,0.0,0.0,0.0,0.0,0.0,0.0,0.0,0.0,0.0,0.0,0.0,0.0,0.0,0.0,0.0,0.2737785267877227,-4.771656636123405,-0.8875248313711258,0.02745055432041322,31.900103,-13.449159
Stevenage,E07000243,89498,74099,67394,970,72,5663,3216,1193,503,769,751,6700,2546,952,800,536,1866,4340,2991,799,550,1143,266,877,45460,4848,8727,6034,4467,5145,4603,3636,3369,4631,42673,31339,11298,3298,887,,52,11,3373,207,386,4843,7598,2235,1888,2260,1274,495,2273,2491,2803,3663,7679,1928,2021,0.8279402891684731,0.07486200808956625,0.048492703747569775,0.0359337638829918,0.012771235111399137,0.7530224139086907,0.010838231021922277,0.0008044872511117567,0.06327515698674831,0.008938747234575075,0.005988960647165299,0.028447563074035172,0.010637109209144338,0.020849627924646362,0.03341974122326756,0.008927573800531855,0.006145388723770364,0.00859237077923529,0.005620237323739078,0.01332990681356008,0.00839124896645735,0.002972133455496212,0.009799101655902925,0.4768039509262777,0.35016424948043534,0.12623745782028647,0.036849985474535746,0.009910835996335113,0.10664320281566211,0.19197096348438186,0.13273207215134183,0.0982622085349758,0.11317641882974043,0.10125384953805543,0.07998240211174659,0.07410910690717114,0.10186977562692477,0.0,0.0,0.0,0.0,0.0,0.0,0.0,0.0,0.0,0.0,0.0,0.0,0.0,0.0,0.0,0.0,0.0,0.0,3.3108003493019402,-1.847236685316065,0.9385345848990868,0.851353859913826,18.722631,-13.453263
Stockport,E08000007,294770,257530,245831,4174,90,7435,7668,2215,1236,2359,1858,21464,4433,10953,963,2306,2809,3416,2030,896,490,4692,1509,3183,139806,19060,34321,20204,14126,11754,12151,11083,6958,10149,145602,96317,37255,12017,3582,,190,103,9220,925,640,10803,20171,6060,5460,7348,6166,2557,11604,7270,6859,15352,22920,6164,2021,0.8736642127760627,0.07281609390372154,0.011588696271669438,0.026013502052447672,0.015917494996098652,0.8339756420259864,0.014160192692607796,0.000305322794042813,0.025223055263425723,0.0032669538962580994,0.007823048478474743,0.015038843844353224,0.03715778403501035,0.009529463649625132,0.0068867252434101165,0.003039658038470672,0.0016623129897886488,0.008002849679411067,0.004193099704854633,0.007514333208942565,0.006303219459239407,0.005119245513451165,0.010798249482647487,0.49395121620246296,0.32675306170912916,0.1263866743562778,0.04076737795569427,0.01215184720290396,0.1363317740297269,0.24549017924838706,0.14451454157904525,0.10104001258887316,0.08407364490794386,0.08691329413616011,0.07927413701843984,0.049768965566570816,0.07259345092485302,0.0,0.0,0.0,0.0,0.0,0.0,0.0,0.0,0.0,0.0,0.0,0.0,0.0,0.0,0.0,0.0,0.0,0.0,3.5471449715293057,-1.78098078615341,-1.0522138671511383,-1.2183793825244618,18.04479,-7.2643104
Stockton-on-Tees,E06000004,196593,180937,177526,528,145,2738,2737,412,469,1131,725,9052,1812,4875,236,690,1439,2203,1823,130,250,1664,558,1106,86442,8985,16671,10903,8413,8868,8858,7330,6993,9421,91479,65521,27307,9392,2896,,259,938,6914,850,586,7319,13503,4233,3879,2649,2231,1223,4629,3814,6455,8847,14889,3229,2021,0.9203633903546922,0.04604436577090741,0.011205892376635994,0.013922164064844629,0.008464187432919788,0.903012823447427,0.002685751781599548,0.000737564409719573,0.013927250715946143,0.0012004496599573738,0.0035097892600448643,0.009217011795943905,0.024797424119882193,0.007319690935079072,0.009272964958060561,0.0006612646431968585,0.001271662775378574,0.005753002395812669,0.002385639366610205,0.00209570025382389,0.0036878220485978648,0.002838351314644977,0.005625836118274811,0.4653217561154263,0.3332824668223182,0.13890118162905088,0.04777382714542227,0.014730941589985402,0.103942527937808,0.1928576386478795,0.1261308160384998,0.09732537423937437,0.10258901922676476,0.10247333472154739,0.08479674232433308,0.08089817449850767,0.1089863723652854,0.0,0.0,0.0,0.0,0.0,0.0,0.0,0.0,0.0,0.0,0.0,0.0,0.0,0.0,0.0,0.0,0.0,0.0,1.0915766273738299,-3.8912905304503975,0.32440214712045573,-0.9521774359872712,30.738691,-19.790129
Stoke-on-Trent,E06000021,258369,215699,202906,572,295,11926,5860,2040,1020,1783,1017,25597,2772,15579,1577,1073,4596,6884,5048,916,920,4329,690,3639,112579,8808,14100,10978,9334,13468,13618,11057,12577,18639,110241,90840,38276,14546,4466,,249,118,11138,435,990,9407,22886,8860,5257,2958,2288,1008,3322,5115,4331,8519,19709,5993,2021,0.8348486079986376,0.09907148303395531,0.026644063335771705,0.022680739562408802,0.01675510606922657,0.7853341538652083,0.0022138878890269344,0.0011417778448652896,0.0461587883995371,0.0061036734283137686,0.004152975008611714,0.010728841308361298,0.06029748150900456,0.01778851177966397,0.01953794766399994,0.0035453169691410345,0.0035607987026307335,0.006900982703033258,0.003947842039873205,0.00789568407974641,0.003936230739755931,0.00267059902697305,0.014084507042253521,0.4266804454094725,0.3515901675510607,0.1481447077629282,0.056299323835289836,0.017285355441248755,0.07823839259542188,0.12524538324199008,0.09751374590287709,0.08291066717593867,0.11963154762433491,0.12096394531839863,0.09821547535508399,0.11171710532159639,0.16556373746435837,0.0,0.0,0.0,0.0,0.0,0.0,0.0,0.0,0.0,0.0,0.0,0.0,0.0,0.0,0.0,0.0,0.0,0.0,0.38760065462378435,-4.495753731600561,4.175446942320073,0.10905764888316283,25.34792,-24.127691
Stratford-on-Avon,E07000221,134724,128672,121330,1183,146,6013,2288,584,245,922,537,2566,1239,245,39,426,617,482,242,180,60,716,130,586,66236,12363,14213,9233,5890,7299,4777,4247,2897,5317,66877,46177,16193,4275,1203,,1478,39,6581,626,483,5319,9536,2023,3494,3451,2518,1161,5692,3607,2658,6510,7307,3753,2021,0.9550785309224785,0.01904634660491078,0.003577684748077551,0.01698286867967103,0.005314569044862089,0.9005819304652475,0.008780915055966272,0.001083697039874113,0.04463198836139069,0.0002894807161307562,0.003162020130043645,0.009196579674000178,0.0018185327038983403,0.004579733380837861,0.0017962649565036667,0.0013360648436804134,0.0004453549478934711,0.006843621032629673,0.0018185327038983403,0.004334788159496452,0.003985926783646566,0.0009649357204358541,0.0043496333244262345,0.49640004750452776,0.34275259048128026,0.12019387785398296,0.031731540037409814,0.008929366705264095,0.18665076393502023,0.2145811945165771,0.13939549489703484,0.0889244519596594,0.11019687179177487,0.07212090102059303,0.0641192100972281,0.04373754453771363,0.08027356724439881,0.0,0.0,0.0,0.0,0.0,0.0,0.0,0.0,0.0,0.0,0.0,0.0,0.0,0.0,0.0,0.0,0.0,0.0,2.997802474440159,-2.594822270018589,-3.294476751307921,0.27289818426097806,23.66934,-3.1752858
Stroud,E07000082,121104,116701,111896,711,126,3968,2171,579,259,786,547,1256,440,65,99,236,416,528,257,186,85,448,77,371,59918,8984,12574,8210,5380,7354,5190,3714,3617,4895,58893,42058,15125,4014,1012,,860,174,5715,891,520,5653,8204,1733,2485,2883,1846,765,4406,3121,3396,6007,8251,3013,2021,0.9636428193949003,0.010371251156031179,0.004359889021006738,0.017926740652662174,0.0036992997753996565,0.923966177830625,0.005870986920332937,0.0010404280618311534,0.03276522658211124,0.0008174791914387634,0.0019487382745408904,0.003633240850838948,0.0005367287620557538,0.0034350640771568237,0.0021221429515127493,0.0015358699960364645,0.0007018760734575241,0.006490289338089576,0.0021386576826529263,0.004781014665081252,0.00451677896683842,0.000635817148896816,0.0030634826265028407,0.48630103051922313,0.34728828114678295,0.12489265424758884,0.03314506539833532,0.00835645395692958,0.1499382489402183,0.2098534664040856,0.13702059481291098,0.08978937881771755,0.12273440368503621,0.08661837845054908,0.06198471244033513,0.06036583330551754,0.08169498314362962,0.0,0.0,0.0,0.0,0.0,0.0,0.0,0.0,0.0,0.0,0.0,0.0,0.0,0.0,0.0,0.0,0.0,0.0,2.289951203216316,-3.153700251465818,-2.591230992001127,0.49621921464754754,26.344814,-6.3441586
Sunderland,E08000024,274173,259375,254655,511,228,3981,2505,438,536,897,634,8204,1906,685,2908,937,1768,2665,2304,133,228,1424,417,1007,117151,10421,17727,13207,12544,12235,12309,13422,11645,13641,118258,90486,43507,16834,5086,,147,423,12825,2010,851,9476,18449,5763,5538,3188,4079,1752,3550,5952,9463,10234,18899,4554,2021,0.9460267787127106,0.02992271303155307,0.009720140203448187,0.009136567058025407,0.005193800994262747,0.9288113709227386,0.0018637867331940052,0.0008315917322274623,0.014520029324550557,0.010606441918059036,0.0034175502328821585,0.006951815094848873,0.002498422528841279,0.006448483256921725,0.008403453294088039,0.0004850951771326863,0.0008315917322274623,0.003271656946526463,0.0019549700371663146,0.0015975314855948615,0.002312408588737768,0.0015209375102581218,0.0036728634840046247,0.4313262064462949,0.33003249772953575,0.1586844802369307,0.0613991895627943,0.018550331360126637,0.08895357273945592,0.15131753036679157,0.1127348464801837,0.10707548377734719,0.10443786224616093,0.10506952565492399,0.11457008476240066,0.09940162696007716,0.11643946701265888,0.0,0.0,0.0,0.0,0.0,0.0,0.0,0.0,0.0,0.0,0.0,0.0,0.0,0.0,0.0,0.0,0.0,0.0,-0.5297290570926522,-4.930545586022425,2.1092962030057283,-1.79587123825726,31.785282,-24.580063
Surrey Heath,E07000214,90456,76901,70473,837,201,5390,2460,476,263,963,758,8057,2941,1290,474,592,2760,1428,953,292,183,1610,360,1250,45363,8378,10390,7054,4490,3889,3743,2736,1824,2859,48670,29656,9208,2249,670,,107,143,2573,245,330,3607,6054,2229,1786,4103,1736,763,3565,2653,2718,4102,6407,2233,2021,0.8501481383213938,0.08907092951269126,0.01578668081719289,0.02719554258423985,0.01779870876448218,0.7790859644468029,0.009253117537808437,0.0022220748209074025,0.059586981515875125,0.005240116741841337,0.006544618377995932,0.03251304501636155,0.014261077208808702,0.030512072167683736,0.010535508976740073,0.0032280887945520475,0.0020230830459007695,0.010646059962854868,0.0029074909348191388,0.005262226939064297,0.008379764747501548,0.003979835500132661,0.013818873264349519,0.5380516494207128,0.32785000442203943,0.1017953480145043,0.024862916777217654,0.007406916069691342,0.1846879615545709,0.2290412891563609,0.15550117937526178,0.09897934439962083,0.08573066155236647,0.08251217952957256,0.06031347133126116,0.04020898088750744,0.06302493221347795,0.0,0.0,0.0,0.0,0.0,0.0,0.0,0.0,0.0,0.0,0.0,0.0,0.0,0.0,0.0,0.0,0.0,0.0,5.04688243052708,-0.8342989011911065,-3.232193191683763,0.7268473385083731,17.293768,-0.5616899
Sutton,E09000029,209636,143145,120014,3118,130,19883,10162,2777,1268,3068,3049,36787,12618,6177,1778,3989,12225,12465,7441,3450,1574,7077,1392,5685,104222,14604,25047,14218,11239,10383,9022,6802,5380,7527,107792,71329,22304,6322,1892,,73,155,3004,395,474,10899,13011,4905,4150,7149,5572,1814,7969,5900,6268,10971,16680,4833,2021,0.6828264229426244,0.17548035642733117,0.059460207216317805,0.048474498654811196,0.033758514758915455,0.5724875498483085,0.01487339960693774,0.0006201224980442291,0.09484535098933389,0.008481367704020302,0.019028220343834074,0.06019004369478525,0.029465359003224636,0.058315365681466926,0.035494857753439295,0.016457097063481464,0.00750825239939705,0.014634890953843805,0.006048579442462173,0.013246770592837109,0.01454425766566811,0.006640080902135129,0.027118433856780325,0.5141864946860272,0.3402516743307447,0.10639393997214219,0.030157034097197045,0.009025167433074473,0.14012396614918154,0.24032354013548005,0.13642033351883479,0.10783711692349024,0.09962387979505287,0.08656521655696495,0.06526453148087735,0.051620579148356396,0.07222083629176182,0.0,0.0,0.0,0.0,0.0,0.0,0.0,0.0,0.0,0.0,0.0,0.0,0.0,0.0,0.0,0.0,0.0,0.0,6.579174443713338,0.925319691638123,0.4383577081557592,0.9024422252708293,10.438668,-8.374142
Swale,E07000113,151677,142341,134385,855,925,6176,2741,814,415,757,755,2312,776,146,406,328,656,3487,2541,452,494,796,127,669,69203,8539,10281,9022,6850,8591,6482,4882,6269,8287,68967,52738,21338,6688,1947,,798,38,5668,385,733,8499,11191,4379,2857,1960,2030,1160,3305,3649,4656,6543,8672,2677,2021,0.9384481496865049,0.015242917515509932,0.02298964246392004,0.018071296241354985,0.005247994092710167,0.8859945805890148,0.005636978579481398,0.006098485597684554,0.04071810492032411,0.0026767407055783014,0.0021624900281519283,0.005116134944652123,0.0009625717808237241,0.0043249800563038565,0.01675270476077454,0.0029800167461118032,0.0032569209570336966,0.00499086875399698,0.002736077322204421,0.005366667325962407,0.004977682839191176,0.000837305590168582,0.004410688502541585,0.4546964932059574,0.3476993875142573,0.14068052506312756,0.04409369911061005,0.012836488063450622,0.12339060445356415,0.14856292357267747,0.13037007066167652,0.09898414808606563,0.12414201696458246,0.09366645954655145,0.07054607459214196,0.09058855829949569,0.11974914382324466,0.0,0.0,0.0,0.0,0.0,0.0,0.0,0.0,0.0,0.0,0.0,0.0,0.0,0.0,0.0,0.0,0.0,0.0,1.2204728516162084,-3.8835843684973894,-0.3159329012141091,1.5989186292505915,35.864563,-7.7277436
Swansea,W06000011,238491,218052,208703,1111,93,8145,3808,669,674,1285,1180,10451,2172,954,2865,1932,2528,2797,2227,235,335,3383,1578,1805,100613,9888,20070,11489,11025,10407,10956,9527,6350,10901,113823,73789,33363,13061,4454,,428,140,6001,443,713,7533,15738,4110,5597,2661,3622,1347,4123,4069,11063,10843,18333,3853,2021,0.9142986527793502,0.0438213601351833,0.011727905874854816,0.01596705955360999,0.014185021657001732,0.8750980120843135,0.004658456713251234,0.0003899518220813364,0.034152232159704136,0.012013031938312137,0.008100934626463892,0.009107261909254438,0.004000150949092418,0.010599980712060413,0.00933787857822727,0.0009853621310657425,0.0014046651655618032,0.00538804399327438,0.002826102452503449,0.0028051373007786456,0.004947775807053516,0.006616601884347837,0.007568419772653895,0.47726329295445113,0.30939951612429817,0.1398920713989207,0.05476516933553048,0.01867575715645454,0.09827755856599048,0.1994772047349746,0.11419001520678243,0.10957828511226184,0.10343593770188743,0.10889248904217148,0.09468955303986562,0.06311311659527098,0.10834584000079513,0.0,0.0,0.0,0.0,0.0,0.0,0.0,0.0,0.0,0.0,0.0,0.0,0.0,0.0,0.0,0.0,0.0,0.0,1.3274834201341799,-3.4337002040733977,1.1587232683916426,-2.74015428690951,35.31715,-24.758772
Swindon,E06000030,233411,190142,173231,1545,177,15189,6495,1972,1051,1694,1778,27173,17643,2025,1403,1156,4946,6123,4149,1044,930,3478,344,3134,117865,12567,21222,14798,11300,11519,10317,9729,10909,15504,112213,82155,28667,8185,2190,,382,119,12247,737,1748,9660,20013,8369,4972,6318,7663,1099,5897,6539,5480,8701,13590,4332,2021,0.8146231325858678,0.11641696406767461,0.026232696830911995,0.027826452052388276,0.014900754463157263,0.7421715343321438,0.006619225315002292,0.0007583190166701655,0.06507405392205166,0.00601085638637425,0.004952637193619838,0.07558769723791937,0.008675683665294266,0.021190089584466883,0.01777551186533625,0.004472796911885044,0.0039843880536907005,0.007257584261238759,0.004502786929493468,0.008448616389116195,0.0076174644725398545,0.0014737951510425816,0.013426959312114682,0.48075283512773603,0.35197569951716073,0.12281769068295839,0.03506689916070794,0.009382591223207132,0.10662198277690578,0.18005345098205575,0.12555041785093116,0.0958723963856955,0.09773045433334747,0.08753234632842659,0.08254358800322403,0.09255504178509312,0.13154032155432063,0.0,0.0,0.0,0.0,0.0,0.0,0.0,0.0,0.0,0.0,0.0,0.0,0.0,0.0,0.0,0.0,0.0,0.0,2.867115071664024,-2.281562239407388,1.0079773288973983,1.5475983446488955,20.310236,-15.216102
Tameside,E08000008,231070,197676,190305,1536,112,5723,4963,1854,859,1344,906,21198,3737,8966,5842,1402,1251,5275,4115,612,548,1958,540,1418,105654,10510,15922,13385,11631,12334,10883,10159,9628,11202,104704,77895,33204,11821,3447,,130,93,10078,840,839,9740,17867,5900,4634,3455,3405,1807,5388,5591,6057,9374,16290,4171,2021,0.8554810230666032,0.09173843424070628,0.02282858008395724,0.02147833989700091,0.008473622711732376,0.8235815986497598,0.006647336305015796,0.00048470160557406846,0.024767386506253517,0.025282381962175964,0.0060674254554896785,0.016172588393127622,0.03880209460336694,0.005413943826546069,0.017808456311940106,0.0026485480590297313,0.0023715757129874064,0.0058164192668888216,0.0037174882070368288,0.008023542649413597,0.003920889773661661,0.002336954169732116,0.006136668542000259,0.45312675812524345,0.3371056389838577,0.14369671528108366,0.05115765785259878,0.01491755745012334,0.09947564692297499,0.15069945293126621,0.12668711075775646,0.11008575160429326,0.11673954606545896,0.10300603857875708,0.09615348212088515,0.09112764306131334,0.10602532795729457,0.0,0.0,0.0,0.0,0.0,0.0,0.0,0.0,0.0,0.0,0.0,0.0,0.0,0.0,0.0,0.0,0.0,0.0,1.108656838031588,-3.531792161434808,1.7292620329919361,-0.6095679873287132,23.916023,-20.532143
Tamworth,E07000199,78642,75309,71456,449,17,3387,1472,756,119,369,228,1081,506,103,38,201,233,492,151,257,84,288,56,232,38155,4191,4971,4398,3973,4125,3320,3502,3982,5693,35798,27433,10922,3434,1060,,65,42,4653,161,319,3602,8168,3538,1696,1119,864,293,1453,2196,1539,2850,4111,1496,2021,0.9576180666819257,0.01374583555860736,0.006256198977645533,0.018717733526614277,0.0036621652552071412,0.9086238905419496,0.0057094173596805775,0.00021616947686986597,0.04306858930342565,0.0004832023600620534,0.0025558861676966507,0.0064342208997736575,0.001309732712799776,0.0029627934182752218,0.001920093588667633,0.0032679738562091504,0.0010681315327687496,0.0046921492332341495,0.0015131863380890619,0.009613183794918746,0.0028992141603723202,0.0007120876885124996,0.0029500775666946415,0.4552020548816154,0.34883395641006076,0.1388825309630986,0.043666234327712924,0.013478802675415173,0.10984143624688769,0.13028436640020968,0.11526667540296161,0.10412789935788232,0.10811164984929891,0.08701349757567815,0.09178351461145329,0.10436377932118988,0.14920718123443846,0.0,0.0,0.0,0.0,0.0,0.0,0.0,0.0,0.0,0.0,0.0,0.0,0.0,0.0,0.0,0.0,0.0,0.0,0.48322288814260195,-4.094121211938669,1.05753676844227,0.29873879683842675,26.936989,-17.887514
Tandridge,E07000215,87877,78584,73343,998,331,3912,3331,918,359,1137,917,3271,1300,346,223,460,942,1929,931,750,248,762,96,666,42576,8361,9177,6669,4498,4144,3565,2157,1679,2326,45917,28955,9685,2570,750,,230,56,1689,222,251,4793,4934,1594,1394,2504,3421,959,3825,2521,2451,4561,4951,2216,2021,0.8942499174983215,0.03722248142289791,0.021951136247254685,0.0379052539344766,0.008671210897049284,0.8346097386119234,0.011356782775925441,0.003766628355542406,0.04451676775493019,0.002537637834700775,0.005234589255436576,0.01479340441753815,0.0039373214834370765,0.010719528431785336,0.010594353471329244,0.008534656394733548,0.002822126381191893,0.012938539094416059,0.004085255527612458,0.010446419427153863,0.010435039885294218,0.0010924360185258942,0.00757877487852339,0.5225144235693071,0.3294946345460132,0.11021086291065922,0.02924542257928696,0.008534656394733548,0.1963782412626832,0.21554396843291995,0.15663754227733934,0.10564637354378054,0.09733183013904548,0.0837326193160466,0.050662344983089067,0.039435362645621946,0.05463171739947388,0.0,0.0,0.0,0.0,0.0,0.0,0.0,0.0,0.0,0.0,0.0,0.0,0.0,0.0,0.0,0.0,0.0,0.0,4.8407991577902365,-1.0595581478275995,-3.5171861114927303,0.8492150256711803,18.54592,2.080479
Teignbridge,E07000045,134802,131668,127937,575,131,3025,1564,313,190,568,493,1004,190,34,111,251,418,216,136,51,29,350,68,282,62138,8403,11561,7544,5507,8125,6677,4663,3910,5748,61426,47053,19026,5739,1559,,1118,209,3531,355,633,6397,9702,2313,3733,1770,1055,1021,3867,2951,3572,6063,10773,3077,2021,0.9767510867791279,0.007447960712749069,0.0016023501134997996,0.01160220174774855,0.0025964006468746754,0.9490734558834438,0.004265515348436967,0.0009717956706873785,0.022440319876559697,0.0008234299194373971,0.0018619901781872672,0.001409474636874824,0.0002522217771249685,0.0031008442011246124,0.001008887108499874,0.0003783326656874527,0.00021513033931247312,0.004213587335499473,0.001409474636874824,0.0023219240070622097,0.003657215768312043,0.000504443554249937,0.0020919570926247384,0.45567573181406806,0.3490526846782689,0.14114033916410737,0.04257355232118218,0.011565110309936054,0.13523125945476197,0.18605362258199493,0.12140719044706942,0.08862531784093469,0.1307573465512247,0.10745437574431105,0.07504264701149055,0.06292445846342012,0.09250378190479255,0.0,0.0,0.0,0.0,0.0,0.0,0.0,0.0,0.0,0.0,0.0,0.0,0.0,0.0,0.0,0.0,0.0,0.0,0.8430522286064884,-4.318822460656261,-1.1994675824544283,-0.1764729892411413,31.866507,-12.036209
Telford and Wrekin,E06000020,185543,163638,153936,723,203,8776,4844,2083,676,1315,770,10067,4559,3368,207,818,1115,5351,3962,748,641,1643,242,1401,85498,9152,14031,10426,7686,8883,8386,6757,9432,10745,85273,63231,25683,8812,2542,,805,82,12160,387,921,6765,13121,3891,3657,3719,2120,1195,3246,4594,6425,7609,11723,3072,2021,0.8819411133807258,0.054256964692820535,0.028839675978075165,0.026107155753652793,0.00885509019472575,0.8296513476660397,0.0038966708525786475,0.0010940860070172414,0.0472990088550902,0.0011156443519830983,0.004408681545517751,0.024571123674835483,0.01815212646125157,0.00600938865923263,0.02135354068868133,0.004031410508615253,0.0034547247807785795,0.00708730590752548,0.003643360299229828,0.011226508140970018,0.004149981405927467,0.0013042798704343468,0.007550810324291404,0.4595861875683804,0.3407889276340255,0.13842074343952615,0.04749303395978291,0.013700328225802106,0.10704343961262251,0.16410910196729747,0.12194437296778872,0.08989683969215655,0.10389716718519731,0.09808416571147863,0.07903108844651337,0.11031837002035136,0.12567545439659408,0.0,0.0,0.0,0.0,0.0,0.0,0.0,0.0,0.0,0.0,0.0,0.0,0.0,0.0,0.0,0.0,0.0,0.0,1.6262921349951163,-3.5108211569940697,1.4722461117145738,0.07919771665713231,24.759827,-18.741001
Tendring,E07000076,148293,142656,138604,1142,110,2800,2393,884,361,605,543,1794,462,88,131,505,608,910,454,323,133,540,75,465,58280,7191,7457,6596,5591,8071,7829,5007,4518,6020,58492,52819,25460,8891,2630,,628,50,3241,318,562,7023,9502,3626,2967,1608,1632,905,2484,3063,2865,5397,9716,2693,2021,0.9619874168032206,0.012097671501689224,0.006136500037088736,0.01613697207555313,0.0036414395824482613,0.9346631331215903,0.007700970376214656,0.0007417747297579791,0.01888153857565765,0.0008833862690754115,0.0034054203502525407,0.0031154538649835126,0.0005934197838063833,0.004099991233571376,0.0030615066119102047,0.002178120342834793,0.0008968730823437385,0.004079761013668885,0.0024343697949330044,0.005961171464600487,0.0036616698023507516,0.0005057554975622585,0.003135684084886003,0.3944353408454883,0.35617999500987907,0.17168713290580134,0.059955628384347204,0.017735159447849865,0.12338709677419354,0.1279512697323267,0.11317776252573782,0.0959334248455731,0.1384866163349348,0.13433424845573094,0.08591283459162663,0.077522306108442,0.10329444063143445,0.0,0.0,0.0,0.0,0.0,0.0,0.0,0.0,0.0,0.0,0.0,0.0,0.0,0.0,0.0,0.0,0.0,0.0,-0.5251548210823708,-5.27710064020833,1.6116795736217113,-1.1098017622067289,36.33381,-20.118736
Test Valley,E07000093,130491,121457,114873,607,170,5807,2312,454,378,835,645,4284,1666,337,248,676,1357,1458,974,241,243,980,188,792,65861,10383,13522,9305,7023,6516,5275,4160,3896,5781,65696,44842,14925,3958,1071,,859,83,5102,285,372,5364,9764,2735,2488,3630,3242,1063,4503,3480,5721,5975,8432,2763,2021,0.9307691718202787,0.032829850334505827,0.0111731843575419,0.01771769700592378,0.007510096481749699,0.8803135848449318,0.0046516618004306814,0.0013027718386708661,0.04450115333624541,0.001900514211708087,0.005180433899655915,0.012767164018974488,0.00258255358607107,0.010399184618096267,0.007464116299208375,0.001846870665409875,0.00186219739292365,0.006398908737001019,0.0028967515001034555,0.0034791671456269016,0.004942869623192404,0.0014407123862948403,0.006069384095454859,0.5034523453724778,0.34364055758634693,0.11437570407154517,0.03033159374976052,0.008207462583626457,0.15765020269962496,0.20531118567892986,0.1412823977771367,0.10663366787628491,0.09893563717526306,0.08009292297414251,0.06316332882889722,0.05915488680706336,0.08777577018265742,0.0,0.0,0.0,0.0,0.0,0.0,0.0,0.0,0.0,0.0,0.0,0.0,0.0,0.0,0.0,0.0,0.0,0.0,2.945203635747107,-2.3951631663497706,-2.6131733192619646,0.743176208776935,22.937233,-4.937993
Tewkesbury,E07000083,94882,90206,85720,537,360,3589,1699,591,192,531,385,1924,798,112,111,229,674,595,341,151,103,458,73,385,46524,6696,9517,6392,5693,4804,3883,3168,2790,3581,47236,32541,11385,2956,766,,645,60,4351,374,296,3914,6499,1540,1940,2252,2146,693,2877,2359,3942,4576,6155,1906,2021,0.9507177336059527,0.020277818764359943,0.006270947071098838,0.017906452224868783,0.004827048333719778,0.9034379545119201,0.005659661474252229,0.003794186463185852,0.03782593115659451,0.0011698741594823043,0.002413524166859889,0.008410446660061972,0.0011804135663244873,0.007103560211631289,0.0035939377331843762,0.0015914504331696212,0.001085558904744841,0.005596425033199131,0.002023566113699121,0.006228789443730107,0.004057671634240425,0.0007693766994793533,0.004057671634240425,0.4978394215973525,0.3429628380514745,0.11999114689825256,0.03115448662549272,0.008073185641112118,0.14392571575960794,0.20456108675092424,0.1373914538732697,0.12236695039119594,0.10325853323016078,0.08346229902845843,0.06809388702605107,0.05996904823316997,0.0769710257071619,0.0,0.0,0.0,0.0,0.0,0.0,0.0,0.0,0.0,0.0,0.0,0.0,0.0,0.0,0.0,0.0,0.0,0.0,2.3653541594871275,-2.7014819628034403,-2.7728818112323053,1.5669859271763693,25.881262,-0.3872141
Thanet,E07000114,140587,130719,122796,1145,185,6593,3420,1042,591,894,893,3259,941,272,254,448,1344,1481,859,453,169,1708,247,1461,59190,7096,9544,7433,5135,6913,7762,4916,4083,6308,59000,49262,22148,7823,2354,,349,23,3617,339,369,6099,8793,2758,3418,1636,1328,863,2797,3105,3208,6553,10704,3225,2021,0.9298085882762986,0.023181375233840968,0.010534402185123802,0.02432657358077205,0.01214906072396452,0.87345202614751,0.00814442302631111,0.0013159111439891313,0.046896227958488336,0.0018067104355310236,0.0031866388784169233,0.006693364251317689,0.0019347450333245606,0.00955991663525077,0.006110095528036021,0.0032222040444706834,0.0012021026126170984,0.006359051690412343,0.004203802627554468,0.007411780605603648,0.006351938657201591,0.001756919203055759,0.010392141520908761,0.4196689594343716,0.350402242028068,0.15753945955173665,0.05564525880771337,0.01674408017811035,0.11988511572900828,0.16124345328602804,0.12557864504139213,0.08675451934448386,0.11679337725967225,0.13113701638790337,0.08305457002872106,0.06898124683223518,0.10657205609055584,0.0,0.0,0.0,0.0,0.0,0.0,0.0,0.0,0.0,0.0,0.0,0.0,0.0,0.0,0.0,0.0,0.0,0.0,1.0109623363302784,-4.182083078719816,1.4655368853608115,-1.069278861560878,34.968716,-18.426065
Three Rivers,E07000102,93772,72316,63706,1977,86,6547,3390,768,343,1346,933,14265,10166,1176,227,712,1984,2233,1235,746,252,1568,296,1272,46948,8784,11673,6916,4805,4157,3421,2369,1887,2936,50330,30357,9788,2586,710,,87,38,2180,182,295,4936,6041,1865,1654,3504,2277,1057,4252,2591,2396,5089,6083,2422,2021,0.7711896941517724,0.15212430149724865,0.02381307853090475,0.03615151644414111,0.016721409375933114,0.6793712408821396,0.02108305251034424,0.0009171181162820458,0.06981828264300644,0.0024207652604188883,0.0075928848696839146,0.10841189267585206,0.012541057031949836,0.02115770165934394,0.013170242716375891,0.007955466450539607,0.0026873693639892504,0.014353964936228298,0.003657808300985369,0.008190078061681526,0.009949665145245916,0.003156592586273088,0.013564816789660027,0.5367273813078531,0.32373203088341934,0.10438083862986819,0.02757752847331826,0.007571556541398285,0.18710062196472693,0.24863678963960126,0.14731191957058873,0.10234727783931158,0.08854477294027435,0.07286785379568884,0.05046008349663458,0.04019340546988157,0.06253727528329216,0.0,0.0,0.0,0.0,0.0,0.0,0.0,0.0,0.0,0.0,0.0,0.0,0.0,0.0,0.0,0.0,0.0,0.0,6.045457078952163,0.1697310405968028,-2.6449636475861054,0.7026316756740553,14.863719,-2.7091057
Thurrock,E06000034,175993,134984,116430,993,428,17133,5252,1693,1115,1099,1345,12205,3982,2145,2502,997,2579,20877,16171,2174,2532,2675,369,2306,85948,9480,12527,9673,10207,9661,7211,7076,8615,11498,89350,58689,20323,5904,1735,,150,89,4312,399,796,10722,16044,8982,3277,2655,4138,1164,4201,4714,4350,6936,10021,2991,2021,0.7669850505417829,0.06934934912184007,0.11862403618325729,0.029842095992454246,0.015199468160665482,0.6615604029705727,0.005642269863005915,0.002431914905706477,0.09735046280249783,0.01421647451887291,0.005664998039694761,0.022625899893745773,0.012187984749393442,0.014653991920133187,0.09188433630883046,0.012352764030387571,0.014386935844039252,0.006244566545260323,0.006335479252015705,0.009619700783553892,0.007642349411624326,0.0020966742995460045,0.013102793861119476,0.5076906467870881,0.3334734904229145,0.11547618371185217,0.03354678879273607,0.00985834663878677,0.11029925070973147,0.14575091916042257,0.11254479452692326,0.11875785358588914,0.1124051752222274,0.08389956718015544,0.082328850002327,0.10023502582957138,0.13377856378275235,0.0,0.0,0.0,0.0,0.0,0.0,0.0,0.0,0.0,0.0,0.0,0.0,0.0,0.0,0.0,0.0,0.0,0.0,3.4946564506338187,-1.3744290158651502,2.0082879379570002,1.8521864730876598,16.524105,-11.858905
Tonbridge and Malling,E07000115,132201,123287,116787,849,462,5189,2943,670,416,1041,816,3876,1547,289,376,665,999,1314,873,278,163,781,169,612,64424,10664,13058,9610,6728,6666,5106,4187,3346,5059,67896,44052,14959,4164,1130,,397,57,3277,315,620,7123,9269,2712,2197,2984,4597,1160,4912,3654,3601,6629,7849,3070,2021,0.9325723708595245,0.02931899153561622,0.00993941044318878,0.02226155626659405,0.005907670895076437,0.8834048153947398,0.006422039167631107,0.0034946785576508497,0.03925083773950273,0.002844153977655237,0.005030219136012587,0.011701878200618755,0.00218606515835735,0.007556675062972292,0.006603580910885697,0.0021028585260323297,0.0012329710062707543,0.007874373113667824,0.0031467235497462196,0.00506804033252396,0.006172419270656046,0.0012783564420844019,0.004629314452992035,0.5135815916672339,0.3332198697437992,0.11315345572272524,0.031497492454671296,0.008547590411570261,0.16552837451881286,0.20268843909102197,0.14916801192102322,0.1044331305103688,0.10347075623991059,0.07925617782192972,0.06499130758723456,0.05193716627343847,0.07852663603625978,0.0,0.0,0.0,0.0,0.0,0.0,0.0,0.0,0.0,0.0,0.0,0.0,0.0,0.0,0.0,0.0,0.0,0.0,3.2964997343012485,-2.1926430626224773,-3.062092856569198,0.8555058113186575,24.788256,-0.32208377
Torbay,E06000027,139324,133922,128375,714,41,4792,2084,581,288,679,536,2254,527,162,129,435,1001,447,264,135,48,617,136,481,58933,7199,8239,6364,4952,7759,8347,5143,4109,6821,58842,47697,22578,7894,2313,,413,61,3465,200,442,6048,9721,2357,5042,1230,766,1066,2470,2772,2876,5156,12091,2761,2021,0.961227067841865,0.016178117194453216,0.0032083488846142805,0.014957939766300134,0.004428526312767363,0.9214133961126583,0.005124745198242945,0.0002942780856133904,0.03439464844535041,0.0009258993425396917,0.0031222187132152394,0.003782550027274554,0.0011627573138870547,0.007184691797536677,0.001894863770778904,0.0009689644282392122,0.00034452068559616433,0.004873532198329074,0.002067124113576986,0.004170135798570239,0.003847147655823835,0.0009761419425224656,0.003452384370244897,0.42233929545519794,0.34234589876833854,0.1620539174872958,0.05665929775200253,0.01660159053716517,0.12215566830129129,0.1398028269390664,0.10798703612576994,0.08402762459063683,0.1316579844908625,0.14163541648991226,0.08726859314815129,0.06972324504097874,0.11574160487333073,0.0,0.0,0.0,0.0,0.0,0.0,0.0,0.0,0.0,0.0,0.0,0.0,0.0,0.0,0.0,0.0,0.0,0.0,-0.13210690471728193,-5.1306449370332174,1.442248024930602,-1.5322486726799862,35.44351,-20.356108
Torfaen,W06000020,92276,89596,87873,296,265,1162,1005,343,136,264,262,1202,254,91,99,212,546,228,118,69,41,245,46,199,40657,3949,6130,4982,4181,4788,4691,3462,3916,4558,39335,31301,14340,5584,1716,,112,17,4705,298,444,3811,6251,1671,1560,923,1179,858,1446,1614,4285,3330,6659,1488,2021,0.9709566951319953,0.013026138974381204,0.002470848324591443,0.010891239325501756,0.002655078243530279,0.9522844509948416,0.0032077680003467857,0.002871819324634791,0.01259265681217218,0.001072868351467337,0.002297455459707833,0.0027526117300273093,0.0009861719190255322,0.005917031514153193,0.0012787723785166241,0.0007477567298105683,0.00044431921626425074,0.0028609822705795655,0.0014738393515106854,0.0037171095409423904,0.0028393081624691146,0.0004985044865403788,0.0021565737569898998,0.42627552126230006,0.3392106289826174,0.15540335515193548,0.0605141098443799,0.018596384758767178,0.0971296455714883,0.15077354453107705,0.12253732444597486,0.10283592001377377,0.11776569840371892,0.11537988538259095,0.08515138844479425,0.09631797722409426,0.11210861598248764,0.0,0.0,0.0,0.0,0.0,0.0,0.0,0.0,0.0,0.0,0.0,0.0,0.0,0.0,0.0,0.0,0.0,0.0,-0.44398188044458226,-5.1194677925301555,1.1331815357222916,-0.9299000425622845,31.877499,-22.051361
Torridge,E07000046,68114,66920,65452,288,54,1126,630,149,65,250,166,356,66,13,12,110,155,75,31,31,13,133,19,114,30053,3595,3801,2900,2524,5648,3723,2332,2211,3319,29852,23713,10453,3216,880,,2129,45,2530,92,250,3366,4662,954,1854,565,339,401,1455,1473,1161,2618,4735,1428,2021,0.9824705640543794,0.005226531990486537,0.0011010952227148603,0.009249199870804827,0.0019526088616143523,0.9609184602284405,0.004228205655225064,0.0007927885603546995,0.016531109610359102,0.00017617523563437766,0.0016149396599817953,0.0009689637959890772,0.0001908565052705758,0.0022755967936107114,0.0004551193587221423,0.0004551193587221423,0.0001908565052705758,0.0036703174090495345,0.000954282526352879,0.0021875091757935228,0.002437090759608891,0.00027894412308776464,0.0016736647385265878,0.4382652611797868,0.34813694688316643,0.15346331150717915,0.047214963150013216,0.012919517279854362,0.11962200113133464,0.12647655808072406,0.09649619006421987,0.0839849599041693,0.18793464878714272,0.12388114331347952,0.07759624663095198,0.07357002628689316,0.11043822580108476,0.0,0.0,0.0,0.0,0.0,0.0,0.0,0.0,0.0,0.0,0.0,0.0,0.0,0.0,0.0,0.0,0.0,0.0,-0.5998315658816804,-5.46757537185979,0.16839583299294103,-0.049787653771458766,37.055145,-15.308643
Tower Hamlets,E09000030,310306,122266,71177,3567,110,47412,15409,3593,2236,4374,5206,137856,10135,3341,107333,10279,6768,22693,15373,4930,2390,12082,3588,8494,155392,20628,49021,27819,11184,7508,9276,10470,6949,12537,164359,99697,31182,11172,3896,,90,129,3399,546,216,4906,17590,6298,12001,15545,18312,2732,21102,7234,6517,14077,16447,8248,2021,0.39401751819172043,0.444258248309733,0.07313103839435911,0.049657434919079875,0.0389357601851076,0.22937680869851051,0.011495104832004537,0.0003544887949314548,0.15279111586627395,0.3458940529670712,0.033125366573640215,0.03266130851482085,0.010766791489690822,0.02181072876450987,0.049541420404375036,0.01588754326374611,0.007702074726237971,0.014095763536638028,0.007205790413333935,0.0115788930926247,0.016776987876483213,0.011562779965582361,0.027372980219525243,0.5296674895103543,0.32128608534801134,0.10048790548684203,0.03600317106340193,0.012555348591390434,0.13274814662273476,0.3154666906919275,0.17902466021416805,0.07197281713344317,0.048316515650741354,0.05969419275123559,0.06737798599670511,0.044719161861614495,0.08067982907742999,0.0,0.0,0.0,0.0,0.0,0.0,0.0,0.0,0.0,0.0,0.0,0.0,0.0,0.0,0.0,0.0,0.0,0.0,9.464791696840042,3.042984806378849,1.9607186734683417,-3.080973365219605,-1.5795246,-5.558502
Trafford,E08000009,235053,182761,169550,4884,46,8281,8834,3091,1068,2443,2232,29588,10208,11479,634,4813,2454,8086,3636,3442,1008,5784,2457,3327,111558,16656,32126,16379,10964,7641,7792,7937,4475,7588,124806,72803,26515,8406,2522,,142,101,5919,676,692,7251,15373,4625,4259,7193,5389,2280,10896,5815,5435,12749,17923,4840,2021,0.7775310249177845,0.1258779934738123,0.034400752170787016,0.03758301319276929,0.024607216244846908,0.7213266795148329,0.02077829255529604,0.00019570054413259989,0.03523035230352303,0.002697264021305833,0.020476233019787026,0.04342850335881695,0.04883579448039378,0.010440198593508698,0.015468851705785503,0.01464350593270454,0.004288394532296971,0.010393400637303077,0.004543656111600363,0.0131502256937797,0.00949573075008615,0.010452961672473868,0.01415425457237304,0.5309696111089839,0.30973014596707976,0.1128043462538236,0.0357621472604051,0.01072949505005254,0.1493035013177002,0.2879757614872981,0.14682048799727496,0.09828071496441312,0.06849351906631528,0.06984707506409223,0.07114684737983828,0.04011366284802524,0.06801842987504259,0.0,0.0,0.0,0.0,0.0,0.0,0.0,0.0,0.0,0.0,0.0,0.0,0.0,0.0,0.0,0.0,0.0,0.0,5.947492273433889,0.3405160623168707,-1.1040027706209095,-1.6224672478353215,16.257647,-5.6238394
Tunbridge Wells,E07000116,115314,105562,97049,913,333,7267,2949,478,368,1285,818,4566,1692,367,548,681,1278,1131,828,174,129,1106,247,859,55895,10209,13095,8175,4905,5128,4438,3608,2098,4239,60833,37512,12586,3415,965,,568,81,2190,206,259,4611,7648,1665,2175,3197,5046,1093,5488,3277,2129,5781,7730,2753,2021,0.9154309103838215,0.03959623289453145,0.009808002497528487,0.025573651074457568,0.009591203149660926,0.8416063964479595,0.00791751218412335,0.002887767313595921,0.06301923443814281,0.004752241705256951,0.005905614235912378,0.01467297986367657,0.0031826144266958044,0.01108278266298975,0.007180394401373641,0.001508923461158229,0.001118684634996618,0.011143486480392668,0.0031912864006105068,0.004145203531227778,0.007093674662226616,0.002141977556931509,0.007449225592729417,0.527542189153095,0.3253030854883189,0.10914546369044521,0.029614790918708916,0.00836845482768788,0.18264603273995886,0.2342785580105555,0.1462563735575633,0.08775382413453797,0.09174344753555774,0.07939887288666249,0.06454960193219429,0.03753466320780034,0.07583862599516951,0.0,0.0,0.0,0.0,0.0,0.0,0.0,0.0,0.0,0.0,0.0,0.0,0.0,0.0,0.0,0.0,0.0,0.0,4.345656678138086,-1.6031469443909072,-3.3575615107817054,0.1680810383416405,18.867006,0.9045507
Uttlesford,E07000077,91344,86296,81245,844,105,4102,2016,498,262,731,525,1722,572,128,170,273,579,709,377,207,125,601,79,522,45743,8868,9467,7026,4584,4670,3478,2525,2101,3024,49323,29898,9180,2301,639,,697,24,3141,139,234,5060,5824,2412,1454,2238,2460,870,4561,2657,2302,4599,4906,2160,2021,0.9447363811525661,0.018851812926957437,0.007761867227185146,0.02207041513399895,0.006579523559292345,0.8894399194254685,0.009239796812051147,0.0011495007882291119,0.044907164126817306,0.001861096514275705,0.002988702049395691,0.006262042389210019,0.0014012961989840604,0.0063386757750919604,0.00412725521107024,0.002266158696794535,0.0013684533193203713,0.008002715011385532,0.0028682781572954984,0.0054519180241723595,0.005747503941145559,0.0008648624978104747,0.005714661061481871,0.5399697845507094,0.3273121387283237,0.10049921177088807,0.025190488702049395,0.006995533368365738,0.19386572808954375,0.2069606278556282,0.15359727171370482,0.10021205430339068,0.1020921233849988,0.07603349146317469,0.05519970268674988,0.04593052488905406,0.06610847561375512,0.0,0.0,0.0,0.0,0.0,0.0,0.0,0.0,0.0,0.0,0.0,0.0,0.0,0.0,0.0,0.0,0.0,0.0,3.997780675941874,-1.6994256107070485,-4.147851523837326,0.3687466395830734,20.185093,-1.1983756
Vale of Glamorgan,W06000014,131939,124800,121371,659,48,2722,2987,1005,477,734,771,2807,892,335,172,579,829,624,283,219,122,721,268,453,59915,8171,13209,8717,5979,5518,6189,4672,3013,4447,63999,42548,17533,5906,1953,,387,69,3083,447,415,4548,7768,2265,2774,2271,2642,1026,4020,2498,6339,6415,10091,2854,2021,0.9458916620559501,0.021274983136146248,0.00472945831027975,0.022639249956419253,0.005464646541204648,0.9199023791297494,0.004994732414221724,0.00036380448540613463,0.020630746026572885,0.0013036327393719826,0.004388391605211499,0.006760700020464003,0.002539052137730315,0.006283206633368451,0.002144930611873669,0.0016598579646654895,0.0009246697337405922,0.005563176922668809,0.003615307073723463,0.007617156413190944,0.005843609546836038,0.0020312417101842517,0.003433404831020396,0.4850650679480669,0.32248235927208785,0.1328871675547033,0.04476311022517982,0.014802294999962103,0.13637653342234832,0.22046232162229826,0.145489443378119,0.09979137110907119,0.09209713761161646,0.10329633647667529,0.0779771342735542,0.050287907869481764,0.07422181423683552,0.0,0.0,0.0,0.0,0.0,0.0,0.0,0.0,0.0,0.0,0.0,0.0,0.0,0.0,0.0,0.0,0.0,0.0,2.2745131991901637,-2.9961062537696725,-1.1499365416790444,-1.8408065350257532,25.728418,-11.922079
Vale of White Horse,E07000180,138913,126104,115517,1146,119,9322,3452,734,435,1266,1017,5490,1587,650,257,1283,1713,2315,1450,503,362,1552,350,1202,70864,10709,19019,10630,6325,6780,5179,3833,3345,5044,72726,46700,14989,3585,913,,657,146,4769,446,561,5732,8146,1988,2514,5269,1387,956,8120,3202,5378,10062,8243,3285,2021,0.9077912074463873,0.03952113913024699,0.016665106937435663,0.024850086025066047,0.011172460460863993,0.8315780380525941,0.008249767840302923,0.0008566512853368655,0.06710675026815345,0.0018500788263157515,0.009235996630984861,0.011424416721257189,0.004679187693016493,0.012331459258672694,0.010438187930575252,0.0036209713993650703,0.0026059476074953387,0.009113617875936737,0.0031314563791725756,0.005283882717960162,0.007321129051996574,0.0025195626039319573,0.008652897856932037,0.523536314095873,0.3361816388674926,0.10790206820096031,0.02580751981456019,0.0065724590211139345,0.15112045608489502,0.2683873334838564,0.15000564461503726,0.08925547527658614,0.09567622488146309,0.0730836531948521,0.05408952359449085,0.047203093249040415,0.07117859561977873,0.0,0.0,0.0,0.0,0.0,0.0,0.0,0.0,0.0,0.0,0.0,0.0,0.0,0.0,0.0,0.0,0.0,0.0,4.546580143374573,-1.2674688097459155,-3.243592980064041,0.16403952560580803,19.327486,-2.9436927
Wakefield,E08000036,353370,328742,311634,963,280,15865,4938,1338,859,1708,1033,12633,2291,7107,74,1113,2048,4516,3589,361,566,2541,559,1982,164641,17223,24634,20031,15270,17587,15735,13016,16680,24465,157984,121164,51084,17900,5238,,631,240,15989,1377,1541,15422,33869,9950,6436,4368,4776,2306,6811,7951,9933,13772,23332,5935,2021,0.9303053456716756,0.03575006367263774,0.012779805869202252,0.013974021563799984,0.007190763222684439,0.8818915018252823,0.0027251888954919774,0.0007923706030506268,0.044896284347850694,0.0002094122308062371,0.0031496731471262417,0.006483289469960665,0.020112063842431447,0.005795624982313156,0.010156493194102499,0.0010215920989331297,0.0016017205761666242,0.004833460678608824,0.002430879814358887,0.003786399524577638,0.0029232815462546338,0.0015819113110903586,0.0056088519115940795,0.4470781334012508,0.3428813991000934,0.14456235673656506,0.05065512069502221,0.014822990067068512,0.10460942292624559,0.14962251201098148,0.12166471292083988,0.09274725007744122,0.10682029385147078,0.09557157694620416,0.07905685704046987,0.10131133800207724,0.14859603622426978,0.0,0.0,0.0,0.0,0.0,0.0,0.0,0.0,0.0,0.0,0.0,0.0,0.0,0.0,0.0,0.0,0.0,0.0,0.6259211506493834,-4.285503887233466,1.2488434199076948,-0.35273872451887145,27.499277,-19.677595
Walsall,E08000030,284126,202724,191529,1070,356,9769,9317,4834,620,2386,1477,53199,22726,19739,6378,891,3465,13024,6439,4889,1696,5862,509,5353,118536,11430,17660,12590,11247,14409,12276,10354,12558,16012,126170,97681,41567,14222,4484,,156,56,13295,556,1247,11449,21851,8739,5211,2583,2847,1675,4186,5610,5564,11330,18063,4117,2021,0.7135003484369611,0.18723735244222633,0.045838817989201974,0.032791789558153775,0.020631691573456845,0.6740988153143324,0.003765934831729585,0.0012529652337343292,0.034382633057164776,0.022447787249318965,0.0031359326495991216,0.07998564017372574,0.06947269873225259,0.012195293637329917,0.022662480730380182,0.017207154572267232,0.005969182686554557,0.008397682718230643,0.00218213046324518,0.017013578482785806,0.0051983978938921465,0.0017914587190190267,0.01884023285443782,0.4440635492703941,0.3437946544842781,0.1462977692995361,0.05005525717463379,0.015781730640631268,0.09642640210568941,0.14898427481946414,0.1062124586623473,0.09488256732132011,0.12155800769386516,0.10356347438752785,0.08734899102382399,0.10594249848147398,0.1350813255044881,0.0,0.0,0.0,0.0,0.0,0.0,0.0,0.0,0.0,0.0,0.0,0.0,0.0,0.0,0.0,0.0,0.0,0.0,1.7416263602622593,-3.23014192648307,3.736498522776888,1.1006919853276544,17.055563,-19.186432
Waltham Forest,E09000031,278428,147024,94766,4230,198,47830,17983,5135,2777,3875,6196,55545,9134,28740,5166,2626,9879,41647,18759,17587,5301,16229,2884,13345,140372,17473,32185,21194,11608,14037,10474,9284,8341,15776,143437,93169,29590,9277,2953,,77,49,4065,368,491,14850,17360,6571,8304,9506,5384,2559,12705,9471,7322,15087,17492,8707,2021,0.5280503397646789,0.1994950220523798,0.14957906532388984,0.06458761331475282,0.058287959544298704,0.34036088324450126,0.015192437542201216,0.0007111353743158016,0.17178588360366054,0.018554168402603186,0.009431522691683307,0.03280560863131582,0.10322237705977846,0.03548134526699901,0.06737468932722283,0.06316534256612122,0.01903903343054578,0.013917422098352178,0.009973853204419096,0.01844282902581637,0.022253508986165186,0.010358153633973594,0.04792980591032511,0.5151672963926042,0.3346251095435804,0.10627523093941701,0.033319206401655005,0.010605973537144252,0.12447639130310888,0.22928361781551876,0.15098452682871227,0.08269455446955233,0.09999857521443023,0.07461602028894651,0.0661385461488046,0.059420682187330806,0.11238708574359559,0.0,0.0,0.0,0.0,0.0,0.0,0.0,0.0,0.0,0.0,0.0,0.0,0.0,0.0,0.0,0.0,0.0,0.0,8.55142442486,2.38996894751572,3.8149668892751807,1.0942045889878915,7.0175996,-8.046045
Wandsworth,E09000032,327506,222090,157048,8061,120,56861,20598,5340,2494,5776,6988,38314,9599,12249,1639,4658,10169,33062,17330,11356,4376,13442,3860,9582,190442,35827,61870,37329,13285,7838,11073,8031,5178,10011,198576,91919,26746,7868,2397,,100,452,4972,932,310,8684,18780,5358,9278,17974,18887,5424,29435,10016,8910,16117,23082,11730,2021,0.6781249809163802,0.11698716970070777,0.10095082227501176,0.06289350424114368,0.04104352286675664,0.4795270926334174,0.024613289527520107,0.0003664055009679212,0.17361819325447472,0.005004488467386857,0.014222640195904808,0.029309386698258964,0.037400841511300555,0.03104981282785659,0.052915061098117284,0.03467417390826428,0.013361587268630194,0.01763631811325594,0.007615127661783296,0.016305044793072494,0.021337013673031945,0.011786043614468132,0.02925747925228851,0.606327823001716,0.28066356036225293,0.08166567940740017,0.0240239873467967,0.007318949881834226,0.18812551853057624,0.32487581520882997,0.19601243423194464,0.06975877169952006,0.04115688766133521,0.05814368679177912,0.04217031957236324,0.027189380493798637,0.05256718580985287,0.0,0.0,0.0,0.0,0.0,0.0,0.0,0.0,0.0,0.0,0.0,0.0,0.0,0.0,0.0,0.0,0.0,0.0,10.982312655022007,3.9604640835134672,-1.8355208671130574,-1.881440682389135,8.462524,-4.2195983
Warrington,E06000007,210973,197305,185940,1366,115,9884,3335,785,593,1204,753,6954,2347,1760,197,1326,1324,1576,1075,277,224,1803,393,1410,103191,13604,20853,13972,10010,8742,8344,8503,7152,12011,105613,69138,25599,8265,2359,,312,128,7428,1025,2076,8414,17513,6492,4163,5303,2879,1464,7349,5726,5619,8601,14608,4090,2021,0.9352144587222062,0.0329615638020031,0.00747015020879449,0.015807709991325903,0.008546117275670347,0.881345006233025,0.006474762173358677,0.0005450934479767553,0.04684959686784565,0.0009337687760993113,0.006285164452323283,0.011124646281751693,0.0083422997255573,0.006275684566271513,0.005095438752826191,0.0013129642181700977,0.0010617472377982017,0.005706891403165334,0.0028107862143497034,0.003720855275319591,0.003569177098491276,0.0018627976091727377,0.006683319666497609,0.5005996027927744,0.3277101809236253,0.12133780151962574,0.03917562910893811,0.011181525598062311,0.13183320250797065,0.2020815768817048,0.135399404986869,0.09700458373307749,0.08471669040904731,0.08085976490197788,0.08240059695128452,0.06930836991598105,0.1163958097120873,0.0,0.0,0.0,0.0,0.0,0.0,0.0,0.0,0.0,0.0,0.0,0.0,0.0,0.0,0.0,0.0,0.0,0.0,2.4163288129936613,-2.7482402957986345,-1.026475560075607,-0.6471748310913927,24.902706,-9.731376
Warwick,E07000222,148454,125534,112650,2114,55,10715,4479,1166,450,1745,1118,14403,10112,883,132,1456,1820,1616,1000,445,171,2422,302,2120,72748,11452,21877,10382,5851,5590,4920,4299,3013,5364,77332,49195,16306,4393,1227,,413,33,8322,1555,477,4335,9094,2273,3258,5057,2029,1015,6847,2910,3310,9099,9463,3263,2021,0.8456087407547119,0.09701995230845918,0.010885526829859755,0.03017096204885015,0.016314818058119015,0.7588209142225875,0.014240101310843764,0.00037048513344200895,0.07217724008783866,0.0008891643202608216,0.009807751896210274,0.06811537580664717,0.005947970415078071,0.012259689870262842,0.006736093335309254,0.002997561534212618,0.0011518719603378824,0.011754482870114649,0.003031242000889164,0.00785428482897059,0.007530952348875746,0.0020343001872633946,0.014280517870855618,0.5209155698061352,0.33138211163053877,0.1098387379255527,0.029591658022013554,0.008265186522424455,0.1574201352614505,0.30072304393247923,0.14271182712926817,0.08042832792654094,0.07684060042887778,0.06763072524330566,0.0590944080936933,0.04141694617034145,0.073733985814043,0.0,0.0,0.0,0.0,0.0,0.0,0.0,0.0,0.0,0.0,0.0,0.0,0.0,0.0,0.0,0.0,0.0,0.0,5.316793914537068,-0.7048197968794446,-2.6184990412831244,-0.21455883575711132,16.692993,-3.8361204
Watford,E07000103,102245,62228,46820,2149,80,13179,4844,1300,692,1408,1444,25037,9954,8197,493,1024,5369,6488,3954,1733,801,3648,763,2885,52859,6703,12278,7136,4928,4916,4570,3774,3224,5330,53559,34277,10601,2955,854,,34,39,2314,246,269,4916,8168,3085,2597,3890,2047,857,3526,3304,2136,4709,8422,2296,2021,0.608616558266908,0.24487260990757495,0.06345542569318793,0.047376399823952274,0.035679006308376934,0.4579197026749474,0.021018142696464376,0.0007824343488679153,0.1288962785466282,0.004821751674898528,0.010015159665509315,0.09735439385789037,0.08017017947087877,0.05251112523839797,0.03867181769279671,0.016949484082351217,0.007834123918040002,0.01377084454007531,0.006768057117707467,0.012714558169103624,0.014122939997065872,0.007462467602327742,0.028216538706049194,0.5238300161377084,0.33524377720181914,0.10368233165435962,0.02890116876130862,0.008352486674164996,0.12680905806012222,0.23227832535613613,0.13500066213889783,0.09322915681340926,0.09300213776272725,0.08645642180139616,0.07139749143948997,0.06099245161656482,0.10083429501125636,0.0,0.0,0.0,0.0,0.0,0.0,0.0,0.0,0.0,0.0,0.0,0.0,0.0,0.0,0.0,0.0,0.0,0.0,6.861203367531874,1.0885187924318076,1.6210240335509003,1.692912870966351,10.174894,-9.079964
Waverley,E07000216,128226,120088,111321,1294,257,7216,2846,438,314,1324,770,3625,796,830,246,801,952,887,588,194,105,780,145,635,60722,12671,15528,9256,4951,5301,4737,3027,1710,3541,70073,41167,12883,3236,870,,363,126,2814,258,275,4745,6819,1611,2184,5116,3334,1137,7148,3722,2905,7450,7092,3620,2021,0.9365339322758255,0.028270397579274093,0.00691747383525962,0.022195186623617674,0.006083009686023115,0.868162463150999,0.010091557094505014,0.0020042737042409494,0.05627563832608051,0.0019184876702072902,0.006246783023723738,0.0062077893718902565,0.00647294620435793,0.00742439130909488,0.004585653455617425,0.0015129536911390826,0.0008188666885031117,0.010325519005505903,0.002448801335142639,0.00341584390061298,0.006005022382356152,0.0011308159031709639,0.004952193782852152,0.54648043298551,0.32105033300578667,0.10047104331414845,0.025236691466629234,0.006784895419025783,0.20867230987121635,0.2557228022792398,0.15243239682487403,0.0815355225453707,0.08729949606402951,0.07801126445110504,0.04985013668851487,0.028161127762590166,0.05831494351305952,0.0,0.0,0.0,0.0,0.0,0.0,0.0,0.0,0.0,0.0,0.0,0.0,0.0,0.0,0.0,0.0,0.0,0.0,4.870318656087804,-1.3395183857249158,-4.862578010104159,-0.17817152995236718,19.285126,-0.15623598
Wealden,E07000065,160152,153809,146968,1092,397,5352,2709,524,389,1060,736,2250,712,83,246,437,772,646,371,196,79,738,158,580,74545,12879,13625,10220,7390,9736,7230,4892,3119,5454,77218,55635,20209,5627,1461,,1209,43,3876,256,540,8664,10453,2336,3035,3030,3640,1363,5610,4317,3904,6954,11066,4242,2021,0.960393875817973,0.014049153304360858,0.004033668015385384,0.016915180578450473,0.004608122283830361,0.9176782057045807,0.00681852240371647,0.0024788950497027823,0.03341825265997302,0.001536040761276787,0.002728657775113642,0.004445776512313302,0.0005182576552275338,0.004820420600429592,0.0023165492781857234,0.0012238373545132124,0.0004932813826864479,0.006618712223387782,0.0024289425046206104,0.003271891702882262,0.004595634147559818,0.0009865627653728958,0.003621559518457465,0.4821544532693941,0.3473887307058295,0.1261863729457016,0.03513537139717269,0.00912258354563165,0.1727681266349185,0.18277550472868737,0.13709839694144477,0.09913475082165135,0.13060567442484405,0.09698839627070897,0.06562479039506339,0.041840499027433094,0.07316386075524851,0.0,0.0,0.0,0.0,0.0,0.0,0.0,0.0,0.0,0.0,0.0,0.0,0.0,0.0,0.0,0.0,0.0,0.0,2.1914850639552172,-3.2020507789004458,-2.8312572437216645,0.7171047910661783,27.24432,-3.0008903
Welwyn Hatfield,E07000241,119835,94298,80551,1569,267,11911,4931,1337,863,1353,1378,10595,5211,1198,598,1324,2264,7307,5553,1069,685,2704,534,2170,58149,8411,12148,7923,5630,5136,4982,4603,3191,6125,61896,40200,13130,3664,946,,178,31,3366,203,537,5195,10778,2934,2441,3534,2176,1007,4160,3397,2704,5647,7245,2617,2021,0.7868986523135979,0.0884132348646055,0.060975507990153124,0.04114824550423499,0.02256435932740852,0.6721825843868653,0.013093002878958569,0.00222806358743272,0.0993950014603413,0.004990194851253807,0.01104852505528435,0.043484791588434095,0.009997079317394752,0.018892644052238495,0.046338715734134436,0.008920599157174448,0.005716193098844244,0.011290524471147829,0.007201568823799391,0.011157007552050737,0.011499144657237035,0.00445612717486544,0.01810823215254308,0.5165102015270998,0.3354612592314432,0.10956732173405098,0.03057537447323403,0.007894187841615555,0.14464565168790522,0.20891158919327935,0.1362534179435588,0.09682023766530809,0.08832482071918692,0.08567645187363497,0.07915871296152986,0.054876266143871776,0.10533285181172505,0.0,0.0,0.0,0.0,0.0,0.0,0.0,0.0,0.0,0.0,0.0,0.0,0.0,0.0,0.0,0.0,0.0,0.0,5.323838568677835,-0.33525573635579925,-0.024641811091820832,0.9814962594401697,13.632705,-9.736035
West Berkshire,E06000037,161447,148384,138253,1404,190,8537,3857,1054,501,1274,1028,5990,3087,658,398,801,1046,2030,1095,627,308,1186,279,907,82307,13269,18327,12023,7806,8216,7031,5211,4027,6397,82413,55946,17685,4319,1086,,752,127,5216,579,870,6818,11628,2805,3000,9566,2685,1496,6339,4745,5040,8510,8394,3736,2021,0.9190879979188217,0.03710195915687501,0.012573785824450128,0.023890193066455245,0.007346064033397957,0.8563367544767013,0.008696352363314277,0.001176856801303214,0.05287803427750283,0.002465205299571996,0.00496138051496776,0.01912082602959485,0.004075640922407973,0.006478906390332431,0.006782411565405365,0.0038836274443006065,0.0019077468147441574,0.007891134551896288,0.0031031855655416327,0.006528458255650461,0.006367414693366863,0.0017281213029662985,0.005617942730431659,0.5104647345568515,0.34652858213531373,0.10954059226867022,0.026751813288571482,0.006726665716922582,0.1612135055341587,0.22266635887591577,0.14607506044443364,0.0948400500564958,0.09982140036691897,0.08542408300630566,0.06331174748198817,0.04892657975627832,0.07772121447750495,0.0,0.0,0.0,0.0,0.0,0.0,0.0,0.0,0.0,0.0,0.0,0.0,0.0,0.0,0.0,0.0,0.0,0.0,3.6524515422022,-1.9339918683691253,-2.8892318074216687,0.8557856611277705,21.350853,-3.6970901
West Devon,E07000047,57094,55847,54196,271,40,1340,626,113,66,223,224,337,70,10,18,97,142,122,68,26,28,162,44,118,25384,3458,4444,2889,2122,4264,2456,1751,1529,2471,26007,19802,8236,2380,671,,1530,60,1787,90,251,2487,3660,837,1585,690,347,371,1572,1133,1477,2496,3793,1208,2021,0.9781588257960556,0.005902546677409185,0.0021368269870739483,0.010964374540231898,0.002837425999229341,0.9492416015693418,0.004746558307352787,0.0007005990121553929,0.023470066907205663,0.0003152695554699268,0.0016989526044768276,0.0012260482712719374,0.00017514975303884822,0.0024871264931516446,0.0011910183206641678,0.0004553893579010054,0.000490419308508775,0.003905839492766315,0.0011559883700563982,0.001979192209338985,0.0039233544680702,0.0007706589133709322,0.002066767085858409,0.45551196272813255,0.3468315409675272,0.14425333660279538,0.041685641223245876,0.011752548428906716,0.13622754491017963,0.17507091080995904,0.11381184998424204,0.08359596596281121,0.1679798298140561,0.09675386069965332,0.06898046013236685,0.06023479357075323,0.09734478411597856,0.0,0.0,0.0,0.0,0.0,0.0,0.0,0.0,0.0,0.0,0.0,0.0,0.0,0.0,0.0,0.0,0.0,0.0,0.6575450551468723,-4.480384911643643,-1.270718407220807,-0.08056201867358759,34.971073,-12.880543
West Lancashire,E07000127,117429,113795,108998,657,29,4111,1547,342,312,509,384,1232,447,119,36,264,366,388,245,100,43,467,148,319,53546,7088,9972,6289,4921,5499,5222,4121,4357,6077,56460,38918,15404,5114,1534,,1085,102,4628,202,412,4573,9040,2700,2394,1423,1470,694,2790,2509,3256,5634,8379,2254,2021,0.9690536409234516,0.01049144589496632,0.0033041241941939386,0.013173917856747482,0.003976871130640642,0.9282034250483271,0.005594870091714994,0.00024695773616397994,0.03500838804724557,0.0003065682242035613,0.0022481669774927827,0.003806555450527553,0.0010133782966728832,0.00311677694606954,0.0020863670813853477,0.0008515784005654481,0.00036617871224314265,0.004334534058878131,0.002656924609764198,0.0029123981299338324,0.0032700610581713205,0.0012603360328368631,0.0027165350978037794,0.48080116495925196,0.33141728193206105,0.13117713682310161,0.04354971940491701,0.013063212664673973,0.13237216598812238,0.18623239831173197,0.11745041646434841,0.09190228962013969,0.10269674672244425,0.09752362454711837,0.07696186456504688,0.08136928995629926,0.11349120382474881,0.0,0.0,0.0,0.0,0.0,0.0,0.0,0.0,0.0,0.0,0.0,0.0,0.0,0.0,0.0,0.0,0.0,0.0,1.3202093724088324,-3.816066284412624,-0.6059686729145796,-0.8955693498599883,27.545124,-12.488795
West Lindsey,E07000142,95153,92261,89964,372,216,1709,1081,321,169,358,233,1136,547,118,17,186,268,333,183,106,44,342,88,254,42137,5742,7453,5085,3877,5323,4337,3073,3324,3923,41693,34181,13948,4227,1104,,1721,125,3946,411,495,4022,6308,1885,1524,897,519,510,1874,1889,3122,4585,6562,1742,2021,0.9696068437148593,0.011938667199142433,0.0034996269166500268,0.011360650741437474,0.003594211427910838,0.9454667745630722,0.003909493132113543,0.002270028270259477,0.0179605477494141,0.0001786596323815329,0.0019547465660567716,0.005748636406629324,0.00124010803653064,0.0028165165575441656,0.0019232183956365012,0.0011139953548495582,0.0004624131661639675,0.003762361670152281,0.0017760869336752388,0.0033735142349689447,0.00244868790264101,0.000924826332327935,0.0026693850955829034,0.43816800311077947,0.3592214643784221,0.1465849736739777,0.04442319212216115,0.011602366714659548,0.13626978664831382,0.17687543014452856,0.12067778911645348,0.09200939791632057,0.12632603175356574,0.10292616939981489,0.07292877993212615,0.07888554002420675,0.09310107506467001,0.0,0.0,0.0,0.0,0.0,0.0,0.0,0.0,0.0,0.0,0.0,0.0,0.0,0.0,0.0,0.0,0.0,0.0,0.6000820878364823,-4.519636991543662,-0.9507409227491599,0.5949582559496318,33.604893,-10.746709
West Northamptonshire,E06000062,425723,365758,319509,3872,340,42037,12116,4619,1797,2720,2980,22463,9661,2916,4660,1892,3334,20661,14304,3647,2710,4725,685,4040,215995,28471,37897,27068,20833,21932,18001,14527,16341,30925,209457,149226,49482,13891,3669,,1754,94,18801,1271,1311,20805,39165,16404,8321,8118,8723,2505,11883,11681,9518,18396,27628,9613,2021,0.8591455007129049,0.05276435616586372,0.048531556904372095,0.028459820117776112,0.011098766099083206,0.7505091338734341,0.009095115838232842,0.0007986413700927598,0.09874260963114513,0.010946084660683121,0.004444204330045593,0.022693159636665156,0.006849524221148494,0.007831383317321357,0.03359931222884364,0.008566603166847927,0.006365641508680527,0.006389130960742079,0.004221054535460851,0.010849777907230757,0.006999856714342424,0.0016090274662162957,0.009489738632866911,0.4920030160456447,0.3505236973337123,0.11623050669097042,0.03262919785870155,0.00861827996138334,0.13181323641750967,0.17545313548924743,0.12531771568786315,0.09645130674321165,0.10153938748582143,0.08333989212713257,0.06725618648579829,0.07565452904002408,0.14317461052339175,0.0,0.0,0.0,0.0,0.0,0.0,0.0,0.0,0.0,0.0,0.0,0.0,0.0,0.0,0.0,0.0,0.0,0.0,3.3042481619651705,-1.9473818902137483,0.21403207700774013,1.33832402760011,21.382118,-15.575597
West Oxfordshire,E07000181,114236,108773,101648,851,187,6087,2141,478,294,818,551,1936,498,134,211,404,689,722,475,160,87,664,133,531,58923,9428,12007,8946,5521,6745,5105,3476,3170,4525,58560,38834,12766,3198,879,,774,84,4665,230,383,5290,7485,1898,2569,3244,1328,981,4552,3011,4996,7096,7086,3259,2021,0.9521779474071221,0.016947372106866487,0.006320249308449175,0.018741902727686544,0.005812528449875696,0.889807066073742,0.0074494905283798455,0.0016369620785041492,0.053284428726496025,0.0018470534682586924,0.0035365383942014775,0.0043593963374067716,0.0011730102594628663,0.006031373647536678,0.004158058755558668,0.0014006092650302882,0.0007615812878602192,0.007160614867467348,0.0025736195244931547,0.004184320179277986,0.004823348156448055,0.001164256451556427,0.004648271998319269,0.5126229910010854,0.33994537623866383,0.11175111173360412,0.027994677684792885,0.007694597149760145,0.16000543081648932,0.20377441746007502,0.15182526347945624,0.09369855574223987,0.11447142881387573,0.08663849430612834,0.058992244115201195,0.05379902584729223,0.07679513941924206,0.0,0.0,0.0,0.0,0.0,0.0,0.0,0.0,0.0,0.0,0.0,0.0,0.0,0.0,0.0,0.0,0.0,0.0,3.1406580777505133,-2.419291252211043,-3.2259759242576127,0.6082375112666312,22.73917,-2.8291106
West Suffolk,E07000245,179948,165156,147935,1387,268,15566,4880,899,840,1169,1972,4731,1442,493,286,600,1910,2873,1312,561,1000,2308,234,2074,89619,11402,14748,13094,8094,10962,9252,5825,6778,9464,85843,63799,22468,6150,1688,,1592,52,8222,415,539,8116,12872,3785,3971,2673,1656,1104,5583,4550,7893,7573,13025,6005,2021,0.9177984751150332,0.026290928490452798,0.015965723431213462,0.027118945473136685,0.012825927490163825,0.8220986062640319,0.007707782248205037,0.0014893191366394736,0.08650276746615689,0.0015893480338764533,0.0033342965745659855,0.008013426100873586,0.0027396803521017184,0.010614177429035055,0.007290995176384289,0.0031175672972191966,0.005557160957609976,0.0064963211594460625,0.00466801520439238,0.0049958877008913685,0.010958721408406874,0.0013003756640807345,0.011525551826083091,0.4770433680841132,0.35454131193455884,0.12485829239558094,0.034176539889301354,0.00938048769644564,0.1272274852430846,0.1645633180463964,0.14610741025898527,0.09031566966826231,0.122317812071101,0.10323703678907374,0.06499737778819224,0.07563128354478403,0.1056026065901204,0.0,0.0,0.0,0.0,0.0,0.0,0.0,0.0,0.0,0.0,0.0,0.0,0.0,0.0,0.0,0.0,0.0,0.0,2.802122055974249,-2.6429326370346486,-0.5779607922137371,0.8820664495172021,21.706882,-13.149359
Westminster,E09000033,204236,112732,57162,3742,49,51779,13335,2061,2089,3718,5467,34242,7965,2461,7533,6625,9658,16456,10451,4307,1698,27471,15439,12032,101742,22858,31136,17588,6750,3481,6187,5211,2781,5750,115033,58977,19840,7404,2982,,70,276,2752,486,203,3527,11175,2707,6443,9139,13677,3151,14989,4088,4012,7534,9759,7755,2021,0.5519692904287197,0.16765898274545135,0.08057345423921346,0.06529211304569224,0.13450615954092324,0.27988209718169177,0.018321941283613075,0.00023991852562721557,0.25352533343778766,0.036883801092853365,0.03243796392408782,0.03899900115552596,0.012049785542215868,0.047288431030768324,0.05117119410877612,0.02108834877298811,0.008313911357449225,0.018204430169020153,0.010228363266025579,0.01009126696566717,0.026768052644979338,0.07559392075833839,0.05891223878258485,0.5632356685403161,0.2887688752227815,0.09714252139681545,0.03625217885191641,0.014600755988170547,0.22466631283049282,0.3060289752511254,0.17286862849167503,0.06634428259715752,0.034213992254919307,0.06081067798942423,0.0512177861650056,0.027333844430028897,0.05651549999017122,0.0,0.0,0.0,0.0,0.0,0.0,0.0,0.0,0.0,0.0,0.0,0.0,0.0,0.0,0.0,0.0,0.0,0.0,12.782721890896385,5.2549584991308524,1.2187109382091472,-5.157775020930013,7.1359878,-3.2186635
Westmorland and Furness,E06000064,226593,221136,214336,828,104,5868,1952,398,271,724,559,2196,538,138,168,505,847,588,393,143,52,721,165,556,108653,13697,18551,11971,8401,17528,10485,8410,7397,12213,104996,79034,30697,9330,2535,,4195,553,11155,987,1076,10018,16164,3518,10406,2202,1400,1227,4912,5036,7330,9374,14140,4970,2021,0.9759171730812514,0.009691384994240776,0.0025949610093868743,0.008614564439325133,0.00318191647579581,0.9459074199114712,0.0036541287683202923,0.0004589726955378145,0.02589665170592207,0.0007414174312533927,0.0022286654927557337,0.0023743010596090786,0.0006090214613867154,0.0037379795492358545,0.001734387205253472,0.0006310874563644949,0.00022948634776890725,0.0031951560727824777,0.0011959769277956511,0.0017564532002312516,0.002466978238515753,0.0007281778342667249,0.002453738641529085,0.46336824173738816,0.34879276941476567,0.13547196956657973,0.04117514662853663,0.011187459453734228,0.12606186667648386,0.17073619688365715,0.1101764332324004,0.0773195401875696,0.1613209023220712,0.09649986654763329,0.07740237269104397,0.06807911424442951,0.11240370721471105,0.0,0.0,0.0,0.0,0.0,0.0,0.0,0.0,0.0,0.0,0.0,0.0,0.0,0.0,0.0,0.0,0.0,0.0,0.5378052108847811,-4.557483061815552,-0.8682490167411512,0.08605975515885333,35.318134,-12.922828
Wigan,E08000010,329330,312952,302482,1353,247,8870,4353,1148,885,1293,1027,5826,1532,1342,156,1234,1562,3907,3081,331,495,2292,711,1581,154614,16153,25062,19252,15038,18014,16478,12747,14327,17543,152373,110193,46214,16085,4466,,349,118,13750,1085,1803,17544,26191,8770,6007,4304,3669,1738,6768,7962,9786,13377,25183,6206,2021,0.9502687274162694,0.017690462454073422,0.011863480399599186,0.013217745118877721,0.006959584611180275,0.9184769076610088,0.004108341177542283,0.0007500075911699511,0.026933470986548448,0.00047368900494944283,0.0037470014878693103,0.004651868946041964,0.004074940029757386,0.004742962985455319,0.009355357847751496,0.0010050709015273435,0.0015030516503203473,0.003926153098715574,0.0026872741626939546,0.0034858652415510278,0.003118452615917165,0.002158928734096499,0.004800655877083776,0.46267573558436825,0.334597516169192,0.140327331248292,0.048841587465460176,0.013560866000668022,0.10447307488325766,0.16209398890139315,0.1245165379590464,0.09726156751652502,0.11650950108010917,0.10657508375696897,0.08244402188676317,0.09266301887280583,0.11346320514313063,0.0,0.0,0.0,0.0,0.0,0.0,0.0,0.0,0.0,0.0,0.0,0.0,0.0,0.0,0.0,0.0,0.0,0.0,0.7272505897009641,-4.151256947123103,0.44571206314962847,-0.7627574858563262,30.30364,-19.65607
Wiltshire,E06000054,510333,481413,459594,2591,711,18517,8709,2479,1161,2703,2366,10876,2810,396,934,1494,5242,5786,2984,1589,1213,3549,637,2912,252345,36607,46920,37260,25833,28608,22686,16548,15405,22478,252803,173908,62034,16995,4593,,4405,235,20045,1220,1955,20270,34664,8800,11054,11529,7716,4005,16282,13202,30238,23361,31793,11571,2021,0.9433311190928276,0.021311574991231215,0.011337695191179093,0.017065327932937906,0.006954282791824162,0.9005766822839205,0.005077077124152269,0.001393207964211603,0.03628415172054325,0.00183017755073648,0.0029275002792294442,0.005506208691187911,0.0007759639294343105,0.01027172454064307,0.005847162538969653,0.0031136532420987864,0.002376879410110653,0.005296541669850862,0.0022749851567505923,0.004857612578453676,0.004636188527882774,0.001248204603660747,0.005706078188163415,0.495368710234298,0.3407735733334901,0.12155592524880814,0.03330178530488916,0.009000005878514617,0.14506726901662406,0.18593592106045295,0.14765499613624206,0.10237175295726089,0.11336860250847054,0.08990073114188908,0.06557688878321345,0.061047375616715215,0.08907646277913174,0.0,0.0,0.0,0.0,0.0,0.0,0.0,0.0,0.0,0.0,0.0,0.0,0.0,0.0,0.0,0.0,0.0,0.0,2.384416853860201,-2.851260865898136,-2.165286364970186,0.5219778475957167,24.271172,-6.104303
Winchester,E07000094,127444,119305,112304,902,374,5725,2590,409,316,1111,754,3917,1102,206,271,793,1545,792,499,199,94,840,186,654,60574,11084,16313,8850,5069,5066,4368,3320,2038,4466,67850,41989,13236,3466,902,,857,78,3162,315,292,4578,6893,1999,2742,4057,2211,1031,5499,3032,5315,6840,8788,2886,2021,0.9361366560999341,0.030735067951413956,0.006214494209221305,0.020322651517529267,0.006591130221901384,0.8812027243338251,0.007077618404946486,0.002934622265465616,0.044921691095696936,0.0021264241549229465,0.006222340792818807,0.008646935124446815,0.0016163962210853395,0.012122971658140046,0.003915445215153322,0.001561470135902828,0.0007375788581651548,0.008717554376824331,0.002479520416810521,0.003209252691378174,0.005916324032516242,0.0014594645491353064,0.005131665672766078,0.5323906970904868,0.3294701986754967,0.10385738049653181,0.027196258748940712,0.007077618404946486,0.18298279790008914,0.2693069633836299,0.1461022881104104,0.08368276818436954,0.08363324198501007,0.07211014626737544,0.05480899395780368,0.03364479809819394,0.07372800211311784,0.0,0.0,0.0,0.0,0.0,0.0,0.0,0.0,0.0,0.0,0.0,0.0,0.0,0.0,0.0,0.0,0.0,0.0,4.375707568250734,-1.6508790849458557,-4.295078126269668,0.3445700473945664,19.15318,0.6256185
Windsor and Maidenhead,E06000040,153497,122551,105991,2176,287,14097,5238,926,617,2195,1500,20072,9823,6177,405,1329,2338,2358,1433,628,297,3278,816,2462,76302,15930,18678,12666,6582,5784,5427,3770,2848,4617,85594,48793,14471,3636,1002,,267,224,5201,505,514,5249,8999,3883,3295,9040,2833,1479,7412,4450,3355,7928,7529,4136,2021,0.7983934539437253,0.13076477064698333,0.015361863749780127,0.03412444542890089,0.02135546623061037,0.6905086092887809,0.014176172824224578,0.001869743382606826,0.09183892844811299,0.0026384880486263573,0.008658149670677602,0.06399473605347336,0.04024182883053089,0.01523156804367512,0.00933568734242363,0.004091285171697167,0.0019348912356593289,0.014299953745024333,0.004019622533339414,0.006032691192661746,0.009772177957875399,0.005316064809084217,0.016039401421526153,0.5576265334175913,0.3178759193990762,0.09427545815227659,0.023687759369889965,0.006527814875860766,0.20877565463552725,0.24479043799638278,0.1659982700322403,0.08626248329008414,0.07580404183376582,0.07112526539278131,0.049408927682105315,0.03732536499698566,0.06050955414012739,0.0,0.0,0.0,0.0,0.0,0.0,0.0,0.0,0.0,0.0,0.0,0.0,0.0,0.0,0.0,0.0,0.0,0.0,6.571454122435397,0.17212927301336847,-3.651757837650924,0.43210295248855907,14.71605,-0.95996654
Wirral,E08000015,320199,304692,295967,2641,46,6038,4930,1054,973,1605,1298,7302,1933,364,1319,1847,1839,1389,854,330,205,1886,585,1301,139502,15549,27893,18147,14561,13501,15613,11599,9649,12990,148845,102703,45385,17840,5426,,279,236,11144,763,1145,10407,19581,6145,6333,3790,4221,2344,8518,7002,10726,14003,26722,6145,2021,0.951570741944853,0.02280456840902064,0.00433792735142833,0.015396675192614593,0.005890087102083392,0.9243220622175584,0.00824799577762579,0.00014366066102642418,0.018857023288642374,0.004119313302040293,0.005768287845995771,0.006036870820958217,0.0011367930568177914,0.005743303383208567,0.002667091402534049,0.0010306090899721736,0.0006402268589221078,0.005012507846682844,0.003038735286493712,0.0032917029722141543,0.0040537290872238825,0.0018269888413143076,0.0040630982607690845,0.46485154544517626,0.3207474102042792,0.14173998044965788,0.05571535201546538,0.016945711885421252,0.11146076758756147,0.19994695416553168,0.13008415649954838,0.10437843185043942,0.0967799744806526,0.11191954237215238,0.08314576135109174,0.0691674671330877,0.09311694455993462,0.0,0.0,0.0,0.0,0.0,0.0,0.0,0.0,0.0,0.0,0.0,0.0,0.0,0.0,0.0,0.0,0.0,0.0,1.2148992583495455,-3.683294801476802,0.2209679279463651,-2.4319389669981133,35.52146,-23.902227
Woking,E07000217,103943,81529,69911,1050,91,10477,3614,604,480,1470,1060,14741,3358,7325,685,990,2383,1879,1331,323,225,2180,641,1539,52741,8666,13423,7777,4879,4298,4299,3190,2500,3709,55399,34440,10559,2776,768,,95,208,2969,285,262,3799,6591,2654,2032,4661,3006,788,5196,3187,2771,4842,6418,2975,2021,0.7843625833389454,0.1418181118497638,0.018077215396900225,0.034769056117295055,0.020973033297095524,0.6725897847858923,0.010101690349518485,0.0008754798302916022,0.10079562837324303,0.006590150370876346,0.009524450900974573,0.032306167803507695,0.0704713160097361,0.022926026764669098,0.012805095100199148,0.003107472364661401,0.0021646479320396755,0.01414236648932588,0.004617915588351308,0.005810877115342062,0.010197896924275805,0.006166841441944142,0.014806191855151382,0.532974803498071,0.33133544346420635,0.10158452228625305,0.02670694515263173,0.007388664941362093,0.16431239453176846,0.25450787812138564,0.14745643806526232,0.09250867446578563,0.08149257693255721,0.08151153751350941,0.0604842532375192,0.04740145238050094,0.07032479475171119,0.0,0.0,0.0,0.0,0.0,0.0,0.0,0.0,0.0,0.0,0.0,0.0,0.0,0.0,0.0,0.0,0.0,0.0,5.755311655661039,-0.3096417486948557,-1.9814786149104036,0.4495610978585405,15.452264,-1.9355712
Wokingham,E06000041,177502,141851,129087,1504,331,10929,5574,1304,667,2212,1391,22868,12412,5241,388,2392,2435,4306,2914,864,528,2903,948,1955,89467,15849,25529,14751,8325,6594,5939,4739,3103,4638,97553,58866,16372,3676,1033,,351,213,5361,744,876,6306,11073,3158,2609,13420,3526,1406,8248,4466,4129,10299,9360,3931,2021,0.7991515588556749,0.12883235118477537,0.024258881590066592,0.03140246307083864,0.016354745298644523,0.7272425099435499,0.008473143964575047,0.0018647677209270882,0.0615711372266228,0.0021858908632015413,0.01347590449685074,0.06992597266509673,0.029526427871235255,0.013718155288391118,0.016416716431364154,0.0048675507881601335,0.002974614370542304,0.012461831415984045,0.003757704138544918,0.0073463960969453864,0.007836531419364289,0.005340784892564591,0.011013960406079932,0.5495881736543814,0.331635699879438,0.09223558044416401,0.02070962580703316,0.0058196527363071964,0.17714911643399242,0.2853454346295282,0.16487643488660622,0.09305106910928052,0.0737031531179094,0.0663820179507528,0.05296925123229794,0.034683179272804496,0.051840343366827996,0.0,0.0,0.0,0.0,0.0,0.0,0.0,0.0,0.0,0.0,0.0,0.0,0.0,0.0,0.0,0.0,0.0,0.0,6.194660842651626,0.06438499938158895,-3.7870605818587744,0.8505235701193369,15.520157,-0.43846577
Wolverhampton,E08000031,263726,159707,144303,1170,255,13979,14065,8495,939,2573,2058,55901,42052,6676,531,802,5840,24636,11158,9905,3573,9417,966,8451,111309,9649,17783,11566,10249,11420,12262,9025,12623,16732,118244,90690,38056,12953,3784,,224,38,12753,472,1112,9218,18688,8111,4832,2640,3094,1531,3852,5325,5885,10326,19591,3609,2021,0.6055792754601367,0.21196620735156943,0.0934151354056862,0.053331867165163846,0.03570751461744386,0.5471701690390784,0.004436422650781493,0.0009669126290164792,0.05300577114126025,0.0020134533568931393,0.0030410350136126133,0.159453372060396,0.02531415180907457,0.022144195111593094,0.04230906319437598,0.0375579199623852,0.01354815224892502,0.009756338017487848,0.003560513563319506,0.032211461896058786,0.007803553688297703,0.0036628925475683093,0.03204462206987555,0.44835928198205716,0.34387963264903726,0.14430128239157308,0.04911536973980571,0.014348225051758264,0.08668661114554978,0.15976246305330208,0.10390893818109946,0.0920770108436874,0.10259727425455265,0.1101618018309391,0.08108059545948665,0.11340502564931856,0.15032027958206434,0.0,0.0,0.0,0.0,0.0,0.0,0.0,0.0,0.0,0.0,0.0,0.0,0.0,0.0,0.0,0.0,0.0,0.0,3.4033016630474955,-1.7589295612243212,5.703902536431568,2.1133077451594096,14.802916,-18.93668
Worcester,E07000237,103869,93478,85868,566,95,6949,2283,628,425,716,514,5860,1336,2578,542,388,1016,1212,836,241,135,1036,160,876,51629,5584,10280,6689,4794,4867,5125,4140,4106,6044,49220,36463,13209,3882,1098,,201,35,5034,310,439,3676,7992,2402,2610,1884,1094,1164,2518,2827,3141,5551,8554,2206,2021,0.8999605272025339,0.056417217841704455,0.011668544031424198,0.02197960893047974,0.009974101993857648,0.8266951641009348,0.005449171552628792,0.0009146135998228538,0.06690157794914749,0.005218111274778808,0.0037354744919080767,0.01286235546698245,0.024819724845719128,0.009781551762315994,0.008048599678441114,0.002320230290076924,0.0012997140629061607,0.006893298289191193,0.004091692420260136,0.006046077270407918,0.004948540950620493,0.0015404018523332275,0.00843370014152442,0.4738661198240091,0.35104795463516547,0.12716980042168502,0.037373999942234934,0.010571007711636772,0.10815626876367933,0.1991129016637936,0.12955896879660656,0.09285479091208429,0.0942687249414089,0.09926591644230956,0.0801874915260803,0.07952894690968254,0.11706599004435492,0.0,0.0,0.0,0.0,0.0,0.0,0.0,0.0,0.0,0.0,0.0,0.0,0.0,0.0,0.0,0.0,0.0,0.0,2.2348086265248566,-2.9980768649322656,0.08998414744129642,0.5056767803643999,20.839016,-13.9415245
Worthing,E07000229,111338,101709,94680,942,82,6005,2854,548,533,981,792,4387,1097,268,727,572,1723,1281,893,250,138,1107,246,861,53557,6680,10711,7625,5279,5627,6159,4024,2875,4577,50406,39682,15418,4526,1308,,155,19,3469,426,622,4550,7554,2036,2310,2296,2305,889,3078,2704,3189,4715,10443,2791,2021,0.9135156011424671,0.03940254001329285,0.011505505757243708,0.025633656074296286,0.009942697012700067,0.8503835168585748,0.008460723203219027,0.0007364960750148198,0.053934865005658444,0.006529666421167975,0.005137509206200938,0.009852880418186064,0.0024070847329752646,0.015475399234762615,0.008020621890100416,0.0022454148628500603,0.0012394690042932333,0.008811007921823636,0.004787224487596328,0.004921949379367332,0.00711347428550899,0.002209488225044459,0.0077332087876556075,0.4527295263072805,0.35641021035046433,0.13847922542168892,0.04065099067703749,0.011748010562431514,0.12472692645219112,0.19999253132176933,0.1423716787721493,0.09856788094926901,0.10506563100995202,0.11499897305674328,0.07513490300054147,0.05368112478294154,0.08546035065444293,0.0,0.0,0.0,0.0,0.0,0.0,0.0,0.0,0.0,0.0,0.0,0.0,0.0,0.0,0.0,0.0,0.0,0.0,2.4074663876016684,-2.872997295740339,-0.42394729490449234,-0.18494617999899066,22.718994,-12.588187
Wrexham,W06000006,135122,129677,122547,427,119,6584,1558,382,392,446,338,2246,538,283,276,304,845,878,654,87,137,763,219,544,61805,5980,9723,6627,5770,7534,7044,4694,7140,7293,61404,45998,19316,6588,1811,,947,73,9791,375,590,4965,8977,2454,2566,1322,1419,571,2256,3091,4139,5316,10546,2403,2021,0.9597030831396812,0.016622015659922145,0.006497831589230473,0.011530320747176626,0.00564674886398958,0.9069359541747458,0.003160107162416187,0.0008806856026405766,0.04872633619987863,0.0020425985405781444,0.002249818682375927,0.003981587010257397,0.0020944035760275897,0.006253607850683086,0.004840070454848211,0.0006438625834431107,0.0010138985509391513,0.0033007208300646824,0.0029010819851689584,0.0028270747916697503,0.0025014431402732348,0.0016207575376326578,0.004025991326356922,0.45443377096253756,0.3404182886576575,0.1429522949630704,0.048755939077278314,0.013402702742706591,0.09675592589596312,0.1573173691448912,0.10722433460076046,0.09335814254510152,0.12189952269233881,0.11397136154032846,0.07594854785211552,0.11552463392929374,0.11800016179920718,0.0,0.0,0.0,0.0,0.0,0.0,0.0,0.0,0.0,0.0,0.0,0.0,0.0,0.0,0.0,0.0,0.0,0.0,0.3008031261697279,-4.623109911660321,0.9018324948712307,-0.3433066806485414,29.149666,-20.206713
Wychavon,E07000238,132495,128325,120048,624,637,7016,1600,481,158,546,415,1510,607,163,75,221,444,461,192,192,77,599,96,503,63660,10301,11442,7893,5973,7366,5448,4537,4709,5991,62836,46380,17163,4829,1284,,1740,76,6782,393,496,5652,10650,2382,2756,2399,1683,1168,4124,3483,3384,5547,8103,2835,2021,0.9685271142307257,0.01139665647760293,0.0034793765802483114,0.012075927393486547,0.0045209253179365255,0.9060568323332956,0.004709611683459753,0.004807728593531831,0.05295294162043851,0.0005660590965696819,0.0016679874712253293,0.0045813049549039584,0.0012302351032114419,0.0033510698516925168,0.0014491112872183857,0.0014491112872183857,0.00058115400581154,0.004120910223027284,0.0011924978301067965,0.003630325672666893,0.003132193667685573,0.0007245556436091928,0.003796369674327333,0.4742518585607004,0.3500509453186913,0.129536963659006,0.03644665836446658,0.009690931733272954,0.16181275526233113,0.17973609802073515,0.12398680490103675,0.09382657869934025,0.11570845114671693,0.08557964184731386,0.07126924285265474,0.07397109644989004,0.09410933081998114,0.0,0.0,0.0,0.0,0.0,0.0,0.0,0.0,0.0,0.0,0.0,0.0,0.0,0.0,0.0,0.0,0.0,0.0,1.6496033692794025,-3.7127865326461196,-2.214610291810171,1.606643235829843,28.767347,-1.1659896
Wyre,E07000128,111946,109139,107171,487,71,1410,1135,302,202,367,264,1109,221,103,45,330,410,273,167,69,37,290,105,185,47835,5996,8584,5679,5727,5959,5089,3469,3136,4196,49623,37251,17326,5902,1844,,902,124,3643,380,281,4536,6751,1753,2700,1030,974,576,2401,1888,5090,4777,7848,2184,2021,0.9749254104657603,0.009906562092437425,0.0024386757901130904,0.010138816929591054,0.0025905347220981545,0.9573455058689011,0.004350311757454487,0.0006342343629964448,0.012595358476408268,0.00040197952584281705,0.0029478498561806587,0.001974166115805835,0.000920086470262448,0.0036624801243456667,0.0014917906847944544,0.0006163686062923195,0.00033051649902631625,0.003278366355206975,0.0018044414271166456,0.002697729262322906,0.002358279884944527,0.0009379522269665732,0.0016525824951315812,0.44327622246440246,0.33275865149268397,0.15477105032783664,0.052721848033873475,0.016472227681203436,0.12534754886589317,0.1794501933730532,0.1187206020696143,0.11972405142677955,0.12457405665307829,0.10638653705445804,0.07252012125013066,0.06555869133479669,0.08771819797219609,0.0,0.0,0.0,0.0,0.0,0.0,0.0,0.0,0.0,0.0,0.0,0.0,0.0,0.0,0.0,0.0,0.0,0.0,0.2381142849422286,-4.425362209277667,-0.40574087862463043,-1.3937838352534913,32.258354,-18.23195
Wyre Forest,E07000239,101609,97423,93961,475,451,2536,1470,606,113,467,284,1939,437,140,748,244,370,395,159,169,67,382,64,318,45786,5831,7070,5264,4333,6005,4925,3770,3760,4828,44004,36337,15024,4818,1424,,354,15,5350,241,487,4309,8078,2062,1933,1500,916,813,2232,2477,2244,4060,6731,1987,2021,0.9588028619512051,0.019082955250027064,0.003887450914781171,0.01446722239171727,0.0037595094922693857,0.9247310769715281,0.004674782745622927,0.0044385831963704,0.02495841903768367,0.00736155261837042,0.002401362084067356,0.004300800125973093,0.0013778307039730732,0.003641409717643122,0.0015648220137979903,0.00166323849265321,0.0006593904083299708,0.004596049562538751,0.0011121062110639806,0.005964038618626303,0.002795027999488234,0.000629865464673405,0.0031296440275959806,0.433071873554508,0.35761595921621114,0.1478609178320818,0.047417059512444765,0.01401450658898326,0.12735333944873978,0.15441401301707947,0.11496964137509283,0.09463591490848731,0.1311536277464727,0.1075656314157166,0.08233957978421351,0.08212117241078058,0.1054470798934172,0.0,0.0,0.0,0.0,0.0,0.0,0.0,0.0,0.0,0.0,0.0,0.0,0.0,0.0,0.0,0.0,0.0,0.0,0.29343474062261626,-4.6919736247042945,-0.11073101120956688,0.9860981786197994,35.95456,-9.052809
York,E06000014,202821,188167,176963,1317,368,9519,3741,631,494,1579,1037,7634,1853,545,413,2889,1934,1325,978,208,139,1954,623,1331,96198,11603,23463,12626,8190,8627,8466,8205,4966,10052,98610,71033,24604,6788,1786,,563,58,5002,333,415,6907,13966,4199,6882,3853,3642,1091,6227,4244,6194,13105,14655,4870,2021,0.9277490989591808,0.03763910048762209,0.006532854093017982,0.018444835593947374,0.009634110866231801,0.8725082708398045,0.006493410445663911,0.0018144077782872583,0.04693300989542503,0.0020362782946539066,0.014244087150738828,0.009136134818386656,0.002687098475996075,0.009535501747846623,0.004821985889035159,0.0010255348312058416,0.0006853333727769807,0.007785189896509731,0.002435645224113874,0.003111117685052337,0.005112882788271432,0.003071674037698266,0.006562436828533535,0.48619225819811557,0.3502250753127142,0.12130893743744484,0.0334679347799291,0.008805794271796313,0.12061581321857004,0.24390319965072038,0.1312501299403314,0.08513690513316285,0.0896796191189006,0.08800598765047091,0.08529283353084263,0.051622694858520966,0.10449281689848022,0.0,0.0,0.0,0.0,0.0,0.0,0.0,0.0,0.0,0.0,0.0,0.0,0.0,0.0,0.0,0.0,0.0,0.0,2.8728225474371807,-2.50336356374415,-1.4511728313596173,0.11227842963588185,21.050917,-10.028253
