area,mnemonics,total_pop,total_employed,eth_white,eth_asian,eth_black,eth_mixed,eth_other,health_very_good,health_good,health_fair,health_bad,health_very_bad,occ_managers,occ_professionals,occ_associate_prof,occ_admin,occ_skilled_trades,occ_caring,occ_sales,occ_machine_ops,occ_elementary,Year,eth_white_pct,eth_asian_pct,eth_black_pct,eth_mixed_pct,eth_other_pct,health_very_good_pct,health_good_pct,health_fair_pct,health_bad_pct,health_very_bad_pct,occ_managers_pct,occ_professionals_pct,occ_associate_prof_pct,occ_admin_pct,occ_skilled_trades_pct,occ_caring_pct,occ_sales_pct,occ_machine_ops_pct,occ_elementary_pct,PCA_1,PCA_2,TSNE_1,TSNE_2
Adur,E07000223,61182,29356,58663,1058,313,886,262,26107,22373,9181,2757,764,3153,4232,3644,3419,4053,3412,2800,1952,2691,2011,0.9588277597986335,0.017292667778104672,0.0051158837566604555,0.014481383413422248,0.0042823052531790395,0.42671047039979076,0.36567944820372006,0.15006047530319375,0.045062273217613025,0.01248733287568239,0.1074056410955171,0.14416132988145525,0.12413135304537402,0.11646682109279194,0.13806376890584549,0.11622836898760049,0.0953808420765772,0.06649407276195667,0.09166780215288187,-2.5775926866828307,0.8621554386264026,-18.642815,4.3715463
Amber Valley,E07000032,122309,59381,120023,929,253,980,124,53826,42795,18336,5810,1542,6419,8767,6534,6370,8167,5339,4376,6516,6893,2011,0.9813096337963683,0.0075955162743543,0.00206853134274665,0.008012492948188604,0.0010138256383422316,0.44008208717265285,0.34989248542625645,0.14991537826325127,0.04750263676426101,0.012607412373578396,0.10809855004125898,0.1476398174500261,0.11003519644330678,0.10727337026995167,0.13753557535238545,0.0899109142655058,0.07369360569879255,0.10973206918037756,0.11608090129839511,-2.5784894634814326,0.8598130567956027,-12.856669,-2.9737027
Arun,E07000224,149518,67443,145118,2116,538,1502,244,62774,54975,23299,6608,1862,7843,8944,7456,7698,9014,8231,5511,4696,8050,2011,0.9705721050308324,0.014152142216990597,0.003598228975775492,0.01004561323720221,0.0016319105391992938,0.419842426998756,0.36768148316590643,0.15582739201968993,0.04419534771733169,0.012453350098315922,0.11629079370727874,0.1326156902866124,0.11055261480064647,0.11414083003425114,0.13365360378393606,0.12204379994958706,0.08171344691072462,0.06962916833474193,0.11936005219222158,-3.106705096765087,0.9390468228081716,-18.204163,3.4423535
Ashfield,E07000170,119497,55336,116733,1099,472,1059,134,50253,41200,19484,6764,1796,4889,5883,5423,6354,7930,5728,5224,6168,7737,2011,0.9768697122103484,0.00919688360377248,0.0039498899553963695,0.008862147166874482,0.0011213670636082914,0.4205377540858766,0.34477853000493736,0.16305011841301456,0.056603931479451364,0.015029666016720084,0.08835116379933497,0.1063141535347694,0.09800130114211364,0.11482579152811913,0.1433063466820876,0.10351308370680931,0.09440508891137776,0.11146450773456701,0.13981856296082115,-4.588666511921252,-0.35117865136948523,-24.90213,-8.941602
Ashford,E07000105,117956,57546,110520,3991,1375,1682,388,56128,41385,15027,4163,1253,7025,9056,6704,6261,7600,5283,5185,4179,6253,2011,0.936959544236834,0.03383465020855234,0.011656889009461154,0.014259554410119028,0.003289362135033402,0.47583844823493504,0.3508511648411272,0.12739496083285293,0.03529282105191767,0.010622605039167147,0.12207625204184479,0.15736975636881798,0.11649810586313558,0.10879991658846835,0.13206825843672887,0.09180481701595246,0.09010183157821569,0.072620164737775,0.10866089736906127,-0.8495122819357318,0.9329208516503796,-2.8024538,8.00354
Babergh,E07000200,87740,42250,85845,666,264,827,138,40875,31433,11624,3023,785,5176,6458,5333,4611,6118,3945,3149,3132,4328,2011,0.9784020971050832,0.007590608616366537,0.003008889901983132,0.009425575564166856,0.0015728288124002734,0.46586505584682014,0.35825165260998404,0.13248233416913607,0.03445406883975382,0.008946888534305903,0.12250887573964497,0.15285207100591716,0.12622485207100592,0.10913609467455622,0.14480473372781066,0.09337278106508876,0.07453254437869823,0.0741301775147929,0.1024378698224852,-0.9526516994740964,1.9239858436462556,-4.563588,10.655394
Barking and Dagenham,E09000002,185911,75217,108386,29594,37140,7878,2913,87819,62720,24042,8686,2644,5094,10024,6891,9864,9137,8431,7213,7138,11425,2011,0.5829993921822808,0.15918369542415456,0.1997730096659154,0.04237511497436946,0.015668787753279796,0.47237118836432485,0.3373657287626875,0.12931994341378403,0.04672128061276632,0.014221858846437273,0.06772405174362178,0.13326774532353058,0.09161492747650132,0.13114056662722523,0.12147519842588776,0.11208902242844038,0.09589587460281586,0.09489875958892272,0.15189385378305437,-1.2367143392022915,-4.800027487012485,7.517683,-20.656181
Barnet,E09000003,356386,170658,228553,65918,27431,17169,17315,183453,117508,39172,12197,4056,23035,42157,25491,19743,14030,14116,11647,6962,13477,2011,0.6413074587666182,0.18496237225929188,0.07696991464311168,0.04817529308109746,0.048584961249880744,0.5147592778616444,0.3297211450505912,0.10991453087382781,0.03422412777157352,0.011380918442363056,0.13497755745408946,0.24702621617504014,0.14936891326512675,0.11568751538164047,0.08221120603780661,0.08271513787809537,0.06824760632375863,0.04079504037314395,0.07897080711129863,4.262654266165455,-1.9214096390967805,21.212715,-8.373582
Barnsley,E08000016,231221,103579,226285,1661,1221,1630,424,96194,77649,37956,15278,4144,9372,12836,10260,10450,14242,10781,10870,11291,13477,2011,0.978652458037981,0.0071836035654200955,0.005280662223586958,0.007049532698154579,0.0018337434748573874,0.4160262259915838,0.335821573300003,0.16415463993322404,0.06607531322846973,0.017922247546719373,0.09048166134061923,0.12392473377808243,0.09905482771604282,0.10088917637745103,0.13749891387250313,0.1040848048349569,0.10494405236582705,0.10900858282084207,0.13011324689367537,-4.79596058633706,-0.8163250189608852,-26.18133,-9.520203
Basildon,E07000066,174497,83006,161677,4766,4685,2887,482,80704,60991,23145,7355,2302,8475,11395,10282,12414,10068,7319,6967,6779,9307,2011,0.9265316882238663,0.02731279047777326,0.026848599116317186,0.01654469704350218,0.0027622251385410637,0.4624950572216141,0.3495246336613237,0.13263838346791063,0.042149721771721,0.013192203877430558,0.10210105293593234,0.13727923282654267,0.12387056357371756,0.14955545382261523,0.12129243669132352,0.08817434884225236,0.08393369154037057,0.08166879502686553,0.11212442474038022,-1.4662115711926513,0.3967316940584023,6.3001018,15.690775
Basingstoke and Deane,E07000084,167799,90122,155888,6715,1909,2813,474,85034,58917,18047,4559,1242,10816,17515,12987,11067,9371,7412,7040,5188,8726,2011,0.929016263505742,0.0400181169136884,0.011376706654986026,0.01676410467285264,0.002824808252730946,0.506761065322201,0.35111651440115854,0.10755129649163582,0.027169411021519794,0.007401712763484883,0.12001509065489004,0.19434766205809903,0.14410465813009032,0.12280020416768381,0.10398126983422472,0.08224406915070682,0.07811633119549055,0.05756640997758594,0.09682430483122878,1.462319723910962,1.6176061323032578,15.071672,13.451712
Bassetlaw,E07000171,112863,52814,109892,1255,520,996,200,48326,39138,17794,5912,1693,5540,6780,5093,5188,6984,5653,4223,5981,7372,2011,0.9736760497240017,0.0111196760674446,0.004607355820773858,0.008824858456713006,0.0017720599310668687,0.4281828411436875,0.34677440791047554,0.1576601720670193,0.05238209156233664,0.015000487316481043,0.10489642897716514,0.128375052069527,0.09643276403983791,0.09823152951868823,0.13223766425568978,0.10703601317832392,0.07995985912826145,0.11324648767372288,0.13958420115878364,-3.7952502230861707,-0.07281358035481843,-21.834705,-6.13362
Bath and North East Somerset,E06000022,176016,84858,166473,4577,1326,2898,742,88882,58849,20856,5831,1598,9698,18637,10587,9295,9473,7249,6850,4380,8689,2011,0.9457833378783747,0.02600331788019271,0.007533406053995092,0.01646441232615217,0.004215525861285338,0.5049654576856649,0.334338923734206,0.1184892282519771,0.03312767021179893,0.00907872011635306,0.11428504089184284,0.21962572768625233,0.12476136604680761,0.10953593061349548,0.11163355252303848,0.08542506304650122,0.08072309033915483,0.05161564024605812,0.1023945886068491,0.9225672017154789,1.2362260364404476,13.007272,8.404716
Bedford,E06000055,157479,75810,126846,17932,6202,5386,1113,73860,56663,19812,5596,1548,8273,13687,9331,8489,8362,7054,6005,5243,9366,2011,0.805478825748195,0.11386915080740924,0.03938302884829088,0.034201385581569606,0.007067609014535271,0.4690149162745509,0.3598130544390046,0.1258072504905416,0.035534896716387585,0.009829882079515365,0.10912808336631051,0.1805434639229653,0.12308402585410895,0.1119773117003034,0.11030207096689092,0.09304841049993405,0.0792111858593853,0.06915974145891043,0.12354570637119114,0.18300723206537123,-0.5928932235316111,6.3227735,-4.9526134
Bexley,E09000004,231997,110159,189962,15243,19624,5395,1773,111323,80446,29015,8688,2525,10269,16225,13957,19352,13475,9844,9176,7712,10149,2011,0.8188123122281754,0.06570343582029078,0.08458730069785385,0.02325461105100497,0.007642340202675035,0.47984672215588997,0.3467544838941883,0.12506627240869495,0.03744876011327733,0.0108837614279495,0.0932198004702294,0.14728710318721122,0.12669868099746728,0.17567334489238282,0.12232318739276864,0.08936174075654281,0.08329777866538367,0.07000789767517861,0.09213046596283554,-0.1953760089400478,-0.23094700823003858,8.088773,17.546055
Birmingham,E08000025,1073045,423691,621636,285640,96360,47605,21804,488568,363904,148782,54105,17686,35160,77424,46762,49752,41640,42626,38152,36206,55969,2011,0.5793195998303892,0.266195732704593,0.08980052094739736,0.04436440223848953,0.020319744279130886,0.45530988914723985,0.3391320960444343,0.1386540173058912,0.05042193011476685,0.016482067387667804,0.08298500558189813,0.18273694744519,0.11036816925542435,0.11742519902476097,0.09827917043316946,0.1006063381096129,0.09004675577248514,0.08545378589585334,0.1320986284816057,-0.466494863783786,-4.3226607800604215,6.4206667,-18.710958
Blaby,E07000129,93915,48276,85451,5718,900,1505,341,44615,33631,11764,3081,824,5384,7700,6275,6141,6286,4233,4130,3498,4629,2011,0.9098759516584145,0.06088484267688868,0.009583133684714902,0.016025129106106584,0.0036309428738753127,0.4750572326039504,0.3581004099451632,0.12526220518554013,0.03280626098067401,0.00877389128467231,0.11152539564172674,0.15949954428701632,0.1299817714806529,0.1272060651255282,0.1302096279724915,0.08768332090479741,0.08554975557212693,0.07245836440467313,0.09588615461098683,-0.3395362257645105,1.1361471534674676,9.276117,12.946346
Blackburn with Darwen,E06000008,147489,60523,102009,41494,933,1823,1230,66991,49010,20725,8428,2335,5670,8482,5718,6702,7176,6823,5992,6791,7169,2011,0.691638020462543,0.28133623524466234,0.006325895490511157,0.012360243814792967,0.008339604987490593,0.45421014448535146,0.3322959678348894,0.14051895395588823,0.057143244580951796,0.015831689142919134,0.09368339309023016,0.14014506881681343,0.09447648001586174,0.11073476199130909,0.11856649538192092,0.11273400194967202,0.09900368454967533,0.11220527733258431,0.11845083687193299,-2.623114486769997,-2.7106880521958097,1.1048858,-18.868141
Blackpool,E06000009,142065,61419,137339,2282,346,1753,345,56600,48022,23977,10346,3120,6832,6330,5546,8351,7184,7537,6200,4848,8591,2011,0.9667335374652448,0.01606306972160631,0.0024355048745292648,0.012339422095519657,0.0024284658430999894,0.3984091788969838,0.33802836729665997,0.16877485657973462,0.07282581916728258,0.021961778059339035,0.1112359367622397,0.10306257021442876,0.09029779058597502,0.13596769729236882,0.11696706230970873,0.12271446946384669,0.10094596134746577,0.07893322913105065,0.13987528289291587,-5.356427883508998,-1.1368256156777055,-29.923962,-4.5543847
Blaenau Gwent,W06000019,69814,28291,68750,485,95,394,90,29269,21385,11696,5692,1772,1942,3086,2390,2676,3718,3720,2467,3873,4419,2011,0.9847595038244478,0.0069470306815251955,0.0013607585871028734,0.0056435671928266535,0.001289139714097459,0.4192425587990947,0.30631391984415735,0.16753086773426534,0.08153092502936374,0.02538172859311886,0.0686437382913294,0.10908062634760171,0.08447916298469478,0.09458838499876286,0.13141988618288503,0.13149058004312325,0.08720087660386695,0.13689866035134848,0.15619808419638753,-6.439755444057935,-2.2438067319929966,-34.839725,-9.011679
Bolsover,E07000033,75866,34511,74452,612,267,518,17,30934,25423,12965,5152,1392,3310,3759,3324,3549,4609,3794,2825,3933,5408,2011,0.9813618748846651,0.008066854717528273,0.0035193630875490997,0.006827828012548441,0.00022407929770911872,0.4077452350196399,0.3351039991564074,0.17089341734110142,0.06790920834102233,0.018348140141829013,0.09591144852365913,0.10892179305149083,0.09631711628176523,0.10283677667989917,0.133551621222219,0.1099359624467561,0.08185795833212599,0.11396366375938106,0.15670365970270347,-5.131549111121426,-0.8145036098764993,-25.412874,-7.0921564
Bolton,E08000001,276786,123367,226645,38749,4652,4892,1848,125548,93765,39139,14465,3869,12018,18434,14147,14556,14129,11969,12973,10887,14254,2011,0.8188456063529225,0.13999624258452378,0.016807208457075142,0.017674304336201974,0.006676638269276626,0.45359230596923256,0.3387635212763651,0.14140527338810488,0.052260591214873586,0.013978308151423844,0.09741665113036711,0.14942407613056977,0.11467410247472987,0.11798941370058444,0.1145281963572106,0.09701946225489799,0.10515778125430626,0.08824888341290621,0.11554143328442776,-1.977224770333577,-1.3791464910645943,-1.2609324,-13.109411
Boston,E07000136,64637,30807,62592,928,278,664,175,26298,24225,10252,3058,804,2410,3077,2128,2655,3957,2975,2556,5194,5855,2011,0.9683617742160063,0.014357101969460216,0.0043009421848167455,0.010272753995389638,0.0027074276343270883,0.4068567538716215,0.3747853396661355,0.15860884632640748,0.047310364032984206,0.012438696102851308,0.0782289739344954,0.09987989742590969,0.06907521017950466,0.08618171194858311,0.12844483396630635,0.09656896159963645,0.08296815658778849,0.1685980458986594,0.19005420845911644,-5.375924037635418,-1.0464284938202695,-18.359283,-7.946917
"Bournemouth, Christchurch and Poole",E06000058,378888,181196,356911,10837,2367,6612,2161,173847,131862,52396,16058,4725,20768,29809,22315,20457,22297,17908,17633,10801,19208,2011,0.9419960516036401,0.02860211988767129,0.0062472287325014255,0.017451067333882308,0.00570353244230485,0.4588348007854564,0.3480236903781592,0.13828888748126095,0.042381917611536916,0.012470703743586496,0.11461621669352524,0.1645124616437449,0.12315393275789753,0.1128998432636482,0.12305459281661847,0.09883220380140842,0.09731451025408949,0.05960948365306078,0.10600675511600698,-1.2969508425777274,0.5230132772407073,-2.4373555,2.2356339
Bracknell Forest,E06000036,113205,61914,102554,5664,2189,2303,495,59320,38814,11394,2859,818,8081,11578,9382,7540,6545,5792,4618,2784,5594,2011,0.9059140497327857,0.05003312574532927,0.019336601740205822,0.020343624398215625,0.004372598383463628,0.5240051234486109,0.34286471445607525,0.10064926460845369,0.025255068239035377,0.007225829247824743,0.13051975320606002,0.18700132441774073,0.1515327712633653,0.12178182640436735,0.1057111477210324,0.09354911651645831,0.07458733081370934,0.04496559744161256,0.09035113221565397,2.143649555225496,1.6362222091913463,17.571203,13.660067
Bradford,E08000032,522452,218937,352317,140149,9267,12979,7740,234133,186031,71580,23768,6940,20571,32021,23720,25835,25708,22306,19561,21370,27845,2011,0.6743528592100327,0.2682523944783444,0.017737514642493474,0.024842473566949692,0.014814758102179722,0.4481426044880678,0.35607290239103306,0.13700780167364657,0.04549317449258496,0.013283516954667606,0.09395853601721044,0.1462566857132417,0.10834166906461676,0.11800198230541206,0.11742190675856524,0.10188319014145622,0.08934533678638147,0.09760798768595531,0.1271827055271608,-1.5091805008768118,-2.4122964897103816,0.9555897,-16.565742
Braintree,E07000067,147084,74200,142087,1998,913,1837,249,69884,52492,18291,5046,1371,8949,10018,9818,9142,10067,7335,5613,5661,7597,2011,0.9660262163117674,0.013584074406461614,0.006207337303853581,0.01248946180413913,0.0016929101737782491,0.47512985776835004,0.35688450137336486,0.12435750999428898,0.03430692665415681,0.009321204209839276,0.12060646900269542,0.13501347708894879,0.13231805929919138,0.12320754716981132,0.13567385444743935,0.0988544474393531,0.07564690026954178,0.07629380053908356,0.10238544474393531,-0.8184787645154051,1.6956417542662128,-2.9672885,10.32383
Breckland,E07000143,130491,61301,127116,1040,596,1562,177,55097,48663,19565,5623,1543,6381,6642,6679,6259,9208,6477,4630,6597,8428,2011,0.9741361473205049,0.007969898307162946,0.004567364799104919,0.011970174188258194,0.0013564153849690782,0.42222835291322774,0.3729222705014139,0.14993371190350294,0.043091094404978124,0.011824570276877333,0.1040929185494527,0.10835059786952904,0.10895417693022952,0.10210273894389978,0.15020962137648652,0.10565896151775664,0.07552894732549224,0.10761651522813657,0.13748552225901697,-3.499261031205558,0.6950924509583706,-18.601608,-2.4939077
Brent,E09000005,311215,147461,112880,105986,58632,15775,17942,149695,108169,36731,12339,4281,14130,26814,18590,16144,15599,12019,14074,10162,19929,2011,0.362707453046929,0.3405555644811465,0.18839708882926595,0.05068843082756294,0.05765146281509567,0.48100187972944747,0.3475700078723712,0.11802451681313561,0.039647831884709925,0.013755763700335781,0.0958219461416917,0.18183790968459457,0.12606723133574302,0.10947979465757048,0.10578390218430636,0.08150629658011271,0.09544218471324621,0.06891313635469717,0.13514759834803777,2.257295162768688,-6.197916134136741,14.439132,-17.839615
Brentwood,E07000068,73601,36251,68868,2350,896,1196,291,37548,24537,8565,2306,645,5097,7448,5946,5188,3630,2896,1955,1585,2506,2011,0.9356938085080366,0.031928914009320526,0.012173747639298379,0.01624977921495632,0.0039537506283882015,0.5101561120093477,0.3333786225730629,0.11637070148503417,0.03133109604489069,0.008763467887664569,0.1406030178477835,0.20545640120272543,0.16402306143278805,0.14311329342638823,0.10013516868500179,0.07988745138065156,0.053929546771123556,0.04372293178119224,0.06912912747234559,2.4960873835655844,2.439032799435815,18.790817,10.438118
Bridgend,W06000013,139178,61259,136090,1549,315,998,226,64134,41659,21002,9459,2924,5586,9175,6953,6524,7724,6520,5893,5464,7420,2011,0.9778125853223929,0.01112963255686962,0.002263288738162641,0.007170673525988303,0.0016238198565865294,0.46080558708991365,0.29932173188291256,0.15090028596473581,0.06796332753739816,0.021009067525039875,0.09118660115248371,0.14977391077229468,0.1135016895476583,0.10649863693498099,0.12608759529212035,0.10643334040712385,0.09619810966551853,0.08919505705284121,0.12112505917497837,-3.3641271390560332,-0.8681943055620063,-32.36926,-10.862672
Brighton and Hove,E06000043,273369,139823,243512,11278,4188,10408,3983,134673,91970,32298,11151,3277,16294,31769,23382,13470,12068,12925,12910,5046,11959,2011,0.8907813248759003,0.041255592258083396,0.015319952152584967,0.0380730807077613,0.014570050005669992,0.49264181381210015,0.33643170952083085,0.11814799776126773,0.04079101873292144,0.01198746017287988,0.11653304535019274,0.22720868526637247,0.16722570678643714,0.09633608204658747,0.08630911938665313,0.09243829698976563,0.0923310185019632,0.03608848329673945,0.08552956237528876,1.8996039658673312,0.06159534925837518,16.97479,-0.09940449
"Bristol, City of",E06000023,428234,209995,359592,23655,25734,15438,3815,209024,143283,52446,18056,5425,18103,47493,28688,23299,20104,17934,18315,12107,23952,2011,0.8397091309891321,0.055238491105330266,0.06009331346880444,0.03605038366874186,0.008908680767991332,0.4881069695540289,0.3345904342018616,0.12247042504798779,0.042163863682005635,0.012668307514116114,0.08620681444796305,0.22616252767923045,0.13661277649467846,0.11095026072049334,0.09573561275268459,0.08540203338174718,0.08721636229434034,0.05765375366080145,0.11405985856806114,0.8763030754029847,-1.0577229044992351,11.626938,-7.244047
Broadland,E07000144,124646,61541,121795,1265,331,1064,191,55219,46106,17475,4499,1347,6900,8808,7477,7745,8752,6200,5690,4074,5895,2011,0.9771272242992154,0.010148741235178024,0.0026555204338687163,0.00853617444603116,0.0015323395857067214,0.4430065946761228,0.3698955441811209,0.14019703801164898,0.036094218827720105,0.010806604303387193,0.11212037503452983,0.1431240961310346,0.12149623828017095,0.12585105864383095,0.14221413366698624,0.10074584423392535,0.09245868607919923,0.06619976925951805,0.09578979867080482,-2.003947872921566,1.5882819860289363,-7.8434515,7.2393804
Bromley,E09000006,309392,151368,260870,16067,18686,10897,2872,154998,105574,36098,9904,2818,19784,32394,24488,23079,13956,11546,10194,6297,9630,2011,0.8431698298598541,0.051930883797900396,0.06039587319646274,0.03522069090344935,0.00928272224233335,0.5009761079795211,0.34123054248332213,0.11667399286342245,0.03201117029528883,0.009108186378445467,0.13070133713862903,0.21400824480735692,0.16177791871465566,0.1524694783573807,0.09219914380846678,0.07627768088367422,0.06734580624702712,0.041600602505153,0.06361978753765657,2.8980289913579593,0.9969975718514182,18.12037,9.114215
Bromsgrove,E07000234,93637,46251,89696,1925,444,1396,176,45932,31306,11885,3484,1030,6502,9737,6057,5542,5209,4127,2853,2420,3804,2011,0.9579119365208197,0.020558112711855356,0.004741715347565599,0.014908636543246794,0.0018795988765124897,0.49053258861347543,0.3343336501596591,0.12692632185994854,0.03720751412369042,0.010999925243226502,0.1405807442001254,0.21052517783399277,0.13095933060906792,0.11982443622840587,0.11262459190071566,0.08923050312425677,0.06168515275345398,0.05232319301204298,0.08224687033793864,0.9323469738531881,1.9650063000646691,15.128071,9.66339
Broxbourne,E07000095,93609,46222,84530,2190,3957,2141,791,44661,33072,11544,3357,975,5069,5608,5598,6990,6320,4031,3897,3886,4823,2011,0.9030114625730432,0.02339518636028587,0.04227157645098228,0.022871732418891347,0.008450042196797316,0.47710156074736404,0.35329936224081016,0.12332147549915072,0.03586193635227382,0.010415665160401244,0.10966639262688763,0.12132750638224223,0.12111115918826533,0.151226688589849,0.13673142659339707,0.08720955389208603,0.08431050149279563,0.08407251957942105,0.10434425165505604,-0.8522006923179858,0.5341711881572586,7.4987545,15.911142
Broxtowe,E07000172,109487,53185,101538,4503,933,1827,686,49831,38276,15614,4521,1245,5334,10903,6540,6266,5961,4208,4523,3981,5469,2011,0.9273977732516189,0.04112817046772676,0.008521559637217204,0.016686912601496066,0.0062655840419410525,0.45513165946642065,0.3495940157278946,0.14261053823741632,0.04129257354754446,0.011371213020723922,0.10029143555513773,0.205001410172041,0.12296700197424086,0.11781517345116105,0.11208047381780577,0.07912005264642287,0.08504277521857667,0.07485193193569616,0.10282974522891793,-0.6913747810138178,0.5239811298739102,-2.1639361,4.6092944
Buckinghamshire,E06000060,505283,254976,436670,43269,10490,12360,2494,262901,170886,53987,13607,3902,38886,50993,38457,29002,26717,21173,17638,12607,19503,2011,0.8642087701347562,0.0856331996128902,0.020760643045580396,0.02446153937496413,0.004935847831809105,0.5203044630434825,0.3381985936593948,0.10684507493820294,0.02692946329086868,0.007722405068050974,0.15250847138554216,0.19999137173694778,0.15082596009036145,0.11374403865461848,0.10478241089357429,0.08303918800200803,0.06917513805220883,0.04944386922690763,0.07648955195783133,2.763102341884048,1.5615586872840896,21.38983,7.7745004
Burnley,E07000117,87059,38133,76054,9578,211,976,240,37372,29286,13682,5213,1506,3300,4856,3835,3978,5181,4633,3306,4187,4857,2011,0.873591472449718,0.11001734455943671,0.0024236437358572923,0.011210788086240367,0.002756751168747631,0.4292721028268186,0.33639256136642964,0.1571577895450212,0.05987893267783917,0.017298613583891384,0.08653921800015735,0.12734377048750425,0.10056906091836468,0.10431909369837149,0.13586657226024704,0.12149581727112999,0.08669656203288491,0.10979991083838145,0.12736999449295885,-4.04058846701398,-1.2957340834737165,-18.741247,-13.370228
Bury,E08000002,185060,88036,165032,13407,1893,3365,1363,87128,61634,25430,8539,2329,9415,15320,11204,10825,8896,8552,8537,6723,8564,2011,0.891775640332865,0.072446774019237,0.010229114881660003,0.018183291905328,0.007365178860909975,0.4708094671998271,0.3330487409488814,0.1374148924673079,0.046141791851291476,0.0125851075326921,0.10694488618292516,0.17401971920577947,0.1272661184061066,0.12296106138397928,0.10104957063019673,0.0971420782407197,0.0969716933981553,0.07636648643736653,0.09727838611477123,-0.8332924766590973,-0.20874877558000032,0.7207655,-0.70023745
Caerphilly,W06000018,178806,77488,175845,1346,242,1174,199,79382,54272,28488,12844,3820,6258,9830,8366,9934,9890,7909,7123,8357,9821,2011,0.9834401530149995,0.007527711598044808,0.0013534221446707606,0.006565775197700301,0.0011129380445846337,0.4439560193729517,0.30352449022963435,0.15932351263380423,0.07183204143037705,0.021363936333232667,0.08076089200908527,0.12685835226099526,0.1079651042742102,0.12820049556060292,0.1276326657030766,0.10206741689035721,0.09192391079909147,0.107848957257898,0.12674220524468305,-4.29122663637318,-1.021915890934785,-32.944607,-11.96139
Calderdale,E08000033,203826,96645,182787,16875,899,2797,468,94449,70007,28091,8929,2350,10327,16340,12120,11282,11737,9455,7151,8552,9681,2011,0.8967796061346442,0.08279120426245916,0.0044106247485600466,0.013722488789457674,0.0022960760648788672,0.4633805304524447,0.3434645236623394,0.13781853149254755,0.04380697261389617,0.01152944177877209,0.10685498473795851,0.16907237829168606,0.12540741890423715,0.11673650990739304,0.12144446168968907,0.09783227275078897,0.07399244658285478,0.08848879921361684,0.10017072792177557,-1.0415524242805239,0.4870672192071568,-0.48337322,6.072871
Cambridge,E07000008,123867,59437,102205,13618,2097,3944,2003,67743,39600,12021,3533,970,5105,22615,6696,4608,3929,4322,3867,2049,6246,2011,0.8251188775057118,0.10994050069832965,0.016929448521397952,0.031840603227655466,0.01617057004690515,0.5469011116762333,0.31969774031824455,0.09704763980721258,0.028522528195564598,0.00783098000274488,0.08588926089809377,0.3804869020980198,0.11265709911334691,0.0775274660564968,0.06610360549825867,0.07271564850177499,0.06506048421017212,0.034473476117569866,0.10508605750626714,4.328724961407391,-0.269001491220715,23.391989,-2.952978
Camden,E09000007,220338,108966,146055,35446,18060,12322,8455,117692,67334,22963,9174,3175,15366,34721,23711,9192,4665,6117,5923,2390,6881,2011,0.6628679574108869,0.16087102542457496,0.08196498107453094,0.05592317258030843,0.038372863509698735,0.534142998484147,0.3055941326507457,0.10421715727654784,0.041636031914603924,0.014409679673955468,0.14101646385110952,0.3186406769083934,0.21759998531652075,0.08435658829359617,0.042811519189471944,0.05613677660921755,0.05435640475010554,0.021933447130297525,0.06314813795128756,7.055078820335672,-1.6463970279214493,29.025074,-9.762038
Cannock Chase,E07000192,97462,47476,95256,982,280,867,77,42634,34133,14091,5121,1483,4464,5264,5092,5455,7216,4674,4244,5275,5792,2011,0.977365537337629,0.010075721819786172,0.0028729145718331245,0.008895774763497568,0.0007900515072541093,0.4374422851983337,0.350218546715643,0.144579425827502,0.052543555436990824,0.015216186821530442,0.0940264554722386,0.11087707473249642,0.107254191591541,0.11490016008088297,0.1519925857275255,0.09844974302805629,0.08939253517566771,0.11110877074732496,0.12199848344426657,-3.7263045017494383,0.20831064193271406,-14.90018,-5.8799334
Canterbury,E07000106,151145,65620,140620,5135,1937,2551,902,70764,52338,20211,6133,1699,6964,13470,7768,6449,7446,6692,6144,3317,7370,2011,0.9303648814052731,0.03397399847828245,0.012815508286744517,0.01687783254490721,0.005967779284792749,0.46818617883489366,0.34627675411029146,0.1337192761917364,0.04057692943861854,0.011240861424459956,0.10612618104236514,0.2052727826882048,0.11837854312709539,0.09827796403535508,0.11347150259067358,0.10198110332215787,0.0936299908564462,0.05054861322767449,0.11231331911002743,-0.6666896807192291,0.3686547999860957,-2.3838334,0.7509801
Cardiff,W06000015,346090,159614,293114,27885,8201,10031,6859,174329,107477,42014,16745,5525,14400,35984,21457,19005,12946,13495,17334,7767,17226,2011,0.8469299893091392,0.08057152763731977,0.023696148400705018,0.028983790343552255,0.019818544309283714,0.5037100176254732,0.31054638966742754,0.12139616862665781,0.04838336848796556,0.015964055592475945,0.09021765008081997,0.2254438833686268,0.13443056373501072,0.11906850276291553,0.08110817346849274,0.084547721377824,0.10859949628478704,0.048661145012342276,0.1079228639091809,0.7349515422357928,-1.5991063382533073,10.644982,-9.580311
Carmarthenshire,W06000010,183777,80680,180323,1837,279,1033,305,82638,55618,30011,11475,4035,7355,12203,7841,8446,13189,8965,7026,6552,9103,2011,0.9812054827317891,0.009995810139462501,0.0015181442726783004,0.00562094277303471,0.0016596200830354178,0.449664539088134,0.30263852386316026,0.1633011747933637,0.06243980476338171,0.021955957491960366,0.09116261774913237,0.15125185919682696,0.0971864154685176,0.10468517600396629,0.16347297967278135,0.11111799702528508,0.08708477937530987,0.0812097174020823,0.11282845810609816,-3.9539779207355497,-0.3579839784992777,-32.323006,-9.180626
Castle Point,E07000069,88011,41443,85273,1012,661,911,154,38280,31786,12963,3873,1109,4340,4576,4894,6520,6165,3840,3580,3684,3844,2011,0.9688902523548193,0.011498562679665042,0.007510424833259479,0.010350978854915862,0.0017497812773403325,0.4349456317960255,0.36115940052947926,0.1472884071309268,0.0440058629035007,0.012600697640067719,0.10472214849311103,0.11041671693651521,0.11808990661872934,0.15732451801269212,0.14875853582028328,0.09265738484183095,0.08638370774316531,0.08889317858263157,0.09275390295104119,-2.7939034546471473,1.2372380630726807,5.5302525,16.918873
Central Bedfordshire,E06000056,254381,132061,238722,6402,3614,4789,854,125019,90360,29202,7672,2128,16698,22151,18600,16229,16582,11493,9392,9004,11912,2011,0.9384427296063779,0.02516697394852603,0.014207035902838656,0.01882609157130446,0.003357168970953019,0.4914635920135545,0.3552152086830384,0.11479630947279867,0.030159485181676306,0.008365404648932113,0.12644156866902417,0.16773309304033743,0.14084400390728527,0.12289017953824369,0.12556318670917227,0.08702796434980804,0.07111864971490447,0.06818061350436541,0.09020074056685926,0.704808781329869,1.8010333014273863,11.977994,12.554121
Ceredigion,W06000008,75922,32446,73443,1099,266,736,378,35796,24369,10946,3660,1151,3119,5431,3021,3189,6287,3255,2407,1920,3817,2011,0.9673480677537473,0.014475382629540845,0.003503595795685045,0.009694159795579674,0.0049787940254471695,0.4714838913621875,0.3209741576881536,0.1441742841337162,0.04820737072258371,0.015160296093358974,0.09612895272144487,0.16738581026937063,0.09310854959008814,0.0982863835295568,0.19376810700856809,0.1003205325772052,0.07418479935893485,0.05917524502249892,0.11764161992233249,-2.38890283466182,0.7610695595855046,-22.489864,13.617392
Charnwood,E07000130,166100,79572,145114,16138,1327,2577,944,79906,58637,20620,5465,1472,8669,14282,9726,9110,9719,7289,6178,6169,8430,2011,0.8736544250451536,0.09715833835039132,0.00798916315472607,0.01551475015051174,0.005683323299217339,0.48107164358819987,0.35302227573750755,0.12414208308248044,0.03290186634557495,0.008862131246237206,0.10894535766349972,0.17948524606645555,0.12222892474739858,0.11448750816870255,0.12214095410445885,0.09160257376966773,0.07764037601166239,0.07752727089931132,0.10594178856884331,-0.0761804491311553,0.6453490213630139,8.754113,11.737039
Chelmsford,E07000070,168310,86451,157983,4962,2051,2646,668,84476,58430,19261,4778,1365,10585,16438,12942,11866,8925,6922,6370,4723,7680,2011,0.9386429802150793,0.02948131424157804,0.012185847543223813,0.01572099102845939,0.0039688669716594375,0.5019071950567405,0.3471570316677559,0.11443764482205454,0.02838809339908502,0.008110035054363971,0.12243930087564053,0.19014239280054598,0.14970330013533678,0.13725694323952298,0.10323767220737759,0.08006847809741935,0.07368335820291264,0.054632103735063796,0.08883645070618038,1.4569776343173053,1.8473083493326252,14.324801,13.94261
Cheltenham,E07000078,115732,59183,109084,3675,721,1878,374,57758,39722,13631,3637,984,6495,12307,7941,8448,5350,4780,5042,3025,5795,2011,0.9425569419002523,0.03175439809214392,0.006229910482839664,0.0162271454740262,0.0032316040507379116,0.49906680952545535,0.3432240002765009,0.11778073480109218,0.03142605329554488,0.008502402101406698,0.10974435226331886,0.20794822837639187,0.1341770440836051,0.14274369329030295,0.09039758038625957,0.0807664363077235,0.0851933832350506,0.05111265059223088,0.09791663146511667,0.999785490226523,1.3194397641538385,13.806902,15.0438
Cherwell,E07000177,141868,74829,130761,6039,1961,2560,547,71403,49163,15844,4261,1197,8708,12468,9811,8423,8799,6300,6568,5850,7902,2011,0.9217089125102208,0.04256773902500916,0.013822708433191418,0.018044943186624186,0.0038556968449544645,0.503305889982237,0.3465404460484394,0.11168128119096625,0.030034962077424083,0.008437420700933262,0.11637199481484452,0.16661989335685362,0.1311122693073541,0.11256331101578265,0.11758810086998356,0.08419195766347272,0.08777345681487124,0.07817824640179609,0.1056007697550415,0.4444051706227358,0.9618315181097687,10.211066,11.400773
Cheshire East,E06000049,370127,181136,357940,6060,1402,3873,852,181595,123065,47306,14247,3914,24551,35525,23592,18819,18711,16059,13650,11849,18380,2011,0.9670734639731767,0.016372758539636396,0.003787889021876275,0.010463975878549796,0.0023019125867607603,0.49062889224509426,0.33249398179543777,0.1278101840719537,0.03849219322016497,0.010574748667349315,0.13553904248741278,0.19612335482731208,0.13024467803197598,0.1038943114565851,0.10329807437505521,0.08865714159526543,0.07535774224891793,0.06541493684303507,0.10147071813444042,0.37469513330625825,1.4379755843754605,5.0828733,7.220553
Cheshire West and Chester,E06000050,329608,160138,321025,4097,908,3050,528,159777,108967,42604,14259,4001,18672,29045,19767,16853,17003,14320,14739,11906,17833,2011,0.9739599766995947,0.012429916749593456,0.0027547875051576417,0.00925341617921895,0.0016019028664352806,0.4847485497924808,0.33059573796752506,0.1292565714424407,0.043260479114584596,0.01213866168296886,0.11659943298904694,0.18137481422273288,0.12343728534139305,0.10524048008592589,0.10617717218898699,0.08942287277223394,0.09203936604678464,0.07434837452697049,0.11136020182592514,-0.7051745450853188,0.7367280982245397,-1.152319,-1.312457
Chesterfield,E07000034,103788,47901,100172,1592,782,1094,148,43274,35622,16984,6204,1704,4381,6948,5135,5462,5743,5335,4553,4348,5996,2011,0.9651597487185416,0.015338960188075693,0.007534589740625121,0.010540717616680156,0.0014259837360773885,0.4169460823987359,0.3432188692334374,0.1636412687401241,0.059775696612325124,0.0164180830153775,0.09145946848708796,0.14504916390054487,0.10720026721780339,0.11402684703868395,0.11989311287864554,0.11137554539571198,0.09505020772008935,0.09077054758773304,0.12517483977369992,-3.924702023806073,-0.4629657450225277,-26.669163,-8.530964
Chichester,E07000225,113794,53285,110322,1617,518,1092,245,54210,39771,14900,3822,1091,7586,9983,6957,5219,6862,5170,3711,2477,5320,2011,0.9694887252403466,0.014209888043306326,0.004552085347206356,0.00959628802924583,0.002153013339894898,0.47638715573756085,0.34949997363657137,0.13093836230381214,0.033587008102360406,0.009587500219695238,0.14236651965844047,0.18735103687716995,0.1305620718776391,0.09794501266773013,0.1287792061555785,0.09702542929529887,0.06964436520596791,0.04648587782678052,0.09984048043539458,0.16347993156586305,2.0974055918631636,-5.44614,15.450391
Chorley,E07000118,107155,53702,103833,1710,401,1016,195,51303,35705,14222,4623,1302,6224,9539,6868,6048,6398,5408,3985,3949,5283,2011,0.9689981802062433,0.015958191404974103,0.003742242545844804,0.009481592086230227,0.0018197937567075732,0.47877373897624936,0.33320890299099437,0.13272362465587234,0.04314311044748262,0.012150622929401335,0.11589884920487133,0.17762839372835276,0.12789095378198204,0.11262150385460504,0.11913895199433913,0.10070388439909128,0.07420580239097241,0.07353543629659975,0.09837622434918625,-0.7299397790743044,1.182010698336492,0.17361306,6.446206
City of London,E09000001,7375,4747,5799,940,193,289,154,4112,2374,643,190,56,845,1894,1097,335,114,128,109,52,173,2011,0.7863050847457627,0.12745762711864406,0.02616949152542373,0.0391864406779661,0.020881355932203388,0.5575593220338984,0.32189830508474576,0.0871864406779661,0.02576271186440678,0.007593220338983051,0.1780071624183695,0.3989888350537181,0.23109332209816727,0.07057088687592164,0.02401516747419423,0.026964398567516326,0.02296187065515062,0.010954286918053507,0.03644406993890879,9.703395163831924,1.9696973069675927,32.340286,-6.9411025
Colchester,E07000071,173074,85587,159306,6355,2575,3152,1686,84520,60279,20925,5692,1658,9612,14949,12398,9784,9461,8804,7301,4966,8312,2011,0.9204502120480257,0.03671839791072027,0.014878029051157309,0.01821186313368848,0.009741497856408241,0.4883460253995401,0.3482845488057132,0.12090204190115211,0.03288766654725724,0.009579717346337405,0.11230677556170914,0.17466437659924988,0.1448584481288046,0.11431642656010843,0.11054248892939349,0.1028660894762055,0.08530501127507682,0.05802283057006321,0.09711755289938892,0.34571561115477367,0.8947275310258509,10.942672,10.355661
Conwy,W06000003,115228,50093,112549,1252,199,894,334,52335,36977,17874,6237,1805,5822,7811,5255,4847,7239,6107,4456,3048,5508,2011,0.9767504426007567,0.010865414656159962,0.0017270107959870865,0.007758530912625404,0.0028986010344707884,0.45418648245218174,0.3209029055437914,0.15511854757524213,0.05412746901794702,0.015664595410837645,0.11622382368794043,0.1559299702553251,0.10490487692891222,0.09676002635098717,0.14451120915097918,0.12191324137104985,0.08895454454714231,0.060846824905675445,0.1099554828019883,-2.7784946659588754,0.4182639270080807,-24.566137,9.780163
Cornwall,E06000052,532273,244527,522848,3434,762,4400,829,240759,178805,79181,25907,7621,27985,33767,25455,23320,41511,25798,20094,17369,29228,2011,0.9822929211137894,0.0064515765406098,0.001431596192179577,0.00826643470549887,0.0015574714479224007,0.4523223984684551,0.33592724034471033,0.1487601287309332,0.04867239179894528,0.014317840656956111,0.11444543956291126,0.1380910901454645,0.10409893386006454,0.09536779169580456,0.1697603945576562,0.10550164194547024,0.08217497454268853,0.07103101089041292,0.11952872279952725,-2.813295119307985,0.8722777613252831,-19.926266,12.41211
Cotswold,E07000079,82881,41529,81075,794,229,698,85,40433,29067,10220,2498,663,6485,7175,5150,4166,5868,3722,2724,2109,4130,2011,0.9782097223730408,0.00958000024130983,0.002762997550705228,0.008421713058481438,0.0010255667764626393,0.48784401732604576,0.35070764107575925,0.12330932300527261,0.0301395977365138,0.007999420856408587,0.15615593922319343,0.17277083483830577,0.12400972814178045,0.1003154422210985,0.14129885140504225,0.08962411808615667,0.06559271834139999,0.05078378964097378,0.09944857810204917,0.4375988372214684,2.6328238248314317,-5.2200217,16.452515
County Durham,E06000047,513242,227894,503769,4856,701,3094,822,217373,171564,82404,32568,9333,20169,33042,24335,25774,28753,23446,21042,23243,28090,2011,0.9815428199562779,0.009461423655897219,0.0013658274264382105,0.006028345302995468,0.0016015836583911684,0.4235292513083497,0.3342750593287377,0.16055583915579785,0.06345544596895811,0.01818440423815666,0.08850167182988583,0.14498845954698236,0.1067821004502093,0.11309643957278384,0.12616830631784953,0.10288116404995305,0.09233240015094737,0.10199039904517013,0.12325905903621859,-4.058888774277274,-0.44185883068337306,-27.34762,-9.875343
Coventry,E08000026,316960,137560,234029,51598,17764,8230,5339,145948,109815,42006,14765,4426,10323,22093,14801,16137,14037,13502,13239,11964,21464,2011,0.7383549974760222,0.16279025744573447,0.05604492680464412,0.02596542150429076,0.01684439676930843,0.46046188793538617,0.3464632761231701,0.13252776375567896,0.0465831650681474,0.013963907117617365,0.07504361733061937,0.1606062808956092,0.10759668508287293,0.11730881070078511,0.10204274498400698,0.09815353300378017,0.09624164001163128,0.086972957255016,0.15603373073567897,-1.475210858287433,-2.829532361045059,1.3431201,-14.125974
Crawley,E07000226,106597,55466,85180,13825,3469,3098,1025,50751,38279,12856,3679,1032,5035,6807,6653,6853,5203,6665,5886,4384,7980,2011,0.7990844020000563,0.12969408144694503,0.03254312973160595,0.029062731596574014,0.00961565522481871,0.47610157884368226,0.35910016229349795,0.12060376933684813,0.034513166411812714,0.009681323114158934,0.09077633144629142,0.12272383081527422,0.11994735513648,0.12355316770634263,0.09380521400497602,0.12016370389067177,0.10611906393105687,0.0790394115313886,0.1438719215375185,-1.206064862019841,-1.581979776884647,-0.36526728,-9.53298
Croydon,E09000008,363378,172987,200195,59627,73256,23895,6405,174584,128634,43473,12734,3953,17832,33894,23715,25436,16524,16350,15062,9045,15129,2011,0.5509276841195669,0.1640908365393612,0.20159723483535053,0.0657579710384228,0.017626273467298517,0.48044735784775083,0.35399501345706125,0.11963575120122848,0.035043398334516675,0.010878479159442784,0.10308289062183863,0.1959337984935284,0.13709122650835034,0.1470399509789753,0.09552162879291508,0.09451577286154451,0.08707012665691642,0.052287166087625084,0.08745743899830623,2.488252450407045,-3.3719915294665546,20.278757,-13.649822
Cumberland,E06000063,274549,132841,270356,2354,304,1300,235,122809,94729,39756,13486,3769,12451,17480,12891,13337,20343,12897,11704,14778,16960,2011,0.9847276806690245,0.008574061460795705,0.0011072704690237444,0.00473503818990417,0.0008559492112519076,0.44731177312610865,0.3450349482241786,0.14480475252140784,0.04912055771465203,0.013727968413652937,0.09372859282902116,0.13158588086509437,0.09704082323981301,0.10039822042893384,0.15313796192440587,0.09708599001814198,0.08810532892706319,0.11124577502427714,0.12767142674324944,-3.4806404803021502,0.3447873615901194,-15.388047,-5.5845003
Dacorum,E07000096,144847,73437,131537,6770,2990,3075,475,72910,49326,16778,4576,1257,9630,13742,11076,8780,7816,6262,5537,3843,6751,2011,0.9081099366918196,0.046738972847211194,0.02064247102114645,0.02122929712040981,0.003279322319412898,0.503358716438725,0.3405386373207591,0.11583256815812547,0.03159195564975457,0.008678122432635816,0.13113280771273336,0.18712638043493063,0.15082315454062667,0.11955826082220135,0.10643136293693914,0.08527036779824884,0.07539796015632447,0.052330569059193595,0.09192913653880197,1.55729779945982,1.3647212852579838,16.266834,12.519868
Darlington,E06000005,105564,49014,101595,2205,357,1146,261,47046,37199,15116,4763,1440,4639,7447,5741,5886,5808,4832,5461,3562,5638,2011,0.9624019552120041,0.020887802659997727,0.0033818347163805844,0.010855973627372967,0.002472433784244629,0.44566329430487667,0.35238338827630633,0.14319275510590732,0.045119548330870375,0.013641013982039332,0.09464642755131188,0.1519361814991635,0.11712979964907985,0.12008813808299669,0.1184967560288897,0.09858407801852533,0.1114171461215163,0.0726731138042192,0.11502835924429755,-2.5349775258949543,0.12851957256471327,-12.016717,-9.724455
Dartford,E07000107,97365,49611,85070,5799,3578,2161,757,47273,33941,11837,3314,1000,5124,7220,6153,7269,6242,4415,4526,3710,4952,2011,0.873722590253171,0.05955938992451086,0.03674831818415242,0.022194833872541467,0.007774867765624197,0.48552354542186615,0.3485954911929338,0.12157346068915935,0.034036871565757715,0.010270631130282955,0.10328354598778497,0.14553224083368607,0.12402491382959424,0.1465199250166294,0.12581887081494023,0.08899236056519723,0.09122976759186471,0.07478180242284978,0.09981657293745338,-0.3648885298413361,0.24635194825510573,7.926405,15.489738
Denbighshire,W06000004,93734,41156,91254,1430,161,751,138,43690,29420,13770,5341,1513,4081,6640,4139,4002,6008,5455,3091,3030,4710,2011,0.9735421511938037,0.015255937013250261,0.0017176264749183862,0.00801203405381185,0.0014722512642157595,0.46610621546077197,0.313866899950925,0.14690507179892034,0.05698039132011863,0.01614142146926409,0.0991592963358927,0.16133735056856838,0.10056856837399164,0.0972397706288269,0.14598114491204198,0.1325444649625814,0.07510448051316941,0.07362231509378948,0.11444260861113811,-2.8815551680252858,0.1883121134258571,-25.407364,10.274937
Derby,E06000015,248752,112422,199751,31095,7320,7232,3354,111837,87060,35193,11413,3249,9700,18421,12570,11887,12221,11246,10570,10860,14947,2011,0.803012639094359,0.12500402006818034,0.029426899080208402,0.029073133080337044,0.01348330867691516,0.44959236508651185,0.34998713578182283,0.14147825947128062,0.0458810381424069,0.013061201517977745,0.08628204443970042,0.16385582893028056,0.11181085552649837,0.10573553219120813,0.10870648093789471,0.10003380121328566,0.09402074327089004,0.09660030954795325,0.13295440394228888,-1.6460289052331887,-1.8552102929061702,0.39802197,-14.039853
Derbyshire Dales,E07000035,71116,35005,70117,398,87,466,48,33487,24683,9718,2475,753,4903,6705,3542,3354,5284,2843,2024,2575,3775,2011,0.9859525282636818,0.005596490241295911,0.0012233533944541312,0.006552674503627875,0.0006749535969402103,0.4708785645986838,0.34708082569323356,0.13664998031385342,0.034802294842229596,0.01058833455199955,0.1400657048993001,0.19154406513355235,0.10118554492215398,0.09581488358805886,0.15094986430509927,0.08121696900442794,0.05782031138408799,0.0735609198685902,0.10784173689472933,-0.59384592173494,2.180047365232326,-7.4545517,18.664835
Doncaster,E08000017,302402,133815,288066,7614,2337,3321,1064,131738,102983,45748,16982,4951,12078,15111,13199,13530,17283,13875,13922,14079,20738,2011,0.9525929061315732,0.025178404904729466,0.007728123491246751,0.010982070224403277,0.0035184952480473014,0.4356386531835107,0.3405499963624579,0.15128206824028942,0.056157035998439166,0.01637224621530281,0.09025893958076449,0.11292456002690282,0.0986361768112693,0.10110974106041924,0.12915592422374172,0.10368792736240331,0.10403915853977506,0.10521242013227217,0.1549751522624519,-4.151687539445148,-1.0718572670248436,-23.547108,-9.458194
Dorset,E06000059,365153,170602,357726,3338,841,2895,353,164150,131050,51990,14040,3923,20731,26624,20784,18098,25996,17170,12555,10465,18179,2011,0.9796605806333236,0.009141373615991105,0.002303144161488472,0.007928183528548308,0.0009667180606485501,0.44953759109195324,0.35889065679317983,0.14237867414481054,0.03844963617990267,0.010743441790153716,0.12151674657975874,0.15605913178040118,0.1218274111675127,0.10608316432398214,0.15237804949531658,0.10064360324029027,0.07359233772171486,0.06134160209141745,0.1065579535996061,-1.5834561156316416,1.8092546335514275,-13.277171,8.902604
Dover,E07000108,111674,50396,107966,2031,386,1029,262,48433,39477,16745,5538,1481,4949,7228,5911,5596,6197,6463,4347,3970,5735,2011,0.9667962103981231,0.018186865340186615,0.0034564894245751026,0.009214320253595287,0.002346114583519888,0.43369987642602575,0.3535021580672314,0.14994537672152874,0.049590773143256266,0.01326181564195784,0.0982022382728788,0.14342408127629178,0.11729105484562267,0.11104055877450592,0.12296610842130327,0.12824430510357965,0.08625684578141123,0.07877609334074133,0.11379871418366537,-3.0422452778852063,0.3980018246096995,-19.179039,2.9763975
Dudley,E08000027,312925,141998,281607,18942,4671,5758,1947,132825,111905,47828,15918,4449,13478,19883,15304,18440,19393,13555,13294,13375,15276,2011,0.8999185108252776,0.060532076376128466,0.014926899416793161,0.018400575217703923,0.006221938164096828,0.42446273068626666,0.3576096508748103,0.1528417352400735,0.050868418950227694,0.014217464248621874,0.09491682981450443,0.14002309891688616,0.10777616586149101,0.12986098395752052,0.13657234608938154,0.0954590909731123,0.0936210369160129,0.09419146748545754,0.1075789799856336,-2.9564395808675847,-0.33125921697495925,-13.25989,-6.630322
Ealing,E09000009,338449,164820,165818,100439,36860,15066,20266,166385,116712,38421,12817,4114,17905,34624,23416,17687,16331,12293,13026,10132,19406,2011,0.48993496804540715,0.29676258461393,0.10890858002239628,0.044514830890326165,0.0598790364279404,0.4916102573799893,0.3448436839819293,0.11352079633859163,0.037869811995308006,0.012155450304181723,0.1086336609634753,0.21007159325324595,0.14207013711928165,0.10731100594588036,0.0990838490474457,0.07458439509768232,0.07903167091372407,0.061473122193908505,0.11774056546535615,3.1021047774923733,-4.155531992790748,15.882351,-16.842407
East Cambridgeshire,E07000009,83818,43919,80673,1215,506,1182,242,40874,29487,10131,2614,712,5462,8086,5175,4903,5721,4398,2977,3311,3886,2011,0.9624782266338973,0.014495693049225704,0.006036889450953256,0.014101982867641796,0.002887207998281992,0.48765181703214106,0.3517979431625665,0.12086902574625975,0.03118661862607077,0.008494595432961894,0.12436530886404518,0.18411166010155058,0.11783055169744303,0.11163733236184795,0.13026252874610078,0.10013889205127621,0.06778387486053872,0.07538878389762972,0.08848106741956784,0.013709716112303583,1.9024057710950588,-4.0348625,12.840615
East Devon,E07000040,132457,59908,130347,930,146,904,130,58004,47716,19960,5285,1492,7280,9181,7317,6136,9190,6415,4822,3176,6391,2011,0.9840703020602912,0.007021146485274466,0.001102244501989325,0.006824856368481847,0.0009814505839630975,0.43790815132458083,0.3602376620337166,0.15069041273771866,0.03989974104803823,0.011264032855945703,0.12151966348400882,0.15325165253388529,0.12213727715830941,0.10242371636509315,0.15340188288709355,0.10708085731454897,0.08049008479668826,0.053014622421045605,0.10668024303932697,-2.0457077843343683,1.7165367220307386,-13.667412,8.424632
East Hampshire,E07000085,115608,58457,111635,1859,517,1305,292,58330,40113,12885,3336,944,8353,11334,8244,6504,7108,5639,3654,2803,4818,2011,0.9656338661684313,0.016080202062141027,0.004472008857518511,0.011288146149055428,0.002525776762853782,0.5045498581413052,0.3469742578368279,0.11145422462113348,0.028856134523562383,0.00816552487717113,0.14289135603948203,0.19388610431599296,0.14102673760199805,0.11126126896693296,0.12159365003335786,0.0964640676052483,0.06250748413363669,0.04794977504832612,0.08241955625502506,1.3771463119667295,2.5574125637446508,20.02864,14.005788
East Hertfordshire,E07000242,137687,72225,131456,2681,984,2214,352,72332,46399,14325,3678,953,10639,14636,11160,8968,7589,5740,4345,3573,5575,2011,0.9547451829148721,0.019471700305765977,0.0071466442002512945,0.016079949450565414,0.0025565231285451786,0.5253364515168462,0.33698896773115833,0.10404032334207296,0.026712761553378313,0.006921495856544191,0.14730356524749047,0.20264451367255107,0.1545171339563863,0.12416753201799931,0.10507442021460713,0.07947386638975425,0.060159224645205955,0.04947040498442368,0.07718933887158186,2.658342848651921,2.6383851552371103,21.574934,11.114558
East Lindsey,E07000137,136401,56311,134314,789,264,937,97,52138,48140,24915,8671,2537,6757,6522,5301,5240,8834,6594,4707,4927,7429,2011,0.9846995256633015,0.005784415070270746,0.0019354696813073217,0.006869451103730911,0.0007111384813894326,0.3822405994090952,0.35292996385656994,0.1826599511733785,0.06356991517657495,0.018599570384381345,0.11999431727371207,0.1158210651560086,0.09413791266360036,0.09305464296496244,0.1568787625863508,0.11709967857079434,0.08358935199161797,0.08749622631457442,0.131928042478379,-5.246516280935235,0.05121131747470603,-28.053867,-0.73761743
East Riding of Yorkshire,E06000011,334179,158757,327789,2961,598,2301,530,151003,116859,48307,13877,4133,19073,25851,18198,17718,21761,15246,12083,11767,17060,2011,0.9808785112170424,0.008860520858581779,0.0017894601396257694,0.006885531406820895,0.0015859763779291936,0.4518626245215887,0.3496898368838257,0.1445542658275954,0.04152564942740268,0.012367623339587467,0.12013958439627859,0.16283376481037057,0.11462801640242636,0.11160452767437026,0.13707112127339266,0.09603356072488142,0.07611002979396184,0.07411956638132491,0.10745982854299338,-1.7364864259839623,1.3914530540832861,-12.679077,7.4048767
East Staffordshire,E07000193,113583,54921,102704,7864,1023,1619,373,52094,40576,15302,4377,1234,5707,8008,5589,5630,6747,4667,4293,6205,8075,2011,0.9042198216282367,0.06923571309086747,0.009006629513219408,0.014253893628447919,0.0032839421392285816,0.4586425785548894,0.35723655828777195,0.13472086491816557,0.03853569636301207,0.010864301876161045,0.10391289306458368,0.14580943537080535,0.10176435243349538,0.10251087926294132,0.12284918337248048,0.08497660275668688,0.078166821434424,0.11298046284663425,0.1470293694579487,-1.8720873612582591,-0.10666163884633321,-7.1364746,-8.826791
East Suffolk,E07000244,239552,107438,232565,2991,925,2728,343,104874,85907,35663,10256,2852,11661,15874,12348,12024,14913,11298,8639,8423,12258,2011,0.9708330550360673,0.01248580683943361,0.003861374565856265,0.011387924125033396,0.0014318394336094043,0.437792212129308,0.3586152484637991,0.14887373096446702,0.04281325140261822,0.01190555703980764,0.10853701669800257,0.14775033042312777,0.11493140229713882,0.11191570952549378,0.13880563673932872,0.10515832387051137,0.08040916621679481,0.07839870436903144,0.11409370986057074,-2.4022875453126953,0.9993457235201859,-15.238186,7.066206
Eastbourne,E07000061,99412,44449,93508,2795,783,1791,535,42818,35193,15251,4712,1438,4455,7365,5163,4607,5364,5486,4412,2497,5100,2011,0.940610791453748,0.02811531807025309,0.007876312718786464,0.018015933690097775,0.005381644067114634,0.43071259002937273,0.35401158813825295,0.15341206293002857,0.04739870438176478,0.014465054520581016,0.1002272267092623,0.16569551620958853,0.1161555940516097,0.10364687619518999,0.12067763054286935,0.12342234920920606,0.09925982586784854,0.056176741883956896,0.11473823933046863,-2.623097724218047,-0.09636721309413335,-20.42115,3.2120748
Eastleigh,E07000086,125199,65768,118537,3740,605,1740,577,61561,44190,14538,3817,1093,7241,11807,9005,8492,7978,5857,5591,3979,5818,2011,0.9467887123699071,0.029872443070631555,0.004832306967308046,0.013897874583662808,0.004608663008490483,0.4917052053131415,0.35295809071957446,0.11611913833177581,0.030487463957379852,0.00873010167812842,0.11009913635810728,0.17952499695900742,0.13692069091351416,0.12912054494587033,0.1213051940153266,0.0890554677046588,0.08501094757328792,0.06050054737866439,0.08846247415156307,0.3427700522571204,1.5990069381720862,11.160271,13.685504
Elmbridge,E07000207,130875,64730,118123,7075,1010,3411,1256,73880,40555,12360,3213,867,12074,15800,11443,6968,4760,4868,3435,1947,3435,2011,0.9025635148042025,0.05405921680993314,0.007717287488061127,0.026063037249283667,0.00959694364851958,0.5645081184336199,0.30987583572110794,0.09444126074498567,0.024550143266475644,0.006624641833810888,0.18652865750038622,0.24409083886914879,0.17678047273289046,0.10764714969874865,0.07353622740614861,0.07520469643133014,0.05306658427313456,0.030078788815078018,0.05306658427313456,5.514760820800519,2.608003504782636,32.718502,-0.08503266
Enfield,E09000010,312466,137622,190640,34893,53687,17183,16063,146351,109394,39699,12840,4182,14836,26102,17202,17936,14348,13093,11575,8296,14234,2011,0.6101143804445923,0.11166974966876396,0.17181709369979453,0.05499158308423956,0.051407193102609564,0.468374159108511,0.3500988907593146,0.12705062310779414,0.04109247086082966,0.013383856163550594,0.10780253157198703,0.1896644431849559,0.12499455028992458,0.13032799988373953,0.10425658688291116,0.09513740535670169,0.08410719216404354,0.06028105971428987,0.10342823095144672,1.6377029346885472,-3.6194856463362344,19.694822,-14.244744
Epping Forest,E07000072,124659,61609,112869,5922,2404,2649,815,61413,42077,15435,4441,1293,9051,10107,9039,9269,7167,4845,3681,3839,4611,2011,0.9054219911919718,0.04750559526387987,0.019284608411747246,0.02124996991793613,0.006537835214465061,0.4926479435901138,0.33753680039146794,0.12381777488989965,0.03562518550606053,0.010372295622458066,0.14691035400671978,0.16405070687724196,0.14671557726955478,0.15044879806521774,0.11633040627181093,0.07864110763037868,0.05974776412537129,0.062312324498044115,0.0748429612556607,1.3140014751262943,1.7617375676986107,15.357166,11.262724
Epsom and Ewell,E07000208,75102,38005,64502,6484,1128,1922,1066,39208,25355,7988,2016,535,4923,8696,5898,5055,3588,3275,2539,1527,2504,2011,0.8588586189449016,0.08633591648691114,0.015019573380202924,0.025591861734707465,0.014194029453276876,0.52206332720833,0.3376075204388698,0.1063620143271817,0.026843492849724374,0.0071236451758941175,0.12953558742270754,0.22881199842126035,0.15519010656492566,0.133008814629654,0.09440863044336271,0.08617287199052756,0.06680699907906855,0.040178923825812396,0.06588606762268123,3.175547160728433,1.4409732390319991,20.125557,8.47339
Erewash,E07000036,112081,54851,108765,1383,536,1269,128,49349,39666,16762,4874,1430,5493,7470,6218,6309,7537,4898,4942,5396,6588,2011,0.9704142539770345,0.012339290334668677,0.00478225569008128,0.011322168788643927,0.001142031209571649,0.4402976418839946,0.3539047653036643,0.14955255574093737,0.04348640715197045,0.012758629919433268,0.10014402654463911,0.13618712512078177,0.11336165247670964,0.11502069242128676,0.13740861606898688,0.0892964576762502,0.09009863083626551,0.09837559935096898,0.12010719950411114,-2.7119289402619735,0.5450575216533126,-12.429657,-5.385754
Exeter,E07000041,117773,57139,109590,4595,667,1938,983,58775,39301,14075,4331,1291,4777,10975,6645,6483,5828,5559,6367,3357,7148,2011,0.930518879539453,0.03901573365712005,0.005663437290380648,0.0164553845108811,0.008346565002165181,0.49905326348144313,0.333701272787481,0.1195095650106561,0.03677413329031272,0.01096176543010707,0.08360314321216682,0.19207546509389384,0.11629534993612069,0.11346015856070285,0.10199688478972331,0.0972890670120233,0.11143002152645304,0.058751465723936365,0.12509844414497978,-0.5877318813874916,-0.26909977182177275,0.50475216,-3.4686258
Fareham,E07000087,111581,56445,107959,1667,357,1359,239,54170,39284,13638,3489,1000,6904,10357,8704,7169,6202,4825,4675,2906,4703,2011,0.967539276400104,0.014939819503320458,0.0031994694437224975,0.012179492924422617,0.0021419417284304675,0.48547691811329885,0.35206710819942466,0.12222511000976868,0.03126876439537197,0.008962099282135847,0.12231375675436265,0.18348835149260342,0.15420320666135176,0.12700859243511384,0.1098768712906369,0.08548144211179023,0.08282398795287448,0.051483745238727965,0.08332004606253876,0.7230296443570254,2.0262275743349054,12.827208,13.860648
Fenland,E07000010,95262,44514,92631,1075,497,901,158,37577,36042,15760,4590,1293,4098,4195,4342,4507,6318,4723,3421,6421,6489,2011,0.9723814322605027,0.01128466754844534,0.005217190485188218,0.009458126010371397,0.0016585836954924314,0.39445949066784236,0.37834603514517856,0.16543847494278935,0.04818290609057126,0.013573093153618442,0.09206092465291818,0.09424001437749921,0.09754234622815294,0.10124904524419284,0.1419328750505459,0.10610145122882689,0.07685222626589387,0.14424675383025565,0.14577436312171452,-4.957607001407028,-0.03024776047533402,-18.73067,-6.4009
Flintshire,W06000005,152506,74049,150161,1201,142,851,151,74216,49498,20114,6774,1904,6851,10100,8050,8045,10379,7094,6633,8237,8660,2011,0.9846235557945261,0.007875099996065728,0.0009311109071118513,0.00558010832360694,0.000990124978689363,0.48664314846628987,0.32456427943818605,0.1318898928566745,0.04441792454067381,0.01248475469817581,0.09251981795837891,0.13639617010358007,0.10871179894394252,0.10864427608745561,0.14016394549555025,0.09580142878364327,0.08957582141554916,0.11123715377655337,0.11694958743534686,-2.2559971359044337,0.4697265682067479,-14.830493,-8.692422
Folkestone and Hythe,E07000112,107969,48280,102215,3699,458,1267,330,45577,38999,16465,5321,1607,5292,6400,6200,5121,6149,5707,4679,3344,5388,2011,0.9467069251359187,0.03425983384119516,0.004241958339893858,0.011734849818003316,0.003056432864989025,0.42213042632607506,0.3612055312172939,0.15249747612740694,0.04928266446850485,0.01488390186071928,0.10961060480530241,0.13256006628003314,0.12841756420878211,0.10606876553438277,0.1273612261806131,0.1182062966031483,0.09691383595691798,0.06926263463131732,0.1115990057995029,-2.985319921319005,0.2506911228440271,-19.786102,3.4809525
Forest of Dean,E07000080,81961,39068,80699,473,199,528,62,36281,29340,11879,3535,926,4294,5426,4114,4288,6073,4236,2573,3573,4491,2011,0.9846024328644111,0.005771037444638303,0.002427984041190322,0.00644208831029392,0.0007564573394663315,0.4426617537609351,0.35797513451519625,0.14493478605678312,0.043130269274411,0.011298056392674566,0.10991092454182451,0.13888604484488584,0.10530357325688543,0.10975734616565988,0.1554469130746391,0.10842633357223302,0.06585952697860141,0.09145592300604075,0.11495341455923005,-2.6600968741327846,1.4172220195169014,-16.258183,8.470603
Fylde,E07000119,75757,34510,73844,845,163,742,163,33815,25591,11619,3692,1040,4349,7168,4330,4324,3580,3279,2459,1832,3189,2011,0.9747482080863814,0.01115408477104426,0.0021516163522842776,0.009794474438005728,0.0021516163522842776,0.44636139234658184,0.33780376730863154,0.15337196562693878,0.04873477038425492,0.013728104333592936,0.1260214430599826,0.2077079107505071,0.12547087800637496,0.12529701535786728,0.1037380469429151,0.09501593740944654,0.07125470878006375,0.0530860620110113,0.09240799768183135,-0.8774682016495,1.3101203552738712,-5.1932807,3.9455636
Gateshead,E08000037,200214,91877,192742,3738,1081,1558,1095,85320,67807,31158,12152,3777,7720,13979,10437,11925,10484,8667,10206,7586,10873,2011,0.9626799324722547,0.01867002307530942,0.00539922283157022,0.007781673609238115,0.005469148011627558,0.4261440258922952,0.338672620296283,0.15562348287332553,0.06069505628976995,0.018864814648326293,0.08402538176039705,0.15214906886380705,0.11359752712866114,0.12979309293947341,0.1141090806186532,0.09433264037789653,0.11108329614593423,0.08256691010807927,0.11834300205709808,-3.6240248316161177,-0.747275689506343,-28.844027,-13.20611
Gedling,E07000173,113543,55598,105656,3343,1653,2619,272,51154,39934,16473,4657,1325,5972,9295,6956,7160,6912,5150,5178,3746,5229,2011,0.9305373294698924,0.029442590031970268,0.014558361149520445,0.023066151149784664,0.0023955681988321606,0.4505253516288983,0.3517081634270717,0.14508159904177273,0.04101529816897563,0.011669587733281665,0.10741393575308464,0.16718227274362388,0.12511241411561566,0.12878161084931114,0.12432101874168136,0.09262923126731178,0.09313284650526997,0.06737652433540775,0.09405014568869384,-1.2335893056522813,0.618433531590561,-2.9678643,3.2489104
Gloucester,E07000081,121688,61374,108462,5839,3486,3565,336,56655,43150,15933,4616,1334,5300,8359,7208,8173,7320,6555,5836,5245,7378,2011,0.8913122082703306,0.047983367299980276,0.0286470317533364,0.02929623298928407,0.0027611596870685687,0.4655758990204457,0.3545953586220498,0.13093320623233187,0.03793307474853724,0.01096246137663533,0.08635578583765112,0.13619773845602373,0.11744386873920552,0.1331671391794571,0.11926874572294457,0.10680418418222701,0.09508912568840225,0.08545964089027927,0.12021377130380943,-1.6359129119445905,-0.4042279417326514,-2.0912068,-7.2853155
Gosport,E07000088,82622,40063,79685,1073,592,1066,206,37447,29915,11224,3215,821,3779,4860,5801,4633,5074,4356,3581,2947,5032,2011,0.9644525671128755,0.012986855801118346,0.0071651618213066735,0.012902132603906949,0.002493282660792525,0.45323279513930914,0.36207063493984654,0.13584759507153057,0.03891215414780567,0.009936820701508073,0.09432643586351497,0.12130893842198537,0.14479694481192124,0.11564286249157577,0.12665052542245964,0.10872875221526096,0.08938421985373038,0.07355914434765244,0.12560217657189926,-1.890259813888433,0.8003157651611549,-8.332079,5.421159
Gravesham,E07000109,101720,47639,84226,10604,2885,2066,1939,47298,35572,13629,4104,1117,4812,6190,5315,5898,6083,4281,4609,4120,6331,2011,0.8280180888714117,0.10424695241840345,0.028362170664569405,0.020310656704679513,0.019062131340935904,0.4649823043649233,0.349705072748722,0.13398545025560363,0.04034604797483288,0.010981124655918207,0.1010096769453599,0.12993555700161633,0.11156825290203405,0.12380612523352716,0.12768949810029598,0.0898633472574991,0.0967484623942568,0.08648376330317598,0.1328953168622347,-1.4070989305537025,-1.005236702227299,-2.5329332,-8.639622
Great Yarmouth,E07000145,97277,41264,94215,1204,439,1159,260,39204,35032,16130,5330,1581,3939,4159,3702,4324,5797,4948,4196,4090,6109,2011,0.9685228779670426,0.012377026429680192,0.004512885882582728,0.011914429926909753,0.002672779793784759,0.4030140732136065,0.3601262374456449,0.16581514643749293,0.05479198577258756,0.016252557130668092,0.09545851105079488,0.100790034897247,0.08971500581620784,0.10478867778208607,0.1404856533540132,0.11991081814656844,0.10168670027142303,0.0991178751454052,0.14804672353625437,-5.18227937399634,-0.6477427193884443,-25.150349,-5.20906
Greenwich,E09000011,254557,117821,159002,29894,48655,12274,4732,127641,83875,29386,10420,3235,11295,24081,16684,13759,10589,11396,9324,6508,14185,2011,0.6246223831990477,0.11743538775205553,0.1911359734754888,0.048217098724450715,0.01858915684895721,0.5014240425523556,0.3294939836657409,0.11543976398213367,0.040933857642885485,0.012708352156884312,0.09586576247018783,0.20438631483351866,0.1416046375433921,0.11677884248139127,0.08987362185009463,0.09672299505181589,0.07913699595148573,0.05523633308153895,0.12039449673657497,2.2286625664021646,-3.323120769341109,21.201166,-13.938416
Guildford,E07000209,137183,70021,124707,6616,1656,2501,1703,73969,45445,13442,3402,925,9551,17168,11221,7200,6623,5452,4881,2488,5437,2011,0.90905578679574,0.048227550060867604,0.012071466581136147,0.018231121932017817,0.01241407463023844,0.5391994634903742,0.33127282535007985,0.09798590204325609,0.024798991128638388,0.006742817987651531,0.13640193656188856,0.24518358778080862,0.1602519244226732,0.10282629496865227,0.09458590994130332,0.07786235557904057,0.06970765913083218,0.03553219748361206,0.07764813413118922,3.6718957695400136,1.8759146951532129,24.284576,8.234194
Gwynedd,W06000002,121874,53961,117573,2170,289,964,878,61396,37383,16593,4998,1504,5549,8572,5060,4827,9016,6301,4219,3724,6693,2011,0.9647094540262895,0.017805274299686563,0.0023713015081149383,0.007909808490736334,0.0072041616751727195,0.5037661847481826,0.30673482449086764,0.13614880942612861,0.04100956725798776,0.01234061407683345,0.10283352791831138,0.15885546969107317,0.0937714275124627,0.0894534941902485,0.16708363447675173,0.11676951872648765,0.07818609736661664,0.06901280554474527,0.12403402457330294,-1.7320108620333639,0.587112146010384,-24.802471,12.7554655
Hackney,E09000012,246270,118556,134617,25867,56858,15869,13059,128442,75699,26837,11183,4109,11427,29638,25881,10939,7544,8860,8167,3983,12117,2011,0.5466236244771998,0.10503512405083851,0.23087668006659356,0.06443740609899704,0.053027165306371055,0.5215495188208065,0.30738214155195515,0.10897389044544606,0.04540950988752183,0.016684939294270517,0.09638483079726036,0.24999156516751578,0.21830189952427545,0.09226863254495765,0.06363237626100746,0.07473261581025001,0.0688872768986808,0.033595937784675595,0.10220486521137691,5.608234845586308,-4.6186225478727865,26.383322,-14.154943
Halton,E06000006,125746,57577,123041,943,260,1356,146,58684,39693,17504,7732,2133,4705,6864,6354,6818,6127,5466,7090,6235,7918,2011,0.9784883813401619,0.007499244508771651,0.0020676602039031064,0.010783643217279277,0.001161070729884052,0.46668681309942267,0.3156601402827923,0.13920124695815375,0.06148903344838007,0.016962766211251253,0.0817166576931761,0.11921426958681418,0.1103565659898918,0.11841533945846432,0.10641401948694791,0.09493374090348576,0.12313944804348959,0.10828976848394324,0.1375201903537871,-3.540143975638046,-1.2760292133867224,-29.354797,-14.761591
Hammersmith and Fulham,E09000013,182493,99618,124222,16635,21505,10044,10087,103036,53374,17188,6531,2364,14537,26933,22021,9597,5423,6501,5430,2517,6659,2011,0.6806946019847336,0.09115418125626737,0.11784013633399637,0.05503772747447847,0.05527335295052413,0.564602477903262,0.2924714920572296,0.09418443447145917,0.035787674047771695,0.01295392152027749,0.14592744283161677,0.27036278584191614,0.2210544279146339,0.09633801120279467,0.05443795298038507,0.06525929048967054,0.05450822140577004,0.02526651809913871,0.06684534923407416,7.3937114725278565,-1.6730835221802935,29.666422,-9.702977
Harborough,E07000131,85382,44079,81316,2563,327,971,205,43421,29261,9707,2345,648,6735,8434,5856,4995,5227,3449,2864,2464,4055,2011,0.9523787215103886,0.030018036588508115,0.003829847040359795,0.011372420416481226,0.0024009744442622565,0.5085498114356656,0.34270689372467267,0.11368906795343281,0.027464805228268253,0.0075894216579606944,0.15279384741033145,0.19133827899906986,0.13285237868372696,0.11331926767848635,0.1185825449760657,0.07824587672134123,0.06497425077701399,0.05589963474670478,0.0919939200072597,1.589845307697045,2.4216552618603706,20.94562,12.924881
Haringey,E09000014,254926,124296,154343,24150,47830,16548,12055,126485,85567,28444,10650,3780,12571,29694,21564,11841,10908,9561,8543,4868,14746,2011,0.6054423636663189,0.09473337360645835,0.18762307493154876,0.06491295513207754,0.0472882326635965,0.4961635925719621,0.3356542682974667,0.11157747738559425,0.041776829354400885,0.014827832390576088,0.10113760700263887,0.23889747055416102,0.17348909055802278,0.0952645298320139,0.08775825448928365,0.0769212203128017,0.0687310935186973,0.03916457488575658,0.11863615884662419,3.9940720546988997,-3.7941625971068547,24.023691,-13.938644
Harlow,E07000073,81944,40401,72999,3733,3090,1752,370,36969,29380,11203,3398,994,3598,5000,4515,5176,5001,4153,3787,3726,5445,2011,0.8908400859123303,0.04555550131797325,0.03770867909792053,0.02138045494484038,0.004515278726935468,0.4511495655569657,0.3585375378307137,0.13671531777799473,0.04146734355169384,0.01213023528263204,0.08905720155441697,0.12375931288829485,0.11175465953813024,0.12811564070196282,0.1237840647508725,0.1027944852850177,0.09373530358159451,0.09222543996435732,0.1347738917353531,-2.351713112197148,-0.6131427715758497,-2.9742968,-7.7267623
Harrow,E09000015,239056,113900,100991,101808,19708,9499,7050,113731,86069,28329,8289,2638,13368,26446,14492,15464,10061,8358,10248,5862,9601,2011,0.4224574994980256,0.4258751087611271,0.0824409343417442,0.03973545947393079,0.029490997925172343,0.4757504517769895,0.360036978783214,0.11850361421591593,0.03467388394351115,0.011035071280369454,0.11736611062335382,0.23218612818261633,0.12723441615452152,0.13576821773485515,0.08833187006145742,0.0733801580333626,0.08997366110623353,0.051466198419666376,0.08429323968393328,2.9077951923848473,-3.5277687015805546,16.498571,-15.062972
Hart,E07000089,91033,48047,86355,2448,506,1457,267,50079,30120,8432,1891,511,7371,10655,8096,5645,4595,3586,3177,1836,3086,2011,0.9486120417870443,0.026891347093911,0.0055584238682675514,0.016005184932936407,0.002933002317840783,0.5501191875473729,0.3308690255182187,0.092625751101249,0.020772686827853635,0.005613349005305768,0.1534122838054405,0.22176202468416342,0.1685016754427956,0.11748912523154412,0.09563552354985744,0.07463525298145565,0.06612275480258913,0.03821258351197786,0.06422877599017629,3.970248045384268,2.9308149525537885,23.326279,8.846161
Hartlepool,E06000001,92028,37767,89899,1304,170,550,105,39816,30117,14607,5789,1699,3035,4921,3958,3853,5126,4359,3880,3879,4756,2011,0.9768657365149737,0.014169600556352415,0.0018472638762115877,0.005976441952449255,0.0011409571000130395,0.43265093232494456,0.3272590950580258,0.15872343199895683,0.06290476811405224,0.018461772504020514,0.08036116186088384,0.13029893822649402,0.1048004871978182,0.10202028225699684,0.13572695739666904,0.11541822225752642,0.10273519209892235,0.1027087139566288,0.12593004474806047,-4.496272328393555,-0.8130389061155323,-27.932758,-9.396754
Hastings,E07000062,90254,40671,84631,2126,1065,1948,484,36556,32707,14276,5159,1556,3954,5682,4520,4891,5406,5388,3703,2785,4342,2011,0.937698052163893,0.0235557426817648,0.011800031023555743,0.02158353092383717,0.0053626432069492766,0.40503467990338377,0.362388370598533,0.15817581492233032,0.05716090145589115,0.017240233119861722,0.09721914877922844,0.1397064247252342,0.11113569865506134,0.12025767746059846,0.1329202625949694,0.13247768680386515,0.0910476752477195,0.06847630990140395,0.10675911583191955,-3.7973019889801267,-0.3128020427100268,-24.866924,-0.39002907
Havant,E07000090,120684,55555,117162,1427,388,1514,193,53474,43275,17188,5172,1575,5595,8036,6163,6341,7638,5565,5438,4538,6241,2011,0.9708163468231082,0.011824268337144941,0.003215007788936396,0.012545159258890989,0.0015992177919193927,0.4430910476948063,0.3585810877995426,0.1424215306088628,0.042855722382420205,0.013050611514368102,0.1007110071100711,0.14464944649446496,0.1109351093510935,0.11413914139141391,0.13748537485374854,0.1001710017100171,0.0978849788497885,0.08168481684816849,0.1123391233912339,-2.632237219158555,0.5880488818738877,-12.178522,-6.2332807
Havering,E09000016,237232,112846,207949,11545,11481,4933,1324,109131,84378,31492,9464,2767,11019,15960,14716,19862,14734,9509,9282,8353,9411,2011,0.8765638699669522,0.048665441424428406,0.048395663316921834,0.020793990692655293,0.0055810345990422875,0.4600180414109395,0.3556771430498415,0.13274769002495448,0.039893437647534905,0.011663687866729614,0.09764634989277422,0.14143168566010314,0.13040781241692218,0.1760097832444216,0.13056732183683958,0.08426528188859153,0.0822536908707442,0.0740212324761179,0.08339684171348563,-0.84745135928304,0.5426871129594206,7.9033613,17.269522
"Herefordshire, County of",E06000019,183477,90237,180169,1439,331,1270,268,83874,64494,25517,7441,2151,10441,13066,9286,8783,14578,8910,6633,7668,10872,2011,0.981970492214283,0.007842944892275326,0.0018040408334559644,0.006921848515072734,0.0014606735449129863,0.45713631681355155,0.3515099985284259,0.13907465240874878,0.04055549196902064,0.01172354028025311,0.11570641754490951,0.14479648037944523,0.1029067898977138,0.0973325797621818,0.16155235657213782,0.0987399847069384,0.07350643305960969,0.08497622926294092,0.12048272881412281,-2.239109183112291,1.3195432665222513,-16.332487,10.703197
Hertsmere,E07000098,100031,49428,85063,7393,3927,2619,1029,51558,32887,11433,3208,945,6790,9603,7224,6694,4767,4461,3486,2628,3775,2011,0.8503663864202098,0.07390708880247124,0.03925783007267747,0.026181883616079017,0.010286811088562546,0.5154202197318831,0.32876808189461265,0.11429456868370805,0.0320700582819326,0.009447071407863562,0.13737153030670876,0.19428259286234523,0.14615197863559115,0.13542931132151817,0.09644331148336975,0.09025248846807478,0.07052682689973294,0.05316824471959213,0.0763737153030671,2.234419422452449,0.8232652094836133,18.965546,8.984193
High Peak,E07000037,90892,45618,88954,711,184,944,99,43185,30980,12011,3696,1020,5177,8123,5330,4607,5744,4578,3206,4094,4759,2011,0.978677991462395,0.007822470624477402,0.0020243805835497074,0.010385952559081106,0.0010892047704968535,0.4751243233727941,0.3408440786867931,0.1321458434185627,0.04066364476521586,0.011222109756634248,0.11348590468674646,0.17806567582971633,0.11683984392125915,0.10099083695032662,0.1259152089087641,0.10035512297777194,0.07027927572449472,0.08974527598754878,0.10432285501337192,-1.0390970920199687,1.2379316311503252,-0.839263,7.4043345
Hillingdon,E09000017,273936,130290,166031,69253,20082,10479,8091,133627,96647,31492,9404,2766,13353,22237,16961,17313,13565,11542,11242,9716,14361,2011,0.6060941241749898,0.25280722504526604,0.07330909409497109,0.03825346066234449,0.029536096022428595,0.4878037205770691,0.3528086852403481,0.11496115881081713,0.034329186379300276,0.010097248992465394,0.10248676030393737,0.1706731138230102,0.13017883183667203,0.13288049735206078,0.10411389976206924,0.0885869982347072,0.08628444239772814,0.07457210837362806,0.11022334791618697,1.435189331405151,-2.5674991210451803,14.7837515,-14.9360895
Hinckley and Bosworth,E07000132,105078,53774,101369,2246,262,1027,174,48612,37653,13974,3812,1027,6390,8305,6536,6548,6814,4795,3868,4498,6020,2011,0.9647024115419022,0.0213745979177373,0.002493385865737833,0.009773691924094483,0.0016559127505281792,0.4626277622337692,0.3583338091703306,0.1329869239993148,0.03627781267249091,0.009773691924094483,0.11883066165805035,0.15444266746011084,0.12154572841893851,0.12176888459106631,0.12671551307323242,0.08916948711273107,0.07193067281585896,0.08364637185256815,0.11195001301744337,-1.0616421105719798,1.5061294374346403,-3.6860328,9.229374
Horsham,E07000227,131301,66299,126062,2585,651,1774,229,66403,45684,14580,3560,1074,9358,12684,9836,7854,7385,6421,4561,2861,5339,2011,0.960099313790451,0.019687588061020098,0.004958073434322663,0.013510940510734877,0.001744084203471413,0.5057311063891364,0.3479333744602097,0.11104256631708821,0.027113274080166946,0.00817967875339868,0.1411484336113667,0.1913151027918973,0.14835819544789514,0.11846332523869138,0.11138931205598877,0.09684912291286445,0.06879440112218888,0.04315298873286173,0.08052911808624565,1.5523480931705858,2.449710675787545,19.274279,13.802489
Hounslow,E09000018,253957,127032,130505,87257,16813,10349,9033,124442,89064,28552,9085,2814,13071,23472,17382,14694,11217,10631,11266,8691,16608,2011,0.5138862090826399,0.3435896628169336,0.06620412117011935,0.04075099327838965,0.03556901365191745,0.4900120886606788,0.35070504061711233,0.11242848198710806,0.03577377272530389,0.011080616009796934,0.10289533345928585,0.18477234082750804,0.13683166446249764,0.11567164179104478,0.08830058567919895,0.08368757478430632,0.0886863152591473,0.06841583223124882,0.13073871150576233,2.063143271224796,-3.764960790019495,15.069105,-15.754689
Huntingdonshire,E07000011,169508,88991,160691,4190,1642,2530,455,82675,60470,19682,5239,1442,11009,14993,12421,10753,10245,7878,6505,6714,8473,2011,0.9479847558817283,0.024718597352337352,0.00968685843735989,0.014925549236614202,0.0026842390919602616,0.4877350921490431,0.3567383250348066,0.11611251386365246,0.030907095830285298,0.00850697312221252,0.12370913912642852,0.16847771122922542,0.13957591217089368,0.12083244373026486,0.1151240013035026,0.08852580598038004,0.07309727950017418,0.07544583160094841,0.09521187535818229,0.4229515111123464,1.7060557466720043,11.625163,12.406384
Hyndburn,E07000120,80734,35993,70778,9007,106,696,147,34759,27610,12225,4800,1340,3262,4308,3531,3865,5239,4465,3210,4193,3920,2011,0.8766814477171947,0.11156390120643099,0.001312953650258875,0.008620903213020536,0.0018207942130948546,0.43053732008819084,0.34198726682686353,0.15142319221145986,0.05945450491738301,0.01659771595610276,0.09062873336482094,0.11968993971049927,0.09810240880171145,0.1073819909426833,0.14555608034895673,0.12405189898035729,0.08918400800155586,0.11649487400327842,0.10891006584613674,-4.132119191359166,-0.9149585348031226,-18.354118,-13.4703045
Ipswich,E07000202,133384,65479,118596,5740,3096,4816,1136,60771,47800,18053,5233,1527,5197,9236,7132,7332,7722,6625,6794,6093,9348,2011,0.8891321297906796,0.04303364721405866,0.023211179751694355,0.036106279613746774,0.008516763629820668,0.4556093684399928,0.35836382174773584,0.1353460684939723,0.03923259161518623,0.011448149703112817,0.07936895798653003,0.1410528566410605,0.10892041723300601,0.11197483162540661,0.11793093969058782,0.10117747674827043,0.10375845690984896,0.0930527344644848,0.14276332870080483,-2.0596209213809273,-1.1976834525101265,-1.201709,-8.613786
Isle of Anglesey,W06000001,69751,30431,68520,491,81,480,179,33492,21309,10541,3413,996,2968,4656,3090,3012,5092,3542,2388,2294,3389,2011,0.9823515075052688,0.007039325601066651,0.0011612736734957206,0.0068816217688635285,0.002566271451305358,0.4801651589224527,0.30550099640148526,0.1511232813866468,0.048931198119023384,0.014279365170391823,0.09753212184942986,0.15300187308994118,0.10154119154809241,0.09897801583911144,0.16732936807860405,0.11639446616936676,0.07847261016726365,0.07538365482567119,0.11136669843251946,-2.535638531697853,0.6147347986948869,-24.97014,11.711829
Isle of Wight,E06000046,138265,59299,134545,1514,303,1709,194,56420,50514,22378,6921,2032,6769,8644,6347,5712,9102,7183,5151,3467,6924,2011,0.9730951433840813,0.01094998734314541,0.0021914439662966043,0.012360322568979858,0.0014031027374968358,0.40805699200810036,0.3653419158861606,0.16184862401909378,0.050056051784616494,0.014696416302028713,0.11415032293967858,0.1457697431659893,0.10703384542741025,0.09632540177743301,0.1534933135466028,0.12113189092564798,0.08686487124572084,0.05846641595979696,0.11676419501172026,-3.544988536485226,0.7261335783731749,-22.765179,1.4606739
Isles of Scilly,E06000053,2203,1311,2177,2,2,18,4,1135,754,248,53,13,261,121,118,110,258,143,56,71,173,2011,0.988197911938266,0.0009078529278256923,0.0009078529278256923,0.008170676350431231,0.0018157058556513845,0.5152065365410804,0.34226055379028597,0.11257376305038584,0.024058102587380843,0.005901044030866999,0.19908466819221968,0.09229595728451563,0.09000762776506484,0.08390541571319603,0.19679633867276888,0.10907704042715484,0.04271548436308162,0.05415713196033562,0.13196033562166284,-0.14652537075714958,3.3556609744252026,-14.744946,18.875183
Islington,E09000019,206125,106765,140515,19034,26294,13339,6943,106386,63382,23113,9771,3473,12270,33384,23561,9682,5426,6140,6065,2892,7345,2011,0.6816979987871438,0.09234202546998181,0.12756337174044877,0.06471315949060036,0.033683444511825346,0.5161237113402062,0.30749302607640994,0.11213098847786537,0.047403274711946636,0.016848999393571863,0.11492530323607925,0.3126867419098019,0.2206809347632651,0.09068514962768698,0.050821898562262914,0.05750948344494919,0.056807006041305674,0.027087528684493982,0.06879595373015501,6.161568377056048,-2.2869098381042265,28.482267,-10.075313
Kensington and Chelsea,E09000020,158649,81387,112017,15861,10333,8986,11452,91764,45189,14464,5357,1875,18949,19025,20284,6300,2892,4919,3472,1476,4070,2011,0.7060681126259857,0.09997541743093244,0.06513120158336957,0.056640760420803155,0.07218450793890917,0.5784089404912732,0.28483633681901555,0.09116981512647417,0.033766364742292734,0.011818542820944349,0.23282588128325163,0.2337596913511986,0.24922899234521484,0.07740793984297246,0.035533930480297835,0.06043962795040977,0.042660375735682605,0.018135574477496405,0.050007986533475865,9.231123791480357,-0.3836829850603508,31.77634,-10.422193
King's Lynn and West Norfolk,E07000146,147451,67268,143409,1863,561,1372,246,60322,54681,23441,7077,1930,7047,8130,7219,6720,9987,6979,5295,7243,8648,2011,0.9725875036452788,0.012634705766661466,0.0038046537493811503,0.00930478599670399,0.001668350841974622,0.40909861581135426,0.370841838983798,0.15897484588100455,0.047995605319733334,0.01308909400410984,0.10476006422072902,0.12085984420526848,0.10731700065410002,0.09989891181542487,0.1484658381399774,0.1037491823749777,0.07871499078313611,0.10767378248201225,0.12856038532437414,-3.808391085305361,0.572472719891324,-18.849512,-2.4225037
"Kingston upon Hull, City of",E06000010,256406,110903,241321,6471,2996,3454,2164,110555,89572,38102,14047,4130,7306,11612,10389,11021,15530,11576,12620,12531,18318,2011,0.9411675233808882,0.025237318939494397,0.011684593964259807,0.01347082361567202,0.008439740099685655,0.43117165744951363,0.3493365989875432,0.14860026676442828,0.05478420941787634,0.01610726738063852,0.0658773883483765,0.10470411079952752,0.09367645600209192,0.09937512961777409,0.14003228046130403,0.10437950280876081,0.11379313454099528,0.11299063145271093,0.1651713659684589,-4.7562318192654525,-1.6682834649439564,-22.43801,-10.0772705
Kingston upon Thames,E09000021,160060,81957,119219,26152,4021,6269,4399,84332,53598,16425,4438,1267,10882,20651,13336,9397,6278,6185,6569,2737,5922,2011,0.7448394352117956,0.16338872922654005,0.025121829314007246,0.03916656253904786,0.02748344370860927,0.5268774209671373,0.33486192677745846,0.10261776833687367,0.027727102336623767,0.007915781581906785,0.1327769440072233,0.2519735959100504,0.16271947484656588,0.11465768634771893,0.07660114450260502,0.07546640311382798,0.08015178691264932,0.03339556108691143,0.07225740327244774,4.360206924168563,-0.20547634294067282,21.92733,-6.5435176
Kirklees,E08000034,422458,192397,334270,67782,7905,9790,2711,192366,147731,58042,19030,5289,20521,29941,22423,20707,23698,17826,16711,18843,21727,2011,0.7912502544631655,0.16044671896377866,0.01871191929138518,0.023173901310899546,0.006417205970771059,0.4553494075150666,0.3496939340715527,0.13739117261360892,0.04504589805377102,0.012519587746000786,0.10665966725052886,0.15562092964027505,0.11654547628081519,0.1076264182913455,0.12317239873802606,0.0926521723311694,0.08685686367251048,0.09793811753821526,0.1129279562571142,-1.2285715944544298,-1.0201887354382735,-0.56406695,-14.74879
Knowsley,E08000011,145893,61691,141858,1403,505,1913,214,67153,43505,21420,10631,3184,4469,7199,6199,8239,7056,7327,6884,6540,7778,2011,0.97234274434003,0.009616636850294394,0.0034614409190296997,0.013112349461591715,0.00146682842905417,0.4602893901695078,0.2981979944205685,0.14681992967448745,0.07286847209941533,0.02182421363602092,0.07244168517287773,0.11669449352417695,0.10048467361527613,0.1335527062294338,0.11437648927720413,0.11876935047251624,0.11158840025287318,0.10601222220421132,0.12607997925143052,-4.486364872206019,-1.7802750275653796,-32.951405,-12.896527
Lambeth,E09000022,303086,166494,173025,20938,78542,23160,7421,160326,97286,31188,10729,3557,18152,42838,33620,16818,10691,12381,10128,5009,16857,2011,0.5708775727021373,0.06908270259926226,0.2591409698897343,0.07641395511504985,0.024484799693816277,0.5289785737381469,0.32098480299320986,0.1029014867067433,0.03539919362821113,0.011735942933688789,0.10902494984804258,0.257294557161219,0.2019291986498012,0.10101264910447223,0.06421252417504535,0.0743630401095535,0.06083102093769145,0.030085168234290725,0.10124689177988395,6.1312836183817705,-3.5037595928711545,25.489439,-14.323667
Lancaster,E07000121,138375,62832,132342,3732,628,1356,317,64577,46831,18960,6215,1792,5815,11379,6764,6095,7712,7580,5572,4357,7558,2011,0.9564010840108401,0.026970189701897018,0.004538392050587173,0.009799457994579945,0.0022908762420957543,0.4666811201445348,0.3384354110207769,0.1370189701897019,0.04491418247515808,0.012950316169828365,0.09254838298955946,0.18110198624904508,0.10765215176979882,0.09700471097529921,0.12274000509294627,0.12063916475681181,0.08868092691622104,0.0693436465495289,0.12028902470078941,-2.026954131247586,0.20618177934901907,-9.402714,2.0578358
Leeds,E08000035,751485,355225,639487,58243,25893,19632,8230,361295,254023,95515,31504,9148,33735,65784,46626,42777,36027,32353,33516,23312,41095,2011,0.8509644237742603,0.07750387565952747,0.03445577756043035,0.026124273937603543,0.01095164906817834,0.48077473269592874,0.3380280378184528,0.12710167202272832,0.041922327125624596,0.012173230337265547,0.094967978042086,0.18518966851995214,0.1312576535998311,0.12042226757688788,0.10142022661693292,0.09107748610035893,0.09435146737982969,0.0656260116827363,0.11568724048138504,-0.08002011914055032,-0.7901892774172364,2.0727773,-4.9642606
Leicester,E06000016,329839,137494,166636,122470,20585,11580,8568,148108,117551,44278,14972,4930,9556,19628,12808,13883,12636,13388,14859,17406,23330,2011,0.5052040540991211,0.37130236266784705,0.062409236021210346,0.035108037557717554,0.025976309654103972,0.449031194006773,0.35638902616124835,0.13424125103459567,0.04539184268688663,0.014946686110496333,0.06950121459845521,0.1427553202321556,0.09315315577407014,0.10097167876416425,0.09190219209565509,0.0973715216664,0.10807017033470552,0.1265946150377471,0.16968013149664712,-1.6879750865691632,-5.6270686922022,9.534547,-20.529264
Lewes,E07000063,97502,45532,94159,1400,416,1275,252,43719,34634,13900,4066,1183,5294,8202,6162,4843,5863,4975,3446,2630,4117,2011,0.9657135238251523,0.01435867982195237,0.004266579147094419,0.01307665483784948,0.0025845623679514266,0.44839080223995403,0.355213226395356,0.1425611782322414,0.04170170868289881,0.012133084449549752,0.11626987613107265,0.18013704647281034,0.13533339190020205,0.10636475445840288,0.128766581744707,0.10926381446015988,0.07568303610647456,0.057761574277431255,0.09041992444873935,-1.107928321253762,1.4213581641960706,-9.387809,8.762684
Lewisham,E09000023,275885,136057,147686,25534,74942,20472,7251,135428,93850,32289,10755,3563,13137,30809,22475,16031,11032,12823,10372,5550,13828,2011,0.535317251753448,0.09255305652717617,0.27164216974463995,0.074204831723363,0.026282690251372854,0.4908856951265926,0.3401779727060188,0.1170378962248763,0.0389836344853834,0.012914801457128876,0.09655512028047068,0.22644185892677335,0.16518811968513197,0.11782561720455398,0.08108366346457735,0.09424726401434692,0.07623275538928537,0.040791726996773414,0.10163387403808698,3.793924977129801,-4.3166464249402505,22.891222,-14.23788
Lichfield,E07000194,100654,49016,97399,1623,481,1034,117,47225,35014,13259,3959,1197,6852,9043,6158,5720,5756,3804,3479,3227,4977,2011,0.9676614938303495,0.016124545472609136,0.004778746994654957,0.01027281578476762,0.0011623979176187732,0.46918155264569716,0.34786496314105747,0.13172849563852404,0.039332763725236954,0.011892224849484372,0.13979108862412273,0.18449077852129916,0.12563244654806593,0.11669658886894076,0.11743104292475927,0.0776073118981557,0.07097682389423862,0.06583564550350905,0.10153827321690877,-0.13897637859499365,1.6946048855583615,-3.0975182,6.2727337
Lincoln,E07000138,93541,44599,89379,1794,778,1230,360,41329,34216,13005,3907,1084,3304,6005,4838,4210,4929,4779,5356,4462,6716,2011,0.9555061416918784,0.01917875583968527,0.008317208496808885,0.013149314204466491,0.003848579767160924,0.4418276477694273,0.36578612586993936,0.13902994408868838,0.04176778097304925,0.011588501298895671,0.07408237852866656,0.13464427453530348,0.10847776855983318,0.0943967353528106,0.11051817305320748,0.10715486894324985,0.12009237875288684,0.1000470862575394,0.15058633601650262,-3.36441562422595,-0.7975518437083368,-7.9289536,-13.409991
Liverpool,E08000012,466415,196630,414671,19403,12308,11756,8277,217977,142132,65422,31162,9722,15005,34400,22029,24977,17627,20742,20772,14601,26477,2011,0.8890601717354716,0.041600291585819495,0.026388516664343987,0.025205021279332784,0.017745998735032107,0.46734560423657046,0.30473290953335547,0.14026564325761393,0.06681174490528821,0.02084409806717194,0.0763108376137924,0.1749478716370849,0.11203275186899253,0.12702537761277527,0.08964552713217719,0.10548746376443066,0.10564003458271881,0.07425621726084525,0.13465391852718303,-2.2577919416265844,-2.518843359150045,-30.176693,-17.289707
Luton,E06000032,203201,89201,111079,60952,19909,8281,2980,94607,73300,25277,7571,2446,7104,12054,8746,10129,9926,9092,8124,9433,14593,2011,0.5466459318605715,0.29995915374432214,0.0979768800350392,0.04075275220102263,0.014665282159044493,0.46558333866467194,0.3607265712275038,0.12439407286381465,0.03725867490809592,0.0120373423359137,0.07964036277620207,0.13513301420387663,0.09804822815887715,0.11355253864866986,0.11127677940830259,0.10192710844048833,0.09107521216129864,0.10574993553883925,0.16359682066344547,-0.8428536568471692,-4.305482127265367,9.538572,-19.6749
Maidstone,E07000110,155143,78090,145996,4943,1380,2345,479,74636,54384,19291,5323,1509,9474,12799,10976,9750,9332,6609,5957,4943,8250,2011,0.9410414907536917,0.03186092830485423,0.008895019433683763,0.015115087371006104,0.0030874741367641467,0.4810787467046531,0.35054111368221574,0.12434334775014019,0.034310281482245415,0.009726510380745505,0.12132155205532079,0.16390062748111153,0.14055576898450506,0.12485593545908567,0.1195031374055577,0.08463311563580483,0.07628377513125881,0.0632987578435139,0.10564733000384172,0.12612750891198465,1.41770274244863,10.81179,12.69381
Maldon,E07000074,61629,30292,60429,484,150,506,60,28471,21961,8269,2260,668,4100,4530,3931,3775,4474,2593,1954,2230,2705,2011,0.9805286472277661,0.00785344561813432,0.0024339190965292313,0.008210420418958607,0.0009735676386116926,0.46197407064855833,0.3563419818591897,0.13417384672800142,0.03667104772104042,0.010839053043210176,0.1353492671332365,0.14954443417403934,0.12977023636603724,0.12462036181169946,0.14769576125709757,0.0856001584576786,0.06450547999471808,0.07361679651393108,0.08929750429156214,-0.7686626602796591,2.317826048065074,-5.170498,8.521927
Malvern Hills,E07000235,74631,34361,72841,902,151,639,98,34011,26171,10494,2939,1016,4733,7006,4021,3436,4802,3153,2287,1902,3021,2011,0.9760153287507872,0.012086130428374269,0.0020232879098497944,0.008562125658238533,0.0013131272527501976,0.4557221529927242,0.3506719727727084,0.14061181010572013,0.039380418324824806,0.013613645804022457,0.13774337184598817,0.20389394953581094,0.11702220540729315,0.09999708972381478,0.13975146241378306,0.09176100811967056,0.06655801635575216,0.05535345304269375,0.08791944355519339,-0.6517361069614837,1.9458353200617338,-9.352676,15.980089
Manchester,E08000003,503127,213705,335109,85986,43484,23161,15387,245334,159452,62651,27014,8676,15977,42788,26590,22286,16083,20847,24065,13372,31697,2011,0.666052507617361,0.1709031715650323,0.08642748252429307,0.04603410272157924,0.030582735571734375,0.4876184343118139,0.31692196999962235,0.12452323170889258,0.053692208925380666,0.01724415505429047,0.0747619381858169,0.20021992934184973,0.12442385531456915,0.10428394281837113,0.07525794904190355,0.09755036147960974,0.11260850237476895,0.06257223743010225,0.1483212840130086,0.2528358267459847,-4.610481529054589,9.098974,-15.388555
Mansfield,E07000174,104466,48361,101522,1289,398,1106,151,43295,35895,16922,6476,1878,4384,5349,4941,5086,6443,5287,4619,4882,7370,2011,0.971818582122413,0.01233894281392989,0.0038098520092661728,0.010587176689066299,0.0014454463653246032,0.4144410621637662,0.34360461777037504,0.1619857178412115,0.06199146133670285,0.017977140887944405,0.0906515580736544,0.11060565331568827,0.10216910320299415,0.10516738694402514,0.13322718719629453,0.10932362854366122,0.09551084551601496,0.10094911188767809,0.15239552531998926,-4.7542328598266925,-0.8684346906984319,-25.093382,-8.006265
Medway,E06000035,263925,126689,236579,13615,6663,5176,1892,120662,95679,34307,10388,2889,11924,16404,15265,16223,16564,12171,11670,10870,15598,2011,0.8963872312209908,0.05158662498815952,0.02524580846831486,0.019611632092450506,0.007168703230084304,0.4571829118120678,0.3625234441602728,0.1299876858956143,0.039359666571942786,0.010946291560102302,0.09412024721956919,0.12948243336043383,0.12049191326792381,0.12805373789358193,0.13074536857975042,0.09606990346438918,0.09211533755890408,0.08580066146232111,0.12312039719312648,-1.746462347109102,-0.05559976947109812,-2.7445211,-7.424463
Melton,E07000133,50376,26184,49319,518,95,414,30,24349,17892,6295,1449,391,3248,3935,3190,2583,3563,2564,1640,2530,2931,2011,0.9790177862474194,0.010282674289344132,0.0018858186437986342,0.008218199142448784,0.0005955216769890424,0.4833452437668731,0.3551691281562649,0.1249602985548674,0.02876369699857075,0.007761632523423853,0.12404521845401772,0.15028261533761075,0.12183012526733883,0.09864802933088909,0.13607546593339445,0.09792239535594256,0.06263366941643751,0.09662389245340666,0.11193858845096243,-0.6308549144132051,1.956612736071823,-2.9868045,12.012658
Merthyr Tydfil,W06000024,58802,25099,57391,696,143,462,110,25948,16961,9324,4908,1661,1785,3183,2471,2741,3232,2758,2528,2563,3838,2011,0.976004217543621,0.011836332097547702,0.0024318900717662665,0.00785687561647563,0.0018706846705894358,0.4412775075677698,0.2884425699806129,0.1585660351688718,0.083466548756845,0.02824733852590048,0.0711183712498506,0.1268178015060361,0.09845013745567552,0.10920753814893024,0.12877007052073788,0.10988485597035738,0.10072114426869597,0.1021156221363401,0.15291445874337622,-5.341030220638442,-2.4119187402952114,-34.718536,-10.974948
Merton,E09000024,199693,104822,129606,36143,20811,9334,3799,103891,67098,21025,5930,1749,12572,25598,15995,12300,9416,8113,7563,4594,8671,2011,0.6490262553018884,0.1809928239848167,0.10421496997891763,0.04674174858407656,0.019024202150300713,0.5202535892595134,0.33600576885519273,0.10528661495395432,0.029695582719474395,0.008758444211865214,0.1199366545190895,0.2442044608956135,0.1525920131270153,0.11734177939745473,0.08982847112247429,0.07739787449199595,0.07215088435633742,0.043826677605846104,0.08272118448417316,4.106641418597227,-1.4017204086705701,20.36742,-7.4481907
Mid Devon,E07000042,77750,38508,76696,428,94,484,48,36263,27554,10398,2785,750,4245,5685,3906,3912,6574,3751,3049,3115,4271,2011,0.986443729903537,0.005504823151125402,0.0012090032154340835,0.00622508038585209,0.000617363344051447,0.46640514469453376,0.35439228295819936,0.1337363344051447,0.035819935691318326,0.00964630225080386,0.11023683390464319,0.14763166095356808,0.10143346837020879,0.10158928014957931,0.1707177729303002,0.09740833073647034,0.07917835255011946,0.08089228212319519,0.11091201828191545,-1.9899825418101826,1.6826217257795784,-16.49006,11.298534
Mid Suffolk,E07000203,96731,48570,94667,647,371,953,93,46319,34155,12432,3020,805,6123,7379,6414,5395,6973,4379,3323,3747,4837,2011,0.978662476351945,0.006688652035024966,0.0038353785239478556,0.009852063971219155,0.0009614291178629395,0.4788433904332634,0.35309259699579243,0.12852136336851683,0.031220601461785777,0.008322047740641573,0.12606547251389746,0.15192505661931233,0.1320568252007412,0.11107679637636401,0.14356598723491867,0.0901585340745316,0.06841671813876879,0.07714638665843113,0.0995882231830348,-0.3982571135100888,2.1627348367160937,-4.1286936,11.436321
Mid Sussex,E07000228,139860,72229,133018,3761,788,1967,326,72448,47524,14938,3864,1086,9618,14062,10997,8784,7413,7698,4905,3091,5661,2011,0.9510796510796511,0.026891176891176892,0.005634205634205634,0.014064064064064064,0.002330902330902331,0.518003718003718,0.3397969397969398,0.1068068068068068,0.02762762762762763,0.007764907764907765,0.1331598111561838,0.19468634481994768,0.15225186559415194,0.12161320245330823,0.10263190685181853,0.10657769040136233,0.06790901161583297,0.042794445444350605,0.07837572166304393,1.7934720951393215,2.2427601451829724,18.791523,14.48248
Middlesbrough,E06000002,138412,54547,122055,10768,1731,2362,1496,62855,45295,19719,8001,2542,3884,7247,5177,5541,6437,6646,6077,5483,8055,2011,0.8818238303037309,0.07779672282750051,0.012506141086033004,0.017064994364650463,0.010808311418085137,0.4541152501228217,0.32724763748807906,0.14246597115857007,0.05780568158830159,0.018365459642227553,0.07120464920160595,0.13285790235943315,0.0949089775789686,0.1015821218398812,0.11800832309751223,0.1218398812033659,0.11140851009221406,0.10051881863347205,0.14767081599354684,-3.809123194536435,-2.3420187257471325,-21.727995,-13.027549
Milton Keynes,E06000042,248821,127783,199094,22782,17131,8235,1579,124826,86778,26929,7955,2333,13871,23219,17189,16037,11298,10035,11910,8484,15740,2011,0.8001495050658908,0.09155979599792621,0.06884869042403977,0.0330960811185551,0.0063459273935881615,0.5016698751311184,0.3487567367706102,0.10822639568203649,0.03197077417099039,0.009376218245244573,0.10855121573292222,0.18170648677836646,0.13451711103980968,0.1255018273166227,0.08841551693104717,0.07853157305744896,0.09320488640899025,0.066393808253054,0.12317757448173858,1.3211898692770212,-0.8406620096091487,13.66277,-4.453979
Mole Valley,E07000210,85375,42422,81168,2177,399,1257,374,43926,28801,9607,2437,604,6422,9518,6613,5045,4505,3678,2326,1495,2820,2011,0.950723279648609,0.025499267935578333,0.0046734992679355785,0.014723279648609077,0.004380673499267936,0.514506588579795,0.33734699853587113,0.11252708638360176,0.028544655929721816,0.0070746705710102486,0.15138371599641695,0.22436471642072509,0.15588609683654708,0.1189241431332799,0.10619489887322615,0.0867002970156994,0.05483004101645373,0.03524114846070435,0.06647494224694733,2.77111222564836,2.8534156115788245,21.65541,10.549411
Monmouthshire,W06000021,91323,42817,89526,900,144,624,129,42365,30742,12800,4173,1243,5464,8697,4985,4199,5545,3706,2946,2491,4784,2011,0.9803225912420749,0.009855129594954173,0.0015768207351926679,0.006832889852501561,0.001412568575276765,0.46390285032248174,0.33662932667564577,0.14016184312823712,0.04569495088860419,0.013611028985031153,0.1276128640493262,0.2031202559730948,0.11642571875656865,0.09806852418431931,0.1295046360090618,0.08655440596024944,0.06880444683186585,0.05817782656421515,0.11173132167129879,-0.8006049460843829,1.3686192764228207,-9.973164,16.671556
Neath Port Talbot,W06000012,139812,58980,137087,1369,299,910,147,62849,39694,22640,11028,3601,4570,7618,5875,7573,7880,6670,5328,5902,7564,2011,0.9805095413841444,0.009791720310130748,0.0021385861013360798,0.006508740308414156,0.0010514118959745944,0.4495250765313421,0.28390982176065,0.1619317369038423,0.07887734958372672,0.025756015220438876,0.07748389284503221,0.12916242794167515,0.09961003730077993,0.12839945744320108,0.13360461173279078,0.11308918277382163,0.09033570701932858,0.10006781959986435,0.12824686334350627,-4.789668872322888,-1.5637872677094773,-34.19161,-11.676237
New Forest,E07000091,176462,82993,172160,1665,612,1620,405,79671,63302,24871,6715,1903,10174,13273,10249,9799,11447,8674,5978,5212,8187,2011,0.9756208135462593,0.00943545919234736,0.003468168784214165,0.009180446781743378,0.0022951116954358446,0.4514909725606646,0.3587287914678514,0.14094252586959233,0.03805351860457209,0.010784191497319537,0.12258865205499259,0.15992915065125973,0.12349234272769993,0.11807019869145591,0.13792729507307847,0.10451483860084586,0.07203017121925946,0.06280047714867519,0.09864687383273288,-1.3431231351583521,1.7925084677722376,-7.97613,8.993093
Newark and Sherwood,E07000175,114817,54555,111958,1036,499,1160,164,51505,39671,16874,5246,1521,6491,7940,6032,5504,7075,5437,4275,4928,6873,2011,0.975099506170689,0.009023054077357883,0.004346046317182995,0.01010303352291037,0.001428359911859742,0.44858339792887814,0.34551503697187697,0.14696429971171515,0.04569009815619638,0.013247167231333339,0.11898084501878838,0.14554119695719916,0.11056731738612409,0.10088901108972596,0.12968563834662267,0.09966089267711484,0.07836128677481441,0.09033085876638255,0.12598295298322792,-2.3066080664641357,0.6771923457584383,-13.395904,-1.7005191
Newcastle upon Tyne,E08000021,280177,119335,239533,27107,5160,4279,4098,133933,89096,38018,14793,4337,9556,24317,12916,13505,11237,10739,13609,7466,15990,2011,0.8549345592250613,0.09674955474575,0.018416929298265026,0.015272488462650396,0.01462646826827327,0.47802995963266076,0.31799897921670944,0.13569279419795344,0.0527987664940377,0.015479500458638646,0.08007709389533665,0.2037708970545104,0.10823312523568107,0.11316881049147358,0.09416348933674111,0.08999036326308292,0.1140403066996271,0.06256337201994386,0.1339925420036033,-1.2528353008020015,-1.8553689973184169,0.9731937,-11.355553
Newcastle-under-Lyme,E07000195,123871,57366,117662,3512,828,1490,379,55311,42716,17802,6312,1730,5380,9036,6056,6085,7423,5614,5348,4926,7498,2011,0.9498752734699809,0.02835207594998022,0.006684373259277797,0.012028642700874297,0.0030596346198868175,0.44652097746849545,0.3448426185305681,0.14371402507447265,0.05095623673014669,0.013966142196317137,0.09378377436111983,0.15751490429871354,0.10556775790537949,0.1060732838266569,0.1293972039186975,0.09786284558797895,0.09322595265488268,0.08586967890388035,0.1307045985426908,-2.6968518697741644,-0.16616623608510947,-11.983505,-7.6640453
Newham,E09000025,307984,132454,89216,133895,60256,13945,10672,149269,106549,34839,12763,4564,9595,19666,13139,13537,13799,12151,16914,9055,24598,2011,0.2896773858382254,0.43474661021351757,0.19564652709231647,0.04527832614681282,0.03465115070912775,0.48466478778118344,0.34595628344329576,0.11311951270195854,0.04144046443971115,0.014818951633851109,0.07244024340525768,0.14847418726501277,0.09919670225134763,0.10220151901792321,0.10417956422607094,0.09173750887100428,0.12769716278859075,0.06836335633502952,0.18570975583976324,0.46792347689252767,-7.855606766353102,13.045714,-19.792953
Newport,W06000022,145736,64408,131025,7986,2535,2752,1438,66667,47811,20538,8161,2559,5992,9812,7071,8052,6724,6204,6461,5270,8822,2011,0.8990571993193172,0.054797716418729756,0.017394466706922105,0.018883460503924906,0.00986715705110611,0.45745045836306747,0.3280658176428611,0.1409260580776198,0.05599851786792556,0.017559148048526103,0.09303192150043472,0.1523413240591231,0.10978449882002236,0.12501552602161223,0.10439696932058129,0.0963234380822258,0.10031362563656689,0.08182213389641038,0.13697056266302324,-2.3502278446421463,-1.4155736961531442,-28.437468,-16.63335
North Devon,E07000043,93667,44754,91742,835,158,785,147,43441,31704,13264,4064,1194,5219,5886,4559,4019,7773,4533,3747,3295,5723,2011,0.9794484717136238,0.008914559022921627,0.0016868267372713976,0.008380753093405361,0.0015693894327778193,0.4637812676823214,0.33847566378767335,0.1416080369820748,0.043387745951082024,0.01274728559684841,0.11661527461232515,0.13151897037136345,0.10186798945345668,0.08980202886892792,0.1736827993028556,0.10128703579568307,0.08372435983375788,0.07362470393707825,0.127876837824552,-2.5197642459378393,0.9681825349482369,-19.06481,12.345444
North East Derbyshire,E07000038,99023,46858,97084,795,236,786,122,42535,33926,15734,5319,1509,5178,6719,5128,5760,6364,4535,3914,4182,5078,2011,0.9804186906072326,0.008028437837674075,0.002383284691435323,0.007937549862153236,0.001232037001504701,0.42954667097543,0.34260727305777444,0.1588923785383194,0.05371479353281561,0.015238883895660605,0.11050407614494857,0.14339066968287165,0.10943702249349098,0.12292458064791498,0.13581458875752273,0.0967817661872039,0.08352895983610056,0.08924836740791327,0.10836996884203337,-3.08551249886795,0.6198392134370365,-15.359565,0.7455711
North East Lincolnshire,E06000012,159616,70776,155421,2129,411,1186,469,70242,55935,23779,7507,2153,5839,7346,6830,7205,9163,7347,6659,10521,9866,2011,0.97371817361668,0.013338261828388131,0.00257492983159583,0.00743033279871692,0.0029383019246190857,0.4400686647955092,0.3504347935044106,0.1489762931034483,0.0470316259021652,0.01348862269446672,0.0824997174183339,0.10379224595908218,0.09650163897366339,0.10180004521306657,0.12946479032440375,0.10380637504238725,0.09408556572849554,0.14865208545269584,0.1393975358878716,-4.2125287452308475,-0.47353616571797746,-20.039694,-5.504031
North Hertfordshire,E07000099,127114,64990,113755,6821,2491,3376,671,63801,43360,14965,3958,1030,8310,14418,9522,7209,6420,5372,4514,3819,5406,2011,0.8949053605425051,0.0536604937300376,0.01959658259515081,0.02655883694950989,0.0052787261827965445,0.5019195367937442,0.3411111285932313,0.11772896769828657,0.031137404219834165,0.008102962694903787,0.12786582551161718,0.2218495153100477,0.14651484843822127,0.11092475765502385,0.09878442837359594,0.08265887059547623,0.06945683951377135,0.058762886597938144,0.08318202800430835,2.0609083024475465,1.2427893215417762,17.729399,6.660889
North Kesteven,E07000139,107766,52428,105835,750,251,791,139,49563,37834,14941,4198,1230,6382,7451,7661,5920,6575,5208,3905,4315,5011,2011,0.9820815470556576,0.006959523411836758,0.002329120501828035,0.0073399773583505004,0.001289831672327079,0.4599131451478203,0.35107547835124253,0.13864298572833733,0.03895477237718761,0.011413618395412281,0.1217288471808957,0.1421187151903563,0.14612420843823912,0.11291676203555352,0.12541008621347371,0.0993362325474937,0.07448310063324941,0.08230334935530632,0.0955786984054322,-1.1209919007178575,1.6540942901611484,-1.6858379,9.9557295
North Lincolnshire,E06000013,167446,78101,160748,4549,494,1244,411,73234,59883,24667,7593,2069,7654,9522,7504,7681,10703,7461,6081,10047,11448,2011,0.9599990444680673,0.027166967261087156,0.002950204842158069,0.007429260776608579,0.002454522652078879,0.4373589097380648,0.3576257420302665,0.14731316364678762,0.045345962280376954,0.012356222304504139,0.09800130600120358,0.12191905353324542,0.09608071599595396,0.0983470122021485,0.13704049884124403,0.09553014686111573,0.0778607188128193,0.12864111855161905,0.14657942920065045,-3.448407961659211,0.07947901167576836,-17.9438,-4.66802
North Norfolk,E07000147,101499,43183,100127,531,157,617,67,39504,38336,17412,4839,1408,5228,5182,4092,3988,7633,5021,3424,3333,5282,2011,0.9864826254445856,0.0052315786362427215,0.0015468132690962472,0.006078877624410093,0.0006601050256652775,0.3892058049833003,0.3776983024463295,0.17154848816244495,0.04767534655513848,0.013872057852786727,0.12106616029456035,0.12000092629043836,0.09475951184493898,0.09235115670518491,0.17675937290137322,0.1162726072760114,0.07929046152421092,0.0771831507769261,0.12231665238635574,-4.477091433769272,1.1801360677855302,-21.863459,0.4694543
North Northamptonshire,E06000061,316851,157386,295889,9364,5325,5359,914,144745,114594,41916,12092,3504,16875,20974,17314,17157,19392,14505,12366,16624,22179,2011,0.9338427210266024,0.029553323170827928,0.01680600660878457,0.016913312566474464,0.0028846366273106287,0.45682355428892446,0.36166526222104395,0.13228930948616227,0.03816304824665221,0.011058825757217115,0.10722046433609088,0.13326471223615824,0.11000978486015274,0.10901223742899623,0.12321299226106515,0.09216194578933323,0.0785711562654874,0.10562565920729926,0.14092104761541688,-1.8969846112833921,0.22952497281537063,-7.421669,-8.486405
North Somerset,E06000024,202566,97563,197076,2436,632,2033,389,93803,70435,27670,8276,2382,11897,16808,12908,11305,11026,9592,8534,6114,9379,2011,0.9728977222238677,0.012025710138917687,0.0031199707749572977,0.010036235103620549,0.0019203617586366912,0.4630737636128472,0.3477138315413248,0.13659745465675385,0.04085581983156107,0.011759130357513107,0.12194171970931603,0.17227842522267664,0.13230425468671525,0.11587384561770343,0.11301415495628465,0.09831595994383116,0.08747168496253703,0.06266719965560714,0.09613275524532866,-0.8908231762060105,1.2861128368061037,-1.9003202,3.1982172
North Tyneside,E08000022,200801,96026,194025,3815,734,1815,412,90031,66955,30156,10638,3021,8205,16953,11624,13912,10077,8662,10312,6613,9668,2011,0.9662551481317324,0.018998909367981234,0.0036553602820703084,0.009038799607571675,0.002051782610644369,0.44835932091971653,0.33343957450411105,0.15017853496745534,0.05297782381561845,0.01504474579309864,0.08544560848103638,0.17654593547580863,0.12105054880969737,0.1448774290296378,0.10494032866098765,0.09020473621727448,0.10738758252973153,0.06886676525107784,0.1006810655447483,-2.2605230840552477,0.05272211552570318,-26.829538,-19.460058
North Warwickshire,E07000218,62014,31258,60709,580,172,506,47,27979,21604,8725,2850,856,3549,4060,3431,3818,4044,2688,2244,3137,4287,2011,0.9789563646918438,0.009352726803624988,0.002773567259006031,0.008159447866610766,0.0007578933789144387,0.45117231592866125,0.34837294804399005,0.14069403683039314,0.0459573644660883,0.013803334730867223,0.11353893403288758,0.129886748992258,0.10976390044148698,0.12214473094887708,0.12937488003071212,0.08599398553970183,0.07178962185680465,0.10035830827308209,0.13714888988418963,-2.4004976692510542,0.7182489929905138,-11.257465,-4.2300806
North West Leicestershire,E07000134,93468,46291,91187,1074,205,881,121,42477,33202,12978,3733,1078,5383,6910,5300,5115,5859,4246,3275,4724,5479,2011,0.9755959258783755,0.011490563615354988,0.0021932640047930842,0.009425685796208328,0.0012945607052681132,0.45445500064193095,0.3552231779860487,0.13884965977660804,0.03993880258484187,0.011533359010570463,0.11628610313019809,0.1492730768399905,0.1144930980104124,0.11049664081570931,0.1265688794798125,0.09172409323626624,0.07074809358190577,0.10205007452852606,0.11835994037717915,-1.7711415697974553,1.1305984176562263,-11.260199,-2.8970497
North Yorkshire,E06000065,598376,299201,582475,7356,2424,5043,1078,285526,206349,78814,21734,5953,38816,47407,39274,30046,42547,27090,21484,19813,32724,2011,0.9734264074762357,0.012293273794403519,0.004050964610880115,0.00842781127585331,0.0018015428426273782,0.4771682019332326,0.34484838964129577,0.13171317031431742,0.036321643916199846,0.009948594194954342,0.12973218672397485,0.15844532605171774,0.13126293027095498,0.1004207873636786,0.142202064832671,0.0905411412395012,0.071804572845679,0.06621969846357466,0.10937129220824797,-0.5191083804718302,1.7923598168877175,-5.4608946,12.268811
Northumberland,E06000057,316028,146901,311066,2658,338,1692,274,138990,108458,48580,15641,4359,15459,22807,16827,16891,19038,15579,12688,11390,16222,2011,0.9842988595947194,0.008410647157846772,0.0010695254850836002,0.005353955978584176,0.0008670117837659955,0.439802802283342,0.3431911096485122,0.15372055640639437,0.049492450036072756,0.013793081625678737,0.10523413727612474,0.15525421882764584,0.11454653133743133,0.11498219889585504,0.1295974840198501,0.10605101394816918,0.08637109345749859,0.07753521078821791,0.11042811144920729,-2.7062326627376874,0.7572874705039929,-14.812339,1.1402544
Norwich,E07000148,132512,62424,120375,5844,2147,3039,1107,59454,46939,18620,5862,1637,4811,12181,7422,5944,6321,5901,6878,4157,8809,2011,0.9084082950978024,0.04410166626418739,0.01620230620623038,0.02293377203574016,0.008353960396039604,0.44866879980680996,0.3542245230620623,0.1405155759478387,0.04423750301859454,0.012353598164694519,0.07706971677559912,0.19513328207099834,0.1188965782391388,0.09521978726130975,0.10125913110342176,0.09453094963475586,0.11018198128924772,0.06659297706010509,0.14111559656542355,-1.6504199000600441,-1.0142978995802803,1.4657536,-8.143212
Nottingham,E06000018,305680,123218,218698,40039,22185,20265,4493,141038,103332,41581,15063,4666,9055,19437,13232,11942,11831,12616,13540,10765,20800,2011,0.7154475268254383,0.1309833813137922,0.07257589636220885,0.06629481811044229,0.014698377388118293,0.4613909971211725,0.33803978016226116,0.13602787228474222,0.04927702172206229,0.015264328709761842,0.0734876397928874,0.1577448100115243,0.10738690775698356,0.09691765813436348,0.09601681572497525,0.10238763816974793,0.10988654255060137,0.0873654823158954,0.16880650554302132,-1.215155697782527,-4.32211509112214,7.555205,-16.806705
Nuneaton and Bedworth,E07000219,125252,60205,114392,7880,1047,1396,537,55086,44255,18133,6019,1759,5102,7712,6600,7104,7287,5975,5194,6145,9086,2011,0.9132947976878613,0.06291316705521668,0.008359147957717241,0.011145530610289656,0.004287356688915147,0.43980136045731805,0.3533276913741896,0.14477213936703606,0.048055120876313355,0.014043687925142911,0.08474379204385017,0.12809567311685077,0.10962544639149573,0.11799684411593721,0.12103645876588323,0.09924424881654348,0.08627190432688316,0.10206793455693049,0.15091769786562578,-3.0920597444579614,-0.6645039873212676,-10.386514,-7.460428
Oadby and Wigston,E07000135,56170,26399,41011,12520,671,1176,792,25383,20568,7524,2082,613,2717,4547,3179,3580,2864,2357,2462,2022,2671,2011,0.7301228413743992,0.22289478369236246,0.01194587858287342,0.020936442941071748,0.014100053409293217,0.4518960299092042,0.3661741142958875,0.13395050738828557,0.03706604949261171,0.010913298914011037,0.10292056517292322,0.17224137277927193,0.1204212280768211,0.13561119739384067,0.10848895791507254,0.08928368498806773,0.09326110837531724,0.07659381037160498,0.10117807492708057,-0.45622750974125204,-1.0202114589513296,-0.81940866,-16.554214
Oldham,E08000004,224897,96300,174326,43165,2797,4057,552,101526,74987,32778,12179,3427,8867,12481,10140,11303,12652,9957,8835,9326,12739,2011,0.7751370627442785,0.19193230678933024,0.012436804403793737,0.018039369133425524,0.002454456929172021,0.4514333228099975,0.33342819157214193,0.1457467196094212,0.05415367923982979,0.01523808676860963,0.09207684319833853,0.12960539979231567,0.10529595015576323,0.11737279335410176,0.13138110072689513,0.10339563862928348,0.09174454828660436,0.09684319833852544,0.13228452751817238,-2.615136543244697,-1.8220239992967633,0.009804393,-19.402792
Oxford,E07000178,151906,69807,117957,18827,7028,6035,2059,83904,48201,14320,4189,1292,5791,23478,8106,5805,4912,5713,4659,3215,8128,2011,0.7765131067897252,0.12393848827564415,0.04626545363580109,0.03972851631930273,0.013554434979526813,0.5523415796611062,0.317308072097218,0.09426882414124524,0.02757626426869248,0.00850525983173805,0.08295729654619165,0.33632730241952813,0.11612015986935408,0.08315784949933387,0.07036543613104702,0.08183993009297062,0.06674115776354807,0.0460555531680204,0.11643531451000616,4.007109156131115,-1.088561312349269,23.164135,-3.0368464
Pembrokeshire,W06000009,122439,54217,120121,1192,179,733,214,55535,39889,18684,6383,1948,5616,7080,5468,4811,10202,6322,4394,4073,6251,2011,0.9810681237187497,0.00973546010666536,0.001461952482460654,0.005986654579014856,0.001747809113109385,0.45357279951649393,0.32578671828420686,0.15259843677259696,0.05213208209802432,0.015909963328677956,0.1035837467952856,0.1305863474555951,0.10085397569028165,0.08873600531198701,0.18816976225169227,0.11660549274212885,0.08104469077964475,0.07512403858568346,0.11529594038770127,-3.4562203002388303,0.6481044152851779,-22.194477,12.496881
Pendle,E07000122,89452,39324,71437,16807,126,946,136,38965,30826,13431,4921,1309,3747,5172,3802,3786,5641,4254,3674,4875,4373,2011,0.7986070741850377,0.18788847650136387,0.0014085766668157224,0.01057550418101328,0.001520368465769351,0.43559674462281445,0.344609399454456,0.1501475651746188,0.05501274426508072,0.014633546483030006,0.09528532194079951,0.1315227342081172,0.096683958905503,0.09627708269758926,0.14344929305258874,0.10817821177906622,0.09342894924219307,0.12397009459871834,0.11120435357542467,-3.3892013413730635,-1.3850971885345524,-17.566368,-14.263796
Peterborough,E06000031,183631,88044,151544,21492,4164,4948,1483,81275,68493,24362,7425,2076,7855,11643,10002,9870,8947,8122,8153,9173,14279,2011,0.8252637081974177,0.11703906203200985,0.022675909840930996,0.026945341472845,0.00807597845679651,0.44259956107628884,0.37299257750597664,0.13266823139883788,0.0404343493201039,0.011305280698792688,0.08921675525873426,0.13224069783290174,0.1136022897642088,0.11210303938939621,0.101619644723093,0.09224932988051429,0.09260142655944754,0.10418654309209031,0.16218027349961384,-1.9666050199640746,-1.5167759689884803,-3.4430904,-10.343574
Plymouth,E06000026,256384,117466,246509,3906,1678,3287,1004,117976,85956,35756,13012,3684,9508,16170,14638,13201,15317,12914,12497,8647,14574,2011,0.9614835559161258,0.015234960059910135,0.0065448701947079385,0.012820612830753869,0.003916000998502246,0.46015351972041935,0.33526273090364456,0.1394626809785322,0.05075199700449326,0.014369071392910633,0.0809425706161783,0.13765685389814925,0.12461478214972843,0.11238145505933632,0.1303951781792178,0.10993819488192327,0.10638823148826043,0.07361279008393919,0.12406994364326698,-2.705395678324587,-0.2952995279991218,-12.546166,-10.919276
Portsmouth,E06000044,205056,96619,181182,12474,3777,5467,2156,97795,71443,25464,7995,2359,8915,15310,12311,10331,11164,9268,10124,6642,12554,2011,0.8835732677902621,0.06083216292134831,0.01841935861423221,0.02666100967540574,0.01051420099875156,0.47691850031210986,0.34840726435705366,0.1241807116104869,0.03898934925093633,0.011504174469413233,0.09226963640691789,0.1584574462579824,0.12741800267028225,0.106925138947826,0.11554663161489977,0.09592316211097196,0.10478270319502375,0.06874424285078504,0.12993303594531097,-0.8515778371271332,-0.6871423844560114,0.19043827,-6.9507456
Powys,W06000023,132976,63653,130827,1142,132,760,115,59511,45459,19857,6375,1774,6697,8979,5658,5984,13499,6450,4118,4928,7340,2011,0.9838391890265913,0.008588015882565275,0.000992660329683552,0.005715317049693178,0.0008648177114667308,0.4475318854530141,0.34185868126579233,0.14932769823125977,0.047940981831307905,0.013340753218625918,0.10521106624982327,0.1410616938714593,0.08888819065872779,0.09400970889039008,0.21207170125524327,0.10133065212951471,0.0646945155766421,0.07741976026267419,0.11531271110552527,-3.2045597188331576,1.4502133759756506,-20.09519,14.9211855
Preston,E07000123,140202,64180,112415,21732,1676,3326,1053,65276,47840,18585,6644,1857,5404,10417,6881,7558,6763,6196,7099,4995,8867,2011,0.8018073921912668,0.15500492147044978,0.011954180396855965,0.02372291408111154,0.00751059186031583,0.465585369680889,0.3412219511847192,0.13255873667993323,0.04738876763526911,0.013245174819189456,0.08420068557182923,0.1623091305702711,0.10721408538485509,0.11776254284823932,0.10537550638828296,0.09654097849797445,0.11061078217513244,0.07782798379557494,0.13815830476784044,-1.6580528472603664,-1.891265326088254,0.035881024,-12.688482
Reading,E06000038,155698,79852,116387,21161,10470,6180,1500,78169,54913,16770,4590,1256,7155,19571,10793,8018,7162,6814,7225,4042,9072,2011,0.7475176302842682,0.13591054477257256,0.0672455651325001,0.03969222469138974,0.009634035119269354,0.5020552608254442,0.35268918033629204,0.10770851263343138,0.029480147464964225,0.008066898739868206,0.08960326604217803,0.24509091819866755,0.13516255071882982,0.10041075990582578,0.08969092821720183,0.0853328658017332,0.09047988779241598,0.05061864449231077,0.11361017883083704,2.201195029098435,-1.2340192599950826,14.971167,-5.8981476
Redbridge,E09000026,278970,124692,118646,116503,24845,11456,7520,134230,97595,33470,10479,3196,13875,28543,16575,17382,10287,9200,10810,7458,10562,2011,0.42530021149227515,0.41761838190486433,0.08905975552926838,0.04106534752840807,0.02695630354518407,0.4811628490518694,0.34984048463992545,0.11997705846506793,0.03756317883643402,0.01145642900670323,0.11127417957848137,0.22890802938440316,0.13292753344240207,0.13939948031950727,0.08249927822153787,0.0737817983511372,0.08669361306258622,0.05981137522856318,0.08470471241138164,2.9210362345976026,-3.7219870914602344,16.489717,-15.054125
Redcar and Cleveland,E06000003,135177,56354,133203,869,122,853,130,57285,45844,21449,8184,2415,4370,7420,6076,6087,7702,6834,5317,5369,7179,2011,0.9853969240329346,0.006428608417112378,0.0009025203991803339,0.006310245086072335,0.0009617020647003558,0.4237777136643068,0.33914053426248547,0.1586734429673687,0.0605428438269824,0.017865465278856612,0.07754551584625759,0.13166767221492706,0.10781843347411009,0.10801362813642332,0.13667175355786634,0.12126912020442204,0.09435000177449693,0.0952727401781595,0.12739113461333712,-4.5160857130941405,-0.4581352207718129,-27.344637,-8.422266
Redditch,E07000236,84214,42922,77497,4029,862,1655,171,39391,29354,10913,3522,1034,4183,5625,4935,4907,5366,4003,3704,4768,5431,2011,0.9202389151447503,0.04784240150093809,0.0102358277721044,0.019652314342033392,0.002030541240173843,0.4677488303607476,0.3485643717196666,0.12958652955565583,0.04182202484147529,0.012278243522454699,0.09745585014677788,0.13105167513163413,0.11497600298215367,0.11432365686594287,0.12501747355668422,0.09326219654256558,0.08629607194445739,0.11108522436046782,0.12653184846931642,-1.8920478965367615,-0.1299492402155447,-8.53358,-8.078838
Reigate and Banstead,E07000211,137835,71236,124879,6992,2166,3037,761,71052,46908,14866,3844,1165,9835,14701,11262,9125,6869,6728,4531,3093,5092,2011,0.9060035549751515,0.050727318895781186,0.015714441179671346,0.02203359088765553,0.005521094061740487,0.5154859070627925,0.34031994776363045,0.10785359306417093,0.02788841731055247,0.008452134798853702,0.13806221573361782,0.20637037452973217,0.15809422202257287,0.1280953450502555,0.09642596440002246,0.0944466281093829,0.06360548037509124,0.04341905777977427,0.07148071199955079,2.511156006513727,1.8881020242512332,20.0663,10.035297
Rhondda Cynon Taf,W06000016,234410,99327,228241,3030,1308,1506,325,105154,69544,37208,17396,5108,7756,13826,10216,11314,12922,11742,8940,9766,12845,2011,0.9736828633590717,0.012926069706923766,0.005579966724969071,0.006424640587005674,0.001386459622029777,0.4485900772151359,0.2966767629367348,0.15873042958918135,0.07421185103024615,0.021790879228701848,0.07808551551944587,0.13919679442649027,0.10285219527419534,0.1139065913598518,0.13009554300441975,0.1182155909269383,0.09000573862091878,0.0983217050751558,0.1293203257925841,-4.359527920205471,-1.285471167023593,-33.236687,-11.036718
Ribble Valley,E07000124,57132,28713,55904,729,92,360,47,29415,18376,7049,1805,487,3954,5796,3232,2969,4030,2758,1562,1807,2605,2011,0.9785059161240636,0.01275992438563327,0.001610305958132045,0.00630119722747322,0.0008226563046978926,0.5148603234614577,0.32164111181124416,0.12338094237905202,0.03159350276552545,0.008524119582720717,0.13770765855187544,0.2018597847664821,0.11256225403127504,0.10340263991920036,0.14035454323825444,0.09605405217149027,0.054400445791105076,0.06293316616166893,0.09072545536864834,0.7127021658418357,2.4168468889100714,22.427103,16.478376
Richmond upon Thames,E09000027,186990,99204,160725,13607,2816,6780,3062,107217,57088,16662,4617,1406,17333,29443,20379,9473,5249,6133,4501,2225,4468,2011,0.859537943205519,0.0727685972511899,0.015059628857158136,0.03625862345579978,0.016375207230333172,0.5733836034012514,0.3052997486496604,0.08910636932456281,0.024691159955077813,0.007519118669447564,0.17472077738800854,0.2967924680456433,0.20542518446836822,0.09549010120559655,0.052911172936575136,0.06182210394742148,0.04537115438893593,0.02242853110761663,0.0450385065118342,7.275778119777467,2.069989618153255,31.48788,-4.9300747
Rochdale,E08000005,211699,90753,172874,31630,2770,3569,856,94233,70158,31303,12453,3552,8295,12413,9382,10711,10805,10074,8456,9076,11541,2011,0.8166028181521878,0.14941024756848167,0.013084615420951445,0.016858842035153684,0.004043476823225429,0.44512727976986194,0.33140449411664674,0.14786560163250653,0.05882408513975031,0.016778539341234487,0.09140193712604543,0.13677784756426783,0.10337950260597446,0.11802364660121428,0.11905942503278129,0.11100459488942514,0.09317598316309103,0.10000771324363933,0.1271693497735612,-2.9993261130834727,-1.8165663120091506,-17.880733,-15.851427
Rochford,E07000075,83287,40662,80937,881,433,905,131,39774,29085,10832,2816,780,4784,5924,5665,6728,5380,3289,3144,2535,3213,2011,0.9717843120775151,0.010577881302003914,0.005198890583164239,0.01086604151908461,0.001572874518232137,0.4775535197569849,0.3492141630746695,0.13005631130908785,0.0338107988041351,0.009365207055122648,0.1176528454084895,0.14568884954011116,0.13931926614529536,0.16546161034872855,0.13231026511238994,0.08088633121833654,0.07732034823668289,0.062343219713737644,0.07901726427622842,-0.2691017505243816,2.222334812405074,9.793318,16.390295
Rossendale,E07000125,67982,32808,63778,3396,123,602,83,31438,22508,9603,3475,958,3780,5411,3945,3458,4242,3678,2440,2831,3023,2011,0.9381601012032597,0.04995439969403666,0.001809302462416522,0.008855285222558913,0.0012209114177282221,0.46244594157276925,0.3310876408461063,0.1412579800535436,0.05111647200729605,0.014091965520284782,0.11521580102414046,0.16492928554011216,0.1202450621799561,0.1054011216776396,0.1292977322604243,0.11210680321872714,0.07437210436478908,0.0862899292855401,0.09214216044867106,-1.712650983020396,0.6382832685916237,-11.424157,1.5309536
Rother,E07000064,90588,37583,87951,1103,305,1031,198,36737,33152,14960,4463,1276,4945,6069,4372,4294,5751,4278,2592,1934,3348,2011,0.9708901841303484,0.012176005651962732,0.0033668918620567844,0.011381198392723097,0.0021857199629089948,0.4055393650373118,0.365964586921005,0.16514328608645737,0.04926701108314567,0.014085750872080187,0.13157544634542212,0.16148258521139877,0.11632919138972407,0.11425378495596414,0.15302131282760822,0.11382806055929542,0.06896735226033048,0.051459436447329907,0.08908283000292685,-2.610851241784055,1.646790894303617,-13.317382,15.6048565
Rotherham,E08000018,257280,114871,240758,10551,2112,2551,1308,111232,87237,39278,15114,4419,10285,14407,11387,12652,15018,11983,12670,12205,14264,2011,0.935782027363184,0.0410097947761194,0.008208955223880597,0.009915267412935323,0.005083955223880597,0.43233830845771143,0.3390741604477612,0.15266635572139303,0.05874533582089552,0.017175839552238805,0.08953521776601579,0.125418948211472,0.09912858772013824,0.11014094070740221,0.1307379582314074,0.1043170164793551,0.11029763822026448,0.10624961913798957,0.1241740735259552,-4.082417459594745,-1.0424607601626847,-25.991976,-10.565352
Rugby,E07000220,100075,50485,90565,5225,1987,1986,312,47711,35306,12580,3508,970,5736,8914,6103,5621,5300,4019,3420,3973,7399,2011,0.9049712715463403,0.05221084186859855,0.019855108668498624,0.019845116162877843,0.0031176617536847365,0.47675243567324505,0.35279540344741445,0.1257057207094679,0.03505370971771172,0.00969273045216088,0.1136179063088046,0.17656729721699516,0.120887392294741,0.11134000198078638,0.10498167772605725,0.07960780429830643,0.06774289392888977,0.07869664256709914,0.1465583836783203,-0.09040112555712362,0.3785028787389096,7.5688167,-2.6860483
Runnymede,E07000212,80510,40651,71633,5561,862,1671,783,41319,27451,8767,2371,602,5464,7676,5848,5034,4255,3649,3023,1990,3712,2011,0.8897404049186437,0.06907216494845361,0.010706744503788349,0.02075518569121848,0.009725499937895914,0.5132157495963234,0.3409638554216867,0.10889330517948081,0.02944975779406285,0.007477332008446156,0.13441243757841134,0.18882684312809034,0.14385869966298492,0.12383459201495658,0.10467147179651178,0.0897640894442941,0.07436471427517158,0.04895328528203488,0.09131386681754447,1.8832029306872435,1.344309632132412,17.007254,12.973111
Rushcliffe,E07000176,111129,55346,103504,4614,627,1949,435,57689,36222,12779,3468,971,7869,14585,7928,6135,4861,3838,3651,2365,4114,2011,0.9313860468464578,0.041519315390222175,0.005642091623248657,0.01753817635360707,0.003914369786464379,0.5191174220950427,0.3259455227708339,0.11499248620972023,0.031206975676916018,0.008737593247487154,0.14217829653452824,0.26352401257543456,0.14324431756585843,0.11084811910526506,0.08782929208976259,0.06934557149568171,0.06596682687095726,0.04273118201857406,0.07433238174393814,2.9845129132978245,1.9581961353026496,23.40771,6.2908173
Rushmoor,E07000092,93807,51087,79520,9755,1868,2057,607,46970,33340,10099,2625,773,5077,7495,8260,6011,5745,5041,4405,3186,5867,2011,0.8476979329900753,0.10399010734806571,0.019913226091869476,0.021928001108659268,0.006470732461330178,0.5007089023207223,0.3554105770358289,0.1076572110823286,0.027982986344302664,0.008240323216817507,0.09937948988979584,0.1467105134378609,0.16168496877874997,0.1176620275216787,0.11245522344236303,0.09867480963845988,0.08622545853152465,0.062364202243232136,0.11484330651633488,0.779246720538083,0.303383285706172,10.336276,9.569925
Rutland,E06000017,37369,18037,36301,365,251,389,63,18828,12718,4532,1008,283,2752,3203,2857,1552,2214,1459,1078,1092,1830,2011,0.9714201610960957,0.009767454307045948,0.00671679734539324,0.0104096978779202,0.0016858893735449169,0.5038400813508523,0.3403355722657818,0.12127699430008831,0.02697422997671867,0.007573122106558913,0.15257526196152355,0.1775794200809447,0.1583966291511892,0.0860453512224871,0.1227476853135222,0.08088928314021179,0.05976603648056772,0.060542218772523144,0.10145811387703055,1.5973877593017258,2.5133637905826856,27.708694,10.785586
Salford,E08000006,233933,106904,210862,9429,6541,4616,2485,107689,75685,32849,13741,3969,9470,16122,12980,13900,10474,10830,11478,7897,13753,2011,0.9013777449098673,0.04030641251982405,0.027960997379591592,0.019732145528848003,0.010622699661868996,0.46034120880765006,0.323532806401833,0.14042054776367593,0.05873904066548969,0.016966396361351326,0.08858415026565891,0.1508082017511038,0.12141734640425055,0.1300231983835965,0.09797575394746688,0.1013058444959964,0.10736735762927486,0.07387001421836414,0.12864813290428795,-2.173259978807675,-1.501189835853712,-28.559982,-16.850658
Sandwell,E08000028,308063,128630,215471,59258,18357,10199,4778,129182,107081,48087,18171,5542,9515,14312,12186,15511,16116,13053,12618,15989,19330,2011,0.6994381019466798,0.1923567581955639,0.05958846080184897,0.033106864504987614,0.015509814550919779,0.41933630458704874,0.34759448554354144,0.1560946949162996,0.05898468819689479,0.01798982675621545,0.07397185726502371,0.11126486822669673,0.09473684210526316,0.12058617740806965,0.12528959029775324,0.10147710487444608,0.09809531213558267,0.12430226230272876,0.15027598538443598,-3.60577315748567,-3.8504697614448213,3.4278255,-20.776306
Sefton,E08000014,273790,121919,266741,2719,796,2820,714,124069,89115,40620,15549,4437,11967,19587,14187,17625,12867,13154,11775,8272,12485,2011,0.9742539902845246,0.00993096899083239,0.0029073377406041126,0.010299864859929142,0.002607838124109719,0.45315387705905985,0.3254866868768034,0.14836188319514956,0.056791701669162496,0.016205851199824685,0.0981553326388832,0.16065584527432147,0.11636414340668805,0.14456319359574799,0.10553728295015544,0.10789130488275002,0.09658051657247844,0.06784832552760439,0.10240405515137099,-2.467248980410971,0.08662258631606284,-26.470526,-18.8498
Sevenoaks,E07000111,114893,56015,110029,2085,853,1675,251,58796,38344,13180,3569,1004,8044,10758,8142,7124,6545,4505,3740,2850,4307,2011,0.9576649578303291,0.018147319680050133,0.00742429913049533,0.014578781997162577,0.0021846413619628696,0.5117457112269677,0.3337366071040011,0.11471543087916583,0.031063685342013873,0.008738565447851478,0.14360439168079978,0.19205569936624117,0.1453539230563242,0.12718021958404,0.11684370257966616,0.08042488619119878,0.06676783004552352,0.050879228778005894,0.07689011871820048,1.720726689181527,2.3683822405167763,17.387726,11.171981
Sheffield,E08000019,552698,244318,462544,44385,20082,13289,12398,258250,184343,75733,26703,7669,20481,47803,27794,27279,26275,23217,23925,18199,29345,2011,0.8368837954904849,0.08030606226185005,0.03633449008319191,0.02404387206032951,0.022431780104143675,0.46725336440515436,0.33353296013374395,0.13702419766309992,0.04831390741417555,0.013875570383826249,0.08382927168689985,0.19565893630432468,0.1137615730318683,0.11165366448644799,0.10754426607945383,0.09502779164858913,0.09792565427025435,0.07448898566622189,0.12010985682593997,-0.9238205174795484,-1.6115612556879564,2.0197818,-11.698568
Shropshire,E06000051,306129,150748,299874,3089,580,2168,418,142309,106909,41475,11979,3457,17708,23906,16971,15010,22984,15180,10837,11171,16981,2011,0.9795674372568427,0.010090517396261054,0.0018946261216676629,0.007081981778923265,0.0013654374463053158,0.4648661185317301,0.34922859317477273,0.1354821006830454,0.039130562605960234,0.011292625004491571,0.11746756175869663,0.15858253509167616,0.11257860800806645,0.09957014355082655,0.15246636771300448,0.100697853371189,0.07188818425451747,0.07410380237217078,0.11264494387985247,-1.580867535342341,1.518774614551118,-15.1085825,10.953323
Slough,E06000039,140205,67300,64053,55697,12115,4758,3582,67156,50464,16288,4906,1391,5512,10511,7390,7430,6663,6268,6322,6721,10483,2011,0.4568524660318819,0.39725402089797085,0.08640918654826861,0.03393602225312935,0.025548304268749333,0.4789843443529118,0.3599301023501302,0.11617274704896402,0.034991619414428875,0.009921186833565137,0.08190193164933135,0.1561812778603269,0.10980683506686478,0.11040118870728083,0.09900445765230312,0.09313521545319466,0.09393759286775631,0.09986627043090639,0.15576523031203565,0.4392435987337126,-4.6985213750607775,10.34088,-19.589655
Solihull,E08000029,206674,97941,184244,13561,3239,4404,1226,98197,70683,27056,8241,2497,12312,19446,12723,13260,9681,8093,7649,5895,8882,2011,0.8914715929434762,0.06561541364661254,0.015672024541064672,0.0213089212963411,0.005932047572505492,0.47512991474496064,0.34200238056068977,0.1309114837860592,0.03987439155384809,0.012081829354442263,0.12570833460961192,0.19854810549208196,0.12990473856709653,0.13538763132906545,0.0988452231445462,0.08263138011660082,0.07809803861508459,0.06018929763837412,0.09068725048753841,0.4678545311164498,0.6647094875303602,6.4450364,10.5916195
Somerset,E06000066,529972,256755,519255,4873,1013,4241,590,241500,187101,74426,21227,5718,28124,37894,27908,26186,38505,27439,20712,20333,29654,2011,0.9797781769602922,0.009194825387001577,0.0019114217354879125,0.008002309555976542,0.001113266361241726,0.4556844512540285,0.35303940585540367,0.14043383424029948,0.04005305940691206,0.010789249243356253,0.10953632840645752,0.1475881677085159,0.10869505949251232,0.10198827676189363,0.14996786820120347,0.1068684154154739,0.08066834141496758,0.07919222605207299,0.11549531654690269,-2.2097151792099394,1.225369305550219,-15.551038,9.648698
South Cambridgeshire,E07000012,148755,79139,138787,5540,1268,2524,636,78041,50147,15792,3739,1036,9819,21202,10352,8507,8286,6510,4660,3652,6151,2011,0.9329904877146986,0.037242445632079596,0.008524083224093308,0.01696749689086081,0.004275486538267622,0.524627743605257,0.3371113576014252,0.1061611374407583,0.025135289570098484,0.006964471782461094,0.12407283387457511,0.26790836376502103,0.13080781915364106,0.10749440857225893,0.10470185370045111,0.08226032676682798,0.05888373621097057,0.04614665335675205,0.07772400459950214,2.749738430000795,2.1468347808821973,24.34627,10.989127
South Derbyshire,E07000039,94611,47886,90527,2375,425,1062,222,45075,32550,12348,3647,991,5804,7715,5671,5218,5955,4224,3422,4677,5200,2011,0.9568337719715466,0.025102789316252868,0.004492078088171566,0.011224910422678125,0.0023464502013507945,0.4764245172337255,0.34404033357643404,0.13051336525351176,0.03854731479426282,0.010474469142065934,0.12120452741928747,0.16111180720878754,0.11842709769034791,0.10896713026771916,0.12435784989349706,0.08820949755669716,0.07146138746188865,0.0976694649793259,0.10859123752244915,-0.8281030405880822,1.1614770405091324,-1.4132402,7.941658
South Gloucestershire,E06000025,262767,136531,249574,6440,2218,3667,868,129141,91675,30940,8556,2455,14169,23682,16740,19070,16781,11637,12497,8650,13305,2011,0.9497920210680946,0.024508404784466847,0.00844093816955706,0.0139553292460621,0.0033033067318194447,0.4914658233339803,0.3488832311515525,0.11774690124711246,0.03256116635650595,0.009342877910848774,0.1037786290293047,0.1734551127582747,0.12260951725249211,0.13967523859050326,0.12290981535328972,0.08523339021907113,0.09153232599189927,0.06335557492437614,0.09745039588078898,-0.19670988976274908,1.2655034122445135,9.36724,14.341682
South Hams,E07000044,83140,39999,81784,458,121,653,124,39414,28574,11075,3156,921,5559,7530,4858,3713,6396,3665,2659,1875,3744,2011,0.9836901611739235,0.005508780370459466,0.0014553764734183306,0.007854221794563387,0.001491460187635314,0.47406783738272795,0.3436853500120279,0.13320904498436373,0.03796006735626654,0.011077700264613905,0.13897847446186154,0.1882547063676592,0.12145303632590815,0.09282732068301708,0.15990399759994,0.09162729068226706,0.06647666191654791,0.04687617190429761,0.09360234005850146,-0.32134605422269036,2.2927513752591926,-8.236874,16.721758
South Holland,E07000140,88270,41490,86370,747,257,796,100,35771,33149,13968,4167,1215,4437,4034,3605,4158,5932,3793,3129,6280,6122,2011,0.9784751331143083,0.008462671349269287,0.002911521468222499,0.009017786337373965,0.0011328877308258753,0.4052452701937238,0.37554095389146935,0.15824175824175823,0.04720743174351422,0.013764585929534383,0.106941431670282,0.09722824777054712,0.0868884068450229,0.1002169197396963,0.14297421065316943,0.09141961918534587,0.07541576283441793,0.15136177392142686,0.1475536273800916,-4.586456559611585,0.1529753655524165,-18.1338,-6.5724497
South Kesteven,E07000141,133788,66532,130394,1580,509,1142,163,62625,46999,17767,5005,1392,8212,10107,8022,7200,8375,6342,5379,5619,7276,2011,0.9746315065626214,0.011809728824707747,0.003804526564415344,0.008535892606212814,0.0012183454420426347,0.46809130863754594,0.35129458546356923,0.13279965318264716,0.03740993213143182,0.010404520584805812,0.12342932724102687,0.15191186196116155,0.12057355858834846,0.10821860157518187,0.12587927613779834,0.09532255155413936,0.08084831359345879,0.08445560031263151,0.10936090903625323,-1.2139187595302168,1.354415132450752,-2.739334,8.680213
South Norfolk,E07000149,124012,60333,120981,1270,378,1214,169,57480,44400,16575,4297,1260,6975,10579,7170,6861,8375,5627,4607,4173,5966,2011,0.9755588168886882,0.01024094442473309,0.003048092120117408,0.009789375221752734,0.0013627713447085766,0.46350353191626614,0.3580298680772828,0.1336564203464181,0.034649872592974876,0.010160307067058026,0.11560837352692556,0.17534351018513913,0.11884043558251703,0.11371886032519517,0.1388129216183515,0.09326570865032403,0.07635953789799943,0.0691661279896574,0.09888452422389074,-0.9684364085981647,1.7543365253696357,-5.151637,9.980949
South Oxfordshire,E07000179,134257,70087,128993,2405,768,1801,290,70571,44779,14409,3517,981,10095,15018,10215,7444,7969,5674,4186,3394,6092,2011,0.9607916160796085,0.017913404887640868,0.005720372122123986,0.013414570562428774,0.002160036348197859,0.5256411211333487,0.3335319573653515,0.10732401290063089,0.026196027022799558,0.00730688157786931,0.14403527044958409,0.21427654201207072,0.1457474281963845,0.10621085222651847,0.11370154236877024,0.08095652546121249,0.05972576940088747,0.048425528272004796,0.08692054161256724,2.4105512992010927,2.534490830468027,22.94153,11.942169
South Ribble,E07000126,109057,55761,105847,1612,268,1174,156,52009,37211,14240,4473,1124,5626,9185,6976,7633,6887,5539,4656,4104,5155,2011,0.9705658508853169,0.01478126117534867,0.0024574305179860074,0.010765012791476018,0.001430444629872452,0.47689740227587407,0.3412068918088706,0.13057392006015203,0.041015248906535115,0.01030653694856818,0.1008948906942128,0.16472086225139435,0.12510536037732464,0.13688778895643908,0.12350926274636395,0.0993346604257456,0.08349921988486576,0.07359982783666003,0.09244812682699377,-1.041058504957624,1.2754462130395998,6.6058807,13.730776
South Staffordshire,E07000196,108131,53328,103700,2122,578,1495,236,49032,38390,14901,4435,1373,6967,8832,6679,6905,7076,4321,4111,3574,4863,2011,0.9590219271069351,0.019624344545042586,0.005345368118300949,0.013825822382110588,0.0021825378476107685,0.45344998196631864,0.35503232190583645,0.13780506977647483,0.04101506505997355,0.012697561291396547,0.13064431443144314,0.16561656165616562,0.12524377437743775,0.12948169816981697,0.1326882688268827,0.08102685268526853,0.07708895889588958,0.06701920192019202,0.0911903690369037,-0.8751912100111523,1.557091497058801,-4.6145415,6.9453945
South Tyneside,E08000023,148127,64622,142099,3311,420,1325,972,63345,48861,23700,9394,2827,5031,8545,7097,8480,8174,6738,6862,6120,7575,2011,0.959305190815989,0.02235244081092576,0.0028354047540286374,0.008945026902590344,0.006561936716466275,0.42763979558081916,0.3298588373490316,0.159997839691616,0.06341855299844053,0.019084974380092757,0.07785274364767417,0.1322305097335273,0.10982327999752406,0.13122466033239455,0.126489430843985,0.10426789638203708,0.10618674754727492,0.0947045897681904,0.11722014174739252,-4.179929315463712,-0.9358670443272277,-29.10445,-12.407713
Southampton,E06000045,236882,112608,203528,19892,5067,5678,2717,112653,82880,29278,9223,2848,8705,19206,12661,11778,12826,10940,11547,9521,15424,2011,0.8591957176991075,0.08397429944022762,0.021390396906476643,0.02396974020820493,0.011469845745983233,0.4755658935672613,0.349878842630508,0.12359740292635152,0.03893499717158754,0.012022863704291589,0.07730356635407787,0.17055626598465473,0.11243428530832623,0.1045929241261722,0.11389954532537652,0.09715117931230463,0.1025415601023018,0.08454994316567206,0.13697073032111395,-1.2508791149741767,-1.2204760763832496,0.1859099,-7.788298
Southend-on-Sea,E06000033,173658,81339,159023,6440,3647,3651,897,78341,60929,24420,7778,2190,8686,13056,10779,11828,9143,7767,6781,5160,8139,2011,0.9157251609485311,0.037084384249501896,0.02100104803694618,0.02102408181598314,0.005165324949037764,0.4511223208835758,0.3508562807356989,0.14062122102062674,0.044789183337364244,0.012610994022734339,0.10678764184462558,0.16051340685280124,0.13251945561169917,0.1454160980587418,0.11240610285348972,0.09548924869988566,0.08336714245318974,0.06343820307601519,0.10006270054955188,-1.064856025486241,0.4540300880816105,5.7359543,15.011056
Southwark,E09000028,288283,147388,156349,27192,77511,17778,9453,154204,90004,29935,10544,3596,15565,38033,25652,14538,9629,12185,9666,5043,17077,2011,0.5423455424010434,0.09432398025551281,0.26887121335632,0.06166856873280769,0.03279069525431607,0.534904937162441,0.3122071020490282,0.10383893604548308,0.03657517092579167,0.01247385381725596,0.10560561239721009,0.25804678806958503,0.1740440198659321,0.09863760957472793,0.06533096317203571,0.0826729448801802,0.06558200124840557,0.034215811327923576,0.11586424946399979,5.415529051440884,-4.166377707791695,25.011265,-13.925473
Spelthorne,E07000213,95598,50161,83455,7295,1545,2382,921,45929,34239,11509,3085,836,5868,8175,7420,7607,5200,4448,3714,3215,4514,2011,0.8729785141948576,0.07630912780602105,0.01616142597125463,0.024916839264419757,0.009634092763446934,0.4804389213163455,0.35815602836879434,0.1203895478984916,0.03227054959308772,0.008744952823280822,0.11698331372979008,0.1629752197922689,0.14792368573194314,0.15165168158529535,0.10366619485257471,0.08867446821235621,0.07404158609278125,0.06409361854827456,0.08999023145471581,0.8074395314842084,0.9484997495724649,11.841817,15.840204
St Albans,E07000240,140664,71378,124380,9011,2388,3904,981,77531,44813,13802,3521,997,10983,20382,11911,7465,5042,5054,4149,2262,4130,2011,0.8842347722231702,0.06406045612239095,0.016976625149291928,0.027754080646078597,0.006974065859068419,0.5511786953307172,0.3185818688505943,0.09812034351362112,0.025031280213842915,0.007087812091224478,0.15387094062596318,0.28555016952002016,0.16687214547899912,0.10458404550421699,0.07063801171229231,0.07080613074056431,0.05812715402504973,0.03169043682927513,0.05786096556361904,5.165096650612875,1.9883418805608841,31.946785,-0.6074802
St. Helens,E08000013,175308,78580,171877,1764,248,1179,240,78620,55983,26198,11364,3143,6896,11526,8570,9323,9228,8586,7187,7162,10102,2011,0.9804287311474662,0.010062290368950648,0.0014146530677436283,0.006725306318023137,0.0013690190978164144,0.4484678394596938,0.3193408173044014,0.14943984301914345,0.06482305428160723,0.01792844593515413,0.08775769916009163,0.14667854415881904,0.10906082972766608,0.11864342071773988,0.11743446169508781,0.10926444387884958,0.09146093153474166,0.09114278442351743,0.1285568847034869,-3.4936648283118377,-0.5623073340117898,-29.111593,-10.927043
Stafford,E07000197,130869,64494,124308,3288,1107,1694,472,60366,46574,17316,5118,1495,7695,12284,8511,7275,7062,5477,5026,4245,6919,2011,0.9498658964307819,0.025124361002223598,0.008458840519909222,0.012944241951875539,0.0036066600952097136,0.4612704307360796,0.3558826001574093,0.13231552162849872,0.03910781010017651,0.011423637377835852,0.11931342450460508,0.19046733029429094,0.1319657642571402,0.11280119080844729,0.10949855800539585,0.08492262846156232,0.07792972989735479,0.06582007628616615,0.10728129748503737,-0.3530689553799063,1.1345856242311159,-2.4194715,5.421479
Staffordshire Moorlands,E07000198,97106,47591,95825,502,120,602,57,42874,34050,14432,4420,1330,5265,7008,5205,4937,7420,4694,3495,4367,5200,2011,0.9868082301814513,0.005169608469095628,0.0012357629806603093,0.006199410952979219,0.0005869874158136469,0.4415175169402509,0.3506477457623628,0.14862109447407987,0.045517269787654725,0.013696373035651762,0.11063016116492615,0.14725473303775924,0.10936941858754806,0.10373810174192599,0.15591183206908868,0.09863209430354479,0.07343825513227291,0.09176104725683427,0.1092643567060999,-2.6655468966199307,1.1904983211088846,-13.909167,-0.40026632
Stevenage,E07000243,83957,42738,73598,4848,2836,2265,410,39514,29953,10652,2984,854,3903,6827,5302,5049,5187,4184,4254,3179,4853,2011,0.8766154102695427,0.057743845063544436,0.033779196493443076,0.026978095930059436,0.004883452243410317,0.4706456876734519,0.35676596352894935,0.12687447145562608,0.035542003644722896,0.010171873697249782,0.09132388038747719,0.15974074594038093,0.12405821517151013,0.11813842482100238,0.12136740137582479,0.09789882540128222,0.09953671205952548,0.07438345266507558,0.11355234217792129,-0.8693828576997551,-0.2676568297270144,-0.9051398,-6.7746067
Stockport,E08000007,283275,137130,260819,13762,1958,5104,1632,135500,94251,37601,12505,3418,15544,27091,18080,17082,13854,12830,13133,8141,11375,2011,0.9207272085429353,0.04858176683434825,0.0069120112964433855,0.01801782719971759,0.005761186126555467,0.47833377460065307,0.33271908922425203,0.13273673991704174,0.04414438266701968,0.012066013591033448,0.11335229344417706,0.19755706264128928,0.13184569386713338,0.12456792824327281,0.10102822139575585,0.09356085466345804,0.09577043681178443,0.059367023991832565,0.08295048494129657,-0.1191796217545818,0.49343262788029235,0.7339755,-0.11371196
Stockton-on-Tees,E06000004,191610,87122,181299,6632,1133,1997,549,88811,64282,26385,9296,2836,7894,13885,10330,9887,10139,8523,9129,7280,10055,2011,0.9461875684985126,0.03461197223526956,0.005913052554668337,0.010422211784353635,0.0028651949271958667,0.463498773550441,0.33548353426230365,0.13770158133709096,0.0485152131934659,0.014800897656698501,0.0906085718876977,0.15937421087670164,0.11856936250315649,0.11348453892243061,0.11637703450334014,0.09782833268290443,0.10478409586556782,0.08356098344849751,0.11541286930970364,-2.1855891719794274,-0.2517729324580881,-12.270783,-10.598713
Stoke-on-Trent,E06000021,249008,108109,220712,18442,3741,4491,1622,104510,86311,38179,15356,4652,8030,11322,9674,10705,15525,11934,11796,11843,17280,2011,0.8863650967037203,0.07406187753003919,0.01502361369915826,0.018035565122405707,0.006513846944676476,0.4197053909914541,0.3466193857225471,0.15332439118421898,0.0616687014071837,0.018682130694596157,0.07427688721568047,0.10472763599700302,0.08948376175896548,0.09902043308142708,0.14360506525821162,0.11038858929413832,0.10911209982517645,0.10954684623851853,0.15983868133087903,-4.976523181423936,-2.2230756035286126,-22.411448,-10.681399
Stratford-on-Avon,E07000221,120485,60765,117307,1466,264,1258,190,58094,41966,15315,4049,1061,9491,11245,7947,6589,7484,4953,4391,2962,5703,2011,0.9736232726065486,0.01216748972901191,0.0021911441258247915,0.010441133751089347,0.001576959787525418,0.4821679047184297,0.34830891812258785,0.1271112586629041,0.0336058430510022,0.008806075445076151,0.1561918867769275,0.18505718752571382,0.13078252283386818,0.10843413149016704,0.12316300501933679,0.08151073808936066,0.07226199292355796,0.04874516580268246,0.09385336953838558,0.6579506402120334,2.375271989106821,-4.419505,16.88899
Stroud,E07000082,112779,57342,110426,751,260,1216,126,53779,39711,14441,3783,1065,7099,10925,7024,5981,7871,5387,3542,4267,5246,2011,0.9791361867014249,0.006659041133544366,0.002305393734649181,0.010782149158974632,0.0011172292714069108,0.4768529602142243,0.3521134253717447,0.12804688816180318,0.03354347883914559,0.009443247413082223,0.12380105332914793,0.19052352551358515,0.1224931115064002,0.10430400055805518,0.13726413449129782,0.0939451013218932,0.06176973248229919,0.07441317010219385,0.09148617069512748,-0.1895030085630207,2.1233909590027373,-4.228954,12.958047
Sunderland,E08000024,275506,121511,264282,7336,1273,1778,837,117365,90557,43951,18155,5478,9278,14842,12076,15464,14679,12137,14959,11969,16107,2011,0.9592604153811533,0.02662736927689415,0.004620589025284386,0.006453579958331216,0.0030380463583370237,0.42599798189513116,0.32869338598796394,0.15952828613532918,0.06589693146428753,0.01988341451728819,0.07635522709878118,0.12214532017677412,0.09938194895935347,0.1272641983030343,0.12080387783822041,0.09988396112286131,0.12310819596579733,0.09850137024631515,0.13255590028886274,-4.8226978326444785,-1.4779051793115234,-29.743162,-13.291559
Surrey Heath,E07000214,86144,44968,77692,5389,861,1626,576,46062,28683,8613,2148,638,6957,9137,7253,5440,4315,3808,2994,1864,3200,2011,0.9018852154531947,0.06255804234769688,0.009994892273402674,0.01887537147102526,0.006686478454680535,0.5347093239227341,0.3329657317979198,0.09998374814264488,0.024934992570579496,0.007406203566121842,0.15471001601138587,0.20318893435331792,0.16129247464863902,0.12097491549546344,0.09595712506671411,0.08468244084682441,0.06658067959437823,0.04145169898594556,0.07116171499733144,3.2604937928437625,2.1425457153096463,22.046614,9.059353
Sutton,E09000029,190146,97658,149449,22035,9120,7134,2408,92668,67563,22127,6072,1716,10518,18731,13612,14327,11201,8987,7407,5417,7458,2011,0.7859697285243971,0.11588463601653466,0.04796314411031523,0.03751853838629264,0.012663952962460425,0.48735182438757585,0.3553217001672399,0.11636847475098082,0.03193335647344672,0.009024644220756682,0.10770238997317168,0.1918020029081079,0.1393843822318704,0.14670585103114953,0.11469618464437117,0.09202523090786213,0.07584632083393066,0.05546908599397899,0.07636855147555756,1.489997742051171,0.04227282198606946,16.66643,-2.9810984
Swale,E07000113,135835,62810,131155,1489,1395,1575,221,60198,48719,19118,6008,1792,6558,8026,7336,7482,8477,6064,4853,5944,8070,2011,0.9655464350130674,0.010961828689218538,0.0102698126403357,0.011594949755217727,0.0016269739021607097,0.44317002245371223,0.35866308388854123,0.14074428534619207,0.04423013214561784,0.013192476165936615,0.10441012577615029,0.12778220028657858,0.11679668842540997,0.11912115905110651,0.1349625855755453,0.0965451361248209,0.07726476675688584,0.09463461232287852,0.1284827256806241,-2.527885472911459,0.6269221001964482,-11.864269,-4.455649
Swansea,W06000011,239023,102793,224697,7803,1983,2160,2380,116295,69978,33402,14473,4875,8893,17694,11020,13457,11472,10013,11257,6690,12297,2011,0.9400643452722123,0.03264539395790363,0.008296272743627183,0.009036787254783012,0.009957200771473875,0.48654313601619925,0.29276680486815077,0.13974387402049177,0.06055065830484933,0.02039552679030888,0.08651367311003667,0.1721323436420768,0.10720574358176141,0.13091358360977887,0.11160293016061405,0.09740935666825562,0.10951134804899167,0.06508225268257566,0.11962876849590925,-2.232396190741345,-1.2310983253092447,-30.819515,-16.536907
Swindon,E06000030,209156,109499,187898,13365,2861,4226,806,100931,73591,25056,7556,2022,10444,17031,13782,13094,11704,8890,10481,9633,14440,2011,0.898362944405133,0.06389967297137066,0.013678785212951098,0.020205014438983343,0.0038535829715618964,0.48256325422172924,0.3518474248885999,0.1197957505402666,0.03612614507831475,0.009667425271089521,0.09537986648279893,0.15553566699239263,0.1258641631430424,0.11958100073973278,0.10688682088420899,0.08118795605439319,0.09571776911204669,0.08797340614982785,0.13187335044155654,-0.6185619471437586,-0.11501089583835757,-0.43568048,-5.4011035
Tameside,E08000008,219324,101892,199429,14553,1784,3159,399,96404,73918,33009,12492,3501,9069,12129,11311,13599,13334,10164,10505,10325,11456,2011,0.9092894530466342,0.06635388739946381,0.008134084733088945,0.014403348470755594,0.0018192263500574493,0.43955061917528404,0.33702649960788605,0.15050336488482793,0.05695683098976856,0.01596268534223341,0.08900600635967496,0.11903780473442468,0.11100969654143603,0.1334648451301378,0.1308640521336317,0.09975267930750206,0.10309936010677972,0.10133278373179445,0.11243277195461862,-3.422172348426714,-0.7665215498635952,-27.81332,-12.1323185
Tamworth,E07000199,76813,38281,74761,763,393,803,93,35029,27064,10314,3399,1007,3614,4417,4216,4817,4602,3131,3799,3992,5693,2011,0.9732857719396456,0.009933214429849114,0.005116321456003541,0.010453959616210798,0.0012107325582909143,0.45602957832658536,0.3523361930923151,0.1342741463033601,0.04425032221108406,0.013109760066655384,0.09440714714871608,0.11538361066847784,0.11013296413364332,0.12583265849899428,0.12021629529009169,0.08178992189336746,0.09923983177032993,0.10428149734855412,0.1487160732478253,-2.7913941508072986,-0.031085569595665635,-9.7955885,-8.812714
Tandridge,E07000215,82998,41813,77880,2164,882,1789,283,41916,28514,9450,2403,715,6527,7870,6536,5367,4700,4050,2432,1715,2616,2011,0.9383358635147835,0.02607291741969686,0.010626762090652787,0.021554736258705028,0.0034097207161618353,0.5050242174510229,0.34355044699872284,0.11385816525699415,0.028952504879635653,0.008614665413624425,0.15609977758113505,0.1882189749599407,0.1563150216439863,0.12835720948030516,0.11240523282232798,0.09685982828306985,0.058163728983808866,0.04101595197665798,0.06256427426876808,2.1433208883800714,2.597158050834655,19.998747,11.112615
Teignbridge,E07000045,124220,58962,122163,893,117,925,122,55819,43342,18237,5268,1554,7177,9643,6666,6063,8364,6334,5000,3756,5959,2011,0.9834406697794236,0.00718885847689583,0.0009418773144421189,0.0074464659475124775,0.00098212848172597,0.4493559813234584,0.348913218483336,0.14681210755111898,0.04240862985026566,0.012510062791820964,0.12172246531664462,0.16354601268613683,0.11305586649028188,0.10282894067365422,0.14185407550625828,0.10742512126454326,0.08480037990570198,0.06370204538516333,0.10106509277161561,-1.9879071901661085,1.352251788394044,-13.709492,7.077744
Telford and Wrekin,E06000020,166641,78372,154415,6991,1779,2983,473,76439,57198,22609,8023,2372,7471,10919,8841,9051,9288,7307,6775,8431,10289,2011,0.9266327014360212,0.04195246067894456,0.010675644049183574,0.017900756716534346,0.0028384371193163746,0.4587046405146393,0.34324085909230023,0.13567489393366577,0.04814541439381665,0.014234192065578098,0.09532741285152861,0.13932271729699383,0.11280814576634512,0.11548767416934619,0.11851171336701884,0.0932348287653754,0.08644669014443934,0.10757668555096207,0.1312841320879906,-2.253131939793468,-0.4331066304819156,-9.451049,-7.7519436
Tendring,E07000076,138048,54857,134667,1275,434,1467,205,53035,49451,25052,8048,2462,5846,5985,5465,6333,7729,7403,4939,4684,6473,2011,0.9755085187760779,0.009235917941585535,0.0031438340287436254,0.01062673852573018,0.0014849907278627723,0.38417796708391283,0.35821598284654615,0.18147311080203987,0.058298562818729714,0.017834376448771443,0.10656798585412983,0.10910184661939223,0.09962265526733143,0.11544561313961756,0.1408935960770731,0.13495087226789654,0.09003408863043914,0.08538563902510163,0.11799770311901854,-5.2652478364419055,-0.05250925991894934,-26.794033,-1.3685142
Test Valley,E07000093,116398,59611,111645,2368,487,1494,404,58222,40262,13530,3457,927,7942,10859,7868,7445,6593,5098,4511,3702,5593,2011,0.9591659650509459,0.020343992164813827,0.0041839206859224385,0.012835272083712778,0.003470850014605062,0.5001975978968711,0.3458994140792797,0.11623911063763982,0.029699823021014107,0.007964054365195278,0.13323044404556206,0.1821643656372146,0.13198906242136518,0.12489305665061817,0.11060039254500008,0.08552112865075238,0.07567395279394742,0.06210263206455185,0.09382496519098824,0.8561932618165871,1.9438465410044266,13.647784,12.54108
Tewkesbury,E07000083,81943,41544,79901,901,255,776,110,39036,29183,10213,2703,808,4936,7028,5392,5959,4976,3514,3045,2840,3854,2011,0.9750802387025127,0.010995448055355551,0.0031119192609496845,0.009469997437242961,0.0013423965439390796,0.47637992262914464,0.3561378031070378,0.1246354173022711,0.032986344166066654,0.009860512795479785,0.11881378779125747,0.16917003658771423,0.129790102060466,0.14343828230310032,0.11977662237627576,0.08458501829385712,0.07329578278451762,0.06836125553629886,0.09276911226651262,-0.23357472244021038,2.002797868991832,10.332841,15.042264
Thanet,E07000114,134186,55200,128194,2504,910,2186,392,54640,47109,22377,7785,2275,5489,7794,5669,5717,7174,7447,5352,3970,6588,2011,0.9553455651111145,0.01866066504702428,0.006781631466770006,0.016290820204790366,0.0029213181703009257,0.4071959816970474,0.3510723920528222,0.16676106300210156,0.05801648458110384,0.016954078666925016,0.09943840579710145,0.14119565217391306,0.10269927536231883,0.10356884057971015,0.12996376811594204,0.13490942028985506,0.09695652173913044,0.07192028985507247,0.11934782608695652,-4.225948898139013,-0.4610546104774547,-25.73786,-0.827003
Three Rivers,E07000102,87317,43999,75294,7993,1610,2002,418,44267,29873,9772,2672,733,6612,9317,6639,5574,4319,3642,2634,2096,3166,2011,0.8623063091952312,0.09154002084359289,0.018438562937343243,0.0229279521742616,0.004787154849571103,0.5069688605884307,0.3421212364144439,0.11191406026317899,0.030601142961851645,0.00839469977209478,0.15027614263960545,0.21175481260937748,0.15088979294983976,0.1266846973794859,0.09816132184822382,0.08277460851382985,0.059864996931748446,0.04763744630559785,0.07195618082229141,2.658716933440632,1.67529467671995,20.28739,9.15034
Thurrock,E06000034,157705,77420,135429,5927,12323,3099,927,76012,54788,19389,5888,1628,7245,8731,8486,11476,9645,6392,7731,7988,9726,2011,0.8587489299641736,0.037582828699153484,0.07813956437652579,0.019650613487207126,0.0058780634729399825,0.4819885228749881,0.34740813544275706,0.1229447385942107,0.037335531530389016,0.010323071557655116,0.09358047016274865,0.11277447687935933,0.10960991991733403,0.14823043141307155,0.12458021183156807,0.08256264531128907,0.09985791785068458,0.103177473521054,0.12562645311289072,-1.3742639851856984,-0.7212713214604339,-3.2431986,-5.2610526
Tonbridge and Malling,E07000115,120805,59993,115872,2431,421,1677,404,60306,41475,14263,3728,1033,7768,10283,8380,7652,6798,5229,4530,3544,5809,2011,0.9591655974504366,0.020123339265758867,0.0034849550929183393,0.013881875750175904,0.0033442324407102356,0.4992011920036422,0.34332188237241834,0.11806630520259923,0.030859649848930092,0.008550970572410083,0.1294817728735019,0.17140333038854533,0.13968296301235145,0.12754821395829513,0.11331321987565215,0.08716016868634674,0.07550880936109212,0.059073558581834544,0.0968279632623806,0.7367940296784635,1.8557927759414479,13.24111,12.658321
Torbay,E06000027,130959,56912,127699,1353,251,1420,236,54614,45098,21355,7625,2267,6758,7004,5799,5814,8077,7282,5379,3721,7078,2011,0.9751067127879718,0.01033147779075894,0.0019166303957727229,0.010843088294809827,0.0018020907306867035,0.41703128460052385,0.3443673210699532,0.16306630319412946,0.0582243297520598,0.017310761383333716,0.11874472870396402,0.12306719145347203,0.10189415237559742,0.10215771717739668,0.14192086027551307,0.12795192578015183,0.09451433792521788,0.06538164183300534,0.12436744447568175,-4.114739355078154,0.03354455788584988,-26.064568,-0.40220955
Torfaen,W06000020,91075,40261,89231,977,169,603,95,39398,29619,14155,5965,1938,3178,5128,4293,4921,5378,4493,3781,4113,4976,2011,0.979752950864672,0.010727422454021411,0.0018556135053527313,0.006620916826791106,0.001043096349162778,0.43258852594015923,0.3252154817458139,0.15542135602525392,0.06549547076585233,0.02127916552292067,0.07893494945480738,0.1273689178112814,0.10662924418171431,0.12222746578574799,0.13357840093390627,0.11159683067981421,0.09391222274657858,0.1021584163334244,0.12359355207272546,-4.503492536362282,-0.8080757639463932,-29.95254,-10.95798
Torridge,E07000046,63839,29402,63021,271,51,429,67,27787,22242,9843,3128,839,3047,3353,2410,2614,6360,3468,2256,2343,3551,2011,0.9871865160795126,0.004245053963877881,0.0007988846943091214,0.00672003007565908,0.0010495151866413948,0.435266843152305,0.3484077131534015,0.15418474600166043,0.04899826125095944,0.013142436441673585,0.10363240595877832,0.11403986123392966,0.08196721311475409,0.08890551663152166,0.21631181552275355,0.11795115978504864,0.07672947418542957,0.07968845656758043,0.12077409700020407,-4.231565471069995,1.1288622339480268,-20.917507,14.929921
Tower Hamlets,E09000030,254096,120873,114819,104501,18629,10360,5787,128468,83209,27062,11228,4129,13279,31026,24655,11926,7246,7199,9518,4488,11536,2011,0.45187252062212707,0.4112658207921416,0.0733148101504943,0.040771991688180846,0.022774856747056232,0.5055884390151754,0.3274707197279768,0.10650305396385618,0.04418802342421762,0.016249763868774008,0.10985910832030313,0.25668263383882256,0.2039744194319658,0.09866554151878418,0.05994721732727739,0.05955837945612337,0.07874380548178667,0.03712988012211164,0.09543901450282528,4.787944708143782,-3.7620447389870963,21.436695,-17.693573
Trafford,E08000009,226578,110912,193834,17973,6540,6031,2200,115496,71694,27549,9273,2566,12978,24907,15518,14288,9595,8814,9879,5754,9179,2011,0.8554846454642552,0.07932367661467574,0.028864232184942933,0.026617765184616334,0.009709680551509855,0.5097405749896283,0.31642083520906705,0.12158726796070228,0.04092630352461404,0.011325018315988313,0.11701168493941143,0.22456542123485285,0.13991272360069243,0.12882285054818235,0.08651002596653203,0.07946840738603578,0.08907061454125793,0.05187896710905943,0.08275930467397577,1.7569453277815594,-0.031793407723160326,14.781798,0.14146067
Tunbridge Wells,E07000116,115049,57234,109239,2903,638,1893,376,59156,38656,12788,3550,899,8005,11764,8487,6302,6209,4756,4320,2393,4998,2011,0.9494997783553095,0.025232726925049326,0.005545463237403193,0.016453858790602266,0.003268172691635738,0.5141809142191588,0.33599596693582734,0.11115263931020695,0.030856417700284227,0.007814061834522682,0.13986441625607157,0.20554216025439423,0.1482859838557501,0.11010937554600413,0.10848446727469686,0.08309745955201454,0.07547961002201489,0.04181081175525037,0.08732571548380333,1.956739189639188,2.028101136444543,18.759987,12.1854725
Uttlesford,E07000077,79443,40772,76761,1122,417,977,166,41746,26483,8620,2067,527,6301,7521,6094,4590,4786,3423,2480,2238,3339,2011,0.9662399456213889,0.014123333710962577,0.005249046486159889,0.012298125700187556,0.0020895484813010586,0.5254836801228554,0.33335850861624056,0.1085054693302116,0.026018654884634267,0.00663368704605818,0.15454233297360934,0.18446482880408124,0.14946531933679977,0.11257725890316884,0.11738447954478563,0.08395467477680761,0.06082605709800844,0.054890611203767294,0.08189443735897184,2.2018321754486725,2.7668466353724446,22.082338,12.539237
Vale of Glamorgan,W06000014,126336,58978,121838,1967,489,1695,347,60656,40486,17123,6191,1880,6581,10800,8288,7174,6463,6035,5194,3208,5235,2011,0.9643965298885512,0.015569592198581561,0.003870630699088146,0.013416603343465046,0.002746643870314083,0.48011651469098277,0.32046289260385,0.13553539766970618,0.04900424265450861,0.01488095238095238,0.11158398046729288,0.18311912916680798,0.14052697616060225,0.12163857709654448,0.10958323442639628,0.10232629115941537,0.08806673674929635,0.05439316355251111,0.0887619112211333,-0.6315911192370459,0.7100694664483449,-0.0824042,0.9930092
Vale of White Horse,E07000180,120988,63181,114824,2962,1230,1574,398,62738,41117,13063,3163,907,8057,14651,8954,6904,6923,5030,3943,3362,5357,2011,0.949052798624657,0.02448176678678877,0.010166297484048004,0.013009554666578504,0.0032895824379277285,0.5185472939465071,0.33984362085496084,0.10796938539359276,0.02614308857076735,0.007496611234171984,0.12752251468004622,0.23188933381871132,0.1417198208322122,0.10927335749671578,0.10957408081543502,0.0796125417451449,0.06240800240578655,0.053212199870214145,0.08478814833573384,2.2352508555157953,2.229208018696075,23.466656,11.559212
Wakefield,E08000036,325837,151828,310957,8498,2512,2928,942,139288,110920,50595,19507,5527,13859,18471,16178,16765,18414,14824,13378,16322,23617,2011,0.954332994718218,0.026080524925039206,0.007709376160472874,0.008986088136092587,0.002891016060177328,0.4274775424522077,0.34041560657629427,0.15527702501557528,0.05986735699137913,0.01696246896454362,0.09128092314988012,0.12165740179677002,0.10655478567853097,0.11042100271359696,0.1212819769739442,0.09763679953631742,0.08811286455726217,0.10750322733619622,0.15555101825750192,-3.941231359504177,-0.8660891663479187,-24.260607,-8.508272
Walsall,E08000030,269323,112270,212469,41022,6369,7224,2239,113525,94650,41653,14968,4527,10174,14172,11072,13100,15368,11095,10480,12165,14644,2011,0.7889003167200722,0.15231524971873922,0.023648184521930914,0.026822811271224514,0.008313437768033179,0.4215198850450946,0.3514367506674142,0.1546581613898553,0.055576389688218236,0.016808813209417687,0.0906208247973635,0.12623140643092545,0.09861939966153024,0.11668299634808943,0.13688429678453728,0.09882426293756123,0.09334639707847155,0.10835485882248151,0.13043555713903981,-3.3177985889067916,-2.0842638273674483,2.1198726,-20.834326
Waltham Forest,E09000031,258249,121021,134799,54389,44791,13766,10504,121652,91954,31133,10053,3457,10590,21634,15236,14957,13762,10438,10300,7995,16109,2011,0.5219729795662326,0.21060681745137444,0.17344113626771063,0.053305143485550766,0.040673923229131576,0.47106474758856764,0.35606720645578493,0.12055419382069243,0.03892754667007423,0.013386305464880793,0.08750547425653399,0.17876236355673808,0.12589550573867345,0.12359012072284975,0.11371580138984143,0.08624949388949026,0.08510919592467422,0.06606291470075441,0.1331091298204444,1.4250257293017137,-4.4965228963647625,19.115948,-14.561054
Wandsworth,E09000032,306995,178582,219216,33338,32756,15241,6444,176198,91935,27299,8749,2814,25675,51734,39143,17899,9291,10838,9133,4317,10552,2011,0.714070261730647,0.10859460251795632,0.10669880616948159,0.049645759702926756,0.020990569878988258,0.5739442010456196,0.29946741803612437,0.08892327236599945,0.028498835485919968,0.009166273066336585,0.1437714887278673,0.2896932501595906,0.21918782408081441,0.10022846647478469,0.05202652003001422,0.06068920719893382,0.0511417724070735,0.024173768912880356,0.05908770200804112,7.640943560772439,-0.269504118154851,29.827213,-8.581795
Warrington,E06000007,202228,100856,193992,4911,694,2144,487,100734,66223,24446,8466,2359,11178,18256,13081,11716,9610,8628,9885,6872,11630,2011,0.9592736910813537,0.02428447099313646,0.0034317700812943807,0.010601894890915205,0.0024081729533002353,0.49812093280851316,0.32746701742587575,0.12088335937654529,0.041863639060862,0.011665051328203809,0.11083128420718648,0.1810105496946141,0.1296997699690648,0.11616562227334021,0.09528436582850797,0.08554771158879987,0.09801102562068692,0.06813674942492266,0.11531292139287698,-0.22110895053117371,0.5049108883127371,-0.70472443,-1.7236499
Warwick,E07000222,137648,69608,122715,9945,973,2803,1212,69660,46720,15719,4275,1274,8905,17365,9869,7464,6145,5472,4939,3168,6281,2011,0.8915131349529234,0.07224950598628385,0.007068755085435314,0.020363535975822387,0.008805067999535046,0.5060734627455539,0.33941648262234103,0.1141970824131117,0.03105747994885505,0.009255492270138324,0.1279306976209631,0.24946845190208022,0.14177968049649464,0.107229054131709,0.0882800827491093,0.07861165383289277,0.07095448798988623,0.045512010113780026,0.0902338811630847,2.3655869429873913,1.1487188048934303,20.39073,5.200975
Watford,E07000103,90301,47634,64946,16170,5229,3104,852,45200,31453,9911,2931,806,5038,9467,6925,5610,4775,4234,3991,2770,4824,2011,0.7192168414524757,0.17906778440991794,0.057906335478012425,0.03437392719903434,0.009435111460559684,0.5005481666869691,0.3483128647523283,0.10975515221315378,0.03245811231326342,0.008925704034285335,0.10576478985598523,0.19874459419742202,0.14537935088382248,0.11777301927194861,0.10024352353361045,0.08888608976781291,0.08378469160683545,0.05815174035352899,0.10127220052903388,1.92211335183122,-0.9925134541562403,14.78156,-5.1770015
Waverley,E07000216,121572,59178,116717,2283,538,1623,411,65068,39777,12768,3078,881,9368,14132,8980,6161,6134,4920,3541,1887,4055,2011,0.9600648175566743,0.018778995163359985,0.004425361102885533,0.013350113512979963,0.003380712664100286,0.535221926101405,0.32718882637449415,0.10502418320007896,0.025318329878590465,0.007246734445431514,0.15830207171584035,0.23880496130318699,0.15174558112812195,0.10410963533745649,0.10365338470377505,0.08313900435972828,0.0598364256987394,0.031886849842847,0.06852208591030451,3.322096519113019,2.88276879424156,25.359362,9.044908
Wealden,E07000065,148915,71084,145173,1719,343,1428,252,70867,52009,19408,5198,1433,9961,12168,9574,8112,10005,7137,4898,3320,5909,2011,0.9748715710304536,0.011543497968639828,0.00230332740153779,0.009589363059463452,0.0016922405399053151,0.47588892992646814,0.3492529295235537,0.13032938253366014,0.034905818755665986,0.009622939260652049,0.14012998705756569,0.1711777615215801,0.13468572393224917,0.1141185076810534,0.14074897304597378,0.10040234089246525,0.0689043948005177,0.046705306398064264,0.08312700467053064,-0.03125159349925101,2.421864019035464,-6.0415297,14.690856
Welwyn Hatfield,E07000241,110535,52981,92936,8704,4989,2797,1109,56252,37488,12427,3431,937,6009,9960,7182,6297,5224,4601,5336,2829,5543,2011,0.8407834622517755,0.07874428913918669,0.045135025105170305,0.025304202288867778,0.010033021214999775,0.5089066811417198,0.339150495318225,0.11242592843895599,0.031039942099787398,0.008476953001311802,0.11341801777995886,0.18799192163228326,0.13555803023725488,0.11885392876691644,0.09860138540231404,0.08684245295483287,0.10071535078613088,0.05339650063230215,0.10462241180800665,1.2949516379208275,-0.1480927972395673,13.48577,-4.041392
West Berkshire,E06000037,153822,81679,145854,3808,1376,2420,364,79432,53069,16456,3818,1047,10688,16533,11596,9536,9129,7166,5953,4198,6880,2011,0.9481998673791785,0.02475588667420785,0.008945404428495275,0.015732469997789652,0.0023663715203286915,0.5163890730844742,0.3450026654184707,0.10698079598496964,0.024820896880810288,0.00680656863127511,0.13085370780739236,0.20241432926456004,0.14197039630749642,0.11674971534911054,0.111766794402478,0.08773368919795786,0.07288287075013161,0.05139631973946792,0.08423217718140526,1.8280807867842097,2.187055328132093,18.465166,13.108025
West Devon,E07000047,53553,25241,52730,300,59,402,62,24556,18599,7646,2120,632,3043,4337,2640,2329,4375,2515,1629,1637,2736,2011,0.9846320467574179,0.005601927062909641,0.0011017123223722293,0.007506582264298919,0.0011577315930013257,0.4585364031893638,0.34730080481018805,0.14277444774335704,0.039586951244561464,0.011801393012529644,0.12055782259023018,0.17182362030030507,0.10459173566815895,0.09227051226179628,0.17332910740461946,0.09963947545659839,0.06453785507705717,0.06485479973059705,0.10839507151063746,-1.6834410458196472,1.8194878306479498,-16.675236,13.286267
West Lancashire,E07000127,110685,51694,108603,913,174,866,129,52675,36226,14800,5380,1604,5751,8787,5469,5824,6071,5300,3897,4268,6327,2011,0.9811898631250847,0.008248633509508966,0.0015720287301802412,0.00782400505940281,0.0011654695758232822,0.4759000767945069,0.32728915390522656,0.13371278854406649,0.04860640556534309,0.014491575190856936,0.11125082214570356,0.16998104228730607,0.10579564359500135,0.11266297829535342,0.11744109567841529,0.10252640538553798,0.075385924865555,0.08256277324254266,0.12239331450458467,-1.7157687385846623,0.5678946115212468,-11.298244,0.2654882
West Lindsey,E07000142,89250,41968,87600,728,224,630,68,39293,32075,13100,3790,992,4997,6610,4669,4436,5819,4425,3055,3523,4434,2011,0.9815126050420168,0.00815686274509804,0.0025098039215686275,0.007058823529411765,0.0007619047619047619,0.44025770308123247,0.35938375350140056,0.14677871148459384,0.04246498599439776,0.01111484593837535,0.11906690812047274,0.15750095310712925,0.11125142966069386,0.10569958063286314,0.138653259626382,0.10543747617232177,0.07279355699580634,0.08394491040792985,0.10565192527640106,-2.1571248437754393,1.4561729972128987,-15.072248,7.975212
West Northamptonshire,E06000062,375101,192068,336933,16063,11598,8823,1684,179280,134488,45306,12478,3549,22933,30345,23793,23601,21238,17106,14496,13834,24722,2011,0.8982460723911693,0.04282313296952021,0.030919672301593436,0.023521664831605355,0.004489457506111687,0.47795127179079766,0.3585381004049576,0.12078346898568652,0.033265707102886954,0.009461451715671245,0.11940042068434097,0.1579909198825416,0.12387800154112086,0.1228783555823979,0.1105754212049899,0.08906220713497304,0.0754732698835829,0.07202657392173605,0.1287148301643168,-0.07221349576593461,0.5129729374545116,7.00791,-3.1295383
West Oxfordshire,E07000181,104779,56515,101469,1424,437,1263,186,53984,35438,11685,2942,730,7384,10416,8344,6036,7307,4998,3666,3381,4983,2011,0.9684097004170683,0.013590509548669104,0.004170683056719381,0.012053942106719858,0.001775164870823352,0.5152177440135906,0.33821662737762337,0.11152043825575736,0.028078145429904847,0.006967044923123908,0.1306555781650889,0.18430505175617093,0.1476422188799434,0.10680350349464744,0.1292931080244183,0.08843669822171105,0.06486773422985048,0.059824825267628064,0.08817128196054146,1.4236436148505833,2.418338089987296,21.436365,13.979624
West Suffolk,E07000245,170756,88023,161522,3087,2198,3148,801,81282,60850,21316,5730,1578,9502,11521,12889,9105,11402,9435,6297,7506,10366,2011,0.9459228372648691,0.018078427698001828,0.012872168474314227,0.01843566258286678,0.004690903979947996,0.47601255592775654,0.356356438426761,0.12483309517674342,0.03355665393895383,0.009241256529785191,0.1079490587687309,0.130886245640344,0.14642763823091692,0.1034388739306772,0.12953432625563774,0.10718789407313997,0.07153812071844859,0.08527316724038035,0.11776467514172433,-0.7178589556922911,1.0387184306119546,0.04774982,10.947433
Westminster,E09000033,219396,111179,135330,31862,16472,11395,24337,118808,65807,22027,9263,3491,22143,29593,25137,9684,4255,6036,5303,2183,6845,2011,0.6168298419296614,0.14522598406534304,0.07507885285055334,0.05193804809568087,0.11092727305876132,0.5415230906671042,0.29994621597476706,0.10039836642418276,0.04222045980783606,0.015911867126109865,0.1991653099955927,0.26617436746148104,0.22609485604295776,0.08710278020129701,0.038271616042597975,0.054290828303906316,0.047697856609611525,0.01963500301315896,0.061567382329396736,8.310250049696275,-2.3970277389366754,30.957214,-11.850731
Westmorland and Furness,E06000064,225309,110390,221901,1712,275,1204,217,102209,78060,32210,10118,2712,12484,16582,10713,10383,18951,10809,9181,8024,13263,2011,0.9848741062274476,0.0075984536791694965,0.001220546005707717,0.005343772330443968,0.0009631217572311803,0.45363922435410925,0.34645753165652504,0.14295922488671114,0.04490721631182065,0.012036802790833922,0.11308995380016305,0.15021288160159435,0.09704683395235075,0.09405743273847268,0.171673158800616,0.09791647794184256,0.08316876528671076,0.0726877434550231,0.12014675242322674,-2.5823843947092304,1.196707167079208,-18.3187,12.146079
Wigan,E08000010,317849,149908,309193,3519,1678,2756,703,144283,103934,46797,18112,4723,13429,20108,16630,17337,19155,15395,13809,15513,18532,2011,0.9727669427935907,0.01107129486013799,0.0052792363669541195,0.008670783925700568,0.0022117420536166546,0.45393567385771233,0.3269917476537601,0.1472302885961573,0.05698303282376223,0.01485925706860805,0.08958161005416655,0.13413560316994425,0.1109347066200603,0.11565093257197748,0.1277783707340502,0.10269632040985137,0.09211649811884623,0.10348346986151506,0.12362248845958855,-3.1627656616777564,-0.23573242659588775,-27.41272,-11.13303
Wiltshire,E06000054,470981,239216,454971,6178,3228,5568,1036,234318,160362,57221,14974,4106,29672,39957,34876,26074,29613,21914,17595,15323,24192,2011,0.9660071213063797,0.01311730197184175,0.0068537796641478105,0.0118221329522847,0.0021996641053460757,0.4975105152861793,0.3404850726462426,0.12149322371815424,0.03179321458827426,0.0087179737611496,0.12403852585111363,0.16703314159587987,0.1457929235502642,0.10899772590462177,0.12379188683031235,0.09160758477693799,0.0735527723898067,0.06405507992776403,0.10113035917329945,0.463360999572371,1.803355876508375,12.344528,10.897839
Winchester,E07000094,116595,57318,111577,2639,457,1626,296,62025,38219,12354,3135,862,8238,14540,8176,5891,5488,4388,3704,2006,4887,2011,0.9569621338822419,0.02263390368369141,0.003919550581071229,0.01394570950726875,0.0025387023457266607,0.5319696384922167,0.3277927869977272,0.10595651614563231,0.026887945452206356,0.007393112912217505,0.143724484455145,0.25367249380648316,0.14264279981855613,0.10277748700233784,0.09574653686451028,0.0765553578282564,0.06462193377298579,0.03499773195156844,0.08526117450015702,3.0523160373255442,2.371103325164232,24.792871,9.345936
Windsor and Maidenhead,E06000040,144560,73951,124505,13848,1725,3315,1167,78802,46571,14234,3872,1081,12111,16413,13022,7920,6356,5583,4367,2874,5305,2011,0.8612686773657997,0.09579413392363033,0.011932761483121196,0.022931654676258992,0.008072772551189817,0.5451162147205313,0.32215688987271723,0.09846430547869396,0.026784726065301606,0.007477863862755949,0.16377060485997486,0.2219442603886357,0.17608957282524915,0.1070979432326811,0.08594880393774255,0.07549593649849225,0.05905261592135333,0.03886357182458655,0.07173669051128449,4.384670675990237,1.8455684496611677,32.064537,0.7851681
Wirral,E08000015,319783,139929,310156,5116,695,3286,530,148028,102085,45687,18448,5535,13034,24738,16816,18013,15208,15277,11971,10685,14187,2011,0.9698952101894097,0.015998348880334478,0.002173348802156462,0.0102757182214189,0.0016573739066804676,0.462901405015276,0.3192321042707086,0.14286875787643497,0.05768912043479484,0.01730861240278564,0.09314723895689957,0.17678965761207469,0.12017523172466037,0.12872956999621238,0.10868368958543262,0.1091767968040935,0.08555052919694989,0.07636015407813963,0.10138713204553738,-2.1305616532979026,0.015946316574543252,-25.771122,-18.032808
Woking,E07000217,99198,51341,82926,11462,1383,2335,1092,51360,34291,10184,2602,761,6879,11765,7692,6010,4594,4342,3760,2456,3843,2011,0.83596443476683,0.11554668440895986,0.013941813343010949,0.023538781023810965,0.011008286457388253,0.5177523740397992,0.3456823726284804,0.10266336014839009,0.02623036754773282,0.0076715256355974915,0.1339864825383222,0.22915408737656065,0.14982177986404627,0.11706043902534037,0.08948014257610876,0.0845717847334489,0.07323581543016303,0.047837011355446914,0.0748524571005629,2.9679016381624117,1.0841974323974002,20.623234,7.213711
Wokingham,E06000041,154380,81377,136525,11438,2093,3182,1142,83759,51808,14566,3310,937,11531,20883,13298,9495,6765,6132,5431,2864,4978,2011,0.8843438269205856,0.07408990801917346,0.013557455628967484,0.020611478170747505,0.007397331260525975,0.5425508485555124,0.3355875113356652,0.09435159994817982,0.021440601114133956,0.006069439046508615,0.14169851432222863,0.25662042100347765,0.16341226636518918,0.11667915995920224,0.08313159738009511,0.0753529867161483,0.06673875910883911,0.03519421949690944,0.06117207564791034,4.312708232406282,2.121505771833961,23.493528,8.062757
Wolverhampton,E08000031,249470,104284,169682,44960,17309,12784,4735,104263,88168,39096,13796,4147,8560,14253,10304,11795,12332,10704,9577,11410,15349,2011,0.6801699603158696,0.18022207079007496,0.06938309215536938,0.051244638633903876,0.018980238104782138,0.4179380286206758,0.35342125305647976,0.15671623842546198,0.05530123862588688,0.01662324127149557,0.08208354109930574,0.13667484944958,0.09880710367841664,0.11310459897970926,0.11825399869586897,0.1026427831690384,0.09183575620421158,0.10941275746998581,0.14718461125388363,-2.5370527321195864,-3.937501218968079,4.2474575,-20.35262
Worcester,E07000237,98768,50101,92294,4366,473,1395,240,46851,34497,12625,3780,1015,4878,9078,6085,5463,5195,4591,4859,3968,5984,2011,0.9344524542361898,0.04420460068038231,0.004789000485987364,0.01412400777579783,0.0024299368216426373,0.4743540417949133,0.34927304390085856,0.12782480155515957,0.03827150494087154,0.010276607808196987,0.09736332608131575,0.18119398814394921,0.12145466158360113,0.10903973972575398,0.10369054509890022,0.09163489750703578,0.09698409213388955,0.07920001596774516,0.11943873375780922,-0.8990348895957615,0.2782304116027994,-0.3718344,-4.548845
Worthing,E07000229,104640,50611,98136,3372,869,1836,427,46272,37777,15082,4355,1154,5437,8604,6735,6159,5668,5968,4665,2785,4590,2011,0.9378440366972477,0.03222477064220183,0.008304663608562692,0.01754587155963303,0.00408065749235474,0.44220183486238535,0.36101873088685016,0.1441322629969419,0.04161888379204893,0.0110282874617737,0.10742723913773686,0.17000256861156665,0.13307383770326608,0.12169291260793108,0.1119914643061785,0.11791902945999881,0.0921736381419059,0.05502756317796526,0.09069174685345083,-1.4215900834352322,0.8030539339340653,-9.933486,6.457577
Wrexham,W06000006,134844,63614,130647,2321,625,1010,241,63642,43813,19009,6531,1849,5339,9079,6279,6674,8472,6711,5408,7723,7929,2011,0.9688751446115511,0.017212482572454096,0.004634985613004657,0.007490136750615526,0.001787250452374596,0.4719676070125478,0.32491619946011685,0.14097030642816885,0.04843374566165347,0.013712141437512978,0.08392806614896092,0.14272015594051624,0.09870468764737322,0.10491401263872732,0.133178231206967,0.105495645612601,0.0850127330461848,0.12140409343855126,0.12464237432011821,-2.920422732832159,-0.14366011121869798,-15.143636,-8.493071
Wychavon,E07000238,116944,58268,114457,1129,228,962,168,54212,41641,15608,4339,1144,8077,9410,6963,6446,7526,5088,4289,4402,6067,2011,0.9787334108633192,0.009654193460117663,0.0019496511150636203,0.00822615952934738,0.0014365850321521412,0.463572308113285,0.3560764126419483,0.1334655903680394,0.03710322889588179,0.009782459980845534,0.1386181094254136,0.16149516029381478,0.11949955378595456,0.11062675911306377,0.12916180407770989,0.08732065627788838,0.07360815541978444,0.0755474703096039,0.10412233129676667,-0.7851743667008055,1.8800003260452398,-4.1497087,9.762132
Wyre,E07000128,107749,48558,105852,993,130,664,110,46601,36224,17189,5944,1791,5209,7397,5120,6816,6703,5137,3917,3456,4803,2011,0.9823942681602613,0.00921586279223009,0.0012065077170089747,0.006162470185338147,0.00102089114516144,0.43249589323334786,0.3361887349302546,0.15952816267436357,0.05516524515308727,0.016621964008946718,0.10727377569092632,0.1523332921454755,0.10544091601795791,0.14036821944890646,0.13804110548210388,0.10579101280942378,0.08066641953951975,0.07117261831212159,0.09891264055356482,-3.1171269861634534,0.7756378719075757,-15.988218,1.2123156
Wyre Forest,E07000239,97975,46339,95273,1390,214,998,100,42730,34481,14881,4548,1335,5320,6262,5154,4837,6486,4825,3893,4244,5318,2011,0.9724215361061496,0.014187292676703241,0.002184230671089564,0.010186272008165348,0.0010206685378923194,0.4361316662413881,0.3519367185506507,0.15188568512375605,0.04642000510334269,0.013625924980862465,0.11480610285073048,0.13513455188933726,0.11122380716027536,0.10438291719717732,0.1399684930619996,0.10412395606292756,0.08401130796952891,0.09158592114633463,0.11476294266168886,-2.8498670094848824,0.7093951490384405,-14.379251,-1.1622821
York,E06000014,198051,98721,186731,6740,1194,2413,973,98402,67709,23752,6369,1819,10375,19864,11950,10260,9902,8993,10228,5587,11562,2011,0.9428430050845489,0.03403163831538341,0.006028750170410652,0.012183730453267087,0.00491287597638992,0.49685182099560216,0.341876587343664,0.11992870523249062,0.03215838344668798,0.009184502981555256,0.1050941542326354,0.20121352093272962,0.12104820656192705,0.10392925517367126,0.10030287375533067,0.09109510641099665,0.10360510934856819,0.05659383515158882,0.11711793843255235,0.03384014758700294,0.583019867754753,0.11543966,-3.1541967
Adur,E07000223,64543,29825,60294,1395,530,1627,697,29272,22573,9108,2800,791,3733,5345,4216,2823,3820,3115,2411,1807,2555,2021,0.9341679190617108,0.021613497978092124,0.008211579876981238,0.02520800086763863,0.010799002215577213,0.4535271059603675,0.3497358350247122,0.14111522550857566,0.04338193142556125,0.012255395627721054,0.12516345347862531,0.17921207041072926,0.14135792120704108,0.09465213746856664,0.1280804694048617,0.10444258172673931,0.0808382229673093,0.06058675607711651,0.08566638725901089,-0.49790390870543694,0.8358396194077506,2.8973486,3.0511813
Amber Valley,E07000032,126204,60171,122767,1208,381,1548,300,56072,44733,18298,5613,1492,7635,10404,7440,5461,7697,5428,4428,5454,6224,2021,0.9727663148553136,0.009571804380209818,0.0030189217457449844,0.012265855281924504,0.0023771037368070743,0.44429653576748757,0.35444993819530285,0.14498748058698616,0.04447561091566036,0.011822129251053849,0.12688836815077031,0.17290721443884927,0.12364760432766615,0.09075800634857323,0.12791876485350084,0.09020956939389407,0.0735902677369497,0.09064167123697463,0.1034385335128218,-1.3873029450458711,1.2089785996974338,-11.247611,9.527555
Arun,E07000224,164887,73191,158002,2630,857,2484,914,71215,60303,24419,7110,1842,9715,10532,8549,6840,9244,8594,5833,5525,8359,2021,0.958244130828992,0.01595031749015993,0.005197498893181391,0.015064862602873484,0.005543190184793222,0.43190184793222025,0.36572319224681143,0.14809536227840886,0.04312044005894946,0.011171287002613911,0.13273489909961608,0.14389747373310927,0.11680397863125247,0.09345411321064065,0.12629968165484828,0.11741880832342774,0.079695590987963,0.0754874233170745,0.11420803104206802,-2.118852688154484,0.9353423123819211,-16.187374,5.2272778
Ashfield,E07000170,126299,58430,120147,1968,1575,2059,550,53556,43876,19912,6947,2009,5645,8128,6422,5599,7766,6339,5161,5640,7730,2021,0.951290192321396,0.015582071116952628,0.012470407525000197,0.016302583551730417,0.004354745484920704,0.4240413621643877,0.34739784162978327,0.15765762199225647,0.05500439433408024,0.015906697598555807,0.09661132979633749,0.13910662330994353,0.1099092931713161,0.0958240629813452,0.1329111757658737,0.10848879000513435,0.08832791374294027,0.09652575731644703,0.13229505391066232,-3.493712654835034,-0.49296914148651894,-23.029095,-6.5965533
Ashford,E07000105,132747,63616,116896,7668,3424,2877,1882,64334,45779,16551,4748,1335,9171,11751,8251,5811,7322,5812,4895,4350,6253,2021,0.8805924051014336,0.05776401726592691,0.025793426593444673,0.021672806165111077,0.014177344874083784,0.48463618763512545,0.34485901752958636,0.12468078374652534,0.035767286643012645,0.010056724445750186,0.14416184607645877,0.18471768108651912,0.1297000754527163,0.09134494466800805,0.1150968309859155,0.09136066398390343,0.07694605130784708,0.06837902414486921,0.09829288229376258,0.7792135235748062,0.6207746684633729,11.406223,4.053704
Babergh,E07000200,92342,42957,89269,875,503,1351,344,42772,33135,12352,3225,854,6371,7361,5784,4144,5688,3946,3085,2671,3907,2021,0.9667215351627645,0.009475644885317623,0.005447142145502589,0.014630395702930411,0.0037252821034848716,0.4631911806112062,0.35882913517142795,0.13376361785536375,0.03492451972017067,0.00924822940807,0.1483111017994739,0.17135740391554344,0.1346462741811579,0.09646856158484066,0.13241148124869054,0.09185930116162674,0.07181600204856019,0.062178457527294735,0.09095141653281189,-0.04494849804871151,2.0836465981904415,-3.2893233,14.986763
Barking and Dagenham,E09000002,218871,94589,98275,56583,46807,9320,7886,111929,71978,24295,8169,2498,7786,15185,9279,8798,10957,10934,7686,8964,15000,2021,0.44900877685942864,0.2585221431802294,0.21385656391207605,0.042582160267920374,0.036030355780345504,0.5113925554321952,0.3288603789446752,0.1110014574795199,0.03732335485285853,0.011413115488118571,0.08231401114294475,0.16053663745255792,0.09809808751546163,0.09301292962183763,0.11583799384706467,0.11559483660890801,0.08125680575965492,0.09476789055809873,0.15858080749347175,1.0782370765243459,-5.671980544461834,12.037327,-18.59442
Barnet,E09000003,389344,186175,224762,74972,30651,20889,38070,213576,120802,39317,11724,3925,31481,50534,25626,16520,14478,14342,10663,8394,14137,2021,0.577283841538588,0.19255979288238678,0.0787247267198159,0.05365178351278047,0.09777985534642887,0.5485534642886496,0.3102706090244103,0.10098267855675187,0.030112188707158708,0.010081059423029505,0.16909359473613536,0.2714327917282127,0.13764468913656505,0.08873371827581576,0.07776554317174701,0.07703504767020276,0.057274070095340406,0.04508661205854707,0.07593393312743386,6.403663526118732,-2.7763060144428975,25.585466,-9.514351
Barnsley,E08000016,244572,111680,236934,2297,1715,2293,1333,106010,82192,38001,14252,4117,11251,15595,12169,9891,14042,11382,10172,11579,15599,2021,0.9687699327805309,0.00939191730860442,0.007012249971378571,0.00937556220663036,0.005450337732855764,0.43345109006754656,0.33606463536300146,0.1553775575290712,0.05827322833357866,0.016833488706802086,0.10074319484240687,0.1396400429799427,0.10896310888252149,0.08856554441260744,0.12573424068767908,0.10191618911174785,0.09108166189111748,0.10368015759312321,0.13967585959885387,-3.512911805148238,-0.6019920537515024,-23.355083,-7.850562
Basildon,E07000066,187567,89011,164116,7995,8913,4938,1605,90914,64185,23022,7229,2221,10880,15369,11530,10680,9967,7924,6581,6499,9581,2021,0.8749726764302889,0.04262476874930025,0.047519019870233034,0.02632659263089989,0.008556942319277911,0.4847014666759078,0.3421977213475718,0.122740140856334,0.038540894720286614,0.01184110211284501,0.1222320836750514,0.17266405275752436,0.12953455190931457,0.11998517037220119,0.11197492444754019,0.0890227050589253,0.07393468223028614,0.07301344777611755,0.10763838177303929,0.368493708223293,0.1353817812551242,7.8399816,-4.7116656
Basingstoke and Deane,E07000084,185154,96973,163840,10967,3611,4717,2019,92794,64764,20776,5419,1404,13857,21125,14431,9512,9272,8282,6553,5349,8592,2021,0.8848850146364647,0.05923177463084783,0.01950268425202804,0.025476090173585233,0.010904436307074111,0.5011719973643561,0.34978450371042485,0.11220929604545406,0.029267528651824967,0.007582876956479471,0.14289544512390046,0.21784414218390685,0.14881461850205727,0.09808915883802707,0.09561424313984306,0.08540521588483392,0.06757551070916647,0.055159683623276584,0.0886019819949883,2.380381099053151,1.293385486111576,18.131563,5.3669815
Bassetlaw,E07000171,117803,54919,113620,1455,736,1405,587,51679,40938,17862,5618,1707,6836,7967,5934,4581,6525,5745,4164,6039,7128,2021,0.9644915664286987,0.012351128579068445,0.006247718648930842,0.011926691170853035,0.004982895172448919,0.438690016383284,0.34751237235044946,0.15162601971087325,0.04768978718708352,0.014490293116474113,0.12447422567781642,0.1450681913363317,0.1080500373277008,0.08341375480252736,0.11881134033758808,0.10460860540068101,0.07582075420164242,0.1099619439538229,0.12979114696188931,-2.5960638726025147,0.1708932039366786,-16.360176,-3.2859528
Bath and North East Somerset,E06000022,193409,89812,178308,6389,1846,5256,1610,100186,63514,21853,6121,1735,13076,22044,12201,7921,8841,7631,5875,4102,8121,2021,0.9219219374486193,0.0330336230475314,0.009544540326458437,0.02717557094033887,0.00832432823705205,0.5180007135138489,0.3283921637565987,0.11298853724490587,0.03164795847142584,0.008970627013220689,0.14559301652340445,0.2454460428450541,0.13585044314790898,0.08819534137977107,0.09843896138600633,0.08496637420389258,0.06541442123546964,0.04567318398432281,0.09042221529417005,2.592317231821353,1.4061698777849756,25.7683,4.8057528
Bedford,E06000055,185224,90865,140174,23263,9848,8586,3353,90419,64772,21942,6357,1735,11797,18284,12254,8152,8798,8128,6498,6134,10820,2021,0.756780978706863,0.12559387552369022,0.05316805597546754,0.0463546840582214,0.018102405735757787,0.4881602816049756,0.34969550382239883,0.11846197037101024,0.034320606400898374,0.009367036669114153,0.1298299675342541,0.20122159247234908,0.13485940681230396,0.08971551202333132,0.09682496010565124,0.08945138392120178,0.07151268365157101,0.0675067407692731,0.11907775271006438,1.8969658674017011,-1.0795225353685924,15.729142,-7.683248
Bexley,E09000004,246475,117983,177164,24434,30075,8740,6062,125181,82371,28260,8128,2533,14498,23417,16138,15535,12291,10333,8186,7430,10155,2021,0.7187909524292525,0.09913378638807181,0.1220204888933969,0.035459985799776855,0.024594786489501978,0.5078851810528451,0.3341961659397505,0.114656658890354,0.03297697535246982,0.010276904351354093,0.1228821101345109,0.19847774679402966,0.1367824178059551,0.13167151199749116,0.1041760253595857,0.08758041412745904,0.06938287719417204,0.0629751743895307,0.08607172219726571,2.4796656426757018,-1.0892985871138894,18.310144,-5.129809
Birmingham,E08000025,1144922,442417,556608,355384,125760,55205,51965,544500,380993,150801,51755,16870,40972,93314,50205,41168,36872,45362,36475,38618,59431,2021,0.48615364190748367,0.31040018446671475,0.10984154379075606,0.04821725846826247,0.045387371366783065,0.4755782489986217,0.3327676470536858,0.13171290271302324,0.045203952758353844,0.014734628210480714,0.09260946120967323,0.21091865818899364,0.11347891242877195,0.09305248216049564,0.08334218621797987,0.10253222638370588,0.08244484276146712,0.08728868917785709,0.13433254147105558,1.2387074848659687,-5.318396021138994,10.347492,-17.356262
Blaby,E07000129,102924,51446,88753,8497,1594,2765,1315,50473,35496,12636,3328,993,6656,9936,7193,5417,6194,4448,3623,3398,4581,2021,0.8623158835645719,0.08255606078271346,0.015487155571101006,0.026864482530799424,0.012776417550814193,0.4903909680929618,0.34487583071003847,0.12277019937040923,0.03233453810578679,0.009647895534569196,0.1293783773276834,0.19313454884733508,0.1398165066283093,0.10529487229327839,0.12039808731485441,0.08645958869494227,0.07042335652917622,0.06604983866578548,0.08904482369863546,1.2782173209211327,0.7614566749466928,12.837117,4.6034083
Blackburn with Darwen,E06000008,154741,63556,93392,55178,1406,2596,2169,73950,50010,20507,7826,2445,5966,10409,6781,6291,6744,7201,6277,6470,7417,2021,0.6035375239917022,0.35658293535649893,0.009086150406162556,0.01677641995334139,0.014016970292294867,0.477895321860399,0.3231851933230366,0.1325246702554591,0.05057483149262316,0.015800595834329623,0.09386997293725219,0.1637768267354774,0.10669330983699414,0.09898357354144377,0.10611114607590157,0.11330165523318018,0.0987632953615709,0.10179998741267543,0.11670023286550443,-1.1503490823418359,-3.424962631313973,2.2895057,-18.29396
Blackpool,E06000009,141039,59362,133550,3676,711,2210,892,56933,47255,23963,9777,3108,6200,7502,6001,6631,6480,8632,5743,4715,7458,2021,0.9469012117215806,0.026063712873744142,0.005041158828409164,0.015669424769035514,0.006324491807230624,0.40366848885769185,0.33504917079672997,0.16990336006352852,0.06932125156871503,0.022036458000978452,0.10444392035308783,0.1263771436272363,0.10109160742562583,0.11170445739698798,0.10916074256258212,0.14541289040126681,0.09674539267544895,0.07942791684916277,0.12563592870860146,-4.889544426897311,-1.3862591883955229,-29.596281,-4.05085
Blaenau Gwent,W06000019,66903,28800,65456,621,115,569,142,27465,21865,11210,4785,1579,2217,3483,2803,2295,3390,4324,2437,3952,3899,2021,0.9783716724212667,0.009282094973319582,0.0017189064765406633,0.008504850305666412,0.0021224758232067324,0.41051970763642887,0.3268164357353183,0.16755601393061598,0.07152145643693109,0.023601333273545282,0.07697916666666667,0.1209375,0.09732638888888889,0.0796875,0.11770833333333333,0.15013888888888888,0.08461805555555556,0.13722222222222222,0.13538194444444446,-5.9022328362191585,-1.7748829537713144,-34.81428,-8.3315
Bolsover,E07000033,80270,38103,78143,722,419,744,242,33546,27509,12940,4844,1434,3841,5001,3924,3409,4661,4388,3206,3863,5810,2021,0.9735019309829326,0.008994643079606329,0.005219882895228603,0.00926871807649184,0.003014824965740625,0.41791453843278936,0.3427058676965242,0.16120592998629624,0.06034633113242806,0.017864706615173788,0.10080571083641708,0.13124950791276277,0.10298401700653492,0.08946802089074352,0.12232632601107524,0.1151615358370732,0.08414035640238302,0.10138309319476156,0.1524814319082487,-4.2227088603327285,-0.7079804467789772,-23.945938,-6.9435744
Bolton,E08000001,295960,125438,212941,59596,11238,6643,5542,142076,96785,38905,13968,4229,13286,21197,15019,12357,12663,12393,12227,11486,14810,2021,0.7194924989863495,0.20136504933099067,0.03797134747938911,0.022445600756859033,0.018725503446411676,0.480051358291661,0.3270205433166644,0.1314535748074064,0.04719556696850926,0.014289093120691985,0.10591686729699135,0.1689838804827883,0.11973245746902852,0.09851081809340072,0.10095027025303337,0.09879781246512222,0.09747444952885091,0.09156714871091695,0.11806629569986767,-0.4348685204250625,-2.4052422654957057,3.4884832,-15.837154
Boston,E07000136,70505,33631,66733,1443,467,1015,847,29747,26118,10548,3193,896,2843,3598,2475,2550,3702,3403,2631,6272,6157,2021,0.9465002482093469,0.020466633572087087,0.006623643713211829,0.014396142117580314,0.012013332387773917,0.4219133394794695,0.3704418126374016,0.1496064108928445,0.04528756825757038,0.012708318558967448,0.08453510154321905,0.10698462727840385,0.07359281615176475,0.075822901489697,0.11007701228033659,0.10118640539977997,0.07823139365466385,0.1864946031934822,0.18307513900865274,-4.602188119181748,-1.464776716814421,-18.298592,-8.186713
"Bournemouth, Christchurch and Poole",E06000058,400195,186030,365510,13551,4233,11093,5808,190242,136523,52466,16230,4735,24266,36384,24034,16486,20154,19901,16046,11031,17728,2021,0.9133297517460238,0.03386099276602656,0.010577343545021801,0.027718986993840504,0.014512924949087319,0.47537325553792525,0.3411411936680868,0.13110108821949298,0.04055522932570372,0.011831732030635065,0.13044132666774177,0.19558135784550879,0.1291942159866688,0.08862011503520938,0.10833736494113852,0.10697736924152018,0.08625490512282966,0.05929688759877439,0.0952964575606085,0.14465657755410313,0.3064683491020401,6.617683,2.0604708
Bracknell Forest,E06000036,124605,66398,107269,8879,2993,3843,1621,65829,42515,12273,3147,846,10132,13742,10767,6650,6604,5981,4304,2967,5251,2021,0.8608723566470046,0.07125717266562337,0.02401990289314233,0.030841459010473096,0.01300910878375667,0.5283014325267846,0.3411981862686088,0.09849524497411821,0.025255808354399903,0.0067894546767786204,0.15259495767944817,0.20696406518268623,0.16215849874996235,0.1001536190849122,0.09946082713334739,0.09007801439802404,0.06482122955510708,0.04468508087593,0.07908370734058255,3.4727699326337396,1.4352910404933306,24.13837,3.589614
Bradford,E08000032,546412,221137,334004,175664,10978,15006,10760,252136,188664,73124,24904,7580,22188,37854,25366,21385,23080,23590,20131,20912,26631,2021,0.6112676881181234,0.32148635095861733,0.0200910668140524,0.027462793642892176,0.019692100466314796,0.46143935345490217,0.34527792215397907,0.13382575785304862,0.045577329926868373,0.013872316127757077,0.10033599081112614,0.17117895241411432,0.11470717247679041,0.09670475768415054,0.10436968937807785,0.10667595201164888,0.09103406485572292,0.09456581214360328,0.12042760822476564,-0.5740154814417368,-3.108393338820801,2.4672494,-17.149662
Braintree,E07000067,155265,76282,146981,2566,1889,3014,815,73375,55346,19655,5431,1461,10693,12192,10303,7892,9669,7290,5565,5335,7343,2021,0.9466460567416997,0.016526583582906644,0.012166296332077416,0.019411973078285513,0.005249090265030754,0.4725791388915725,0.3564615335072296,0.12659002350819568,0.034978907029916594,0.009409718867742247,0.1401772370939409,0.15982800660706326,0.1350646286148764,0.10345822081224929,0.12675336252326894,0.09556645080097532,0.07295299022049763,0.0699378621431006,0.0962612411840277,0.004953386523321197,1.5794297688848788,-2.2527652,13.456824
Breckland,E07000143,141477,65638,136457,1340,820,2051,809,60208,52416,21131,6109,1613,8022,8545,7596,5767,8759,7031,4997,6821,8100,2021,0.9645172006757282,0.009471504202096455,0.0057959951087455915,0.01449705605858196,0.005718243954847785,0.425567406716286,0.370491316609767,0.1493599666376867,0.04318016356015465,0.011401146476105658,0.12221578963405344,0.1301837350315366,0.11572564672902892,0.0878606904537006,0.13344404156129072,0.1071178280873884,0.07612968097748256,0.10391846186660167,0.12340412565891709,-2.6304453340818346,0.7314535873890868,-18.271154,-1.2454865
Brent,E09000005,339821,160997,117701,111515,59495,17249,33861,176793,111300,36871,11158,3692,18700,31402,19463,13311,15838,13901,13423,12932,22027,2021,0.34636176104478533,0.32815805968436323,0.17507746725481946,0.05075907610183008,0.09964363591420189,0.5202533098307638,0.3275253736525995,0.10850124035889483,0.032834933685675693,0.01086454339196224,0.11615123263166395,0.19504711267911826,0.12089045137487034,0.0826785592278117,0.09837450387274298,0.08634322378677864,0.08337422436442915,0.08032447809586514,0.13681621396671986,3.976100259224726,-6.55935184426652,17.22257,-19.48965
Brentwood,E07000068,77048,37901,68194,3913,1747,2368,826,41588,24413,8141,2214,691,7010,8922,6046,4613,3263,2536,1878,1496,2137,2021,0.8850846225729415,0.05078652268715606,0.0226741771363306,0.030734087841345653,0.010720589762226144,0.539767417713633,0.316854428408265,0.10566140587685599,0.028735333817879762,0.008968435261135915,0.18495554207013007,0.23540275982164058,0.1595208569694731,0.12171182818395293,0.08609271523178808,0.06691116329384449,0.049550143795678216,0.0394712540566212,0.056383736576871325,4.621613205034899,2.174583836664284,32.95996,2.1713395
Bridgend,W06000013,145490,63984,140799,2152,429,1684,426,66751,46142,21589,8254,2752,6715,11567,7955,5803,7264,7322,5449,5182,6727,2021,0.96775723417417,0.014791394597566843,0.0029486562650353977,0.011574678672073683,0.002928036291154031,0.4588012921850299,0.3171489449446697,0.14838820537493985,0.056732421472266134,0.018915389373840127,0.104948112028007,0.18077956989247312,0.12432795698924731,0.09069454863715928,0.11352838209552388,0.11443485871467866,0.08516191547886971,0.08098899724931233,0.10513565891472869,-2.1575828988354915,-0.20769373149384757,-24.920424,-15.12399
Brighton and Hove,E06000043,277103,139292,236571,13217,5458,13228,8629,139078,91878,32118,10757,3272,19701,36478,23620,10344,10753,12075,10144,5135,11042,2021,0.8537294796519705,0.047697065712027656,0.019696647095123473,0.0477367621425968,0.031140045398281507,0.5019000155176956,0.33156624071193747,0.11590635972905382,0.03881950033020213,0.011807883711111031,0.14143669413893117,0.26188151509060104,0.16957183470694656,0.07426126410705568,0.07719754185452143,0.08668839560060879,0.07282543146770812,0.036865003015248546,0.07927232001837865,3.541009289852874,-0.10487249576073393,18.822626,-0.71211076
"Bristol, City of",E06000023,472467,238513,383142,31269,27890,21116,9050,240060,154643,54311,18032,5419,24219,64929,35165,20448,19912,19568,16410,13017,24845,2021,0.8109391767044047,0.06618240004063776,0.05903057779696783,0.04469306851060497,0.019154776947384686,0.5080989783413444,0.3273096322071171,0.11495194373363642,0.03816562849892162,0.011469584119102498,0.10154163504714628,0.2722241554967654,0.14743431175659188,0.08573117607845275,0.0834839191155199,0.08204164972139884,0.06880128127188036,0.05457564157928499,0.10416622993295963,2.8573259253046346,-0.9896051523536608,13.890405,-8.09334
Broadland,E07000144,131723,62589,126869,1831,684,1842,497,59373,47997,18304,4810,1237,8232,11298,8134,6743,8066,6117,5035,3832,5132,2021,0.9631499434419197,0.01390038186193755,0.00519271501560092,0.013983890436749847,0.003773069243791897,0.4507413283936746,0.36437827866052247,0.13895826848765971,0.036516022258831035,0.009390918822073593,0.13152470881464795,0.18051095240377701,0.1299589384716164,0.10773458594960776,0.12887248558053332,0.09773282845228395,0.08044544568534406,0.06122481586221221,0.08199523877997732,-0.5979491681021726,1.8544213320362055,-7.001812,10.527525
Bromley,E09000006,329991,162122,252295,27307,25149,17740,7500,176211,106977,34265,9694,2844,27845,43321,25707,17733,12787,11212,8498,5867,9152,2021,0.7645511544254238,0.08275074168689449,0.07621116939552897,0.0537590419132643,0.022727892578888517,0.5339872905624699,0.3241815685882342,0.10383616522874867,0.0293765587546327,0.008618416865914524,0.1717533709181974,0.26721234625775653,0.15856577145606396,0.10938058992610503,0.07887270080556617,0.06915779474716571,0.052417315355102946,0.03618879609183208,0.05645131444221019,5.579912870632511,0.3915179093676553,28.863943,-3.6930869
Bromsgrove,E07000234,99183,47287,92309,3159,766,2414,535,50253,32850,11705,3329,1046,8088,11774,6463,4697,4735,3672,2569,2120,3169,2021,0.9306937680852565,0.03185021626690058,0.00772309770827662,0.02433884839135739,0.005394069548208867,0.5066694897311032,0.3312059526330117,0.11801417581642015,0.03356421967474265,0.010546162144722381,0.1710406665679785,0.2489902087254425,0.13667604204115297,0.09932962547846132,0.10013322900585785,0.07765347770000211,0.054327827944255294,0.0448326178442278,0.06701630469262165,2.811607956918606,2.168322978460398,30.087955,5.4938264
Broxbourne,E07000095,99007,48306,80301,3657,6588,3930,4531,49630,33422,11621,3354,980,6696,7767,6405,5835,5806,4033,3455,3637,4672,2021,0.8110638641712202,0.03693678224771986,0.06654074964396457,0.03969416303897704,0.04576444089811831,0.5012776874362419,0.33757209086226225,0.11737553910329572,0.03387639257830254,0.009898290019897582,0.13861632095391876,0.1607874798161719,0.1325922245683766,0.12079244814308782,0.12019210864074856,0.08348859354945555,0.07152320622696974,0.07529085413820229,0.09671676396306877,1.8218395671051688,-0.5836275669265686,18.579494,-3.817803
Broxtowe,E07000172,110940,51916,98636,6152,1867,2819,1466,51331,38407,15476,4462,1264,5830,12754,6868,4992,5181,3961,3873,3320,5137,2021,0.8890932035334415,0.05545339823327925,0.016828916531458446,0.02541013160266811,0.013214350099152694,0.46269154497926807,0.34619614205877053,0.13949882819542095,0.04021993870560663,0.011393546060933839,0.11229678711765159,0.2456660759688728,0.1322906233145851,0.0961553278372756,0.09979582402342245,0.0762963248324216,0.0746012789891363,0.06394945681485477,0.0989483011017798,0.7724631671206891,0.2602016110472087,7.0288258,3.8119276
Buckinghamshire,E06000060,553078,273236,442164,68318,14269,19570,8757,293915,183564,57178,14525,3897,50441,61466,40954,25760,25403,21485,16538,12757,18432,2021,0.7994604739295361,0.12352326434969389,0.02579925435472031,0.03538379758370429,0.015833209782345346,0.5314169068377336,0.3318953203707253,0.10338143986924087,0.02626211854385819,0.00704602244168092,0.18460598164224334,0.22495571593787056,0.14988508102885417,0.09427747441771948,0.0929709115929087,0.07863165907859872,0.06052643136336354,0.046688576907874514,0.06745816803056698,4.335374891569621,1.181019543681571,28.717297,-0.8565
Burnley,E07000117,94651,40038,78112,13930,326,1505,778,42648,31570,13808,5073,1546,3652,5577,4284,3490,4778,4775,3536,4088,5858,2021,0.8252633358337471,0.14717224329378453,0.0034442319679665297,0.015900518747820943,0.00821967015668086,0.45058161033692196,0.3335411141984765,0.1458832975879811,0.05359689807820308,0.016333689026000783,0.09121334732004596,0.13929267196163644,0.10699835156601228,0.08716719116839003,0.11933663020130876,0.1192617013836855,0.08831609970527998,0.10210300214795943,0.1463110045456816,-2.875841776073756,-1.8979050626344298,-19.97445,-14.000542
Bury,E08000002,193851,88485,160716,20593,3690,5123,3729,93456,63919,25700,8416,2359,11113,18354,12059,9075,8038,8482,7351,6042,7971,2021,0.8290697494467401,0.10623107438187061,0.019035238404754167,0.02642751391532672,0.019236423851308478,0.48210223315845674,0.3297326297001305,0.13257605067809813,0.04341478764618186,0.012169140215939046,0.12559190823303384,0.20742498728598066,0.13628298581680512,0.10255975589082895,0.09084025541052156,0.095858055037577,0.0830762276091993,0.06828275978979488,0.09008306492625869,0.8645641208429494,-0.519153967639774,5.982151,0.29288554
Caerphilly,W06000018,175955,77439,171955,1584,283,1754,379,76930,56471,27645,11275,3631,7248,11986,9388,7980,9026,8644,6628,7859,8680,2021,0.9772669148361797,0.009002301724872836,0.001608365775340286,0.009968457844335199,0.0021539598192719727,0.43721406041317384,0.320940013071524,0.15711403483845301,0.06407888380551846,0.02063595805745787,0.09359624995157478,0.1547798912692571,0.12123090432469427,0.10304885135396893,0.11655625718307312,0.11162334224357236,0.08558994821730652,0.10148633117679721,0.11208822427975568,-3.4123435991725257,-0.5851512398921923,-30.166243,-9.539896
Calderdale,E08000033,206631,93381,177836,21726,1439,4027,1603,96309,70657,27913,9057,2695,11521,18183,12703,9120,10426,8829,6895,7165,8539,2021,0.8606453049155257,0.10514395226272921,0.006964105095556814,0.01948884726880284,0.007757790457385388,0.46609172873382987,0.3419477232361069,0.13508621649220107,0.0438317580614719,0.01304257347639028,0.12337627568777375,0.19471841166832654,0.13603409687195467,0.09766440710637067,0.11165012154506805,0.09454814148488451,0.07383729024105547,0.07672867071459932,0.09144258467996702,0.00025783649395095127,0.19428084024784864,4.6880903,0.8384108
Cambridge,E07000008,145674,70598,108570,21626,3561,7410,4507,80195,46807,13957,3715,1001,7446,29962,8532,4096,3577,4824,3444,2374,6343,2021,0.7452942872441204,0.1484547688674712,0.024444993615882038,0.050867004407100784,0.03093894586542554,0.550510042972665,0.32131334349300494,0.09580982193116136,0.025502148633249584,0.0068715076128890535,0.10547040992662682,0.4244029575908666,0.12085328196266183,0.0580186407546956,0.050667157709850134,0.06833054760758095,0.04878325165018839,0.033627014929601406,0.08984673786792827,6.315799883875688,-0.7840806177614629,24.122475,-3.6173728
Camden,E09000007,210136,102513,125064,38042,18892,13938,14200,116692,61665,21109,8013,2657,18247,35269,19193,6330,3781,6279,5152,2963,5299,2021,0.5951574218601287,0.18103513914798036,0.08990368142536262,0.06632847298892146,0.06757528457760688,0.5553165568964861,0.29345281151254426,0.10045399170061294,0.038132447557772106,0.012644192332584611,0.17799693697384722,0.3440441700077063,0.1872250348736258,0.06174826607357116,0.036883127018036733,0.06125076819525328,0.050257040570464234,0.02890365124423244,0.05169100504326281,8.429872305322913,-2.3964256093952505,30.106245,-10.960664
Cannock Chase,E07000192,100523,48876,97131,1208,472,1422,290,43559,35779,14742,4955,1485,5429,6719,5789,4675,6953,4814,4112,4597,5788,2021,0.966256478616834,0.012017150303910549,0.004695442833978294,0.014146016334570197,0.0028849119107070024,0.43332371696029764,0.3559284939765029,0.1466530047849746,0.049292201784666194,0.01477273857724103,0.11107701121204681,0.13747033308781406,0.11844258940993535,0.09565021687535805,0.1422579589164416,0.09849414845732056,0.08413127097143792,0.09405434159914887,0.11842212947049677,-2.743939999823647,0.41927813528891283,-14.884427,-1.6094646
Canterbury,E07000106,157429,66164,140473,6377,3906,4316,2357,74034,54597,20762,6224,1812,8502,14588,8689,5530,6890,6524,5248,3466,6727,2021,0.8922943040989907,0.04050714925458461,0.024811184724542492,0.0274155333515426,0.014971828570339645,0.47026913719835606,0.3468039560690851,0.13188167364335668,0.03953528257182603,0.011509950517376088,0.1284988815670153,0.2204824375793483,0.1313251919472825,0.08358019466779518,0.10413517925155674,0.09860347016504444,0.0793180581585152,0.05238498277008645,0.1016716038933559,0.6454744328393309,0.2322387520766239,7.063075,2.3146408
Cardiff,W06000015,362310,160439,286931,34983,13896,14506,11994,181604,115195,44144,16193,5172,16879,43189,22367,15235,11633,14315,14181,7965,14675,2021,0.7919488835527587,0.09655543595263724,0.038353895835058376,0.04003753691590075,0.03310424774364495,0.5012392702381938,0.3179459578813723,0.1218404129060749,0.04469377052800088,0.014275068311666805,0.10520509352464176,0.2691926526592661,0.13941124040912745,0.09495820841565954,0.0725073080734734,0.08922394180965974,0.08838873341269891,0.049645036431291645,0.09146778526418141,2.261298007761119,-1.7219178466480434,12.517241,-9.135992
Carmarthenshire,W06000010,187898,81953,182652,2321,455,1756,714,84785,59550,29491,10554,3517,8341,13868,8829,7241,12162,10086,6822,6435,8169,2021,0.9720805969196054,0.01235244654014412,0.002421526572927865,0.009345495960574355,0.0037999340067483424,0.4512288582103056,0.3169272690502294,0.1569521761806938,0.05616877241907844,0.018717602103268796,0.10177784827889157,0.1692189425646407,0.10773248081217283,0.08835552084731492,0.14840213292985002,0.12307054043171085,0.08324283430746891,0.07852061547472332,0.09967908435322685,-3.0064057659792716,0.046110512213880385,-25.580376,9.262055
Castle Point,E07000069,89582,41006,84981,1550,1179,1446,426,40925,31438,12324,3807,1093,5373,5837,5381,5352,5501,3806,3106,3152,3498,2021,0.9486392355607153,0.017302583108213705,0.013161126119086423,0.016141635596436783,0.004755419615547767,0.4568440088410618,0.35094103726195,0.13757228014556497,0.04249737670514166,0.012201111830501663,0.13102960542359654,0.14234502267960786,0.13122469882456225,0.13051748524606155,0.13415109983904794,0.09281568550943764,0.07574501292493781,0.07686679998049066,0.08530458957225771,-1.0132995608014121,1.37091516722349,-4.854569,7.172388
Central Bedfordshire,E06000056,294251,151077,265545,10321,7018,8885,2482,148210,101486,33332,8817,2407,22832,29383,22805,15297,16739,12379,9605,9246,12791,2021,0.9024438319665864,0.03507549676976459,0.023850386234881105,0.030195309446696867,0.008434975582071088,0.5036856289358405,0.34489602414265375,0.11327744000870006,0.029964214225270264,0.008180091146674099,0.1511282326230995,0.19449022683797004,0.15094951580981883,0.1012530034353343,0.11079780509276727,0.08193834931855941,0.06357685153928129,0.061200579836771976,0.0846654355063974,2.260547927932726,1.5469647817317795,17.420395,5.171203
Ceredigion,W06000008,71473,30119,68776,1096,366,867,368,32195,24054,10881,3328,1017,3363,5368,3108,2452,5437,3147,2408,1712,3124,2021,0.9622654708771144,0.015334461964657983,0.005120814853161334,0.012130454857078896,0.005148797447987352,0.4504498202118282,0.3365466679725211,0.1522393071509521,0.04656303779049431,0.014229149469030263,0.11165709352900163,0.17822636873734188,0.10319067698130747,0.08141040539194529,0.18051728145024734,0.10448554068860189,0.07994953351704905,0.056841196586872075,0.1037219031176334,-2.1946741142733406,0.938543119179658,-20.817995,12.701529
Charnwood,E07000130,183970,84800,151459,22853,2840,4660,2158,90255,63617,22344,6051,1704,11078,17495,11622,7932,9048,7449,6172,5826,8178,2021,0.8232809697233244,0.12422134043594064,0.015437299559710823,0.025330216883187477,0.011730173397836604,0.4905962928738381,0.3458009458063815,0.12145458498668261,0.032891232266130346,0.009262379735826493,0.1306367924528302,0.20630896226415094,0.13705188679245284,0.0935377358490566,0.10669811320754717,0.08784198113207548,0.07278301886792453,0.06870283018867925,0.09643867924528302,1.4590625866880165,0.2793770344135973,12.517542,3.6922657
Chelmsford,E07000070,181523,89862,160701,9646,4756,4724,1696,93611,61388,19993,5089,1442,13598,20713,13126,9815,8348,6873,5736,4399,7254,2021,0.8852927728166679,0.0531392716074547,0.026200536571123218,0.026024250370476468,0.00934316863427775,0.515697735273216,0.33818304016570905,0.11014031279782727,0.02803501484660346,0.007943896916644173,0.15132091429080144,0.23049787451870646,0.14606841601566847,0.10922303086955554,0.09289799915425875,0.07648394204446818,0.0638312078520398,0.04895283879726692,0.08072377645723443,3.0563459951781544,1.5255161813634777,21.981878,6.0834827
Cheltenham,E07000078,118836,59158,108559,4922,1181,2949,1225,60237,39932,13876,3695,1097,7892,14593,7823,6836,4921,4702,4264,2805,5322,2021,0.9135194722138072,0.04141842539297856,0.009938065905954424,0.02481571241038069,0.010308324076879061,0.5068918509542563,0.33602612003096705,0.11676596317614191,0.031093271399239286,0.009231209397825575,0.1334054565739207,0.2466783866932621,0.13223908854254707,0.11555495452855066,0.08318401568680482,0.07948206497853207,0.07207816356198654,0.047415396058014134,0.0899624733763819,2.2647201180758394,1.1687737740207602,20.295742,4.9814396
Cherwell,E07000177,161015,84972,141831,9706,2845,4614,2019,81759,55298,17966,4699,1296,11634,16522,11364,7778,8701,6661,6674,6628,9010,2021,0.8808558208862528,0.06028009812750365,0.017669161258267865,0.02865571530602739,0.012539204421948266,0.5077725677731888,0.3434338415675558,0.11157966649069963,0.029183616433251562,0.00804893953979443,0.13691568987431155,0.19444052158358047,0.13373817257449513,0.09153603539989644,0.10239843713223179,0.07839052864473003,0.0785435202184249,0.07800216541919691,0.1060349291531328,1.7129636762663736,0.5726436642784838,13.805518,3.6900218
Cheshire East,E06000049,398772,192488,376543,9531,2422,7059,3217,198755,132827,48431,14513,4243,31910,41211,26358,17063,17214,15574,13131,11778,18249,2021,0.9442563670468338,0.023900875688363275,0.006073646093507067,0.017701844663115765,0.008067266508180113,0.4984176421614356,0.3330900865657569,0.12145035258242805,0.03639423028698103,0.010640165307494006,0.16577656788994638,0.2140964631561448,0.1369332114209717,0.08864448692905531,0.08942895141515315,0.08090893977806408,0.06821723951622959,0.0611882299156311,0.09480590997880388,1.7361353483728261,1.5104770282792495,8.109845,7.0913296
Cheshire West and Chester,E06000050,357149,169088,340361,7231,2107,5291,2159,174349,118810,45293,14499,4199,23721,34739,22261,14966,15809,14821,13851,11667,17253,2021,0.9529944084961739,0.02024645176102971,0.005899498528625308,0.014814545189822736,0.006045096024348382,0.4881688034965799,0.33266227820881483,0.1268182187266379,0.04059650174017007,0.01175699777963819,0.14028789742619227,0.20544923353520061,0.13165334027252082,0.08851012490537472,0.09349569454958365,0.08765258327024981,0.0819159254352763,0.06899957418622256,0.10203562641937926,0.5284529068510198,0.9118231662291088,6.152573,6.535642
Chesterfield,E07000034,103568,47532,98857,1950,839,1498,424,42969,36035,17062,5874,1629,4995,7994,5317,4528,5337,5679,4290,3865,5527,2021,0.954512976981307,0.018828209485555383,0.008100957824810752,0.014463927081724086,0.0040939286266028115,0.4148868376332458,0.3479356558010196,0.16474200525258767,0.05671636026571914,0.01572879653947165,0.10508709921736935,0.1681814356643945,0.1118614827905411,0.09526213919044012,0.11228225195657662,0.1194774046957839,0.09025498611461752,0.08131364133636287,0.116279559033914,-3.2232505557597877,-0.29104085159133697,-25.32912,-2.6358595
Chichester,E07000225,124071,56366,118404,2168,783,2047,669,60839,42522,15366,4178,1163,9565,11241,8152,4530,6561,5243,3640,2478,4956,2021,0.9543245399811399,0.017473865770405654,0.006310902628333777,0.016498617726946666,0.005392073893174069,0.4903563282314159,0.3427231182145707,0.12384844161810576,0.0336742671534847,0.009373665078866134,0.1696944966823972,0.19942873363375085,0.14462619309512828,0.08036759748784729,0.1163999574211404,0.09301706702622148,0.06457793705425256,0.043962672533087326,0.08792534506617465,1.5256488869050036,2.2093321880001295,0.29351717,19.500225
Chorley,E07000118,117733,57244,112588,2204,653,1773,515,57332,39109,15198,4735,1358,8036,11870,7928,5443,5815,5299,3877,3793,5183,2021,0.9562994232713004,0.018720324802731603,0.005546448319502603,0.015059499035954235,0.004374304570511241,0.486966271138933,0.3321838397050954,0.12908870070413564,0.04021812066285579,0.011534573993697604,0.14038152470127874,0.2073579763818042,0.13849486409055972,0.0950842009642932,0.10158269862343652,0.0925686534833345,0.0677276221088673,0.0662602194116414,0.09054224023478444,0.7353378109282709,1.4026818370401297,4.873664,6.503615
City of London,E09000001,8584,5346,5955,1445,232,470,482,4937,2726,687,186,47,1104,2349,1027,267,97,152,122,50,178,2021,0.6937325256290774,0.16833643988816402,0.02702702702702703,0.054753028890959926,0.05615097856477167,0.5751397949673812,0.31756756756756754,0.08003261882572227,0.021668219944082013,0.005475302889095993,0.20650953984287318,0.4393939393939394,0.19210624766180323,0.04994388327721661,0.018144407033295923,0.02843247287691732,0.022820800598578377,0.00935278713056491,0.033295922184811075,11.188539367182276,0.8023344018994841,32.550728,-7.31954
Colchester,E07000071,192716,92015,167701,9907,6661,5602,2845,94777,66963,22916,6281,1778,11921,18906,13059,8486,9315,9682,6866,5425,8355,2021,0.8701975964631894,0.051407252122293946,0.0345638141098819,0.029068681375703107,0.014762655928931692,0.4917962182693705,0.3474698520102119,0.11891072874073766,0.03259200066418979,0.00922601133273833,0.12955496386458729,0.20546650002716949,0.1419225126338097,0.09222409389773406,0.10123349453893386,0.10522197467804162,0.07461826876052817,0.05895777862305059,0.09080041297614519,1.4392288040998475,0.47481440502781713,11.408826,2.4158714
Conwy,W06000003,114743,48722,111176,1651,271,1254,391,51092,38345,17780,5819,1706,5936,8308,5596,4093,6521,6327,4194,2984,4763,2021,0.9689131363133263,0.014388677304933635,0.0023617998483567624,0.010928771254019852,0.003407615279363447,0.4452733500082794,0.33418160584959433,0.15495498636082375,0.050713333275232475,0.014868009377478364,0.1218340790607939,0.17051845162349658,0.11485571199868642,0.08400722466237018,0.13384097532941996,0.12985920118221747,0.08608021017199623,0.06124543327449612,0.09775871269652313,-2.353223750375784,0.6056376862260148,-24.207006,8.418931
Cornwall,E06000052,570305,254248,552130,4032,1058,7030,6055,260855,191185,82985,26972,8308,32386,39181,28474,20774,39684,28356,20800,17293,27300,2021,0.968131087751291,0.007069901193221171,0.0018551476841339282,0.01232673744750616,0.010617125923847765,0.45739560410657454,0.3352329016929538,0.14550985875978642,0.047293991811399164,0.014567643629286083,0.12737956640760204,0.15410544035744628,0.11199301469431422,0.0817076240521066,0.15608382366822945,0.11152890091564142,0.08180988641011926,0.06801626758125924,0.10737547591328152,-2.0045992295621198,0.732704395767312,-20.725412,11.321729
Cotswold,E07000079,90830,44079,87510,1195,402,1393,330,45781,31041,10559,2698,753,8540,8375,5834,3804,5403,3585,2872,1972,3694,2021,0.9634481999339425,0.01315644610811406,0.004425850489926236,0.015336342618077727,0.0036331608499394472,0.5040295056699329,0.3417483210393042,0.11625013761972916,0.02970384234283827,0.00829021248486183,0.19374305224710178,0.18999977313459923,0.13235327480205994,0.08629959844824066,0.12257537602940176,0.08133124617164636,0.06515574309762018,0.04473785702942444,0.08380407903990562,1.9611779212981093,2.776652636683627,29.688461,8.088654
County Durham,E06000047,522067,222215,505471,7834,1740,4949,2073,224293,176980,81624,30167,9004,22537,37179,26917,21178,26099,23112,19432,20568,25193,2021,0.968210976752026,0.01500573681155867,0.003332905546606087,0.009479626178249151,0.0039707547115600105,0.42962493319822936,0.33899863427491106,0.15634774846906624,0.05778377104854358,0.01724682847220759,0.10141979614337467,0.16731093760547217,0.12113043673919402,0.09530409738316495,0.11744931710280584,0.1040073802398578,0.08744684202236573,0.09255900816776545,0.11337218459599938,-2.9005956206315924,-0.1522266602759554,-25.184334,-12.092745
Coventry,E08000026,345321,150145,226246,63915,30723,11731,12706,167651,116149,43030,14126,4369,12956,28834,17300,13652,13277,14380,12570,13271,23905,2021,0.6551759087921094,0.1850886566412121,0.08896939369456246,0.03397129048045152,0.03679475039166457,0.48549320776900334,0.3363508156179323,0.12460869741486906,0.040906866364918436,0.012651996258553636,0.08628991974424723,0.19204102700722636,0.11522195211295748,0.09092543874254887,0.08842785307536048,0.09577408505111726,0.08371907156415465,0.08838789170468547,0.1592127609977022,0.5291866180023318,-3.7143186172322933,7.3204885,-15.406279
Crawley,E07000226,118492,58903,86939,18236,5331,4838,3148,58152,41451,13754,3975,1161,5955,8798,7254,5770,5330,6828,5601,5531,7836,2021,0.7337119805556493,0.15390068527833103,0.04499037909732303,0.04082976065894744,0.02656719440974918,0.49076730918543027,0.34982108496776154,0.11607534685885967,0.03354656854471188,0.009798129831549809,0.10109841603993006,0.14936420895370356,0.12315162215846391,0.09795765920241753,0.0904877510483337,0.11591939290019185,0.09508853538868987,0.09390014090963109,0.13303227339863843,0.19607785524517607,-2.3598299685345268,5.458064,-10.612593
Croydon,E09000008,390724,189407,188985,68487,88441,29745,15066,200050,130711,43327,12733,3898,24114,43348,26739,19333,15968,18250,13735,10765,17155,2021,0.4836790163900861,0.1752822964547865,0.2263515934521555,0.076127906143467,0.038559187559504916,0.5119982391662657,0.33453537535447014,0.11088901628771204,0.03258822084130998,0.009976351593452155,0.1273131404858321,0.228861657700085,0.14117218476613852,0.10207120116996732,0.08430522631159355,0.09635335547260661,0.07251579931047955,0.05683528063904713,0.09057215414425021,4.571234237012324,-4.239505422860034,23.129223,-13.279828
Cumberland,E06000063,273254,127751,266889,2715,606,2050,994,123108,93169,40220,13041,3716,12997,20084,14187,10661,18250,12881,10008,13506,15177,2021,0.9767066538824684,0.00993581063772168,0.002217716849524618,0.007502177461263147,0.0036376411690222286,0.4505258843420407,0.34096115701874447,0.14718906219122135,0.04772482744991839,0.01359906899807505,0.10173697270471464,0.15721207661779554,0.11105196828204868,0.08345140155458666,0.14285602461037486,0.10082895632910897,0.07833989557811681,0.10572128593905332,0.11880141838420051,-2.569058833950909,0.471535452265352,-15.149006,-3.0380478
Dacorum,E07000096,155081,77199,134602,8948,4411,5266,1854,80604,51271,17171,4784,1251,12798,16172,11749,7353,7396,6181,4949,3979,6622,2021,0.8679464279956925,0.057698879940160305,0.028443200649982913,0.033956448565588306,0.011955042848575905,0.5197541929701253,0.33060787588421536,0.11072278357761428,0.030848395354685615,0.00806675221335947,0.16577934947343878,0.20948457881578778,0.15219109055816785,0.09524734776357206,0.09580434979727717,0.0800658039611912,0.06410704801875672,0.051542118421223075,0.08577831319058538,3.2182141504354376,1.159004538566617,25.63215,3.486532
Darlington,E06000005,107796,49296,101725,2966,701,1472,932,48749,37324,15383,5016,1328,5230,8463,5973,4961,5042,4895,4657,3847,6228,2021,0.943680656054028,0.027514935619132437,0.006503024230954766,0.013655423206798026,0.008645960889086793,0.45223384912241643,0.34624661397454454,0.14270473858028127,0.04653233886229545,0.012319566588741697,0.10609380071405387,0.17167721518987342,0.12116601752677703,0.10063696851671536,0.10228010386238234,0.09929811749432002,0.09447013956507627,0.07803878610840637,0.12633885102239534,-1.6431137893574255,-0.07360300006893049,-7.899954,-3.3894713
Dartford,E07000107,116754,58824,86936,11513,12282,3638,2385,61128,38680,12556,3390,999,7555,12101,7748,6827,6203,4860,4068,4062,5400,2021,0.7446083217705604,0.09860904123199205,0.10519553933912329,0.031159532007468696,0.020427565650855645,0.5235623618891002,0.33129485927676994,0.10754235400928448,0.029035407780461483,0.008556452027339534,0.12843397252821978,0.20571535427716578,0.13171494628042976,0.11605807153542771,0.10545015639874881,0.08261933904528763,0.06915544675642595,0.06905344757241942,0.09179926560587515,2.778339423265587,-0.6279645384937712,18.323935,-5.560734
Denbighshire,W06000004,95820,40846,92488,1650,268,1052,362,43115,31254,14621,5179,1648,4563,7009,4490,3448,5368,5307,3310,3272,4079,2021,0.9652264662909622,0.017219787100814028,0.00279691087455646,0.010978918806094761,0.003777916927572532,0.4499582550615738,0.3261740763932373,0.15258818618242537,0.054049259027342936,0.01719891463160092,0.11171228516868237,0.1715957498898301,0.10992508446359496,0.08441463056358028,0.1314204573275229,0.12992704303971014,0.0810360867649219,0.08010576311021887,0.0998628996719385,-2.651648776069245,0.13533983376536135,-25.020864,8.6687
Derby,E06000015,261364,116200,192871,40901,10482,9562,7548,119809,90551,35857,11542,3605,10517,21692,13293,9880,10981,11704,9862,11558,16713,2021,0.7379401906919086,0.15649056488269233,0.04010498768001714,0.03658499257740163,0.028879264167980288,0.45839901440137126,0.3464555179749315,0.13719180912443948,0.04416063421129153,0.013793024287966207,0.09050774526678142,0.18667814113597245,0.11439759036144578,0.08502581755593804,0.09450086058519794,0.10072289156626506,0.0848709122203098,0.09946643717728056,0.14382960413080895,-0.605666286926631,-2.8438728302280203,5.969771,-14.78106
Derbyshire Dales,E07000035,71535,33230,69940,518,169,723,185,34005,24678,9585,2534,738,5537,6783,3701,2802,4545,2650,1875,2275,3062,2021,0.9777032221989236,0.007241210596211645,0.002362479904941637,0.010106940658418957,0.002586146641504159,0.4753617110505347,0.34497798280561964,0.13399035437198575,0.035423219403089394,0.01031662822394632,0.16662654228107132,0.20412278061992176,0.11137526331628048,0.08432139632861872,0.13677399939813423,0.07974721637074933,0.05642491724345471,0.06846223292205839,0.0921456515197111,0.39790770443069823,2.4108318861240816,-6.2565565,19.15162
Doncaster,E08000017,308104,137856,286955,9086,3742,4603,3718,136540,105090,45337,16192,4945,14029,17657,14672,12123,16094,14191,12211,14155,22724,2021,0.9313575935398437,0.02949004232337133,0.012145249655960325,0.014939760600316775,0.012067353880507881,0.44316204917819957,0.3410861267623919,0.14714836548697843,0.05255368317191598,0.016049775400514114,0.10176561049210771,0.12808292711234912,0.10642989786443825,0.08793958913649025,0.11674500928505106,0.10294074976787372,0.08857793639740019,0.10267960770659239,0.1648386722376973,-3.0972258443934324,-1.1778537350481784,-21.898664,-8.195292
Dorset,E06000059,379580,167777,368415,4305,1082,4436,1342,170366,135867,54010,15166,4170,24133,29063,21194,15632,23230,17212,11930,9525,15858,2021,0.9705859107434532,0.011341482691395753,0.0028505189946783287,0.01168660098003056,0.0035354865904420676,0.4488276516149428,0.3579403551293535,0.14228884556615207,0.03995468675904948,0.010985826439749196,0.14383973965442223,0.17322398183302837,0.12632243990535055,0.09317129284705293,0.13845759549878708,0.10258855504628167,0.07110628989670813,0.05677178635927451,0.09451831895909452,-0.8675712418090633,1.8785285618241119,-9.701511,13.207196
Dover,E07000108,116411,50926,110419,2402,837,1754,999,51455,40711,17036,5611,1597,5998,7795,7505,4774,5860,6303,3913,3737,5041,2021,0.9485272010377026,0.02063378890311053,0.007190042178144677,0.015067304636159812,0.008581663244882357,0.4420114937591808,0.3497178101725782,0.14634355859841425,0.04819991237941432,0.013718634836914037,0.11777873777638141,0.15306523190511723,0.14737069473353492,0.09374386364528925,0.11506892353611121,0.12376781997408004,0.07683697914621215,0.07338098417311394,0.09898676511015984,-1.5855579765032466,0.5763766008721909,-21.157492,5.7616186
Dudley,E08000027,323488,144641,274596,27047,8170,9191,4484,141846,114604,47402,15299,4337,15322,24346,17362,15388,17996,14043,12177,12838,15169,2021,0.8488599267979029,0.08361052032842022,0.02525596003561183,0.02841218221386883,0.01386141062419626,0.4384892175289346,0.3542758927688199,0.14653402908299534,0.04729387179740825,0.013406988821841923,0.10593123664797671,0.16832018583942313,0.12003512143859625,0.10638753880296735,0.12441838759411232,0.09708865397777947,0.0841877475957716,0.08875768281469293,0.10487344528868026,-1.4119180248064156,-0.7113591270771014,-1.4261582,-14.601429
Ealing,E09000009,367116,175025,158463,111241,39491,19161,38760,192559,120388,38868,11619,3681,24147,39697,23951,14223,15555,12912,12773,11767,20000,2021,0.4316428594776583,0.3030132165310147,0.107570904019438,0.0521933121956003,0.1055797077762887,0.5245181359570272,0.32792904694973796,0.10587389272055699,0.03164939692086425,0.010026803517144444,0.1379631481216969,0.2268075989144408,0.13684330809884301,0.0812626767604628,0.08887301814026567,0.07377231824025139,0.07297814597914584,0.06723039565776318,0.11426939008713041,5.149191207476093,-4.994811579794825,17.919512,-18.874783
East Cambridgeshire,E07000009,87763,44695,82912,1688,705,1883,575,42423,30830,10879,2859,771,6481,9649,6118,4221,5026,4144,2585,2804,3667,2021,0.9447261374383282,0.01923361781160626,0.00803299796041612,0.021455510864487312,0.0065517359251620845,0.48338137939678455,0.3512869888221688,0.12395884370406664,0.0325763704522407,0.008785023301391246,0.14500503412014767,0.2158854457993064,0.13688332028191072,0.09444009397024275,0.11245105716523102,0.09271730618637432,0.05783644702986911,0.06273632397359884,0.08204497147331917,1.3331977643276396,1.9647787196165658,-0.013107389,17.607557
East Devon,E07000040,150823,66727,146847,1459,348,1720,449,69973,52881,20650,5798,1525,9434,11683,8240,5925,9147,7043,5259,3597,6399,2021,0.9736379729882048,0.00967359089793997,0.0023073403923804725,0.011404096192225323,0.0029769995292495176,0.4639411760805713,0.35061628531457406,0.1369154571915424,0.03844241262937351,0.010111189937874196,0.14138204924543288,0.1750865466752589,0.12348824313995833,0.08879464085003072,0.13708094174771832,0.10554947772266099,0.07881367362536904,0.053906214875537636,0.09589821211803318,-0.6866686441478249,1.7871262967262114,-10.267783,13.545152
East Hampshire,E07000085,125742,61732,119993,2370,658,2079,642,63828,43139,14273,3599,905,10897,13136,8701,5745,6989,5778,3536,2617,4333,2021,0.954279397496461,0.01884811757408026,0.005232937284280511,0.016533855036503318,0.005105692608674906,0.5076108221596602,0.34307550380938745,0.11351020343242513,0.028622099219035805,0.00719727696394204,0.17652109116827577,0.2127907730188557,0.14094796863863152,0.09306356508779887,0.11321518823300719,0.09359813386898205,0.05727985485647638,0.042392924253223614,0.07019050087474892,2.39620315783945,2.843074756185873,28.056767,7.5446124
East Hertfordshire,E07000242,150159,76524,138587,4019,1951,4245,1357,81057,48853,15274,3916,1055,13957,17041,12088,7727,7108,5869,4148,3418,5168,2021,0.922935022209791,0.026764962473111834,0.012992894198815922,0.02827003376420994,0.009037087354071351,0.5398078037280483,0.32534180435405136,0.1017188446912939,0.02607902290239013,0.0070258858942853905,0.1823872249229,0.22268830693638597,0.15796351471433798,0.1009748575610266,0.09288589200773613,0.07669489310543097,0.054205216664053105,0.044665725785374526,0.0675343683027547,4.148100695347417,2.4566241862482565,30.915041,2.5291605
East Lindsey,E07000137,142295,55579,139100,1134,292,1484,285,53934,50793,25949,8969,2651,7297,6788,5789,4710,8050,6604,4795,4720,6826,2021,0.9775466460522154,0.00796935942935451,0.0020520749147896976,0.010429038265575038,0.002002881338065287,0.37902948100776557,0.35695562036614076,0.18236058891738993,0.06303102709160546,0.018630310270916054,0.1312905953687544,0.12213246010183702,0.10415804530488133,0.08474423793159287,0.14483887799348674,0.11882185717627161,0.08627359254394645,0.08492416200363447,0.1228161715755951,-4.7885475924074585,0.05688600575733823,-27.936731,-0.45765084
East Riding of Yorkshire,E06000011,342215,156119,333162,3686,894,3197,1276,153547,121117,49161,14088,4302,21363,28215,19406,14215,19462,14891,11084,11365,16118,2021,0.9735458702862235,0.010771006530981985,0.0026123927940037697,0.009342080271174554,0.0037286501176161187,0.44868576771912394,0.3539207807956986,0.14365530441389185,0.041167102552488934,0.012571044518796664,0.13683792491624977,0.18072752195440658,0.12430261531267815,0.0910523382804143,0.12466131604737411,0.09538236857781564,0.07099712398875217,0.07279703303249445,0.10324175788981482,-1.0311465030891958,1.4595259275838235,-10.973459,11.0674095
East Staffordshire,E07000193,124021,59320,107051,11552,1376,2723,1319,57717,43989,16319,4637,1357,7247,9179,6301,5218,6264,4862,4302,6532,9415,2021,0.8631683343949815,0.09314551567879634,0.011094895219358011,0.021955959071447578,0.010635295635416583,0.4653808629183767,0.3546899315438514,0.13158255456737167,0.037388829311165044,0.010941695358044201,0.12216790289952799,0.15473701955495617,0.10622049898853675,0.08796358732299393,0.10559676331759946,0.08196223870532704,0.07252191503708699,0.11011463250168577,0.1587154416722859,-0.9011058966451548,-0.6210187511480348,-5.970386,-9.286021
East Suffolk,E07000244,246060,106366,236627,3447,1357,3707,922,106604,88502,36851,11148,2951,13786,16909,13244,10157,13291,11322,8480,8182,10995,2021,0.9616638218320734,0.014008778346744697,0.005514915061367146,0.015065431195643339,0.0037470535641713405,0.43324392424611885,0.35967650166626025,0.14976428513370724,0.045306022921238726,0.011993009834999594,0.12960908561006337,0.15896997160746856,0.12451347235018709,0.09549104037004306,0.12495534287272249,0.10644378842863321,0.07972472406596093,0.07692307692307693,0.10336949777184438,-1.7943298851787426,1.0070253341265893,-14.903305,5.4506073
Eastbourne,E07000061,101680,43832,92342,3544,1308,2802,1684,43956,35844,15503,4946,1440,4928,7784,5138,3906,4792,6068,3769,2554,4893,2021,0.9081628638867034,0.03485444531864673,0.012863886703383162,0.027557041699449253,0.016561762391817468,0.4322974036191975,0.3525177025963808,0.15246852871754524,0.048642800944138476,0.014162077104642014,0.11242927541522175,0.17758715093995256,0.11722029567439314,0.0891129768205877,0.10932651943785363,0.1384376711078664,0.08598740646103303,0.058267932104398616,0.11163077203869319,-1.9477025338302831,-0.5100951292105383,-23.741673,4.2357926
Eastleigh,E07000086,136444,69515,126083,5256,1300,2817,988,67981,47400,15896,4088,1078,9404,14903,9932,7344,7603,6187,5050,3863,5229,2021,0.9240640848992994,0.03852129811497757,0.00952771833133007,0.020645832722582157,0.007241065931810853,0.4982337076016534,0.3473952683884964,0.11650200814986368,0.029961009644982557,0.007900677200902935,0.13528015536215204,0.21438538444939942,0.14287563835143494,0.10564626339638927,0.10937207796878372,0.08900237358843414,0.07264619146946702,0.05557074012802992,0.07522117528590952,1.710413350040369,1.764026552747272,16.879248,7.0521393
Elmbridge,E07000207,138755,66980,119500,9052,1730,5688,2785,81741,40971,12067,3038,938,16432,17652,10820,5545,4189,4495,3001,1828,3018,2021,0.8612302259378041,0.06523728874635149,0.012468019170480344,0.04099311736514,0.020071348780224135,0.5891030953839501,0.2952758459154625,0.08696623545097475,0.02189470649706317,0.006760116752549458,0.2453269632726187,0.26354135562854586,0.16154075843535384,0.08278590624066885,0.06254105703194984,0.06710958495073156,0.044804419229620786,0.027291728874290832,0.04505822633621977,7.37387269864632,2.4609356283704953,33.017128,-4.1939325
Enfield,E09000010,329985,143864,171884,37973,60512,19558,40058,167119,108918,37822,12150,3975,18297,29475,17729,13804,14397,13986,10695,9440,16041,2021,0.520884282618907,0.11507492764822644,0.1833780323348031,0.05926936072851796,0.12139339666954559,0.50644423231359,0.3300695486158462,0.11461733109080716,0.036819855447974906,0.012046002091004137,0.1271826169159762,0.20488099872101428,0.1232344436412167,0.0959517321915142,0.10007368069843742,0.09721681588166602,0.07434104431963522,0.06561752766501697,0.111501139965523,3.8890907244740274,-5.259435491252244,18.905672,-19.632687
Epping Forest,E07000072,134980,65796,113469,9678,3932,4896,3005,69924,44362,15163,4214,1317,12368,13155,9395,7991,6959,4587,3561,3371,4409,2021,0.8406356497258853,0.07169951103867239,0.029130241517261818,0.036272040302267,0.02226255741591347,0.5180323010816418,0.3286560971995851,0.11233516076455771,0.031219439917024746,0.009757001037190694,0.18797495288467383,0.19993616633229983,0.14278983524834338,0.12145115204571706,0.10576630798224816,0.06971548422396498,0.05412183111435346,0.05123411757553651,0.06701015259286279,3.572848054044141,1.3519975282224272,33.26468,3.7537549
Epsom and Ewell,E07000208,80937,39909,64312,9233,1569,3550,2273,43925,26427,8110,1940,536,7020,10663,5958,4095,3242,3304,2031,1404,2192,2021,0.7945933256730543,0.11407638039462792,0.019385447940991143,0.04386127481868614,0.02808357117264045,0.5427060553269827,0.32651321398124467,0.10020139120550552,0.023969260041760875,0.006622434733187541,0.17590017289333232,0.2671828409631913,0.14928963391716155,0.1026084341877772,0.08123480919090932,0.08278834348142024,0.05089077651657521,0.03518003457866647,0.05492495427096645,5.395902304852408,1.1224595485216753,29.390888,-2.5495079
Erewash,E07000036,112908,54967,107769,1788,871,2048,432,50053,39919,16552,5020,1362,6133,9102,6609,5418,6881,5028,4547,4747,6502,2021,0.9544850674885748,0.01583590179615262,0.0077142452262018634,0.0181386615651681,0.0038261239239026465,0.4433078258405073,0.35355333545895773,0.1465972296028625,0.04446097707868353,0.012062918482304176,0.11157603653100952,0.1655902632488584,0.12023577783033457,0.09856823184819982,0.12518420142994888,0.09147306565757636,0.08272236068914075,0.08636090745356305,0.11828915531136865,-1.711872224313149,0.5053276777990143,-9.313182,-2.4316661
Exeter,E07000041,130707,59699,118034,6375,1137,3308,1853,66498,43054,15152,4665,1340,5846,14748,7326,5305,5353,5803,5109,3654,6555,2021,0.9030426832533835,0.04877321031008286,0.008698845509421836,0.0253085144636477,0.014176746463464084,0.5087562257568454,0.32939322301024426,0.11592340119503929,0.035690513897495925,0.010251937539688005,0.09792458835156367,0.24703931389135497,0.122715623377276,0.08886246000770533,0.0896664935761068,0.09720430827987069,0.08557932293673261,0.061207055394562726,0.10980083418482722,1.1307794953548589,-0.11607130925837299,9.211392,1.8062989
Fareham,E07000087,114512,55631,109499,2114,670,1727,502,55185,40519,14190,3698,921,7953,11632,9159,6154,5586,4593,3940,2611,4003,2021,0.9562229286013693,0.01846094732429789,0.005850915187927902,0.015081388850076849,0.004383820036328071,0.48191455917283776,0.3538406455218667,0.12391714405477156,0.03229355875366774,0.008042825206091939,0.1429598605094282,0.20909205299203681,0.16463842102424908,0.11062177562869623,0.10041164099153349,0.08256188096564865,0.07082382125074149,0.04693426327047869,0.07195628336718736,1.7357556446116693,2.361404960758146,16.11541,7.706484
Fenland,E07000010,102461,47108,98280,1232,814,1412,723,41264,38407,16256,5064,1471,5028,5248,5157,4115,6175,4963,3505,6615,6302,2021,0.9591942299997072,0.012024087213671543,0.00794448619474727,0.013780853202681995,0.007056343389191986,0.40272884316959623,0.3748450629995803,0.158655488429744,0.04942368315749407,0.014356682054635422,0.10673346353061051,0.111403583255498,0.10947185191474909,0.08735246667232742,0.1310817695508194,0.10535365543007558,0.07440349834423028,0.14042200900059437,0.13377770230109537,-3.976289001892342,-0.10318462321868799,-18.560843,-5.5476317
Flintshire,W06000005,154960,73819,151232,1455,292,1446,535,73431,51838,20920,6716,2057,8077,12180,8660,6918,9009,7338,5853,7719,8065,2021,0.9759421786267424,0.009389519876097057,0.0018843572534847702,0.009331440371708829,0.003452503871966959,0.4738706763035622,0.3345250387196696,0.13500258131130613,0.043340216830149714,0.013274393391843057,0.10941627494276542,0.16499817120253593,0.11731397065796069,0.09371571004754874,0.12204175076877227,0.099405302157981,0.07928853005323833,0.104566575001016,0.10925371516818164,-1.5578604505267262,0.6186078706447421,-10.360772,-0.5340282
Folkestone and Hythe,E07000112,109759,47817,101614,4271,682,2108,1084,47404,38432,16801,5519,1603,6167,7610,6934,4324,5592,5681,3962,3132,4415,2021,0.9257919623903279,0.0389125265354094,0.006213613462221777,0.0192057143377764,0.009876183274264524,0.4318916899753095,0.3501489627274301,0.15307172988092094,0.050282892519064495,0.01460472489727494,0.12897086810130287,0.15914842001798524,0.14501118848944936,0.09042809042809043,0.11694585607629086,0.1188071188071188,0.08285756111843068,0.06549971767363072,0.09233117928770103,-1.5335325867015734,0.37322814322629594,-21.516445,5.6462064
Forest of Dean,E07000080,87004,39992,84869,625,242,925,343,38990,30908,12355,3662,1089,5126,6221,4875,3797,5815,4347,2677,3192,3942,2021,0.9754608983495012,0.007183577766539469,0.0027814813112040826,0.010631695094478415,0.0039423474782768605,0.44814031538779825,0.3552480345731231,0.14200496528895223,0.04209001884970806,0.012516665900418372,0.1281756351270254,0.15555611122224444,0.1218993798759752,0.09494398879775955,0.14540408081616324,0.10869673934786957,0.0669383876775355,0.07981596319263853,0.09856971394278856,-1.6602661957991356,1.5141301461753864,-13.177723,10.664456
Fylde,E07000119,81375,35712,78332,1173,331,1158,381,37427,27421,11815,3641,1070,5208,7685,4893,3623,3503,3423,2478,1953,2946,2021,0.962605222734255,0.014414746543778802,0.004067588325652842,0.014230414746543778,0.004682027649769585,0.4599324116743472,0.33697081413210445,0.14519201228878648,0.04474347158218126,0.01314900153609831,0.14583333333333334,0.2151937724014337,0.1370127688172043,0.10145049283154121,0.09809027777777778,0.09585013440860216,0.06938844086021505,0.0546875,0.08249327956989247,0.17730946497685648,1.449553633375509,3.6216722,5.5637584
Gateshead,E08000037,196149,87518,183489,4925,2214,2393,3128,85811,65777,30117,11120,3326,8448,16612,11006,8949,8581,8793,8710,6950,9469,2021,0.9354572289433033,0.025108463463999305,0.01128733768716639,0.012199909252659968,0.01594706065287103,0.43747865143334913,0.33534201041045325,0.15354144043558723,0.05669159669434971,0.01695649735660136,0.09652871409310085,0.18981238145295826,0.12575698713407527,0.10225325075984369,0.09804840147169724,0.10047076030073814,0.09952238396672684,0.07941223519733083,0.10819488562352887,-2.1008599353276995,-0.7615670610339959,-26.026781,-13.76008
Gedling,E07000173,117264,56187,104918,4532,2675,4130,1009,53976,40850,16183,4840,1414,7026,11693,7670,5625,6236,5203,4385,3360,4989,2021,0.894716195933961,0.038647837358439074,0.02281177513985537,0.0352196752626552,0.008604516305089372,0.46029471960704055,0.3483592577432119,0.1380048437713194,0.04127438941192523,0.012058261700095512,0.12504671899193764,0.20810863722925232,0.1365084450139712,0.10011212558065033,0.11098652713261074,0.09260149144819976,0.07804296367487142,0.05980030968017513,0.08879278124833147,0.40105626045737375,0.37235373193874616,5.2652807,2.2381577
Gloucester,E07000081,132414,65621,112461,8543,4826,5014,1570,61882,46736,17259,5172,1367,6245,10844,8019,7174,7208,7580,5648,5576,7327,2021,0.8493135166976301,0.0645173471083118,0.03644629721932726,0.037866086667572914,0.011856752307157853,0.46733729061881674,0.352953615176643,0.13034120259187096,0.03905931396982192,0.010323681785913877,0.09516770546014233,0.16525197726337607,0.12220173420094177,0.10932475884244373,0.10984288566160223,0.11551180262415994,0.08607000807668277,0.08497279834199419,0.11165632952865698,-0.694628589224862,-0.8287835703001066,5.332814,-7.88252
Gosport,E07000088,81949,38484,78136,1169,984,1210,450,35504,29829,12134,3587,898,4077,5272,5804,4031,4766,4610,3170,2593,4161,2021,0.9534710612698142,0.014264969676262066,0.012007468059402799,0.014765280845403848,0.005491220149117134,0.43324506705389937,0.36399467961781107,0.1480677006430829,0.0437711259441848,0.010958034875349302,0.1059401309635173,0.1369919966739424,0.1508159235006756,0.10474482901985241,0.12384367529362852,0.11979004261511278,0.08237189481342896,0.06737865086789314,0.10812285625194887,-1.8801578261578906,0.8379415891314549,-18.281576,5.8060284
Gravesham,E07000109,106902,49761,81893,11999,6952,2828,3230,52013,36416,13291,4088,1092,6005,7846,6125,5188,5590,4639,3797,4387,6184,2021,0.7660567622682457,0.11224298890572675,0.06503152419973433,0.02645413556341322,0.03021458906288002,0.48654842753175803,0.34064844436960956,0.12432882453087875,0.03824063160651812,0.01021496323735758,0.12067683527260305,0.15767368019131447,0.12308836237213883,0.10425835493659694,0.1123369707200418,0.09322561845622074,0.07630473664114468,0.08816141154719559,0.12427402986274391,0.5085206925546079,-1.3566486263304953,7.697923,-7.121201
Great Yarmouth,E07000145,99750,41136,94361,1936,1104,1575,774,40086,35834,16599,5610,1619,4037,4911,4127,3743,5220,5347,3722,4277,5752,2021,0.9459749373433584,0.019408521303258146,0.01106766917293233,0.015789473684210527,0.007759398496240601,0.4018646616541353,0.35923809523809525,0.16640601503759397,0.056240601503759396,0.01623057644110276,0.09813788409179308,0.11938448074679113,0.10032574873590043,0.09099085958770907,0.12689614935822638,0.1299834694671334,0.09048035783741734,0.10397218980941268,0.13982886036561648,-4.582066866294781,-0.8778043190998,-24.983315,-4.4925103
Greenwich,E09000011,289065,142934,161006,38028,60602,17297,12132,152415,92418,30949,10134,3152,18826,35907,21127,11610,10735,13290,9173,7183,15083,2021,0.556988912528324,0.13155518654973794,0.20964834898725201,0.05983775275457077,0.041969799180115196,0.5272689533495927,0.3197135592340823,0.10706588483559061,0.03505785895905765,0.010904121910296992,0.13171113940699902,0.2512138469503407,0.1478094785005667,0.08122630025046525,0.07510459372857403,0.09297997677249639,0.06417647305749506,0.050253963367708175,0.10552422796535464,4.872198538123437,-3.650758782844552,24.252775,-12.901501
Guildford,E07000209,143647,69774,124788,9630,2150,4386,2693,78671,46690,13717,3531,1041,12141,18410,11207,5849,5682,5465,4077,2338,4605,2021,0.8687128864508135,0.06703933949194901,0.014967246096333374,0.03053318203652008,0.018747345924384082,0.5476689384393687,0.32503289313386285,0.09549103009460692,0.02458109114704797,0.007246931714550251,0.17400464356350503,0.2638518645913951,0.16061856852122566,0.08382778685470232,0.08143434517155387,0.07832430418207355,0.0584315074383008,0.03350818356407831,0.06599879611316536,5.035797698902105,1.7312963878874277,30.51084,-0.41213316
Gwynedd,W06000002,117392,51818,112987,1968,513,1333,591,58620,37038,15668,4741,1324,5360,9055,5266,3864,8277,6652,4118,3562,5664,2021,0.9624761482894916,0.016764345100177182,0.004369974103857162,0.011355117895597656,0.00503441461087638,0.4993525964290582,0.3155070192176639,0.13346735723047568,0.04038605697151424,0.011278451683249284,0.10343895943494538,0.1747462271797445,0.10162491798216836,0.07456868269713227,0.15973213941101547,0.1283723802539658,0.07947045428229572,0.06874059207225289,0.1093056466864796,-1.4453180900222633,0.710880025475493,-24.362196,12.824639
Hackney,E09000012,259147,134312,137709,26885,54645,17487,22421,146836,73626,25710,9467,3507,18646,40040,27603,9468,6468,9742,7191,4530,10624,2021,0.5313933790474132,0.10374420695589762,0.2108648759198447,0.0674790755825844,0.08651846249426001,0.566612771901662,0.2841090192053159,0.09921010083080259,0.03653138952023369,0.013532859728262337,0.13882601703496336,0.2981118589552683,0.20551402704151528,0.07049258443028174,0.04815653106200488,0.07253261063791769,0.053539519923759604,0.03372744058609804,0.07909941032819108,8.231637844663261,-4.279170063346087,28.477041,-12.166549
Halton,E06000006,128478,58706,123976,1436,511,1791,764,59066,41455,18088,7491,2380,5870,8767,7260,5877,5667,5585,6143,5884,7653,2021,0.9649589813041921,0.011177010850106634,0.003977334640950202,0.013940129827674777,0.005946543377076231,0.4597362972649014,0.3226622456763026,0.14078674948240166,0.05830570214355765,0.018524572300316008,0.09998977957960004,0.14933737607740266,0.12366708683950534,0.10010901781759957,0.09653187067761387,0.09513507988961946,0.10464007086158143,0.10022825605559908,0.13036146220147857,-2.5149530690402204,-1.0095092012543025,-27.697472,-14.80717
Hammersmith and Fulham,E09000013,183156,98096,115679,19306,22453,12318,13400,108069,51238,16301,5603,1946,18326,29279,18574,6900,4493,6803,5004,2711,6006,2021,0.6315872807879622,0.1054074122605866,0.12258948655790693,0.0672541440083863,0.07316167638515801,0.5900380003931075,0.27975059512109895,0.08900063333988513,0.03059140841686868,0.010624822555635634,0.1868169955961507,0.29847292448213997,0.18934513129995106,0.07033925950089708,0.045802071440221824,0.06935043222965259,0.051011254281520146,0.027636193116946664,0.06122573805251998,8.834024495256342,-2.11456707427952,30.694855,-10.552782
Harborough,E07000131,97623,48772,88851,5298,699,2003,772,50282,32717,11016,2850,762,8799,10831,6993,4486,5046,3500,2903,2358,3856,2021,0.9101441258719769,0.05426999784886758,0.007160197904182416,0.020517705868494104,0.007907972506479006,0.5150630486668101,0.3351361871690073,0.11284226053286624,0.029193939952675087,0.007805537629452076,0.18041089149512016,0.2220741409005167,0.14338144837201672,0.09197900434675634,0.1034610022143853,0.07176248667268105,0.059521856803083736,0.04834741244976626,0.07906175674567374,3.0846514378361873,2.2139507029541314,29.038904,5.789523
Haringey,E09000014,264238,134383,150581,23080,46466,18556,25555,140184,83809,27408,9562,3275,17168,33738,21842,9189,11265,10419,8084,6027,16651,2021,0.5698688303726186,0.08734549913335705,0.17584904517896743,0.07022457027376834,0.09671205504128853,0.5305217266252393,0.3171723976112444,0.10372467245437825,0.03618707377440035,0.012394129534737622,0.127754254630422,0.2510585416310099,0.1625354397505637,0.06837918486713349,0.08382756747505264,0.07753212831980236,0.0601564185946139,0.04484942291807743,0.1239070418133246,5.765839366790577,-4.514212025438961,25.496517,-11.799735
Harlow,E07000073,93330,45981,77214,5555,5827,3048,1686,44559,32106,11913,3659,1091,4808,6889,5202,4968,5411,4800,3669,4302,5932,2021,0.8273224043715847,0.05951998285653059,0.06243437265616629,0.032658309225329474,0.018064930890388943,0.47743490838958536,0.3440051430408229,0.1276438444230151,0.03920497160612879,0.011689703203685845,0.1045649289924099,0.149822752876188,0.11313368565276963,0.1080446271285966,0.11767904134316348,0.10439094408560057,0.07979382788543093,0.09356038363671952,0.12900980839912138,-0.6342814894297714,-1.234437956494999,6.8023252,-7.5291367
Harrow,E09000015,261205,125040,95233,118152,19151,9833,18836,134553,88594,27907,7715,2434,17524,31409,14526,12204,12184,8624,9061,7806,11702,2021,0.36459103003388144,0.45233437338488924,0.0733178920771042,0.03764476177714822,0.0721119427269769,0.5151241362148504,0.33917421182596047,0.10683945560000765,0.029536188051530406,0.00931835148638043,0.14014715291106847,0.2511916186820218,0.11617082533589251,0.09760076775431861,0.09744081893793986,0.0689699296225208,0.07246481126039667,0.06242802303262956,0.09358605246321178,4.701560488445554,-4.181847786140734,17.521229,-17.522902
Hart,E07000089,99404,50445,91952,3595,843,2231,783,54555,32704,9344,2177,628,9507,11749,8737,4762,4544,3698,2774,1769,2905,2021,0.9250331978592411,0.03616554665808217,0.00848054404249326,0.022443764838437085,0.007876946601746409,0.5488209729990745,0.329000845036417,0.0940002414389763,0.02190052714176492,0.006317653213150376,0.18846268212905143,0.23290712657349588,0.17319853305580335,0.0943998414114382,0.09007830310238873,0.07330756269204083,0.05499058380414312,0.03506789572802062,0.0575874715036178,4.900777619606523,2.9856435720608956,31.161266,1.4051344
Hartlepool,E06000001,92338,37749,89068,1600,445,671,554,39817,30749,14415,5625,1732,3348,5838,4497,3391,4736,4381,3613,3622,4323,2021,0.9645866273906734,0.017327644090190386,0.004819251012584201,0.007266780740323594,0.0059996967662284215,0.4312092529619442,0.3330048300807901,0.15611124347505903,0.06091749875457558,0.018757174727631096,0.08869109115473257,0.15465310339346738,0.1191289835492331,0.0898301941773292,0.12546027709343294,0.11605605446501895,0.09571114466608387,0.09594956157779014,0.11451958992291186,-3.6030258191474984,-0.6571464815806003,-28.95192,-8.333319
Hastings,E07000062,90995,40899,83191,2536,1262,2639,1367,38395,31864,14122,5025,1588,4437,6752,5489,3816,5063,5531,3410,2558,3843,2021,0.914237045991538,0.027869663168305952,0.01386889389526897,0.02900159349414803,0.015022803450739051,0.4219462607835595,0.3501730864333205,0.15519534040331887,0.055222814440353866,0.01745150832463322,0.10848676006748331,0.16508961099293382,0.13420866035844398,0.09330301474363677,0.1237927577691386,0.13523558033203745,0.08337612166556639,0.06254431648695567,0.093963177583804,-2.270497793936501,-0.47084640422252166,-24.542631,4.0131426
Havant,E07000090,124210,56368,119127,2107,750,1719,507,55028,44185,18023,5437,1535,6844,9199,6950,5286,7625,6126,4696,4018,5624,2021,0.9590773689719024,0.016963207471218097,0.006038161178649062,0.013839465421463651,0.004081796956766766,0.44302391111826744,0.35572820223814505,0.14510103856372272,0.04377264310441993,0.012358103212301748,0.12141640647175703,0.1631954300312234,0.12329690604598353,0.0937766108430315,0.1352717854101618,0.10867868294067556,0.08330967925063866,0.07128157820039739,0.09977292080613114,-1.7439055490335473,0.983511169687981,-14.250701,5.9186993
Havering,E09000016,262052,124781,197314,28150,21567,9747,5274,130764,89013,30642,8941,2692,15438,24339,16717,16701,14375,10294,8162,8058,10697,2021,0.7529574282966739,0.10742142780822127,0.08230045945079603,0.037194907880878605,0.020125776563430158,0.4990001984338986,0.3396768580281776,0.11693099079571993,0.03411918245233771,0.010272770289866133,0.12372075876936392,0.19505373414221716,0.13397071669565078,0.13384249204606471,0.11520183361248908,0.08249653392744087,0.06541059937009641,0.06457713914778693,0.08572619228889014,2.075193382817484,-0.5077720103045338,18.057085,-4.610088
"Herefordshire, County of",E06000019,187032,88507,181248,2218,567,1980,1019,85521,65655,26040,7641,2177,11979,14131,9965,7964,12927,8686,6212,6943,9700,2021,0.9690748107275761,0.011858933230677103,0.0030315667907096114,0.010586423713589118,0.005448265537448137,0.4572533042474015,0.3510361863210574,0.1392275118696266,0.04085397151289619,0.011639719406304804,0.13534522693120318,0.15965968793428767,0.11258996463556555,0.08998158337758595,0.14605624413888166,0.09813913023828624,0.07018653891782571,0.07844577265075078,0.10959585117561323,-1.3691182914261066,1.4068732290071009,-13.594011,11.904184
Hertsmere,E07000098,107827,52766,83145,11320,5181,4038,4143,57652,34388,11602,3205,981,9198,12243,7478,5665,4607,4296,2997,2583,3699,2021,0.7710962931362275,0.10498298199894275,0.04804918990605322,0.037448876440965624,0.03842265851781094,0.5346712789932021,0.3189182672243501,0.10759828243389874,0.029723538631326107,0.009097906832240533,0.17431679490581056,0.23202440965773416,0.1417200469999621,0.10736080051548345,0.08731001023386271,0.08141606337414244,0.05679793806617898,0.048951976651631736,0.07010195959519387,4.414082413010904,0.1618129618810379,27.95294,-2.8834128
High Peak,E07000037,90935,44614,88614,694,223,1185,219,43301,31083,12007,3535,1007,5873,8839,5598,3694,5209,4453,3120,3593,4235,2021,0.9744762742618354,0.00763182492989498,0.0024523010941881565,0.013031286083466213,0.0024083136306152744,0.47617529004233794,0.3418155825589707,0.13203936877989772,0.03887392093253423,0.011073843954472974,0.13164029228493299,0.1981216658448021,0.12547630788541714,0.08279912135204195,0.1167570717711929,0.0998117182947057,0.06993320482359798,0.08053525799076523,0.09492535975254404,-0.22340380888261682,1.4380883713544526,-8.175051,12.0597725
Hillingdon,E09000017,305907,142803,147387,101938,23955,13359,19268,156976,103725,33088,9244,2876,18524,30087,18036,14401,13152,12044,10772,10752,15035,2021,0.4818032931577244,0.3332319953449905,0.07830811325010542,0.043670135041041884,0.06298646320613781,0.5131494212293278,0.3390736400278516,0.10816359220285904,0.03021833433036838,0.00940155014432491,0.129717162804703,0.21068885107455726,0.12629986764983928,0.10084522033850829,0.09209890548517888,0.08433996484667688,0.0754325889512125,0.07529253587109515,0.10528490297822875,3.6537550498334133,-3.7236947299936514,16.494333,-17.531853
Hinckley and Bosworth,E07000132,113641,55889,107180,3147,692,1990,632,52913,40394,14967,4164,1202,7756,10160,7534,5742,6364,4821,3701,4050,5761,2021,0.9431455196627978,0.027692470147217995,0.0060893515544565785,0.017511285539549986,0.005561373095977684,0.465615402891562,0.3554526975299408,0.13170422646756014,0.03664170501843525,0.010577168451527178,0.13877507201774947,0.18178890300416897,0.13480291291667412,0.10273935837105691,0.11386856089749324,0.08626026588416325,0.0662205442931525,0.07246506468177996,0.10307931793376156,0.1497143714424957,1.4383308932231802,-0.7871754,13.657026
Horsham,E07000227,146776,72167,137442,3974,1312,3130,918,75551,49827,16218,4067,1115,12689,15238,11458,6842,7090,6338,4557,2994,4961,2021,0.9364064969749822,0.027075271161497792,0.008938791083010846,0.021325012263585328,0.006254428516923748,0.5147367417016406,0.3394764811685834,0.11049490379898622,0.027708889736741703,0.007596609799967297,0.1758282871672648,0.2111491401887289,0.1587706292349689,0.09480787617609157,0.09824434991062397,0.08782407471559023,0.06314520487203293,0.04148710629512104,0.06874333143957764,3.018939404352706,2.5038254491021954,27.66473,6.229588
Hounslow,E09000018,288181,138800,127083,105846,20810,13514,20928,149624,96314,30323,9017,2903,17914,27755,17668,12160,12138,11345,11117,10067,18636,2021,0.4409832709304222,0.3672900017697211,0.0722115614839285,0.0468941394470836,0.07262102636884459,0.5192014740735857,0.33421356716785633,0.10522206529923903,0.03128936328210396,0.010073530177215014,0.12906340057636886,0.19996397694524495,0.12729106628242076,0.08760806916426513,0.08744956772334293,0.08173631123919309,0.08009365994236312,0.07252881844380403,0.13426512968299711,3.7616531859877393,-4.704416903704332,16.521666,-18.321636
Huntingdonshire,E07000011,180832,91391,167116,5745,2646,4057,1268,86577,64569,22026,6085,1576,13200,18416,13493,9425,9129,7496,6112,6414,7706,2021,0.9241505928154309,0.03176981950097328,0.014632365952928685,0.022435188462219077,0.007012033268448062,0.4787703503804636,0.3570662272164219,0.12180366306848345,0.03365001769598301,0.008715271633339232,0.14443435349213818,0.2015078071144861,0.14764035845980458,0.10312831679268199,0.09988948583558556,0.0820212055891718,0.06687748246545065,0.07018196540140714,0.084319024849274,1.4095503865099144,1.6031345253368972,15.842893,5.9374733
Hyndburn,E07000120,82237,35627,67984,12401,224,1091,537,36121,28210,12149,4387,1367,3346,4984,3955,3297,4671,4414,3263,3847,3850,2021,0.8266838527670027,0.1507958704719287,0.0027238347702372412,0.013266534528253706,0.006529907462577672,0.439230516677408,0.34303294137675255,0.1477315563554118,0.053345817576030255,0.01662268808443888,0.09391753445420609,0.1398939006932944,0.111011311645662,0.09254217307098549,0.13110842900047717,0.12389479888848345,0.09158784068262835,0.10797990288264518,0.10806410868161788,-3.0732048245697974,-1.3470462989708623,-18.594826,-14.264224
Ipswich,E07000202,139643,67026,117757,7611,4882,6409,2984,63728,49957,18905,5562,1490,6066,11334,7906,6253,6834,7133,6370,6347,8783,2021,0.8432717715889805,0.05450326905036414,0.03496057804544445,0.045895605221887244,0.021368776093323688,0.4563637275051381,0.3577479716133283,0.13538093567167706,0.03983013828118846,0.010670065810674362,0.09050219317876645,0.1690985587682392,0.11795422671799004,0.0932921552830245,0.10196043326470325,0.10642138871482708,0.09503774654611644,0.09469459612687614,0.13103870139945692,-0.8930610918193833,-1.6739373155170398,4.2585306,-9.120259
Isle of Anglesey,W06000001,68879,29202,67587,430,104,598,160,32788,21937,10216,3059,878,3167,4716,3179,2482,4547,3638,2522,2065,2886,2021,0.9812424686769552,0.006242831632282698,0.0015098941622265132,0.00868189143280245,0.0023229140957330974,0.47602317106810493,0.31848604073810594,0.14831806501255826,0.04441121386779715,0.012746991100335371,0.10845147592630641,0.1614957879597288,0.10886240668447367,0.08499417848092597,0.15570851311554004,0.12458050818437093,0.0863639476748168,0.07071433463461407,0.09882884733922334,-2.129110046422333,0.8548880411784124,-24.089659,11.695415
Isle of Wight,E06000046,140459,57913,136219,1663,478,1720,379,56014,51903,23077,7386,2079,7243,8981,6602,4850,8084,7591,5104,3588,5870,2021,0.9698132551135918,0.011839753949551115,0.003403128315024313,0.012245566321844809,0.0026982962999878967,0.3987925302045437,0.3695242027922739,0.16429705465651898,0.0525847400308987,0.014801472315764742,0.12506691071089393,0.15507744375183466,0.11399858408302109,0.08374630911885068,0.13958869338490495,0.13107592423117434,0.08813219829744617,0.06195500146771882,0.10135893495415538,-3.4226027259398673,0.7335071665052001,-23.40009,1.5380416
Isles of Scilly,E06000053,2055,1113,2004,6,4,23,18,1054,677,240,66,17,191,139,124,75,191,150,84,65,94,2021,0.9751824817518249,0.00291970802919708,0.0019464720194647203,0.01119221411192214,0.008759124087591242,0.5128953771289537,0.3294403892944039,0.11678832116788321,0.032116788321167884,0.00827250608272506,0.17160826594788858,0.12488769092542677,0.11141060197663971,0.0673854447439353,0.17160826594788858,0.1347708894878706,0.07547169811320754,0.05840071877807727,0.08445642407906559,-0.31061162532208736,2.2585194391221988,-15.466588,18.36316
Islington,E09000019,216590,114972,134754,21532,28743,16231,15330,118690,63421,22469,8901,3108,17439,39312,22879,7333,4945,6756,5601,3496,7211,2021,0.6221616879819013,0.09941363867214553,0.13270695784662265,0.0749388245071333,0.07077889099219724,0.547993905535805,0.2928159194792003,0.10373978484694585,0.0410960801514382,0.014349692968281084,0.15168040914309572,0.3419267299864315,0.1989962773544863,0.06378074661656752,0.043010472114949724,0.05876213338899906,0.048716209163970355,0.0304074035417319,0.06271961868976794,8.145626084118906,-2.9451104121027893,29.427965,-11.261826
Kensington and Chelsea,E09000020,143373,69441,91394,17025,11279,9525,14150,85462,38302,13191,4806,1614,18485,19186,12294,4117,2221,5064,3182,1678,3214,2021,0.6374561458573093,0.1187462074449164,0.07866892650638545,0.06643510284363165,0.09869361734775725,0.5960815495246664,0.26714932379178785,0.09200477077273964,0.03352095582850328,0.011257349710196481,0.2661972033812877,0.2762921040883628,0.17704238130211258,0.05928774067193733,0.03198398640572572,0.0729252170907677,0.045823072824412094,0.024164398554168288,0.04628389568122579,9.642371260864541,-1.6398269508468617,32.105778,-11.398891
King's Lynn and West Norfolk,E07000146,154326,69223,147563,2886,843,2022,1012,64413,56961,23789,7106,2056,8301,9525,7527,6143,9702,7568,5225,6888,8344,2021,0.9561771833650843,0.01870067260215388,0.005462462579215427,0.013102134442673302,0.006557547010873087,0.4173826834104428,0.36909529178492284,0.15414771328227259,0.0460453844459132,0.013322447286912122,0.11991679066206319,0.13759877497363593,0.10873553587680396,0.0887421810669864,0.14015572858731926,0.10932782456697919,0.07548069283330684,0.09950449994943877,0.12053797148346648,-3.0097096477799647,0.555882404233317,-18.507061,-1.279769
"Kingston upon Hull, City of",E06000010,267013,117789,244989,7515,5065,4513,4931,115776,93150,39851,13999,4238,8253,14557,11961,9378,15820,13117,11993,14573,18137,2021,0.9175171246343811,0.028144697074674267,0.018969113863369948,0.016901798788823016,0.01846726563875167,0.4335968660701913,0.3488594188297948,0.1492474149198728,0.05242815892859149,0.015871886387554164,0.07006596541272954,0.12358539422187131,0.10154598476937575,0.07961694215928482,0.13430795744933738,0.11136014398628055,0.10181765699683332,0.1237212303356001,0.15397872466868723,-4.0270106796759775,-1.8409683628969724,-21.145887,-9.963981
Kingston upon Thames,E09000021,168065,84148,114831,29938,4741,8996,9559,90958,54724,16710,4367,1304,14674,23933,13140,7171,5769,5947,5296,2854,5364,2021,0.6832535031089162,0.17813346026834856,0.02820932377354,0.05352690923154732,0.056876803617647936,0.5412072709963407,0.3256121143605153,0.09942581739208045,0.025983994287924316,0.0077589028054621725,0.17438322954793933,0.2844155535485098,0.1561534439321196,0.0852189000332747,0.06855777915101963,0.07067309977658412,0.06293673052241289,0.033916432951466464,0.06374483053667349,6.3432900640018035,-0.7420476055343287,25.565212,-7.893495
Kirklees,E08000034,433213,190087,318969,84202,9948,13588,6506,201705,149441,58024,18669,5378,22814,34891,24630,17154,20975,17830,15809,16929,19055,2021,0.7362867688642769,0.1943662817136143,0.02296329980863917,0.03136563307195306,0.015018016541516528,0.46560237111998026,0.34495963879200303,0.13393873221717723,0.043094274640881045,0.012414216563214862,0.1200187282665306,0.18355279424684487,0.12957224849674095,0.09024288878250486,0.11034421080873495,0.09379915512370651,0.08316718134327966,0.08905922025177945,0.10024357267987816,0.20055397747048867,-1.3935513765078256,3.6260252,-14.09904
Knowsley,E08000011,154518,69491,147234,2510,1264,2658,852,73079,46569,21561,10037,3273,6008,10581,7912,7654,7330,8359,6612,6685,8350,2021,0.9528598609870694,0.01624406218045794,0.00818027673151348,0.017201879392692115,0.005513920708266998,0.4729481354923051,0.30138236321981904,0.13953714130392575,0.06495683350807026,0.021181998213800336,0.08645723906692954,0.15226432199853218,0.11385647062209495,0.11014375962354837,0.10548128534630384,0.1202889582823675,0.09514901210228663,0.0961995078499374,0.1201594451079996,-2.8947596441936057,-1.4424449135528266,-31.79102,-11.545803
Lambeth,E09000022,317650,182819,174778,23051,76145,25630,18046,178535,96211,30240,9582,3086,25695,55140,34580,12564,9463,13130,8956,6187,17104,2021,0.5502219423894223,0.07256729104360145,0.23971352117110026,0.0806862899417598,0.056810955454116165,0.5620494254682827,0.30288367700299074,0.09519911852668031,0.030165276247442155,0.009715095230599716,0.1405488488614422,0.3016097889169069,0.18914883026381285,0.068723710336453,0.051761578391742655,0.07181966863400413,0.04898834366231081,0.033842215524644594,0.0935570154086829,8.148978515815822,-3.6719950381832525,27.331392,-12.737609
Lancaster,E07000121,142939,62401,133063,5155,1215,2204,1302,66454,48857,19619,6214,1790,6581,12488,7430,4961,7340,7516,5024,4483,6578,2021,0.9309075899509581,0.03606433513596709,0.008500129425838995,0.015419164818558966,0.009108780668676849,0.4649116056499626,0.3418031467968854,0.13725435325558455,0.04347308991947614,0.01252282442160642,0.1054630534767071,0.20012499799682698,0.11906860466979696,0.07950193105879713,0.11762632009102418,0.12044678771173539,0.08051153026393808,0.07184179740709283,0.10541497732408134,-1.1037063521103097,0.2269556445021083,-8.7568245,2.685584
Leeds,E08000035,811953,374064,641801,78503,45376,27388,18885,402056,270304,98856,31621,9116,41589,85081,52009,35774,32376,34684,29948,22576,40027,2021,0.7904410723280781,0.09668416767965633,0.05588500812239132,0.03373101645045957,0.023258735419414672,0.4951715185484874,0.33290596869523237,0.12175088952193046,0.038944372395939175,0.011227250838410597,0.11118150904658027,0.22745038282219085,0.13903770477779204,0.09563604089139827,0.08655203387655588,0.09272210103083964,0.08006116600367852,0.06035330852474443,0.10700575302622012,1.742784652317856,-1.1714028938031267,12.97819,-7.828075
Leicester,E06000016,368571,154936,150657,159977,28766,13899,15272,179719,123425,46156,14749,4522,11006,24074,13678,12354,12069,15552,14761,22261,29181,2021,0.4087597776276484,0.43404662873639,0.07804737757447004,0.0377105089657081,0.041435707095783446,0.48761025691115145,0.33487442039661286,0.1252296029801585,0.04001671319772852,0.01226900651434866,0.07103578251665203,0.15538028605359633,0.08828161305313162,0.0797361491196365,0.07789667991945061,0.10037692982909072,0.09527159601383797,0.14367868022925595,0.18834228326534827,-0.22590656243801777,-6.783943125059493,11.031596,-20.703882
Lewes,E07000063,99909,44507,94101,1899,722,2461,726,45533,34732,14156,4297,1187,6557,8783,6518,3919,5301,4522,2991,2322,3594,2021,0.9418670990601448,0.01900729663994235,0.007226576184327738,0.024632415498103275,0.007266612617481909,0.45574472770220903,0.34763634907766067,0.14168893693260867,0.04300913831586744,0.011880811538500034,0.1473251398656391,0.19733974430988385,0.1464488732109556,0.08805356460781451,0.11910485990967713,0.10160199519176759,0.06720291190149864,0.05217156851731188,0.08075134248545172,0.3147048005465332,1.4374412759843196,2.8143787,3.9404395
Lewisham,E09000023,300553,155713,154749,26927,80473,24253,14151,159645,96291,31609,9891,3114,20155,41888,27269,11892,10473,13363,9774,6369,14530,2021,0.5148809028690448,0.08959151963214475,0.2677497812365872,0.08069458631256383,0.04708320994965946,0.5311708750203791,0.32037943391015894,0.1051694709418971,0.03290933712190529,0.010360901405076643,0.1294368485611349,0.269007725751864,0.17512346432218248,0.0763712727903258,0.06725835350934091,0.08581813978280554,0.06276932561828492,0.04090217258674613,0.09331269707731532,6.429816264263892,-4.23587030467361,25.65426,-13.155437
Lichfield,E07000194,106436,50472,100917,2496,601,1987,435,50143,37056,13924,4162,1151,8452,10500,6694,4780,5392,3775,3261,2983,4635,2021,0.9481472434138826,0.023450712165056935,0.005646585741666353,0.018668495621782105,0.004086963057612086,0.47110939907550076,0.3481528806043068,0.13082039911308205,0.03910331090984254,0.010814010297267841,0.16745918529085432,0.20803613884926295,0.13262799175780632,0.09470597559042637,0.1068315105404977,0.0747939451577112,0.06461008083689966,0.059102076398795375,0.09183309557774608,1.0683636250470014,1.8441499460548112,-2.9333248,19.6529
Lincoln,E07000138,103814,46718,95665,3347,1466,2068,1268,45492,38213,14444,4461,1203,3745,7225,5172,3728,4649,5323,4922,4893,7061,2021,0.9215038434122566,0.03224035293890997,0.014121409443812974,0.019920241971217754,0.012214152233802763,0.43820679291810355,0.36809100891979885,0.13913345020902768,0.04297108289826035,0.011588032442637794,0.08016182199580461,0.15465131212808766,0.11070679395522069,0.07979793655550323,0.09951196540947814,0.11393895286613297,0.10535553748020035,0.104734791729098,0.15114088788047433,-2.7479454769575278,-1.191365317462696,-7.895118,-13.431319
Liverpool,E08000012,486088,205750,408443,27767,16964,16880,16034,231830,150332,65142,29077,9707,17700,42403,24736,21341,16279,21874,19228,15241,26948,2021,0.8402655486249403,0.057123401524003886,0.03489903062819901,0.03472622241240269,0.03298579681045408,0.4769301031911917,0.30926910353680814,0.1340127713500436,0.05981838679416073,0.01996963512779579,0.08602673147023086,0.206089914945322,0.1202235722964763,0.10372296476306196,0.07912029161603888,0.1063134872417983,0.09345321992709599,0.07407533414337789,0.1309744835965978,-0.724741758326505,-2.862862520119722,-29.862358,-18.636255
Luton,E06000032,225261,98721,101798,83325,22735,9620,7783,109654,77855,27073,8162,2517,8547,15550,9938,8433,9659,10526,7854,11485,16729,2021,0.45191133840300807,0.36990424440981795,0.10092736869675621,0.04270601657632701,0.034551031914090764,0.4867864388420543,0.3456213015124678,0.12018502980986501,0.0362335246669419,0.011173705168671009,0.08657732397362264,0.15751461188602223,0.10066753780857163,0.08542255447169295,0.09784139139595426,0.10662371734484051,0.07955754094873431,0.1163379625408981,0.1694573596296634,0.4789749435293071,-5.407926857394042,11.124045,-19.710619
Maidstone,E07000110,175781,86407,157864,8213,3606,4013,2085,87494,59781,21018,5832,1657,12732,15817,12106,8635,9423,7124,5894,5939,8737,2021,0.8980720328135577,0.0467229108948066,0.020514162509031125,0.022829543579795313,0.011861350202809177,0.49774435234752334,0.34008795034730716,0.11956923672069222,0.03317764718598711,0.009426502295469931,0.14734917309940168,0.18305229900355297,0.14010438969065006,0.09993403312231648,0.10905366463365236,0.08244702396796556,0.06821206615204786,0.06873285729165461,0.10111449303875844,1.4454461375702419,1.0356061736297277,13.779213,5.0341573
Maldon,E07000074,66211,31255,64129,741,236,897,208,30903,23469,8677,2487,672,5186,4980,4132,3538,4224,2414,2192,1974,2615,2021,0.9685550739303137,0.011191493860536769,0.0035643624171210224,0.013547597831176088,0.0031414719608524266,0.46673513464530064,0.35445771850598845,0.13105073175152165,0.037561734454999926,0.010149370950446301,0.16592545192769156,0.15933450647896336,0.1322028475443929,0.11319788833786594,0.13514637657974723,0.07723564229723244,0.07013277875539914,0.06315789473684211,0.0836666133418653,0.17017086152667082,2.380434237027664,-3.4141464,17.258627
Malvern Hills,E07000235,79487,35800,76779,1051,262,1119,276,36926,27733,10843,3096,888,5950,7718,4400,3280,4441,3133,2248,1849,2781,2021,0.965931535974436,0.013222287921295307,0.003296136475146879,0.014077773724005184,0.00347226590511656,0.4645539522186018,0.34889982009636794,0.1364122435115176,0.038949765370437935,0.011171638129505454,0.16620111731843576,0.21558659217877094,0.12290502793296089,0.09162011173184358,0.12405027932960894,0.08751396648044693,0.06279329608938547,0.05164804469273743,0.07768156424581006,0.5670965960646767,2.2708150171405963,-4.0672436,19.452951
Manchester,E08000003,551938,234283,313632,115109,65893,29026,28278,280547,173458,64955,24915,8063,20368,55875,31626,18837,15576,23595,21720,15035,31651,2021,0.5682377368472545,0.20855422166982523,0.11938478597233747,0.052589240095807864,0.05123401541477485,0.5082944098793705,0.3142708057789099,0.11768531972794045,0.04514093974323203,0.014608524870547054,0.08693759256967001,0.23849361669433974,0.1349905883055962,0.08040276076369178,0.06648369706722213,0.10071153263360978,0.09270839113379972,0.06417452397314359,0.13509729685892702,2.4958320915624865,-5.094176866074711,10.32127,-16.03709
Mansfield,E07000174,110482,51367,104712,2234,1174,1544,818,47123,38004,17302,6249,1804,4976,6575,5462,4363,6299,5826,4337,5093,8436,2021,0.9477742980757047,0.020220488405351098,0.010626165348201516,0.013975127170036747,0.007403921000705998,0.4265219673793016,0.34398363534331383,0.1566046957875491,0.05656124979634691,0.01632845169348853,0.0968715323067339,0.12800046722604005,0.10633285961804272,0.0849378005334164,0.12262736776529679,0.11341912122568965,0.08443163899001305,0.09914925925204898,0.16422995308271848,-3.7673344469110988,-1.0227024981537176,-22.511108,-7.601312
Medway,E06000035,279773,132610,235747,16484,15723,7859,3960,132845,96739,35907,11171,3113,14826,21929,17307,13910,15896,12828,10137,11111,14666,2021,0.8426367090462625,0.0589191952046838,0.05619913286843262,0.0280906306183942,0.014154332262226876,0.4748313811554367,0.345776754726153,0.12834333548984356,0.039928799419529405,0.011126877861695018,0.1118015232637056,0.16536460297111832,0.13051051956865997,0.10489405022245683,0.11987029635774074,0.09673478621521756,0.07644219892919087,0.08378704471759295,0.11059497775431718,-0.05201593431067906,-0.46851531278245445,6.9344964,-6.3645115
Melton,E07000133,51752,25466,50142,599,192,659,160,24748,18186,6757,1622,439,3880,4183,3095,2303,3236,2370,1653,2156,2590,2021,0.9688900912042047,0.011574431906013294,0.0037100015458339775,0.012733807389086412,0.003091667954861648,0.4782037409182254,0.3514067089194621,0.13056500231875096,0.031341783892409956,0.008482763951151646,0.15236000942433048,0.16425822665514805,0.1215345951464698,0.09043430456294667,0.1270713893033849,0.093065263488573,0.06491007618000472,0.08466190214403518,0.1017042330951072,-0.051156761125707946,1.993279508958974,-2.2027507,14.666967
Merthyr Tydfil,W06000024,58839,25633,57140,871,91,510,227,26718,17786,8837,4112,1386,2144,3751,2799,2220,3140,3183,2475,2597,3324,2021,0.971124594231717,0.014803106782916093,0.0015465932459763083,0.008667720389537552,0.0038579853498529886,0.45408657523071433,0.3022824997025782,0.15018950016145755,0.06988562008191845,0.023555804823331465,0.08364218000234074,0.1463348027932743,0.1091951780907424,0.08660710802481177,0.12249834198104007,0.12417586704638552,0.09655522178441853,0.10131471150470098,0.12967658877228572,-4.069671808854942,-1.5610644717697337,-33.279747,-9.929202
Merton,E09000024,215187,112065,129617,40019,22887,12765,9899,118140,68979,20760,5599,1704,17692,29411,16337,9159,9115,8623,7030,5202,9496,2021,0.6023458666183366,0.18597313034709345,0.10635865549498807,0.0593204979854731,0.04600184955410875,0.5490108603214878,0.32055375092361527,0.0964742293911807,0.02601922978618597,0.007918693973148936,0.15787266318654353,0.2624459019319145,0.14578146611341633,0.08172935350020077,0.08133672422254941,0.07694641502699326,0.06273145049747914,0.04641948868959979,0.08473653683130326,5.959703597649206,-2.032012700527921,24.519875,-8.882231
Mid Devon,E07000042,82853,40283,81068,562,101,899,223,39073,28866,10954,3085,874,5312,6482,4430,3586,6041,3907,3127,3277,4121,2021,0.9784558193426913,0.006783097775578434,0.0012190264685648076,0.010850542527126356,0.0026915138860391296,0.47159426936864085,0.34840017862962114,0.13221005877880102,0.03723462035170724,0.010548803302234077,0.1318670406871385,0.16091155077824393,0.10997194846461286,0.08902018221085818,0.14996400466698112,0.09698880421021275,0.07762579748280912,0.08134945262269444,0.10230121887644912,-1.1685255010466513,1.5796228996369897,-14.2223,12.553915
Mid Suffolk,E07000203,102701,50024,99463,821,553,1463,401,48205,36960,13204,3454,876,7402,8948,6776,4940,6553,4341,3235,3403,4426,2021,0.9684715825551845,0.007994079901851005,0.005384562954596352,0.01424523617102073,0.0039045384173474456,0.4693722553821287,0.35987965063631316,0.12856739466996425,0.03363161020827451,0.00852961509625028,0.14796897489205182,0.17887414041260194,0.13545498160882777,0.09875259875259876,0.13099712138173678,0.08677834639373101,0.06466895889972812,0.06802734687350072,0.0884775307852231,0.3479368512110347,2.2992580111693797,-2.8081129,15.65446
Mid Sussex,E07000228,152566,76572,140724,5505,1337,3827,1173,80741,50460,16029,4180,1156,13156,17539,11989,7231,6878,6923,4567,3009,5280,2021,0.9223811334111138,0.036082744517127015,0.008763420421325852,0.025084225843241614,0.007688475807191642,0.5292201407915262,0.3307421050561724,0.10506272695095893,0.0273979785797622,0.007577048621580169,0.17181215065559213,0.22905239513137962,0.15657159274930785,0.0944339967612182,0.08982395653763778,0.09041163871911403,0.059643211617823745,0.03929634853471243,0.06895470929321423,3.5711126963457844,2.2496606055320654,28.108566,4.4497375
Middlesbrough,E06000002,143922,56434,118547,15090,3816,3001,3468,67207,46382,19821,7969,2545,4409,8996,6109,4856,5906,7578,5394,5577,7609,2021,0.8236892205500201,0.10484845958227373,0.026514361946054114,0.020851572379483332,0.024096385542168676,0.46696821889634665,0.32227178610636315,0.13772043190061284,0.0553702700073651,0.01768318950542655,0.07812666123259028,0.15940744940993018,0.10825034553637877,0.08604741822305702,0.10465322323422051,0.1342807527377113,0.09558067831449127,0.09882340433072262,0.13483006698089803,-2.4052999018000008,-2.684374341570948,-21.001274,-14.062293
Milton Keynes,E06000042,287060,143378,206114,35645,27851,11725,5725,146636,96796,31721,9239,2668,18299,30540,19938,13825,11004,11017,11353,9345,18057,2021,0.7180171392740193,0.12417264683341461,0.09702152860029262,0.04084511948721522,0.019943565805058176,0.5108200376227966,0.33719779836967884,0.11050303072528392,0.03218490907824148,0.009294224203999163,0.12762766951694124,0.21300338964136759,0.13905899091910892,0.09642344013725955,0.07674817614975799,0.07683884556905522,0.07918230132935318,0.06517736333328683,0.1259398234038695,2.817505338199222,-1.706959573828776,16.768116,-7.7767773
Mole Valley,E07000210,87387,42341,81046,2637,706,2194,804,45952,28806,9411,2501,716,8321,10140,6392,4063,4156,3429,2168,1285,2387,2021,0.9274377195692723,0.030176113151841807,0.008079004886310321,0.02510670923592754,0.009200453156648015,0.5258448052914049,0.32963713138109785,0.10769336400151053,0.028619817593005824,0.008193438383283555,0.1965234642545051,0.2394841879029782,0.15096478590491486,0.09595899955126237,0.09815545216220685,0.08098533336482369,0.05120332538201743,0.03034883446305,0.056375617014241514,4.018550420432044,2.814452672332442,30.222282,3.5345607
Monmouthshire,W06000021,92960,42830,90106,1185,230,1115,324,43165,31887,12655,4060,1188,6573,9315,5427,3794,4895,3538,2824,2485,3979,2021,0.9692986230636833,0.012747418244406197,0.0024741824440619622,0.011994406196213425,0.0034853700516351118,0.4643395008605852,0.3430185025817556,0.13613382099827884,0.043674698795180725,0.012779690189328743,0.1534671958907308,0.21748774223674994,0.1267102498248891,0.0885827690870885,0.11428904973149662,0.08260565024515526,0.06593509222507588,0.05802007938360962,0.09290217137520429,0.2791809338167754,1.7111184474878227,-3.9135602,20.009617
Neath Port Talbot,W06000012,142290,59189,137511,2253,522,1583,421,64583,43219,21961,9388,3138,5200,9256,6815,6706,7075,7272,5112,5355,6398,2021,0.9664136622390892,0.015833860425890786,0.003668564199873498,0.011125166912643194,0.002958746222503338,0.45388291517323776,0.3037388432075339,0.15433972872303042,0.06597793239159463,0.022053552603837234,0.08785416209092906,0.15638040852185373,0.11513963743263106,0.11329807903495583,0.11953234553717752,0.12286066667793002,0.0863673993478518,0.0904728919224856,0.10809440943418541,-3.3795193818950025,-0.8778245410592879,-31.836136,-10.465849
New Forest,E07000091,175782,78702,170118,2103,703,2215,643,81075,62425,23866,6534,1885,11997,13956,9927,7715,9971,8252,5386,4498,7000,2021,0.9677782708127112,0.011963682288288903,0.003999271825329101,0.012600835125325687,0.0036579399483451093,0.4612246987746186,0.3551273736787612,0.13577044293499904,0.037171041403556676,0.010723509801913734,0.1524357703743234,0.17732713272852024,0.12613402454829611,0.09802800437091815,0.12669309547406674,0.10485121089680059,0.06843536377728647,0.057152296002642884,0.08894310182714543,-0.31431422691037275,2.0063274656531402,-8.340103,13.973057
Newark and Sherwood,E07000175,122959,57117,118366,1411,804,1844,534,54954,43072,17806,5553,1571,7801,9033,7048,4909,6617,5750,4283,4817,6859,2021,0.9626460852804594,0.01147536983872673,0.0065387649541717155,0.01499686887499085,0.004342911051651363,0.4469294642929757,0.35029562699761707,0.14481249847510147,0.04516139526183525,0.012776616595775827,0.13657930213421574,0.15814906245075896,0.12339583661606877,0.08594639074181067,0.11584992208974561,0.10067055342542501,0.07498643136019048,0.08433566188700387,0.1200868392947809,-1.4584742518992326,0.7477467823849377,-11.915734,4.882862
Newcastle upon Tyne,E08000021,300127,125078,240002,34128,9921,6920,9156,145219,96614,39307,14525,4461,11448,30729,15060,11029,10037,11694,12573,7906,14602,2021,0.7996681404871937,0.11371186197842913,0.033056006290670285,0.023056905909831504,0.030507085333875326,0.48385849990170826,0.32191039126769666,0.13096789025979003,0.04839617895091078,0.014863707697074905,0.09152688722237325,0.24567869649338814,0.12040486736276564,0.08817697756599882,0.08024592654183789,0.09349365995618734,0.10052127472457187,0.06320855785989543,0.11674315227298165,0.4120524488535771,-2.161540071364648,9.487497,-10.747403
Newcastle-under-Lyme,E07000195,123299,56682,114523,4642,1289,1988,857,54189,43520,17878,5972,1741,6024,10116,6659,5220,6606,5791,4861,4433,6972,2021,0.9288234292248924,0.037648318315639216,0.010454261591740403,0.016123407326904517,0.006950583540823526,0.43949261551188573,0.35296312216644093,0.1449971208201202,0.048435104907582384,0.014120146959829358,0.10627712501323171,0.17846935535090505,0.11747997600649236,0.09209272785011115,0.11654493489996824,0.10216647260153135,0.08575914752478742,0.07820824953247944,0.12300201122049328,-1.9141507774311926,-0.11879564929380486,-8.692867,-3.1846468
Newham,E09000025,351030,163445,107947,148187,61302,16419,17175,180480,116872,37801,11823,4060,15522,32704,19608,12621,16496,14189,14529,11822,25954,2021,0.30751502720565194,0.42214910406517964,0.17463464661140074,0.046773780018801815,0.0489274420989659,0.5141440902486967,0.33294020454092244,0.10768595276756972,0.033680881975899496,0.011565963023103438,0.09496772614641011,0.2000917739912509,0.11996696136314969,0.07721863623849001,0.10092691731163388,0.08681207745724862,0.08889228792560189,0.07233014163785983,0.1587934779283551,3.043432787606226,-6.554404073641461,14.122378,-18.938515
Newport,W06000022,159592,72786,136473,12194,3737,4451,2737,74351,52689,21937,8159,2456,7420,13767,9109,7623,6347,6761,6534,6140,9085,2021,0.8551368489648604,0.07640733871371999,0.02341596069978445,0.027889869166374256,0.017149982455260917,0.46588174845856933,0.3301481277257005,0.1374567647501128,0.05112411649706752,0.015389242568549802,0.10194268128486247,0.18914351661033715,0.12514769323771055,0.10473167916907097,0.08720083532547468,0.09288874234056,0.08977001071634655,0.08435688181793202,0.1248179594977056,-0.6746024505610371,-1.513735129047158,2.563608,-11.809052
North Devon,E07000043,98612,45163,95639,1135,325,1174,339,46135,33154,13705,4352,1265,5749,6898,5067,3618,7162,4874,3406,3237,5152,2021,0.9698515393664057,0.011509755405021702,0.003295744939763923,0.011905244797793372,0.0034377154910152923,0.4678436701415649,0.3362065468705634,0.13897902892142944,0.04413255993185414,0.012828053380927271,0.12729446670947456,0.15273564643624205,0.11219360981334278,0.08010982441379005,0.15858113942829308,0.10792020016385094,0.07541571640502182,0.07167371520935278,0.11407568142063193,-1.6898086315224932,1.0544606466669437,-19.966387,11.303735
North East Derbyshire,E07000038,102003,46563,99367,952,324,1170,190,44381,35060,15945,5166,1449,6028,8011,5492,4610,5813,4639,3731,3527,4712,2021,0.9741576228150153,0.009333058831602991,0.003176377165377489,0.011470250874974266,0.001862690313030009,0.43509504622413064,0.343715380920169,0.15631893179612363,0.0506455692479633,0.014205464545160437,0.1294590125206709,0.17204647466872838,0.11794772673582028,0.09900564826149517,0.12484161243906106,0.09962846036552628,0.08012799862551812,0.07574683761785109,0.10119622876532869,-1.9896963504787082,0.8976519341352454,-13.854804,3.609422
North East Lincolnshire,E06000012,156967,68851,151030,2437,846,1617,1037,67586,54939,24237,7911,2293,6058,8490,7328,5865,8108,7344,5685,10396,9577,2021,0.9621767632687125,0.015525556327126084,0.005389667891977295,0.01030152834672256,0.00660648416546153,0.4305745793701861,0.3500035039212064,0.1544082514159027,0.05039912847923449,0.014608166047640586,0.08798710258384047,0.12330975584958824,0.10643273155074,0.08518394794556361,0.11776154304222161,0.10666511742748834,0.08256960683214477,0.15099272341723433,0.13909747135117864,-3.8454231126706966,-0.6961413980173689,-19.725994,-5.0673947
North Hertfordshire,E07000099,133210,67161,116620,6956,3235,4913,1486,67385,45317,15363,4089,1056,10803,17135,10326,5895,5838,4991,4105,3290,4778,2021,0.8754598003152917,0.05221830192928459,0.024284963591321974,0.036881615494332255,0.011155318669769538,0.5058554162600405,0.3401921777644321,0.11532917949102921,0.030695893701674047,0.007927332782824112,0.1608522803412695,0.25513318741531543,0.15374994416402377,0.08777415464331978,0.08692544780452942,0.07431396197197779,0.06112178198656959,0.048986763151233605,0.07114247852176114,3.619201381430303,1.3835602638236009,26.551903,2.5006351
North Kesteven,E07000139,118072,56892,114729,1160,416,1368,399,54648,41825,15872,4509,1220,7665,9946,8580,6036,6556,5561,3753,3915,4880,2021,0.971686767396165,0.0098245138559523,0.0035232739345484113,0.011586150823226506,0.003379293990107731,0.46283623551731146,0.354233010366556,0.1344264516566163,0.03818856291076631,0.010332678365742937,0.1347289601349926,0.17482247064613654,0.15081206496519722,0.10609576038810378,0.11523588553750967,0.09774660760739647,0.06596709554946213,0.06881459607677705,0.08577655909442453,-0.02284237155469678,1.9648137095991145,-1.2324008,12.306128
North Lincolnshire,E06000013,169684,76223,160052,5622,818,1820,1372,72786,60954,25702,8003,2235,8279,10321,8278,6393,9215,7323,6003,10070,10341,2021,0.9432356615827067,0.03313217510195422,0.004820725584026779,0.010725819759081587,0.008085617972230735,0.4289502840574244,0.3592206690082742,0.15146979090544777,0.047164140402159306,0.013171542396454586,0.10861550975427364,0.13540532385238052,0.10860239035461737,0.08387232200254516,0.12089526783254398,0.09607336368287787,0.07875575613659919,0.1321123545386563,0.13566771184550594,-2.9845133898408984,-0.19083070895096918,-18.535229,-4.471644
North Norfolk,E07000147,102978,41659,101007,565,183,978,245,40520,38727,17522,4821,1391,5718,5304,4227,3403,6875,4957,3607,2753,4815,2021,0.980859989512323,0.005486608790227039,0.0017770785993124745,0.009497174153702733,0.0023791489444347337,0.39348210297345065,0.3760706170249956,0.1701528481811649,0.0468158247392647,0.013507739517178426,0.13725725533498165,0.1273194267745265,0.10146666986725557,0.0816870304135961,0.16503036558726805,0.11898989414052186,0.08658393144338558,0.06608415948534531,0.11558126695311938,-3.8723356242717766,1.1767311706089416,-22.153313,0.7533346
North Northamptonshire,E06000061,359523,178855,324664,12726,11017,8175,2941,166047,128657,47271,13718,3831,21751,26861,20376,16768,19477,15814,13354,17639,26815,2021,0.9030409737346429,0.03539690089368413,0.030643380256617798,0.022738461795211988,0.008180283319843237,0.4618536227167664,0.3578547130503473,0.13148254770904783,0.03815611240449151,0.010655785582563563,0.12161247938274021,0.1501831092225546,0.1139246875960974,0.09375192194794667,0.10889826954795784,0.08841799222834139,0.07466383383187498,0.09862178859970368,0.14992591764278326,-0.9756428151452368,-0.17880866296521578,-6.0957117,-8.817019
North Somerset,E06000024,216729,102702,207429,3322,1139,3635,1204,103098,73421,28789,8897,2522,14625,20359,13585,10134,10436,10139,7377,6711,9336,2021,0.9570892681643897,0.01532789797396749,0.005255411135565614,0.016772097873381044,0.005555324852696224,0.47570006782664065,0.3387686926991773,0.13283409234574053,0.04105126678940059,0.011636652224667672,0.14240229012093242,0.19823372475706413,0.1322759050456661,0.09867383303148916,0.10161437946680688,0.09872251757512025,0.07182917567330724,0.06534439446164632,0.09090377986796752,0.25581884013703343,1.2998365630860045,4.291237,6.2635427
North Tyneside,E08000022,208968,97266,198208,5396,1281,2879,1204,96170,69597,30204,10188,2806,9927,21780,13362,10743,8704,8832,9443,5848,8627,2021,0.9485088626009724,0.025822135446575554,0.006130125186631446,0.013777229049423835,0.005761647716396769,0.4602140040580376,0.3330509934535431,0.1445388767658206,0.048753876191570004,0.013427893265954597,0.10206032940595891,0.2239220282524212,0.1373758559003146,0.11044969465177966,0.08948656262208789,0.09080254148417741,0.0970842843336829,0.060123784261715295,0.08869491908786215,-0.5077773932490124,0.311869628299236,0.9275424,0.4845646
North Warwickshire,E07000218,65036,31754,62514,844,364,1113,201,29587,22596,9157,2864,830,4243,4816,3928,3331,3752,2721,2218,2814,3931,2021,0.9612214773356295,0.012977427886093856,0.005596900178362753,0.017113598622301496,0.0030905959776123993,0.4549326526846669,0.3474383418414417,0.1407989421243619,0.04403714865612891,0.012762162494618366,0.13362096113875419,0.15166593185110538,0.12370095106128362,0.10490017005731561,0.11815834225609372,0.08568999181205518,0.06984946778358632,0.0886187566920703,0.12379542734773571,-1.1701630968333763,0.8528365059463259,-7.5953126,-1.3668301
North West Leicestershire,E07000134,104707,51961,100449,1543,642,1592,481,49180,36846,13648,3916,1116,7305,8940,6845,4828,5962,4407,3642,4481,5551,2021,0.9593341419389344,0.014736359555712607,0.006131395226680165,0.015204332088590065,0.004593771190082803,0.46969161565129364,0.35189624380413914,0.13034467609615402,0.03739960079077807,0.010658313197780473,0.1405862088874348,0.1720521160100845,0.13173341544620004,0.09291584072669887,0.1147399010796559,0.08481361020765574,0.07009102981081965,0.08623775523950655,0.10683012259194395,-0.12894132396887054,1.367411968139114,-0.4171143,14.34581
North Yorkshire,E06000065,615490,293535,595154,8317,2456,6720,2843,293072,213655,80093,22395,6276,44679,52153,38519,25165,38526,26639,20742,18230,28882,2021,0.9669596581585403,0.013512810931128045,0.003990316658272271,0.01091813027019123,0.0046190839818681054,0.4761604575216494,0.34712992899965883,0.1301288404360753,0.03638564395847211,0.010196753805910739,0.15221012826409117,0.1776721685659291,0.1312245558451292,0.08573083277973666,0.1312484030865144,0.09075238046570255,0.07066278297306965,0.06210503006455789,0.09839371795526938,0.13241198452938463,1.9154524084833218,-4.2346973,15.434911
Northumberland,E06000057,320566,140777,313027,3374,598,2557,1010,140289,110887,49447,15644,4300,17405,24722,17034,13435,16928,15432,12010,9968,13843,2021,0.9764822220697142,0.010525133669821503,0.0018654504844556191,0.007976516536376285,0.0031506772396324,0.4376290685849404,0.3459100466050673,0.15424904699812206,0.04880118290773195,0.013413774386553784,0.12363525291773514,0.17561107283149946,0.12099987924163748,0.09543462355356344,0.12024691533418101,0.10962017943271983,0.08531223140143632,0.07080702103326537,0.09833282425396193,-2.0062187777884835,0.9186190894863584,-13.994326,4.045476
Norwich,E07000148,143924,65720,125421,7867,3578,4519,2539,63232,52223,20346,6382,1738,5633,14691,8202,5095,5904,6762,6275,4545,8613,2021,0.8714390928545621,0.054660793196409214,0.024860342958783803,0.031398515883382896,0.017641255106861955,0.4393429865762486,0.3628512270364915,0.14136627664600762,0.04434284761401851,0.012075817792723938,0.08571211199026171,0.2235392574558734,0.12480219111381619,0.07752586731588558,0.08983566646378575,0.10289105295191722,0.09548082775410834,0.06915702982349362,0.1310559951308582,-0.843867088289796,-1.2630935451566303,2.8067405,-8.410135
Nottingham,E06000018,323635,128866,213430,48217,32215,19063,10710,153956,108292,41863,14787,4734,10297,24432,14343,10112,10634,14291,12113,11229,21415,2021,0.6594774977984458,0.1489857401084555,0.09954114975203547,0.05890277627574274,0.0330928360653205,0.47570874596381724,0.33461152223956,0.12935251131676118,0.04569036105489208,0.014627589722990405,0.07990470721524684,0.18959228966523364,0.11130166219173405,0.07846910744494281,0.08251982679682772,0.11089814225629724,0.09399686496050161,0.08713702605807583,0.16618037341114025,0.046007609395066366,-4.711787453627583,8.080523,-16.51806
Nuneaton and Bedworth,E07000219,134198,63114,116939,10782,2446,2449,1582,59458,47478,19379,6075,1807,6264,9985,7477,6311,6608,6224,4976,6108,9161,2021,0.8713915259541871,0.08034396935870877,0.018226799207141688,0.018249154234787405,0.01178855124517504,0.4430617445863575,0.3537906675211255,0.1444060269154533,0.04526893098257798,0.013465178318603855,0.09924897803973762,0.15820578635484994,0.11846816871058719,0.09999366226193872,0.10469943277244352,0.09861520423360902,0.07884146148239693,0.0967772601958361,0.14515004594860095,-1.8168420623730843,-0.9227436054279818,-7.8449583,-5.957365
Oadby and Wigston,E07000135,57747,25989,36592,16131,1254,1873,1897,26568,20744,7661,2170,604,2997,5815,3255,2784,2437,2439,2093,1793,2376,2021,0.6336606230626699,0.2793391864512442,0.021715413787729232,0.032434585346424925,0.0328501913519317,0.460075848096005,0.35922212409302645,0.13266490034114325,0.03757770966457132,0.010459417805253952,0.11531801916195314,0.22374850898457038,0.12524529608680596,0.10712224402631883,0.09377044134056717,0.09384739697564354,0.08053407210743006,0.0689907268459733,0.09142329447073762,1.3175116242831608,-1.9468899802461013,13.591224,-14.085188
Oldham,E08000004,242087,98207,164897,59565,8209,6125,3291,113590,79548,33754,11724,3472,9616,14988,11314,9555,11144,10613,8596,9362,13019,2021,0.6811476865754873,0.24604790839656818,0.03390929707088774,0.02530082160545589,0.01359428635160087,0.46921148182265054,0.3285926133993151,0.13942921346458093,0.04842887061263099,0.014341951447206996,0.09791562719561742,0.15261641227203762,0.11520563707271375,0.09729449020945553,0.11347459957029539,0.10806765301862392,0.08752940218110725,0.09532925351553352,0.13256692496461556,-1.0890203384509436,-2.7587841154999335,3.3122356,-17.013102
Oxford,E07000178,162040,73329,114561,24991,7535,9005,5948,88767,52154,15703,4221,1194,6732,26873,8620,4723,4607,5985,4221,3724,7844,2021,0.7069921007158726,0.15422735127129103,0.04650086398420143,0.055572698099234756,0.036706985929400145,0.5478091829177981,0.32185880029622316,0.09690817082201926,0.02604912367316712,0.007368550975067885,0.09180542486601481,0.36647165514325847,0.11755240082368504,0.06440835140258289,0.0628264397441667,0.08161845927259338,0.05756249232909218,0.05078481910294699,0.10696995731565956,5.216183498523065,-1.8662228688890037,23.690798,-3.7282789
Pembrokeshire,W06000009,123359,52768,120375,1159,244,1162,419,55187,41206,18605,6375,1987,6112,7598,5388,4142,9059,6845,4140,3831,5653,2021,0.9758104394490876,0.009395342050438153,0.0019779667474606635,0.009419661313726603,0.0033965904392869594,0.4473690610332444,0.33403318768796764,0.1508199644938756,0.05167843448795791,0.01610745871805057,0.11582777440873257,0.14398878107944207,0.10210733778047301,0.07849454214675561,0.1716760157671316,0.12971876895087933,0.07845664038811401,0.07260081867798666,0.10712932080048514,-3.1677246363653535,0.6489322418992868,-22.458979,11.4517975
Pendle,E07000122,95758,39623,67577,25573,244,1488,876,44752,32255,13182,4286,1285,4070,5701,4083,3159,5373,4135,3673,4558,4871,2021,0.7057060506693957,0.2670586269554502,0.0025480899768165585,0.0155391716618977,0.009148060736439775,0.46734476492825666,0.3368386975500741,0.13765951669834375,0.044758662461622,0.01341924434511999,0.10271811826464428,0.14388107917118845,0.10304621053428564,0.07972642152285289,0.13560305882946774,0.10435857961285112,0.09269868510713475,0.11503419730964339,0.12293364964793176,-1.755074561315218,-2.086473024072698,1.515938,-17.75056
Peterborough,E06000031,215670,100968,162581,30801,8751,7617,5920,99550,77378,27730,8582,2433,9979,15830,11291,9118,8947,9135,8723,11152,16793,2021,0.7538415171326563,0.1428154124356656,0.04057587981638615,0.035317846710251774,0.027449343905040106,0.46158482867343625,0.35877961700746513,0.12857606528492604,0.03979227523531321,0.011281123939351788,0.09883329371682117,0.15678234688218048,0.11182750970604548,0.09030583947389272,0.08861223357895572,0.09047420965058237,0.08639370889786863,0.11045083590840662,0.1663200221852468,-0.6418230375942573,-2.6243403229201476,6.010006,-13.717933
Plymouth,E06000026,264695,121018,248727,5947,2786,4656,2579,121117,89371,37196,13109,3902,10874,20138,15675,11406,15496,13823,11112,9029,13465,2021,0.9396739643740909,0.022467368102910897,0.010525321596554525,0.017590056480099737,0.009743289446343905,0.45757192240125427,0.33763765843706905,0.14052399931997203,0.04952492491357978,0.014741494928124823,0.08985440182452197,0.16640499760366226,0.12952618618717876,0.09425044208299592,0.12804706737840651,0.11422267761820555,0.09182105141383927,0.07460873589052869,0.11126444000066106,-1.9284149373913821,-0.25664327565642375,-9.496189,1.2140526
Portsmouth,E06000044,208001,97787,177277,14370,7070,5487,3797,98505,72447,26740,8000,2311,9806,18084,12207,8982,10663,10674,8481,7288,11602,2021,0.8522891716866746,0.06908620631631579,0.033990221200859615,0.02637968086691891,0.018254719929231108,0.47357945394493295,0.3483012100903361,0.12855707424483537,0.03846135355118485,0.011110523507098524,0.10027917821387301,0.18493255749741785,0.1248325442032172,0.09185270025668034,0.10904312434168141,0.10915561373188665,0.08672931984824159,0.07452933416507307,0.11864562774192888,-0.32080628205645767,-0.7690527871588123,4.958067,-7.0874386
Powys,W06000023,133169,61726,130160,1247,221,1135,406,59313,45946,20078,6040,1792,7396,9056,6334,5038,12196,6553,4217,4610,6326,2021,0.9774046512326442,0.00936404118075528,0.0016595453896927964,0.008523004603173411,0.0030487575937342775,0.44539645112601284,0.34502023744264804,0.1507708250418641,0.045355901148165116,0.013456585241309915,0.11981984901014159,0.14671289246022745,0.10261478145352039,0.08161876680815215,0.19758286621520915,0.1061627191135016,0.06831805074036873,0.07468489777403363,0.10248517642484528,-2.6466689578769365,1.5076768015399635,-19.947474,14.072969
Preston,E07000123,147834,66634,107321,29815,3489,4367,2842,71585,48918,19091,6379,1862,6171,12745,7639,6669,6043,7165,6057,5574,8571,2021,0.7259561399948591,0.20167891012892838,0.023600795486829824,0.02953988933533558,0.019224265054047108,0.4842255502793674,0.33089816956857016,0.12913808731414966,0.04314974904284535,0.01259520813885845,0.09261037908575202,0.19126872167362008,0.11464117417534592,0.10008404118017829,0.09068943782453402,0.10752768856739803,0.09089954077497973,0.08365098898460245,0.12862802773358945,-0.132480629314319,-2.4116945827932295,4.201466,-15.650752
Reading,E06000038,174223,88868,116886,30841,12532,8962,5002,89196,60019,18627,5018,1364,9390,22757,11993,7062,6953,8079,6736,5095,10803,2021,0.6708987906303989,0.1770202556493689,0.0719308013293308,0.05143982137834844,0.028710331012552878,0.5119645511786618,0.3444952732991626,0.10691470127365503,0.028802167337263162,0.007829046681551804,0.10566233064770221,0.25607642796057073,0.13495296394652742,0.0794661745510195,0.07823963631453391,0.09091011387676104,0.07579781248593419,0.05733222307242202,0.12156231714452896,3.335795716208556,-2.2118019360516588,18.032764,-8.706646
Redbridge,E09000026,310261,141627,107974,146833,26096,12736,16622,159202,105549,33011,9467,3029,18627,34456,17250,14551,12846,9843,10747,9229,14078,2021,0.34801022365041046,0.4732563873641869,0.0841098301107777,0.041049310096982865,0.05357424877764205,0.5131228223979166,0.34019422357305623,0.10639751692929501,0.030513019683427824,0.009762748137858126,0.1315215319112881,0.2432869438736964,0.12179880954902667,0.10274170885494997,0.09070304391111864,0.06949945984875765,0.07588242354918201,0.06516412830886766,0.09940195019311289,4.428465939186315,-4.389788482690272,17.29746,-17.035389
Redcar and Cleveland,E06000003,136530,55623,133388,1160,265,1185,532,58085,46416,21633,7916,2481,4801,8411,6605,4983,6800,7430,4760,5345,6488,2021,0.9769867428404013,0.008496301179228009,0.001940965355599502,0.00867941111843551,0.003896579506335604,0.4254376327547059,0.33996923753021313,0.15844869259503405,0.057979931150662856,0.01817183036695232,0.08631321575607213,0.15121442568721571,0.11874584254714776,0.08958524351437355,0.12225158657389928,0.13357783650648114,0.0855761106017295,0.09609334268198406,0.11664239613109685,-3.8446234070665586,-0.4093520342528401,-28.66464,-6.6399393
Redditch,E07000236,87034,42692,78173,4995,1054,2283,529,40480,30616,11431,3547,964,4719,6675,5027,4125,5060,3832,3569,4678,5007,2021,0.8981892134108509,0.057391364294413674,0.012110209803065469,0.02623112806489418,0.0060780844267757424,0.46510559091849163,0.3517705724199738,0.13133947652641498,0.04075418801847554,0.011076131167130087,0.11053593179049939,0.15635247821605922,0.11775039820106811,0.09662231799868828,0.11852337674505763,0.08975920547175115,0.0835988007120772,0.10957556450857303,0.11728192635622599,-1.072678611441538,-0.15269802399963797,-6.5111184,-7.2914095
Reigate and Banstead,E07000211,150846,75125,127334,11383,4415,5541,2173,81155,49031,15541,3979,1140,13005,18485,11393,7387,6461,6726,4104,2957,4607,2021,0.8441324264481657,0.07546106625299975,0.029268260344987602,0.03673282685652918,0.014405420097317795,0.5379990188669239,0.32504010712912507,0.10302560226986462,0.02637789533696618,0.007557376397120241,0.17311148086522463,0.24605657237936773,0.1516539101497504,0.09832945091514143,0.08600332778702163,0.08953078202995009,0.054628951747088185,0.039361064891846924,0.06132445923460898,4.458735665233173,1.4607580693615518,29.513393,-0.64812034
Rhondda Cynon Taf,W06000016,237653,103389,229923,3506,997,2469,758,105823,75427,36863,14925,4613,9238,16862,11948,9827,13018,12900,8980,9330,11286,2021,0.9674735854375918,0.014752601481992653,0.004195192149899223,0.010389096708225859,0.0031895242222904825,0.4452836698884508,0.31738290701148314,0.15511270634075733,0.06280164778058767,0.019410653347527698,0.08935186528547524,0.1630927854994245,0.11556355124819855,0.09504879629360957,0.1259128147094952,0.12477149406609987,0.08685643540415325,0.09024170849896991,0.10916054899457389,-3.3315311805334695,-0.593805401521671,-30.618593,-8.711576
Ribble Valley,E07000124,61565,30385,59256,1265,125,736,183,32360,19764,7117,1855,465,5125,6818,3989,2681,3772,2522,1645,1662,2171,2021,0.9624949240639974,0.020547388938520265,0.0020303744010395515,0.01195484447332088,0.0029724681231219035,0.5256233249411192,0.3210265572971656,0.11560139689758792,0.030130756111426946,0.007552992771867132,0.16866875102846798,0.22438703307553068,0.13128188250781636,0.08823432614777028,0.12414020075695244,0.08300148099391147,0.05413855520816192,0.05469804179693928,0.07144972848444957,2.4221317597748966,2.7861534267780805,29.586697,9.500142
Richmond upon Thames,E09000027,195277,97566,157111,17467,3687,10662,6350,115959,57054,16331,4574,1360,23031,30417,17549,6935,4478,5468,3749,2187,3752,2021,0.8045545558360687,0.08944729794087374,0.018880871787256052,0.054599363980397074,0.03251791045540437,0.5938180123619269,0.292169584743723,0.0836299205743636,0.02342313738945191,0.006964465861314953,0.23605559313695346,0.3117581944529857,0.17986798679867988,0.07108008937539717,0.04589713629748068,0.056044113728143004,0.038425271098538424,0.022415595596826765,0.03845601951499498,8.941084110973538,1.668699521577294,32.81735,-5.3621287
Rochdale,E08000005,223771,94459,165485,41406,7927,5284,3669,104957,73713,30753,11214,3136,9745,15229,10969,9242,10016,10293,7893,8665,12407,2021,0.7395283571150864,0.18503738196638528,0.03542460819319751,0.02361342622591846,0.016396226499412345,0.46903754284514076,0.32941265847674633,0.13743067689736382,0.05011373234243937,0.014014327146949336,0.10316645317015848,0.1612233879249198,0.11612445611323431,0.09784139150319186,0.10603542277601923,0.10896791200414994,0.08356006309615813,0.09173292116156216,0.1313479922506061,-0.9753329528131829,-2.2462760949104585,3.687929,-16.493229
Rochford,E07000075,85662,40658,82116,1185,633,1432,296,41866,29571,10588,2837,799,5903,7360,6021,5392,4730,3317,2677,2329,2929,2021,0.9586047488968271,0.013833438397422428,0.007389507599635778,0.01671686395367841,0.0034554411524363193,0.48873479489155053,0.3452055754009946,0.12360206392566132,0.033118535640073776,0.009327356354042632,0.14518667912833882,0.18102218505583156,0.1480889369865709,0.1326184268778592,0.11633626838506567,0.0815829603030154,0.06584190073294309,0.057282699591716266,0.07203994293865906,1.1878323318728934,2.3569767515050244,16.02183,11.02991
Rossendale,E07000125,70868,33116,65510,3876,172,1043,267,33310,23556,9673,3430,904,4316,6256,4366,2762,3993,3508,2598,2448,2869,2021,0.9243946492069763,0.0546932324885703,0.0024270474685330473,0.01471750296325563,0.003767567872664672,0.4700287859118361,0.3323926172602585,0.13649319862279166,0.04839984195969972,0.012756109950894622,0.13032974996980312,0.188911704312115,0.13183959415388333,0.08340379272859041,0.120576156540645,0.10593066795506703,0.07845150380480734,0.07392197125256673,0.08663485928252204,-0.5265665788926763,0.7089324534412645,-7.1411443,2.895393
Rother,E07000064,93114,37934,88993,1390,561,1702,468,39362,33607,14561,4365,1215,5866,6478,4725,3745,5289,4322,2671,1827,3011,2021,0.9557424232661039,0.01492793779667934,0.006024872736645402,0.01827866915823614,0.005026097042335202,0.42272912773589366,0.3609231694482033,0.15637820306291214,0.046878020491011016,0.013048521167601005,0.15463700110718617,0.17077028523224547,0.12455844361259029,0.09872409975220119,0.1394263721199979,0.11393472873938947,0.07041176780724416,0.048162598196868245,0.07937470343227711,-1.3962641600516656,1.6765195602868335,-12.822699,15.405843
Rotherham,E08000018,265806,117801,241954,14176,3016,3854,2806,117359,90450,39277,14400,4321,11944,17917,13092,11147,14872,12344,11216,11374,13895,2021,0.9102653815188521,0.05333212944779275,0.01134662121998751,0.014499296479387223,0.010556571333980422,0.4415212598662182,0.3402857723301957,0.14776566367952568,0.054174849326200314,0.016256216940174414,0.10139132944542066,0.15209548306041545,0.11113657778796444,0.09462568229471736,0.126246806054278,0.10478688635919899,0.09521141586234412,0.09655266084328656,0.11795315829237443,-2.724844458039714,-0.8116440307774884,-23.938732,-11.682744
Rugby,E07000220,114363,58106,98013,8728,3110,3202,1310,55844,39851,13777,3887,1004,7546,11798,7302,5262,4954,4137,3762,4483,8862,2021,0.8570341806353453,0.07631838968897284,0.027194109983123913,0.027998565969762947,0.011454753722794959,0.48830478388989446,0.3484606035168717,0.12046728399919554,0.033988265435499244,0.008779063158539038,0.12986610677038515,0.20304271503803395,0.12566688465907136,0.09055863422021822,0.08525797680101883,0.07119746669879186,0.06474374419164974,0.07715210133204832,0.15251437028878256,1.293553649701057,-0.18522099803115252,9.100644,-2.3294024
Runnymede,E07000212,88079,42457,73557,8140,1591,3113,1678,46128,29446,9344,2487,674,7078,9235,6344,4175,4010,3716,2756,1872,3271,2021,0.8351252852552822,0.09241703470747852,0.018063329511007163,0.03534327138137354,0.019051079144858592,0.5237116679344679,0.33431351400447323,0.10608658136445691,0.028236015395270157,0.007652221301331759,0.1667098476105236,0.21751419082836754,0.1494217679063523,0.09833478578326306,0.09444850083614009,0.08752384765763008,0.06491273523800552,0.0440916692182679,0.07704265492144993,3.571038594777254,1.0350139766612607,25.12112,2.5457187
Rushcliffe,E07000176,119077,56978,106827,6775,1095,3303,1077,63235,38139,13096,3629,978,9946,17011,8403,4947,4264,3644,3103,1975,3685,2021,0.8971253894538828,0.05689595807754646,0.009195730493714152,0.02773835417418981,0.009044567800666795,0.5310429386027529,0.3202885527851726,0.10997925711934295,0.030476078503825256,0.008213172988906338,0.1745586015655165,0.29855382779318335,0.14747797395485976,0.08682298430973358,0.0748359015760469,0.06395450875776615,0.05445961599213731,0.03466250131629752,0.06467408473445892,4.69217948420402,1.985827742140961,28.150908,0.8795713
Rushmoor,E07000092,99759,53014,77219,14658,2531,2578,2773,49428,34814,11769,2965,780,6008,9262,8137,5072,5452,5980,4017,3118,5968,2021,0.7740554736915968,0.1469341112080113,0.02537114445814413,0.025842279894545857,0.027796990747701963,0.495474092563077,0.3489810443168035,0.117974318106637,0.029721629126194127,0.007818843412624425,0.11332855472139435,0.1747085675481948,0.15348775795073,0.09567284113630362,0.10284075904478063,0.11280039234919079,0.07577243746934773,0.058814652733240276,0.11257403704681782,1.427243294184329,-0.5583388003720435,11.754916,0.9884232
Rutland,E06000017,41050,18783,38909,634,552,744,211,20666,14063,4869,1169,282,3426,3567,3063,1583,1897,1577,1051,1021,1598,2021,0.9478440925700365,0.015444579780755177,0.013447015834348356,0.01812423873325213,0.005140073081607795,0.5034348355663825,0.34258221680876977,0.11861144945188794,0.028477466504263093,0.0068696711327649205,0.18239897779907363,0.1899057658521003,0.16307299153489857,0.08427833679390939,0.10099558111057871,0.08395889900441889,0.05595485279241868,0.054357663844966195,0.08507693126763563,2.6153299917094017,2.5903242492198983,27.996897,8.7429285
Salford,E08000006,269922,127607,222248,14938,16473,8501,7762,134447,86140,33249,12406,3681,13594,26141,18314,13174,10448,11882,11281,7786,14987,2021,0.823378605671268,0.05534191358985188,0.06102874163647276,0.0314942835337616,0.028756455568645756,0.49809574617852564,0.3191292299256822,0.12318002978638273,0.045961425893406245,0.013637272989974882,0.10653020602318054,0.20485553300367534,0.14351877248113348,0.10323885053327796,0.08187638609167208,0.09311401412148236,0.08840424114664557,0.06101546153424185,0.11744653506469081,1.1725048035396275,-1.6211042516307643,11.666593,-8.558953
Sandwell,E08000028,341832,141072,195624,88024,29779,14680,13725,153337,116762,49048,17472,5214,11162,19323,14486,13569,15431,14996,12778,17351,21976,2021,0.5722811205504459,0.25750661143485687,0.08711589318729668,0.04294507243324206,0.04015130239415853,0.44857415338528867,0.3415771490088699,0.1434856888764071,0.051112827353787825,0.015253106789300006,0.0791227174776001,0.1369726097312011,0.10268515368039016,0.09618492684586594,0.10938386072360214,0.10630032891006011,0.09057786095043666,0.12299393217647726,0.15577860950436656,-1.4586261407781862,-5.14849906728723,7.7546034,-18.937738
Sefton,E08000014,279233,124597,267540,4294,1509,4056,1834,129449,90164,40057,14953,4610,14013,23148,15549,14788,12126,13734,10716,8653,11870,2021,0.9581245769661896,0.01537783857925102,0.005404089058241683,0.014525503790741065,0.006567991605576705,0.46358775646144973,0.3228987977781996,0.14345367488799676,0.05355026089323253,0.01650950997912138,0.11246659229355442,0.1857829642768285,0.12479433694230198,0.11868664574588474,0.0973217653715579,0.1102273730507155,0.08600528102602792,0.06944790002969574,0.0952671412634333,-1.3791109258187988,0.10872686929982939,-25.059307,-17.390078
Sevenoaks,E07000111,120515,56382,111005,3484,1932,3181,913,63410,38931,13407,3660,1107,10668,12361,8215,5812,5892,4078,3208,2463,3685,2021,0.9210886611625109,0.0289092644069203,0.016031199435754886,0.02639505455752396,0.007575820437289964,0.5261585694726798,0.32303862589719123,0.11124756254408165,0.03036966352736174,0.009185578558685641,0.18920932212408215,0.21923663580575362,0.14570252917597815,0.10308254407434997,0.1045014366287113,0.07232804795856834,0.05689759142988897,0.04368415451739917,0.06535773828526835,3.4771673301742165,2.3460835773778332,30.901327,4.3908477
Sheffield,E08000019,556523,242010,440216,53560,25512,19704,17531,259654,187759,75541,25998,7570,22723,56141,29427,21533,23579,23309,21710,16095,27493,2021,0.791011332864949,0.096240406955328,0.04584177113973726,0.0354055447843126,0.03150094425567317,0.46656472418929673,0.3373786887514083,0.13573742684489232,0.04671505041121391,0.013602312932259763,0.09389281434651461,0.23197801743729599,0.12159414900210735,0.08897566216272054,0.09742985827031941,0.09631420189248378,0.08970703689930168,0.0665055163009793,0.11360274368827734,0.3127570451582172,-1.9940907098680865,8.762931,-10.859439
Shropshire,E06000051,323607,152424,312876,4324,1117,3861,1429,150899,112330,43932,12796,3649,21180,26819,18664,13271,21109,15219,10852,10178,15132,2021,0.9668394070585618,0.013361886485768231,0.003451717669889712,0.011931138696010903,0.004415850089769381,0.46630326290840435,0.34711857283680514,0.13575726112228723,0.03954178988711616,0.011276023077374717,0.13895449535506219,0.17594998163018946,0.1224479084658584,0.08706634125859444,0.1384886894452317,0.09984648086915446,0.07119613709127172,0.06677426127119089,0.0992757046134467,-0.6560507716815904,1.5888744998402295,-11.064795,13.081209
Slough,E06000039,158500,73701,57134,74093,11992,6311,8970,81941,53816,16804,4625,1314,7303,13888,8098,6736,6230,6884,6122,7650,10790,2021,0.36046687697160884,0.46746372239747636,0.07565930599369085,0.03981703470031546,0.05659305993690852,0.5169779179810725,0.33953312302839117,0.10601892744479495,0.02917981072555205,0.008290220820189275,0.09908956459206796,0.1884370632691551,0.10987639245057733,0.09139631755335749,0.08453073906731252,0.09340443141884099,0.08306535867898672,0.10379777750641105,0.14640235546329086,2.6678584788912065,-5.551282401038478,15.253757,-19.165037
Solihull,E08000029,216240,97939,177668,23845,3955,7496,3276,106508,72191,26816,8293,2432,14975,23824,12966,10523,8318,7498,6395,5550,7890,2021,0.8216241213466519,0.11027099519052905,0.018289863115057342,0.03466518682944876,0.015149833518312986,0.4925453200147984,0.3338466518682945,0.12401035886052535,0.03835090640029597,0.011246762856085831,0.15290129570446911,0.24325345368035206,0.13238852755286454,0.10744442969603529,0.08493041587110345,0.07655785744187708,0.06529574531085676,0.056667925953910084,0.08056034878853163,2.49749484307385,0.2773251647673245,17.977644,1.7517655
Somerset,E06000066,571547,269043,550847,8658,2436,7137,2469,262885,200991,78445,22945,6282,34087,43760,31903,23393,36698,29345,19960,20617,29280,2021,0.9637825060756158,0.015148360502285902,0.004262116676318833,0.012487162035668107,0.00431985471011133,0.4599534246527407,0.3516613681814444,0.1372503048743148,0.04014542985966159,0.010991222069226153,0.12669721940358977,0.1626505800188074,0.1185795579145341,0.08694892637979802,0.136401987786339,0.10907178406425738,0.0741888843047394,0.07663087313180421,0.10883018699613073,-1.3191931391861065,1.2012774410572784,-12.607508,12.176455
South Cambridgeshire,E07000012,162117,82267,144285,9399,2019,4591,1823,84637,54501,17419,4313,1246,12816,26002,11201,6957,7037,5938,3902,3129,5285,2021,0.8900053664945687,0.05797664649604915,0.012453968430207813,0.028319053523072842,0.011244965056101458,0.5220735641542836,0.3361831270008697,0.10744709068142144,0.026604242614901585,0.0076858071639618305,0.1557854303669758,0.3160684113921743,0.13615422952095008,0.0845661079169047,0.08553855130246636,0.07217961029331324,0.047430926130769324,0.03803469191777991,0.06424204115866629,4.3811001211064715,1.9878293425162223,27.232061,1.1314731
South Derbyshire,E07000039,107206,53905,99836,3841,855,1934,740,51669,36956,13642,3853,1088,7651,10303,6889,5007,5736,4688,3607,4674,5350,2021,0.931253847732403,0.035828218569856164,0.007975299889931533,0.018040035072663843,0.006902598735145421,0.48195996492733617,0.34471951196761375,0.12725034046601869,0.03594015260339906,0.010148685707889484,0.14193488544661906,0.19113254800111307,0.12779890548186626,0.09288563213060012,0.10640942398664317,0.08696781374640572,0.06691401539745849,0.0867080975790743,0.09924867823021984,0.5130305674730014,1.1676886999678422,0.51561606,14.3550825
South Gloucestershire,E06000025,290424,147612,264856,11094,4534,7289,2651,144395,99207,34595,9529,2698,17918,31300,19437,17372,16114,12405,10669,8855,13542,2021,0.9119631986337218,0.03819932237005206,0.015611657438779165,0.025097788061592706,0.009128033495854337,0.497186871608407,0.3415936699446327,0.11911894333801615,0.03281064925763711,0.009289865851307054,0.12138579519280275,0.21204238137820774,0.13167628648077392,0.11768690892339376,0.10916456656640382,0.08403788309893505,0.072277321626968,0.05998834783079966,0.09174050890171531,1.2958055358698986,1.0756311410865527,14.024767,8.4590435
South Hams,E07000044,88628,40582,86427,614,149,1048,390,43499,29405,11292,3413,1018,6738,8286,5137,3261,6131,3274,2680,1729,3346,2021,0.9751658618043959,0.006927833190413865,0.0016811842758496186,0.011824705510673827,0.004400415218666787,0.4908042605045809,0.3317800243715304,0.12740894525432142,0.03850927472130704,0.011486212032314844,0.16603420235572422,0.2041791927455522,0.12658321423291113,0.08035582277857178,0.15107683209304618,0.08067616184515303,0.06603913064905623,0.04260509585530531,0.08245034744467991,0.887935805889855,2.3976845768721358,-5.802577,20.455633
South Holland,E07000140,95122,45236,91623,1176,517,1225,581,39386,35883,14451,4268,1134,5190,4964,4162,4082,5993,4130,3254,6976,6485,2021,0.9632156598894052,0.012363070583040727,0.005435125417884401,0.012878198524000756,0.00610794558566893,0.414057736380648,0.3772313450095667,0.1519206913227224,0.0448686949391308,0.01192153234793213,0.1147316296754797,0.10973560880714475,0.09200636661066407,0.09023786364842161,0.1324829781589884,0.09129896542576708,0.07193385798921213,0.15421345830754266,0.14335927137677956,-3.7245203196116536,0.15051878943336078,-17.7854,-6.2382803
South Kesteven,E07000141,143405,68194,137421,2529,875,1951,629,65973,51176,19418,5456,1381,9865,11819,8785,6339,7790,6337,4913,5193,7153,2021,0.958272026777309,0.017635368362330463,0.006101600362609393,0.013604825494229629,0.004386179003521495,0.4600467208256337,0.3568634287507409,0.13540671524702766,0.03804609323245354,0.009630068686586939,0.14466082060005278,0.17331436783294718,0.12882365017450215,0.09295539196996803,0.11423292371762912,0.09292606387658739,0.07204446138956506,0.07615039446285597,0.10489192597589231,-0.337450204467242,1.5106312754470463,-1.2338421,14.381204
South Norfolk,E07000149,141948,67749,135474,2562,1164,2094,654,66743,50340,18701,4877,1287,9422,14379,8817,6436,8206,6212,4541,4116,5620,2021,0.9543917490912165,0.018048862963902273,0.008200185983599628,0.014751880970496237,0.004607320990785358,0.47019331022628,0.35463690929072617,0.1317454279031758,0.034357652097951365,0.0090667004818666,0.13907216342676645,0.21223929504494532,0.13014214231944382,0.09499771214335267,0.12112355901932131,0.09169139027882331,0.0670268195840529,0.0607536642607271,0.08295325392256712,0.5394618087142093,1.972679779046329,-1.3918092,16.957586
South Oxfordshire,E07000179,149088,76476,138785,4263,1467,3402,1171,79641,49194,15408,3831,1011,13483,18786,11387,6773,7522,5575,4061,3325,5564,2021,0.9308931637690492,0.028593850611719252,0.009839826142949131,0.02281873792659369,0.007854421549688774,0.5341878622021893,0.329966194462331,0.10334835801674179,0.025696233097231166,0.00678122987765615,0.17630367697055285,0.2456456927663581,0.1488963857942361,0.08856373241278309,0.09835765468905278,0.07289868716983106,0.05310162665411371,0.043477692347926145,0.07275485119514619,3.971742405495963,2.569192978840387,29.075653,2.9354804
South Ribble,E07000126,111035,54711,105919,2307,539,1908,362,53172,37823,14535,4318,1187,6556,10836,7565,6042,6115,5029,4207,3791,4570,2021,0.9539244382401946,0.020777232404196874,0.004854325212770748,0.017183770883054894,0.003260233259782951,0.4788760300806052,0.3406403386319629,0.13090466969874365,0.038888638717521504,0.010690322871166748,0.11982965034453766,0.1980588912650107,0.1382720111129389,0.11043483029006963,0.11176911407212443,0.09191935808155581,0.07689495713841824,0.06929136736670871,0.08352982032863593,0.20713449920129479,1.3383838274151285,3.4804056,7.3300414
South Staffordshire,E07000196,110475,50699,103570,3108,1031,2242,524,49718,39468,15421,4538,1327,7795,9821,6626,5573,6343,4038,3345,3039,4119,2021,0.9374971713057253,0.02813306177868296,0.009332428151165422,0.02029418420457117,0.004743154559855171,0.4500384702421362,0.3572572980312288,0.13958814211360035,0.04107716677981444,0.012011767368182847,0.15375056707232884,0.19371190753269296,0.13069291307520858,0.1099232726483757,0.125110948933904,0.07964654135190043,0.06597763269492495,0.059942010690546166,0.08124420600011835,0.1709921058117052,1.744234710976865,-3.096915,18.110144
South Tyneside,E08000023,147777,62510,139483,4317,786,1995,1196,64656,48869,22930,8709,2614,5586,10192,7793,6794,7005,6809,6132,5662,6537,2021,0.9438748925746225,0.029212935707180414,0.005318824986296921,0.013500071053005542,0.00809327567889455,0.4375241072697375,0.3306942216989112,0.15516623019820405,0.05893339288251893,0.017688814903537086,0.08936170212765958,0.16304591265397536,0.12466805311150216,0.10868661014237722,0.11206207006878899,0.10892657174852023,0.09809630459126539,0.09057750759878419,0.10457526795712686,-2.854998207488742,-0.7105846154901689,-26.438166,-13.162693
Southampton,E06000045,248920,118228,200829,26414,7539,8309,5829,118703,87353,30497,9536,2833,10223,23404,14011,9892,12153,12651,9903,10307,15684,2021,0.8068013819701109,0.10611441426964487,0.03028683914510686,0.033380202474690666,0.02341716214044673,0.4768720874176442,0.35092800899887516,0.122517274626386,0.03830949702715732,0.0113811666398843,0.08646851845586494,0.19795649084819164,0.11850830598504584,0.08366884325202152,0.10279290861724803,0.10700510877287953,0.08376188381770816,0.08717901004838109,0.13265893020265926,-0.14445944902817853,-1.6506165036655587,5.266708,-9.32598
Southend-on-Sea,E06000033,180685,83260,158079,9864,5153,5553,2036,84380,62139,24096,7793,2278,10787,15911,11769,9250,8227,8171,6369,5062,7714,2021,0.8748872346902067,0.054592246174281205,0.028519246201953678,0.030733043694828016,0.011268229238730387,0.4670005811218419,0.34390790602429644,0.1333591609707502,0.043130309654924315,0.012607576721919362,0.12955801104972375,0.1911001681479702,0.1413523901032909,0.11109776603411002,0.0988109536392025,0.09813836175834735,0.07649531587797262,0.06079750180158539,0.09264953158779726,0.4694310447015824,0.1235791590879486,5.184237,1.6814512
Southwark,E09000028,307640,166947,158220,30540,77299,22151,19430,171620,93329,30002,9552,3134,23109,51143,28878,11443,8030,12816,8705,5990,16833,2021,0.5143024314133403,0.09927187621895722,0.25126446495904303,0.07200299050838642,0.06315823690027304,0.5578598361721493,0.3033708230399168,0.09752307892341698,0.031049278377324144,0.010187231829411,0.13842117558266995,0.306342731525574,0.17297705259753096,0.06854271115982917,0.0480990973183106,0.07676687811101728,0.052142296657022885,0.035879650427980136,0.10082840662006505,7.732432775466011,-4.231762359365046,26.796331,-12.617316
Spelthorne,E07000213,102960,51539,81000,13146,2548,3763,2503,51913,35432,11642,3072,897,7477,10061,7719,6055,5064,4417,3397,3250,4099,2021,0.7867132867132867,0.12768065268065268,0.024747474747474747,0.03654817404817405,0.02431041181041181,0.5042055167055167,0.3441336441336441,0.11307303807303808,0.029836829836829837,0.008712121212121213,0.14507460369817032,0.1952113933138012,0.14977007702904596,0.11748384718368614,0.09825568986592677,0.08570208967966006,0.06591125167348998,0.06305904266671841,0.07953200488950116,2.731811071471404,0.24167720027455922,20.102911,2.260316
St Albans,E07000240,148169,72871,123865,12176,3159,6354,2615,85242,44893,13557,3520,955,15131,22216,11484,5914,4350,4420,3434,2118,3804,2021,0.835971087069495,0.08217643366696138,0.02132024917492863,0.042883464152420545,0.01764876593619448,0.5753025261694417,0.3029851048464929,0.091496871815292,0.023756656250632724,0.006445342817998367,0.20764089967202318,0.30486750559207365,0.15759355573547776,0.08115711325492994,0.05969452868768097,0.0606551302987471,0.047124370462872746,0.029065060174829495,0.052201836121365155,7.132129079863948,1.8077969143711987,32.38096,-4.1222963
St. Helens,E08000013,183248,82623,176888,2579,776,1971,1034,82747,59974,26762,10591,3171,8359,14070,10274,8026,8658,9171,6827,7319,9919,2021,0.965292936348555,0.014073823452370559,0.004234698332314678,0.01075591548066009,0.005642626386099712,0.4515574521959312,0.32728324456474284,0.1460425216100585,0.05779599231642364,0.017304418056404435,0.10117037628747443,0.1702915653026397,0.12434794185638381,0.09714002154363797,0.10478922333974801,0.11099814821538796,0.08262832383234693,0.08858308219260981,0.12005131742977138,-2.311841225724396,-0.33643749042385873,-24.932625,-14.253556
Stafford,E07000197,136870,65768,127805,4165,1440,2552,908,64032,47929,18200,5203,1503,9092,13873,9161,6026,6473,5498,4732,3950,6963,2021,0.9337692701103236,0.030430335354716155,0.010520932271498503,0.018645429970044567,0.006634032293417111,0.4678307883393001,0.3501790019726748,0.13297289398699497,0.03801417403375466,0.010981223058376562,0.13824352268580464,0.21093845031018124,0.13929266512589708,0.0916251064347403,0.09842172485099136,0.0835968860235981,0.07194988444228197,0.060059603454567574,0.10587215667193772,0.6681819252580908,1.0972647834585907,7.121431,4.7731338
Staffordshire Moorlands,E07000198,95844,45035,93931,658,188,902,165,42805,33976,13660,4144,1262,5913,7590,5325,3938,6543,4484,3139,3743,4360,2021,0.980040482450649,0.006865322816243062,0.0019615208046408748,0.009411126413755687,0.001721547514711406,0.44661115980134386,0.35449271733233173,0.14252326697550186,0.043236926672509494,0.013167230082216937,0.13129787942711224,0.16853558343510602,0.11824136782502498,0.0874430998112579,0.14528699900077718,0.09956700344176751,0.0697013433995781,0.08311313422893306,0.09681358943044299,-1.6179171131722032,1.5197020720563754,-12.633454,11.022705
Stevenage,E07000243,89498,45460,74099,6700,4340,3216,1143,42673,31339,11298,3298,887,4848,8727,6034,4467,5145,4603,3636,3369,4631,2021,0.8279402891684731,0.07486200808956625,0.048492703747569775,0.0359337638829918,0.012771235111399137,0.4768039509262777,0.35016424948043534,0.12623745782028647,0.036849985474535746,0.009910835996335113,0.10664320281566211,0.19197096348438186,0.13273207215134183,0.0982622085349758,0.11317641882974043,0.10125384953805543,0.07998240211174659,0.07410910690717114,0.10186977562692477,0.5045125358765473,-0.5059654963166736,6.207833,-6.307511
Stockport,E08000007,294770,139806,257530,21464,3416,7668,4692,145602,96317,37255,12017,3582,19060,34321,20204,14126,11754,12151,11083,6958,10149,2021,0.8736642127760627,0.07281609390372154,0.011588696271669438,0.026013502052447672,0.015917494996098652,0.49395121620246296,0.32675306170912916,0.1263866743562778,0.04076737795569427,0.01215184720290396,0.1363317740297269,0.24549017924838706,0.14451454157904525,0.10104001258887316,0.08407364490794386,0.08691329413616011,0.07927413701843984,0.049768965566570816,0.07259345092485302,1.9779429506990203,0.41308052014801505,16.937428,0.93120813
Stockton-on-Tees,E06000004,196593,86442,180937,9052,2203,2737,1664,91479,65521,27307,9392,2896,8985,16671,10903,8413,8868,8858,7330,6993,9421,2021,0.9203633903546922,0.04604436577090741,0.011205892376635994,0.013922164064844629,0.008464187432919788,0.4653217561154263,0.3332824668223182,0.13890118162905088,0.04777382714542227,0.014730941589985402,0.103942527937808,0.1928576386478795,0.1261308160384998,0.09732537423937437,0.10258901922676476,0.10247333472154739,0.08479674232433308,0.08089817449850767,0.1089863723652854,-1.0768357609869432,-0.21059928608544567,-8.907535,0.1726989
Stoke-on-Trent,E06000021,258369,112579,215699,25597,6884,5860,4329,110241,90840,38276,14546,4466,8808,14100,10978,9334,13468,13618,11057,12577,18639,2021,0.8348486079986376,0.09907148303395531,0.026644063335771705,0.022680739562408802,0.01675510606922657,0.4266804454094725,0.3515901675510607,0.1481447077629282,0.056299323835289836,0.017285355441248755,0.07823839259542188,0.12524538324199008,0.09751374590287709,0.08291066717593867,0.11963154762433491,0.12096394531839863,0.09821547535508399,0.11171710532159639,0.16556373746435837,-3.886587569105591,-2.7320439368133136,-20.874239,-10.803878
Stratford-on-Avon,E07000221,134724,66236,128672,2566,482,2288,716,66877,46177,16193,4275,1203,12363,14213,9233,5890,7299,4777,4247,2897,5317,2021,0.9550785309224785,0.01904634660491078,0.003577684748077551,0.01698286867967103,0.005314569044862089,0.49640004750452776,0.34275259048128026,0.12019387785398296,0.031731540037409814,0.008929366705264095,0.18665076393502023,0.2145811945165771,0.13939549489703484,0.0889244519596594,0.11019687179177487,0.07212090102059303,0.0641192100972281,0.04373754453771363,0.08027356724439881,2.2895630051936116,2.5841330945128758,29.682446,7.4787626
Stroud,E07000082,121104,59918,116701,1256,528,2171,448,58893,42058,15125,4014,1012,8984,12574,8210,5380,7354,5190,3714,3617,4895,2021,0.9636428193949003,0.010371251156031179,0.004359889021006738,0.017926740652662174,0.0036992997753996565,0.48630103051922313,0.34728828114678295,0.12489265424758884,0.03314506539833532,0.00835645395692958,0.1499382489402183,0.2098534664040856,0.13702059481291098,0.08978937881771755,0.12273440368503621,0.08661837845054908,0.06198471244033513,0.06036583330551754,0.08169498314362962,1.240279505944861,2.278742218481649,-0.35913458,17.930155
Sunderland,E08000024,274173,117151,259375,8204,2665,2505,1424,118258,90486,43507,16834,5086,10421,17727,13207,12544,12235,12309,13422,11645,13641,2021,0.9460267787127106,0.02992271303155307,0.009720140203448187,0.009136567058025407,0.005193800994262747,0.4313262064462949,0.33003249772953575,0.1586844802369307,0.0613991895627943,0.018550331360126637,0.08895357273945592,0.15131753036679157,0.1127348464801837,0.10707548377734719,0.10443786224616093,0.10506952565492399,0.11457008476240066,0.09940162696007716,0.11643946701265888,-3.6604665669257686,-1.223709679602532,-27.720184,-13.427855
Surrey Heath,E07000214,90456,45363,76901,8057,1428,2460,1610,48670,29656,9208,2249,670,8378,10390,7054,4490,3889,3743,2736,1824,2859,2021,0.8501481383213938,0.08907092951269126,0.01578668081719289,0.02719554258423985,0.01779870876448218,0.5380516494207128,0.32785000442203943,0.1017953480145043,0.024862916777217654,0.007406916069691342,0.1846879615545709,0.2290412891563609,0.15550117937526178,0.09897934439962083,0.08573066155236647,0.08251217952957256,0.06031347133126116,0.04020898088750744,0.06302493221347795,4.386929674606582,1.7392053719900316,29.818455,0.19718283
Sutton,E09000029,209636,104222,143145,36787,12465,10162,7077,107792,71329,22304,6322,1892,14604,25047,14218,11239,10383,9022,6802,5380,7527,2021,0.6828264229426244,0.17548035642733117,0.059460207216317805,0.048474498654811196,0.033758514758915455,0.5141864946860272,0.3402516743307447,0.10639393997214219,0.030157034097197045,0.009025167433074473,0.14012396614918154,0.24032354013548005,0.13642033351883479,0.10783711692349024,0.09962387979505287,0.08656521655696495,0.06526453148087735,0.051620579148356396,0.07222083629176182,3.811820603323042,-0.9467214861096613,20.592947,-8.188974
Swale,E07000113,151677,69203,142341,2312,3487,2741,796,68967,52738,21338,6688,1947,8539,10281,9022,6850,8591,6482,4882,6269,8287,2021,0.9384481496865049,0.015242917515509932,0.02298964246392004,0.018071296241354985,0.005247994092710167,0.4546964932059574,0.3476993875142573,0.14068052506312756,0.04409369911061005,0.012836488063450622,0.12339060445356415,0.14856292357267747,0.13037007066167652,0.09898414808606563,0.12414201696458246,0.09366645954655145,0.07054607459214196,0.09058855829949569,0.11974914382324466,-1.219248813025075,0.5120093925419217,-7.8530126,-1.4292371
Swansea,W06000011,238491,100613,218052,10451,2797,3808,3383,113823,73789,33363,13061,4454,9888,20070,11489,11025,10407,10956,9527,6350,10901,2021,0.9142986527793502,0.0438213601351833,0.011727905874854816,0.01596705955360999,0.014185021657001732,0.47726329295445113,0.30939951612429817,0.1398920713989207,0.05476516933553048,0.01867575715645454,0.09827755856599048,0.1994772047349746,0.11419001520678243,0.10957828511226184,0.10343593770188743,0.10889248904217148,0.09468955303986562,0.06311311659527098,0.10834584000079513,-1.3527927887445108,-0.9736588701383837,-26.12909,-16.831152
Swindon,E06000030,233411,117865,190142,27173,6123,6495,3478,112213,82155,28667,8185,2190,12567,21222,14798,11300,11519,10317,9729,10909,15504,2021,0.8146231325858678,0.11641696406767461,0.026232696830911995,0.027826452052388276,0.014900754463157263,0.48075283512773603,0.35197569951716073,0.12281769068295839,0.03506689916070794,0.009382591223207132,0.10662198277690578,0.18005345098205575,0.12555041785093116,0.0958723963856955,0.09773045433334747,0.08753234632842659,0.08254358800322403,0.09255504178509312,0.13154032155432063,0.28741318595153953,-0.9032040472872253,5.378587,-5.4424
Tameside,E08000008,231070,105654,197676,21198,5275,4963,1958,104704,77895,33204,11821,3447,10510,15922,13385,11631,12334,10883,10159,9628,11202,2021,0.8554810230666032,0.09173843424070628,0.02282858008395724,0.02147833989700091,0.008473622711732376,0.45312675812524345,0.3371056389838577,0.14369671528108366,0.05115765785259878,0.01491755745012334,0.09947564692297499,0.15069945293126621,0.12668711075775646,0.11008575160429326,0.11673954606545896,0.10300603857875708,0.09615348212088515,0.09112764306131334,0.10602532795729457,-1.7829544449374057,-1.0272895079613555,-1.973857,-13.3151455
Tamworth,E07000199,78642,38155,75309,1081,492,1472,288,35798,27433,10922,3434,1060,4191,4971,4398,3973,4125,3320,3502,3982,5693,2021,0.9576180666819257,0.01374583555860736,0.006256198977645533,0.018717733526614277,0.0036621652552071412,0.4552020548816154,0.34883395641006076,0.1388825309630986,0.043666234327712924,0.013478802675415173,0.10984143624688769,0.13028436640020968,0.11526667540296161,0.10412789935788232,0.10811164984929891,0.08701349757567815,0.09178351461145329,0.10436377932118988,0.14920718123443846,-2.1750747093569367,-0.2583393726721196,-8.853835,-7.2493196
Tandridge,E07000215,87877,42576,78584,3271,1929,3331,762,45917,28955,9685,2570,750,8361,9177,6669,4498,4144,3565,2157,1679,2326,2021,0.8942499174983215,0.03722248142289791,0.021951136247254685,0.0379052539344766,0.008671210897049284,0.5225144235693071,0.3294946345460132,0.11021086291065922,0.02924542257928696,0.008534656394733548,0.1963782412626832,0.21554396843291995,0.15663754227733934,0.10564637354378054,0.09733183013904548,0.0837326193160466,0.050662344983089067,0.039435362645621946,0.05463171739947388,3.993790452156944,2.2876503026446993,31.92104,3.576413
Teignbridge,E07000045,134802,62138,131668,1004,216,1564,350,61426,47053,19026,5739,1559,8403,11561,7544,5507,8125,6677,4663,3910,5748,2021,0.9767510867791279,0.007447960712749069,0.0016023501134997996,0.01160220174774855,0.0025964006468746754,0.45567573181406806,0.3490526846782689,0.14114033916410737,0.04257355232118218,0.011565110309936054,0.13523125945476197,0.18605362258199493,0.12140719044706942,0.08862531784093469,0.1307573465512247,0.10745437574431105,0.07504264701149055,0.06292445846342012,0.09250378190479255,-0.982130135064845,1.5639059536782542,-10.641539,12.400627
Telford and Wrekin,E06000020,185543,85498,163638,10067,5351,4844,1643,85273,63231,25683,8812,2542,9152,14031,10426,7686,8883,8386,6757,9432,10745,2021,0.8819411133807258,0.054256964692820535,0.028839675978075165,0.026107155753652793,0.00885509019472575,0.4595861875683804,0.3407889276340255,0.13842074343952615,0.04749303395978291,0.013700328225802106,0.10704343961262251,0.16410910196729747,0.12194437296778872,0.08989683969215655,0.10389716718519731,0.09808416571147863,0.07903108844651337,0.11031837002035136,0.12567545439659408,-1.2526599744253386,-0.9122169314175089,-6.9266295,-5.6832733
Tendring,E07000076,148293,58280,142656,1794,910,2393,540,58492,52819,25460,8891,2630,7191,7457,6596,5591,8071,7829,5007,4518,6020,2021,0.9619874168032206,0.012097671501689224,0.006136500037088736,0.01613697207555313,0.0036414395824482613,0.3944353408454883,0.35617999500987907,0.17168713290580134,0.059955628384347204,0.017735159447849865,0.12338709677419354,0.1279512697323267,0.11317776252573782,0.0959334248455731,0.1384866163349348,0.13433424845573094,0.08591283459162663,0.077522306108442,0.10329444063143445,-4.127653416498667,0.10082833438763779,-26.369328,0.39162487
Test Valley,E07000093,130491,65861,121457,4284,1458,2312,980,65696,44842,14925,3958,1071,10383,13522,9305,7023,6516,5275,4160,3896,5781,2021,0.9307691718202787,0.032829850334505827,0.0111731843575419,0.01771769700592378,0.007510096481749699,0.5034523453724778,0.34364055758634693,0.11437570407154517,0.03033159374976052,0.008207462583626457,0.15765020269962496,0.20531118567892986,0.1412823977771367,0.10663366787628491,0.09893563717526306,0.08009292297414251,0.06316332882889722,0.05915488680706336,0.08777577018265742,2.0702662910797978,1.9567621871321241,18.896555,6.4944234
Tewkesbury,E07000083,94882,46524,90206,1924,595,1699,458,47236,32541,11385,2956,766,6696,9517,6392,5693,4804,3883,3168,2790,3581,2021,0.9507177336059527,0.020277818764359943,0.006270947071098838,0.017906452224868783,0.004827048333719778,0.4978394215973525,0.3429628380514745,0.11999114689825256,0.03115448662549272,0.008073185641112118,0.14392571575960794,0.20456108675092424,0.1373914538732697,0.12236695039119594,0.10325853323016078,0.08346229902845843,0.06809388702605107,0.05996904823316997,0.0769710257071619,1.541212768665875,2.102594536667931,16.480307,10.269258
Thanet,E07000114,140587,59190,130719,3259,1481,3420,1708,59000,49262,22148,7823,2354,7096,9544,7433,5135,6913,7762,4916,4083,6308,2021,0.9298085882762986,0.023181375233840968,0.010534402185123802,0.02432657358077205,0.01214906072396452,0.4196689594343716,0.350402242028068,0.15753945955173665,0.05564525880771337,0.01674408017811035,0.11988511572900828,0.16124345328602804,0.12557864504139213,0.08675451934448386,0.11679337725967225,0.13113701638790337,0.08305457002872106,0.06898124683223518,0.10657205609055584,-2.4866607761418855,-0.34458614414061745,-24.449074,3.6691637
Three Rivers,E07000102,93772,46948,72316,14265,2233,3390,1568,50330,30357,9788,2586,710,8784,11673,6916,4805,4157,3421,2369,1887,2936,2021,0.7711896941517724,0.15212430149724865,0.02381307853090475,0.03615151644414111,0.016721409375933114,0.5367273813078531,0.32373203088341934,0.10438083862986819,0.02757752847331826,0.007571556541398285,0.18710062196472693,0.24863678963960126,0.14731191957058873,0.10234727783931158,0.08854477294027435,0.07286785379568884,0.05046008349663458,0.04019340546988157,0.06253727528329216,4.951220127994445,1.1367106330640724,29.324886,-1.8804034
Thurrock,E06000034,175993,85948,134984,12205,20877,5252,2675,89350,58689,20323,5904,1735,9480,12527,9673,10207,9661,7211,7076,8615,11498,2021,0.7669850505417829,0.06934934912184007,0.11862403618325729,0.029842095992454246,0.015199468160665482,0.5076906467870881,0.3334734904229145,0.11547618371185217,0.03354678879273607,0.00985834663878677,0.11029925070973147,0.14575091916042257,0.11254479452692326,0.11875785358588914,0.1124051752222274,0.08389956718015544,0.082328850002327,0.10023502582957138,0.13377856378275235,0.5439512610346301,-1.620322472721542,8.774961,-6.883884
Tonbridge and Malling,E07000115,132201,64424,123287,3876,1314,2943,781,67896,44052,14959,4164,1130,10664,13058,9610,6728,6666,5106,4187,3346,5059,2021,0.9325723708595245,0.02931899153561622,0.00993941044318878,0.02226155626659405,0.005907670895076437,0.5135815916672339,0.3332198697437992,0.11315345572272524,0.031497492454671296,0.008547590411570261,0.16552837451881286,0.20268843909102197,0.14916801192102322,0.1044331305103688,0.10347075623991059,0.07925617782192972,0.06499130758723456,0.05193716627343847,0.07852663603625978,2.4946925807800935,2.0674258070308666,25.54831,6.522195
Torbay,E06000027,139324,58933,133922,2254,447,2084,617,58842,47697,22578,7894,2313,7199,8239,6364,4952,7759,8347,5143,4109,6821,2021,0.961227067841865,0.016178117194453216,0.0032083488846142805,0.014957939766300134,0.004428526312767363,0.42233929545519794,0.34234589876833854,0.1620539174872958,0.05665929775200253,0.01660159053716517,0.12215566830129129,0.1398028269390664,0.10798703612576994,0.08402762459063683,0.1316579844908625,0.14163541648991226,0.08726859314815129,0.06972324504097874,0.11574160487333073,-3.5540683878735106,-0.060353624593384045,-25.81968,1.7298089
Torfaen,W06000020,92276,40657,89596,1202,228,1005,245,39335,31301,14340,5584,1716,3949,6130,4982,4181,4788,4691,3462,3916,4558,2021,0.9709566951319953,0.013026138974381204,0.002470848324591443,0.010891239325501756,0.002655078243530279,0.42627552126230006,0.3392106289826174,0.15540335515193548,0.0605141098443799,0.018596384758767178,0.0971296455714883,0.15077354453107705,0.12253732444597486,0.10283592001377377,0.11776569840371892,0.11537988538259095,0.08515138844479425,0.09631797722409426,0.11210861598248764,-3.3831278478979727,-0.2918344168524666,-28.360792,-7.8481894
Torridge,E07000046,68114,30053,66920,356,75,630,133,29852,23713,10453,3216,880,3595,3801,2900,2524,5648,3723,2332,2211,3319,2021,0.9824705640543794,0.005226531990486537,0.0011010952227148603,0.009249199870804827,0.0019526088616143523,0.4382652611797868,0.34813694688316643,0.15346331150717915,0.047214963150013216,0.012919517279854362,0.11962200113133464,0.12647655808072406,0.09649619006421987,0.0839849599041693,0.18793464878714272,0.12388114331347952,0.07759624663095198,0.07357002628689316,0.11043822580108476,-3.392046130755726,1.2020987859046202,-20.961185,14.002627
Tower Hamlets,E09000030,310306,155392,122266,137856,22693,15409,12082,164359,99697,31182,11172,3896,20628,49021,27819,11184,7508,9276,10470,6949,12537,2021,0.39401751819172043,0.444258248309733,0.07313103839435911,0.049657434919079875,0.0389357601851076,0.5296674895103543,0.32128608534801134,0.10048790548684203,0.03600317106340193,0.012555348591390434,0.13274814662273476,0.3154666906919275,0.17902466021416805,0.07197281713344317,0.048316515650741354,0.05969419275123559,0.06737798599670511,0.044719161861614495,0.08067982907742999,6.636387778857525,-3.952979201330307,21.455366,-17.69278
Trafford,E08000009,235053,111558,182761,29588,8086,8834,5784,124806,72803,26515,8406,2522,16656,32126,16379,10964,7641,7792,7937,4475,7588,2021,0.7775310249177845,0.1258779934738123,0.034400752170787016,0.03758301319276929,0.024607216244846908,0.5309696111089839,0.30973014596707976,0.1128043462538236,0.0357621472604051,0.01072949505005254,0.1493035013177002,0.2879757614872981,0.14682048799727496,0.09828071496441312,0.06849351906631528,0.06984707506409223,0.07114684737983828,0.04011366284802524,0.06801842987504259,4.459273077798079,-0.25084947061696616,26.574673,-2.5959454
Tunbridge Wells,E07000116,115314,55895,105562,4566,1131,2949,1106,60833,37512,12586,3415,965,10209,13095,8175,4905,5128,4438,3608,2098,4239,2021,0.9154309103838215,0.03959623289453145,0.009808002497528487,0.025573651074457568,0.009591203149660926,0.527542189153095,0.3253030854883189,0.10914546369044521,0.029614790918708916,0.00836845482768788,0.18264603273995886,0.2342785580105555,0.1462563735575633,0.08775382413453797,0.09174344753555774,0.07939887288666249,0.06454960193219429,0.03753466320780034,0.07583862599516951,3.551669592986584,1.9932500004962754,28.87493,3.9948447
Uttlesford,E07000077,91344,45743,86296,1722,709,2016,601,49323,29898,9180,2301,639,8868,9467,7026,4584,4670,3478,2525,2101,3024,2021,0.9447363811525661,0.018851812926957437,0.007761867227185146,0.02207041513399895,0.006579523559292345,0.5399697845507094,0.3273121387283237,0.10049921177088807,0.025190488702049395,0.006995533368365738,0.19386572808954375,0.2069606278556282,0.15359727171370482,0.10021205430339068,0.1020921233849988,0.07603349146317469,0.05519970268674988,0.04593052488905406,0.06610847561375512,3.8443884770094745,2.9327020676182194,30.856823,3.1440115
Vale of Glamorgan,W06000014,131939,59915,124800,2807,624,2987,721,63999,42548,17533,5906,1953,8171,13209,8717,5979,5518,6189,4672,3013,4447,2021,0.9458916620559501,0.021274983136146248,0.00472945831027975,0.022639249956419253,0.005464646541204648,0.4850650679480669,0.32248235927208785,0.1328871675547033,0.04476311022517982,0.014802294999962103,0.13637653342234832,0.22046232162229826,0.145489443378119,0.09979137110907119,0.09209713761161646,0.10329633647667529,0.0779771342735542,0.050287907869481764,0.07422181423683552,0.7600494320216212,0.8776071439033206,4.5900826,4.7336802
Vale of White Horse,E07000180,138913,70864,126104,5490,2315,3452,1552,72726,46700,14989,3585,913,10709,19019,10630,6325,6780,5179,3833,3345,5044,2021,0.9077912074463873,0.03952113913024699,0.016665106937435663,0.024850086025066047,0.011172460460863993,0.523536314095873,0.3361816388674926,0.10790206820096031,0.02580751981456019,0.0065724590211139345,0.15112045608489502,0.2683873334838564,0.15000564461503726,0.08925547527658614,0.09567622488146309,0.0730836531948521,0.05408952359449085,0.047203093249040415,0.07117859561977873,3.8484639954338116,2.0797762924962044,27.596697,2.5304782
Wakefield,E08000036,353370,164641,328742,12633,4516,4938,2541,157984,121164,51084,17900,5238,17223,24634,20031,15270,17587,15735,13016,16680,24465,2021,0.9303053456716756,0.03575006367263774,0.012779805869202252,0.013974021563799984,0.007190763222684439,0.4470781334012508,0.3428813991000934,0.14456235673656506,0.05065512069502221,0.014822990067068512,0.10460942292624559,0.14962251201098148,0.12166471292083988,0.09274725007744122,0.10682029385147078,0.09557157694620416,0.07905685704046987,0.10131133800207724,0.14859603622426978,-2.1675466383822464,-0.5877476283080136,-8.386695,-5.602706
Walsall,E08000030,284126,118536,202724,53199,13024,9317,5862,126170,97681,41567,14222,4484,11430,17660,12590,11247,14409,12276,10354,12558,16012,2021,0.7135003484369611,0.18723735244222633,0.045838817989201974,0.032791789558153775,0.020631691573456845,0.4440635492703941,0.3437946544842781,0.1462977692995361,0.05005525717463379,0.015781730640631268,0.09642640210568941,0.14898427481946414,0.1062124586623473,0.09488256732132011,0.12155800769386516,0.10356347438752785,0.08734899102382399,0.10594249848147398,0.1350813255044881,-1.7972468849394467,-2.9027807965166432,4.089427,-18.008184
Waltham Forest,E09000031,278428,140372,147024,55545,41647,17983,16229,143437,93169,29590,9277,2953,17473,32185,21194,11608,14037,10474,9284,8341,15776,2021,0.5280503397646789,0.1994950220523798,0.14957906532388984,0.06458761331475282,0.058287959544298704,0.5151672963926042,0.3346251095435804,0.10627523093941701,0.033319206401655005,0.010605973537144252,0.12447639130310888,0.22928361781551876,0.15098452682871227,0.08269455446955233,0.09999857521443023,0.07461602028894651,0.0661385461488046,0.059420682187330806,0.11238708574359559,4.630848068139109,-3.8139778480186726,23.430513,-12.096338
Wandsworth,E09000032,327506,190442,222090,38314,33062,20598,13442,198576,91919,26746,7868,2397,35827,61870,37329,13285,7838,11073,8031,5178,10011,2021,0.6781249809163802,0.11698716970070777,0.10095082227501176,0.06289350424114368,0.04104352286675664,0.606327823001716,0.28066356036225293,0.08166567940740017,0.0240239873467967,0.007318949881834226,0.18812551853057624,0.32487581520882997,0.19601243423194464,0.06975877169952006,0.04115688766133521,0.05814368679177912,0.04217031957236324,0.027189380493798637,0.05256718580985287,9.553005641125358,-0.5512232815285072,31.234774,-9.068819
Warrington,E06000007,210973,103191,197305,6954,1576,3335,1803,105613,69138,25599,8265,2359,13604,20853,13972,10010,8742,8344,8503,7152,12011,2021,0.9352144587222062,0.0329615638020031,0.00747015020879449,0.015807709991325903,0.008546117275670347,0.5005996027927744,0.3277101809236253,0.12133780151962574,0.03917562910893811,0.011181525598062311,0.13183320250797065,0.2020815768817048,0.135399404986869,0.09700458373307749,0.08471669040904731,0.08085976490197788,0.08240059695128452,0.06930836991598105,0.1163958097120873,0.9023612056944893,0.5382753432391827,6.6719213,6.7060065
Warwick,E07000222,148454,72748,125534,14403,1616,4479,2422,77332,49195,16306,4393,1227,11452,21877,10382,5851,5590,4920,4299,3013,5364,2021,0.8456087407547119,0.09701995230845918,0.010885526829859755,0.03017096204885015,0.016314818058119015,0.5209155698061352,0.33138211163053877,0.1098387379255527,0.029591658022013554,0.008265186522424455,0.1574201352614505,0.30072304393247923,0.14271182712926817,0.08042832792654094,0.07684060042887778,0.06763072524330566,0.0590944080936933,0.04141694617034145,0.073733985814043,4.345826083331249,1.1311926038590168,27.091434,0.4181484
Watford,E07000103,102245,52859,62228,25037,6488,4844,3648,53559,34277,10601,2955,854,6703,12278,7136,4928,4916,4570,3774,3224,5330,2021,0.608616558266908,0.24487260990757495,0.06345542569318793,0.047376399823952274,0.035679006308376934,0.5238300161377084,0.33524377720181914,0.10368233165435962,0.02890116876130862,0.008352486674164996,0.12680905806012222,0.23227832535613613,0.13500066213889783,0.09322915681340926,0.09300213776272725,0.08645642180139616,0.07139749143948997,0.06099245161656482,0.10083429501125636,3.7873463250780164,-2.1521526138340388,19.460386,-8.936731
Waverley,E07000216,128226,60722,120088,3625,887,2846,780,70073,41167,12883,3236,870,12671,15528,9256,4951,5301,4737,3027,1710,3541,2021,0.9365339322758255,0.028270397579274093,0.00691747383525962,0.022195186623617674,0.006083009686023115,0.54648043298551,0.32105033300578667,0.10047104331414845,0.025236691466629234,0.006784895419025783,0.20867230987121635,0.2557228022792398,0.15243239682487403,0.0815355225453707,0.08729949606402951,0.07801126445110504,0.04985013668851487,0.028161127762590166,0.05831494351305952,4.87249314250208,3.1142215932186286,29.987206,1.7406454
Wealden,E07000065,160152,74545,153809,2250,646,2709,738,77218,55635,20209,5627,1461,12879,13625,10220,7390,9736,7230,4892,3119,5454,2021,0.960393875817973,0.014049153304360858,0.004033668015385384,0.016915180578450473,0.004608122283830361,0.4821544532693941,0.3473887307058295,0.1261863729457016,0.03513537139717269,0.00912258354563165,0.1727681266349185,0.18277550472868737,0.13709839694144477,0.09913475082165135,0.13060567442484405,0.09698839627070897,0.06562479039506339,0.041840499027433094,0.07316386075524851,1.0343832428193327,2.570671478395361,-0.9438564,19.54965
Welwyn Hatfield,E07000241,119835,58149,94298,10595,7307,4931,2704,61896,40200,13130,3664,946,8411,12148,7923,5630,5136,4982,4603,3191,6125,2021,0.7868986523135979,0.0884132348646055,0.060975507990153124,0.04114824550423499,0.02256435932740852,0.5165102015270998,0.3354612592314432,0.10956732173405098,0.03057537447323403,0.007894187841615555,0.14464565168790522,0.20891158919327935,0.1362534179435588,0.09682023766530809,0.08832482071918692,0.08567645187363497,0.07915871296152986,0.054876266143871776,0.10533285181172505,2.8787261080466133,-0.535502170895734,16.78759,-7.258802
West Berkshire,E06000037,161447,82307,148384,5990,2030,3857,1186,82413,55946,17685,4319,1086,13269,18327,12023,7806,8216,7031,5211,4027,6397,2021,0.9190879979188217,0.03710195915687501,0.012573785824450128,0.023890193066455245,0.007346064033397957,0.5104647345568515,0.34652858213531373,0.10954059226867022,0.026751813288571482,0.006726665716922582,0.1612135055341587,0.22266635887591577,0.14607506044443364,0.0948400500564958,0.09982140036691897,0.08542408300630566,0.06331174748198817,0.04892657975627832,0.07772121447750495,2.7948165278484445,2.1213483371813013,26.762856,6.4435854
West Devon,E07000047,57094,25384,55847,337,122,626,162,26007,19802,8236,2380,671,3458,4444,2889,2122,4264,2456,1751,1529,2471,2021,0.9781588257960556,0.005902546677409185,0.0021368269870739483,0.010964374540231898,0.002837425999229341,0.45551196272813255,0.3468315409675272,0.14425333660279538,0.041685641223245876,0.011752548428906716,0.13622754491017963,0.17507091080995904,0.11381184998424204,0.08359596596281121,0.1679798298140561,0.09675386069965332,0.06898046013236685,0.06023479357075323,0.09734478411597856,-1.237554942015684,1.8569154572196094,-15.812685,13.898105
West Lancashire,E07000127,117429,53546,113795,1232,388,1547,467,56460,38918,15404,5114,1534,7088,9972,6289,4921,5499,5222,4121,4357,6077,2021,0.9690536409234516,0.01049144589496632,0.0033041241941939386,0.013173917856747482,0.003976871130640642,0.48080116495925196,0.33141728193206105,0.13117713682310161,0.04354971940491701,0.013063212664673973,0.13237216598812238,0.18623239831173197,0.11745041646434841,0.09190228962013969,0.10269674672244425,0.09752362454711837,0.07696186456504688,0.08136928995629926,0.11349120382474881,-0.5734974539061782,0.7248233093392433,-5.8429713,1.187849
West Lindsey,E07000142,95153,42137,92261,1136,333,1081,342,41693,34181,13948,4227,1104,5742,7453,5085,3877,5323,4337,3073,3324,3923,2021,0.9696068437148593,0.011938667199142433,0.0034996269166500268,0.011360650741437474,0.003594211427910838,0.43816800311077947,0.3592214643784221,0.1465849736739777,0.04442319212216115,0.011602366714659548,0.13626978664831382,0.17687543014452856,0.12067778911645348,0.09200939791632057,0.12632603175356574,0.10292616939981489,0.07292877993212615,0.07888554002420675,0.09310107506467001,-1.4006870790306656,1.4371929801421606,-11.601664,10.39837
West Northamptonshire,E06000062,425723,215995,365758,22463,20661,12116,4725,209457,149226,49482,13891,3669,28471,37897,27068,20833,21932,18001,14527,16341,30925,2021,0.8591455007129049,0.05276435616586372,0.048531556904372095,0.028459820117776112,0.011098766099083206,0.4920030160456447,0.3505236973337123,0.11623050669097042,0.03262919785870155,0.00861827996138334,0.13181323641750967,0.17545313548924743,0.12531771568786315,0.09645130674321165,0.10153938748582143,0.08333989212713257,0.06725618648579829,0.07565452904002408,0.14317461052339175,0.9860199380716145,-0.037319940988097426,8.850013,-2.544221
West Oxfordshire,E07000181,114236,58923,108773,1936,722,2141,664,58560,38834,12766,3198,879,9428,12007,8946,5521,6745,5105,3476,3170,4525,2021,0.9521779474071221,0.016947372106866487,0.006320249308449175,0.018741902727686544,0.005812528449875696,0.5126229910010854,0.33994537623866383,0.11175111173360412,0.027994677684792885,0.007694597149760145,0.16000543081648932,0.20377441746007502,0.15182526347945624,0.09369855574223987,0.11447142881387573,0.08663849430612834,0.058992244115201195,0.05379902584729223,0.07679513941924206,2.3748236115873724,2.4964810849773293,27.233097,7.6973443
West Suffolk,E07000245,179948,89619,165156,4731,2873,4880,2308,85843,63799,22468,6150,1688,11402,14748,13094,8094,10962,9252,5825,6778,9464,2021,0.9177984751150332,0.026290928490452798,0.015965723431213462,0.027118945473136685,0.012825927490163825,0.4770433680841132,0.35454131193455884,0.12485829239558094,0.034176539889301354,0.00938048769644564,0.1272274852430846,0.1645633180463964,0.14610741025898527,0.09031566966826231,0.122317812071101,0.10323703678907374,0.06499737778819224,0.07563128354478403,0.1056026065901204,0.3911738779386942,0.937099575952594,0.77247053,11.8578205
Westminster,E09000033,204236,101742,112732,34242,16456,13335,27471,115033,58977,19840,7404,2982,22858,31136,17588,6750,3481,6187,5211,2781,5750,2021,0.5519692904287197,0.16765898274545135,0.08057345423921346,0.06529211304569224,0.13450615954092324,0.5632356685403161,0.2887688752227815,0.09714252139681545,0.03625217885191641,0.014600755988170547,0.22466631283049282,0.3060289752511254,0.17286862849167503,0.06634428259715752,0.034213992254919307,0.06081067798942423,0.0512177861650056,0.027333844430028897,0.05651549999017122,9.183277640430989,-3.4207665038246904,31.601824,-12.214849
Westmorland and Furness,E06000064,226593,108653,221136,2196,588,1952,721,104996,79034,30697,9330,2535,13697,18551,11971,8401,17528,10485,8410,7397,12213,2021,0.9759171730812514,0.009691384994240776,0.0025949610093868743,0.008614564439325133,0.00318191647579581,0.46336824173738816,0.34879276941476567,0.13547196956657973,0.04117514662853663,0.011187459453734228,0.12606186667648386,0.17073619688365715,0.1101764332324004,0.0773195401875696,0.1613209023220712,0.09649986654763329,0.07740237269104397,0.06807911424442951,0.11240370721471105,-1.4158127210502012,1.4381840203067655,-15.425153,13.035833
Wigan,E08000010,329330,154614,312952,5826,3907,4353,2292,152373,110193,46214,16085,4466,16153,25062,19252,15038,18014,16478,12747,14327,17543,2021,0.9502687274162694,0.017690462454073422,0.011863480399599186,0.013217745118877721,0.006959584611180275,0.46267573558436825,0.334597516169192,0.140327331248292,0.048841587465460176,0.013560866000668022,0.10447307488325766,0.16209398890139315,0.1245165379590464,0.09726156751652502,0.11650950108010917,0.10657508375696897,0.08244402188676317,0.09266301887280583,0.11346320514313063,-1.7046169118509076,0.07661085569440015,-9.840671,0.12586102
Wiltshire,E06000054,510333,252345,481413,10876,5786,8709,3549,252803,173908,62034,16995,4593,36607,46920,37260,25833,28608,22686,16548,15405,22478,2021,0.9433311190928276,0.021311574991231215,0.011337695191179093,0.017065327932937906,0.006954282791824162,0.495368710234298,0.3407735733334901,0.12155592524880814,0.03330178530488916,0.009000005878514617,0.14506726901662406,0.18593592106045295,0.14765499613624206,0.10237175295726089,0.11336860250847054,0.08990073114188908,0.06557688878321345,0.061047375616715215,0.08907646277913174,1.2772069371531065,1.8171965505708372,14.516015,6.344049
Winchester,E07000094,127444,60574,119305,3917,792,2590,840,67850,41989,13236,3466,902,11084,16313,8850,5069,5066,4368,3320,2038,4466,2021,0.9361366560999341,0.030735067951413956,0.006214494209221305,0.020322651517529267,0.006591130221901384,0.5323906970904868,0.3294701986754967,0.10385738049653181,0.027196258748940712,0.007077618404946486,0.18298279790008914,0.2693069633836299,0.1461022881104104,0.08368276818436954,0.08363324198501007,0.07211014626737544,0.05480899395780368,0.03364479809819394,0.07372800211311784,4.224278290303346,2.6076607086823174,28.884361,2.1413112
Windsor and Maidenhead,E06000040,153497,76302,122551,20072,2358,5238,3278,85594,48793,14471,3636,1002,15930,18678,12666,6582,5784,5427,3770,2848,4617,2021,0.7983934539437253,0.13076477064698333,0.015361863749780127,0.03412444542890089,0.02135546623061037,0.5576265334175913,0.3178759193990762,0.09427545815227659,0.023687759369889965,0.006527814875860766,0.20877565463552725,0.24479043799638278,0.1659982700322403,0.08626248329008414,0.07580404183376582,0.07112526539278131,0.049408927682105315,0.03732536499698566,0.06050955414012739,6.039636096244658,1.6384745749778538,31.518696,-2.657882
Wirral,E08000015,320199,139502,304692,7302,1389,4930,1886,148845,102703,45385,17840,5426,15549,27893,18147,14561,13501,15613,11599,9649,12990,2021,0.951570741944853,0.02280456840902064,0.00433792735142833,0.015396675192614593,0.005890087102083392,0.46485154544517626,0.3207474102042792,0.14173998044965788,0.05571535201546538,0.016945711885421252,0.11146076758756147,0.19994695416553168,0.13008415649954838,0.10437843185043942,0.0967799744806526,0.11191954237215238,0.08314576135109174,0.0691674671330877,0.09311694455993462,-1.1402953353448002,0.009952312081129793,-24.819687,-16.781326
Woking,E07000217,103943,52741,81529,14741,1879,3614,2180,55399,34440,10559,2776,768,8666,13423,7777,4879,4298,4299,3190,2500,3709,2021,0.7843625833389454,0.1418181118497638,0.018077215396900225,0.034769056117295055,0.020973033297095524,0.532974803498071,0.33133544346420635,0.10158452228625305,0.02670694515263173,0.007388664941362093,0.16431239453176846,0.25450787812138564,0.14745643806526232,0.09250867446578563,0.08149257693255721,0.08151153751350941,0.0604842532375192,0.04740145238050094,0.07032479475171119,4.448573498888411,0.6970596326241695,28.179451,-1.4165804
Wokingham,E06000041,177502,89467,141851,22868,4306,5574,2903,97553,58866,16372,3676,1033,15849,25529,14751,8325,6594,5939,4739,3103,4638,2021,0.7991515588556749,0.12883235118477537,0.024258881590066592,0.03140246307083864,0.016354745298644523,0.5495881736543814,0.331635699879438,0.09223558044416401,0.02070962580703316,0.0058196527363071964,0.17714911643399242,0.2853454346295282,0.16487643488660622,0.09305106910928052,0.0737031531179094,0.0663820179507528,0.05296925123229794,0.034683179272804496,0.051840343366827996,6.032882944165286,1.7080636395576958,30.96636,-1.8889794
Wolverhampton,E08000031,263726,111309,159707,55901,24636,14065,9417,118244,90690,38056,12953,3784,9649,17783,11566,10249,11420,12262,9025,12623,16732,2021,0.6055792754601367,0.21196620735156943,0.0934151354056862,0.053331867165163846,0.03570751461744386,0.44835928198205716,0.34387963264903726,0.14430128239157308,0.04911536973980571,0.014348225051758264,0.08668661114554978,0.15976246305330208,0.10390893818109946,0.0920770108436874,0.10259727425455265,0.1101618018309391,0.08108059545948665,0.11340502564931856,0.15032027958206434,-0.8553474043911969,-4.653318132684838,7.6643515,-18.356922
Worcester,E07000237,103869,51629,93478,5860,1212,2283,1036,49220,36463,13209,3882,1098,5584,10280,6689,4794,4867,5125,4140,4106,6044,2021,0.8999605272025339,0.056417217841704455,0.011668544031424198,0.02197960893047974,0.009974101993857648,0.4738661198240091,0.35104795463516547,0.12716980042168502,0.037373999942234934,0.010571007711636772,0.10815626876367933,0.1991129016637936,0.12955896879660656,0.09285479091208429,0.0942687249414089,0.09926591644230956,0.0801874915260803,0.07952894690968254,0.11706599004435492,-0.029673542874938556,0.040109745686761164,4.624831,-6.097038
Worthing,E07000229,111338,53557,101709,4387,1281,2854,1107,50406,39682,15418,4526,1308,6680,10711,7625,5279,5627,6159,4024,2875,4577,2021,0.9135156011424671,0.03940254001329285,0.011505505757243708,0.025633656074296286,0.009942697012700067,0.4527295263072805,0.35641021035046433,0.13847922542168892,0.04065099067703749,0.011748010562431514,0.12472692645219112,0.19999253132176933,0.1423716787721493,0.09856788094926901,0.10506563100995202,0.11499897305674328,0.07513490300054147,0.05368112478294154,0.08546035065444293,-0.04890041298277952,0.7634800556087373,3.5295718,2.7673156
Wrexham,W06000006,135122,61805,129677,2246,878,1558,763,61404,45998,19316,6588,1811,5980,9723,6627,5770,7534,7044,4694,7140,7293,2021,0.9597030831396812,0.016622015659922145,0.006497831589230473,0.011530320747176626,0.00564674886398958,0.45443377096253756,0.3404182886576575,0.1429522949630704,0.048755939077278314,0.013402702742706591,0.09675592589596312,0.1573173691448912,0.10722433460076046,0.09335814254510152,0.12189952269233881,0.11397136154032846,0.07594854785211552,0.11552463392929374,0.11800016179920718,-2.5407377074249493,0.014881859980745813,-15.048807,-3.6695926
Wychavon,E07000238,132495,63660,128325,1510,461,1600,599,62836,46380,17163,4829,1284,10301,11442,7893,5973,7366,5448,4537,4709,5991,2021,0.9685271142307257,0.01139665647760293,0.0034793765802483114,0.012075927393486547,0.0045209253179365255,0.4742518585607004,0.3500509453186913,0.129536963659006,0.03644665836446658,0.009690931733272954,0.16181275526233113,0.17973609802073515,0.12398680490103675,0.09382657869934025,0.11570845114671693,0.08557964184731386,0.07126924285265474,0.07397109644989004,0.09410933081998114,0.24133930178730245,1.9336255014001518,-1.5742301,15.524411
Wyre,E07000128,111946,47835,109139,1109,273,1135,290,49623,37251,17326,5902,1844,5996,8584,5679,5727,5959,5089,3469,3136,4196,2021,0.9749254104657603,0.009906562092437425,0.0024386757901130904,0.010138816929591054,0.0025905347220981545,0.44327622246440246,0.33275865149268397,0.15477105032783664,0.052721848033873475,0.016472227681203436,0.12534754886589317,0.1794501933730532,0.1187206020696143,0.11972405142677955,0.12457405665307829,0.10638653705445804,0.07252012125013066,0.06555869133479669,0.08771819797219609,-1.8416625175540502,1.0097258869732946,-13.103455,2.0940967
Wyre Forest,E07000239,101609,45786,97423,1939,395,1470,382,44004,36337,15024,4818,1424,5831,7070,5264,4333,6005,4925,3770,3760,4828,2021,0.9588028619512051,0.019082955250027064,0.003887450914781171,0.01446722239171727,0.0037595094922693857,0.433071873554508,0.35761595921621114,0.1478609178320818,0.047417059512444765,0.01401450658898326,0.12735333944873978,0.15441401301707947,0.11496964137509283,0.09463591490848731,0.1311536277464727,0.1075656314157166,0.08233957978421351,0.08212117241078058,0.1054470798934172,-2.2603927762128864,0.7109897922338569,-15.00088,4.64281
York,E06000014,202821,96198,188167,7634,1325,3741,1954,98610,71033,24604,6788,1786,11603,23463,12626,8190,8627,8466,8205,4966,10052,2021,0.9277490989591808,0.03763910048762209,0.006532854093017982,0.018444835593947374,0.009634110866231801,0.48619225819811557,0.3502250753127142,0.12130893743744484,0.0334679347799291,0.008805794271796313,0.12061581321857004,0.24390319965072038,0.1312501299403314,0.08513690513316285,0.0896796191189006,0.08800598765047091,0.08529283353084263,0.051622694858520966,0.10449281689848022,1.170229873582469,0.8620606752325822,8.881767,2.9337525
