area,district_code,total_population,white_total,white_british,white_irish,white_gypsy_traveller,white_other,mixed_total,mixed_white_black_caribbean,mixed_white_black_african,mixed_white_asian,mixed_other,asian_total,asian_indian,asian_pakistani,asian_bangladeshi,asian_chinese,asian_other,black_total,black_african,black_caribbean,black_other,other_total,other_arab,other_remaining,all_occupations,managers_directors_and_senior_officials,professional_occupations,associate_prof_and_tech,admin_and_secretarial,skilled_trades_occupations,caring_and_leisure,sales_and_customer_service,process_plant_and_machine_operatives,elementary_occupations,very_good_health,good_health,fair_health,bad_health,very_bad_health,all_categories_industry,agriculture_forestry_and_fishing,mining_and_quarrying,manufacturing,utilities_energy,water_and_waste_management,construction,wholesale_and_retail,transport_and_storage,accommodation_and_food,information_and_communication,financial_and_insurance,real_estate_activities,professional_and_scientific,admin_and_support_services,public_admin_and_defence,education,health_and_social_work,other_services,year,white_total_prop,asian_total_prop,black_total_prop,mixed_total_prop,other_total_prop,white_british_prop,white_irish_prop,white_gypsy_traveller_prop,white_other_prop,asian_bangladeshi_prop,asian_chinese_prop,asian_indian_prop,asian_pakistani_prop,asian_other_prop,black_african_prop,black_caribbean_prop,black_other_prop,mixed_white_asian_prop,mixed_white_black_african_prop,mixed_white_black_caribbean_prop,mixed_other_prop,other_arab_prop,other_remaining_prop,very_good_health_prop,good_health_prop,fair_health_prop,bad_health_prop,very_bad_health_prop,managers_directors_and_senior_officials_prop,professional_occupations_prop,associate_prof_and_tech_prop,admin_and_secretarial_prop,skilled_trades_occupations_prop,caring_and_leisure_prop,sales_and_customer_service_prop,process_plant_and_machine_operatives_prop,elementary_occupations_prop,agriculture_forestry_and_fishing_prop,mining_and_quarrying_prop,manufacturing_prop,utilities_energy_prop,water_and_waste_management_prop,construction_prop,wholesale_and_retail_prop,transport_and_storage_prop,accommodation_and_food_prop,information_and_communication_prop,financial_and_insurance_prop,real_estate_activities_prop,professional_and_scientific_prop,admin_and_support_services_prop,public_admin_and_defence_prop,education_prop,health_and_social_work_prop,other_services_prop,PCA_1,PCA_2,PCA_3,PCA_4,TSNE_X,TSNE_Y
Adur,E07000223,61182,58663,56843,426,121,1273,886,206,193,305,182,1058,234,55,269,242,258,313,241,60,12,262,170,92,29356,3153,4232,3644,3419,4053,3412,2800,1952,2691,26107,22373,9181,2757,764,29356,70,23,2417,447,292,2877,4966,1509,1186,891,1613,461,1562,1332,1393,2687,4171,1459,2011,0.9588277597986335,0.017292667778104672,0.0051158837566604555,0.014481383413422248,0.0042823052531790395,0.9290804484979243,0.006962832205550652,0.001977705861201007,0.0208067732339577,0.004396717988950999,0.003955411722402014,0.0038246543100912034,0.0008989572096368213,0.004216926547023634,0.003939067045863162,0.0009806805923310777,0.00019613611846621556,0.0049851263443496455,0.0031545225719983,0.003367003367003367,0.0029747311300709358,0.0027785950116047202,0.0015037102415743193,0.42671047039979076,0.36567944820372006,0.15006047530319375,0.045062273217613025,0.01248733287568239,0.1074056410955171,0.14416132988145525,0.12413135304537402,0.11646682109279194,0.13806376890584549,0.11622836898760049,0.0953808420765772,0.06649407276195667,0.09166780215288187,0.00238452105191443,0.0007834854884861698,0.08233410546395967,0.01522687014579643,0.009946859245128763,0.09800381523368307,0.16916473634010082,0.05140346096198392,0.04040059953672162,0.030351546532225097,0.05494617795339964,0.015703774356179315,0.053208884044147704,0.045374029159286004,0.04745196893309715,0.09153154380705818,0.1420833901076441,0.0497002316391879,-2.1849820052855593,-0.1438246830201112,0.6153612945565148,-0.4029906976544492,-13.30295,-1.5702376
Allerdale,E07000026,96422,95385,94085,241,14,1045,426,134,39,179,74,477,81,34,91,123,148,73,43,20,10,61,2,59,46076,4663,6034,4179,4284,7766,4617,4001,4741,5791,42887,33297,14210,4762,1266,46076,1569,116,6862,541,701,4348,6945,1822,3908,602,507,552,1927,1543,2794,3837,5477,2025,2011,0.9892451930057455,0.004947003795814233,0.000757088631225239,0.004418078861670573,0.0006326357055443778,0.9757627927236523,0.002499429590757296,0.00014519507996100476,0.010837775611374997,0.0009437680197465309,0.0012756424882288274,0.0008400572483458132,0.00035261662276244013,0.0015349194167306216,0.000445956317023086,0.00020742154280143537,0.00010371077140071768,0.0018564228080728464,0.00040447200846279894,0.001389724336769617,0.0007674597083653108,2.0742154280143537e-05,0.0006118935512642343,0.4447843853062579,0.3453257555329697,0.14737300616041982,0.04938706934102176,0.013129783659330858,0.10120236131608647,0.13095754839829846,0.09069797725497004,0.09297682090459242,0.1685476169806407,0.10020401076482334,0.08683479468703881,0.10289521659866308,0.12568365309488672,0.03405243510721417,0.0025175796510113727,0.1489278583210348,0.011741470613768555,0.015213994270335967,0.09436583036721938,0.15072922996787916,0.03954336313916139,0.084816390311659,0.013065370257834882,0.011003559336747981,0.011980206615157566,0.04182220678878375,0.03348815001302197,0.0606389443528084,0.0832754579390572,0.11886882541887317,0.04394912752843129,-5.150425210326607,0.17077274340232262,-1.5114279687878107,1.5078309789188737,-6.6872673,10.091799
Amber Valley,E07000032,122309,120023,117988,428,44,1563,980,438,93,282,167,929,416,80,11,201,221,253,120,106,27,124,27,97,59381,6419,8767,6534,6370,8167,5339,4376,6516,6893,53826,42795,18336,5810,1542,59381,395,129,11234,391,478,5468,9475,2765,2571,1314,961,716,2862,2274,3088,5590,7079,2591,2011,0.9813096337963683,0.0075955162743543,0.00206853134274665,0.008012492948188604,0.0010138256383422316,0.9646714469090582,0.0034993336549231863,0.00035974458134724346,0.01277910865103958,8.993614533681087e-05,0.0016433786556999076,0.0034012214963739383,0.0006540810569949881,0.0018068989199486547,0.0009811215854924821,0.0008666574005183592,0.00022075235673580849,0.0023056357259073333,0.0007603692287566736,0.00358109378704756,0.0013653942064770378,0.00022075235673580849,0.0007930732816064231,0.44008208717265285,0.34989248542625645,0.14991537826325127,0.04750263676426101,0.012607412373578396,0.10809855004125898,0.1476398174500261,0.11003519644330678,0.10727337026995167,0.13753557535238545,0.0899109142655058,0.07369360569879255,0.10973206918037756,0.11608090129839511,0.006651959380946768,0.0021724120509927416,0.1891850928748253,0.006584597766962496,0.008049712871120392,0.09208332631649854,0.1595628231252421,0.04656371566662737,0.04329667738839023,0.022128290193833045,0.016183627759721122,0.01205772890318452,0.04819723480574595,0.0382950775500581,0.05200316599585726,0.09413785554301882,0.11921321634866372,0.04363348545831158,-3.632313059674803,0.40612008382493414,0.20393725900221737,-0.13010278824788507,-1.8506011,9.911616
Arun,E07000224,149518,145118,137024,889,162,7043,1502,426,221,532,323,2116,498,107,367,412,732,538,313,160,65,244,72,172,67443,7843,8944,7456,7698,9014,8231,5511,4696,8050,62774,54975,23299,6608,1862,67443,1241,55,5896,292,692,5806,11500,3005,4339,1899,2174,1052,3339,3509,3618,5604,9711,3711,2011,0.9705721050308324,0.014152142216990597,0.003598228975775492,0.01004561323720221,0.0016319105391992938,0.9164381546034591,0.005945772415361361,0.0010834815875011704,0.04710469642451076,0.002454553966746479,0.002755521074385693,0.0033307026578739685,0.0007156329003865755,0.004895731617597881,0.0020933934375794217,0.0010701052716060942,0.00043473026658997577,0.0035581000280902634,0.0014780829064059177,0.002849155285651226,0.0021602750170548026,0.0004815473722227424,0.0011503631669765512,0.419842426998756,0.36768148316590643,0.15582739201968993,0.04419534771733169,0.012453350098315922,0.11629079370727874,0.1326156902866124,0.11055261480064647,0.11414083003425114,0.13365360378393606,0.12204379994958706,0.08171344691072462,0.06962916833474193,0.11936005219222158,0.018400723573980992,0.0008155034621828804,0.08742197114600478,0.004329582017407292,0.01026051628782824,0.08608751093516007,0.17051436027460226,0.04455614370653737,0.06433580949839124,0.02815711044882345,0.03223462775973785,0.015598357131207094,0.04950847382233886,0.052029120887267764,0.053645300475957475,0.08309238912859748,0.14398825675014457,0.05502424269383035,-2.689894115514911,-0.28446783606255727,-0.09954526143503178,1.50944225900277,-13.5779295,1.9280885
Ashfield,E07000170,119497,116733,114744,348,43,1598,1059,556,88,229,186,1099,396,97,62,232,312,472,195,209,68,134,25,109,55336,4889,5883,5423,6354,7930,5728,5224,6168,7737,50253,41200,19484,6764,1796,55336,139,207,9108,603,373,5351,10527,3188,2417,996,902,557,2020,2304,2867,4225,7474,2078,2011,0.9768697122103484,0.00919688360377248,0.0039498899553963695,0.008862147166874482,0.0011213670636082914,0.9602249428855955,0.0029122070010125776,0.0003598416696653472,0.013372720654074998,0.000518841477191896,0.0019414713340083851,0.0033138907252901746,0.0008117358594776437,0.00261094420780438,0.0016318401298777375,0.0017489978827920367,0.0005690519427265957,0.0019163661012410354,0.0007364201611755944,0.0046528364728821645,0.001556524431575688,0.0002092102730612484,0.000912156790547043,0.4205377540858766,0.34477853000493736,0.16305011841301456,0.056603931479451364,0.015029666016720084,0.08835116379933497,0.1063141535347694,0.09800130114211364,0.11482579152811913,0.1433063466820876,0.10351308370680931,0.09440508891137776,0.11146450773456701,0.13981856296082115,0.0025119271360416365,0.003740783576695099,0.16459447737458435,0.010897065201677028,0.00674063900534914,0.09670015902848056,0.19023781986410293,0.0576116813647535,0.04367861789793263,0.017999132571924245,0.016300419256903283,0.01006577996241145,0.0365042648547058,0.04163654763625849,0.051810756108139365,0.07635174208471882,0.13506577996241145,0.03755240711291022,-5.2004800136357945,-1.9902756626282512,0.2997568104189018,-0.6371444944751924,-1.132346,14.393061
Ashford,E07000105,117956,110520,105498,753,531,3738,1682,544,235,507,396,3991,958,161,185,431,2256,1375,948,327,100,388,87,301,57546,7025,9056,6704,6261,7600,5283,5185,4179,6253,56128,41385,15027,4163,1253,57546,951,47,4986,382,432,5930,9845,3070,2955,1710,1935,650,3519,3155,2891,5002,7255,2831,2011,0.936959544236834,0.03383465020855234,0.011656889009461154,0.014259554410119028,0.003289362135033402,0.8943843467055512,0.006383736308453999,0.0045016785920173625,0.031689782630811486,0.0015683814303638645,0.003653904845874733,0.00812167248804639,0.0013649157312896334,0.01912577571297772,0.008036895113432127,0.002772220149886398,0.0008477737461426295,0.004298212892943131,0.001992268303435179,0.004611889179015905,0.0033571840347248125,0.0007375631591440877,0.0025517989758893148,0.47583844823493504,0.3508511648411272,0.12739496083285293,0.03529282105191767,0.010622605039167147,0.12207625204184479,0.15736975636881798,0.11649810586313558,0.10879991658846835,0.13206825843672887,0.09180481701595246,0.09010183157821569,0.072620164737775,0.10866089736906127,0.016525909707016995,0.0008167379140166128,0.08664372849546449,0.006638167726688214,0.007507037847982484,0.1030479963855003,0.17108052688284156,0.053348625447468115,0.0513502241684913,0.029715358148264,0.03362527369408821,0.011295311576825496,0.06115107913669065,0.05482570465366837,0.05023807041323463,0.08692176693427867,0.12607305459979842,0.04919542626768151,-0.9514991312147927,0.6848919747099645,2.017272898075011,1.277189830808465,-7.483173,-8.653036
Aylesbury Vale,E07000004,174137,156079,148360,1573,134,6012,3864,1518,461,1077,808,10105,1872,5408,201,636,1988,3323,1676,1302,345,766,339,427,90724,12437,16995,13195,10384,10369,8094,6567,4978,7705,89515,59530,19073,4661,1358,90724,1168,59,7229,211,740,6945,14693,3884,3721,4892,3640,1280,6994,4514,6316,9308,10550,4580,2011,0.8963000396239742,0.058029023125470175,0.019082676283615773,0.022189425567225803,0.004398835399714018,0.8519728719341668,0.009033117602806985,0.00076950906470193,0.03452454102229854,0.0011542635970528952,0.003652296754853937,0.010750156485985173,0.031056007626179386,0.011416298661398783,0.009624605913734588,0.007476871658521738,0.001981198711359447,0.006184785542417751,0.002647340886773058,0.008717274329981567,0.004640024808053429,0.001946743081596674,0.0024520923181173444,0.5140492830357707,0.34185727329631266,0.10952870441089486,0.02676628172071415,0.00779845753630762,0.1370861073144923,0.18732639654336228,0.14544111811648516,0.11445703452228738,0.11429169789691812,0.08921564304924827,0.07238437458665843,0.05486971473920903,0.08492791323133901,0.012874211895419074,0.0006503240597857238,0.07968123098628808,0.0023257351968608087,0.008156606851549755,0.07655085754596358,0.16195273577002778,0.04281116352894493,0.04101450553326573,0.05392178475375865,0.04012168775627177,0.01410872536484282,0.07709095718883648,0.049755301794453505,0.06961774172214628,0.10259688726246638,0.11628675984304043,0.05048278294607821,1.8112962811615723,2.2200147986304395,1.2872740718201527,-0.14732126747292493,3.801424,-9.292784
Babergh,E07000200,87740,85845,83666,486,51,1642,827,306,92,216,213,666,180,9,65,161,251,264,133,89,42,138,10,128,42250,5176,6458,5333,4611,6118,3945,3149,3132,4328,40875,31433,11624,3023,785,42250,825,27,5033,205,309,4001,6554,1881,2118,1245,1898,603,2586,1885,2409,4103,4657,1911,2011,0.9784020971050832,0.007590608616366537,0.003008889901983132,0.009425575564166856,0.0015728288124002734,0.9535673581034876,0.005539092774105311,0.0005812628219740142,0.0187143834055163,0.0007408251652609984,0.001834966947800319,0.0020515158422612263,0.00010257579211306131,0.0028607248689309322,0.0015158422612263505,0.0010143606108958287,0.00047868702986095284,0.0024618190107134714,0.0010485525416001824,0.003487576931844085,0.0024276270800091177,0.00011397310234784591,0.0014588557100524277,0.46586505584682014,0.35825165260998404,0.13248233416913607,0.03445406883975382,0.008946888534305903,0.12250887573964497,0.15285207100591716,0.12622485207100592,0.10913609467455622,0.14480473372781066,0.09337278106508876,0.07453254437869823,0.0741301775147929,0.1024378698224852,0.01952662721893491,0.0006390532544378699,0.11912426035502958,0.0048520710059171595,0.0073136094674556215,0.09469822485207101,0.15512426035502958,0.044520710059171596,0.0501301775147929,0.029467455621301774,0.04492307692307692,0.014272189349112426,0.061207100591715975,0.04461538461538461,0.05701775147928994,0.09711242603550296,0.11022485207100592,0.045230769230769234,-1.6652228610094177,1.9848134458814675,0.9111278428286461,0.9721186682301519,-3.0882125,0.09060892
Barking and Dagenham,E09000002,185911,108386,91949,1730,182,14525,7878,2669,2128,1246,1835,29594,7436,8007,7701,1315,5135,37140,28685,5227,3228,2913,973,1940,75217,5094,10024,6891,9864,9137,8431,7213,7138,11425,87819,62720,24042,8686,2644,75217,44,33,3419,175,682,7844,11465,6292,4272,2387,3643,1185,3344,5647,3979,6678,10582,3546,2011,0.5829993921822808,0.15918369542415456,0.1997730096659154,0.04237511497436946,0.015668787753279796,0.4945861191645465,0.009305527913894282,0.0009789630522131557,0.07812878205162685,0.04142304651150282,0.007073276998133516,0.039997633276137506,0.04306899537950955,0.02762074325887118,0.1542942590809581,0.02811560370284706,0.017363146882110256,0.006702131665151605,0.011446337225876898,0.014356331793169851,0.009870314290171104,0.0052336870868318714,0.010435100666447924,0.47237118836432485,0.3373657287626875,0.12931994341378403,0.04672128061276632,0.014221858846437273,0.06772405174362178,0.13326774532353058,0.09161492747650132,0.13114056662722523,0.12147519842588776,0.11208902242844038,0.09589587460281586,0.09489875958892272,0.15189385378305437,0.000584974141483973,0.00043873060611297976,0.045455149766675085,0.0023266016990839836,0.009067099193001582,0.1042849355863701,0.1524256484571307,0.08365130223220814,0.056795671191353016,0.03173484717550554,0.04843319994150259,0.015754417219511548,0.04445803475278195,0.07507611311272717,0.05290027520374384,0.08878312083704482,0.1406862810268955,0.04714359785686746,3.1934153193694024,-7.456590289980022,1.4150823125537417,1.544804849923381,19.71421,-12.17709
Barnet,E09000003,356386,228553,162117,8685,151,57600,17169,3097,3112,5882,5078,65918,27920,5344,2215,8259,22180,27431,19392,4468,3571,17315,5210,12105,170658,23035,42157,25491,19743,14030,14116,11647,6962,13477,183453,117508,39172,12197,4056,170658,72,146,4908,364,513,12047,24830,6584,9751,10438,10262,4774,19438,8707,6618,19418,19776,12012,2011,0.6413074587666182,0.18496237225929188,0.07696991464311168,0.04817529308109746,0.048584961249880744,0.4548916062920541,0.024369644149882432,0.0004236979005909323,0.16162251042409073,0.006215171190787517,0.023174310999870926,0.07834202241389954,0.014994977356012863,0.06223589029872105,0.05441291184277721,0.01253696834331315,0.010020034457021319,0.016504576498515656,0.008732105077079347,0.008690015881656406,0.014248595623846054,0.014618980543567929,0.03396598070631282,0.5147592778616444,0.3297211450505912,0.10991453087382781,0.03422412777157352,0.011380918442363056,0.13497755745408946,0.24702621617504014,0.14936891326512675,0.11568751538164047,0.08221120603780661,0.08271513787809537,0.06824760632375863,0.04079504037314395,0.07897080711129863,0.00042189642442780296,0.0008555121939786004,0.028759272931828568,0.002132920812385004,0.003006012024048096,0.07059147534835754,0.14549566970197705,0.03858008414489798,0.057137667147159815,0.06116326219690844,0.06013195982608492,0.027974076808587937,0.11390031525038381,0.05102016899295667,0.03877931301198889,0.11378312179915387,0.11588088457616988,0.07038638680870513,10.585848923799793,-1.5086189738852636,-1.4913181699550797,0.6187594073268323,15.236994,-14.119131
Barnsley,E08000016,231221,226285,222164,567,163,3391,1630,644,178,434,374,1661,442,211,60,440,508,1221,995,149,77,424,168,256,103579,9372,12836,10260,10450,14242,10781,10870,11291,13477,96194,77649,37956,15278,4144,103579,530,447,13003,556,1047,11094,18143,5220,4664,2179,2352,1174,3852,5480,5948,9397,14209,4284,2011,0.978652458037981,0.0071836035654200955,0.005280662223586958,0.007049532698154579,0.0018337434748573874,0.9608296824250393,0.0024521994109531573,0.000704953269815458,0.014665622932173116,0.0002594920011590643,0.001902941341833138,0.0019115910752051067,0.0009125468707427094,0.0021970322764800774,0.004303242352554483,0.0006444051362116763,0.00033301473482079917,0.0018769921417172316,0.000769826270105224,0.0027852141457739565,0.0016175001405581673,0.0007265776032453799,0.0011071658716120076,0.4160262259915838,0.335821573300003,0.16415463993322404,0.06607531322846973,0.017922247546719373,0.09048166134061923,0.12392473377808243,0.09905482771604282,0.10088917637745103,0.13749891387250313,0.1040848048349569,0.10494405236582705,0.10900858282084207,0.13011324689367537,0.0051168673186649805,0.004315546587628767,0.12553702970679384,0.005367883451278734,0.010108226571023084,0.10710665289296092,0.17516098823120516,0.05039631585553056,0.04502843240425183,0.021037082806360363,0.022707305534905724,0.01133434383417488,0.03718900549339152,0.0529064771816681,0.057424767568715666,0.090723023006594,0.1371803164734164,0.04135973508143543,-4.9030330841448935,-2.0701303525668453,-0.7404254552815267,-0.6377753309825973,-2.4915817,15.841138
Barrow-in-Furness,E07000027,69087,67940,67073,222,39,606,360,117,45,109,89,633,137,47,43,183,223,70,56,7,7,84,35,49,31257,2345,4598,3211,3152,5088,3601,3050,2533,3679,29538,22865,10898,4542,1244,31257,122,165,6570,441,264,2387,4728,1296,1962,496,492,221,1000,1055,1913,2381,4539,1225,2011,0.9833977448724073,0.00916236050197577,0.001013215221387526,0.005210821138564419,0.001215858265665031,0.9708483506303646,0.003213339702114725,0.0005645056233444787,0.008771548916583438,0.0006224036359951944,0.002648834078770246,0.0019830069332870148,0.0006803016486459102,0.003227814205277404,0.0008105721771100207,0.00010132152213875259,0.00010132152213875259,0.0015777208447320045,0.0006513526423205523,0.001693516870033436,0.0012882307814784258,0.000506607610693763,0.0007092506549712681,0.42754787441921055,0.33095951481465397,0.1577431354668751,0.06574319336488775,0.018006281934372603,0.07502319480436383,0.1471030489170426,0.10272898870652973,0.10084141152381866,0.16277953738362608,0.11520619381258598,0.09757814249608088,0.08103784752215504,0.11770163483379723,0.003903125699843235,0.005278817544869949,0.2101929167866398,0.014108839619925137,0.008446108071791919,0.07636689381578526,0.151262117285728,0.041462712352433054,0.06276993953354448,0.01586844546821512,0.01574047413379403,0.007070416226765204,0.03199283360527242,0.033752439453562405,0.06120229068688614,0.07617493681415363,0.1452154717343315,0.03919122116645871,-5.4711790097188295,-1.4324206752211723,-2.471223496358722,-1.2826326721056631,-3.6563988,19.5118
Basildon,E07000066,174497,161677,156215,1313,873,3276,2887,1131,461,668,627,4766,2089,436,322,584,1335,4685,3339,931,415,482,112,370,83006,8475,11395,10282,12414,10068,7319,6967,6779,9307,80704,60991,23145,7355,2302,83006,147,28,6909,308,770,9082,13619,5072,3327,2704,7876,1120,4688,4062,3866,6564,9183,3681,2011,0.9265316882238663,0.02731279047777326,0.026848599116317186,0.01654469704350218,0.0027622251385410637,0.8952302904921001,0.007524484661627421,0.005002951340137653,0.01877396173000109,0.0018453039307266027,0.0033467624085227825,0.011971552519527556,0.002498610291294406,0.007650561327701909,0.019134999455578033,0.005335335277970395,0.0023782643827687583,0.0038281460426253747,0.0026418792300154158,0.0064814867877384715,0.003593184983122919,0.0006418448454701227,0.002120380293070941,0.4624950572216141,0.3495246336613237,0.13263838346791063,0.042149721771721,0.013192203877430558,0.10210105293593234,0.13727923282654267,0.12387056357371756,0.14955545382261523,0.12129243669132352,0.08817434884225236,0.08393369154037057,0.08166879502686553,0.11212442474038022,0.0017709563164108619,0.00033732501264968796,0.08323494687131051,0.0037105751391465678,0.00927643784786642,0.10941377731730237,0.16407247668843217,0.06110401657711491,0.04008143989591114,0.03257595836445558,0.09488470712960509,0.013493000505987519,0.056477844975062044,0.04893622147796545,0.04657494638941763,0.07907862082259114,0.11063055682721731,0.044346191841553625,-0.7157274361957167,0.02621456163652574,3.23795669718647,-0.22733633647126464,-7.928076,-10.026785
Basingstoke and Deane,E07000084,167799,155888,148078,1324,163,6323,2813,1047,318,863,585,6715,2437,389,330,1221,2338,1909,1259,470,180,474,138,336,90122,10816,17515,12987,11067,9371,7412,7040,5188,8726,85034,58917,18047,4559,1242,90122,669,93,8637,946,553,6861,15247,3713,3789,8435,4553,1105,6272,4813,4889,6861,8648,4038,2011,0.929016263505742,0.0400181169136884,0.011376706654986026,0.01676410467285264,0.002824808252730946,0.8824724819575802,0.007890392672185173,0.0009714003063188696,0.037681988569657744,0.0019666386569645827,0.007276563030768956,0.014523328506129357,0.002318249810785523,0.013933336909039983,0.007503024451873968,0.0028009702084041024,0.001072711994707954,0.005143058063516469,0.0018951245239840523,0.006239608102551267,0.003486313982800851,0.0008224125292760982,0.002002395723454848,0.506761065322201,0.35111651440115854,0.10755129649163582,0.027169411021519794,0.007401712763484883,0.12001509065489004,0.19434766205809903,0.14410465813009032,0.12280020416768381,0.10398126983422472,0.08224406915070682,0.07811633119549055,0.05756640997758594,0.09682430483122878,0.007423270677526021,0.0010319344888040656,0.09583675462151306,0.010496882004394043,0.00613612658396396,0.07613013470628703,0.16918177581500632,0.041199707063758015,0.04204300836643661,0.09359534852755154,0.050520405672310864,0.012261157098155832,0.06959454961052795,0.05340538381305342,0.054248685115732005,0.07613013470628703,0.09595881138900601,0.0448059297396862,1.6767595052786037,2.1265899337066463,2.4952573692471844,-0.817919560235101,5.640822,-11.468755
Bassetlaw,E07000171,112863,109892,106663,381,94,2754,996,454,85,228,229,1255,440,287,74,180,274,520,221,239,60,200,52,148,52814,5540,6780,5093,5188,6984,5653,4223,5981,7372,48326,39138,17794,5912,1693,52814,880,455,6921,668,437,4515,9852,2896,2650,921,957,587,1874,1776,2783,4448,7921,2273,2011,0.9736760497240017,0.0111196760674446,0.004607355820773858,0.008824858456713006,0.0017720599310668687,0.9450661421369271,0.0033757741686823847,0.0008328681676014282,0.024401265250790782,0.0006556621744947415,0.0015948539379601818,0.003898531848347111,0.0025429060010809567,0.00242772210556161,0.00195812622382889,0.002117611617624908,0.0005316179793200606,0.0020201483214162303,0.0007531254707034192,0.004022576043521792,0.0020290086210715645,0.00046073558207738584,0.001311324348989483,0.4281828411436875,0.34677440791047554,0.1576601720670193,0.05238209156233664,0.015000487316481043,0.10489642897716514,0.128375052069527,0.09643276403983791,0.09823152951868823,0.13223766425568978,0.10703601317832392,0.07995985912826145,0.11324648767372288,0.13958420115878364,0.0166622486461923,0.008615139925019881,0.1310447987276101,0.012648161472336881,0.008274321202711403,0.08548869617904344,0.18654144734350742,0.05483394554474193,0.05017608967319272,0.017438557958117166,0.018120195402734122,0.011114477221948726,0.03548301586700496,0.03362744726776991,0.05269436134358314,0.08422009315711743,0.14997917218919227,0.04303783087817624,-4.805520041516272,-1.0444218735257944,-1.2143774214193488,0.3064519507928605,-0.6916247,17.818428
Bath and North East Somerset,E06000022,176016,166473,158640,1146,58,6629,2898,951,292,954,701,4577,1116,170,219,1912,1160,1326,499,672,155,742,375,367,84858,9698,18637,10587,9295,9473,7249,6850,4380,8689,88882,58849,20856,5831,1598,84858,558,112,6024,334,792,6210,12476,2684,5620,4399,2868,1270,6627,3315,5555,10783,10928,4303,2011,0.9457833378783747,0.02600331788019271,0.007533406053995092,0.01646441232615217,0.004215525861285338,0.9012817016634851,0.006510771748022907,0.00032951549859103717,0.03766134896827561,0.0012442050722661576,0.010862648850104536,0.006340332697027543,0.0009658212889737297,0.006590309971820744,0.0028349695482228886,0.003817834742296155,0.0008806017634760476,0.005419961821652577,0.0016589400963548768,0.005402917916553041,0.003982592491591674,0.0021304881374420506,0.002085037723843287,0.5049654576856649,0.334338923734206,0.1184892282519771,0.03312767021179893,0.00907872011635306,0.11428504089184284,0.21962572768625233,0.12476136604680761,0.10953593061349548,0.11163355252303848,0.08542506304650122,0.08072309033915483,0.05161564024605812,0.1023945886068491,0.006575691154634801,0.001319851988027057,0.07098918192745528,0.003935987178580688,0.009333239058191332,0.07318107897900021,0.14702208395201397,0.0316293101416484,0.06622828725635768,0.05183954370831271,0.03379763840769285,0.014966178792806806,0.07809517075585096,0.03906526196705084,0.06546230172759197,0.12707110702585495,0.12877984397463998,0.05070824200428952,1.051489393477931,2.2628160472941117,-1.1716511347587948,-1.0663563498620878,6.1281114,-5.7669387
Bedford,E06000055,157479,126846,112588,1683,115,12460,5386,2396,587,1366,1037,17932,8122,3270,3225,905,2410,6202,2741,2843,618,1113,331,782,75810,8273,13687,9331,8489,8362,7054,6005,5243,9366,73860,56663,19812,5596,1548,75810,554,38,6440,516,609,5721,12949,4293,3412,2951,2080,997,5017,3729,4899,8827,9398,3380,2011,0.805478825748195,0.11386915080740924,0.03938302884829088,0.034201385581569606,0.007067609014535271,0.7149397697470774,0.010687139237612634,0.0007302560976384152,0.07912166066586657,0.020478920998990343,0.005746797985763181,0.05157513065234095,0.020764673385022765,0.015303627785292007,0.017405495335886055,0.018053200744226214,0.0039243327681786145,0.008674172429339785,0.0037274811244673895,0.015214727042970808,0.006585004984791623,0.0021018675505940477,0.004965741463941224,0.4690149162745509,0.3598130544390046,0.1258072504905416,0.035534896716387585,0.009829882079515365,0.10912808336631051,0.1805434639229653,0.12308402585410895,0.1119773117003034,0.11030207096689092,0.09304841049993405,0.0792111858593853,0.06915974145891043,0.12354570637119114,0.007307743041815064,0.0005012531328320802,0.08494921514312095,0.006806489908982984,0.008033240997229917,0.07546497823506133,0.17080860044848964,0.05662841313810843,0.04500725497955415,0.038926263025986015,0.027437013586598075,0.013151299300883788,0.06617860440575123,0.04918876137712703,0.06462208151958844,0.11643582640812558,0.12396781427252342,0.04458514707822187,1.576101685729129,-1.2843118382030965,1.233176001369083,0.08664584040179597,8.494915,0.9614236
Bexley,E09000004,231997,189962,179250,2596,624,7492,5395,1676,983,1369,1367,15243,7047,730,777,2514,4175,19624,15952,2381,1291,1773,303,1470,110159,10269,16225,13957,19352,13475,9844,9176,7712,10149,111323,80446,29015,8688,2525,110159,81,77,5080,655,797,11877,15997,6898,4208,4470,8376,2012,7829,5456,8480,10596,11909,5361,2011,0.8188123122281754,0.06570343582029078,0.08458730069785385,0.02325461105100497,0.007642340202675035,0.7726393013702764,0.011189799868101744,0.002689689952887322,0.03229352103690996,0.0033491812394125784,0.01083634702172873,0.030375392785251535,0.0031465924128329247,0.017995922361065012,0.06875950982124769,0.010263063746513963,0.005564727130092199,0.005900938374203114,0.004237123755910637,0.007224231347819153,0.005892317573072066,0.00130605137135394,0.006336288831321094,0.47984672215588997,0.3467544838941883,0.12506627240869495,0.03744876011327733,0.0108837614279495,0.0932198004702294,0.14728710318721122,0.12669868099746728,0.17567334489238282,0.12232318739276864,0.08936174075654281,0.08329777866538367,0.07000789767517861,0.09213046596283554,0.0007353007924908541,0.0006989896422443922,0.04611516081300666,0.005945950852858141,0.00723499668660754,0.10781688286930709,0.1452173676231629,0.06261857860002361,0.038199330059277954,0.040577710400421206,0.07603554861609128,0.018264508573970353,0.07106999881988761,0.04952840893617408,0.0769796385224993,0.09618823700287765,0.10810737207127878,0.048666019117820605,2.010729747817925,-0.5276763416299227,2.715170548508928,-0.7567012648545843,-2.3544803,-14.620526
Birmingham,E08000025,1073045,621636,570217,22021,408,28990,47605,24720,3223,11186,8476,285640,64621,144627,32532,12712,31148,96360,29991,47641,18728,21804,10910,10894,423691,35160,77424,46762,49752,41640,42626,38152,36206,55969,488568,363904,148782,54105,17686,423691,419,81,39056,1962,2709,25686,66500,23981,26715,12873,16916,6275,23868,22365,20528,51328,62912,19517,2011,0.5793195998303892,0.266195732704593,0.08980052094739736,0.04436440223848953,0.020319744279130886,0.5314008266195732,0.02052197251746199,0.00038022636515709965,0.02701657432819686,0.030317461057085212,0.011846660671267282,0.060222078291217986,0.1347818591019016,0.02902767358312093,0.027949433621143566,0.044397951623650456,0.017453135702603338,0.010424539511390482,0.003003601899267971,0.02303724447716545,0.007899016350665629,0.010167327558490091,0.010152416720640793,0.45530988914723985,0.3391320960444343,0.1386540173058912,0.05042193011476685,0.016482067387667804,0.08298500558189813,0.18273694744519,0.11036816925542435,0.11742519902476097,0.09827917043316946,0.1006063381096129,0.09004675577248514,0.08545378589585334,0.1320986284816057,0.0009889282519572047,0.0001911770606408916,0.0921803861776625,0.00463073324663493,0.006393810583656486,0.0606243701187894,0.1569540065755468,0.056600211002829894,0.06305302685211628,0.030382991378150585,0.03992532293581879,0.014810321673106109,0.05633350720218272,0.052786110632512845,0.04845040371402744,0.12114489097007017,0.14848557085234287,0.04606423077195409,3.2779350216814453,-5.89786556110716,-0.5126273286692894,-0.9119433797962365,14.332892,2.9620597
Blaby,E07000129,93915,85451,83161,545,101,1644,1505,645,108,486,266,5718,4399,281,18,435,585,900,371,398,131,341,96,245,48276,5384,7700,6275,6141,6286,4233,4130,3498,4629,44615,33631,11764,3081,824,48276,217,93,5516,769,281,4650,9286,2109,1903,1224,1871,469,2443,1856,2942,4905,5756,1986,2011,0.9098759516584145,0.06088484267688868,0.009583133684714902,0.016025129106106584,0.0036309428738753127,0.8854922003939732,0.0058031198424106905,0.001075440557951339,0.01750519086407922,0.00019166267369429804,0.004631847947612203,0.04684022786562317,0.002992067294894319,0.006229036895064686,0.003950380663365809,0.004237874673907256,0.0013948783474418357,0.005174892189746047,0.0011499760421657883,0.00686791247404568,0.002832348400149071,0.0010222009263695896,0.002608741947505723,0.4750572326039504,0.3581004099451632,0.12526220518554013,0.03280626098067401,0.00877389128467231,0.11152539564172674,0.15949954428701632,0.1299817714806529,0.1272060651255282,0.1302096279724915,0.08768332090479741,0.08554975557212693,0.07245836440467313,0.09588615461098683,0.004494987157179551,0.0019264230673626647,0.11425967354378988,0.01592924020217085,0.005820697655149557,0.09632115336813324,0.19235230756483554,0.043686303753417845,0.03941917308807689,0.02535421327367636,0.03875631783909189,0.00971497224293645,0.050604855414698814,0.03844560444113017,0.060941254453558705,0.10160328113348248,0.1192310879111774,0.041138453890131745,-1.4209020048112877,0.8763742488598084,2.060995492232216,-0.9690166168910735,1.3968868,4.2680287
Blackburn with Darwen,E06000008,147489,102009,98144,794,161,2910,1823,315,162,989,357,41494,19791,17801,1525,721,1656,933,614,202,117,1230,585,645,60523,5670,8482,5718,6702,7176,6823,5992,6791,7169,66991,49010,20725,8428,2335,60523,139,26,9741,194,417,3871,10759,2692,2961,1721,1179,755,2491,2754,3385,6195,8936,2307,2011,0.691638020462543,0.28133623524466234,0.006325895490511157,0.012360243814792967,0.008339604987490593,0.6654326763351843,0.005383452325258155,0.001091606831695923,0.019730284970404573,0.010339754151157036,0.004888500159333916,0.1341862782987206,0.12069374665229271,0.011227955983158067,0.0041630223270888,0.0013695936646122761,0.0007932794988100807,0.006705584823274956,0.0010983869983524194,0.0021357524967963713,0.0024205194963692208,0.003966397494050404,0.0043732074934401885,0.45421014448535146,0.3322959678348894,0.14051895395588823,0.057143244580951796,0.015831689142919134,0.09368339309023016,0.14014506881681343,0.09447648001586174,0.11073476199130909,0.11856649538192092,0.11273400194967202,0.09900368454967533,0.11220527733258431,0.11845083687193299,0.0022966475554747783,0.00042958875138377145,0.16094707797035837,0.003205392991094295,0.006889942666424335,0.06395915602332998,0.17776712985146143,0.044478958412504335,0.04892354972489797,0.028435470812748873,0.019480197610825638,0.012474596434413364,0.041157906911422106,0.04550336235811179,0.055929150901310246,0.10235778133932555,0.14764634932174545,0.03811774036316772,-1.9100378967616287,-3.4064141598657254,0.36458917393747464,-1.6313253142089748,8.052215,9.454075
Blackpool,E06000009,142065,137339,133042,1029,237,3031,1753,690,264,448,351,2282,627,223,231,514,687,346,183,111,52,345,170,175,61419,6832,6330,5546,8351,7184,7537,6200,4848,8591,56600,48022,23977,10346,3120,61419,73,42,4895,242,315,4434,9967,2929,7438,1266,1706,634,1950,2796,5750,4089,9171,3722,2011,0.9667335374652448,0.01606306972160631,0.0024355048745292648,0.012339422095519657,0.0024284658430999894,0.9364868194136486,0.007243163340724316,0.0016682504487382536,0.02133530426213353,0.0016260162601626016,0.0036180621546475205,0.004413472706155633,0.001569704008728399,0.004835814591912153,0.0012881427515573857,0.0007813324886495618,0.00036602963432231725,0.0031534860803153486,0.0018583042973286876,0.004856931686199979,0.0024707000316756414,0.0011966353429768064,0.001231830500123183,0.3984091788969838,0.33802836729665997,0.16877485657973462,0.07282581916728258,0.021961778059339035,0.1112359367622397,0.10306257021442876,0.09029779058597502,0.13596769729236882,0.11696706230970873,0.12271446946384669,0.10094596134746577,0.07893322913105065,0.13987528289291587,0.0011885572868330647,0.0006838274800957359,0.07969846464449112,0.003940148813884954,0.005128706100718019,0.07219264397010697,0.1622787736693857,0.0476888259333431,0.12110259040362104,0.020612514042885752,0.027776420977222032,0.010322538628111822,0.03174913300444488,0.045523372246373275,0.09361923834644002,0.06657548966932057,0.1493186147609046,0.06060014002181735,-3.7807691242363446,-2.8995310715144296,-2.5247362016890595,0.1359842767029631,-17.49114,5.507023
Blaenau Gwent,W06000019,69814,68750,67954,102,72,622,394,163,36,106,89,485,202,39,26,122,96,95,56,33,6,90,12,78,28291,1942,3086,2390,2676,3718,3720,2467,3873,4419,29269,21385,11696,5692,1772,28291,84,76,5675,165,421,2243,4290,1090,1301,294,470,325,567,1106,1992,2231,4904,1057,2011,0.9847595038244478,0.0069470306815251955,0.0013607585871028734,0.0056435671928266535,0.001289139714097459,0.9733577792419859,0.0014610250093104536,0.001031311771277967,0.00890938780187355,0.0003724181396281548,0.001747500501332111,0.002893402469418741,0.0005586272094422322,0.0013750823617039562,0.0008021313776606411,0.00047268456183573496,8.594264760649726e-05,0.001518320107714785,0.0005156558856389835,0.002334775259976509,0.001274815939496376,0.00017188529521299452,0.0011172544188844645,0.4192425587990947,0.30631391984415735,0.16753086773426534,0.08153092502936374,0.02538172859311886,0.0686437382913294,0.10908062634760171,0.08447916298469478,0.09458838499876286,0.13141988618288503,0.13149058004312325,0.08720087660386695,0.13689866035134848,0.15619808419638753,0.002969142130006009,0.002686366689053056,0.2005938284260012,0.005832243469654661,0.014881057580149164,0.07928316425718426,0.15163833021102116,0.03852815382983988,0.04598635608497402,0.010391997455021031,0.016613057155986002,0.011487752288713725,0.02004170937754056,0.03909370471174579,0.07041108479728536,0.07885900109575483,0.17334134530416034,0.037361705135908946,-6.84856926760659,-3.4849170174038036,-3.553475554877971,-2.0842271096577134,-6.624061,20.899874
Bolsover,E07000033,75866,74452,73058,199,66,1129,518,248,63,136,71,612,207,56,6,166,177,267,175,51,41,17,2,15,34511,3310,3759,3324,3549,4609,3794,2825,3933,5408,30934,25423,12965,5152,1392,34511,224,294,5251,185,360,3042,6680,1943,1690,641,592,317,1142,1468,1730,2634,4846,1472,2011,0.9813618748846651,0.008066854717528273,0.0035193630875490997,0.006827828012548441,0.00022407929770911872,0.9629873724725173,0.002623045896712625,0.0008699549205177549,0.014881501594917355,7.908681095615955e-05,0.0021880684364537473,0.0027284949779875045,0.0007381435689241557,0.0023330609232067065,0.0023066986528879866,0.0006722378931273562,0.0005404265415337568,0.0017926343816729497,0.0008304115150396752,0.0032689215195212612,0.0009358605963145546,2.6362270318719848e-05,0.00019771702739039887,0.4077452350196399,0.3351039991564074,0.17089341734110142,0.06790920834102233,0.018348140141829013,0.09591144852365913,0.10892179305149083,0.09631711628176523,0.10283677667989917,0.133551621222219,0.1099359624467561,0.08185795833212599,0.11396366375938106,0.15670365970270347,0.006490684129697778,0.008519022920228332,0.1521543855582278,0.0053606096606878964,0.010431456637014285,0.08814580858277071,0.1935614731534873,0.05630088957144099,0.04896989365709484,0.018573788067572657,0.017153950914201268,0.0091854770942598,0.0330908985540842,0.042537162064269364,0.050128944394540874,0.07632349106082119,0.14041899684158674,0.042653067138013964,-5.69886891332294,-2.3098249521491416,-1.2133824299215845,-0.13279806537585082,-1.4355223,17.328718
Bolton,E08000001,276786,226645,219794,1694,214,4943,4892,1576,678,1826,812,38749,21665,12026,614,1423,3021,4652,3451,608,593,1848,727,1121,123367,12018,18434,14147,14556,14129,11969,12973,10887,14254,125548,93765,39139,14465,3869,123367,198,66,13184,1027,1200,10397,23310,6334,5959,3193,4336,1738,6422,6065,6931,11581,16144,5282,2011,0.8188456063529225,0.13999624258452378,0.016807208457075142,0.017674304336201974,0.006676638269276626,0.7940936319033477,0.006120251746836907,0.0007731604922214274,0.01785856221051643,0.0022183202907661514,0.005141155983322856,0.07827346758867862,0.04344872934324713,0.010914569378509029,0.012468116161944607,0.0021966428937879806,0.0021424494013425536,0.006597154480356665,0.0024495458585333074,0.005693929606266213,0.0029336743910457898,0.002626577933855036,0.004050060335421589,0.45359230596923256,0.3387635212763651,0.14140527338810488,0.052260591214873586,0.013978308151423844,0.09741665113036711,0.14942407613056977,0.11467410247472987,0.11798941370058444,0.1145281963572106,0.09701946225489799,0.10515778125430626,0.08824888341290621,0.11554143328442776,0.0016049672927119895,0.0005349890975706632,0.10686812518744883,0.008324754594016229,0.009727074501284785,0.08427699465821492,0.18894842218745694,0.05134274157594819,0.048303030794296695,0.025882124068835263,0.03514716253130902,0.014088046236027463,0.05205606037270907,0.049162255708576845,0.05618196114033737,0.09387437483281591,0.1308615756239513,0.042815339596488526,-1.4027872048756709,-2.201866547638371,0.9362057393057295,-1.4319228839070024,8.312962,6.0640907
Boston,E07000136,64637,62592,54221,208,63,8100,664,171,114,167,212,928,374,148,72,130,204,278,174,57,47,175,63,112,30807,2410,3077,2128,2655,3957,2975,2556,5194,5855,26298,24225,10252,3058,804,30807,1653,18,5523,93,261,1842,6179,1617,1279,310,335,348,816,1987,1049,2000,4489,1008,2011,0.9683617742160063,0.014357101969460216,0.0043009421848167455,0.010272753995389638,0.0027074276343270883,0.8388539072048518,0.0032179711310859104,0.0009746739483577517,0.12531522193171094,0.0011139130838374305,0.002011231956928694,0.00578615962993332,0.0022897102278880517,0.00315608707087272,0.0026919566192737904,0.0008818478580379658,0.0007271377075049894,0.002583659513900707,0.0017636957160759316,0.0026455435741138977,0.003279855191299101,0.0009746739483577517,0.0017327536859693365,0.4068567538716215,0.3747853396661355,0.15860884632640748,0.047310364032984206,0.012438696102851308,0.0782289739344954,0.09987989742590969,0.06907521017950466,0.08618171194858311,0.12844483396630635,0.09656896159963645,0.08296815658778849,0.1685980458986594,0.19005420845911644,0.05365663647872237,0.0005842827928717499,0.17927743694614862,0.0030187944298373745,0.008472100496640374,0.05979160580387574,0.20057129873080792,0.05248807089297887,0.041516538449053786,0.010062648099457915,0.010874151978446458,0.0112961339955205,0.026487486610185997,0.06449832830200929,0.034050702762359206,0.06492031031908332,0.14571363651118252,0.032719836400818,-4.7626901328971005,-3.5047383411778497,1.1172603848051128,2.986942296741812,4.1253552,14.151623
Bournemouth,E06000028,183491,168797,153752,1355,218,13472,4191,1043,601,1396,1151,7066,1940,213,408,1840,2665,1764,1208,380,176,1673,693,980,89186,9926,14625,11366,9541,10134,9200,9288,5005,10101,84955,63260,24866,8009,2401,89186,138,72,6151,211,415,6530,15229,3763,7285,3190,7813,1603,4513,3936,3359,7914,12271,4793,2011,0.9199197780817587,0.03850870069921686,0.009613550528363789,0.022840357292728253,0.009117613397932324,0.8379266558032819,0.0073845583707102804,0.0011880691696050487,0.07342049473816155,0.002223542299077339,0.010027739780152705,0.0105727256377697,0.001160819876724199,0.014523873105492913,0.006583429160013298,0.0020709462589445803,0.0009591751094059109,0.007608002572333248,0.003275365004278139,0.005684202494945256,0.006272787221171611,0.0037767519932857744,0.0053408614046465495,0.462992735338518,0.3447580535285109,0.13551618335504192,0.04364791733654512,0.013085110441384046,0.11129549480860225,0.16398313636669432,0.12744152669701522,0.10697867378288071,0.11362769941470634,0.10315520373152737,0.10414190568026371,0.05611867333437984,0.11325768618393021,0.0015473280559729105,0.000807301594420649,0.06896822371224183,0.002365842172538291,0.004653196690063463,0.07321776960509498,0.170755499742112,0.04219272083062364,0.08168322382436706,0.03576794564169264,0.08760343551678515,0.017973672998004172,0.050602112439172064,0.04413248716166215,0.03766286188415222,0.088735900253403,0.137588859237997,0.053741618639696814,0.9718216127353916,-0.6671274918528651,-1.0328312001250233,0.046402739020872795,9.987795,-1.2217046
Bracknell Forest,E06000036,113205,102554,96080,984,118,5372,2303,656,297,808,542,5664,1989,518,134,556,2467,2189,1586,402,201,495,201,294,61914,8081,11578,9382,7540,6545,5792,4618,2784,5594,59320,38814,11394,2859,818,61914,135,107,4184,332,356,4477,10044,3537,2920,6180,1770,816,4611,3791,3809,5402,6152,3291,2011,0.9059140497327857,0.05003312574532927,0.019336601740205822,0.020343624398215625,0.004372598383463628,0.8487257629963341,0.008692195574400425,0.0010423567863610263,0.04745373437569012,0.0011836932997659113,0.004911443840819752,0.01756989532264476,0.00457576962148315,0.021792323660615696,0.01400998189125922,0.0035510798992977343,0.0017755399496488672,0.0071374939269466895,0.0026235590300781766,0.005794797049600283,0.004787774391590478,0.0017755399496488672,0.0025970584338147608,0.5240051234486109,0.34286471445607525,0.10064926460845369,0.025255068239035377,0.007225829247824743,0.13051975320606002,0.18700132441774073,0.1515327712633653,0.12178182640436735,0.1057111477210324,0.09354911651645831,0.07458733081370934,0.04496559744161256,0.09035113221565397,0.0021804438414575055,0.0017282036373033563,0.06757760764932003,0.005362276706399199,0.005749911167102755,0.07230997835707595,0.1622250218044384,0.057127628646186646,0.04716219271893271,0.09981587363116581,0.028588041476887295,0.013179571663920923,0.0744742707626708,0.06123009335529929,0.06152081920082696,0.08725005653002552,0.09936363342701166,0.05315437542397519,2.9006086690832493,2.0730986957871376,2.3886670891148545,-0.2106527378653556,6.146249,-12.225976
Bradford,E08000032,522452,352317,333628,2541,433,15715,12979,4663,875,5677,1764,140149,13555,106614,9863,2086,8031,9267,4993,3581,693,7740,3714,4026,218937,20571,32021,23720,25835,25708,22306,19561,21370,27845,234133,186031,71580,23768,6940,218937,621,123,24761,764,1798,14553,38656,11917,12328,5619,11161,2934,10412,11010,11033,24284,28243,8720,2011,0.6743528592100327,0.2682523944783444,0.017737514642493474,0.024842473566949692,0.014814758102179722,0.6385811519527153,0.004863604694785358,0.0008287842710909327,0.03007931829144113,0.01887828929739,0.003992711292137842,0.025944967193158416,0.20406467962607092,0.015371747069587254,0.009556858811909994,0.006854218186551109,0.0013264376440323704,0.010866069993032853,0.0016747950050913767,0.008925221838561245,0.0033763867302642157,0.007108787027324998,0.007705971074854724,0.4481426044880678,0.35607290239103306,0.13700780167364657,0.04549317449258496,0.013283516954667606,0.09395853601721044,0.1462566857132417,0.10834166906461676,0.11800198230541206,0.11742190675856524,0.10188319014145622,0.08934533678638147,0.09760798768595531,0.1271827055271608,0.0028364323983611725,0.0005618054508831307,0.11309646153916424,0.0034895883290626986,0.008212408135673732,0.0664711766398553,0.17656220739299433,0.054431183399790806,0.05630843576005883,0.025664917304978146,0.05097813526265547,0.013401115389358583,0.04755705979345656,0.050288439140026585,0.05039349219181774,0.11091775259549551,0.12900058007554685,0.039828809200820325,-0.17546760811180778,-3.4447164889264705,1.4673358076978769,-0.7504555566343923,9.204361,9.596298
Braintree,E07000067,147084,142087,137010,1051,132,3894,1837,554,221,596,466,1998,625,122,190,335,726,913,540,286,87,249,65,184,74200,8949,10018,9818,9142,10067,7335,5613,5661,7597,69884,52492,18291,5046,1371,74200,755,46,7442,185,600,7828,12125,4422,2896,2268,4263,1102,4625,3457,4181,6581,8076,3348,2011,0.9660262163117674,0.013584074406461614,0.006207337303853581,0.01248946180413913,0.0016929101737782491,0.9315085257403932,0.0071455766772728505,0.0008974463571836502,0.02647466753691768,0.0012917788474613146,0.002277610073155476,0.004249272524543798,0.0008294579967909494,0.004935954964510076,0.0036713714612058414,0.001944467107231242,0.0005914987354164967,0.004052106279404966,0.001502542764678687,0.0037665551657556228,0.0031682575942998557,0.000441924342552555,0.0012509858312256942,0.47512985776835004,0.35688450137336486,0.12435750999428898,0.03430692665415681,0.009321204209839276,0.12060646900269542,0.13501347708894879,0.13231805929919138,0.12320754716981132,0.13567385444743935,0.0988544474393531,0.07564690026954178,0.07629380053908356,0.10238544474393531,0.010175202156334232,0.0006199460916442048,0.10029649595687332,0.0024932614555256065,0.008086253369272238,0.10549865229110512,0.16340970350404313,0.05959568733153639,0.03902964959568733,0.030566037735849056,0.05745283018867924,0.014851752021563342,0.06233153638814016,0.046590296495956876,0.05634770889487871,0.08869272237196765,0.10884097035040431,0.045121293800539086,-1.1214857226187336,1.48099815723152,2.1197354952955254,0.5196001384279911,-2.3710642,-1.8736902
Breckland,E07000143,130491,127116,119033,593,204,7286,1562,379,313,388,482,1040,295,81,101,202,361,596,211,225,160,177,9,168,61301,6381,6642,6679,6259,9208,6477,4630,6597,8428,55097,48663,19565,5623,1543,61301,2556,75,8195,163,561,5199,10341,3094,3110,963,1601,781,2585,2705,4152,5070,7022,3128,2011,0.9741361473205049,0.007969898307162946,0.004567364799104919,0.011970174188258194,0.0013564153849690782,0.9121931780735836,0.004544374707834257,0.0015633262064050394,0.055835268332681945,0.0007739997394456323,0.0015479994788912645,0.002260692308281797,0.0006207324643078833,0.002766474316236369,0.0016169697527032515,0.001724256845299676,0.0012261382011019917,0.00297338513767233,0.002398632855905771,0.0029044148638603428,0.00369374133081975,6.897027381198704e-05,0.0012874451111570913,0.42222835291322774,0.3729222705014139,0.14993371190350294,0.043091094404978124,0.011824570276877333,0.1040929185494527,0.10835059786952904,0.10895417693022952,0.10210273894389978,0.15020962137648652,0.10565896151775664,0.07552894732549224,0.10761651522813657,0.13748552225901697,0.04169589403109248,0.0012234710689874554,0.13368460547136263,0.002659010456599403,0.009151563596026166,0.0848110145022104,0.16869219099199034,0.05047225983262916,0.05073326699401315,0.015709368525798927,0.026117029085985545,0.012740412065056035,0.04216896951110096,0.04412652322148089,0.06773135837914553,0.08270664426355198,0.11454951795239882,0.05102690005057014,-3.4796280426978856,-0.28110003204435025,0.4960560863203035,2.8649395048112978,-4.431886,8.599915
Brent,E09000005,311215,112880,55887,12320,320,44353,15775,4291,2820,3642,5022,105986,58017,14381,1749,3250,28589,58632,24391,23723,10518,17942,11430,6512,147461,14130,26814,18590,16144,15599,12019,14074,10162,19929,149695,108169,36731,12339,4281,147461,66,111,6724,285,452,13062,25104,8346,11648,9262,6426,2664,12321,9785,5241,11987,15118,8859,2011,0.362707453046929,0.3405555644811465,0.18839708882926595,0.05068843082756294,0.05765146281509567,0.17957681988336038,0.0395867808428257,0.0010282280738396286,0.14251562424690326,0.00561990906607972,0.010442941374933727,0.18642096299985542,0.046209212280899054,0.09186253875937857,0.07837347171569493,0.07622704561155472,0.033796571502016294,0.011702520765387272,0.009061259900711726,0.01378789582764327,0.016136754333820672,0.03672702151245923,0.020924441302636442,0.48100187972944747,0.3475700078723712,0.11802451681313561,0.039647831884709925,0.013755763700335781,0.0958219461416917,0.18183790968459457,0.12606723133574302,0.10947979465757048,0.10578390218430636,0.08150629658011271,0.09544218471324621,0.06891313635469717,0.13514759834803777,0.0004475759692393243,0.0007527414028115909,0.045598497229776006,0.001932714412624355,0.003065217243881433,0.0885793531849099,0.17024162320884845,0.05659801574653637,0.07899037711666135,0.06280982768325184,0.043577623914119665,0.01806579366747818,0.08355429571208658,0.06635652816676951,0.03554160083004998,0.08128929004957243,0.1025220227721228,0.06007690168926021,10.361447976828375,-8.364446483953834,0.9794967088917579,3.4049175944876713,17.131775,-11.445077
Brentwood,E07000068,73601,68868,65688,921,121,2138,1196,343,138,444,271,2350,939,113,172,377,749,896,542,230,124,291,105,186,36251,5097,7448,5946,5188,3630,2896,1955,1585,2506,37548,24537,8565,2306,645,36251,174,12,2033,117,192,3330,4370,1465,1393,1655,4786,555,3124,1617,1802,3947,4004,1675,2011,0.9356938085080366,0.031928914009320526,0.012173747639298379,0.01624977921495632,0.0039537506283882015,0.8924878738060624,0.012513416937269874,0.0016439994021820357,0.029048518362522247,0.002336924770043885,0.005122213013410144,0.01275797883180935,0.0015353052268311572,0.010176492167225989,0.007364030380022011,0.0031249575413377535,0.0016847597179386149,0.006032526731973751,0.0018749745248026522,0.0046602627681689105,0.0036820151900110055,0.0014266110514802787,0.0025271395769079223,0.5101561120093477,0.3333786225730629,0.11637070148503417,0.03133109604489069,0.008763467887664569,0.1406030178477835,0.20545640120272543,0.16402306143278805,0.14311329342638823,0.10013516868500179,0.07988745138065156,0.053929546771123556,0.04372293178119224,0.06912912747234559,0.00479986758985959,0.0003310253510247993,0.05608121155278475,0.003227497172491793,0.005296405616396789,0.09185953490938181,0.12054839866486441,0.04041267827094425,0.03842652616479545,0.04565391299550357,0.13202394416705746,0.015309922484896968,0.08617693305012275,0.04460566605059171,0.04970897354555737,0.10887975504124024,0.11045212545860804,0.04620562191387824,3.0622968499904437,3.9457051066308217,1.2656566074750735,-1.4776812886170898,1.0361856,-13.952757
Bridgend,W06000013,139178,136090,133656,474,63,1897,998,338,120,264,276,1549,337,122,114,356,620,315,152,121,42,226,75,151,61259,5586,9175,6953,6524,7724,6520,5893,5464,7420,64134,41659,21002,9459,2924,61259,250,158,8176,386,698,5138,9833,2359,3382,1317,1924,629,2155,2463,5463,5466,8900,2562,2011,0.9778125853223929,0.01112963255686962,0.002263288738162641,0.007170673525988303,0.0016238198565865294,0.9603241891678282,0.003405710672663783,0.0004526577476325281,0.013630027734268347,0.0008190949719064795,0.0025578755263044447,0.002421359697653365,0.0008765753208121973,0.004454727040193134,0.0010921266292086393,0.0008693902771989826,0.00030177183175501875,0.0018968515138886894,0.0008622052335857679,0.0024285447412665793,0.0019830720372472663,0.0005388782709911049,0.0010849415855954247,0.46080558708991365,0.29932173188291256,0.15090028596473581,0.06796332753739816,0.021009067525039875,0.09118660115248371,0.14977391077229468,0.1135016895476583,0.10649863693498099,0.12608759529212035,0.10643334040712385,0.09619810966551853,0.08919505705284121,0.12112505917497837,0.0040810329910706995,0.002579212850356682,0.13346610293997616,0.006301114938213161,0.011394244111069395,0.08387339003248502,0.16051518960479277,0.038508627303743125,0.055208214303204425,0.021498881796960446,0.03140762989928011,0.010267879005533881,0.035178504383029434,0.04020633702802853,0.08917873292087693,0.08922770531676978,0.1452847744821169,0.04182242609249253,-4.007082138526499,-1.1196133932435821,-2.6950701869762725,-2.415678260793002,-7.3553834,18.72534
Brighton and Hove,E06000043,273369,243512,220018,3772,198,19524,10408,2182,2019,3351,2856,11278,2996,649,1367,2999,3267,4188,2893,879,416,3983,2184,1799,139823,16294,31769,23382,13470,12068,12925,12910,5046,11959,134673,91970,32298,11151,3277,139823,151,64,5237,1152,651,8594,19167,5860,9143,8583,9367,2490,10788,7018,6213,17332,18779,9234,2011,0.8907813248759003,0.041255592258083396,0.015319952152584967,0.0380730807077613,0.014570050005669992,0.8048388807801908,0.013798199503235553,0.0007242957321422692,0.07141994886033164,0.005000566999184252,0.010970519700478108,0.010959545522718377,0.002374080455355216,0.011950879580347443,0.010582765419634267,0.003215434083601286,0.0015217526493494142,0.01225815655761992,0.0073856216322992,0.007981885290577936,0.010447417227264248,0.007989201409084424,0.006580848596585568,0.49264181381210015,0.33643170952083085,0.11814799776126773,0.04079101873292144,0.01198746017287988,0.11653304535019274,0.22720868526637247,0.16722570678643714,0.09633608204658747,0.08630911938665313,0.09243829698976563,0.0923310185019632,0.03608848329673945,0.08552956237528876,0.0010799367772111885,0.00045772154795706,0.0374544960414238,0.00823898786322708,0.00465588637062572,0.06146342161160896,0.13708045171395264,0.04191012923481831,0.06538981426517812,0.06138475072055384,0.06699183968302783,0.017808228975204364,0.07715468842751193,0.05019202849316636,0.044434749647768966,0.12395671670612131,0.13430551482946296,0.06604063709117956,4.795550687680095,0.579581515479901,-1.951050568671899,-1.0722609173400355,12.400938,-4.639474
"Bristol, City of",E06000023,428234,359592,333432,3851,359,21950,15438,7389,1533,3402,3114,23655,6547,6863,2104,3886,4255,25734,12085,6727,6922,3815,1272,2543,209995,18103,47493,28688,23299,20104,17934,18315,12107,23952,209024,143283,52446,18056,5425,209995,208,142,13609,808,1409,13864,30464,9077,12308,11087,12658,2691,17623,10993,11427,22801,29324,9502,2011,0.8397091309891321,0.055238491105330266,0.06009331346880444,0.03605038366874186,0.008908680767991332,0.7786210342943344,0.008992746956103439,0.0008383267092290663,0.0512570230294652,0.004913201660774249,0.009074477972323542,0.015288370376943446,0.016026284694816387,0.00993615640047264,0.028220552314855898,0.01570870131750398,0.01616405983644456,0.007944254776594105,0.0035798185104405533,0.01725458511000995,0.0072717252716972495,0.002970338646627778,0.005938342121363554,0.4881069695540289,0.3345904342018616,0.12247042504798779,0.042163863682005635,0.012668307514116114,0.08620681444796305,0.22616252767923045,0.13661277649467846,0.11095026072049334,0.09573561275268459,0.08540203338174718,0.08721636229434034,0.05765375366080145,0.11405985856806114,0.000990499773804138,0.0006762065763470559,0.06480630491202172,0.003847710659777614,0.006709683563894378,0.06602061953856045,0.14507012071715994,0.043224838686635396,0.05861091930760256,0.05279649515464654,0.060277625657753756,0.012814590823591038,0.08392104573918427,0.05234886544917736,0.05441558132336484,0.10857877568513535,0.13964142003381033,0.045248696397533275,3.052459579234836,-1.262742357653372,-0.6711049912108384,-1.2491697587117399,11.168609,-3.2962914
Broadland,E07000144,124646,121795,119582,406,44,1763,1064,267,165,389,243,1265,405,45,96,286,433,331,228,63,40,191,80,111,61541,6900,8808,7477,7745,8752,6200,5690,4074,5895,55219,46106,17475,4499,1347,61541,881,175,5416,290,408,5945,10830,2435,2977,1571,3943,876,3210,2512,3571,5459,8202,2840,2011,0.9771272242992154,0.010148741235178024,0.0026555204338687163,0.00853617444603116,0.0015323395857067214,0.9593729441779119,0.003257224459669785,0.0003529996951366269,0.01414405596649712,0.0007701811530253679,0.002294498018388075,0.0032492017393257705,0.00036102241548064117,0.0034738379089581696,0.0018291802384352487,0.0005054313816728977,0.00032090881376056995,0.0031208382138215424,0.001323748856762351,0.0021420663318518045,0.0019495210435954624,0.0006418176275211399,0.0008905219581855816,0.4430065946761228,0.3698955441811209,0.14019703801164898,0.036094218827720105,0.010806604303387193,0.11212037503452983,0.1431240961310346,0.12149623828017095,0.12585105864383095,0.14221413366698624,0.10074584423392535,0.09245868607919923,0.06619976925951805,0.09578979867080482,0.01431565947904649,0.002843632700151119,0.08800636973724833,0.004712305617393282,0.006629726523780894,0.0966022651565623,0.17598024081506639,0.039567117856388424,0.04837425456199932,0.025527696982499473,0.0640711070668335,0.014234412830470743,0.05216034838562909,0.040818316244454915,0.05802635641279797,0.08870509091499976,0.13327700232365414,0.04614809639102387,-2.4122474067420656,1.119378828694989,0.7684189172150013,0.2610800959359415,-5.567679,-1.3662281
Bromley,E09000006,309392,260870,239478,4463,580,16349,10897,3897,1335,3016,2649,16067,6215,1014,1265,2768,4805,18686,9819,6609,2258,2872,870,2002,151368,19784,32394,24488,23079,13956,11546,10194,6297,9630,154998,105574,36098,9904,2818,151368,160,170,5147,490,536,12577,18913,6075,5444,8729,15449,3058,15179,7586,10344,15743,16888,8880,2011,0.8431698298598541,0.051930883797900396,0.06039587319646274,0.03522069090344935,0.00928272224233335,0.774027770595232,0.014425065935770802,0.001874644463980969,0.05284234886487046,0.004088664218855045,0.008946579097067798,0.02008778507524435,0.0032773956663391425,0.015530459740394064,0.03173643791694679,0.021361250452500386,0.007298184827015566,0.009748151212701039,0.004314914412783782,0.012595671510575581,0.008561953767388943,0.0028119666959714536,0.006470755546361897,0.5009761079795211,0.34123054248332213,0.11667399286342245,0.03201117029528883,0.009108186378445467,0.13070133713862903,0.21400824480735692,0.16177791871465566,0.1524694783573807,0.09219914380846678,0.07627768088367422,0.06734580624702712,0.041600602505153,0.06361978753765657,0.0010570265842185932,0.0011230907457322552,0.034003223931081863,0.003237143914169441,0.003541039057132287,0.08308889593573278,0.12494714867078907,0.040133978119549704,0.03596532952803763,0.05766740658527562,0.10206252312245653,0.02020242059087786,0.10027879076158766,0.050116272924264044,0.06833676866973204,0.10400480947095819,0.1115691559642725,0.05866497542413192,5.619131391370855,1.9719981306365393,1.1096808242539336,-1.0130533809624702,4.1612244,-16.678825
Bromsgrove,E07000234,93637,89696,87640,904,75,1077,1396,631,82,446,237,1925,1078,221,39,309,278,444,110,267,67,176,53,123,46251,6502,9737,6057,5542,5209,4127,2853,2420,3804,45932,31306,11885,3484,1030,46251,307,15,4981,299,341,3801,6708,1370,2075,1733,1810,776,3383,2084,2479,5415,6507,2167,2011,0.9579119365208197,0.020558112711855356,0.004741715347565599,0.014908636543246794,0.0018795988765124897,0.9359548041906511,0.009654303320268696,0.0008009654303320269,0.011501863579567905,0.00041650202377265395,0.003299977572967951,0.011512543118639,0.002360178134711706,0.0029689118617640463,0.001174749297820306,0.0028514369319820156,0.0007155291177632773,0.004763074425707787,0.0008757222038296827,0.006738789153860119,0.002531050759849205,0.0005660155707679657,0.001313583305744524,0.49053258861347543,0.3343336501596591,0.12692632185994854,0.03720751412369042,0.010999925243226502,0.1405807442001254,0.21052517783399277,0.13095933060906792,0.11982443622840587,0.11262459190071566,0.08923050312425677,0.06168515275345398,0.05232319301204298,0.08224687033793864,0.006637694320122808,0.00032431731205811765,0.10769496875743227,0.006464725087025145,0.007372813560787875,0.08218200687552701,0.1450347019523902,0.029620981167974746,0.04486389483470628,0.037469460119781195,0.0391342889883462,0.016778015610473287,0.07314436444617414,0.04505848522194115,0.053598841106138245,0.11707854965298048,0.14068884997081144,0.046853041015329396,0.2974912698921092,2.819337299414746,-0.3418206016077632,-1.230367634735057,-1.2449518,-4.014713
Broxbourne,E07000095,93609,84530,75656,1308,147,7419,2141,787,246,500,608,2190,799,145,158,326,762,3957,2246,1307,404,791,135,656,46222,5069,5608,5598,6990,6320,4031,3897,3886,4823,44661,33072,11544,3357,975,46222,151,12,3054,199,389,5557,9007,3040,1972,1678,2566,870,2796,2540,2366,4028,3727,2270,2011,0.9030114625730432,0.02339518636028587,0.04227157645098228,0.022871732418891347,0.008450042196797316,0.8082128855131451,0.013973015415184437,0.001570361824183572,0.07925519982053007,0.0016878718926598938,0.003482571120298262,0.008535504064780096,0.0015489963571878773,0.008140242925359741,0.023993419436165325,0.01396233268168659,0.004315824333130361,0.005341366748923715,0.0026279524404704676,0.008407311262805927,0.006495101966691237,0.001442169022209403,0.007007873174587914,0.47710156074736404,0.35329936224081016,0.12332147549915072,0.03586193635227382,0.010415665160401244,0.10966639262688763,0.12132750638224223,0.12111115918826533,0.151226688589849,0.13673142659339707,0.08720955389208603,0.08431050149279563,0.08407251957942105,0.10434425165505604,0.0032668426290511014,0.00025961663277227295,0.06607243304054346,0.004305309160140193,0.00841590584570118,0.12022413569296006,0.19486391761498853,0.06576954696897581,0.04266366665224352,0.03630305914932283,0.05551468997447103,0.01882220587598979,0.0604906754359396,0.054952187270131105,0.05118774609493315,0.08714464973389295,0.08063259919518843,0.04911081303275497,0.7107490735834866,-0.4951396571936635,3.6329259545320034,0.8954336838377632,3.4322596,-2.719828
Broxtowe,E07000172,109487,101538,98001,615,9,2913,1827,866,151,486,324,4503,1754,775,92,1135,747,933,448,405,80,686,436,250,53185,5334,10903,6540,6266,5961,4208,4523,3981,5469,49831,38276,15614,4521,1245,53185,99,54,6241,627,273,4108,9227,2349,2163,1863,1251,597,3041,2112,3390,6941,6622,2227,2011,0.9273977732516189,0.04112817046772676,0.008521559637217204,0.016686912601496066,0.0062655840419410525,0.8950925680674418,0.005617105227104588,8.220153990884763e-05,0.02660589841716368,0.0008402824079571091,0.010366527532949118,0.01602016677779097,0.007078465936595212,0.006822727812434353,0.004091809986573748,0.0036990692958981434,0.0007306803547453123,0.004438883155077772,0.0013791591695817768,0.007909614840118005,0.0029592554367185147,0.003982207933361952,0.0022833761085791007,0.45513165946642065,0.3495940157278946,0.14261053823741632,0.04129257354754446,0.011371213020723922,0.10029143555513773,0.205001410172041,0.12296700197424086,0.11781517345116105,0.11208047381780577,0.07912005264642287,0.08504277521857667,0.07485193193569616,0.10282974522891793,0.001861427094105481,0.0010153238695120804,0.1173451161041647,0.011789038262668045,0.0051330262291999626,0.07723982325843753,0.1734887656294068,0.0441665883237755,0.04066936166212278,0.035028673498166775,0.023521669643696532,0.011224969446272446,0.05717777568863401,0.03971044467425026,0.06373977625270283,0.13050672182006204,0.12450879007238883,0.041872708470433395,-0.7852855781892084,0.4452420493714838,0.05971502551351889,-2.015164086635652,2.7218575,3.578139
Burnley,E07000117,87059,76054,74464,527,10,1053,976,228,90,476,182,9578,321,5924,2425,222,686,211,76,120,15,240,55,185,38133,3300,4856,3835,3978,5181,4633,3306,4187,4857,37372,29286,13682,5213,1506,38133,92,15,6821,112,268,2826,6386,1445,1842,767,1035,456,1310,1759,2043,3252,6000,1704,2011,0.873591472449718,0.11001734455943671,0.0024236437358572923,0.011210788086240367,0.002756751168747631,0.8553279959567649,0.006053366108041673,0.00011486463203115128,0.012095245752880231,0.027854673267554187,0.0025499948310915587,0.0036871546881999564,0.06804580801525402,0.007879713757336978,0.0008729712034367498,0.0013783755843738154,0.00017229694804672693,0.005467556484682801,0.0010337816882803616,0.0026189136103102494,0.0020905363029669537,0.0006317554761713321,0.002124995692576299,0.4292721028268186,0.33639256136642964,0.1571577895450212,0.05987893267783917,0.017298613583891384,0.08653921800015735,0.12734377048750425,0.10056906091836468,0.10431909369837149,0.13586657226024704,0.12149581727112999,0.08669656203288491,0.10979991083838145,0.12736999449295885,0.0024126085018225684,0.000393360081818897,0.17887394120577976,0.002937088610914431,0.00702803346183096,0.0741090394146802,0.16746649883303175,0.03789368788188708,0.048304618047360554,0.020113812183672933,0.027141845645503895,0.01195814648729447,0.034353447145517,0.04612802559462932,0.053575643143733774,0.08528046573833688,0.1573440327275588,0.044685705294626704,-3.675289445251938,-2.5744798840595933,-1.1977533737868316,-0.9995580645104845,7.6241007,11.792805
Bury,E08000002,185060,165032,157897,2357,72,4706,3365,1307,444,1005,609,13407,1387,9002,311,1100,1607,1893,1116,593,184,1363,465,898,88036,9415,15320,11204,10825,8896,8552,8537,6723,8564,87128,61634,25430,8539,2329,88036,121,49,8021,393,658,6262,15322,4358,4035,3159,3836,1370,5436,4124,5288,9487,12325,3792,2011,0.891775640332865,0.072446774019237,0.010229114881660003,0.018183291905328,0.007365178860909975,0.8532205771101264,0.012736409813033612,0.0003890630065924565,0.025429590403112504,0.0016805360423646385,0.005944018156273641,0.0074948665297741275,0.048643683129795744,0.008683670161028856,0.006030476602183076,0.0032043661515184264,0.0009942721279585,0.005430671133686372,0.002399221873986815,0.007062574300226954,0.0032908245974278614,0.002512698584242948,0.004852480276667027,0.4708094671998271,0.3330487409488814,0.1374148924673079,0.046141791851291476,0.0125851075326921,0.10694488618292516,0.17401971920577947,0.1272661184061066,0.12296106138397928,0.10104957063019673,0.0971420782407197,0.0969716933981553,0.07636648643736653,0.09727838611477123,0.0013744377300195375,0.0005565904857103912,0.09111045481393976,0.004464082875187424,0.007474215093825253,0.07112999227588714,0.17404243718478804,0.049502476259711936,0.04583352264982507,0.03588304784406379,0.043573083738470623,0.015561815620882366,0.06174746694534054,0.046844472715707214,0.060066336498705075,0.10776273342723432,0.13999954564041983,0.0430732882002817,-0.04729222490337998,-0.5803667031419536,0.0930906637549023,-2.022414659583727,9.492106,-3.3046143
Caerphilly,W06000018,178806,175845,173899,402,31,1513,1174,454,147,296,277,1346,327,123,32,495,369,242,121,112,9,199,67,132,77488,6258,9830,8366,9934,9890,7909,7123,8357,9821,79382,54272,28488,12844,3820,77488,199,140,12546,659,1028,6636,11699,3024,3399,1476,2716,837,2928,3474,7086,7073,9629,2939,2011,0.9834401530149995,0.007527711598044808,0.0013534221446707606,0.006565775197700301,0.0011129380445846337,0.9725568493227297,0.0022482467031307673,0.00017337225820162635,0.008461684730937441,0.0001789649116920014,0.0027683634777356464,0.0018287976913526393,0.0006878963793161303,0.002063689137948391,0.0006767110723353803,0.0006263771909220049,5.033388141337539e-05,0.0016554254331510128,0.0008221200630851314,0.0025390646846302697,0.001549165016833887,0.0003747077838551279,0.0007382302607295057,0.4439560193729517,0.30352449022963435,0.15932351263380423,0.07183204143037705,0.021363936333232667,0.08076089200908527,0.12685835226099526,0.1079651042742102,0.12820049556060292,0.1276326657030766,0.10206741689035721,0.09192391079909147,0.107848957257898,0.12674220524468305,0.002568139582903159,0.001806731364856494,0.16190894073921122,0.00850454263886021,0.013266570307660541,0.08563906669419781,0.15097821598182945,0.03902539748090027,0.043864856493908734,0.019048110675201322,0.03505058847821598,0.010801672517034896,0.0377864959735701,0.044832748296510426,0.09144641750980798,0.09127864959735701,0.12426440223002272,0.03792845343795168,-4.672119928322517,-1.5544662624406298,-1.7101335390478682,-2.971384764553597,-6.94582,18.670435
Calderdale,E08000033,203826,182787,176732,1795,80,4180,2797,1097,247,907,546,16875,1130,13904,574,459,808,899,479,320,100,468,111,357,96645,10327,16340,12120,11282,11737,9455,7151,8552,9681,94449,70007,28091,8929,2350,96645,335,102,12897,268,849,7597,14100,3784,4263,2588,7678,1266,4766,3889,5137,10492,12615,4019,2011,0.8967796061346442,0.08279120426245916,0.0044106247485600466,0.013722488789457674,0.0022960760648788672,0.8670728955089144,0.008806531060806767,0.0003924916350220286,0.020507687929900993,0.002816127481283055,0.002251920755938889,0.005543944344686154,0.06821504616682857,0.0039641655137224886,0.0023500436646943963,0.0015699665400881143,0.0004906145437775357,0.0044498739120622495,0.0012118179231305132,0.005382041545239567,0.002678755409025345,0.0005445821435930647,0.0017514939212858027,0.4633805304524447,0.3434645236623394,0.13781853149254755,0.04380697261389617,0.01152944177877209,0.10685498473795851,0.16907237829168606,0.12540741890423715,0.11673650990739304,0.12144446168968907,0.09783227275078897,0.07399244658285478,0.08848879921361684,0.10017072792177557,0.0034662941693827925,0.0010554089709762533,0.13344715194785037,0.002773035335506234,0.008784727611361167,0.07860727404418232,0.1458947695173056,0.039153603393864145,0.04410988669874282,0.026778415851828857,0.07944539293289875,0.013099487816234674,0.049314501526204146,0.040240053805163226,0.05315329297946091,0.10856226395571421,0.13052925655750428,0.041585182885819236,-1.1298877963927216,0.4803892366323603,0.19627962588141112,-1.2569359642203428,6.5781126,7.6539106
Cambridge,E07000008,123867,102205,81742,1767,109,18587,3944,728,470,1501,1245,13618,3413,742,1849,4454,3160,2097,1300,598,199,2003,908,1095,59437,5105,22615,6696,4608,3929,4322,3867,2049,6246,67743,39600,12021,3533,970,59437,115,34,2848,89,206,2127,6280,1431,3748,4661,961,551,8581,2303,1627,13596,7306,2973,2011,0.8251188775057118,0.10994050069832965,0.016929448521397952,0.031840603227655466,0.01617057004690515,0.6599174921488371,0.014265300685412579,0.0008799761034012287,0.1500561085680609,0.014927301056778641,0.035957922610541954,0.02755374716429719,0.005990296043336805,0.02551123382337507,0.010495127838730252,0.004827758805815915,0.0016065618768517846,0.01211783606610316,0.003794392372464014,0.005877271589688941,0.010051103199399355,0.0073304431365900525,0.008840126910315096,0.5469011116762333,0.31969774031824455,0.09704763980721258,0.028522528195564598,0.00783098000274488,0.08588926089809377,0.3804869020980198,0.11265709911334691,0.0775274660564968,0.06610360549825867,0.07271564850177499,0.06506048421017212,0.034473476117569866,0.10508605750626714,0.0019348217440314955,0.0005720342547571378,0.0479162811043626,0.0014973837845113312,0.00346585460235207,0.03578578999613036,0.10565809176102428,0.024075912310513654,0.06305836431852213,0.07841916651244174,0.016168379965341453,0.009270319834446556,0.14437135117855882,0.038746908491343775,0.027373521543819505,0.22874640375523664,0.12292006662516614,0.050019348217440314,7.977679819623182,2.33841168063594,-3.9750755401603195,-2.7332644226918106,15.719533,-4.998496
Camden,E09000007,220338,146055,96937,7053,167,41898,12322,2494,1800,3880,4148,35446,6083,1489,12503,6493,8878,18060,10802,3496,3762,8455,3432,5023,108966,15366,34721,23711,9192,4665,6117,5923,2390,6881,117692,67334,22963,9174,3175,108966,62,190,1959,228,162,3143,10524,2843,6644,10690,10862,2232,19806,4426,3739,10941,11069,9446,2011,0.6628679574108869,0.16087102542457496,0.08196498107453094,0.05592317258030843,0.038372863509698735,0.4399468089934555,0.03200991204422297,0.0007579264584411223,0.1901533099147673,0.05674463778376857,0.029468362243462318,0.027607584710762557,0.006757799380951084,0.04029264130563044,0.0490246802639581,0.015866532327605768,0.01707376848296708,0.017609309333841642,0.008169267216730659,0.011318973576959036,0.018825622452777097,0.015576069493233124,0.022796794016465612,0.534142998484147,0.3055941326507457,0.10421715727654784,0.041636031914603924,0.014409679673955468,0.14101646385110952,0.3186406769083934,0.21759998531652075,0.08435658829359617,0.042811519189471944,0.05613677660921755,0.05435640475010554,0.021933447130297525,0.06314813795128756,0.0005689848209533249,0.0017436631609859957,0.017978084907218767,0.002092395793183195,0.001486702274103849,0.02884385955252097,0.09658058476956115,0.0260907071930694,0.060973147587320815,0.09810399574179102,0.09968246976120992,0.020483453554319696,0.1817631187709928,0.04061817447644219,0.034313455573298096,0.10040746654919883,0.10158214488923151,0.08668759062459849,14.556020714309396,0.7359630741050792,-4.758921625881074,-0.8419526567295633,15.400248,-17.43496
Cannock Chase,E07000192,97462,95256,94042,350,8,856,867,458,51,214,144,982,406,110,48,227,191,280,98,147,35,77,10,67,47476,4464,5264,5092,5455,7216,4674,4244,5275,5792,42634,34133,14091,5121,1483,47476,131,68,6812,356,673,5519,8955,2731,2265,829,971,464,1681,2057,2770,3647,5621,1926,2011,0.977365537337629,0.010075721819786172,0.0028729145718331245,0.008895774763497568,0.0007900515072541093,0.9649094005868954,0.0035911432147914058,8.208327348094642e-05,0.008782910262461268,0.0004924996408856785,0.0023291128850218548,0.00416572612915803,0.0011286450103630134,0.0019597381543575956,0.0010055201001415936,0.0015082801502123906,0.00035911432147914057,0.002195727565615317,0.0005232808684410334,0.004699267406784183,0.0014774989226570355,0.00010260409185118303,0.0006874474154029262,0.4374422851983337,0.350218546715643,0.144579425827502,0.052543555436990824,0.015216186821530442,0.0940264554722386,0.11087707473249642,0.107254191591541,0.11490016008088297,0.1519925857275255,0.09844974302805629,0.08939253517566771,0.11110877074732496,0.12199848344426657,0.002759288903867217,0.0014323026371219141,0.14348302300109528,0.007498525570814728,0.014175583452691886,0.1162482096217036,0.1886216193445109,0.05752380149970512,0.047708315780604936,0.01746145420844216,0.02045243912713792,0.009773359170949533,0.03540736372061673,0.04332715477293791,0.05834526918864268,0.07681776055270031,0.11839666357738647,0.040567865869070685,-4.953401593585134,-1.1877396201997745,1.2028973299694619,-0.29600869785270345,-2.498433,14.079634
Canterbury,E07000106,151145,140620,132269,1260,374,6717,2551,680,305,897,669,5135,1448,306,251,1436,1694,1937,1338,437,162,902,405,497,65620,6964,13470,7768,6449,7446,6692,6144,3317,7370,70764,52338,20211,6133,1699,65620,545,28,3341,209,350,5415,11063,2546,4282,1734,1725,778,3810,2569,3725,10669,9546,3285,2011,0.9303648814052731,0.03397399847828245,0.012815508286744517,0.01687783254490721,0.005967779284792749,0.8751133017962883,0.0083363657415065,0.0024744450693043106,0.04444076879817394,0.00166065698501439,0.009500810480002647,0.009580204439445565,0.0020245459657944357,0.011207780608025407,0.008852426477885474,0.0028912633563796353,0.0010718184524794072,0.005934698468358199,0.002017929802507526,0.004498991035098746,0.004426213238942737,0.002679546131198518,0.003288233153594231,0.46818617883489366,0.34627675411029146,0.1337192761917364,0.04057692943861854,0.011240861424459956,0.10612618104236514,0.2052727826882048,0.11837854312709539,0.09827796403535508,0.11347150259067358,0.10198110332215787,0.0936299908564462,0.05054861322767449,0.11231331911002743,0.0083053946967388,0.0004266991770801585,0.05091435537945748,0.0031850045717768975,0.005333739713501981,0.0825205729960378,0.1685918927156355,0.03879914660164584,0.06525449558061566,0.026424870466321245,0.02628771715940262,0.011856141420298689,0.05806156659555014,0.03914964949710454,0.05676622980798537,0.16258762572386468,0.14547394087168547,0.05006095702529716,-0.014202377339379776,0.7089224116636829,-1.3293202291864088,-0.3470115849687306,6.61652,-3.8552823
Cardiff,W06000015,346090,293114,277798,2547,521,12248,10031,3641,1742,2459,2189,27885,7886,6354,4838,4168,4639,8201,5213,1322,1666,6859,4707,2152,159614,14400,35984,21457,19005,12946,13495,17334,7767,17226,174329,107477,42014,16745,5525,159614,132,75,8651,1997,1122,9274,23982,5419,11512,6470,8471,2301,10270,6766,12508,18969,22816,8879,2011,0.8469299893091392,0.08057152763731977,0.023696148400705018,0.028983790343552255,0.019818544309283714,0.8026756046115172,0.007359357392585744,0.0015053887717067815,0.03538963853332948,0.013979022797538213,0.012043110173654252,0.022785980525296887,0.01835938628680401,0.01340402785402641,0.015062555982547892,0.003819815654887457,0.004813776763269669,0.0071050882718368055,0.005033372822098298,0.010520384870987316,0.0063249443786298366,0.013600508538241497,0.006218035771042215,0.5037100176254732,0.31054638966742754,0.12139616862665781,0.04838336848796556,0.015964055592475945,0.09021765008081997,0.2254438833686268,0.13443056373501072,0.11906850276291553,0.08110817346849274,0.084547721377824,0.10859949628478704,0.048661145012342276,0.1079228639091809,0.0008269951257408498,0.0004698835941709374,0.05419950630897039,0.012511433834124825,0.0070294585687972234,0.05810267269788365,0.15024997807209894,0.03395065595749746,0.07212399914794441,0.04053529139047953,0.05307178568296014,0.014416028669164358,0.0643427268284737,0.042389765308807496,0.07836405327853446,0.11884295863771348,0.1429448544613881,0.05562795243525004,2.4808309175950223,-0.9603112223778432,-2.4689178703804426,-3.0124415361454235,12.514922,-2.4990242
Carlisle,E07000028,107524,105480,102189,405,196,2690,535,152,91,162,130,1248,273,109,180,337,349,147,107,19,21,114,52,62,53874,4925,6638,5010,5978,7402,5164,5267,6366,7124,48593,37494,15030,4964,1443,53874,1363,75,5817,223,474,4424,10333,3567,3633,916,1010,710,2237,2190,3471,4108,6899,2424,2011,0.9809902905397865,0.011606711059856405,0.0013671366392619322,0.004975633346973699,0.0010602284141214985,0.9503831702689632,0.0037666009449053234,0.001822848852349243,0.02501767047356869,0.001674044864402366,0.0031341839961310965,0.0025389680443435882,0.0010137271678880993,0.003245786987091254,0.0009951266693947398,0.0001767047356869164,0.00019530523418027603,0.0015066403779621293,0.0008463226814478628,0.0014136378854953313,0.0012090324020683754,0.00048361296082735015,0.0005766154532941483,0.4519270116439121,0.34870354525501285,0.13978274617759756,0.046166437260518584,0.013420259662958968,0.09141701006051156,0.12321342391506107,0.092994765564094,0.11096261647547982,0.13739466161784905,0.09585328729999629,0.09776515573374912,0.11816460630359728,0.1322344730296618,0.02529977354568066,0.0013921372090433233,0.10797416193340016,0.004139287968222148,0.008798307161153804,0.08211753350410217,0.19179938374726213,0.06621004566210045,0.06743512640605859,0.017002635779782456,0.018747447748450087,0.013178898912276794,0.041522812488398855,0.04065040650406504,0.064428110034525,0.0762519953966663,0.12805806140253184,0.04499387459628021,-4.011269683470315,-0.8290887406923821,0.5943192185364088,0.9654452525990922,-1.2524859,12.217564
Carmarthenshire,W06000010,183777,180323,175591,754,335,3643,1033,326,118,364,225,1837,563,159,117,298,700,279,115,115,49,305,132,173,80680,7355,12203,7841,8446,13189,8965,7026,6552,9103,82638,55618,30011,11475,4035,80680,3338,218,7021,373,691,7223,13411,3096,4304,1357,1567,888,2915,2646,7311,8447,12524,3350,2011,0.9812054827317891,0.009995810139462501,0.0015181442726783004,0.00562094277303471,0.0016596200830354178,0.9554568852467936,0.00410279850035641,0.0018228614026782458,0.019822937581960746,0.0006366411466070292,0.0016215304417854248,0.0030634954319637385,0.0008651789941069883,0.0038089641249993197,0.0006257583919641739,0.0006257583919641739,0.00026662748874995237,0.0019806613449996464,0.0006420825239284568,0.0017738890067853976,0.00122430989732121,0.0007182618064284432,0.0009413582766069747,0.449664539088134,0.30263852386316026,0.1633011747933637,0.06243980476338171,0.021955957491960366,0.09116261774913237,0.15125185919682696,0.0971864154685176,0.10468517600396629,0.16347297967278135,0.11111799702528508,0.08708477937530987,0.0812097174020823,0.11282845810609816,0.04137332672285573,0.002702032721864155,0.08702280614774417,0.004623202776400595,0.008564700049578582,0.08952652454139812,0.16622459097669806,0.03837382250867625,0.05334655428854735,0.016819533961328705,0.019422409519087754,0.011006445215666832,0.03613039167079821,0.03279623202776401,0.0906172533465543,0.10469757064947942,0.15523054040654438,0.04152206246901339,-4.5915898755861155,-0.3192664705698752,-3.3790521744184967,-0.38956650835756274,-9.517898,18.65382
Castle Point,E07000069,88011,85273,83943,527,17,786,911,346,104,264,197,1012,378,67,87,220,260,661,327,203,131,154,31,123,41443,4340,4576,4894,6520,6165,3840,3580,3684,3844,38280,31786,12963,3873,1109,41443,59,22,3562,213,442,5173,6770,2505,1451,1093,3929,561,2248,1810,1998,3551,4167,1889,2011,0.9688902523548193,0.011498562679665042,0.007510424833259479,0.010350978854915862,0.0017497812773403325,0.9537785049596074,0.005987887877651657,0.0001931576734726341,0.00893070184408767,0.0009885127995364216,0.002499687539057618,0.004294917680744453,0.0007612684778039109,0.002954176182522639,0.00371544466032655,0.0023065298655849838,0.0014884503073479452,0.0029996250468691415,0.0011816704730090557,0.003931326765972435,0.0022383565690652306,0.0003522286986853916,0.0013975525786549408,0.4349456317960255,0.36115940052947926,0.1472884071309268,0.0440058629035007,0.012600697640067719,0.10472214849311103,0.11041671693651521,0.11808990661872934,0.15732451801269212,0.14875853582028328,0.09265738484183095,0.08638370774316531,0.08889317858263157,0.09275390295104119,0.0014236421108510485,0.0005308496006563232,0.08594937625171922,0.0051395893154453105,0.010665251067731583,0.12482204473614363,0.16335689983833215,0.060444465892913156,0.03501194411601477,0.026373573341698237,0.0948049127717588,0.01353666481673624,0.0542431773761552,0.04367444441763386,0.04821079555051516,0.08568395145139107,0.10054774026976812,0.045580677074536106,-2.5329141764088114,0.32148095939995847,2.6755312735508054,-0.6666372803817058,-3.9238093,-13.118725
Central Bedfordshire,E06000056,254381,238722,228053,3149,478,7042,4789,1787,522,1474,1006,6402,2533,442,214,1404,1809,3614,2054,1230,330,854,357,497,132061,16698,22151,18600,16229,16582,11493,9392,9004,11912,125019,90360,29202,7672,2128,132061,883,101,13253,367,872,12766,22555,7075,5088,6015,4366,2032,8863,6161,8293,13821,12666,6884,2011,0.9384427296063779,0.02516697394852603,0.014207035902838656,0.01882609157130446,0.003357168970953019,0.8965017041367084,0.012379069191488358,0.0018790711570439616,0.02768288512113719,0.0008412577983418573,0.005519280134915736,0.009957504687850114,0.0017375511535845838,0.007111380173833738,0.008074502419598948,0.004835266784862077,0.0012972666983776305,0.005794457919420083,0.002052040050160979,0.0070248957272752285,0.00395469787444817,0.0014034067009721638,0.0019537622699808553,0.4914635920135545,0.3552152086830384,0.11479630947279867,0.030159485181676306,0.008365404648932113,0.12644156866902417,0.16773309304033743,0.14084400390728527,0.12289017953824369,0.12556318670917227,0.08702796434980804,0.07111864971490447,0.06818061350436541,0.09020074056685926,0.0066863040564587575,0.0007647980857331081,0.10035513891307805,0.002779018786772779,0.00660300921543832,0.09666744913335504,0.17079228538326985,0.0535737272926905,0.03852765010108965,0.04554713352163015,0.03306047962683911,0.015386828813957186,0.06711292508764889,0.0466526832297196,0.06279673787113531,0.10465618161304245,0.09591022330589652,0.05212742596224472,0.7677016830067018,2.104957922948999,2.3011891487389,0.38936347500960733,2.3097897,-8.77849
Ceredigion,W06000008,75922,73443,70717,478,74,2174,736,198,75,251,212,1099,367,81,91,322,238,266,164,86,16,378,197,181,32446,3119,5431,3021,3189,6287,3255,2407,1920,3817,35796,24369,10946,3660,1151,32446,2316,56,1695,135,229,2761,4795,996,2690,550,379,370,1440,968,1831,4998,4315,1922,2011,0.9673480677537473,0.014475382629540845,0.003503595795685045,0.009694159795579674,0.0049787940254471695,0.9314427965543585,0.0062959353020204945,0.0009746845446642607,0.028634651352704092,0.001198598561681726,0.004241194910566107,0.004833908485024104,0.0010668844340243934,0.003134796238244514,0.0021601116935802533,0.0011327414978530598,0.00021074260425173205,0.0033060246041990466,0.000987855957429994,0.002607939727615184,0.0027923395063354497,0.0025947683148494507,0.002384025710597719,0.4714838913621875,0.3209741576881536,0.1441742841337162,0.04820737072258371,0.015160296093358974,0.09612895272144487,0.16738581026937063,0.09310854959008814,0.0982863835295568,0.19376810700856809,0.1003205325772052,0.07418479935893485,0.05917524502249892,0.11764161992233249,0.07138013930838932,0.0017259446464895519,0.05224064599642483,0.0041607594156444555,0.007057880786537632,0.08509523515995808,0.14778401035566788,0.030697158355421316,0.08290698391173026,0.01695124206373667,0.01168094680392036,0.011403562842877397,0.044381433766874194,0.029834186032176538,0.05643222585218517,0.1540405596991925,0.13299019910004314,0.05923688590273069,-2.635407613009425,1.5558517529852687,-3.9320740100943605,2.405701768101981,-11.304853,9.430386
Charnwood,E07000130,166100,145114,139978,989,74,4073,2577,815,244,1045,473,16138,10225,428,2022,1943,1520,1327,875,339,113,944,442,502,79572,8669,14282,9726,9110,9719,7289,6178,6169,8430,79906,58637,20620,5465,1472,79572,445,255,10657,672,567,6152,13694,3287,4041,2003,1935,862,4706,3129,3899,10943,8444,3881,2011,0.8736544250451536,0.09715833835039132,0.00798916315472607,0.01551475015051174,0.005683323299217339,0.8427332931968694,0.005954244431065623,0.00044551475015051174,0.024521372667068032,0.012173389524382901,0.011697772426249248,0.061559301625526794,0.002576760987357014,0.009151113786875376,0.00526791089704997,0.0020409391932570743,0.0006803130644190247,0.006291390728476821,0.001468994581577363,0.0049066827212522575,0.0028476821192052982,0.0026610475617098134,0.0030222757375075256,0.48107164358819987,0.35302227573750755,0.12414208308248044,0.03290186634557495,0.008862131246237206,0.10894535766349972,0.17948524606645555,0.12222892474739858,0.11448750816870255,0.12214095410445885,0.09160257376966773,0.07764037601166239,0.07752727089931132,0.10594178856884331,0.005592419444025536,0.0032046448499472176,0.13392902025838235,0.008445181722213844,0.007125622078117931,0.07731362790931483,0.17209571205951843,0.04130850047755492,0.050784195445634145,0.025172171115467754,0.024317599155481828,0.010832956316292164,0.059141406524908256,0.03932287739405821,0.04899964811742824,0.1375232493842055,0.10611772985472277,0.04877343789272608,-0.3379406893635199,0.9171321111157634,0.5264499631191318,-0.6460134419294696,3.0436158,3.9990985
Chelmsford,E07000070,168310,157983,151990,1450,212,4331,2646,854,342,844,606,4962,1911,673,466,826,1086,2051,1420,429,202,668,318,350,86451,10585,16438,12942,11866,8925,6922,6370,4723,7680,84476,58430,19261,4778,1365,86451,501,43,6041,243,580,7583,12840,3891,3539,3252,8172,1333,6433,3689,5761,8812,9632,4106,2011,0.9386429802150793,0.02948131424157804,0.012185847543223813,0.01572099102845939,0.0039688669716594375,0.903036064404967,0.008615055552254768,0.0012595805359158696,0.025732279721941656,0.002768700611966015,0.004907610955974096,0.01135404907610956,0.003998574059770661,0.006452379537757709,0.008436813023587428,0.0025488681599429622,0.001200166359693423,0.0050145564731744995,0.0020319648268076764,0.0050739706493969465,0.0036004990790802684,0.0018893708038738044,0.0020794961677856336,0.5019071950567405,0.3471570316677559,0.11443764482205454,0.02838809339908502,0.008110035054363971,0.12243930087564053,0.19014239280054598,0.14970330013533678,0.13725694323952298,0.10323767220737759,0.08006847809741935,0.07368335820291264,0.054632103735063796,0.08883645070618038,0.0057951903390359855,0.0004973915859851245,0.06987773420781715,0.0028108408231252388,0.006709002787706331,0.08771442782616742,0.14852344102439533,0.045008154908560916,0.04093648425119432,0.03761668459589825,0.09452753582954505,0.01541913916553886,0.07441209471261177,0.042671571179049406,0.06663890527582099,0.10193057338839343,0.11141571526066789,0.04749511283848654,1.53130877984991,2.781824541317911,1.6637569015820557,-1.0661590381019421,0.6759559,-12.337332
Cheltenham,E07000078,115732,109084,102140,1058,68,5818,1878,493,256,661,468,3675,1584,179,315,760,837,721,527,124,70,374,172,202,59183,6495,12307,7941,8448,5350,4780,5042,3025,5795,57758,39722,13631,3637,984,59183,132,102,5674,482,222,3510,8908,1434,3643,2908,3255,716,4136,2828,4958,6562,7082,2631,2011,0.9425569419002523,0.03175439809214392,0.006229910482839664,0.0162271454740262,0.0032316040507379116,0.882556250648049,0.009141810389520617,0.0005875643728614385,0.05027131648982131,0.002721805550755193,0.006566895931980783,0.013686793626654686,0.001546676805032316,0.007232226177720942,0.004553623889676148,0.0010714409152179172,0.0006048456779455984,0.005711471330314865,0.0022120070507724745,0.004259841703245429,0.0040438253896934295,0.0014861922372377562,0.0017454118135001556,0.49906680952545535,0.3432240002765009,0.11778073480109218,0.03142605329554488,0.008502402101406698,0.10974435226331886,0.20794822837639187,0.1341770440836051,0.14274369329030295,0.09039758038625957,0.0807664363077235,0.0851933832350506,0.05111265059223088,0.09791663146511667,0.0022303702076609836,0.0017234678877380328,0.09587212544142744,0.008144230606762077,0.0037510771674298363,0.05930757143098525,0.15051619552912154,0.02422993089231705,0.06155483838264367,0.049135731544531366,0.054998901711640166,0.012098068702161093,0.06988493317337749,0.047783992024736835,0.08377405673926634,0.11087643411114678,0.11966274098981126,0.04445533345724279,1.4387992217507204,1.9635403881282236,0.36965908830199073,-2.020195155560259,4.212919,-6.2593827
Cherwell,E07000177,141868,130761,122491,1104,105,7061,2560,835,370,729,626,6039,1681,2382,184,657,1135,1961,1040,600,321,547,145,402,74829,8708,12468,9811,8423,8799,6300,6568,5850,7902,71403,49163,15844,4261,1197,74829,867,34,8621,262,473,5519,13217,3380,3253,3655,1827,808,4971,3401,5022,7836,7864,3819,2011,0.9217089125102208,0.04256773902500916,0.013822708433191418,0.018044943186624186,0.0038556968449544645,0.8634152874503059,0.00778188174923168,0.0007401246228888826,0.04977161868779429,0.0012969802915386134,0.0046310654975047225,0.011849042772154397,0.016790255730679222,0.008000394733132207,0.007330758169566075,0.004229283559365043,0.0022626667042602985,0.005138579524628528,0.002608058194941777,0.005885752953449686,0.004412552513604196,0.0010220768601798855,0.002833619984774579,0.503305889982237,0.3465404460484394,0.11168128119096625,0.030034962077424083,0.008437420700933262,0.11637199481484452,0.16661989335685362,0.1311122693073541,0.11256331101578265,0.11758810086998356,0.08419195766347272,0.08777345681487124,0.07817824640179609,0.1056007697550415,0.011586417030830293,0.00045436929532667814,0.11520934397092036,0.003501316334576167,0.006321078726162317,0.07375482767376285,0.17662938165684428,0.0451696534765933,0.043472450520520116,0.048844699247617904,0.024415667722407088,0.01079795266541047,0.06643146373732109,0.04545029333547154,0.06711301768031111,0.10471875876999559,0.10509294524849991,0.05103636290742894,0.45576488022993156,1.197857536694426,1.4523280134795022,-0.1481147671041592,3.127548,-7.296201
Cheshire East,E06000049,370127,357940,346264,2241,313,9122,3873,1341,461,1293,778,6060,2147,856,504,1125,1428,1402,664,511,227,852,338,514,181136,24551,35525,23592,18819,18711,16059,13650,11849,18380,181595,123065,47306,14247,3914,181136,2611,364,22226,711,1125,10925,29530,9329,9152,7359,7579,2799,14487,8691,6629,16972,22343,8304,2011,0.9670734639731767,0.016372758539636396,0.003787889021876275,0.010463975878549796,0.0023019125867607603,0.9355275351433426,0.006054678529261578,0.0008456556803475563,0.02464559462022495,0.001361694769633126,0.0030394972536453703,0.0058007116476236536,0.0023127196881070552,0.0038581351806271902,0.0017939788234849119,0.0013806071969891416,0.0006133030014022214,0.0034933955101897458,0.0012455184301604584,0.0036230807263452815,0.0021019812118543094,0.000913200063761898,0.0013887125229988626,0.49062889224509426,0.33249398179543777,0.1278101840719537,0.03849219322016497,0.010574748667349315,0.13553904248741278,0.19612335482731208,0.13024467803197598,0.1038943114565851,0.10329807437505521,0.08865714159526543,0.07535774224891793,0.06541493684303507,0.10147071813444042,0.014414583517357124,0.0020095397933044784,0.12270338309336631,0.003925227453405176,0.006210802932603127,0.0603137973677237,0.16302667608868474,0.05150273827400406,0.05052557194594117,0.040626932249801254,0.04184148926773253,0.01545247769631658,0.07997857963077466,0.04798052292200335,0.03659681123575656,0.09369755321968024,0.12334930659835704,0.04584400671318788,-0.005372480470132093,2.001796364532499,0.01804508471979236,-0.428343029306686,-0.40326902,-2.4550493
Cheshire West and Chester,E06000050,329608,321025,312013,2337,213,6462,3050,889,411,1059,691,4097,1242,336,576,935,1008,908,586,196,126,528,199,329,160138,18672,29045,19767,16853,17003,14320,14739,11906,17833,159777,108967,42604,14259,4001,160138,1978,459,18485,845,1475,10220,27313,6779,9483,4993,7914,2127,11390,7504,7860,15373,18915,7025,2011,0.9739599766995947,0.012429916749593456,0.0027547875051576417,0.00925341617921895,0.0016019028664352806,0.9466184073202106,0.00709024052814252,0.0006462221790733235,0.01960510667216815,0.001747530399747579,0.0028367029926458097,0.003768112424455717,0.0010193927331860876,0.003058178199558263,0.001777869469187641,0.0005946457610252179,0.0003822722749447829,0.00321290745370258,0.0012469357539865538,0.002697143273221524,0.0020964296983082935,0.0006037474818572365,0.0009981553845780442,0.4847485497924808,0.33059573796752506,0.1292565714424407,0.043260479114584596,0.01213866168296886,0.11659943298904694,0.18137481422273288,0.12343728534139305,0.10524048008592589,0.10617717218898699,0.08942287277223394,0.09203936604678464,0.07434837452697049,0.11136020182592514,0.012351846532365835,0.002866277835366996,0.11543169016723076,0.005276698847244252,0.009210805680100914,0.06381995528856362,0.17055914273938727,0.04233223844434175,0.059217674755523364,0.03117935780389414,0.04941987535750415,0.013282294021406536,0.07112615369244027,0.04685958360913712,0.04908266620040215,0.09599845133572293,0.11811687419600594,0.04386841349336198,-1.0838471217108403,1.08722816833295,-0.3768282283561924,-0.9231215951553785,-0.4195606,-1.9464574
Chesterfield,E07000034,103788,100172,98456,386,5,1325,1094,532,97,287,178,1592,487,334,141,367,263,782,433,271,78,148,60,88,47901,4381,6948,5135,5462,5743,5335,4553,4348,5996,43274,35622,16984,6204,1704,47901,112,173,5465,212,359,3674,8693,2680,2451,1511,994,462,2071,2014,2639,4443,7810,2138,2011,0.9651597487185416,0.015338960188075693,0.007534589740625121,0.010540717616680156,0.0014259837360773885,0.948626045400239,0.0037191197440937297,4.8175126218830694e-05,0.012766408447990134,0.0013585385593710255,0.003536054264462173,0.0046922572937141095,0.0032180984314178905,0.0025340116391104946,0.004171965930550738,0.0026110918410606238,0.0007515319690137588,0.0027652522449608816,0.0009345974486453155,0.005125833429683585,0.0017150344933903727,0.0005781015146259683,0.0008478822214514202,0.4169460823987359,0.3432188692334374,0.1636412687401241,0.059775696612325124,0.0164180830153775,0.09145946848708796,0.14504916390054487,0.10720026721780339,0.11402684703868395,0.11989311287864554,0.11137554539571198,0.09505020772008935,0.09077054758773304,0.12517483977369992,0.002338155779628818,0.003611615623890942,0.11408947621135258,0.00442579486858312,0.007494624329345943,0.07669986012818104,0.18147846600279743,0.05594872758397528,0.05116803407026993,0.0315442266340995,0.02075113254420576,0.009644892590968873,0.04323500553224358,0.042045051251539636,0.05509279555750402,0.09275380472223962,0.16304461284733096,0.04463372372184297,-3.907249044516926,-1.794115298040009,-1.1592713144561682,-1.3012775347629633,-3.2544029,13.149514
Chichester,E07000225,113794,110322,105841,743,238,3500,1092,269,158,361,304,1617,470,36,131,339,641,518,319,129,70,245,102,143,53285,7586,9983,6957,5219,6862,5170,3711,2477,5320,54210,39771,14900,3822,1091,53285,1141,49,3830,148,248,4189,8098,1774,3424,2098,1633,1085,3869,2738,3262,5452,7101,3146,2011,0.9694887252403466,0.014209888043306326,0.004552085347206356,0.00959628802924583,0.002153013339894898,0.9301105506441465,0.006529342496089424,0.002091498673040758,0.030757333427069967,0.001151203051127476,0.002979067437650491,0.004130270488777967,0.0003163611438212911,0.0056329859219291,0.002803311246638663,0.0011336274320262931,0.0006151466685413993,0.0031723992477635026,0.0013884739089934442,0.0023639207691090918,0.0026714941033797917,0.0008963565741603248,0.001256656765734573,0.47638715573756085,0.34949997363657137,0.13093836230381214,0.033587008102360406,0.009587500219695238,0.14236651965844047,0.18735103687716995,0.1305620718776391,0.09794501266773013,0.1287792061555785,0.09702542929529887,0.06964436520596791,0.04648587782678052,0.09984048043539458,0.021413155672328047,0.0009195833724312658,0.07187763911044384,0.0027775171248944357,0.004654217884958243,0.07861499483907292,0.15197522754996715,0.03329267148353195,0.06425823402458478,0.03937318194613869,0.030646523411841983,0.020362203246692315,0.07260955240686873,0.05138406681054706,0.06121797879328141,0.1023177254386788,0.13326452097213098,0.059041005911607394,0.21858397345400432,2.814040432019167,-0.6480995822043696,1.6639259195039076,-3.7550795,-5.425659
Chiltern,E07000005,92635,84749,79579,1118,121,3931,2040,380,190,998,472,5046,1799,1772,120,442,913,524,258,213,53,276,58,218,44785,7804,10340,7059,4968,3999,3651,2577,1542,2845,49848,30368,9433,2334,652,44785,220,89,3029,129,236,3151,6488,1698,1634,3442,2301,931,5366,2174,1728,5042,4571,2556,2011,0.9148701894532304,0.05447185189183354,0.005656609272952987,0.02202191396340476,0.0029794354185782913,0.8590597506342096,0.012068872456414963,0.0013062017595941058,0.04243536460301182,0.0012954067037296917,0.004771414692071031,0.01942030550008096,0.01912883899174178,0.009855886004210071,0.0027851244130188374,0.002299346899120203,0.0005721379608139472,0.01077346575268527,0.0020510606142386785,0.004102121228477357,0.005095266368003454,0.0006261132401360177,0.0023533221784422732,0.538111944729314,0.3278242564905273,0.10182976196901819,0.025195660387542507,0.0070383764235979925,0.174254772803394,0.23088087529306686,0.15761973875181423,0.11092999888355476,0.08929329016411745,0.08152283130512449,0.05754158758512895,0.03443117115105504,0.06352573406274423,0.004912359048788657,0.001987272524282684,0.06763425253991291,0.0028804287149715307,0.005269621525064196,0.0703583789215139,0.14486993412973093,0.037914480294741544,0.03648543038963939,0.07685609020877526,0.05137880986937591,0.020788210338282907,0.11981690298090879,0.04854303896393882,0.038584347437758175,0.11258233783632912,0.10206542369096795,0.057072680585017306,4.630881619635257,4.80609852411171,0.7607456143934702,-0.6803492889173665,7.6988716,-15.435037
Chorley,E07000118,107155,103833,101892,567,57,1317,1016,463,104,273,176,1710,612,525,105,236,232,401,115,240,46,195,113,82,53702,6224,9539,6868,6048,6398,5408,3985,3949,5283,51303,35705,14222,4623,1302,53702,478,44,5875,232,474,4488,8899,2126,2457,1515,1382,765,3058,2458,4053,5482,7561,2355,2011,0.9689981802062433,0.015958191404974103,0.003742242545844804,0.009481592086230227,0.0018197937567075732,0.9508842331202464,0.005291400307965097,0.0005319397134991368,0.012290607064532687,0.0009798889459194625,0.0022024170593999345,0.005711352713359152,0.0048994447295973124,0.002165087956698241,0.001073211702673697,0.0022397461621016285,0.0004292846810694788,0.0025477112593906026,0.000970556670244039,0.004320843637721059,0.0016424805188745275,0.0010545471513228502,0.0007652466053847231,0.47877373897624936,0.33320890299099437,0.13272362465587234,0.04314311044748262,0.012150622929401335,0.11589884920487133,0.17762839372835276,0.12789095378198204,0.11262150385460504,0.11913895199433913,0.10070388439909128,0.07420580239097241,0.07353543629659975,0.09837622434918625,0.00890097203083684,0.0008193363375665711,0.10940002234553647,0.004320137052623739,0.00882648690923988,0.08357230643179026,0.165710774272839,0.039588842128784774,0.0457524859409333,0.02821123980484898,0.025734609511750026,0.014245279505418793,0.05694387546087669,0.04577110722133254,0.07547204945812074,0.10208185914863506,0.14079550109865555,0.043853115340210795,-1.7664110687494827,1.3398556052005888,-0.3340632010888537,-0.9934101542899085,-4.8027687,1.6211038
Christchurch,E07000048,47752,46591,45414,299,48,830,505,110,69,195,131,495,97,5,44,179,170,83,50,27,6,78,15,63,20301,2499,3360,2338,2448,2736,2060,1827,1085,1948,20203,17116,7681,2208,544,20301,94,14,1618,50,118,1866,3469,865,1316,693,1125,463,1142,793,920,1938,2762,1055,2011,0.9756868822248282,0.010366057966158486,0.0017381470933154632,0.010575473278606131,0.0016334394370916402,0.9510386999497403,0.006261517842184621,0.0010051934997487016,0.017381470933154633,0.0009214273747696431,0.0037485340928128663,0.002031328530742168,0.00010470765622382308,0.003560060311609985,0.0010470765622382309,0.0005654213436086447,0.0001256491874685877,0.0040835985927291,0.0014449656558887585,0.0023035684369241078,0.002743340593064165,0.0003141229686714693,0.001319316468420171,0.42308175573797957,0.3584352487853912,0.16085190149103704,0.046238900988440274,0.011392192997151952,0.1230973843653022,0.16550908822225507,0.11516674055465248,0.12058519284764298,0.13477168612383628,0.10147283385054924,0.08999556672085118,0.05344564307176986,0.09595586424314073,0.004630313777646422,0.0006896212009260628,0.07970050736416925,0.0024629328604502242,0.005812521550662529,0.09191665435200236,0.17087828185803655,0.042608738485788875,0.0648243928870499,0.03413624944584011,0.05541598936013004,0.022806758287769076,0.05625338653268312,0.03906211516674055,0.04531796463228412,0.09546327767105069,0.13605241121127037,0.051967883355499726,-1.5175518086775857,0.9807477440938844,-0.4322195206659417,0.36928003721273395,-6.425288,-2.6043024
City of London,E09000001,7375,5799,4243,180,3,1373,289,38,37,111,103,940,216,16,232,263,213,193,98,46,49,154,69,85,4747,845,1894,1097,335,114,128,109,52,173,4112,2374,643,190,56,4747,2,9,69,5,6,78,228,78,214,379,1067,65,1265,176,196,326,248,336,2011,0.7863050847457627,0.12745762711864406,0.02616949152542373,0.0391864406779661,0.020881355932203388,0.575322033898305,0.02440677966101695,0.00040677966101694915,0.18616949152542372,0.03145762711864407,0.035661016949152545,0.029288135593220337,0.002169491525423729,0.02888135593220339,0.013288135593220339,0.00623728813559322,0.006644067796610169,0.01505084745762712,0.0050169491525423725,0.0051525423728813555,0.013966101694915254,0.00935593220338983,0.01152542372881356,0.5575593220338984,0.32189830508474576,0.0871864406779661,0.02576271186440678,0.007593220338983051,0.1780071624183695,0.3989888350537181,0.23109332209816727,0.07057088687592164,0.02401516747419423,0.026964398567516326,0.02296187065515062,0.010954286918053507,0.03644406993890879,0.0004213187276174426,0.0018959342742784916,0.014535496102801769,0.0010532968190436064,0.0012639561828523278,0.01643143037708026,0.04803033494838846,0.01643143037708026,0.045081103855066355,0.07983989888350537,0.22477354118390563,0.013692858647566884,0.26648409521803246,0.03707604803033495,0.041289235306509374,0.06867495260164315,0.05224352222456288,0.07078154623973036,15.45199659535582,6.706985728575885,-3.0656851908085163,-1.84089513012838,13.058503,-17.26422
Colchester,E07000071,173074,159306,151453,1155,79,6619,3152,889,469,929,865,6355,1426,366,385,1690,2488,2575,1803,528,244,1686,978,708,85587,9612,14949,12398,9784,9461,8804,7301,4966,8312,84520,60279,20925,5692,1658,85587,542,89,5636,233,535,7077,13718,3721,4036,3019,4870,1247,4918,3818,6796,9735,11517,4080,2011,0.9204502120480257,0.03671839791072027,0.014878029051157309,0.01821186313368848,0.009741497856408241,0.8750765568485157,0.006673446040422016,0.00045645215341414655,0.038243757005673874,0.002224482013474005,0.009764609357846933,0.008239250262893329,0.0021147023816402233,0.01437535389486578,0.010417509273489953,0.003050718189907207,0.0014098015877601487,0.005367646209135976,0.0027098235436865156,0.005136531194749067,0.004997862186116921,0.005650762101759941,0.0040907357546483,0.4883460253995401,0.3482845488057132,0.12090204190115211,0.03288766654725724,0.009579717346337405,0.11230677556170914,0.17466437659924988,0.1448584481288046,0.11431642656010843,0.11054248892939349,0.1028660894762055,0.08530501127507682,0.05802283057006321,0.09711755289938892,0.006332737448444273,0.0010398775514973068,0.0658511222498744,0.0027223760617850843,0.006250949326416395,0.08268779137018473,0.1602813511397759,0.04347622886653347,0.04715669435778798,0.035274048628880554,0.05690116489653803,0.014569969738394849,0.057461997733300615,0.04460957855749121,0.07940458247163705,0.11374390970591328,0.13456482877072454,0.04767079112482036,0.8148236146329269,1.0823112097864442,-0.044030705644697035,-0.7266803619372817,5.218842,-5.1340666
Conwy,W06000003,115228,112549,109911,840,65,1733,894,294,124,275,201,1252,317,101,134,376,324,199,114,54,31,334,200,134,50093,5822,7811,5255,4847,7239,6107,4456,3048,5508,52335,36977,17874,6237,1805,50093,1041,132,2453,297,380,4105,8505,1849,4945,949,928,729,2315,1866,3560,5132,8368,2539,2011,0.9767504426007567,0.010865414656159962,0.0017270107959870865,0.007758530912625404,0.0028986010344707884,0.9538567014961641,0.007289894817231923,0.0005640990037143749,0.015039747283646336,0.0011629117922727114,0.0032630957753323844,0.002751067448883952,0.0008765230673100288,0.0028118165723608844,0.000989342868052904,0.00046863609539348074,0.00026903183254070194,0.0023865727080223556,0.0010761273301628078,0.002551463186031173,0.0017443676884090673,0.0017356892421980768,0.0011629117922727114,0.45418648245218174,0.3209029055437914,0.15511854757524213,0.05412746901794702,0.015664595410837645,0.11622382368794043,0.1559299702553251,0.10490487692891222,0.09676002635098717,0.14451120915097918,0.12191324137104985,0.08895454454714231,0.060846824905675445,0.1099554828019883,0.020781346695147026,0.0026350987163875194,0.048968917812868065,0.005928972111871918,0.007585890244145889,0.08194757750583914,0.1697842013854231,0.03691134489848881,0.09871638751921426,0.01894476274130118,0.0185255424909668,0.014552931547321981,0.046214041882099294,0.03725071367256902,0.07106781386620885,0.10244944403409659,0.16704928832371788,0.05068572455233266,-3.0809360778046435,0.0509384541400628,-3.6563693274139424,0.4800512418798098,-15.812227,6.8044224
Copeland,E07000029,70603,69491,68679,190,15,607,339,117,37,109,76,629,137,79,70,164,179,84,52,21,11,60,12,48,32891,2863,4808,3702,3075,5175,3116,2436,3671,4045,31329,23938,10516,3760,1060,32891,691,99,6578,1293,1026,3030,3746,963,2103,431,299,286,1477,1337,1804,2444,4043,1241,2011,0.9842499610498138,0.008908969873801397,0.0011897511437191054,0.004801495687152104,0.0008498222455136467,0.9727490333271958,0.0026911037774598814,0.00021245556137841168,0.008597368383779726,0.0009914592864325878,0.0023228474710706346,0.0019404274605894934,0.0011189326232596349,0.002535303032449046,0.0007365126127784938,0.00029743778592977634,0.00015580074501083524,0.0015438437460164583,0.0005240570514000822,0.0016571533787516112,0.0010764415109839524,0.00016996444910272936,0.0006798577964109174,0.44373468549495065,0.33905074855176126,0.14894551223035848,0.05325552738552186,0.015013526337407759,0.08704508832203338,0.14617980602596456,0.11255358608737953,0.09349062053449272,0.15733787358243898,0.09473716214161929,0.07406281353561765,0.1116110790185765,0.12298197075187742,0.02100878659815755,0.00300994192940318,0.19999391930923352,0.03931166580523548,0.031193943631996596,0.09212246511203673,0.11389133805600316,0.02927852604055821,0.06393846340944331,0.013103888601745158,0.009090632695874252,0.008695387796053632,0.04490590131038886,0.04064941777385911,0.05484783071356906,0.0743060411662765,0.1229211638442127,0.037730686205953,-6.155108414343849,-0.20711743555839374,-1.485323426467487,-1.1824821958354468,-6.9967384,11.190782
Corby,E07000150,61255,58519,52069,855,28,5567,836,271,127,215,223,782,348,34,138,96,166,1008,778,130,100,110,24,86,30688,2367,2768,2630,2894,3326,2529,2725,4984,6465,28138,21539,8045,2697,836,30688,63,17,7260,90,202,1746,7197,2460,1155,592,379,179,821,1692,1139,2038,2639,1019,2011,0.9553342584278834,0.012766304791445596,0.01645579952656926,0.01364786548036895,0.0017957717737327565,0.8500367316953719,0.013958044241286426,0.00045710554240470163,0.09088237694882051,0.002252877316137458,0.0015672190025304057,0.005681168884172721,0.000555056730062852,0.0027099828585421598,0.012701003999673496,0.0021222757325932576,0.001632519794302506,0.0035099175577503875,0.0020733001387641826,0.004424128642559791,0.003640519141294588,0.0003918047506326014,0.0014039670231001551,0.45935841972083913,0.35162843849481673,0.1313362174516366,0.044029058852338585,0.01364786548036895,0.07713112617309698,0.09019812304483837,0.08570125130344108,0.09430396246089677,0.10838112617309698,0.08241006256517205,0.08879692387904067,0.1624087591240876,0.21066866527632952,0.002052919708029197,0.0005539624608967674,0.23657455683003129,0.00293274244004171,0.00658237747653806,0.056895203336809176,0.23452163712200208,0.08016162669447341,0.03763686131386861,0.01929092805005214,0.012350104275286758,0.0058328988529718455,0.02675312825860271,0.05513555787278415,0.03711548488008342,0.06641032325338894,0.08599452554744526,0.03320516162669447,-3.4745488270088623,-3.9065009631189165,3.239383532324474,0.5258106658036342,3.2941182,12.3768635
Cornwall,E06000052,532273,522848,509628,2046,635,10539,4400,1248,490,1553,1109,3434,837,107,280,1004,1206,762,292,368,102,829,189,640,244527,27985,33767,25455,23320,41511,25798,20094,17369,29228,240759,178805,79181,25907,7621,244527,7351,1598,19279,868,1862,21957,41126,9146,22376,4244,3728,3462,11558,10635,15518,23774,33071,12974,2011,0.9822929211137894,0.0064515765406098,0.001431596192179577,0.00826643470549887,0.0015574714479224007,0.957456042294086,0.0038438921380569745,0.0011929968268163142,0.019799989854830134,0.0005260458448953827,0.001886250100982015,0.0015725013292051259,0.0002010246621564498,0.0022657546033708264,0.0005485906668194705,0.00069137453900536,0.00019163098635474653,0.002917675704009033,0.0009205802285669196,0.002344661480105134,0.0020835172928177835,0.0003550809453043833,0.0012023905026180175,0.4523223984684551,0.33592724034471033,0.1487601287309332,0.04867239179894528,0.014317840656956111,0.11444543956291126,0.1380910901454645,0.10409893386006454,0.09536779169580456,0.1697603945576562,0.10550164194547024,0.08217497454268853,0.07103101089041292,0.11952872279952725,0.030062119929496537,0.006535065657371169,0.07884200926687032,0.003549710256945041,0.007614701035059523,0.08979376510569385,0.16818592629852736,0.03740282259218818,0.09150727731497953,0.01735595660192944,0.015245760181902202,0.01415794574832227,0.04726676399743178,0.04349212970346833,0.06346129466275707,0.09722443738319286,0.13524477869519522,0.05305753556866931,-3.3192546940311725,0.5762324824299201,-2.379156230668242,2.2042223691426557,-11.994238,6.1366987
Cotswold,E07000079,82881,81075,78284,503,87,2201,698,167,86,274,171,794,218,16,38,223,299,229,136,47,46,85,4,81,41529,6485,7175,5150,4166,5868,3722,2724,2109,4130,40433,29067,10220,2498,663,41529,1316,142,3445,281,271,3335,6550,1272,3028,1836,1462,807,3531,1968,1854,4024,3850,2557,2011,0.9782097223730408,0.00958000024130983,0.002762997550705228,0.008421713058481438,0.0010255667764626393,0.9445349356306029,0.006068942218361265,0.0010496977594382307,0.026556146764638456,0.0004584886765362387,0.0026906046017784535,0.0026302771443394747,0.0001930478638047321,0.003607581954850931,0.0016409068423402227,0.0005670780999264005,0.0005550126084386047,0.003305944667656037,0.001037632267950435,0.002014937078461891,0.0020631990444130743,4.8261965951183025e-05,0.0009773048105114561,0.48784401732604576,0.35070764107575925,0.12330932300527261,0.0301395977365138,0.007999420856408587,0.15615593922319343,0.17277083483830577,0.12400972814178045,0.1003154422210985,0.14129885140504225,0.08962411808615667,0.06559271834139999,0.05078378964097378,0.09944857810204917,0.03168869946302584,0.003419297358472393,0.08295408028124925,0.006766356040357341,0.006525560451732524,0.08030532880637627,0.15772111054925475,0.030629198873076646,0.0729129042355944,0.04421007007151629,0.035204315056948154,0.019432204002022682,0.08502492234342267,0.047388571841363865,0.04464350213104096,0.09689614486262611,0.09270630162055431,0.06157143201136555,0.11663375244996917,3.708102465891366,-0.25370802568140954,2.466595575671949,-2.5869358,-6.489091
County Durham,E06000047,513242,503769,495664,1229,467,6409,3094,969,321,1093,711,4856,1368,463,241,1598,1186,701,447,158,96,822,459,363,227894,20169,33042,24335,25774,28753,23446,21042,23243,28090,217373,171564,82404,32568,9333,227894,2124,922,29983,2417,2197,18824,33261,10272,12257,4564,5063,2699,8789,9165,19738,23836,31923,9860,2011,0.9815428199562779,0.009461423655897219,0.0013658274264382105,0.006028345302995468,0.0016015836583911684,0.9657510492126521,0.0023945818931420267,0.0009099021514217464,0.012487286699062041,0.00046956406529473425,0.003113540980667989,0.002665409300096251,0.0009021085569770206,0.0023108007528612235,0.000870934179198117,0.00030784698056667226,0.00018704626667342112,0.0021295996820213468,0.0006254359541892518,0.0018879982542348444,0.0013853114125500251,0.0008943149625322948,0.0007072686958588736,0.4235292513083497,0.3342750593287377,0.16055583915579785,0.06345544596895811,0.01818440423815666,0.08850167182988583,0.14498845954698236,0.1067821004502093,0.11309643957278384,0.12616830631784953,0.10288116404995305,0.09233240015094737,0.10199039904517013,0.12325905903621859,0.009320122513098194,0.004045740563595356,0.13156555240594311,0.010605807963351383,0.009640446874424074,0.08259980517258024,0.14594943263096,0.045073586843005956,0.05378377666810008,0.02002685459029198,0.0222164690601771,0.011843225359158206,0.03856617550264597,0.04021606536372173,0.08661044169657824,0.10459248598032418,0.1400782820083021,0.04326572880374209,-4.371133056942184,-0.9211760344011686,-1.9599275188914964,-1.456657625048584,-6.651839,17.141008
Coventry,E08000026,316960,234029,211188,7305,151,15385,8230,3672,943,2388,1227,51598,27751,9510,2951,3728,7658,17764,12836,3317,1611,5339,2020,3319,137560,10323,22093,14801,16137,14037,13502,13239,11964,21464,145948,109815,42006,14765,4426,137560,259,69,15880,1045,1114,7444,24019,8959,7793,4486,5181,1734,6226,7161,6330,16370,17195,6295,2011,0.7383549974760222,0.16279025744573447,0.05604492680464412,0.02596542150429076,0.01684439676930843,0.6662922766279656,0.023047072185764766,0.00047640080767289247,0.048539247854618876,0.009310323069156991,0.01176173649671883,0.08755363452801615,0.030003785966683492,0.02416077738515901,0.0404972236244321,0.010465042907622414,0.005082660272589601,0.007534073700151439,0.002975138818778395,0.011585058051489147,0.003871150933871782,0.006373043917213528,0.010471352852094901,0.46046188793538617,0.3464632761231701,0.13252776375567896,0.0465831650681474,0.013963907117617365,0.07504361733061937,0.1606062808956092,0.10759668508287293,0.11730881070078511,0.10204274498400698,0.09815353300378017,0.09624164001163128,0.086972957255016,0.15603373073567897,0.0018828147717359698,0.0005015993021227101,0.1154405350392556,0.007596685082872928,0.008098284384995639,0.054114568188426866,0.1746074440244257,0.0651279441698168,0.05665164291945333,0.03261122419307939,0.03766356498982262,0.012605408548996801,0.04526025007269555,0.05205728409421343,0.04601628380343123,0.11900261703983717,0.125,0.04576184937481826,1.262388559470686,-4.170870795402532,0.6023480228655373,-0.9588213459133594,10.939042,4.0020084
Craven,E07000163,55409,53964,52842,215,54,853,375,94,59,141,81,970,156,474,39,118,183,61,48,8,5,39,25,14,27600,3512,5068,3066,2727,4494,2403,1679,1751,2900,26383,19150,7387,1975,514,27600,1103,114,2726,61,148,2474,4061,966,2106,610,1283,342,1647,1187,1033,3277,3389,1073,2011,0.9739212041365121,0.017506181306285982,0.0011009041852406648,0.006767853597790973,0.0007038567741702612,0.9536717861719215,0.003880236062733491,0.0009745709180819,0.0153946109837752,0.0007038567741702612,0.0021296179321048927,0.002815427096681045,0.008554566947607789,0.0033027125557219946,0.0008662852605172444,0.00014438087675287407,9.02380479705463e-05,0.0025447129527694057,0.0010648089660524464,0.0016964753018462704,0.0014618563771228502,0.0004511902398527315,0.00025266653431752964,0.47615008392138464,0.34561172372719234,0.13331769207168512,0.03564402894836579,0.00927647133137216,0.1272463768115942,0.1836231884057971,0.11108695652173912,0.09880434782608696,0.16282608695652173,0.08706521739130435,0.060833333333333336,0.06344202898550724,0.10507246376811594,0.03996376811594203,0.004130434782608695,0.09876811594202899,0.0022101449275362317,0.0053623188405797105,0.0896376811594203,0.1471376811594203,0.035,0.07630434782608696,0.02210144927536232,0.04648550724637681,0.012391304347826086,0.05967391304347826,0.043007246376811595,0.03742753623188406,0.11873188405797101,0.12278985507246377,0.0388768115942029,-1.68750755892986,2.7746895635634776,-0.8604757588287547,2.058674743606603,-8.210204,4.0232363
Crawley,E07000226,106597,85180,76888,967,77,7248,3098,806,615,883,794,13825,5530,4548,427,496,2824,3469,2164,465,840,1025,424,601,55466,5035,6807,6653,6853,5203,6665,5886,4384,7980,50751,38279,12856,3679,1032,55466,50,92,3625,507,271,3452,9421,8601,4453,2099,2803,459,2471,4344,2438,3337,4996,2047,2011,0.7990844020000563,0.12969408144694503,0.03254312973160595,0.029062731596574014,0.00961565522481871,0.7212960965130351,0.0090715498559997,0.0007223467827424787,0.06799440884827904,0.004005741249753746,0.004653039016107395,0.05187763257877801,0.04266536581704926,0.026492302785256622,0.02030075893317823,0.004362224077600683,0.00788014672082704,0.008283535183916996,0.005769393134891226,0.007561188401174517,0.007448614876591274,0.003977597868607935,0.005638057356210775,0.47610157884368226,0.35910016229349795,0.12060376933684813,0.034513166411812714,0.009681323114158934,0.09077633144629142,0.12272383081527422,0.11994735513648,0.12355316770634263,0.09380521400497602,0.12016370389067177,0.10611906393105687,0.0790394115313886,0.1438719215375185,0.0009014531424656546,0.0016586737821368046,0.06535535282875995,0.009140734864601738,0.004885876032163848,0.062236324955828794,0.16985180110337864,0.1550679695669419,0.0802834168679912,0.037843002920708184,0.0505354631666246,0.00827533984783471,0.04454981430065265,0.07831824901741608,0.04395485522662532,0.06016298272815779,0.0900731979951682,0.0369054916525439,1.2698376546979206,-4.617898520311404,4.585456950614124,1.0904819699447703,9.8340025,2.0505574
Croydon,E09000008,363378,200195,171740,5369,234,22852,23895,9650,3279,5140,5826,59627,24660,10865,2570,3925,17607,73256,28981,31320,12955,6405,1701,4704,172987,17832,33894,23715,25436,16524,16350,15062,9045,15129,174584,128634,43473,12734,3953,172987,76,160,5491,442,701,13275,25177,9768,8275,9257,12402,3191,13384,9786,13611,16850,22278,8863,2011,0.5509276841195669,0.1640908365393612,0.20159723483535053,0.0657579710384228,0.017626273467298517,0.4726207970763227,0.014775247813571542,0.0006439575318263626,0.06288768169784632,0.007072525029033128,0.010801424412044758,0.06786321681554745,0.02989999394569842,0.04845367633703747,0.07975441551222143,0.08619123887522084,0.03565158044790824,0.014145050058066256,0.009023661311361722,0.02655636829967692,0.0160328913693179,0.0046810759044300975,0.012945197562868419,0.48044735784775083,0.35399501345706125,0.11963575120122848,0.035043398334516675,0.010878479159442784,0.10308289062183863,0.1959337984935284,0.13709122650835034,0.1470399509789753,0.09552162879291508,0.09451577286154451,0.08707012665691642,0.052287166087625084,0.08745743899830623,0.0004393393723227757,0.0009249249943637383,0.031742269650320544,0.0025551052969298273,0.004052327631556128,0.07673987062611641,0.145542728644349,0.05646667090590622,0.04783596455224959,0.05351269170515704,0.07169324862561927,0.018446472856341805,0.07736997577852671,0.05657072496777214,0.07868221311428027,0.09740616346893119,0.128784243902721,0.05123506390653633,8.07766398458058,-5.079991451375504,1.1933968480959567,0.8616523305361983,18.354843,-13.718249
Dacorum,E07000096,144847,131537,124537,1821,231,4948,3075,983,393,978,721,6770,2347,2007,287,784,1345,2990,1982,740,268,475,165,310,73437,9630,13742,11076,8780,7816,6262,5537,3843,6751,72910,49326,16778,4576,1257,73437,271,65,4821,220,393,6218,12673,3836,3273,5042,2963,1013,6329,4051,3725,7255,7229,4060,2011,0.9081099366918196,0.046738972847211194,0.02064247102114645,0.02122929712040981,0.003279322319412898,0.8597830814583665,0.012571886197159762,0.0015947862227039566,0.03416018281358951,0.0019814010645715823,0.005412607786146762,0.016203304176130674,0.013855999779077234,0.009285660041284942,0.013683403867529186,0.005108838981822198,0.0018502281717950664,0.006751952059759608,0.002713207729535303,0.006786471242069218,0.004977666089045683,0.001139133016217112,0.002140189303195786,0.503358716438725,0.3405386373207591,0.11583256815812547,0.03159195564975457,0.008678122432635816,0.13113280771273336,0.18712638043493063,0.15082315454062667,0.11955826082220135,0.10643136293693914,0.08527036779824884,0.07539796015632447,0.052330569059193595,0.09192913653880197,0.0036902378909813853,0.0008851124092759781,0.06564810654029984,0.0029957650775494643,0.005351525797622452,0.08467121478273895,0.172569685580838,0.052235249261271564,0.04456881408554271,0.06865748873183818,0.04034750874899574,0.013794136470716397,0.08618271443550254,0.055162928768876726,0.05072374960850797,0.09879216198918801,0.09843811702547763,0.05528548279477648,2.3624585064783847,1.8767359701153596,1.9611556922266247,-0.15027654248201816,4.432412,-11.057982
Darlington,E06000005,105564,101595,98898,328,350,2019,1146,463,97,350,236,2205,726,145,523,349,462,357,206,105,46,261,112,149,49014,4639,7447,5741,5886,5808,4832,5461,3562,5638,47046,37199,15116,4763,1440,49014,303,117,4900,185,295,3743,8107,2525,2698,2165,1880,500,2225,2086,3808,4211,7259,2007,2011,0.9624019552120041,0.020887802659997727,0.0033818347163805844,0.010855973627372967,0.002472433784244629,0.9368534727748096,0.0031071198514645145,0.003315524231745671,0.019125838353984313,0.004954340494865674,0.0033060513053692546,0.006877344549278163,0.0013735743245803494,0.004376491985904286,0.0019514228335417378,0.0009946572695237012,0.0004357546133151453,0.003315524231745671,0.0009188738585123716,0.0043859649122807015,0.0022356106248342237,0.0010609677541586146,0.001411466030086014,0.44566329430487667,0.35238338827630633,0.14319275510590732,0.045119548330870375,0.013641013982039332,0.09464642755131188,0.1519361814991635,0.11712979964907985,0.12008813808299669,0.1184967560288897,0.09858407801852533,0.1114171461215163,0.0726731138042192,0.11502835924429755,0.006181907210184845,0.0023870730811604846,0.09997143673236218,0.003774431794997348,0.006018688537968744,0.0763659362631085,0.16540172195699188,0.051515893418207045,0.05504549720488024,0.04417105316848247,0.038356387970783855,0.010201167013506346,0.045395193210103234,0.04255926878034847,0.07769208797486432,0.08591422858775044,0.14810054270208511,0.04094748439221447,-2.447884383318555,-0.3235769946013006,0.47373220535672933,-0.8285049042627095,-10.966209,-5.5744467
Dartford,E07000107,97365,85070,80466,767,244,3593,2161,620,346,693,502,5799,2670,179,431,538,1981,3578,2814,497,267,757,179,578,49611,5124,7220,6153,7269,6242,4415,4526,3710,4952,47273,33941,11837,3314,1000,49611,106,44,3202,252,518,5337,8721,3285,2084,1747,2922,733,3005,2515,3041,4041,5852,2206,2011,0.873722590253171,0.05955938992451086,0.03674831818415242,0.022194833872541467,0.007774867765624197,0.8264366045293483,0.007877574076927027,0.002506033995789041,0.03690237765110666,0.004426642017151954,0.00552559954809223,0.027422585117855492,0.0018384429723206492,0.020346120269090537,0.028901556000616238,0.005104503671750629,0.0027422585117855493,0.007117547373286089,0.003553638371077903,0.006367791300775433,0.005155856827402044,0.0018384429723206492,0.005936424793303549,0.48552354542186615,0.3485954911929338,0.12157346068915935,0.034036871565757715,0.010270631130282955,0.10328354598778497,0.14553224083368607,0.12402491382959424,0.1465199250166294,0.12581887081494023,0.08899236056519723,0.09122976759186471,0.07478180242284978,0.09981657293745338,0.002136622926367136,0.0008869000826429623,0.06454213783233557,0.005079518655136965,0.010441232791114873,0.1075769486605793,0.17578762774384712,0.06621515389732116,0.042006813005180305,0.03521396464493762,0.05889822821551672,0.014774949104029348,0.060571244280502305,0.05069440245106932,0.061296889802664734,0.08145370986273205,0.11795771099151398,0.04446594505250852,0.41630452262544104,-0.4081807394062495,3.0855466729625447,-0.27533234248273425,3.726701,-1.9378943
Daventry,E07000151,77843,75123,72448,509,54,2112,971,381,98,302,190,1183,551,172,55,151,254,481,213,211,57,85,7,78,39536,5700,6612,4982,4621,4587,3231,2329,2761,4713,37709,27454,9398,2577,705,39536,661,23,4900,156,328,2847,7084,2527,1882,1360,1334,573,2672,1859,1810,3845,3833,1842,2011,0.9650578728980127,0.015197256015312873,0.006179104094138201,0.012473825520599155,0.0010919414719371041,0.9306938324576391,0.006538802461364542,0.0006937039939365132,0.02713153398507252,0.0007065503641945968,0.0019398019089706205,0.007078350012204052,0.0022095756843903756,0.003262978045553229,0.0027362768649718022,0.002710584124455635,0.000732243104710764,0.003879603817941241,0.0012589442852921906,0.004894467068329843,0.00244081034903588,8.992459180658505e-05,0.0010020168801305191,0.48442377606207365,0.35268424906542656,0.12073018768546948,0.03310509615508138,0.009056691031948923,0.14417239983812222,0.16723998381222177,0.1260117361392149,0.11688081748280049,0.11602084176446782,0.08172298664508296,0.05890833670578713,0.06983508700930798,0.11920781060299473,0.016718939700526105,0.0005817482800485633,0.12393767705382436,0.003945770942938082,0.00829623634156212,0.07201031970861999,0.1791784702549575,0.06391643059490085,0.0476021853500607,0.03439902873330635,0.033741400242816674,0.014493120194253339,0.06758397409955484,0.04702043707001214,0.045781060299473895,0.09725313638203156,0.0969496155402671,0.04659044921084581,-0.45380614466966324,2.1001118700388153,1.9587707501401483,0.6958979444093549,-0.87417245,-0.6335922
Denbighshire,W06000004,93734,91254,89581,533,34,1106,751,251,80,269,151,1430,240,157,111,346,576,161,104,35,22,138,39,99,41156,4081,6640,4139,4002,6008,5455,3091,3030,4710,43690,29420,13770,5341,1513,41156,962,69,3737,239,288,3482,5936,1592,2849,714,751,580,1694,1520,2733,4104,7850,2056,2011,0.9735421511938037,0.015255937013250261,0.0017176264749183862,0.00801203405381185,0.0014722512642157595,0.9556937717370432,0.0056863037958478245,0.0003627285723430132,0.011799347088569783,0.0011842021038257196,0.003691296647961252,0.002560436981244799,0.0016749525252309728,0.006145048754987518,0.0011095226918727463,0.00037339705976486653,0.00023470672328077324,0.0028698231164785456,0.0008534789937482664,0.0026777903428851857,0.0016109416006998528,0.00041607100945227984,0.0010561802547634797,0.46610621546077197,0.313866899950925,0.14690507179892034,0.05698039132011863,0.01614142146926409,0.0991592963358927,0.16133735056856838,0.10056856837399164,0.0972397706288269,0.14598114491204198,0.1325444649625814,0.07510448051316941,0.07362231509378948,0.11444260861113811,0.023374477597434152,0.0016765477694625328,0.09080085528234036,0.005807172708718048,0.00699776460297405,0.08460491787345709,0.14423170376129849,0.038682087666439886,0.06922441442317037,0.017348624744873167,0.018247643114005247,0.014092720380989406,0.0411604626299932,0.036932646515696374,0.0664058703469725,0.09971814559238021,0.1907376810185635,0.049956263971231415,-3.418645279827944,-0.08958192502922313,-3.790250975406538,-0.24377219323615756,-16.066116,7.332729
Derby,E06000015,248752,199751,187386,2319,295,9751,7232,3916,533,1772,1011,31095,10907,14620,658,1292,3618,7320,3156,3405,759,3354,861,2493,112422,9700,18421,12570,11887,12221,11246,10570,10860,14947,111837,87060,35193,11413,3249,112422,191,104,17788,725,1042,7190,18075,6550,6715,3018,2568,1335,5287,5205,4832,10795,16376,4626,2011,0.803012639094359,0.12500402006818034,0.029426899080208402,0.029073133080337044,0.01348330867691516,0.7533044960442529,0.00932253811024635,0.00118592011320512,0.03919968482665466,0.002645204862674471,0.00519392808902039,0.04384688364314659,0.05877339679680967,0.014544606676529234,0.012687335177204606,0.013688332154113334,0.003051231748890461,0.007123560815591432,0.0021426963401299285,0.015742586994275422,0.004064288930340259,0.0034612787032868076,0.010022029973628353,0.44959236508651185,0.34998713578182283,0.14147825947128062,0.0458810381424069,0.013061201517977745,0.08628204443970042,0.16385582893028056,0.11181085552649837,0.10573553219120813,0.10870648093789471,0.10003380121328566,0.09402074327089004,0.09660030954795325,0.13295440394228888,0.0016989557204105958,0.0009250858372916333,0.15822525840138052,0.006448915692658021,0.009268648485171942,0.06395545355891195,0.16077813951006031,0.05826261763711729,0.059730301898204975,0.026845279393712975,0.0228425041362011,0.011874899930618563,0.04702816174770063,0.04629876714522069,0.042980911209549735,0.09602213089964598,0.14566543914892102,0.04114852964722207,-0.6654406822575578,-3.181680447254553,0.3915384711339894,-0.5861763919898851,9.148495,7.0951943
Derbyshire Dales,E07000035,71116,70117,68835,321,15,946,466,130,58,173,105,398,97,84,4,95,118,87,33,36,18,48,10,38,35005,4903,6705,3542,3354,5284,2843,2024,2575,3775,33487,24683,9718,2475,753,35005,1224,397,3957,117,358,2966,4830,1384,2591,904,553,555,2272,1270,1790,3892,3971,1974,2011,0.9859525282636818,0.005596490241295911,0.0012233533944541312,0.006552674503627875,0.0006749535969402103,0.9679256426120704,0.004513752179537657,0.00021092299904381574,0.01330221047302998,5.6246133078350866e-05,0.001335845660610833,0.0013639687271500085,0.0011811687946453682,0.0016592609258113504,0.0004640305978963946,0.0005062151977051578,0.0002531075988525789,0.002432645255638675,0.0008155689296360875,0.001827999325046403,0.00147646099330671,0.00014061533269587716,0.0005343382642443332,0.4708785645986838,0.34708082569323356,0.13664998031385342,0.034802294842229596,0.01058833455199955,0.1400657048993001,0.19154406513355235,0.10118554492215398,0.09581488358805886,0.15094986430509927,0.08121696900442794,0.05782031138408799,0.0735609198685902,0.10784173689472933,0.03496643336666191,0.011341236966147692,0.11304099414369376,0.0033423796600485643,0.010227110412798172,0.0847307527496072,0.13798028853020997,0.03953720897014712,0.07401799742893872,0.025824882159691472,0.01579774317954578,0.015854877874589345,0.06490501356949008,0.0362805313526639,0.051135552063990855,0.11118411655477789,0.11344093700899871,0.05639194400799886,-2.0074597532224585,3.13607028557948,-1.9709037773495184,2.3348555108435534,-3.325857,6.118015
Doncaster,E08000017,302402,288066,277740,1183,587,8556,3321,1413,440,877,591,7614,1865,2728,117,1121,1783,2337,1309,778,250,1064,231,833,133815,12078,15111,13199,13530,17283,13875,13922,14079,20738,131738,102983,45748,16982,4951,133815,712,762,14254,977,1282,13018,26026,9277,6686,2874,3253,1099,4422,6512,7818,11407,17837,5599,2011,0.9525929061315732,0.025178404904729466,0.007728123491246751,0.010982070224403277,0.0035184952480473014,0.9184463065720465,0.003912011163947329,0.0019411247280110581,0.028293463667568335,0.00038690220302775775,0.003706986064906978,0.006167287253391181,0.009021104357775412,0.005896125025628137,0.004328675074900298,0.002572734307312782,0.0008267141090336704,0.002900113094490116,0.00145501683189926,0.004672588144258305,0.0019543521537555967,0.0007638838367471114,0.0027546114113001898,0.4356386531835107,0.3405499963624579,0.15128206824028942,0.056157035998439166,0.01637224621530281,0.09025893958076449,0.11292456002690282,0.0986361768112693,0.10110974106041924,0.12915592422374172,0.10368792736240331,0.10403915853977506,0.10521242013227217,0.1549751522624519,0.005320778686993237,0.005694428875686582,0.10652019579269888,0.007301124687067967,0.009580390838097374,0.09728356312819939,0.1944923962186601,0.06932705601016328,0.04996450323207413,0.021477412846093488,0.024309681276389043,0.00821283114747973,0.033045622688039455,0.04866420057542129,0.05842394350409147,0.08524455404849979,0.133295968314464,0.04184134812988081,-4.26245346704398,-2.5193506784392885,0.33550147552571824,-0.08765927471323602,-1.118679,15.8439
Dover,E07000108,111674,107966,103848,572,234,3312,1029,281,133,360,255,2031,397,40,151,274,1169,386,265,85,36,262,65,197,50396,4949,7228,5911,5596,6197,6463,4347,3970,5735,48433,39477,16745,5538,1481,50396,641,42,2951,211,328,4241,7241,5014,2718,826,1209,504,2714,2565,4444,5202,7179,2366,2011,0.9667962103981231,0.018186865340186615,0.0034564894245751026,0.009214320253595287,0.002346114583519888,0.9299210201121121,0.005122051686157924,0.0020953847807009688,0.029657753819152175,0.0013521500080591721,0.002453570213299425,0.003554990418539678,0.0003581854325984562,0.010467969267689883,0.0023729784909647723,0.0007611440442717195,0.0003223668893386106,0.003223668893386106,0.001190966563389867,0.002516252664004155,0.0022834321328151583,0.0005820513279724914,0.0017640632555473968,0.43369987642602575,0.3535021580672314,0.14994537672152874,0.049590773143256266,0.01326181564195784,0.0982022382728788,0.14342408127629178,0.11729105484562267,0.11104055877450592,0.12296610842130327,0.12824430510357965,0.08625684578141123,0.07877609334074133,0.11379871418366537,0.012719263433605842,0.0008333994761489007,0.05855623462179538,0.004186840225414715,0.00650845305182951,0.08415350424636876,0.1436820382570045,0.09949202317644258,0.053932851813636,0.016390189697595047,0.023989999206286212,0.010000793713786808,0.05385348043495516,0.050896896579093576,0.08818160171442178,0.10322247797444242,0.1424517818874514,0.04694817048972141,-2.7093597778719407,-0.749081110498899,0.3642639766076966,0.4260749972630544,-15.772622,0.26660112
Dudley,E08000027,312925,281607,277050,1170,352,3035,5758,3477,250,1277,754,18942,5737,10339,397,876,1593,4671,1402,2658,611,1947,1259,688,141998,13478,19883,15304,18440,19393,13555,13294,13375,15276,132825,111905,47828,15918,4449,141998,137,63,19978,1563,1260,12996,25433,6283,5930,3387,4348,1716,6354,6094,8696,14033,17966,5761,2011,0.8999185108252776,0.060532076376128466,0.014926899416793161,0.018400575217703923,0.006221938164096828,0.8853559159543022,0.0037389150754973234,0.0011248701765598785,0.009698809618918272,0.0012686746025405448,0.0027993928257569706,0.01833346648557961,0.03303986578253575,0.0050906766797155865,0.004480306782775425,0.008494048094591356,0.0019525445394263802,0.004080850043940242,0.0007989134776703683,0.011111288647439483,0.0024095230486538308,0.004023328273547975,0.0021986098905488537,0.42446273068626666,0.3576096508748103,0.1528417352400735,0.050868418950227694,0.014217464248621874,0.09491682981450443,0.14002309891688616,0.10777616586149101,0.12986098395752052,0.13657234608938154,0.0954590909731123,0.0936210369160129,0.09419146748545754,0.1075789799856336,0.0009648023211594529,0.0004436682206791645,0.1406921224242595,0.011007197284468796,0.008873364413583289,0.09152241580867336,0.17910815645290779,0.04424710207186017,0.041761151565515006,0.023852448626036988,0.030620149579571543,0.012084677248975337,0.044747109114212875,0.042916097409822676,0.061240299159143086,0.09882533556810659,0.126522908773363,0.04057099395766137,-2.994573329359005,-1.4602819831508205,1.0974386560583749,-1.1700489711317672,-11.377346,0.5184395
Ealing,E09000009,338449,165818,103035,10428,300,52055,15066,3939,1989,4653,4485,100439,48240,14711,1786,4132,31570,36860,17299,13192,6369,20266,9804,10462,164820,17905,34624,23416,17687,16331,12293,13026,10132,19406,166385,116712,38421,12817,4114,164820,70,276,7753,357,667,13053,23686,12046,11110,13812,6724,2921,14572,11178,6238,14891,16071,9395,2011,0.48993496804540715,0.29676258461393,0.10890858002239628,0.044514830890326165,0.0598790364279404,0.30443286876309283,0.030811141412738698,0.0008863964733238981,0.15380456139625173,0.005277013671188274,0.012208634092581157,0.1425325529104828,0.04346592839689289,0.09327845554278488,0.05111257530676704,0.03897780758696288,0.018818197128666357,0.01374800930125366,0.005876808618137445,0.011638385694742782,0.013251627276192278,0.02896743674822499,0.030911599679715407,0.4916102573799893,0.3448436839819293,0.11352079633859163,0.037869811995308006,0.012155450304181723,0.1086336609634753,0.21007159325324595,0.14207013711928165,0.10731100594588036,0.0990838490474457,0.07458439509768232,0.07903167091372407,0.061473122193908505,0.11774056546535615,0.00042470573959470936,0.0016745540589734255,0.04703919427253974,0.002165999271933018,0.004046838975852445,0.07919548598471059,0.14370828782914694,0.07308579055939814,0.06740686809853173,0.08380050964688751,0.04079601990049751,0.01772236379080209,0.0884116005339158,0.06781943938842373,0.03784734862273996,0.0903470452614974,0.09750637058609392,0.05700157747846135,9.904381936366644,-5.298724957546606,1.2335433204606572,2.208942889478844,16.58349,-11.30483
East Cambridgeshire,E07000009,83818,80673,75218,527,239,4689,1182,230,185,370,397,1215,316,103,80,290,426,506,288,95,123,242,66,176,43919,5462,8086,5175,4903,5721,4398,2977,3311,3886,40874,29487,10131,2614,712,43919,1465,33,4609,117,386,4055,6478,1956,1487,1945,939,581,3848,1675,1862,4957,4681,2845,2011,0.9624782266338973,0.014495693049225704,0.006036889450953256,0.014101982867641796,0.002887207998281992,0.897396740556921,0.006287432293779379,0.0028514161635925456,0.05594263761960438,0.0009544489250518981,0.003459877353313131,0.0037700732539549977,0.0012288529910043189,0.005082440525901358,0.003436016130186833,0.001133408098499129,0.0014674652222672934,0.004414326278365029,0.0022071631391825143,0.002744040659524207,0.004736452790570045,0.000787420363167816,0.0020997876351141758,0.48765181703214106,0.3517979431625665,0.12086902574625975,0.03118661862607077,0.008494595432961894,0.12436530886404518,0.18411166010155058,0.11783055169744303,0.11163733236184795,0.13026252874610078,0.10013889205127621,0.06778387486053872,0.07538878389762972,0.08848106741956784,0.03335686149502493,0.0007513832282155787,0.10494319087410915,0.0026639950818552337,0.00878890685124889,0.09232906031558095,0.1474988046175915,0.04453653316332339,0.033857783647168654,0.04428607208725153,0.021380268221043285,0.013228898654340945,0.08761583824768324,0.038138391129124066,0.04239622942234568,0.11286686855347344,0.10658257246294314,0.0647783419476764,-0.022774530831337965,2.8834237676352994,0.7622122320180048,1.5836324431674311,-3.5070014,-8.523765
East Devon,E07000040,132457,130347,127442,593,90,2222,904,238,89,358,219,930,220,6,71,210,423,146,68,61,17,130,35,95,59908,7280,9181,7317,6136,9190,6415,4822,3176,6391,58004,47716,19960,5285,1492,59908,1836,73,3799,508,514,5107,9766,2362,4342,1470,1410,876,3712,2527,4523,5613,8228,3242,2011,0.9840703020602912,0.007021146485274466,0.001102244501989325,0.006824856368481847,0.0009814505839630975,0.9621386563186544,0.004476924586847052,0.000679465788897529,0.016775255365892326,0.000536023011241384,0.0015854201740942344,0.0016609163728606264,4.529771925983527e-05,0.0031934892078183865,0.0005133741516114664,0.0004605268124749919,0.0001283435379028666,0.0027027639158368377,0.0006719161690208898,0.0017968095306401322,0.0016533667529839873,0.0002642366956823724,0.0007172138882807251,0.43790815132458083,0.3602376620337166,0.15069041273771866,0.03989974104803823,0.011264032855945703,0.12151966348400882,0.15325165253388529,0.12213727715830941,0.10242371636509315,0.15340188288709355,0.10708085731454897,0.08049008479668826,0.053014622421045605,0.10668024303932697,0.03064699205448354,0.0012185350871336048,0.0634139013153502,0.008479668825532484,0.008579822394337985,0.08524737931494959,0.1630166254924217,0.03942712158643253,0.07247779929224811,0.024537624357347933,0.023536088669292916,0.014622421045603259,0.061961674567670426,0.04218134472858383,0.07549909861788075,0.0936936636175469,0.1373439273552781,0.05411631167790612,-2.680437480610315,1.4989995128235543,-1.0925058040170668,1.65805688434928,-10.592973,3.9989164
East Dorset,E07000049,87166,85645,83876,371,171,1227,594,163,67,229,135,737,157,43,198,167,172,106,61,29,16,84,26,58,40050,5647,6872,4945,4969,5389,3666,3027,2070,3465,39505,31183,12436,3162,880,40050,504,41,3820,145,275,3818,6763,1436,1717,1323,2205,759,2532,1760,2096,3971,4766,2119,2011,0.9825505357593557,0.008455131588004497,0.0012160704861987471,0.006814583667943923,0.0009636784984971205,0.9622559254755294,0.004256246701695616,0.001961774086226281,0.014076589495904367,0.002271527889314641,0.001915884633916894,0.0018011610031434275,0.0004933116123259069,0.0019732464493036274,0.000699814147718147,0.0003326985292430535,0.00018355780923754676,0.0026271711447123877,0.000768648326182227,0.0018699951816075074,0.0015487690154418008,0.0002982814400110135,0.000665397058486107,0.45321570337058026,0.3577426978409013,0.14267030722988322,0.03627561205057018,0.01009567950806507,0.1409987515605493,0.17158551810237205,0.12347066167290886,0.12406991260923846,0.13455680399500625,0.09153558052434457,0.07558052434456929,0.051685393258426963,0.08651685393258426,0.012584269662921348,0.0010237203495630461,0.09538077403245943,0.003620474406991261,0.00686641697877653,0.09533083645443197,0.16886392009987516,0.03585518102372035,0.042871410736579275,0.033033707865168536,0.0550561797752809,0.01895131086142322,0.06322097378277154,0.043945068664169785,0.05233458177278402,0.09915106117353309,0.11900124843945069,0.05290886392009987,-1.2007889016446087,2.7305187296622533,0.9133330800343447,0.5182599797730001,-5.0592823,-3.9382367
East Hampshire,E07000085,115608,111635,107568,656,267,3144,1305,312,153,513,327,1859,481,31,165,316,866,517,396,81,40,292,141,151,58457,8353,11334,8244,6504,7108,5639,3654,2803,4818,58330,40113,12885,3336,944,58457,750,83,5040,319,331,4800,8588,2001,2496,3545,2117,824,4958,3073,3769,6156,6446,3161,2011,0.9656338661684313,0.016080202062141027,0.004472008857518511,0.011288146149055428,0.002525776762853782,0.9304546398173137,0.005674347796000277,0.0023095287523354786,0.027195349802781814,0.0014272368694208013,0.002733374852951353,0.004160611722372154,0.000268147533042696,0.007490831084354024,0.003425368486609923,0.0007006435540793024,0.00034599681682928514,0.004437409175835582,0.0013234378243720158,0.0026987751712684244,0.002828523977579406,0.0012196387793232302,0.0013061379835305515,0.5045498581413052,0.3469742578368279,0.11145422462113348,0.028856134523562383,0.00816552487717113,0.14289135603948203,0.19388610431599296,0.14102673760199805,0.11126126896693296,0.12159365003335786,0.0964640676052483,0.06250748413363669,0.04794977504832612,0.08241955625502506,0.012829943377183229,0.001419847067074944,0.0862172194946713,0.005457002583095266,0.005662281677130198,0.08211163761397267,0.14691140496433275,0.034230288930324856,0.04269805155926579,0.06064286569615273,0.03621465350599586,0.014095831123731974,0.08481447901876593,0.05256855466411208,0.06447474211813811,0.10530817523991994,0.11026908667909746,0.05407393468703491,0.9925119158625128,3.749631891890975,0.9670477058424731,0.411117708860301,1.8121278,-9.991939
East Hertfordshire,E07000242,137687,131456,124266,1566,57,5567,2214,622,210,854,528,2681,999,213,282,516,671,984,590,300,94,352,134,218,72225,10639,14636,11160,8968,7589,5740,4345,3573,5575,72332,46399,14325,3678,953,72225,459,49,6161,153,413,6355,11268,3553,3058,3438,4288,1231,6970,3702,4121,7559,6241,3206,2011,0.9547451829148721,0.019471700305765977,0.0071466442002512945,0.016079949450565414,0.0025565231285451786,0.9025252928744181,0.011373622782107243,0.00041398243842919087,0.04043228481991764,0.002048123642754944,0.003747630495253728,0.007255586947206345,0.0015469870067617133,0.004873372213789247,0.004285081380231976,0.0021788549391010045,0.0006827078809183147,0.0062024737266408595,0.0015251984573707031,0.004517492573736083,0.003834784692817768,0.0009732218727984487,0.0015833012557467298,0.5253364515168462,0.33698896773115833,0.10404032334207296,0.026712761553378313,0.006921495856544191,0.14730356524749047,0.20264451367255107,0.1545171339563863,0.12416753201799931,0.10507442021460713,0.07947386638975425,0.060159224645205955,0.04947040498442368,0.07718933887158186,0.006355140186915888,0.000678435444790585,0.08530287296642437,0.002118380062305296,0.005718241606092073,0.0879889235029422,0.15601246105919003,0.04919349255797854,0.042339910003461406,0.047601246105919,0.059370024229837316,0.017043959847698166,0.09650398061613015,0.05125649013499481,0.05705780546902042,0.10465905157493943,0.08641052267220492,0.044389061959155415,2.475932584635893,3.873922187554566,1.9279408440803416,-0.48050691090190667,2.969727,-11.328426
East Lindsey,E07000137,136401,134314,131717,490,61,2046,937,414,87,261,175,789,231,63,100,198,197,264,160,75,29,97,40,57,56311,6757,6522,5301,5240,8834,6594,4707,4927,7429,52138,48140,24915,8671,2537,56311,2532,137,5248,223,561,4435,9851,2404,5039,701,607,708,2152,2052,3687,5410,7436,3128,2011,0.9846995256633015,0.005784415070270746,0.0019354696813073217,0.006869451103730911,0.0007111384813894326,0.9656600758058959,0.0035923490296991957,0.00044721079757479784,0.014999890030131744,0.0007331324550406522,0.0014516022609804913,0.0016935359711439065,0.0004618734466756109,0.0014442709364300848,0.0011730119280650435,0.0005498493412804892,0.00021260841196178913,0.0019134757076561023,0.0006378252358853674,0.0030351683638683,0.0012829817963211413,0.0002932529820162609,0.0004178854993731718,0.3822405994090952,0.35292996385656994,0.1826599511733785,0.06356991517657495,0.018599570384381345,0.11999431727371207,0.1158210651560086,0.09413791266360036,0.09305464296496244,0.1568787625863508,0.11709967857079434,0.08358935199161797,0.08749622631457442,0.131928042478379,0.04496457175329865,0.002432917192022873,0.09319671112216085,0.003960149881905844,0.009962529523538918,0.07875903464687184,0.17493917707019943,0.04269148123812399,0.08948518051535224,0.012448722274511197,0.01077942142742981,0.012573031912059811,0.03821633428637389,0.036440482321393686,0.06547566194881994,0.09607359130542878,0.1320523521159276,0.05554864946458063,-5.25481916262393,-0.9620906498263977,-3.0324608147856154,2.4920703717679658,-14.10036,5.7454014
East Northamptonshire,E07000152,86765,83842,81083,583,46,2130,1052,381,123,288,260,1096,530,62,12,244,248,630,352,204,74,145,33,112,43417,5443,6524,5331,4916,5703,4071,3064,3634,4731,40656,31175,11145,2945,844,43417,555,22,5238,137,409,3799,8093,2560,1527,1294,1267,598,2537,2059,2230,4438,4645,2009,2011,0.9663113006396589,0.012631821587045467,0.007260992335619202,0.012124704662018095,0.0016711807756583875,0.9345127643635106,0.006719299256612689,0.0005301676943467988,0.02454906932518873,0.0001383046159165562,0.0028121938569699765,0.0061084538696478995,0.0007145738489022071,0.0028582953956088285,0.004056935400218982,0.0023511784705814555,0.0008528784648187633,0.003319310781997349,0.0014176223131447013,0.00439117155535066,0.0029966000115253847,0.0003803376937705296,0.001290843081887858,0.46857603872529247,0.35930386676655335,0.1284504120325016,0.033942257822854836,0.009727424652797786,0.1253656401870235,0.15026372158371146,0.12278600548172375,0.11322753760047907,0.13135407789575512,0.09376511504710136,0.07057143515212935,0.08369993320588709,0.10896653384618928,0.012783011262869383,0.0005067139599695972,0.12064398737821591,0.003155446023447037,0.00942027316488933,0.08750028790565907,0.18640163991063408,0.058963078978280396,0.03517055531243522,0.029803993827302668,0.02918211760370362,0.013773406730082687,0.05843333256558491,0.04742382016260912,0.05136236957873644,0.10221802519750328,0.10698574291176267,0.046272197526314576,-1.5475222141152165,1.2588282234309944,1.9473260903281695,0.5526870779386786,-1.6177951,0.2829808
East Riding of Yorkshire,E06000011,334179,327789,321309,908,227,5345,2301,683,367,785,466,2961,1081,396,69,660,755,598,355,175,68,530,289,241,158757,19073,25851,18198,17718,21761,15246,12083,11767,17060,151003,116859,48307,13877,4133,158757,4582,500,17707,1448,912,13219,25124,7417,8252,3464,3113,1781,7920,5579,12241,16998,21525,6975,2011,0.9808785112170424,0.008860520858581779,0.0017894601396257694,0.006885531406820895,0.0015859763779291936,0.9614877056906628,0.0027171067003013355,0.0006792766750753339,0.015994422151002906,0.00020647616995681954,0.0019749894517608825,0.003234793329323506,0.0011849936710565296,0.00225926823648404,0.0010623049323865354,0.0005236714455426583,0.00020348376169657578,0.002349040484291353,0.0010982138315094605,0.002043814841746489,0.0013944622492735928,0.0008648059872104471,0.0007211703907187466,0.4518626245215887,0.3496898368838257,0.1445542658275954,0.04152564942740268,0.012367623339587467,0.12013958439627859,0.16283376481037057,0.11462801640242636,0.11160452767437026,0.13707112127339266,0.09603356072488142,0.07611002979396184,0.07411956638132491,0.10745982854299338,0.028861719483235383,0.0031494674250584225,0.11153523939101898,0.009120857662969191,0.005744628583306563,0.08326561978369458,0.15825443917433563,0.046719199783316644,0.05197881038316421,0.02181951032080475,0.019608584188413738,0.011218402968058101,0.04988756401292541,0.03514175752880188,0.0771052615002803,0.10706929458228613,0.13558457264876508,0.04393507057956499,-2.9495146651589526,1.4803087460099402,-0.7861732938523264,0.2771935364861829,-6.242599,4.7083235
East Staffordshire,E07000193,113583,102704,97854,542,72,4236,1619,800,92,451,276,7864,916,5598,157,331,862,1023,333,500,190,373,91,282,54921,5707,8008,5589,5630,6747,4667,4293,6205,8075,52094,40576,15302,4377,1234,54921,777,98,9036,320,436,4300,9551,3479,2953,1275,870,501,2419,2443,2207,4928,6844,2484,2011,0.9042198216282367,0.06923571309086747,0.009006629513219408,0.014253893628447919,0.0032839421392285816,0.8615197696838436,0.004771840856466197,0.000633897678349753,0.03729431340957714,0.0013822491041793226,0.0029141684935245593,0.008064587130116303,0.0492855444916933,0.0075891638713539876,0.002931776762367608,0.004402067210762174,0.001672785540089626,0.003970664624107481,0.00080998036678024,0.0070433075372194785,0.00242994110034072,0.0008011762323587156,0.002482765906869866,0.4586425785548894,0.35723655828777195,0.13472086491816557,0.03853569636301207,0.010864301876161045,0.10391289306458368,0.14580943537080535,0.10176435243349538,0.10251087926294132,0.12284918337248048,0.08497660275668688,0.078166821434424,0.11298046284663425,0.1470293694579487,0.014147593816572896,0.001784381202090275,0.16452723002130332,0.005826550863968246,0.007938675552156734,0.0782942772345733,0.17390433531800223,0.06334553267420477,0.053768139691556964,0.023215163598623478,0.015840935161413668,0.009122193696400284,0.04404508293730995,0.044482074252107574,0.040184992989930994,0.08972888330511097,0.12461535660312084,0.04522860108155351,-2.4695271863423165,-1.0309129954027239,1.3627610795402294,0.6987711487999532,2.160882,10.067945
Eastbourne,E07000061,99412,93508,86903,978,66,5561,1791,434,302,572,483,2795,671,107,287,621,1109,783,517,159,107,535,229,306,44449,4455,7365,5163,4607,5364,5486,4412,2497,5100,42818,35193,15251,4712,1438,44449,88,12,2390,140,291,3640,8153,1929,3245,951,1451,652,2005,1934,2216,4793,8197,2362,2011,0.940610791453748,0.02811531807025309,0.007876312718786464,0.018015933690097775,0.005381644067114634,0.8741701203074076,0.009837846537641332,0.0006639037540739548,0.05593892085462519,0.002886975415442804,0.006246730776968575,0.006749688166418541,0.0010763288134229268,0.011155594898000241,0.005200579406912646,0.0015994044984508913,0.0010763288134229268,0.0057538325353076085,0.0030378626322777936,0.0043656701404257035,0.004858568382086669,0.0023035448436808433,0.0030780992234337905,0.43071259002937273,0.35401158813825295,0.15341206293002857,0.04739870438176478,0.014465054520581016,0.1002272267092623,0.16569551620958853,0.1161555940516097,0.10364687619518999,0.12067763054286935,0.12342234920920606,0.09925982586784854,0.056176741883956896,0.11473823933046863,0.001979797070800243,0.00026997232783639675,0.05376948862741569,0.0031496771580912957,0.006546828950032621,0.08189160611037369,0.18342369907084524,0.04339805169970078,0.07300501698575897,0.021395306981034444,0.03264415397421764,0.014668496479110891,0.045107876442664625,0.043510540169632614,0.04985488987378794,0.10783144727665414,0.18441359760624537,0.05313955319579743,-1.4670143262348567,-1.470741908494146,-1.8680653944619274,-0.08935144678671766,-16.906517,3.4831312
Eastleigh,E07000086,125199,118537,114873,602,191,2871,1740,391,254,652,443,3740,1954,160,294,625,707,605,430,129,46,577,201,376,65768,7241,11807,9005,8492,7978,5857,5591,3979,5818,61561,44190,14538,3817,1093,65768,172,50,5851,355,381,5810,10851,3764,2773,3008,3281,856,4294,3042,4139,6292,7781,3068,2011,0.9467887123699071,0.029872443070631555,0.004832306967308046,0.013897874583662808,0.004608663008490483,0.9175233029017804,0.0048083451145775925,0.0015255712905055151,0.022931493063043634,0.0023482615675844056,0.004992052652177733,0.015607153411768465,0.0012779654789574996,0.005647009960143451,0.0034345322246982805,0.001030359667409484,0.0003674150752002812,0.005207709326751811,0.0020287701978450308,0.00312302813920239,0.003538366919863577,0.001605444132940359,0.0030032188755501244,0.4917052053131415,0.35295809071957446,0.11611913833177581,0.030487463957379852,0.00873010167812842,0.11009913635810728,0.17952499695900742,0.13692069091351416,0.12912054494587033,0.1213051940153266,0.0890554677046588,0.08501094757328792,0.06050054737866439,0.08846247415156307,0.00261525361878117,0.0007602481449945262,0.08896423792725945,0.005397761829461136,0.00579309086485829,0.08834083444836395,0.16498905242671208,0.057231480355187936,0.042163362121396424,0.045736528402870694,0.04988748327454081,0.013015448242306289,0.06529011069212991,0.046253497141466975,0.06293334144264688,0.09566962656611118,0.11830981632404818,0.04664882617686413,0.1372701914925874,1.7811212936854073,2.012176694390732,-0.7541979636572611,2.5507143,-5.9066253
Eden,E07000030,52564,51999,51009,139,15,836,211,66,11,89,45,292,77,7,49,79,80,22,9,7,6,40,17,23,27461,3209,3561,2429,2507,5355,2499,1961,2440,3500,24210,18810,7195,1875,474,27461,2235,120,1820,74,210,2754,4455,1358,3096,370,376,368,1323,1006,1440,2456,2715,1285,2011,0.989251198538924,0.005555132790503006,0.00041853740202419905,0.004014154173959364,0.0007609770945894528,0.970417015447835,0.0026443954036983485,0.0002853664104710448,0.015904421276919566,0.0009321969408720797,0.0015029297618141693,0.0014648809070846969,0.00013317099155315425,0.0015219541891789057,0.0001712198462826269,0.00013317099155315425,0.00011414656418841792,0.0016931740354615326,0.00020926870101209953,0.0012556122060725973,0.0008560992314131345,0.0003234152652005175,0.0004375618293889354,0.46058138650026637,0.35784947873069023,0.13688075488927784,0.035670801308880604,0.009017578570885016,0.11685663304322494,0.12967481155092678,0.08845271475911293,0.09129310658752413,0.1950038236043844,0.09100178434871271,0.07141036378864572,0.0888532828374786,0.1274534794799898,0.08138815046793635,0.004369833582171079,0.0662758093295947,0.0026947307090054986,0.007647208768799388,0.10028768071082626,0.1622300717381013,0.04945195003823604,0.11274170642001384,0.013473653545027494,0.013692145224136048,0.013400822985324643,0.04817741524343615,0.03663377153053421,0.052438002986052945,0.08943592731510142,0.09886748479662066,0.04679363460908197,-3.8536455397505285,1.919531653536819,-1.1382183684221983,5.428518743277506,-10.446128,7.570663
Elmbridge,E07000207,130875,118123,104508,2072,153,11390,3411,521,347,1550,993,7075,2489,555,504,1143,2384,1010,620,272,118,1256,597,659,64730,12074,15800,11443,6968,4760,4868,3435,1947,3435,73880,40555,12360,3213,867,64730,137,324,3256,255,242,3825,8248,2750,2437,5541,4975,1391,8770,3650,2775,6292,5712,4150,2011,0.9025635148042025,0.05405921680993314,0.007717287488061127,0.026063037249283667,0.00959694364851958,0.7985329512893983,0.015831900668576888,0.001169054441260745,0.08702960840496657,0.003851002865329513,0.00873352435530086,0.019018147086914995,0.004240687679083094,0.01821585482330468,0.004737344794651385,0.002078319006685769,0.0009016236867239733,0.011843361986628463,0.0026513849092645652,0.003980897803247374,0.007587392550143266,0.00456160458452722,0.005035339063992359,0.5645081184336199,0.30987583572110794,0.09444126074498567,0.024550143266475644,0.006624641833810888,0.18652865750038622,0.24409083886914879,0.17678047273289046,0.10764714969874865,0.07353622740614861,0.07520469643133014,0.05306658427313456,0.030078788815078018,0.05306658427313456,0.0021164838560173028,0.00500540707554457,0.05030125135176888,0.003939440753900819,0.003738606519388228,0.05909161130851228,0.12742159740460374,0.042484164993048044,0.03764869457747567,0.08560173026417427,0.07685771666924146,0.02148926309284721,0.13548586435964777,0.05638807353622741,0.04287038467480303,0.09720376950409393,0.08824347288737834,0.06411246717132706,7.308075249933612,5.198772994544607,0.12275597375330154,-0.7925706767098704,9.935198,-16.140001
Enfield,E09000010,312466,190640,126450,6899,344,56947,17183,4852,2384,4189,5758,34893,11648,2594,5599,2588,12464,53687,28222,17334,8131,16063,1930,14133,137622,14836,26102,17202,17936,14348,13093,11575,8296,14234,146351,109394,39699,12840,4182,137622,128,65,5338,380,636,10559,22131,7388,8310,6392,7225,3302,10207,7651,7592,15343,16931,8044,2011,0.6101143804445923,0.11166974966876396,0.17181709369979453,0.05499158308423956,0.051407193102609564,0.40468402962242295,0.022079202217201232,0.001100919780072072,0.18225022882489614,0.017918749559952124,0.00828250113612361,0.037277655808952016,0.008301703225310915,0.0398891399384253,0.09032022684068026,0.05547483566212004,0.026022031196994234,0.013406258600935781,0.007629630103755288,0.015528089456132828,0.018427604923415667,0.006176672021915985,0.04523052108069358,0.468374159108511,0.3500988907593146,0.12705062310779414,0.04109247086082966,0.013383856163550594,0.10780253157198703,0.1896644431849559,0.12499455028992458,0.13032799988373953,0.10425658688291116,0.09513740535670169,0.08410719216404354,0.06028105971428987,0.10342823095144672,0.0009300838528723606,0.00047230820653674556,0.03878740317681766,0.0027611864382148204,0.004621354143959542,0.07672465158186918,0.16081004490561102,0.05368327738297656,0.06038278763569778,0.0464460624028135,0.05249887372658441,0.023993256892066675,0.07416692098647018,0.055594309049425236,0.055165598523491885,0.11148653558297365,0.12302538838267138,0.058449957128947405,8.398449245327955,-5.372505144226709,-0.5111680885424084,2.349272422078829,17.289663,-13.568873
Epping Forest,E07000072,124659,112869,106233,1427,176,5033,2649,881,267,808,693,5922,3041,933,265,598,1085,2404,1186,958,260,815,151,664,61609,9051,10107,9039,9269,7167,4845,3681,3839,4611,61413,42077,15435,4441,1293,61609,356,31,3378,159,417,6751,9096,3223,2228,2504,5236,1403,5049,3239,3154,5848,6044,3493,2011,0.9054219911919718,0.04750559526387987,0.019284608411747246,0.02124996991793613,0.006537835214465061,0.8521887709671985,0.011447228038087905,0.0014118515309765039,0.040374140655708775,0.002125799180163486,0.004797086451840621,0.024394548327838342,0.007484417490915217,0.008703743813122198,0.009513954066693942,0.00768496458338347,0.0020856897616698352,0.0064816820285739495,0.002141842947560946,0.00706727953858125,0.005559165403219984,0.0012113044385082506,0.00532653077595681,0.4926479435901138,0.33753680039146794,0.12381777488989965,0.03562518550606053,0.010372295622458066,0.14691035400671978,0.16405070687724196,0.14671557726955478,0.15044879806521774,0.11633040627181093,0.07864110763037868,0.05974776412537129,0.062312324498044115,0.0748429612556607,0.00577837653589573,0.0005031732376763135,0.05482965151195442,0.002580791767436576,0.006768491616484604,0.10957814605009009,0.14764076677108864,0.05231378532357286,0.03616354753363957,0.04064341248843513,0.08498758298300572,0.022772646853544125,0.0819523121621841,0.05257348763979289,0.051193819084873964,0.09492119657842199,0.09810254995211738,0.05669626190978591,2.4858216378809206,2.3900011237507246,2.0978650771011047,-0.08866702576292347,1.7208376,-15.20443
Epsom and Ewell,E07000208,75102,64502,59049,1142,132,4179,1922,406,223,758,535,6484,1828,667,325,922,2742,1128,679,304,145,1066,538,528,38005,4923,8696,5898,5055,3588,3275,2539,1527,2504,39208,25355,7988,2016,535,38005,39,93,1423,135,174,3168,5154,1641,1381,2259,2684,661,3931,1883,2295,3836,5042,2206,2011,0.8588586189449016,0.08633591648691114,0.015019573380202924,0.025591861734707465,0.014194029453276876,0.786250699049293,0.015205986524992677,0.0017576096508748102,0.05564432371974115,0.004327448004047828,0.012276637106867994,0.024340230619690553,0.008881254826768928,0.03651034592953583,0.009041037522303001,0.0040478282868632,0.0019307075710367234,0.01009294026790232,0.002969295092008202,0.0054059811989028254,0.0071236451758941175,0.0071635908497776355,0.007030438603499241,0.52206332720833,0.3376075204388698,0.1063620143271817,0.026843492849724374,0.0071236451758941175,0.12953558742270754,0.22881199842126035,0.15519010656492566,0.133008814629654,0.09440863044336271,0.08617287199052756,0.06680699907906855,0.040178923825812396,0.06588606762268123,0.0010261807656887251,0.002447046441257729,0.037442441783975794,0.00355216418892251,0.004578344954611235,0.0833574529667149,0.13561373503486385,0.04317852914090251,0.036337324036311014,0.05943954742797,0.07062228654124457,0.017392448362057625,0.10343375871595843,0.04954611235363768,0.060386791211682674,0.10093408762004999,0.1326667543744244,0.05804499407972635,4.973224428379132,2.5622984605641017,0.8056848463074314,-1.0884747242352697,5.3287034,-16.010288
Erewash,E07000036,112081,108765,106673,574,29,1489,1269,734,72,276,187,1383,778,89,21,266,229,536,125,337,74,128,34,94,54851,5493,7470,6218,6309,7537,4898,4942,5396,6588,49349,39666,16762,4874,1430,54851,152,63,8968,526,406,4761,9778,3331,2523,1481,1185,654,2647,2233,2662,5237,6102,2142,2011,0.9704142539770345,0.012339290334668677,0.00478225569008128,0.011322168788643927,0.001142031209571649,0.9517491813955978,0.005121296205422864,0.00025874144591857674,0.013285034930095198,0.00018736449532034868,0.002373283607391083,0.006941408445677679,0.0007940685754052872,0.0020431652108742785,0.0011152648530973136,0.003006754043950357,0.0006602367930336096,0.0024625047956388685,0.0006423925553840526,0.006548835217387425,0.001668436220233581,0.0003033520400424693,0.0008386791695291798,0.4402976418839946,0.3539047653036643,0.14955255574093737,0.04348640715197045,0.012758629919433268,0.10014402654463911,0.13618712512078177,0.11336165247670964,0.11502069242128676,0.13740861606898688,0.0892964576762502,0.09009863083626551,0.09837559935096898,0.12010719950411114,0.0027711436436892675,0.0011485661154764725,0.16349747497766676,0.009589615503819439,0.00740187052195949,0.08679878215529344,0.17826475360522143,0.06072815445479572,0.045997338243605405,0.02700041931778819,0.021603981695866987,0.011923210151136716,0.04825800805819402,0.0407102878707772,0.04853147618092651,0.09547683725000455,0.11124683232757834,0.03905124792620007,-3.312804798982295,-0.39581765864831214,1.179300046358657,-0.5798802518564442,-1.4556646,10.327263
Exeter,E07000041,117773,109590,104013,629,93,4855,1938,403,278,773,484,4595,946,164,227,1998,1260,667,492,128,47,983,659,324,57139,4777,10975,6645,6483,5828,5559,6367,3357,7148,58775,39301,14075,4331,1291,57139,189,48,2761,844,625,3961,9590,2725,4031,1699,1434,859,3772,2488,3783,6847,8671,2812,2011,0.930518879539453,0.03901573365712005,0.005663437290380648,0.0164553845108811,0.008346565002165181,0.8831650717906481,0.005340782692128077,0.000789654674670765,0.04122337038200606,0.001927436679035093,0.01696483913970095,0.008032401314392942,0.0013925093187742521,0.010698547205216815,0.0041775279563227566,0.0010868365414823432,0.0003990727925755479,0.006563473801295713,0.002360473113531964,0.0034218369235733148,0.00410960067248011,0.005595510006538001,0.002751054995627181,0.49905326348144313,0.333701272787481,0.1195095650106561,0.03677413329031272,0.01096176543010707,0.08360314321216682,0.19207546509389384,0.11629534993612069,0.11346015856070285,0.10199688478972331,0.0972890670120233,0.11143002152645304,0.058751465723936365,0.12509844414497978,0.003307723271320814,0.0008400567038275084,0.04832076165141147,0.014770997042300355,0.010938238331087348,0.06932217924709919,0.16783632895220427,0.04769071912354084,0.07054726194018096,0.029734507079227847,0.025096694026846812,0.015033514762246451,0.06601445597577836,0.043542939148392516,0.0662069689704055,0.11983058856472811,0.15175274331017344,0.049213321899228196,-0.024876391399603136,-0.30858346571376855,-1.210528668420584,-2.1051963644708263,8.005137,-2.30132
Fareham,E07000087,111581,107959,105663,475,85,1736,1359,301,150,657,251,1667,663,77,125,467,335,357,215,109,33,239,106,133,56445,6904,10357,8704,7169,6202,4825,4675,2906,4703,54170,39284,13638,3489,1000,56445,149,35,5581,403,366,4506,8331,2886,2357,2513,2368,697,3487,2571,5887,5587,6329,2392,2011,0.967539276400104,0.014939819503320458,0.0031994694437224975,0.012179492924422617,0.0021419417284304675,0.9469622964483201,0.0042569971590145275,0.000761778438981547,0.015558204353787831,0.0011202624102669809,0.004185300364757441,0.005941871824056067,0.0006900816447244603,0.003002303259515509,0.0019268513456592072,0.0009768688217528074,0.00029574927631048295,0.005888099228363252,0.0013443148923203772,0.0026975918839228902,0.0022494869198160976,0.0009499825239063999,0.0011919592045240676,0.48547691811329885,0.35206710819942466,0.12222511000976868,0.03126876439537197,0.008962099282135847,0.12231375675436265,0.18348835149260342,0.15420320666135176,0.12700859243511384,0.1098768712906369,0.08548144211179023,0.08282398795287448,0.051483745238727965,0.08332004606253876,0.00263973779785632,0.0006200726370803437,0.09887501107272566,0.007139693506953672,0.006484188147754451,0.07982992293382939,0.14759500398618125,0.051129418017539195,0.04175746301709629,0.04452121534236868,0.04195234298875011,0.012348303658428558,0.06177695101426167,0.0455487642838161,0.1042962175569138,0.0989813092390823,0.11212684914518557,0.04237753565417663,-0.0801542209946613,2.59176199080255,1.3730432092852167,-1.4436858152860164,1.7082824,-5.8463798
Fenland,E07000010,95262,92631,86151,390,467,5623,901,293,104,264,240,1075,372,65,65,215,358,497,216,186,95,158,11,147,44514,4098,4195,4342,4507,6318,4723,3421,6421,6489,37577,36042,15760,4590,1293,44514,1466,29,6941,133,409,4318,7662,2552,1518,853,976,518,1830,2745,2804,3274,4797,1689,2011,0.9723814322605027,0.01128466754844534,0.005217190485188218,0.009458126010371397,0.0016585836954924314,0.9043585060149902,0.004093972412924356,0.004902269530347883,0.05902668430224014,0.0006823287354873926,0.002256933509689068,0.003905019840020155,0.0006823287354873926,0.0037580567277613317,0.0022674308748504126,0.0019525099200100775,0.0009972496903277277,0.0027713044025949487,0.0010917259767798282,0.003075727992273939,0.0025193676387226804,0.00011547101677478953,0.001543112678717642,0.39445949066784236,0.37834603514517856,0.16543847494278935,0.04818290609057126,0.013573093153618442,0.09206092465291818,0.09424001437749921,0.09754234622815294,0.10124904524419284,0.1419328750505459,0.10610145122882689,0.07685222626589387,0.14424675383025565,0.14577436312171452,0.03293345913645145,0.0006514804331221639,0.15592847194141168,0.002987824055353372,0.009188120591274655,0.09700319000763805,0.17212562339937998,0.057330278114750416,0.03410163094756706,0.019162510670800197,0.02192568630093903,0.011636788426113133,0.04111066181426068,0.061665992721391026,0.0629914184301568,0.07354989441524015,0.10776384957541447,0.03794311901873568,-4.458883414603024,-1.605190460814651,2.5223780697108276,2.8898604285326397,4.6453347,15.895336
Flintshire,W06000005,152506,150161,146185,693,95,3188,851,267,121,258,205,1201,296,87,223,323,272,142,88,42,12,151,50,101,74049,6851,10100,8050,8045,10379,7094,6633,8237,8660,74216,49498,20114,6774,1904,74049,685,177,14013,496,775,5675,12053,3015,3849,1424,2949,669,3368,3258,4235,6374,8206,2828,2011,0.9846235557945261,0.007875099996065728,0.0009311109071118513,0.00558010832360694,0.000990124978689363,0.9585524503953943,0.0045440835114684015,0.0006229263110959569,0.02090409557656748,0.0014622375513094568,0.002117949457726253,0.0019409072429937182,0.0005704693585826131,0.001783536385453687,0.0005770264776467811,0.00027539900069505465,7.868542877001561e-05,0.0016917367185553356,0.000793411406764324,0.0017507507901328473,0.0013442094081544333,0.00032785595320839833,0.0006622690254809647,0.48664314846628987,0.32456427943818605,0.1318898928566745,0.04441792454067381,0.01248475469817581,0.09251981795837891,0.13639617010358007,0.10871179894394252,0.10864427608745561,0.14016394549555025,0.09580142878364327,0.08957582141554916,0.11123715377655337,0.11694958743534686,0.009250631338708152,0.002390309119636997,0.1892395575902443,0.006698267363502546,0.010466042755472728,0.07663844211265514,0.16277059784737133,0.040716282461613254,0.05197909492363165,0.01923050952747505,0.0398249807559859,0.009034558197950007,0.04548339612958987,0.04399789328687761,0.057191859444421934,0.08607813744952666,0.11081851206633446,0.03819092762900242,-3.405434715213382,0.20589332639025837,0.14622626499909488,-0.8959307984009655,0.26978,9.657067
Folkestone and Hythe,E07000112,107969,102215,98029,745,164,3277,1267,387,149,420,311,3699,413,93,226,281,2686,458,277,130,51,330,64,266,48280,5292,6400,6200,5121,6149,5707,4679,3344,5388,45577,38999,16465,5321,1607,48280,496,39,2497,857,429,4671,7431,3102,2886,964,2357,529,2134,2946,3674,4311,6818,2139,2011,0.9467069251359187,0.03425983384119516,0.004241958339893858,0.011734849818003316,0.003056432864989025,0.9079365373394215,0.00690012874065704,0.0015189545147218182,0.030351304541118285,0.002093193416628847,0.002602598894127018,0.003825172040122628,0.0008613583528605433,0.02487751113745612,0.002565551223036242,0.0012040493104502217,0.0004723578064073947,0.003890005464531486,0.0013800257481314082,0.0035843621780325833,0.0028804564273078384,0.0005927627374524169,0.002463670127536608,0.42213042632607506,0.3612055312172939,0.15249747612740694,0.04928266446850485,0.01488390186071928,0.10961060480530241,0.13256006628003314,0.12841756420878211,0.10606876553438277,0.1273612261806131,0.1182062966031483,0.09691383595691798,0.06926263463131732,0.1115990057995029,0.010273405136702569,0.0008077879038939519,0.05171913835956918,0.017750621375310686,0.008885666942833471,0.09674813587406794,0.15391466445733223,0.06425020712510356,0.05977630488815244,0.01996685998342999,0.04881938690969345,0.01095691797845899,0.04420049710024855,0.061019055509527756,0.07609776304888152,0.08929163214581608,0.1412178956089478,0.044304059652029826,-2.54047911647763,-1.2005944500648564,0.34428337557585736,0.10909362278586997,-14.124374,-0.85572845
Forest Heath,E07000201,59748,54907,46142,583,108,8074,1744,267,274,402,801,1263,300,135,96,105,627,1296,373,173,750,538,12,526,31540,3151,3229,5386,3134,4307,3735,2051,2793,3754,28739,21194,7235,2035,545,31540,759,12,3163,65,238,2475,4301,1521,1716,660,551,350,1702,1411,2208,1874,2692,5842,2011,0.9189763674097877,0.021138782888130148,0.02169110263105041,0.029189261565240678,0.009004485505790989,0.7722768962977841,0.00975764879159135,0.0018075918859208676,0.13513423043449152,0.0016067483430407712,0.0017573810002008436,0.00502108857200241,0.0022594898574010845,0.010494075115485037,0.006242886791189663,0.0028954944098547233,0.012552721430006025,0.00672825868648323,0.004585927562428868,0.004468768829082145,0.013406306487246436,0.0002008435428800964,0.008803641962910893,0.4810035482359242,0.3547231706500636,0.12109191939479146,0.03405971748008302,0.009121644239137711,0.09990488268864933,0.10237793278376664,0.17076727964489538,0.09936588459099556,0.13655675332910588,0.11842105263157894,0.06502853519340519,0.08855421686746988,0.11902346227013316,0.02406467977171845,0.0003804692454026633,0.100285351934052,0.002060875079264426,0.007545973367152822,0.0784717818642993,0.13636651870640457,0.04822447685478757,0.05440710209258085,0.02092580849714648,0.01746987951807229,0.01109701965757768,0.053963221306277745,0.04473684210526316,0.07000634115409005,0.059416613823715915,0.08535193405199747,0.1852251109701966,2.435129653451233,0.4688122918650222,-1.429457399215242,5.790503793126381,-3.5799625,-9.284119
Forest of Dean,E07000080,81961,80699,79227,277,78,1117,528,170,82,181,95,473,159,25,1,129,159,199,99,58,42,62,5,57,39068,4294,5426,4114,4288,6073,4236,2573,3573,4491,36281,29340,11879,3535,926,39068,986,70,5275,241,364,3721,6008,1578,1740,1069,1151,514,2031,1763,2289,3640,4808,1820,2011,0.9846024328644111,0.005771037444638303,0.002427984041190322,0.00644208831029392,0.0007564573394663315,0.9666426715145008,0.0033796561779382878,0.0009516721367479655,0.01362843303522407,1.2200924830102122e-05,0.0015739193030831738,0.0019399470479862374,0.00030502312075255305,0.0019399470479862374,0.00120789155818011,0.0007076536401459231,0.0005124388428642891,0.002208367394248484,0.001000475836068374,0.0020741572211173606,0.0011590878588597015,6.100462415051061e-05,0.000695452715315821,0.4426617537609351,0.35797513451519625,0.14493478605678312,0.043130269274411,0.011298056392674566,0.10991092454182451,0.13888604484488584,0.10530357325688543,0.10975734616565988,0.1554469130746391,0.10842633357223302,0.06585952697860141,0.09145592300604075,0.11495341455923005,0.025238046483055186,0.0017917477219207536,0.1350209890447425,0.00616873144261288,0.009317088153987919,0.09524418961810177,0.15378314733285553,0.040391112931299274,0.04453772908774445,0.027362547353332652,0.029461451827582676,0.01315654755810382,0.05198628033172929,0.04512644619637555,0.058590150506808644,0.09317088153987918,0.12306747209992833,0.04658544076993959,-3.4333132698712965,1.0506125106849653,0.21554605540410196,1.2333939564954202,-5.2974606,6.500774
Fylde,E07000119,75757,73844,72021,488,15,1320,742,251,87,233,171,845,297,118,25,209,196,163,63,54,46,163,67,96,34510,4349,7168,4330,4324,3580,3279,2459,1832,3189,33815,25591,11619,3692,1040,34510,337,22,4300,109,159,2172,4607,1067,2549,1271,1500,520,2022,1294,3364,3238,4354,1625,2011,0.9747482080863814,0.01115408477104426,0.0021516163522842776,0.009794474438005728,0.0021516163522842776,0.9506844252016315,0.00644164895653207,0.00019800150481143658,0.01742413242340642,0.00033000250801906093,0.0027588209670393496,0.003920429795266444,0.0015576118378499676,0.0025872196628694377,0.0008316063202080336,0.0007128054173211716,0.0006072046147550721,0.003075623374737648,0.001148408727906332,0.003313225180511372,0.002257217154850377,0.0008844067214910834,0.001267209630793194,0.44636139234658184,0.33780376730863154,0.15337196562693878,0.04873477038425492,0.013728104333592936,0.1260214430599826,0.2077079107505071,0.12547087800637496,0.12529701535786728,0.1037380469429151,0.09501593740944654,0.07125470878006375,0.0530860620110113,0.09240799768183135,0.009765285424514634,0.0006374963778614895,0.12460156476383658,0.003158504781222834,0.0046073601854534916,0.06293827875977977,0.13349753694581282,0.030918574326282238,0.07386264850767893,0.03682990437554332,0.043465662126919734,0.015068096203998842,0.0585917125470878,0.037496377861489426,0.09747899159663866,0.0938278759779774,0.1261663286004057,0.04708780063749638,-0.930683419086553,1.8141848644699865,-1.8357666506171582,-1.0241372676295422,-11.762246,12.71425
Gateshead,E08000037,200214,192742,188355,592,87,3708,1558,412,260,523,363,3738,916,617,242,1054,909,1081,903,90,88,1095,289,806,91877,7720,13979,10437,11925,10484,8667,10206,7586,10873,85320,67807,31158,12152,3777,91877,153,160,9547,773,555,7204,15415,4735,4993,2926,2759,1305,4319,4355,7352,8338,12984,4004,2011,0.9626799324722547,0.01867002307530942,0.00539922283157022,0.007781673609238115,0.005469148011627558,0.9407683778357158,0.0029568361852817487,0.00043453504749917587,0.018520183403757978,0.0012087066838482824,0.005264367127173924,0.0045751046380373,0.0030817025782412816,0.0045401420480086305,0.004510174113698343,0.00044951901465431986,0.00043952970321755724,0.0026122049407134368,0.0012986104867791462,0.0020577981559731086,0.0018130600257724235,0.0014434555026122048,0.004025692509015353,0.4261440258922952,0.338672620296283,0.15562348287332553,0.06069505628976995,0.018864814648326293,0.08402538176039705,0.15214906886380705,0.11359752712866114,0.12979309293947341,0.1141090806186532,0.09433264037789653,0.11108329614593423,0.08256691010807927,0.11834300205709808,0.001665269871676263,0.001741458689334654,0.10391066316923714,0.008413422292848046,0.006040684828629581,0.0784091774872928,0.16777866060058558,0.051536293087497416,0.054344395224049546,0.031846925781207486,0.03002927827421444,0.014203772434885771,0.04700850049522731,0.047400328700327614,0.08002002677492735,0.09075176594795216,0.14131937263950717,0.043580003700599716,-2.924407024948439,-1.614069452136987,-0.9066775887158999,-2.1290225086426635,-7.275191,14.870756
Gedling,E07000173,113543,105656,102551,891,32,2182,2619,1500,240,521,358,3343,1366,962,67,411,537,1653,370,1118,165,272,68,204,55598,5972,9295,6956,7160,6912,5150,5178,3746,5229,51154,39934,16473,4657,1325,55598,209,75,5059,699,360,5109,9765,2419,2387,1653,1430,919,2988,2206,4030,6000,7726,2564,2011,0.9305373294698924,0.029442590031970268,0.014558361149520445,0.023066151149784664,0.0023955681988321606,0.9031908616119003,0.00784724729838035,0.00028183155280378356,0.019217389006807993,0.0005900848136829219,0.0036197740063235954,0.012030684410311512,0.008472561056163744,0.004729485745488493,0.003258677329293748,0.00984648987608219,0.001453193944144509,0.004588569969086602,0.002113736646028377,0.013210854037677355,0.003152990496992329,0.0005988920497080402,0.0017966761491241205,0.4505253516288983,0.3517081634270717,0.14508159904177273,0.04101529816897563,0.011669587733281665,0.10741393575308464,0.16718227274362388,0.12511241411561566,0.12878161084931114,0.12432101874168136,0.09262923126731178,0.09313284650526997,0.06737652433540775,0.09405014568869384,0.0037591280261879923,0.0013489693873880355,0.09099248174394763,0.012572394690456491,0.006475053059462571,0.09189179466887298,0.17563581423792224,0.04350875930788877,0.042933199035936544,0.029731285298032303,0.02572034965286521,0.016529371560128063,0.053742940393539336,0.039677686247706755,0.07248462174898378,0.10791755099104285,0.13896183315946617,0.046116766790172306,-1.2687501083436796,0.05330207032197517,0.3078091230851923,-1.3033635648960729,2.0469854,2.721186
Gloucester,E07000081,121688,108462,102912,850,136,4564,3565,2139,316,551,559,5839,3204,639,490,448,1058,3486,1100,1880,506,336,119,217,61374,5300,8359,7208,8173,7320,6555,5836,5245,7378,56655,43150,15933,4616,1334,61374,143,69,6894,826,422,4796,10513,2877,2924,1771,3437,654,2623,2752,4390,4915,9021,2347,2011,0.8913122082703306,0.047983367299980276,0.0286470317533364,0.02929623298928407,0.0027611596870685687,0.8457037670107159,0.006985076589310368,0.0011176122542896588,0.037505752416014726,0.0040266912103083296,0.0036815462494247586,0.026329629873118137,0.005251134047728617,0.008694365919400433,0.009039510880284004,0.015449345868121755,0.004158175004930642,0.004527973177305897,0.002596804943790678,0.017577739793570444,0.004593715074617054,0.0009779107225034514,0.0017832489645651173,0.4655758990204457,0.3545953586220498,0.13093320623233187,0.03793307474853724,0.01096246137663533,0.08635578583765112,0.13619773845602373,0.11744386873920552,0.1331671391794571,0.11926874572294457,0.10680418418222701,0.09508912568840225,0.08545964089027927,0.12021377130380943,0.0023299768631668133,0.0011242545703392317,0.11232769576693714,0.01345846775507544,0.00687587577801675,0.07814383941082544,0.17129403330400494,0.04687652751979666,0.04764232411118715,0.028855867305373612,0.05600091243849187,0.010655978101476195,0.04273796721738847,0.04483983445758791,0.0715286603447714,0.08008277120604816,0.1469840649134813,0.03824094893603155,-1.2524751422165548,-1.7440133169811602,1.3259845244461268,-1.1612259335055206,5.8654838,2.5939574
Gosport,E07000088,82622,79685,78001,313,32,1339,1066,272,142,426,226,1073,428,31,149,214,251,592,321,183,88,206,48,158,40063,3779,4860,5801,4633,5074,4356,3581,2947,5032,37447,29915,11224,3215,821,40063,40,21,4219,281,282,3056,5856,2008,2099,1021,1053,421,1452,2198,6076,3297,4960,1723,2011,0.9644525671128755,0.012986855801118346,0.0071651618213066735,0.012902132603906949,0.002493282660792525,0.9440705865265909,0.003788337246738157,0.00038730604439495534,0.01620633729515141,0.0018033937692140108,0.002590109171891264,0.005180218343782528,0.000375202730507613,0.003037931785722931,0.0038851637578368957,0.002214906441383651,0.0010650916220861272,0.005156011716007843,0.0017186705720026144,0.0032921013773571203,0.002735348938539372,0.000580959066592433,0.001912323594200092,0.45323279513930914,0.36207063493984654,0.13584759507153057,0.03891215414780567,0.009936820701508073,0.09432643586351497,0.12130893842198537,0.14479694481192124,0.11564286249157577,0.12665052542245964,0.10872875221526096,0.08938421985373038,0.07355914434765244,0.12560217657189926,0.0009984274767241594,0.0005241744252801838,0.10530913810748072,0.00701395302398722,0.007038913710905324,0.07627985922172578,0.14616978259241695,0.0501210593315528,0.05239248184110027,0.02548486134338417,0.026283603324763496,0.010508449192521778,0.03624291740508699,0.054863589845992565,0.15166113371439982,0.08229538476898884,0.12380500711379577,0.04300726355989317,-2.285996331650165,0.032794375660410484,0.7272385305064819,-0.3798556992065147,-10.006513,-1.2531861
Gravesham,E07000109,101720,84226,78422,791,320,4693,2066,564,359,627,516,10604,7538,550,477,326,1713,2885,2226,456,203,1939,94,1845,47639,4812,6190,5315,5898,6083,4281,4609,4120,6331,47298,35572,13629,4104,1117,47639,392,52,3568,301,389,5689,8840,3147,2229,1316,2237,675,2468,2586,2647,4253,4773,2077,2011,0.8280180888714117,0.10424695241840345,0.028362170664569405,0.020310656704679513,0.019062131340935904,0.7709594966574912,0.007776248525363743,0.0031458906802988595,0.046136453008257965,0.004689343295320488,0.0032048761305544632,0.07410538733779001,0.005406999606763665,0.01684034604797483,0.02188360204482894,0.004482894219425875,0.001995674400314589,0.006163979551710578,0.003529296106960283,0.00554463232402674,0.005072748721981911,0.00092410538733779,0.018138025953598112,0.4649823043649233,0.349705072748722,0.13398545025560363,0.04034604797483288,0.010981124655918207,0.1010096769453599,0.12993555700161633,0.11156825290203405,0.12380612523352716,0.12768949810029598,0.0898633472574991,0.0967484623942568,0.08648376330317598,0.1328953168622347,0.00822855223661286,0.001091542643632318,0.0748966183169252,0.006318352610256302,0.008165578622557148,0.11941896345431265,0.18556224941749408,0.06605932114444048,0.04678939524339302,0.02762442536577174,0.046957324880874916,0.014169063162534898,0.05180629316316463,0.054283255316022586,0.05556371880182204,0.08927559352631248,0.10019101996263566,0.04359873213123701,-0.26158415731481577,-1.8110423643300109,3.0324382045065112,1.0913209202862946,3.100499,-1.4207183
Great Yarmouth,E07000145,97277,94215,90280,390,63,3482,1159,294,277,331,257,1204,446,116,18,189,435,439,285,86,68,260,77,183,41264,3939,4159,3702,4324,5797,4948,4196,4090,6109,39204,35032,16130,5330,1581,41264,455,671,3899,253,309,3363,7422,2026,3911,515,812,385,1997,1928,1836,3167,6081,2234,2011,0.9685228779670426,0.012377026429680192,0.004512885882582728,0.011914429926909753,0.002672779793784759,0.9280713837803386,0.004009169690677139,0.0006476351038786147,0.03579468939214819,0.00018503860110817563,0.001942905311635844,0.00458484533856924,0.001192470984919354,0.004471766193447578,0.0029297778508794474,0.000884073316405728,0.0006990347152975524,0.003402654275933674,0.0028475384726091473,0.003022297151433535,0.0026419400269333962,0.0007915540158516402,0.0018812257779331188,0.4030140732136065,0.3601262374456449,0.16581514643749293,0.05479198577258756,0.016252557130668092,0.09545851105079488,0.100790034897247,0.08971500581620784,0.10478867778208607,0.1404856533540132,0.11991081814656844,0.10168670027142303,0.0991178751454052,0.14804672353625437,0.011026560682435052,0.016261147731678947,0.09448914307871267,0.00613125242341993,0.007488367584335014,0.08149961225281117,0.17986622721985265,0.049098487785963554,0.09477995347033734,0.012480612640558357,0.01967816983326871,0.009330166731291199,0.048395696006203956,0.04672353625436215,0.04449398991857309,0.07674970918960837,0.14736816595579683,0.054139201240791,-4.641371141847243,-2.5119502569499317,-2.3737332797107564,1.914799407403101,-0.5714401,19.70878
Greenwich,E09000011,254557,159002,133130,4291,430,21151,12274,4011,2699,2361,3203,29894,7836,2594,1645,5061,12758,48655,35164,8051,5440,4732,1069,3663,117821,11295,24081,16684,13759,10589,11396,9324,6508,14185,127641,83875,29386,10420,3235,117821,110,104,3518,371,575,8771,14359,5839,7942,5924,9028,2151,9599,8116,7712,12018,14104,7580,2011,0.6246223831990477,0.11743538775205553,0.1911359734754888,0.048217098724450715,0.01858915684895721,0.5229869930899563,0.01685673542664315,0.0016892090965874049,0.08308944558586093,0.006462206892758793,0.019881598227508967,0.030782889490369544,0.010190252084994716,0.05011844105642351,0.13813802016837093,0.031627494038663245,0.02137045926845461,0.009274936458239215,0.010602733376021873,0.0157567853172374,0.012582643572952227,0.0041994523819812455,0.014389704466975963,0.5014240425523556,0.3294939836657409,0.11543976398213367,0.040933857642885485,0.012708352156884312,0.09586576247018783,0.20438631483351866,0.1416046375433921,0.11677884248139127,0.08987362185009463,0.09672299505181589,0.07913699595148573,0.05523633308153895,0.12039449673657497,0.0009336196433572963,0.0008826949355378073,0.029858853684826984,0.0031488444335050626,0.004880284499367685,0.0744434353807895,0.12187131326334015,0.049558228159665936,0.06740733825039678,0.050279661520442026,0.07662471036572428,0.018256507753286765,0.08147104505987897,0.06888415477716196,0.06545522445064972,0.10200218976243623,0.11970701318101187,0.06433488087862096,7.875006065423408,-4.081016769880815,-0.7653862355576293,1.2043642728467514,19.044119,-13.044509
Guildford,E07000209,137183,124707,114510,1193,491,8513,2501,432,288,1077,704,6616,1661,487,320,1884,2264,1656,1162,336,158,1703,923,780,70021,9551,17168,11221,7200,6623,5452,4881,2488,5437,73969,45445,13442,3402,925,70021,219,220,3820,243,373,4901,9818,2521,3432,5341,3560,1078,7526,3414,4179,7964,7404,4008,2011,0.90905578679574,0.048227550060867604,0.012071466581136147,0.018231121932017817,0.01241407463023844,0.8347244192064615,0.008696412820830569,0.0035791606831750288,0.06205579408527296,0.0023326505470794485,0.013733480095930254,0.012107914245934263,0.003550002551336536,0.0165035026205871,0.008470437299082248,0.0024492830744334212,0.0011517462076204778,0.007850826997514269,0.002099385492371504,0.0031490782385572556,0.005131831203574787,0.006728238921732284,0.005685835708506156,0.5391994634903742,0.33127282535007985,0.09798590204325609,0.024798991128638388,0.006742817987651531,0.13640193656188856,0.24518358778080862,0.1602519244226732,0.10282629496865227,0.09458590994130332,0.07786235557904057,0.06970765913083218,0.03553219748361206,0.07764813413118922,0.0031276331386298397,0.0031419145684865968,0.05455506205281273,0.003470387455192014,0.005326973336570458,0.06999328772796733,0.14021507833364277,0.03600348466888505,0.04901386726839091,0.07627711686494051,0.05084189029005584,0.015395381385584325,0.10748204110195513,0.04875680153096928,0.059682095371388584,0.11373730737921481,0.10573970665943075,0.057239970865883096,4.614032648572158,3.9832612777645093,0.28432690620587275,-0.4752344270125733,8.803881,-13.376414
Gwynedd,W06000002,121874,117573,115072,570,153,1778,964,287,126,332,219,2170,461,220,176,905,408,289,195,70,24,878,700,178,53961,5549,8572,5060,4827,9016,6301,4219,3724,6693,61396,37383,16593,4998,1504,53961,1868,250,3150,581,584,5185,7812,1833,5300,1063,612,623,1977,1882,3465,6818,7922,3036,2011,0.9647094540262895,0.017805274299686563,0.0023713015081149383,0.007909808490736334,0.0072041616751727195,0.9441882600062359,0.004676961451991401,0.0012553949160608497,0.014588837652001247,0.0014441144132464677,0.007425701954477575,0.0037825951392421683,0.0018051430165580845,0.003347719776162266,0.0016000131283128477,0.0005743636870866633,0.0001969246927154274,0.0027241249158967457,0.001033854636755994,0.0023548911170553194,0.001796937821028275,0.005743636870866633,0.0014605248043060865,0.5037661847481826,0.30673482449086764,0.13614880942612861,0.04100956725798776,0.01234061407683345,0.10283352791831138,0.15885546969107317,0.0937714275124627,0.0894534941902485,0.16708363447675173,0.11676951872648765,0.07818609736661664,0.06901280554474527,0.12403402457330294,0.03461759418839532,0.004632975667611794,0.0583754934119086,0.010767035451529808,0.01082263115954115,0.09608791534626861,0.14477122366153333,0.03396897759492967,0.09821908415337002,0.019699412538685346,0.01134152443431367,0.01154537536368859,0.03663757157947407,0.03487704082578158,0.06421304275309946,0.12635051240710884,0.14680973295528252,0.05626285650747762,-2.815060196139989,1.1003644969685846,-3.7204102135082997,1.2440899973386044,-14.348595,9.480052
Hackney,E09000012,246270,134617,89030,5216,474,39897,15869,4989,2866,3020,4994,25867,7599,1905,6180,3436,6747,56858,27976,19168,9714,13059,1721,11338,118556,11427,29638,25881,10939,7544,8860,8167,3983,12117,128442,75699,26837,11183,4109,118556,53,68,3014,151,288,4458,13654,3828,7983,11247,5790,2459,17752,6893,4768,13475,12444,10231,2011,0.5466236244771998,0.10503512405083851,0.23087668006659356,0.06443740609899704,0.053027165306371055,0.36151378568238113,0.021180005684817475,0.0019247167742721403,0.1620051163357291,0.02509440857595322,0.013952166321517034,0.030856377147033744,0.00773541235229626,0.02739675965403825,0.11359889552117594,0.07783327242457465,0.039444512120842976,0.012262963414138954,0.011637633491696105,0.02025825313680107,0.020278556056360905,0.006988264912494417,0.04603890039387664,0.5215495188208065,0.30738214155195515,0.10897389044544606,0.04540950988752183,0.016684939294270517,0.09638483079726036,0.24999156516751578,0.21830189952427545,0.09226863254495765,0.06363237626100746,0.07473261581025001,0.0688872768986808,0.033595937784675595,0.10220486521137691,0.00044704612166402373,0.0005735686089274267,0.025422585107459764,0.0012736597051182564,0.0024292317554573365,0.037602483214683353,0.11516920273963359,0.032288538749620434,0.06733526772158305,0.09486656095009953,0.04883768008367354,0.020741253078713856,0.1497351462599953,0.05814130031377577,0.04021728128479368,0.11365936772495698,0.10496305543371909,0.08629677114612504,13.83511954445469,-4.236869728663825,-3.855928731066851,1.8510978286284654,17.117363,-15.878392
Halton,E06000006,125746,123041,121210,654,41,1136,1356,465,253,330,308,943,282,44,60,308,249,260,95,134,31,146,54,92,57577,4705,6864,6354,6818,6127,5466,7090,6235,7918,58684,39693,17504,7732,2133,57577,88,94,7218,469,918,4255,10757,3985,2670,2237,1359,672,2589,3065,3723,4413,6881,2184,2011,0.9784883813401619,0.007499244508771651,0.0020676602039031064,0.010783643217279277,0.001161070729884052,0.9639272819811365,0.00520096066674089,0.00032605410907702827,0.009034084583207418,0.00047715235474687066,0.002449382087700603,0.002242616067310292,0.0003499117268143718,0.0019801822721995134,0.0007554912283492119,0.0010656402589346778,0.00024652871661921653,0.002624337951107789,0.002011992429182638,0.0036979307492882476,0.002449382087700603,0.0004294371192721836,0.0007316336106118683,0.46668681309942267,0.3156601402827923,0.13920124695815375,0.06148903344838007,0.016962766211251253,0.0817166576931761,0.11921426958681418,0.1103565659898918,0.11841533945846432,0.10641401948694791,0.09493374090348576,0.12313944804348959,0.10828976848394324,0.1375201903537871,0.0015283880716258228,0.0016325963492366743,0.1253625579658544,0.008145613699914896,0.015943866474460288,0.07390103687236223,0.18682807370998836,0.0692116643798739,0.04637268353682894,0.038852319502579155,0.023603174878857876,0.011671327092415374,0.04496587178908244,0.05323306181287667,0.0646612362575334,0.07664518818278132,0.11950952637337826,0.03793181305034997,-3.6351813660281413,-2.346328434146605,0.5309712028185104,-2.5994290419336297,-3.847569,16.831528
Hambleton,E07000164,89140,87635,85867,306,132,1330,593,157,59,246,131,600,220,84,30,126,140,188,98,44,46,124,46,78,45255,5921,7766,6102,4813,6624,3808,2908,2598,4715,43384,30682,11235,2972,867,45255,2349,132,3703,177,253,3415,6768,1600,2602,890,926,585,2693,1557,5588,4136,5731,2150,2011,0.9831164460399372,0.006730984967466906,0.002109041956472964,0.006652456809513125,0.0013910702266098272,0.963282477002468,0.003432802333408122,0.0014808166928427192,0.014920350011218308,0.0003365492483733453,0.0014135068431680503,0.0024680278214045323,0.0009423378954453668,0.0015705631590756115,0.001099394211352928,0.0004936055642809064,0.0005160421808391295,0.0027597038366614316,0.0006618801884675791,0.0017612743998205072,0.0014695983845636079,0.0005160421808391295,0.0008750280457706978,0.48669508638097375,0.34420013461969934,0.1260376935158178,0.033340812205519404,0.009726273277989679,0.1308363716716385,0.17160534747541709,0.1348359297315214,0.10635288918351564,0.1463705667882002,0.08414539829853054,0.06425809302839465,0.057408021213125625,0.10418738260965639,0.05190586675505469,0.002916804772953265,0.08182521268368136,0.00391117003646006,0.005590542481493758,0.07546127499723787,0.14955253563142193,0.03535520936913048,0.057496409236548446,0.01966633521157883,0.02046182742238427,0.012926748425588332,0.05950723676941774,0.0344050381173351,0.1234780687216882,0.0913932162192023,0.12663794055905425,0.047508562589769085,-1.7034355766883598,3.513969289162679,-0.9876128682134074,1.6481864440874487,-8.566328,0.69816715
Hammersmith and Fulham,E09000013,182493,124222,81989,6321,217,35695,10044,2769,1495,2649,3131,16635,3451,1612,1056,3140,7376,21505,10552,7111,3842,10087,5228,4859,99618,14537,26933,22021,9597,5423,6501,5430,2517,6659,103036,53374,17188,6531,2364,99618,80,252,2338,244,191,3991,10590,3207,6813,9586,9840,2901,16072,5403,3025,8188,9346,7551,2011,0.6806946019847336,0.09115418125626737,0.11784013633399637,0.05503772747447847,0.05527335295052413,0.4492720268722636,0.03463694497871151,0.0011890867046955226,0.19559654342906302,0.0057865233187026355,0.017206139413566548,0.018910314368222342,0.00883321552059531,0.04041798863518053,0.05782139588915739,0.03896587814327125,0.02105286230156773,0.014515625256859167,0.00819209503926178,0.015173184724893558,0.01715682245346397,0.02864767415736494,0.02662567879315919,0.564602477903262,0.2924714920572296,0.09418443447145917,0.035787674047771695,0.01295392152027749,0.14592744283161677,0.27036278584191614,0.2210544279146339,0.09633801120279467,0.05443795298038507,0.06525929048967054,0.05450822140577004,0.02526651809913871,0.06684534923407416,0.0008030677186853781,0.002529663313858941,0.023469654078580177,0.0024493565419904033,0.0019173241783613402,0.0400630408159168,0.10630608926097693,0.0321929771728001,0.06839125459254351,0.09622758939147544,0.09877732939830151,0.029121243148828524,0.16133630468389246,0.054237186050713725,0.03036599811279086,0.08219398100744846,0.0938183862354193,0.07579955429741612,14.744588113226738,0.07377246405496866,-3.4630162206447093,0.4816779254988682,14.790077,-17.00152
Harborough,E07000131,85382,81316,79242,486,61,1527,971,308,92,384,187,2563,1849,132,44,226,312,327,179,111,37,205,35,170,44079,6735,8434,5856,4995,5227,3449,2864,2464,4055,43421,29261,9707,2345,648,44079,862,60,4548,286,232,3571,8035,1853,1893,1377,1500,595,3087,2096,2256,5119,4734,1975,2011,0.9523787215103886,0.030018036588508115,0.003829847040359795,0.011372420416481226,0.0024009744442622565,0.9280878873767304,0.005692066243470521,0.0007144362980487691,0.01788433159213886,0.000515331100231899,0.0026469279239183905,0.021655618280199573,0.001545993300695697,0.0036541659834625566,0.0020964606123070437,0.0013000398210395634,0.0004333466070131878,0.004497435056569301,0.0010775104823030615,0.003607317701623293,0.0021901571759855706,0.000409922466093556,0.0019910519781687007,0.5085498114356656,0.34270689372467267,0.11368906795343281,0.027464805228268253,0.0075894216579606944,0.15279384741033145,0.19133827899906986,0.13285237868372696,0.11331926767848635,0.1185825449760657,0.07824587672134123,0.06497425077701399,0.05589963474670478,0.0919939200072597,0.019555797545316365,0.0013611924045463827,0.1031783842646158,0.006488350461671091,0.005263277297579346,0.08101363461058554,0.1822863495088364,0.04203815876040745,0.04294562036343837,0.031239365684339482,0.03402981011365957,0.013498491345084962,0.07003334921391138,0.0475509879988203,0.05118083441094399,0.11613239864788222,0.10739808071870958,0.044805916649651764,0.2180212397864063,3.324099272978758,1.424712446327319,0.08705716368351861,0.17639272,-8.8989525
Haringey,E09000014,254926,154343,88424,6997,370,58552,16548,4856,2609,3738,5345,24150,5945,1920,4417,3744,8124,47830,23037,18087,6706,12055,2229,9826,124296,12571,29694,21564,11841,10908,9561,8543,4868,14746,126485,85567,28444,10650,3780,124296,53,65,3084,177,327,7783,14608,4551,10585,10208,5185,2445,14132,7807,5273,14246,13600,10167,2011,0.6054423636663189,0.09473337360645835,0.18762307493154876,0.06491295513207754,0.0472882326635965,0.3468614421439947,0.0274471807504923,0.0014514015832045378,0.2296823391886273,0.017326596737876874,0.014686614939237268,0.02332049300581345,0.007531597404737061,0.031868071518793686,0.09036740073589983,0.07095000117681209,0.02630567301883684,0.014663078697347466,0.010234342515082808,0.01904866510281415,0.02096686881683312,0.008743713862061932,0.03854451880153456,0.4961635925719621,0.3356542682974667,0.11157747738559425,0.041776829354400885,0.014827832390576088,0.10113760700263887,0.23889747055416102,0.17348909055802278,0.0952645298320139,0.08775825448928365,0.0769212203128017,0.0687310935186973,0.03916457488575658,0.11863615884662419,0.00042640149320975735,0.0005229452275214005,0.024811739718092297,0.0014240200810967368,0.0026308167599922764,0.06261665701229324,0.11752590590204029,0.03661421123769067,0.08515961897406192,0.0821265366544378,0.041714938533822486,0.019670785865997298,0.11369633777434511,0.06280974448091652,0.042422925918774536,0.11461350325030573,0.10941623221986227,0.08179667889553968,12.206920285876556,-4.496859802177288,-2.8632936958307345,3.1224520772387865,17.076155,-15.0617
Harlow,E07000073,81944,72999,68715,875,117,3292,1752,654,308,389,401,3733,1061,629,392,830,821,3090,2256,542,292,370,147,223,40401,3598,5000,4515,5176,5001,4153,3787,3726,5445,36969,29380,11203,3398,994,40401,67,6,3841,118,318,3873,8244,2724,1797,1369,1173,420,1811,2199,1876,3246,5610,1709,2011,0.8908400859123303,0.04555550131797325,0.03770867909792053,0.02138045494484038,0.004515278726935468,0.8385604803280289,0.010678024016401446,0.0014278043541931075,0.04017377721370692,0.004783754759347847,0.010128868495557943,0.012947866835887924,0.0076759738357902955,0.010019037391389242,0.02753099677828761,0.006614273162159523,0.0035634091574733963,0.004747144391291614,0.0037586644537733085,0.007981060236258908,0.004893585863516548,0.0017939080347554428,0.0027213706921800254,0.4511495655569657,0.3585375378307137,0.13671531777799473,0.04146734355169384,0.01213023528263204,0.08905720155441697,0.12375931288829485,0.11175465953813024,0.12811564070196282,0.1237840647508725,0.1027944852850177,0.09373530358159451,0.09222543996435732,0.1347738917353531,0.001658374792703151,0.00014851117546595382,0.0950719041607881,0.0029207197841637582,0.007871092299695553,0.09586396376327319,0.20405435509022055,0.06742407366154303,0.04447909705205317,0.03388529986881513,0.02903393480359397,0.010395782282616768,0.04482562312814039,0.05442934580827207,0.04643449419568822,0.08034454592708101,0.1388579490606668,0.042300933145219176,-1.316501338296089,-2.573369778664769,2.3169886874140366,0.02492310392078146,6.712596,0.9487332
Harrogate,E07000165,157869,152075,144717,771,107,6480,1776,411,265,626,474,2409,587,118,68,869,767,1147,624,148,375,462,129,333,81402,11721,14866,11670,8708,9525,7347,5986,3876,7703,79934,53313,18633,4698,1291,81402,1997,92,5371,292,421,5744,13712,2572,5364,2658,3498,1065,6870,3466,5381,7647,10442,4810,2011,0.9632986843522161,0.015259487296429317,0.007265517612704204,0.011249833722896832,0.002926477015753568,0.9166904205385478,0.004883796058757577,0.0006777771443411942,0.04104669061056952,0.0004307368767775814,0.005504563910584092,0.003718272745124122,0.0007474551685258031,0.00485845859541772,0.003952644281017806,0.000937486143574736,0.002375387188111662,0.003965313012687734,0.0016786069462655746,0.002603424358170382,0.003002489405773141,0.0008171331927104118,0.002109343823043156,0.5063311986520469,0.3377040457594588,0.11802823860289227,0.029758850692662903,0.008177666292939083,0.14398909117712094,0.1826245055404044,0.14336257094420285,0.10697525859315496,0.11701186703029409,0.09025576767155598,0.073536276749957,0.04761553770177637,0.09462912459153337,0.024532566767401294,0.0011301933613424731,0.06598117982359156,0.003587135451217415,0.005171863099186752,0.07056337682120832,0.168447949681826,0.03159627527579175,0.06589518685044593,0.03265276037443798,0.04297191715191273,0.013083216628584065,0.08439596078720425,0.04257880641753274,0.0661040269280853,0.09394118080636839,0.1282769465123707,0.05908945726149235,0.6808442664332169,3.0614737022189615,-0.6070399110084338,0.721462657731154,-0.8742658,-7.866446
Harrow,E09000015,239056,100991,73826,7336,181,19648,9499,2344,1053,3417,2685,101808,63051,7797,1378,2629,26953,19708,8526,6812,4370,7050,3708,3342,113900,13368,26446,14492,15464,10061,8358,10248,5862,9601,113731,86069,28329,8289,2638,113900,35,123,4923,307,395,9356,19927,6279,4967,7212,7137,2033,11262,5807,5322,10882,12431,5502,2011,0.4224574994980256,0.4258751087611271,0.0824409343417442,0.03973545947393079,0.029490997925172343,0.30882303727996785,0.030687370323271533,0.0007571447694264106,0.08218994712535975,0.005764339736296098,0.010997423197911787,0.26374991633759454,0.03261578876915869,0.11274764072016599,0.0356652834482297,0.02849541530018071,0.01828023559333378,0.01429372197309417,0.004404825647547018,0.00980523392008567,0.011231677933203935,0.01551100997255873,0.013979987952613614,0.4757504517769895,0.360036978783214,0.11850361421591593,0.03467388394351115,0.011035071280369454,0.11736611062335382,0.23218612818261633,0.12723441615452152,0.13576821773485515,0.08833187006145742,0.0733801580333626,0.08997366110623353,0.051466198419666376,0.08429323968393328,0.00030728709394205444,0.001079894644424934,0.04322212467076383,0.002695346795434592,0.0034679543459174714,0.0821422300263389,0.1749517120280948,0.05512730465320457,0.043608428446005265,0.06331870061457419,0.06266022827041265,0.01784899034240562,0.09887620719929763,0.05098331870061457,0.04672519754170325,0.09553994732221247,0.10913959613696225,0.04830553116769096,8.373913620754264,-4.054403650198456,3.1136243584715255,0.16715003782861054,15.625203,-11.090651
Hart,E07000089,91033,86355,82534,642,273,2906,1457,311,152,685,309,2448,880,141,136,435,856,506,266,178,62,267,100,167,48047,7371,10655,8096,5645,4595,3586,3177,1836,3086,50079,30120,8432,1891,511,48047,188,115,3350,188,278,3280,6818,2098,2120,4975,2212,611,4358,2496,4011,4537,4104,2308,2011,0.9486120417870443,0.026891347093911,0.0055584238682675514,0.016005184932936407,0.002933002317840783,0.9066382520624389,0.007052387595707052,0.002998912482286643,0.031922489646611665,0.0014939637274395,0.004778486922324871,0.009666824118726176,0.0015488888644777168,0.009403183460942734,0.0029220172904331396,0.001955334878560522,0.0006810716992738897,0.007524743774235717,0.001669724165961794,0.0034163435237770916,0.003394373468961805,0.0010985027407643382,0.0018344995770764449,0.5501191875473729,0.3308690255182187,0.092625751101249,0.020772686827853635,0.005613349005305768,0.1534122838054405,0.22176202468416342,0.1685016754427956,0.11748912523154412,0.09563552354985744,0.07463525298145565,0.06612275480258913,0.03821258351197786,0.06422877599017629,0.003912835348721044,0.0023934897079942556,0.06972339584157179,0.003912835348721044,0.005786001207151331,0.06826648906279269,0.1419027202530855,0.04366557745540824,0.044123462443024536,0.10354444606322975,0.04603825420941994,0.012716714883343394,0.09070285345599101,0.051949133140466626,0.08348075842404312,0.09442837221886903,0.08541636314442108,0.048036297791745584,3.6659950916899993,5.078592028992243,2.1700849653172174,-0.844285460052001,7.8071966,-13.700461
Hartlepool,E06000001,92028,89899,88924,193,40,742,550,180,54,173,143,1304,266,291,214,229,304,170,129,36,5,105,57,48,37767,3035,4921,3958,3853,5126,4359,3880,3879,4756,39816,30117,14607,5789,1699,37767,139,267,4410,666,539,3764,5657,1575,1938,645,789,588,1511,1603,2552,3641,5829,1654,2011,0.9768657365149737,0.014169600556352415,0.0018472638762115877,0.005976441952449255,0.0011409571000130395,0.9662711348719955,0.00209718781240492,0.00043465032381449125,0.008062763506758813,0.002325379232407528,0.0024883731038379624,0.0028904246533663666,0.003162081105750424,0.0033033424609901336,0.0014017472943017343,0.00039118529143304214,5.4331290476811406e-05,0.0018798626504976745,0.0005867779371495632,0.0019559264571652104,0.0015538749076368062,0.00061937671143565,0.0005215803885773895,0.43265093232494456,0.3272590950580258,0.15872343199895683,0.06290476811405224,0.018461772504020514,0.08036116186088384,0.13029893822649402,0.1048004871978182,0.10202028225699684,0.13572695739666904,0.11541822225752642,0.10273519209892235,0.1027087139566288,0.12593004474806047,0.0036804617788015995,0.007069663992374295,0.11676860751449679,0.017634442767495432,0.014271718696216273,0.09966372759287208,0.14978685095453703,0.04170307411232028,0.0513146397648741,0.017078401779331162,0.020891254269600444,0.015569147668599572,0.04000847300553393,0.04244446209653931,0.06757221913310563,0.09640691609076707,0.15434109142902533,0.04379484735350968,-5.117933336187049,-1.5220028043885967,-2.5075631621985295,-1.6375151399780967,-4.980314,18.934845
Hastings,E07000062,90254,84631,80624,702,150,3155,1948,595,277,585,491,2126,487,78,276,366,919,1065,639,303,123,484,161,323,40671,3954,5682,4520,4891,5406,5388,3703,2785,4342,36556,32707,14276,5159,1556,40671,142,27,2828,135,258,3978,6747,1694,2273,972,1345,563,1852,1626,2830,3834,7497,2070,2011,0.937698052163893,0.0235557426817648,0.011800031023555743,0.02158353092383717,0.0053626432069492766,0.8933011279278481,0.007778048618343785,0.0016619762005008088,0.03495689941720034,0.0030580362089214883,0.004055221929221973,0.0053958827309592925,0.0008642276242604206,0.010182374188401622,0.007080018614133446,0.003357191925011634,0.0013628204844106633,0.0064817071819531545,0.0030691160502581603,0.006592505595319875,0.005440202096305981,0.0017838544552042015,0.003578788751745075,0.40503467990338377,0.362388370598533,0.15817581492233032,0.05716090145589115,0.017240233119861722,0.09721914877922844,0.1397064247252342,0.11113569865506134,0.12025767746059846,0.1329202625949694,0.13247768680386515,0.0910476752477195,0.06847630990140395,0.10675911583191955,0.0034914312409333433,0.0006638636866563399,0.06953357429126404,0.0033193184332816995,0.006343586339160582,0.09780924983403408,0.16589215903223428,0.04165129945169777,0.055887487398883724,0.023899092719628236,0.03307024661306582,0.013842787243982198,0.04553613139583487,0.0399793464630818,0.06958274937916452,0.09426864350520027,0.1843328169949104,0.050896215976986056,-2.5166190107674367,-1.8107978686745614,-1.4556305710791613,-0.10664492355578428,-17.03215,2.9055302
Havant,E07000090,120684,117162,114919,532,64,1647,1514,404,215,588,307,1427,504,72,155,313,383,388,252,55,81,193,73,120,55555,5595,8036,6163,6341,7638,5565,5438,4538,6241,53474,43275,17188,5172,1575,55555,128,27,6457,873,546,5851,9228,2392,2718,2111,1413,670,2488,2980,3576,5008,6592,2497,2011,0.9708163468231082,0.011824268337144941,0.003215007788936396,0.012545159258890989,0.0015992177919193927,0.9522306188061384,0.004408206555964337,0.0005303105631235292,0.013647210897882072,0.0012843458950647973,0.00259355009777601,0.004176195684597792,0.0005965993835139703,0.00317357727619237,0.002088097842298896,0.00045573564018428294,0.0006711743064532166,0.004872228298697425,0.0017815120479931059,0.0033475854297172784,0.0025438334824831794,0.0006048854860627755,0.0009943323058566173,0.4430910476948063,0.3585810877995426,0.1424215306088628,0.042855722382420205,0.013050611514368102,0.1007110071100711,0.14464944649446496,0.1109351093510935,0.11413914139141391,0.13748537485374854,0.1001710017100171,0.0978849788497885,0.08168481684816849,0.1123391233912339,0.0023040230402304024,0.0004860048600486005,0.11622716227162272,0.015714157141571417,0.00982809828098281,0.1053190531905319,0.16610566105661057,0.043056430564305644,0.04892448924489245,0.03799837998379984,0.025434254342543424,0.012060120601206013,0.044784447844478444,0.05364053640536405,0.06436864368643687,0.09014490144901449,0.11865718657186572,0.044946449464494644,-2.9205862755879917,-0.31795089938951876,1.030764995759863,-0.5646032943612417,-12.753332,-0.5587579
Havering,E09000016,237232,207949,197615,2989,160,7185,4933,1970,712,1154,1097,11545,5017,1492,975,1459,2602,11481,7581,2885,1015,1324,311,1013,112846,11019,15960,14716,19862,14734,9509,9282,8353,9411,109131,84378,31492,9464,2767,112846,97,63,6095,437,842,12972,16473,7536,3777,3924,11209,1686,7428,5326,7086,10462,12080,5353,2011,0.8765638699669522,0.048665441424428406,0.048395663316921834,0.020793990692655293,0.0055810345990422875,0.8330031361704998,0.01259948067714305,0.0006744452687664396,0.03028680785054293,0.004109900856545491,0.006150097794563971,0.02114807445875767,0.0062892021312470495,0.010968166183314225,0.031956059890739866,0.012161091252444864,0.004278512173737101,0.0048644365009779455,0.003001281446010656,0.008304107371686787,0.004624165373979901,0.001310952991164767,0.004270081607877521,0.4600180414109395,0.3556771430498415,0.13274769002495448,0.039893437647534905,0.011663687866729614,0.09764634989277422,0.14143168566010314,0.13040781241692218,0.1760097832444216,0.13056732183683958,0.08426528188859153,0.0822536908707442,0.0740212324761179,0.08339684171348563,0.0008595785406660404,0.0005582829697109335,0.054011661910922854,0.00387253425021711,0.007461496198358826,0.11495312195381316,0.14597770412774932,0.06678127713875547,0.033470393279336444,0.03477305354199529,0.09933006043634687,0.014940715665597362,0.06582422061925101,0.04719706502667352,0.06279354164082024,0.09271041950977438,0.10704854403346153,0.047436329156549634,0.8108829098272401,-0.14528267328482788,2.895379815412224,-1.0737357580068814,-2.7537372,-13.844916
"Herefordshire, County of",E06000019,183477,180169,171922,709,363,7175,1270,407,146,415,302,1439,490,80,32,277,560,331,160,103,68,268,105,163,90237,10441,13066,9286,8783,14578,8910,6633,7668,10872,83874,64494,25517,7441,2151,90237,4893,124,11373,253,636,7865,15054,2781,4734,1935,1565,1446,4559,3995,4899,8323,11624,4178,2011,0.981970492214283,0.007842944892275326,0.0018040408334559644,0.006921848515072734,0.0014606735449129863,0.9370220790616808,0.003864244564713833,0.0019784496149381123,0.03910571897295029,0.00017440878148214763,0.0015097260147048403,0.0026706344664453856,0.00043602195370536905,0.0030521536759375834,0.0008720439074107381,0.0005613782653956627,0.0003706186606495637,0.002261863884846602,0.0007957400655122986,0.0022182616894760652,0.0016459828752377682,0.0005722788142382969,0.0008883947306746895,0.45713631681355155,0.3515099985284259,0.13907465240874878,0.04055549196902064,0.01172354028025311,0.11570641754490951,0.14479648037944523,0.1029067898977138,0.0973325797621818,0.16155235657213782,0.0987399847069384,0.07350643305960969,0.08497622926294092,0.12048272881412281,0.054223877123574585,0.0013741591586599732,0.12603477509225705,0.0028037279608143003,0.007048106652481798,0.08715936921661846,0.1668273546328003,0.03081884371155956,0.05246185046045414,0.021443532032314905,0.017343218413732726,0.016024468898567106,0.050522512938151756,0.04427230515198865,0.05429036869576781,0.09223489256070126,0.12881633919567362,0.046300298103882,-2.9636437103441384,1.420700567268199,-0.49119852614709886,2.6519752404802683,-8.149161,6.20608
Hertsmere,E07000098,100031,85063,75750,2130,154,7029,2619,678,385,862,694,7393,3723,454,232,918,2066,3927,2990,558,379,1029,200,829,49428,6790,9603,7224,6694,4767,4461,3486,2628,3775,51558,32887,11433,3208,945,49428,95,30,2221,165,221,3849,8195,2316,2097,2811,2850,1344,4591,2697,2236,5126,5517,3067,2011,0.8503663864202098,0.07390708880247124,0.03925783007267747,0.026181883616079017,0.010286811088562546,0.7572652477731903,0.02129339904629565,0.0015395227479481361,0.07026821685277564,0.0023192810228829064,0.009177155081924604,0.037218462276694224,0.004538593036158791,0.02065359738481071,0.029890733872499527,0.005578270736071818,0.0037888254641061272,0.008617328628125281,0.00384880686987034,0.0067778988513560795,0.006937849266727314,0.0019993801921404366,0.008287430896422109,0.5154202197318831,0.32876808189461265,0.11429456868370805,0.0320700582819326,0.009447071407863562,0.13737153030670876,0.19428259286234523,0.14615197863559115,0.13542931132151817,0.09644331148336975,0.09025248846807478,0.07052682689973294,0.05316824471959213,0.0763737153030671,0.0019219875374281783,0.0006069434328720563,0.04493404548029457,0.0033381888807963098,0.004471149955490815,0.07787084243748482,0.16579671441288338,0.046856033017722745,0.04242534595775674,0.056870599660111675,0.05765962612284535,0.027191065792668122,0.09288257667718702,0.054564214615197865,0.045237517196730595,0.10370640123007202,0.11161689730517116,0.06204985028728656,4.920510496770255,1.462237525264513,0.9670253049350205,-0.28993388881893967,4.2179832,-15.768303
High Peak,E07000037,90892,88954,87131,596,10,1217,944,348,113,284,199,711,148,78,10,228,247,184,87,82,15,99,33,66,45618,5177,8123,5330,4607,5744,4578,3206,4094,4759,43185,30980,12011,3696,1020,45618,436,466,6084,198,261,3478,6558,2148,2423,1241,1342,595,2961,1784,2195,5273,6027,2148,2011,0.978677991462395,0.007822470624477402,0.0020243805835497074,0.010385952559081106,0.0010892047704968535,0.9586212207895084,0.0065572327597588345,0.00011002068388857105,0.013389517229239097,0.00011002068388857105,0.0025084715926594198,0.0016283061215508516,0.0008581613343308542,0.002717510892047705,0.0009571799498305681,0.0009021696078862826,0.00016503102583285658,0.0031245874224354177,0.0012432337279408528,0.0038287197993222724,0.002189411609382564,0.00036306825683228447,0.0007261365136645689,0.4751243233727941,0.3408440786867931,0.1321458434185627,0.04066364476521586,0.011222109756634248,0.11348590468674646,0.17806567582971633,0.11683984392125915,0.10099083695032662,0.1259152089087641,0.10035512297777194,0.07027927572449472,0.08974527598754878,0.10432285501337192,0.009557630759787803,0.0102152659038099,0.13336840720768117,0.004340391950545837,0.00572142575299224,0.07624183436362839,0.1437590424832303,0.047086676311982115,0.053114998465517996,0.027204173791047392,0.029418212109255118,0.013043097023104916,0.06490858871498092,0.03910736989784734,0.048116971370950064,0.11559033714761717,0.1321189004340392,0.047086676311982115,-1.7733569370394564,1.6046309414679762,-1.4753111507899777,-0.0655557504208583,-2.7690482,6.6517596
Hillingdon,E09000017,273936,166031,142916,5949,344,16822,10479,2719,1409,3602,2749,69253,36795,9200,2639,2889,17730,20082,11275,4615,4192,8091,2925,5166,130290,13353,22237,16961,17313,13565,11542,11242,9716,14361,133627,96647,31492,9404,2766,130290,109,150,6978,445,720,10567,20635,14171,7540,7311,4864,1708,8266,7739,7256,12350,13392,6089,2011,0.6060941241749898,0.25280722504526604,0.07330909409497109,0.03825346066234449,0.029536096022428595,0.5217131008702762,0.021716751357981425,0.0012557677705741486,0.06140850417615794,0.009633637053910403,0.010546258980199754,0.13431969511126687,0.03358448688744816,0.06472314701244086,0.041159248875649784,0.016847000759301442,0.015302844460019858,0.013149056713976988,0.005143537176566789,0.009925676070322995,0.010035190701477717,0.010677676537585421,0.018858419484843174,0.4878037205770691,0.3528086852403481,0.11496115881081713,0.034329186379300276,0.010097248992465394,0.10248676030393737,0.1706731138230102,0.13017883183667203,0.13288049735206078,0.10411389976206924,0.0885869982347072,0.08628444239772814,0.07457210837362806,0.11022334791618697,0.0008365952874357203,0.0011512779184895234,0.05355744876813263,0.0034154578248522527,0.005526134008749712,0.0811036917645253,0.1583774656535421,0.10876506255276691,0.05787090336940671,0.056113285747179366,0.03733210530355361,0.01310921789853404,0.06344308849489601,0.05939826540793614,0.05569115051039988,0.0947885486223041,0.10278609256274465,0.04673420830455138,5.420109269449294,-4.065003029264845,3.453073619311848,0.8402947163147045,15.733298,-9.874106
Hinckley and Bosworth,E07000132,105078,101369,99440,451,86,1392,1027,364,81,390,192,2246,1390,158,81,269,348,262,133,110,19,174,74,100,53774,6390,8305,6536,6548,6814,4795,3868,4498,6020,48612,37653,13974,3812,1027,53774,529,144,7390,1217,410,4465,10032,2991,2281,1390,1568,523,2906,2128,2561,5294,5730,2215,2011,0.9647024115419022,0.0213745979177373,0.002493385865737833,0.009773691924094483,0.0016559127505281792,0.9463446201869088,0.004292049715449476,0.0008184396353185252,0.013247302004225433,0.0007708559355907041,0.0025600030453567825,0.013228268524334305,0.0015036449113991512,0.0033118255010563583,0.001265726412760045,0.0010468413940120673,0.0001808180589657207,0.0037115285787700566,0.0007708559355907041,0.003464093340185386,0.0018272140695483356,0.0007042387559717543,0.0009516739945564247,0.4626277622337692,0.3583338091703306,0.1329869239993148,0.03627781267249091,0.009773691924094483,0.11883066165805035,0.15444266746011084,0.12154572841893851,0.12176888459106631,0.12671551307323242,0.08916948711273107,0.07193067281585896,0.08364637185256815,0.11195001301744337,0.009837467921300257,0.0026778740655335294,0.13742700933536653,0.022631755123293785,0.007624502547699632,0.08303269237921672,0.18655855989883588,0.05562167590285268,0.042418269051958196,0.025848923271469485,0.029159073158031762,0.009725889835236359,0.054040986350280804,0.03957302785732882,0.04762524640160672,0.09844906460371183,0.10655707219102169,0.04119091010525533,-2.5721191364408056,1.1549076575796111,1.7287047983266972,-0.6802564724670295,0.50522417,4.740207
Horsham,E07000227,131301,126062,121020,904,234,3904,1774,364,260,725,425,2585,734,165,209,472,1005,651,440,155,56,229,75,154,66299,9358,12684,9836,7854,7385,6421,4561,2861,5339,66403,45684,14580,3560,1074,66299,799,94,5031,314,394,5081,10195,4047,2762,3222,4074,1194,5506,3738,2948,6390,6742,3768,2011,0.960099313790451,0.019687588061020098,0.004958073434322663,0.013510940510734877,0.001744084203471413,0.9216989969611808,0.0068849437551884605,0.001782164644595243,0.029733208429486447,0.0015917624389760931,0.00359479364208955,0.005590208756978241,0.0012566545570863892,0.007654168665889825,0.0033510788188970382,0.0011804936748387293,0.00042650094058689576,0.005521663962955347,0.001980182938439159,0.0027722561138148224,0.0032368374955255483,0.0005712066168574497,0.0011728775866139633,0.5057311063891364,0.3479333744602097,0.11104256631708821,0.027113274080166946,0.00817967875339868,0.1411484336113667,0.1913151027918973,0.14835819544789514,0.11846332523869138,0.11138931205598877,0.09684912291286445,0.06879440112218888,0.04315298873286173,0.08052911808624565,0.012051463822983756,0.0014178192732922064,0.0758834974886499,0.004736119700146307,0.005942774400820525,0.0766376566765713,0.1537730584171707,0.06104164467035702,0.04165975354077739,0.04859801806965414,0.06144889063183457,0.018009321407562708,0.08304800977390307,0.05638094088900285,0.044465225719844945,0.09638154421635318,0.10169082489931974,0.056833436401755685,1.7049221526337428,3.2141412332135784,1.7852019469714802,0.37385622661209045,3.4401226,-12.392116
Hounslow,E09000018,253957,130505,96264,4775,183,29283,10349,2273,1730,3390,2956,87257,48161,13676,2189,2405,20826,16813,10787,3381,2645,9033,3638,5395,127032,13071,23472,17382,14694,11217,10631,11266,8691,16608,124442,89064,28552,9085,2814,127032,70,280,5020,330,491,7396,18866,14758,10612,10537,5403,1928,9360,9027,5457,9356,11219,6922,2011,0.5138862090826399,0.3435896628169336,0.06620412117011935,0.04075099327838965,0.03556901365191745,0.3790562969321578,0.018802395681158622,0.0007205944313407388,0.1153069220379828,0.00861956945467146,0.009470107144122823,0.18964234102623673,0.053851636300633575,0.082006008891269,0.04247569470422158,0.013313277444606765,0.010415149021291006,0.013348716515000572,0.006812176864587312,0.008950334111680324,0.011639765787121443,0.01432525978807436,0.02124375386384309,0.4900120886606788,0.35070504061711233,0.11242848198710806,0.03577377272530389,0.011080616009796934,0.10289533345928585,0.18477234082750804,0.13683166446249764,0.11567164179104478,0.08830058567919895,0.08368757478430632,0.0886863152591473,0.06841583223124882,0.13073871150576233,0.000551042257069085,0.00220416902827634,0.03951760186409724,0.0025977706404685433,0.0038651678317274387,0.05822155047547075,0.14851376031236224,0.1161754518546508,0.08353800617167328,0.08294760375338497,0.04253259021348951,0.015177278166131368,0.0736822218023805,0.07106083506518043,0.042957679954657095,0.07365073367340512,0.08831632974368663,0.05449020719188866,7.592578558829454,-5.264032003143768,3.1283303025514724,1.8471032544399755,16.152592,-9.901136
Huntingdonshire,E07000011,169508,160691,151694,1130,208,7659,2530,707,356,769,698,4190,1119,998,351,575,1147,1642,862,427,353,455,132,323,88991,11009,14993,12421,10753,10245,7878,6505,6714,8473,82675,60470,19682,5239,1442,88991,1027,83,10891,270,905,6789,13947,3493,3792,3864,2518,1339,6306,4143,7087,7876,10006,4655,2011,0.9479847558817283,0.024718597352337352,0.00968685843735989,0.014925549236614202,0.0026842390919602616,0.894907614979824,0.006666352030582627,0.0012270807277532624,0.045183708143568445,0.0020706987280836304,0.003392170281048682,0.006601458338249522,0.005887627722585365,0.006766642282370154,0.0050853057082851545,0.00251905514783963,0.002082497581235104,0.004536659036741629,0.0021001958609623145,0.0041708945890459445,0.004117799749864313,0.0007787243079972626,0.0019055147839629988,0.4877350921490431,0.3567383250348066,0.11611251386365246,0.030907095830285298,0.00850697312221252,0.12370913912642852,0.16847771122922542,0.13957591217089368,0.12083244373026486,0.1151240013035026,0.08852580598038004,0.07309727950017418,0.07544583160094841,0.09521187535818229,0.011540492858828421,0.0009326785854749357,0.12238316234225934,0.003034014675641357,0.010169567709094178,0.07628861345529324,0.15672371363396298,0.039251160229686145,0.04261105055567417,0.043420121135845195,0.02829499612320347,0.015046465372902877,0.07086109831331258,0.04655526963400793,0.07963726668988999,0.0885033317975975,0.11243833646099044,0.052308660426335245,0.08986238119993936,2.053164086676653,1.335128588559043,0.18102162132869898,1.9032245,-7.191704
Hyndburn,E07000120,80734,70778,68834,436,97,1411,696,186,39,336,135,9007,279,7548,402,268,510,106,52,45,9,147,91,56,35993,3262,4308,3531,3865,5239,4465,3210,4193,3920,34759,27610,12225,4800,1340,35993,103,24,6079,126,256,2883,6633,1771,1701,716,661,369,1273,1442,1942,3558,5004,1452,2011,0.8766814477171947,0.11156390120643099,0.001312953650258875,0.008620903213020536,0.0018207942130948546,0.8526023732256546,0.005400450863328957,0.0012014764535387818,0.017477147174672383,0.004979314786830827,0.0033195431912205514,0.0034557930983228876,0.09349220898258478,0.006317041147471945,0.000644090469938316,0.0005573859836004657,0.00011147719672009314,0.004161815344216811,0.00048306785245373694,0.0023038620655485916,0.001672157950801397,0.001127158322392053,0.0006936358907028018,0.43053732008819084,0.34198726682686353,0.15142319221145986,0.05945450491738301,0.01659771595610276,0.09062873336482094,0.11968993971049927,0.09810240880171145,0.1073819909426833,0.14555608034895673,0.12405189898035729,0.08918400800155586,0.11649487400327842,0.10891006584613674,0.0028616675464673688,0.0006667963215069597,0.16889395160170034,0.0035006806879115384,0.007112494096074237,0.08009890812102353,0.184285833356486,0.04920401189120107,0.04725918928680577,0.019892756924957632,0.01836468202150418,0.010251993443169505,0.03536798821993165,0.04006334565054316,0.053954935681938154,0.09885255466340677,0.1390270330342011,0.04034117745117106,-4.173681689563519,-2.1861279616708083,-0.12716602757299952,-0.7915343088016008,7.6375136,11.558514
Ipswich,E07000202,133384,118596,110624,610,149,7213,4816,2579,655,637,945,5740,1801,242,1687,666,1344,3096,1025,1554,517,1136,151,985,65479,5197,9236,7132,7332,7722,6625,6794,6093,9348,60771,47800,18053,5233,1527,65479,251,31,5183,639,423,5269,11560,4917,3671,2670,4004,670,2449,3367,3517,5148,9005,2705,2011,0.8891321297906796,0.04303364721405866,0.023211179751694355,0.036106279613746774,0.008516763629820668,0.8293648413602831,0.004573262160379056,0.0011170755113057039,0.05407695075871169,0.012647693876326995,0.004993102621004018,0.013502369099742098,0.0018143105619864452,0.0100761710549991,0.007684579859653332,0.01165057278234271,0.0038760271096983144,0.004775685239608949,0.004910633959095544,0.01933515264199604,0.007084807773046243,0.001132069813470881,0.007384693816349787,0.4556093684399928,0.35836382174773584,0.1353460684939723,0.03923259161518623,0.011448149703112817,0.07936895798653003,0.1410528566410605,0.10892041723300601,0.11197483162540661,0.11793093969058782,0.10117747674827043,0.10375845690984896,0.0930527344644848,0.14276332870080483,0.003833290062462774,0.00047343423082209566,0.07915514897906199,0.009758853983719971,0.006460086439927305,0.08046854716779425,0.17654515188075567,0.07509277783716917,0.056063776172513326,0.04077643213854824,0.06114937613586035,0.010232288214542067,0.03740130423494555,0.05142106629606439,0.05371187709036485,0.07862062646039188,0.1375250080178378,0.041310954657218346,-0.5905494621031367,-3.1127641392220027,1.5578766643044017,-0.026063933801720233,6.734823,2.2804348
Isle of Anglesey,W06000001,69751,68520,67349,476,65,630,480,180,41,180,79,491,135,33,53,153,117,81,50,25,6,179,134,45,30431,2968,4656,3090,3012,5092,3542,2388,2294,3389,33492,21309,10541,3413,996,30431,932,62,2335,896,278,2687,4380,1597,2086,467,336,333,1091,978,2754,3401,4553,1265,2011,0.9823515075052688,0.007039325601066651,0.0011612736734957206,0.0068816217688635285,0.002566271451305358,0.9655632177316454,0.006824274920789666,0.0009318862812002695,0.009032128571633382,0.0007598457369786813,0.0021935169388252497,0.0019354561224928675,0.00047311149660936763,0.0016773953061604851,0.0007168356009232842,0.0003584178004616421,8.602027211079411e-05,0.0025806081633238235,0.0005878051927570931,0.0025806081633238235,0.0011326002494587892,0.0019211194104744019,0.0006451520408309559,0.4801651589224527,0.30550099640148526,0.1511232813866468,0.048931198119023384,0.014279365170391823,0.09753212184942986,0.15300187308994118,0.10154119154809241,0.09897801583911144,0.16732936807860405,0.11639446616936676,0.07847261016726365,0.07538365482567119,0.11136669843251946,0.03062666359961881,0.002037396076369492,0.07673096513423812,0.029443659426242975,0.009135421116624494,0.08829811705169072,0.14393217442739312,0.05247937958003352,0.06854851960172192,0.015346193026847622,0.011041372284841117,0.010942788603726463,0.03585159869869541,0.03213828004337682,0.09049981926325129,0.11176103315697808,0.14961716670500477,0.04156945220334527,-4.133797530172721,0.595287593091323,-2.8998507628664805,-0.8070861995836365,-15.433462,11.746107
Isle of Wight,E06000046,138265,134545,131099,747,94,2605,1709,507,123,738,341,1514,435,80,131,219,649,303,141,115,47,194,52,142,59299,6769,8644,6347,5712,9102,7183,5151,3467,6924,56420,50514,22378,6921,2032,59299,735,70,5335,227,351,5034,9379,2380,5393,1090,888,927,2568,2266,4047,5831,9277,3501,2011,0.9730951433840813,0.01094998734314541,0.0021914439662966043,0.012360322568979858,0.0014031027374968358,0.9481719885726684,0.005402668788196579,0.0006798539037355802,0.018840632119480706,0.0009474559722272448,0.0015839149459371496,0.003146132426861462,0.0005785990670090044,0.004693884931110549,0.0010197808556033704,0.0008317361588254439,0.0003399269518677901,0.005337576393158066,0.0008895960655263443,0.0036668715871695655,0.0024662785231258813,0.0003760893935558529,0.001027013343940983,0.40805699200810036,0.3653419158861606,0.16184862401909378,0.050056051784616494,0.014696416302028713,0.11415032293967858,0.1457697431659893,0.10703384542741025,0.09632540177743301,0.1534933135466028,0.12113189092564798,0.08686487124572084,0.05846641595979696,0.11676419501172026,0.012394812728713806,0.0011804583551156007,0.08996779035059613,0.003828057808732019,0.005919155466365369,0.08489181942359905,0.1581645558947031,0.04013558407393042,0.09094588441626335,0.018381422958228637,0.014974957419180762,0.015632641359888025,0.04330595794195518,0.03821312332417073,0.06824735661646908,0.09833218098112953,0.1564444594343918,0.059039781446567394,-3.2207159368648886,-0.23286457701117327,-2.3354608192191044,1.7178210336882902,-15.114049,4.5707884
Isles of Scilly,E06000053,2203,2177,2087,10,0,80,18,3,3,9,3,2,0,0,0,0,2,2,1,1,0,4,0,4,1311,261,121,118,110,258,143,56,71,173,1135,754,248,53,13,1311,75,5,40,6,11,95,134,131,313,7,13,28,22,78,78,107,105,63,2011,0.988197911938266,0.0009078529278256923,0.0009078529278256923,0.008170676350431231,0.0018157058556513845,0.9473445301861099,0.004539264639128461,0.0,0.03631411711302769,0.0,0.0,0.0,0.0,0.0009078529278256923,0.00045392646391284613,0.00045392646391284613,0.0,0.0040853381752156154,0.0013617793917385383,0.0013617793917385383,0.0013617793917385383,0.0,0.0018157058556513845,0.5152065365410804,0.34226055379028597,0.11257376305038584,0.024058102587380843,0.005901044030866999,0.19908466819221968,0.09229595728451563,0.09000762776506484,0.08390541571319603,0.19679633867276888,0.10907704042715484,0.04271548436308162,0.05415713196033562,0.13196033562166284,0.057208237986270026,0.0038138825324180014,0.03051106025934401,0.004576659038901602,0.008390541571319604,0.07246376811594203,0.10221205186880244,0.09992372234935164,0.2387490465293669,0.005339435545385202,0.009916094584286803,0.02135774218154081,0.016781083142639208,0.059496567505720827,0.059496567505720827,0.08161708619374523,0.08009153318077804,0.04805491990846682,-1.170087249090266,2.6437827947031165,-1.8857046561457713,8.541700523414704,-11.943589,7.8129115
Islington,E09000019,206125,140515,98322,8140,163,33890,13339,4236,1912,2964,4227,19034,3534,951,4662,4457,5430,26294,12622,7943,5729,6943,1893,5050,106765,12270,33384,23561,9682,5426,6140,6065,2892,7345,106386,63382,23113,9771,3473,106765,45,119,2175,206,259,3768,10146,3163,5996,10793,9644,1893,20470,4744,4499,10356,10319,8170,2011,0.6816979987871438,0.09234202546998181,0.12756337174044877,0.06471315949060036,0.033683444511825346,0.4770018192844148,0.03949060036385688,0.0007907822922983627,0.16441479684657367,0.022617343844754396,0.021622801697998788,0.017144936325045483,0.004613705275924803,0.026343238326258338,0.06123468768950879,0.038534869617950274,0.02779381443298969,0.014379624014554275,0.009275924802910855,0.02055063674954518,0.020506973923590053,0.00918374772589448,0.024499696785930867,0.5161237113402062,0.30749302607640994,0.11213098847786537,0.047403274711946636,0.016848999393571863,0.11492530323607925,0.3126867419098019,0.2206809347632651,0.09068514962768698,0.050821898562262914,0.05750948344494919,0.056807006041305674,0.027087528684493982,0.06879595373015501,0.00042148644218610966,0.0011145974804477124,0.020371844705661966,0.001929471268674191,0.002425888633915609,0.03529246475905025,0.09503114316489486,0.029625813702992554,0.056160726829953635,0.10109118156699293,0.09032922774317426,0.017730529667962347,0.19172949936777034,0.04443403737179787,0.04213927785322905,0.0969980798950967,0.0966515243759659,0.07652320517023369,13.97837459769002,-0.8201724291216649,-4.187614106507529,-0.6747882503491079,15.699405,-16.735764
Kensington and Chelsea,E09000020,158649,112017,62271,3715,119,45912,8986,1695,1148,3021,3122,15861,2577,911,836,3968,7569,10333,5536,3257,1540,11452,6455,4997,81387,18949,19025,20284,6300,2892,4919,3472,1476,4070,91764,45189,14464,5357,1875,81387,123,291,1878,196,122,2393,7804,2037,4097,6076,17494,2762,13599,3469,1865,4894,5476,6811,2011,0.7060681126259857,0.09997541743093244,0.06513120158336957,0.056640760420803155,0.07218450793890917,0.39250798933494696,0.023416472842564404,0.0007500835177026013,0.28939356693077173,0.005269494292431721,0.02501118822053716,0.016243405253105914,0.005742236005269494,0.04770909365958815,0.03489464163026555,0.020529596782835065,0.009706963170268958,0.019042036193105533,0.00723609981783686,0.010683962710133691,0.01967866169972707,0.040687303418237744,0.03149720452067142,0.5784089404912732,0.28483633681901555,0.09116981512647417,0.033766364742292734,0.011818542820944349,0.23282588128325163,0.2337596913511986,0.24922899234521484,0.07740793984297246,0.035533930480297835,0.06043962795040977,0.042660375735682605,0.018135574477496405,0.050007986533475865,0.0015112978731247006,0.003575509602270633,0.023074938257952746,0.002408247017336921,0.0014990108985464508,0.029402730165751286,0.09588754960865986,0.02502856721589443,0.050339734847088605,0.07465565753744456,0.21494833327189847,0.03393662378512539,0.16709056728961627,0.04262351481194786,0.022915207588435498,0.06013245358595353,0.06728347279049479,0.08368658385245802,17.084931409010128,2.7915360889220477,-4.344553269100791,0.5190637767510486,13.972921,-18.340872
Kettering,E07000153,93475,87740,83450,641,150,3499,1313,416,206,404,287,3023,1818,149,102,327,627,991,682,208,101,408,148,260,46918,5278,7093,5319,5016,6023,4588,3589,4384,5628,43038,33973,12039,3477,948,46918,228,15,6412,186,367,3798,9100,2573,1855,1309,1177,489,2423,2161,2094,4351,6499,1881,2011,0.9386466969778016,0.032340197913880715,0.010601765177855042,0.014046536507087457,0.004364803423375234,0.8927520727467237,0.006857448515645894,0.0016047071409467772,0.03743246857448516,0.0010912008558438084,0.0034982615672639744,0.01944905054827494,0.0015940090933404653,0.006707675849157529,0.00729606846750468,0.0022251939021128643,0.0010805028082374966,0.004322011232949986,0.0022037978069002406,0.004450387804225729,0.0030703396630115004,0.0015833110457341535,0.0027814923776410803,0.4604225728804493,0.3634447713292324,0.12879379513238834,0.0371971115271463,0.010141749130783632,0.11249413871008994,0.1511786521164585,0.11336800375122555,0.10690992795941856,0.1283729059209685,0.09778762948122256,0.07649516177160151,0.09343961805703568,0.1199539622319792,0.004859542179973571,0.0003197067223666823,0.13666396692101113,0.003964363357346861,0.00782215780723816,0.08094974210324396,0.1939554115691206,0.05484035977663157,0.03953706466601305,0.02789973997186581,0.025086320815039004,0.010422439149153842,0.051643292552964744,0.046059081802293365,0.04463105844238885,0.09273626326782898,0.13851826591073788,0.04009122298478196,-1.8813591673396148,-0.1377082426954678,1.8081578829715863,0.2988904929243054,-0.90440285,2.0741026
King's Lynn and West Norfolk,E07000146,147451,143409,135955,605,255,6594,1372,362,235,376,399,1863,668,134,51,386,624,561,319,118,124,246,74,172,67268,7047,8130,7219,6720,9987,6979,5295,7243,8648,60322,54681,23441,7077,1930,67268,2240,127,8613,226,577,6267,11699,2690,3898,881,1387,841,2530,2897,4682,5571,8879,3263,2011,0.9725875036452788,0.012634705766661466,0.0038046537493811503,0.00930478599670399,0.001668350841974622,0.9220351167506494,0.004103057965018888,0.001729388067900523,0.044719940861709995,0.00034587761358010455,0.002617818800821968,0.004530318546500193,0.0009087764748967453,0.004231914330862456,0.002163430563373595,0.0008002658510284773,0.0008409573349790778,0.0025499996609043003,0.0015937497880651877,0.0024550528650195656,0.0027059836827149357,0.00050186163539074,0.001166489206583882,0.40909861581135426,0.370841838983798,0.15897484588100455,0.047995605319733334,0.01308909400410984,0.10476006422072902,0.12085984420526848,0.10731700065410002,0.09989891181542487,0.1484658381399774,0.1037491823749777,0.07871499078313611,0.10767378248201225,0.12856038532437414,0.03329963727180829,0.0018879705060355593,0.12804007849200214,0.003359695546173515,0.008577629779389903,0.0931646548135815,0.1739162751977166,0.03998929654516263,0.05794731521674496,0.01309686626627817,0.020619016471427724,0.012502229886424451,0.037610751025747756,0.04306653981090563,0.06960218826187786,0.08281798180412678,0.13199441041802937,0.048507462686567165,-4.050452529303211,-0.47333246851243377,-0.18067325004504406,2.331308690017043,-4.521247,8.657384
"Kingston upon Hull, City of",E06000010,256406,241321,229920,550,284,10567,3454,871,821,945,817,6471,1086,882,755,2124,1624,2996,2472,236,288,2164,1134,1030,110903,7306,11612,10389,11021,15530,11576,12620,12531,18318,110555,89572,38102,14047,4130,110903,426,231,16851,879,707,9306,20353,5900,6959,2007,1148,1019,3540,6394,6328,9240,14899,4716,2011,0.9411675233808882,0.025237318939494397,0.011684593964259807,0.01347082361567202,0.008439740099685655,0.8967028852678954,0.002145035607591086,0.0011076183864652154,0.041211984118936375,0.0029445488795114,0.008283737510042667,0.004235470308807126,0.003439857101627887,0.0063337051395053155,0.009640960039936662,0.0009204152788936296,0.0011232186454295141,0.003685561180315593,0.0032019531524223304,0.003396956389476065,0.0031863528934580315,0.004422673416378712,0.004017066683306943,0.43117165744951363,0.3493365989875432,0.14860026676442828,0.05478420941787634,0.01610726738063852,0.0658773883483765,0.10470411079952752,0.09367645600209192,0.09937512961777409,0.14003228046130403,0.10437950280876081,0.11379313454099528,0.11299063145271093,0.1651713659684589,0.0038411945574060215,0.0020829012740863637,0.15194359034471566,0.007925845107887073,0.00637494026311281,0.0839111656131935,0.18352073433541022,0.053199642931210156,0.06274852799293076,0.01809689548524386,0.01035138815000496,0.009188209516424262,0.031919785758726095,0.05765398591561995,0.057058871265880995,0.08331605096345455,0.13434262373425426,0.04252364679043849,-3.844868866954126,-3.6817409166976898,-0.13261629446563072,0.12072459900010742,0.55573094,15.053187
Kingston upon Thames,E09000021,160060,119219,101015,2718,95,15391,6269,1238,700,2500,1831,26152,6325,3009,892,2883,13043,4021,2616,1027,378,4399,2439,1960,81957,10882,20651,13336,9397,6278,6185,6569,2737,5922,84332,53598,16425,4438,1267,81957,63,195,3026,301,264,4844,11922,3319,3966,6464,5076,1308,8805,4355,4608,9114,9004,5323,2011,0.7448394352117956,0.16338872922654005,0.025121829314007246,0.03916656253904786,0.02748344370860927,0.6311070848431838,0.016981132075471698,0.0005935274272147944,0.09615769086592528,0.005572910158690491,0.01801199550168687,0.039516431338248156,0.018799200299887544,0.08148819192802699,0.016343871048356867,0.006416343871048357,0.0023616143946020244,0.015619142821441959,0.0043733599900037485,0.007734599525178058,0.011439460202424092,0.015238035736598775,0.012245407972010496,0.5268774209671373,0.33486192677745846,0.10261776833687367,0.027727102336623767,0.007915781581906785,0.1327769440072233,0.2519735959100504,0.16271947484656588,0.11465768634771893,0.07660114450260502,0.07546640311382798,0.08015178691264932,0.03339556108691143,0.07225740327244774,0.000768695779494125,0.0023792964603389583,0.03692180045633686,0.003672657613138597,0.0032212013616896664,0.05910416437888161,0.14546652512903108,0.04049684590700001,0.048391229547201584,0.0788706272801591,0.0619349170906695,0.015959588564735165,0.10743438632453604,0.05313762094757007,0.056224605585856,0.11120465610015008,0.10986248886611272,0.06494869260709885,8.217753483293205,0.8592176949131533,0.0687791907672219,-0.9716171349487935,14.00634,-13.555955
Kirklees,E08000034,422458,334270,323890,2635,158,7587,9790,5167,641,2714,1268,67782,20797,41802,731,1452,3000,7905,2364,4626,915,2711,1214,1497,192397,20521,29941,22423,20707,23698,17826,16711,18843,21727,192366,147731,58042,19030,5289,192397,676,187,28916,734,1593,14814,33594,9426,9242,4653,7205,2160,9828,7934,9884,20326,23558,7667,2011,0.7912502544631655,0.16044671896377866,0.01871191929138518,0.023173901310899546,0.006417205970771059,0.7666797646156541,0.006237306430461727,0.00037400167590624395,0.0179591817411435,0.0017303495258700274,0.00343702805959409,0.049228562365963006,0.09894948136856208,0.007101297643789441,0.00559582254330608,0.01095020096672332,0.0021658957813557797,0.006424307268414848,0.001517310596556344,0.012230801641820015,0.0030014818041083375,0.0028736584465201276,0.0035435475242509315,0.4553494075150666,0.3496939340715527,0.13739117261360892,0.04504589805377102,0.012519587746000786,0.10665966725052886,0.15562092964027505,0.11654547628081519,0.1076264182913455,0.12317239873802606,0.0926521723311694,0.08685686367251048,0.09793811753821526,0.1129279562571142,0.0035135682988819993,0.0009719486270575945,0.1502934037433016,0.003815028300857082,0.008279754881832876,0.0769970425734289,0.17460771217846432,0.0489924479071919,0.048036092038857156,0.024184368779138966,0.03744860886604261,0.011226786280451359,0.05108187757605368,0.041237649235694944,0.051372942405546865,0.10564613793354366,0.1224447366642931,0.03984989370936137,-1.162902648561183,-1.6561449479131032,1.0496258061837782,-0.7477147171212287,8.248108,7.9455714
Knowsley,E08000011,145893,141858,140135,747,6,970,1913,683,517,375,338,1403,467,81,10,446,399,505,297,127,81,214,98,116,61691,4469,7199,6199,8239,7056,7327,6884,6540,7778,67153,43505,21420,10631,3184,61691,93,57,5977,256,576,5490,10059,4079,2922,1334,2237,918,2203,3202,4134,5136,10085,2933,2011,0.97234274434003,0.009616636850294394,0.0034614409190296997,0.013112349461591715,0.00146682842905417,0.9605327191846079,0.005120190824782546,4.1126030721144947e-05,0.0066487082999184335,6.854338453524158e-05,0.0030570349502717746,0.003200976057795782,0.0005552014147354568,0.0027348810429561393,0.002035738520696675,0.000870500983597568,0.0005552014147354568,0.0025703769200715594,0.00354369298047199,0.004681513163757,0.0023167663972911653,0.0006717251684453675,0.0007951032606088024,0.4602893901695078,0.2981979944205685,0.14681992967448745,0.07286847209941533,0.02182421363602092,0.07244168517287773,0.11669449352417695,0.10048467361527613,0.1335527062294338,0.11437648927720413,0.11876935047251624,0.11158840025287318,0.10601222220421132,0.12607997925143052,0.0015075132515277754,0.0009239597348073463,0.09688609359550016,0.004149713896678608,0.009336856267526868,0.08899191129986546,0.16305457846363328,0.06611985540840641,0.047365093773808174,0.02162389975847368,0.036261367136211115,0.014880614676370946,0.03571023325930849,0.0519038433483004,0.06701139550339595,0.08325363505211457,0.16347603378126468,0.047543401792806084,-3.611429650656861,-3.0819599414743837,-1.5887172383648311,-2.887915055409932,-5.603231,17.831936
Lambeth,E09000022,303086,173025,118250,7456,195,47124,23160,8302,4301,3574,6983,20938,4983,3072,2221,4573,6089,78542,35187,28886,14469,7421,1728,5693,166494,18152,42838,33620,16818,10691,12381,10128,5009,16857,160326,97286,31188,10729,3557,166494,66,214,3213,348,343,7299,16900,5660,12610,14489,11770,3326,23314,12403,9214,14825,17746,12754,2011,0.5708775727021373,0.06908270259926226,0.2591409698897343,0.07641395511504985,0.024484799693816277,0.3901532898253301,0.024600278468817433,0.0006433817464350052,0.1554806226615548,0.007327953122216136,0.015088126802293739,0.01644087816659298,0.010135737051529928,0.02009000745662947,0.1160957615990181,0.09530628270523878,0.04773892558547739,0.011792032624403634,0.014190691750856193,0.027391565430273917,0.02303966530951611,0.0057013520914855845,0.01878344760233069,0.5289785737381469,0.32098480299320986,0.1029014867067433,0.03539919362821113,0.011735942933688789,0.10902494984804258,0.257294557161219,0.2019291986498012,0.10101264910447223,0.06421252417504535,0.0743630401095535,0.06083102093769145,0.030085168234290725,0.10124689177988395,0.0003964106814659988,0.0012853316035412688,0.019297992720458394,0.0020901654113661752,0.002060134299133903,0.04383941763667159,0.1015051593450815,0.033995219046932625,0.07573846504979158,0.08702415702667964,0.07069323819476978,0.019976695856907756,0.14002907011664084,0.07449517700337549,0.05534133362163201,0.08904224776868837,0.10658642353478204,0.07660336108208103,14.152569170456324,-4.16060158389017,-2.4266498851981884,2.48773093125763,17.924511,-15.920908
Lancaster,E07000121,138375,132342,126624,840,331,4547,1356,373,179,480,324,3732,1212,413,309,1231,567,628,472,109,47,317,164,153,62832,5815,11379,6764,6095,7712,7580,5572,4357,7558,64577,46831,18960,6215,1792,62832,984,189,3788,1636,558,4501,9569,2981,4615,1420,1260,578,2489,2555,3316,9173,10112,3108,2011,0.9564010840108401,0.026970189701897018,0.004538392050587173,0.009799457994579945,0.0022908762420957543,0.9150785907859078,0.006070460704607046,0.002392050587172538,0.03285998193315266,0.002233062330623306,0.008896115627822944,0.00875880758807588,0.002984643179765131,0.004097560975609756,0.0034110207768744353,0.0007877145438121047,0.0003396567299006323,0.0034688346883468835,0.0012935862691960253,0.0026955736224028907,0.0023414634146341463,0.0011851851851851852,0.0011056910569105691,0.4666811201445348,0.3384354110207769,0.1370189701897019,0.04491418247515808,0.012950316169828365,0.09254838298955946,0.18110198624904508,0.10765215176979882,0.09700471097529921,0.12274000509294627,0.12063916475681181,0.08868092691622104,0.0693436465495289,0.12028902470078941,0.01566080977845684,0.0030080213903743314,0.06028775146422205,0.026037687802393683,0.008880825057295646,0.07163547237076649,0.15229500891265596,0.04744397759103641,0.07344983447924625,0.022599949070537306,0.020053475935828877,0.0091991341991342,0.03961357270180799,0.04066399286987522,0.05277565571683219,0.14599248790425262,0.1609371021135727,0.04946524064171123,-2.4594052808499294,0.0035889132593477416,-2.2523159746829307,-0.9797740357758394,-15.533044,11.784335
Leeds,E08000035,751485,639487,609714,7031,687,22055,19632,8813,2493,4906,3420,58243,16130,22492,4432,5933,9256,25893,14894,6728,4271,8230,3791,4439,355225,33735,65784,46626,42777,36027,32353,33516,23312,41095,361295,254023,95515,31504,9148,355225,740,246,29611,2867,2286,25313,56612,15389,21623,12815,20741,4605,24366,18683,17527,37153,47811,16837,2011,0.8509644237742603,0.07750387565952747,0.03445577756043035,0.026124273937603543,0.01095164906817834,0.8113455358390387,0.009356141506483829,0.0009141899039900996,0.029348556524747667,0.005897655974503816,0.007895034498359915,0.021464167614789385,0.029930071791186782,0.012316945780687571,0.019819424206737327,0.008952939845772038,0.005683413507920983,0.0065284070873004784,0.0033174314856583963,0.01172744632294723,0.004550989041697439,0.005044678203823097,0.005906970864355243,0.48077473269592874,0.3380280378184528,0.12710167202272832,0.041922327125624596,0.012173230337265547,0.094967978042086,0.18518966851995214,0.1312576535998311,0.12042226757688788,0.10142022661693292,0.09107748610035893,0.09435146737982969,0.0656260116827363,0.11568724048138504,0.002083186712646914,0.0006925188260961362,0.08335843479484834,0.008070940952917166,0.006435357871771412,0.07125906115842072,0.15936941375184743,0.04332183827151805,0.060871278766978676,0.036075726652121894,0.0583883454148779,0.01296361461045816,0.06859314518966853,0.05259483425997607,0.04934055880076008,0.10459004856077134,0.1345935674572454,0.0473981279470758,1.3094910601746232,-1.1603519279821985,0.04995908746556024,-1.2957818629358988,10.430433,-2.6972628
Leicester,E06000016,329839,166636,148629,2524,417,15066,11580,4691,1161,3388,2340,122470,93335,8067,3642,4245,13181,20585,12480,4790,3315,8568,3311,5257,137494,9556,19628,12808,13883,12636,13388,14859,17406,23330,148108,117551,44278,14972,4930,137494,162,101,20584,2024,676,7082,26042,7502,8258,3064,4000,1369,5043,7479,6289,13919,18488,5412,2011,0.5052040540991211,0.37130236266784705,0.062409236021210346,0.035108037557717554,0.025976309654103972,0.450610752518653,0.00765221820342652,0.0012642531659385337,0.04567683021110299,0.011041750672297696,0.012869915322323922,0.282971389071638,0.02445738678567422,0.03996192081591322,0.03783664151298057,0.014522236606344307,0.010050357901885465,0.010271678000479022,0.0035198991022892985,0.014222090171265375,0.007094370283683858,0.010038230773195407,0.015938078880908566,0.449031194006773,0.35638902616124835,0.13424125103459567,0.04539184268688663,0.014946686110496333,0.06950121459845521,0.1427553202321556,0.09315315577407014,0.10097167876416425,0.09190219209565509,0.0973715216664,0.10807017033470552,0.1265946150377471,0.16968013149664712,0.001178233231995578,0.0007345775088367492,0.14970835090985787,0.014720642355302778,0.004916578177956856,0.051507702154275824,0.18940462856561013,0.05456238090389399,0.06006080265320669,0.02228460878292871,0.02909217856779205,0.009956798114826828,0.03667796412934383,0.054395100877129184,0.04574017775321105,0.10123350837127439,0.13446404934033485,0.039361717602222644,1.3386412705251778,-7.282732399795111,1.6205798124691466,-0.45625905069088274,11.229173,5.3624573
Lewes,E07000063,97502,94159,90218,757,97,3087,1275,325,155,460,335,1400,360,64,153,316,507,416,248,123,45,252,97,155,45532,5294,8202,6162,4843,5863,4975,3446,2630,4117,43719,34634,13900,4066,1183,45532,386,20,2771,151,444,3947,6657,2203,2267,1577,2111,748,2957,2048,2799,5359,6267,2820,2011,0.9657135238251523,0.01435867982195237,0.004266579147094419,0.01307665483784948,0.0025845623679514266,0.9252938401263564,0.007763943303727103,0.0009948513876638428,0.03166088900740498,0.0015691985805419376,0.0032409591598121065,0.003692231954216324,0.0006563967918606797,0.005199893335521322,0.0025435375684601342,0.001261512584357244,0.0004615289942770405,0.004717851941498636,0.0015897109802875838,0.0033332649586675146,0.003435826957395746,0.0009948513876638428,0.0015897109802875838,0.44839080223995403,0.355213226395356,0.1425611782322414,0.04170170868289881,0.012133084449549752,0.11626987613107265,0.18013704647281034,0.13533339190020205,0.10636475445840288,0.128766581744707,0.10926381446015988,0.07568303610647456,0.057761574277431255,0.09041992444873935,0.008477554247562155,0.0004392515154177282,0.06085829746112624,0.003316348941403848,0.009751383642273567,0.08668628656768866,0.14620486690679083,0.04838355442326276,0.04978915927259949,0.03463498199068787,0.04636299745234121,0.016428006676623034,0.06494333655451111,0.04497935517877537,0.06147324958271106,0.11769744355618027,0.13763946235614513,0.061934463673899674,-0.662887099806547,1.4786302829279436,-0.7324169942365266,0.22460021967324398,-6.691829,-3.6730084
Lewisham,E09000023,275885,147686,114446,5206,208,27826,20472,8539,3559,3045,5329,25534,4600,1596,1388,6164,11786,74942,32025,30854,12063,7251,1456,5795,136057,13137,30809,22475,16031,11032,12823,10372,5550,13828,135428,93850,32289,10755,3563,136057,42,100,2906,328,440,7484,15527,5618,9818,8883,8564,2562,12784,8259,8599,15733,17374,11036,2011,0.535317251753448,0.09255305652717617,0.27164216974463995,0.074204831723363,0.026282690251372854,0.41483226706779996,0.018870181416169782,0.0007539373289595303,0.1008608659405187,0.005031081791326096,0.022342642767819925,0.016673614005835766,0.005785019120285626,0.042720698841908766,0.1160809757688892,0.11183645359479494,0.043724740380955834,0.011037207532123892,0.012900302662341193,0.03095130217300687,0.019316019355891043,0.005277561302716712,0.021005128948656145,0.4908856951265926,0.3401779727060188,0.1170378962248763,0.0389836344853834,0.012914801457128876,0.09655512028047068,0.22644185892677335,0.16518811968513197,0.11782561720455398,0.08108366346457735,0.09424726401434692,0.07623275538928537,0.040791726996773414,0.10163387403808698,0.00030869415024585285,0.0007349860720139354,0.02135869525272496,0.002410754316205708,0.0032339387168613155,0.05500635762952292,0.11412128740160374,0.041291517525742887,0.07216093255032817,0.06528881277699787,0.06294420720727342,0.018830343164997022,0.0939606194462615,0.06070249968763092,0.0632014523324783,0.11563535870995245,0.12769648015170112,0.0811130629074579,11.568968744364323,-5.831375514782855,-2.4568751811644494,2.2443580801177054,18.384117,-14.942903
Lichfield,E07000194,100654,97399,95263,598,13,1525,1034,482,99,281,172,1623,877,157,107,225,257,481,113,298,70,117,10,107,49016,6852,9043,6158,5720,5756,3804,3479,3227,4977,47225,35014,13259,3959,1197,49016,550,51,5694,251,429,4319,8364,2312,2349,1432,1537,688,3150,2089,2819,5063,5576,2343,2011,0.9676614938303495,0.016124545472609136,0.004778746994654957,0.01027281578476762,0.0011623979176187732,0.9464402805651042,0.005941144912273729,0.0001291553241798637,0.015150913028791702,0.0010630476682496474,0.0022353806108053333,0.008713016869672343,0.001559798915095277,0.002553301408786536,0.0011226578178711228,0.0029606374311999524,0.0006954517455838815,0.002791742007272438,0.0009835674687543466,0.004788682019591869,0.0017088242891489657,9.935024936912591e-05,0.0010630476682496474,0.46918155264569716,0.34786496314105747,0.13172849563852404,0.039332763725236954,0.011892224849484372,0.13979108862412273,0.18449077852129916,0.12563244654806593,0.11669658886894076,0.11743104292475927,0.0776073118981557,0.07097682389423862,0.06583564550350905,0.10153827321690877,0.011220825852782765,0.00104047657907622,0.11616614982862739,0.005120776889179043,0.008752244165170557,0.08811408519667048,0.17063815896850007,0.04716827158478864,0.047923127142157664,0.029214950220336218,0.0313571078831402,0.014036233066753712,0.06426472988411946,0.04261873673902399,0.057511832870899296,0.10329280235025298,0.11375877264566672,0.04780071813285458,-1.1775522099558966,1.9987597215832458,0.6509917444848567,-0.31714181283247506,-2.2634704,-0.69132566
Lincoln,E07000138,93541,89379,83653,719,80,4927,1230,367,189,372,302,1794,522,139,139,452,542,778,504,165,109,360,175,185,44599,3304,6005,4838,4210,4929,4779,5356,4462,6716,41329,34216,13005,3907,1084,44599,333,56,4835,231,592,3447,8567,1826,3197,1101,547,430,1623,2109,3344,3969,6362,2030,2011,0.9555061416918784,0.01917875583968527,0.008317208496808885,0.013149314204466491,0.003848579767160924,0.8942923423953133,0.007686469034968623,0.0008552399482579831,0.052672090313338533,0.0014859794100982456,0.004832105707657605,0.00558044066238334,0.0014859794100982456,0.005794250649447836,0.005388011674025294,0.0017639323932820902,0.001165264429501502,0.003976865759399622,0.002020504377759485,0.003923413262633498,0.0032285308046738864,0.0018708373868143381,0.001977742380346586,0.4418276477694273,0.36578612586993936,0.13902994408868838,0.04176778097304925,0.011588501298895671,0.07408237852866656,0.13464427453530348,0.10847776855983318,0.0943967353528106,0.11051817305320748,0.10715486894324985,0.12009237875288684,0.1000470862575394,0.15058633601650262,0.0074665351241059216,0.001255633534384179,0.10841050247763402,0.005179488329334739,0.01327384022063275,0.07728872844682616,0.19208950873337968,0.040942622031884125,0.07168322159689679,0.024686652167088947,0.012264848987645464,0.009641471781878517,0.03639095046974147,0.047288055786004174,0.07497925962465526,0.08899302674947869,0.14264893831700262,0.045516715621426486,-3.264112494573355,-2.2039118289366595,0.036131300680736236,0.1464574370749419,1.569405,14.5361185
Liverpool,E08000012,466415,414671,395485,6729,185,12272,11756,3473,3164,2283,2836,19403,4915,1999,1075,7978,3436,12308,8490,1467,2351,8277,5629,2648,196630,15005,34400,22029,24977,17627,20742,20772,14601,26477,217977,142132,65422,31162,9722,196630,159,120,12330,581,1171,12708,30032,10918,14598,5447,7178,3219,9635,10013,13872,21362,32804,10483,2011,0.8890601717354716,0.041600291585819495,0.026388516664343987,0.025205021279332784,0.017745998735032107,0.8479251310528177,0.014427066024891995,0.0003966424750490443,0.02631133218271282,0.002304814382041744,0.017104938734817707,0.010537825756032718,0.004285882743908322,0.007366829969019007,0.01820267358468317,0.0031452676264699894,0.005040575453190828,0.004894782543443071,0.0067836583300279795,0.007446158464028816,0.006080421941832917,0.012068651308384165,0.005677347426647942,0.46734560423657046,0.30473290953335547,0.14026564325761393,0.06681174490528821,0.02084409806717194,0.0763108376137924,0.1749478716370849,0.11203275186899253,0.12702537761277527,0.08964552713217719,0.10548746376443066,0.10564003458271881,0.07425621726084525,0.13465391852718303,0.0008086253369272237,0.0006102832731526217,0.06270660631643188,0.0029547881808472767,0.005955347607181,0.06462899862686264,0.15273356049432946,0.055525606469002696,0.07424096017901642,0.027701774907186085,0.036505111122412656,0.016370848802319076,0.04900066114021258,0.05092305345064334,0.07054874637644307,0.10864059400905253,0.16683110410415503,0.05331332960382444,0.6738819337609564,-3.481206440527465,-3.3686687292738045,-2.5943887469442983,12.963147,-0.27922004
Luton,E06000032,203201,111079,90530,6126,198,14225,8281,3831,915,1805,1730,60952,10625,29353,13606,1497,5871,19909,9169,8177,2563,2980,1646,1334,89201,7104,12054,8746,10129,9926,9092,8124,9433,14593,94607,73300,25277,7571,2446,89201,98,14,8241,193,511,7231,15850,8987,5477,2933,2348,1297,4194,5625,3895,8915,9608,3784,2011,0.5466459318605715,0.29995915374432214,0.0979768800350392,0.04075275220102263,0.014665282159044493,0.4455194610262745,0.0301474894316465,0.0009744046535204059,0.07000457674913017,0.06695833189797294,0.00736708972888913,0.05228812850330461,0.14445302926658826,0.028892574347567188,0.04512280943499294,0.04024094369614323,0.012613126903903033,0.008882830301031984,0.004502930595813997,0.0188532536749327,0.00851373762924395,0.008100353836841354,0.0065649283222031386,0.46558333866467194,0.3607265712275038,0.12439407286381465,0.03725867490809592,0.0120373423359137,0.07964036277620207,0.13513301420387663,0.09804822815887715,0.11355253864866986,0.11127677940830259,0.10192710844048833,0.09107521216129864,0.10574993553883925,0.16359682066344547,0.0010986423919014362,0.00015694891312877657,0.09238685664958914,0.0021636528738467058,0.005728635329200345,0.08106411363101311,0.17768859093507922,0.10074999159202251,0.06140065694330781,0.032880797300478694,0.026322574859026244,0.014540195737715944,0.04701741011872064,0.06305983116781202,0.043665429759756055,0.09994282575307452,0.10771179695294895,0.0424210490913779,3.18805487854043,-6.833163969147817,3.059231943799227,1.525962217861991,14.94106,3.1262932
Maidstone,E07000110,155143,145996,138235,955,838,5968,2345,625,319,841,560,4943,1226,340,381,461,2535,1380,867,356,157,479,140,339,78090,9474,12799,10976,9750,9332,6609,5957,4943,8250,74636,54384,19291,5323,1509,78090,1066,61,5163,456,688,8308,12733,3798,3600,2579,3775,1073,4890,4178,6204,6951,9039,3528,2011,0.9410414907536917,0.03186092830485423,0.008895019433683763,0.015115087371006104,0.0030874741367641467,0.891016674938605,0.006155611274759416,0.005401468322773184,0.03846773621755413,0.0024557988436474734,0.0029714521441508803,0.007902386830214705,0.002191526527139478,0.016339763959701693,0.005588392644205668,0.002294657187240159,0.0010119696022379352,0.005420805321542061,0.0020561675357573337,0.0040285414101828634,0.0036095731035238458,0.0009023932758809614,0.0021850808608831853,0.4810787467046531,0.35054111368221574,0.12434334775014019,0.034310281482245415,0.009726510380745505,0.12132155205532079,0.16390062748111153,0.14055576898450506,0.12485593545908567,0.1195031374055577,0.08463311563580483,0.07628377513125881,0.0632987578435139,0.10564733000384172,0.013650915610193366,0.0007811499551799206,0.06611601997694967,0.00583941605839416,0.00881034703547189,0.10639006274811115,0.1630554488410808,0.04863618901267768,0.04610065309258548,0.03302599564604943,0.04834165706236394,0.013740555768984504,0.06262005378409527,0.05350236906133948,0.07944679216288897,0.08901267767960046,0.11575105647330004,0.04517864003073377,-0.09781366153431234,1.7471498435288406,2.553292187784502,0.7795711939502248,-7.3978524,-9.120067
Maldon,E07000074,61629,60429,59011,358,201,859,506,152,56,174,124,484,117,7,90,104,166,150,59,61,30,60,8,52,30292,4100,4530,3931,3775,4474,2593,1954,2230,2705,28471,21961,8269,2260,668,30292,436,32,3296,213,386,3507,4752,1379,1149,734,1765,430,2037,1376,1442,2759,3109,1490,2011,0.9805286472277661,0.00785344561813432,0.0024339190965292313,0.008210420418958607,0.0009735676386116926,0.9575199987019098,0.005808953577049765,0.00326145158934917,0.013938243359457399,0.0014603514579175389,0.0016875172402602671,0.0018984568952928004,0.00011358289117136413,0.0026935371334923493,0.0009573415113014977,0.0009897937659218874,0.0004867838193058463,0.0028233461519739083,0.0009086631293709131,0.0024663713511496213,0.002012039786464165,0.00012980901848155902,0.0008437586201301336,0.46197407064855833,0.3563419818591897,0.13417384672800142,0.03667104772104042,0.010839053043210176,0.1353492671332365,0.14954443417403934,0.12977023636603724,0.12462036181169946,0.14769576125709757,0.0856001584576786,0.06450547999471808,0.07361679651393108,0.08929750429156214,0.014393239139046613,0.0010563845239667238,0.10880760596857256,0.007031559487653506,0.012742638320348608,0.11577314142347815,0.1568731018090585,0.04552357057969101,0.037930806813680176,0.02423082001848673,0.05826620890003961,0.014195167040802852,0.06724547735375677,0.045424534530569126,0.047603327611250495,0.09108015317575598,0.10263435890664202,0.04918790439720058,-1.8164386046611998,2.5958617899082492,2.1521716510518103,0.8974164500551758,-6.2421055,-6.4720025
Malvern Hills,E07000235,74631,72841,71019,366,131,1325,639,192,78,235,134,902,268,43,30,336,225,151,95,41,15,98,11,87,34361,4733,7006,4021,3436,4802,3153,2287,1902,3021,34011,26171,10494,2939,1016,34361,977,31,3714,171,247,2736,5109,953,1676,1226,773,571,2806,1481,1887,3980,4316,1707,2011,0.9760153287507872,0.012086130428374269,0.0020232879098497944,0.008562125658238533,0.0013131272527501976,0.9516018812557784,0.004904128311291555,0.001755302756227305,0.017754016427489916,0.000401977730433734,0.00450215058085782,0.003591001058541357,0.000576168080288352,0.003014832978253005,0.0012729294797068243,0.000549369564926103,0.000200988865216867,0.0031488255550642494,0.0010451420991277084,0.0025726574747758973,0.0017955005292706785,0.0001473918344923691,0.0011657354182578285,0.4557221529927242,0.3506719727727084,0.14061181010572013,0.039380418324824806,0.013613645804022457,0.13774337184598817,0.20389394953581094,0.11702220540729315,0.09999708972381478,0.13975146241378306,0.09176100811967056,0.06655801635575216,0.05535345304269375,0.08791944355519339,0.02843339832950147,0.0009021856174150927,0.10808765751869852,0.00497657227670906,0.0071883821774686414,0.07962515642734495,0.14868601030237769,0.027734932045051074,0.048776228864119205,0.035679986030674314,0.022496434911673118,0.016617677017548967,0.08166234975699194,0.04310119030295975,0.05491691161491225,0.11582899217135706,0.12560752015366258,0.049678414481534296,-1.050352174102302,2.8055198808683492,-1.059800935082839,0.7606104896501911,-3.6194632,-3.8680234
Manchester,E08000003,503127,335109,298237,11843,509,24520,23161,8877,4397,4791,5096,85986,11417,42904,6437,13539,11689,43484,25718,9642,8124,15387,9503,5884,213705,15977,42788,26590,22286,16083,20847,24065,13372,31697,245334,159452,62651,27014,8676,213705,138,66,11132,838,938,9962,33550,11444,19694,8843,9028,3343,15942,14362,8452,24250,30461,11262,2011,0.666052507617361,0.1709031715650323,0.08642748252429307,0.04603410272157924,0.030582735571734375,0.5927668362063654,0.02353878841723859,0.001011672997076285,0.04873520999668076,0.012793986408998126,0.026909706694333638,0.02269208370848712,0.0852746920757582,0.023232702677455194,0.05111631854382691,0.01916414742202267,0.016147016558443493,0.009522446618845739,0.008739344141737573,0.017643656571799962,0.01012865538919597,0.018887875228322075,0.0116948603434123,0.4876184343118139,0.31692196999962235,0.12452323170889258,0.053692208925380666,0.01724415505429047,0.0747619381858169,0.20021992934184973,0.12442385531456915,0.10428394281837113,0.07525794904190355,0.09755036147960974,0.11260850237476895,0.06257223743010225,0.1483212840130086,0.0006457499824524462,0.00030883694812943076,0.052090498584497325,0.003921293371703985,0.0043892281415970616,0.04661566177674832,0.1569921152991273,0.053550455066563724,0.09215507358274257,0.04137947170164479,0.04224515102594698,0.015643059357525562,0.07459816101635432,0.06720479165204371,0.03954984675136286,0.11347418169907116,0.14253761025713016,0.052698813785358324,5.670782149118902,-6.027193059447285,-2.393527247070838,-1.1147755116715794,13.992669,1.5138222
Mansfield,E07000174,104466,101522,97408,447,2,3665,1106,571,105,224,206,1289,521,132,192,206,238,398,152,192,54,151,42,109,48361,4384,5349,4941,5086,6443,5287,4619,4882,7370,43295,35895,16922,6476,1878,48361,186,491,5958,395,372,4707,9191,2431,2862,773,897,495,1582,2099,2999,3925,6898,2100,2011,0.971818582122413,0.01233894281392989,0.0038098520092661728,0.010587176689066299,0.0014454463653246032,0.9324373480366818,0.0042789041410602495,1.9144984971186798e-05,0.03508318495969981,0.0018379185572339326,0.00197193345203224,0.004987268584994161,0.0012635690080983286,0.002278253211571229,0.0014550188578101966,0.0018379185572339326,0.0005169145942220436,0.0021442383167729214,0.001005111710987307,0.00546589320927383,0.00197193345203224,0.00040204468439492273,0.0010434016809296805,0.4144410621637662,0.34360461777037504,0.1619857178412115,0.06199146133670285,0.017977140887944405,0.0906515580736544,0.11060565331568827,0.10216910320299415,0.10516738694402514,0.13322718719629453,0.10932362854366122,0.09551084551601496,0.10094911188767809,0.15239552531998926,0.0038460743160811397,0.010152809081698062,0.12319844502801844,0.008167738466946507,0.007692148632162279,0.09733049357953723,0.19004983354355784,0.05026777775480242,0.05917991770228077,0.01598395401253076,0.01854800355658485,0.01023552035731271,0.03271230950559335,0.04340274187878663,0.06201277889208246,0.08116043919687352,0.14263559479746077,0.043423419697690285,-4.987284476294215,-2.4151762746914223,-1.504955020836531,-0.1047392590401777,-1.3626316,17.977114
Medway,E06000035,263925,236579,225654,1946,510,8469,5176,1730,735,1546,1165,13615,7132,1516,1304,1065,2598,6663,4742,1428,493,1892,517,1375,126689,11924,16404,15265,16223,16564,12171,11670,10870,15598,120662,95679,34307,10388,2889,126689,446,83,9603,966,1523,13857,22022,7672,5639,3398,6336,1591,5988,6408,9688,11215,14754,5500,2011,0.8963872312209908,0.05158662498815952,0.02524580846831486,0.019611632092450506,0.007168703230084304,0.8549928957090083,0.007373306810646964,0.001932367149758454,0.03208866155157715,0.004940797575068675,0.004035237283319125,0.027022828455053518,0.005744056076536895,0.0098437055981813,0.01796722553755802,0.005410628019323672,0.0018679549114331722,0.005857724732405039,0.0027848820687695367,0.006554892488396325,0.004414132802879606,0.0019588898361276876,0.005209813393956616,0.4571829118120678,0.3625234441602728,0.1299876858956143,0.039359666571942786,0.010946291560102302,0.09412024721956919,0.12948243336043383,0.12049191326792381,0.12805373789358193,0.13074536857975042,0.09606990346438918,0.09211533755890408,0.08580066146232111,0.12312039719312648,0.0035204319238450062,0.0006551476450204832,0.07579979319435784,0.007624971386623937,0.01202156461886983,0.10937808333793779,0.17382724624868773,0.060557743766230694,0.04451057313578922,0.026821586720236167,0.05001223468493713,0.012558312087079384,0.04726535058292354,0.0505805555336296,0.07647072752961978,0.08852386552897253,0.11645841391123143,0.043413398164007924,-1.378027641202517,-1.0269958897393172,2.470237438832038,0.10645616384951634,3.727959,-1.3553888
Melton,E07000133,50376,49319,47861,264,3,1191,414,151,45,142,76,518,277,4,0,103,134,95,39,38,18,30,3,27,26184,3248,3935,3190,2583,3563,2564,1640,2530,2931,24349,17892,6295,1449,391,26184,660,48,4390,129,210,1970,3998,1098,1302,598,605,266,1622,1053,1539,2584,2619,1493,2011,0.9790177862474194,0.010282674289344132,0.0018858186437986342,0.008218199142448784,0.0005955216769890424,0.9500754327457519,0.005240590757503573,5.955216769890424e-05,0.023642210576464984,0.0,0.0020446244243290455,0.005498650150865492,7.940289026520565e-05,0.0026599968238843895,0.0007741781800857552,0.0007543274575194537,0.00035731300619342544,0.002818802604414801,0.0008932825154835636,0.002997459107511513,0.0015086549150389074,5.955216769890424e-05,0.0005359695092901381,0.4833452437668731,0.3551691281562649,0.1249602985548674,0.02876369699857075,0.007761632523423853,0.12404521845401772,0.15028261533761075,0.12183012526733883,0.09864802933088909,0.13607546593339445,0.09792239535594256,0.06263366941643751,0.09662389245340666,0.11193858845096243,0.025206232813932174,0.0018331805682859762,0.16765963947448823,0.004926672777268561,0.008020164986251146,0.07523678582340361,0.1526886648334861,0.0419340054995417,0.049725022914757104,0.02283837457989612,0.023105713412771157,0.01015887564925145,0.061946226703330276,0.040215398716773605,0.05877635197066911,0.09868622059272839,0.10002291475710358,0.057019553926061714,-1.934129137310668,2.309335131716148,0.46121468871296756,1.44180133976147,-2.5499284,3.412786
Mendip,E07000187,109279,107057,102987,596,246,3228,996,266,144,354,232,929,227,21,69,256,356,210,124,57,29,87,25,62,53845,6298,8545,5786,5231,8080,5426,4177,4254,6048,51153,38270,14619,4137,1100,53845,1444,428,5511,116,445,4734,9297,2089,3372,1876,1068,702,3147,2183,2559,6214,5871,2789,2011,0.9796667246222971,0.00850117588923764,0.0019216866918621144,0.009114285452831742,0.0007961273437714474,0.9424226063562076,0.005453929849284858,0.002251118696181334,0.029539069720623357,0.0006314113416118376,0.002342627586270006,0.002077251805012857,0.00019216866918621143,0.003257716487156727,0.0011347102370995342,0.0005216006735054311,0.00026537578125714913,0.0032394147091389927,0.0013177280172768785,0.002434136476358678,0.002123006250057193,0.00022877222522168028,0.0005673551185497671,0.46809542547058447,0.3502045223693482,0.13377684642062976,0.037857227829683655,0.010065977909753932,0.11696536354350451,0.15869625777695237,0.10745658835546476,0.097149224626242,0.1500603584362522,0.10077073080137432,0.0775745194539883,0.07900455009750208,0.11232240690871947,0.02681771752251834,0.007948741758751973,0.10234933605720123,0.0021543318785402546,0.008264462809917356,0.08791902683628935,0.17266227133438575,0.03879654564026372,0.0626241990899805,0.03484074658742688,0.019834710743801654,0.013037422230476367,0.05844553811867397,0.04054229733494289,0.04752530411365958,0.11540533011421673,0.10903519361129167,0.05179682421766181,-2.174986770843835,1.8043052709681713,-0.4795898525454491,1.9809437255298306,-6.771174,7.498964
Merthyr Tydfil,W06000024,58802,57391,55635,122,62,1572,462,154,46,151,111,696,168,50,45,120,313,143,118,10,15,110,32,78,25099,1785,3183,2471,2741,3232,2758,2528,2563,3838,25948,16961,9324,4908,1661,25099,38,94,3435,149,311,2314,3966,882,1221,567,523,304,715,1176,2163,2083,4211,947,2011,0.976004217543621,0.011836332097547702,0.0024318900717662665,0.00785687561647563,0.0018706846705894358,0.9461412877113023,0.002074759361926465,0.0010543859052413182,0.026733784565150846,0.0007652800925138601,0.0020407469133702934,0.002857045678718411,0.000850311213904289,0.005322948199040849,0.002006734464814122,0.0001700622427808578,0.0002550933641712867,0.0025679398659909525,0.0007822863167919458,0.00261895853882521,0.0018876908948675215,0.000544199176898745,0.0013264854936906908,0.4412775075677698,0.2884425699806129,0.1585660351688718,0.083466548756845,0.02824733852590048,0.0711183712498506,0.1268178015060361,0.09845013745567552,0.10920753814893024,0.12877007052073788,0.10988485597035738,0.10072114426869597,0.1021156221363401,0.15291445874337622,0.001514004542013626,0.003745169130244233,0.13685804215307382,0.005936491493685007,0.012390931909637835,0.09219490816367186,0.15801426351647477,0.03514084226463206,0.048647356468385194,0.022590541455834893,0.020837483565082273,0.012112036336109008,0.02848719072473007,0.046854456352842744,0.08617873222040719,0.08299135423722061,0.16777560858998367,0.03773058687597115,-5.196199763562786,-3.181907106580047,-3.6155417930074982,-2.959455409381198,-7.0966063,20.252932
Merton,E09000024,199693,129606,96658,4417,216,28315,9334,2579,1279,2829,2647,36143,8106,7337,2216,2618,15866,20811,10442,8126,2243,3799,1413,2386,104822,12572,25598,15995,12300,9416,8113,7563,4594,8671,103891,67098,21025,5930,1749,104822,33,244,3212,292,348,7578,13717,4583,5575,7208,7909,1906,11764,6540,5351,9696,12278,6588,2011,0.6490262553018884,0.1809928239848167,0.10421496997891763,0.04674174858407656,0.019024202150300713,0.4840329906406334,0.022118952592229072,0.001081660348635155,0.1417926517203908,0.011097033947108812,0.013110124040402018,0.040592309194613735,0.03674139804600061,0.07945195875669152,0.052290265557630965,0.04069246293059847,0.011232241490688206,0.014166745955040989,0.006404831416223904,0.01291482425523178,0.013255346957579885,0.007075861447321639,0.011948340702979073,0.5202535892595134,0.33600576885519273,0.10528661495395432,0.029695582719474395,0.008758444211865214,0.1199366545190895,0.2442044608956135,0.1525920131270153,0.11734177939745473,0.08982847112247429,0.07739787449199595,0.07215088435633742,0.043826677605846104,0.08272118448417316,0.0003148194081395127,0.002327755623819427,0.0306424223922459,0.0027856747629314456,0.003319913758562134,0.07229398408730991,0.1308599339833241,0.04372173780313293,0.053185400011447975,0.06876419072332143,0.07545171815076987,0.01818320581557307,0.11222834901070386,0.06239148270401251,0.05104844402892523,0.09249966610062774,0.11713189979202838,0.06284940184312454,9.265059958791669,-1.3758882333916647,0.49279583956861384,0.7054137718203971,14.787366,-13.361298
Mid Devon,E07000042,77750,76696,74554,278,88,1776,484,132,69,169,114,428,116,7,18,167,120,94,64,17,13,48,4,44,38508,4245,5685,3906,3912,6574,3751,3049,3115,4271,36263,27554,10398,2785,750,38508,2338,48,3957,269,320,3451,6445,1814,1631,772,740,520,2365,1492,2012,3768,4748,1818,2011,0.986443729903537,0.005504823151125402,0.0012090032154340835,0.00622508038585209,0.000617363344051447,0.9588938906752411,0.00357556270096463,0.0011318327974276527,0.022842443729903537,0.0002315112540192926,0.002147909967845659,0.0014919614147909969,9.003215434083602e-05,0.0015434083601286173,0.0008231511254019292,0.00021864951768488746,0.0001672025723472669,0.0021736334405144694,0.000887459807073955,0.001697749196141479,0.0014662379421221865,5.144694533762058e-05,0.0005659163987138264,0.46640514469453376,0.35439228295819936,0.1337363344051447,0.035819935691318326,0.00964630225080386,0.11023683390464319,0.14763166095356808,0.10143346837020879,0.10158928014957931,0.1707177729303002,0.09740833073647034,0.07917835255011946,0.08089228212319519,0.11091201828191545,0.060714656694712786,0.0012464942349641633,0.10275786849485821,0.006985561441778332,0.008309961566427755,0.08961774176794432,0.16736781967383402,0.04710709462968734,0.04235483535888646,0.02004778227900696,0.019216786122364184,0.013503687545445103,0.06141580970188013,0.03874519580346941,0.05224888334891451,0.09784979744468682,0.12329905474187182,0.04721096914926769,-3.1431041289728587,1.8691518454536655,0.07430432634084468,2.307729599184657,-7.8996415,6.0068254
Mid Suffolk,E07000203,96731,94667,92747,345,76,1499,953,311,120,298,224,647,170,17,38,158,264,371,164,126,81,93,7,86,48570,6123,7379,6414,5395,6973,4379,3323,3747,4837,46319,34155,12432,3020,805,48570,1661,41,4823,355,321,4717,7904,2618,1826,1471,1658,619,2925,2035,3505,4480,5454,2157,2011,0.978662476351945,0.006688652035024966,0.0038353785239478556,0.009852063971219155,0.0009614291178629395,0.9588136171444521,0.0035665918888463885,0.0007856840102965958,0.01549658330834996,0.0003928420051482979,0.001633395705616607,0.0017574510756634377,0.0001757451075663438,0.0027292181410302797,0.0016954233906400222,0.0013025813854917244,0.0008373737478161086,0.0030807083561629673,0.001240553700468309,0.003215101673713701,0.002315700240874177,7.236563252731803e-05,0.0008890634853356215,0.4788433904332634,0.35309259699579243,0.12852136336851683,0.031220601461785777,0.008322047740641573,0.12606547251389746,0.15192505661931233,0.1320568252007412,0.11107679637636401,0.14356598723491867,0.0901585340745316,0.06841671813876879,0.07714638665843113,0.0995882231830348,0.03419806464896026,0.0008441424747786699,0.09929997941115914,0.007309038501132386,0.006609017912291538,0.09711756228124356,0.16273419806464895,0.053901585340745316,0.0375952233889232,0.030286184887790817,0.034136298126415485,0.01274449248507309,0.06022235948116121,0.041898291126209596,0.07216388717315216,0.09223800700020589,0.11229153798641137,0.04441012970969734,-1.7416606465712579,2.485528394962489,1.2912257870003518,1.098049252578927,-3.1293871,0.38120872
Mid Sussex,E07000228,139860,133018,126341,1235,142,5300,1967,378,277,805,507,3761,1410,154,399,525,1273,788,487,201,100,326,87,239,72229,9618,14062,10997,8784,7413,7698,4905,3091,5661,72448,47524,14938,3864,1086,72229,459,85,4124,390,377,5509,9702,4673,3173,3593,5583,1012,5588,4108,3222,7269,9393,3969,2011,0.9510796510796511,0.026891176891176892,0.005634205634205634,0.014064064064064064,0.002330902330902331,0.9033390533390533,0.008830258830258831,0.0010153010153010154,0.0378950378950379,0.002852852852852853,0.0037537537537537537,0.010081510081510082,0.0011011011011011012,0.009101959101959102,0.003482053482053482,0.0014371514371514372,0.000715000715000715,0.005755755755755756,0.0019805519805519804,0.002702702702702703,0.0036250536250536252,0.000622050622050622,0.0017088517088517088,0.518003718003718,0.3397969397969398,0.1068068068068068,0.02762762762762763,0.007764907764907765,0.1331598111561838,0.19468634481994768,0.15225186559415194,0.12161320245330823,0.10263190685181853,0.10657769040136233,0.06790901161583297,0.042794445444350605,0.07837572166304393,0.006354788242949508,0.0011768126375832422,0.05709618020462695,0.005399493278323111,0.005219510169045674,0.07627130376995389,0.13432277893920724,0.06469700535795872,0.04392972351825444,0.049744562433371636,0.0772958230073793,0.014010992814520484,0.07736504728017832,0.0568746625316701,0.04460812139168478,0.10063824779520691,0.13004471888022817,0.05495022774785751,2.0420698899576286,2.8274973196203166,1.2003109322156458,-0.5590480396009281,4.069031,-13.144384
Middlesbrough,E06000002,138412,122055,119106,574,85,2290,2362,541,452,904,465,10768,1477,6811,244,904,1332,1731,1470,92,169,1496,950,546,54547,3884,7247,5177,5541,6437,6646,6077,5483,8055,62855,45295,19719,8001,2542,54547,82,387,4430,490,380,4620,9124,3002,3705,1266,1358,702,2253,2628,3197,5362,9116,2445,2011,0.8818238303037309,0.07779672282750051,0.012506141086033004,0.017064994364650463,0.010808311418085137,0.8605178741727596,0.004147039274051383,0.0006141086033002919,0.01654480825361963,0.0017628529318267203,0.006531225616276046,0.010671040083229777,0.04920816114209751,0.009623443054070457,0.010620466433546224,0.0006646822529838453,0.0012209923995029333,0.006531225616276046,0.003265612808138023,0.003908620639828916,0.003359535300407479,0.006863566742767968,0.003944744675317169,0.4541152501228217,0.32724763748807906,0.14246597115857007,0.05780568158830159,0.018365459642227553,0.07120464920160595,0.13285790235943315,0.0949089775789686,0.1015821218398812,0.11800832309751223,0.1218398812033659,0.11140851009221406,0.10051881863347205,0.14767081599354684,0.0015032907400956972,0.007094798980695547,0.08121436559297486,0.008983078812766972,0.006966469283370304,0.08469760023466001,0.16726859405650174,0.055035107338625405,0.06792307551286048,0.023209342401965278,0.024895961281097036,0.012869635360331456,0.041303829724824465,0.04817863493867674,0.058610006049828585,0.09830054815113572,0.16712193154527288,0.04482372999431683,-2.747569336238965,-3.503173629478789,-2.2126118525378655,-1.1841366601382792,-4.867464,15.377453
Milton Keynes,E06000042,248821,199094,183934,2498,72,12590,8235,2243,1597,2228,2167,22782,8106,3851,1989,2722,6114,17131,13058,2524,1549,1579,565,1014,127783,13871,23219,17189,16037,11298,10035,11910,8484,15740,124826,86778,26929,7955,2333,127783,276,74,10225,272,611,7339,26365,8348,5762,8212,6704,1523,8459,6933,5742,13401,11945,5592,2011,0.8001495050658908,0.09155979599792621,0.06884869042403977,0.0330960811185551,0.0063459273935881615,0.7392221717620298,0.010039345553630924,0.00028936464365949817,0.05059862310657059,0.007993698281093638,0.010939591111682696,0.0325776361319985,0.015476989482398994,0.024571880990752387,0.052479493290357324,0.010143838341619076,0.006225358792063371,0.008954228139907806,0.006418268554503036,0.0090145124406702,0.008709071983474063,0.002270708662050229,0.004075218731537933,0.5016698751311184,0.3487567367706102,0.10822639568203649,0.03197077417099039,0.009376218245244573,0.10855121573292222,0.18170648677836646,0.13451711103980968,0.1255018273166227,0.08841551693104717,0.07853157305744896,0.09320488640899025,0.066393808253054,0.12317757448173858,0.002159911725346877,0.0005791067669408293,0.08001846881040514,0.002128608656863589,0.004781543710822254,0.057433304899712795,0.20632635014047251,0.06532950392462221,0.04509207015017647,0.06426519959619041,0.05246394277799081,0.011918643325011934,0.06619816407503346,0.05425604344865906,0.04493555480776003,0.10487310518613586,0.09347878825821901,0.043761689739636726,3.4687305189437767,-1.3723077396000463,2.610541966820367,-0.7163722479340829,12.0179,-7.663314
Mole Valley,E07000210,85375,81168,76907,798,128,3335,1257,276,117,518,346,2177,707,152,206,358,754,399,207,131,61,374,148,226,42422,6422,9518,6613,5045,4505,3678,2326,1495,2820,43926,28801,9607,2437,604,42422,322,177,2102,134,204,3493,5379,1611,1806,2565,2801,909,4935,2497,2049,4463,4380,2595,2011,0.950723279648609,0.025499267935578333,0.0046734992679355785,0.014723279648609077,0.004380673499267936,0.9008140556368961,0.009346998535871157,0.0014992679355783308,0.039062957540263545,0.0024128843338213765,0.004193265007320644,0.008281112737920936,0.0017803806734992679,0.008831625183016105,0.002424597364568082,0.001534407027818448,0.0007144948755490483,0.006067349926793558,0.001370424597364568,0.003232796486090776,0.004052708638360176,0.0017335285505124451,0.0026471449487554905,0.514506588579795,0.33734699853587113,0.11252708638360176,0.028544655929721816,0.0070746705710102486,0.15138371599641695,0.22436471642072509,0.15588609683654708,0.1189241431332799,0.10619489887322615,0.0867002970156994,0.05483004101645373,0.03524114846070435,0.06647494224694733,0.007590401206920937,0.00417236339635095,0.049549761915986985,0.0031587383904577815,0.004808825609353637,0.08233935222290321,0.1267974164348687,0.037975578709160344,0.042572250247513085,0.06046391023525529,0.06602706143038989,0.021427561171090473,0.11633114893215785,0.058860968365470744,0.04830041016453727,0.10520484654188864,0.10324831455376927,0.06117109047192495,3.517347937093473,4.607089767706028,0.48261334389513527,0.1663436473993098,6.116693,-14.703696
Monmouthshire,W06000021,91323,89526,87762,395,6,1363,624,174,51,232,167,900,245,54,40,193,368,144,80,45,19,129,69,60,42817,5464,8697,4985,4199,5545,3706,2946,2491,4784,42365,30742,12800,4173,1243,42817,1216,40,4041,241,343,3249,6916,1512,2410,1356,1359,664,2695,1615,3138,4409,5636,1977,2011,0.9803225912420749,0.009855129594954173,0.0015768207351926679,0.006832889852501561,0.001412568575276765,0.9610065372359646,0.0043253068777854425,6.570086396636115e-05,0.014925046264358376,0.00043800575977574107,0.0021133777909179505,0.002682785278626414,0.0005913077756972504,0.004029652989936817,0.0008760115195514821,0.0004927564797477087,0.000208052735893477,0.0025404334066992983,0.0005584573437140698,0.0019053250550244735,0.001828674047063719,0.0007555599356131533,0.0006570086396636116,0.46390285032248174,0.33662932667564577,0.14016184312823712,0.04569495088860419,0.013611028985031153,0.1276128640493262,0.2031202559730948,0.11642571875656865,0.09806852418431931,0.1295046360090618,0.08655440596024944,0.06880444683186585,0.05817782656421515,0.11173132167129879,0.028399934605413738,0.0009342083751780834,0.09437840110236588,0.005628605460447953,0.008010836817152065,0.07588107527383983,0.16152462806829063,0.03531307658173156,0.05628605460447953,0.03166966391853703,0.03173972954667539,0.015507859027956185,0.06294228927762337,0.03771866314781512,0.07328864703272064,0.10297311815400426,0.13162996006259195,0.04617324894317677,-1.7276866347836686,2.107901758388361,-1.6451657729312168,0.045500842611734385,-6.376601,3.1480482
Neath Port Talbot,W06000012,139812,137087,135450,474,125,1038,910,384,75,262,189,1369,280,125,311,280,373,299,97,175,27,147,53,94,58980,4570,7618,5875,7573,7880,6670,5328,5902,7564,62849,39694,22640,11028,3601,58980,207,420,8534,332,589,5088,8652,2435,2783,1074,1825,706,1872,2378,5768,5098,8672,2547,2011,0.9805095413841444,0.009791720310130748,0.0021385861013360798,0.006508740308414156,0.0010514118959745944,0.9688009612908763,0.0033902669298772636,0.0008940577346722742,0.007424255428718565,0.0022244156438646183,0.002002689325665894,0.002002689325665894,0.0008940577346722742,0.002667868280262066,0.0006937888021056848,0.0012516808285411838,0.00019311647068921123,0.0018739450118730866,0.0005364346408033645,0.0027465453609132264,0.0013518152948244786,0.00037908047950104424,0.0006723314164735502,0.4495250765313421,0.28390982176065,0.1619317369038423,0.07887734958372672,0.025756015220438876,0.07748389284503221,0.12916242794167515,0.09961003730077993,0.12839945744320108,0.13360461173279078,0.11308918277382163,0.09033570701932858,0.10006781959986435,0.12824686334350627,0.0035096642929806714,0.007121057985757884,0.14469311631061377,0.005629026788741946,0.009986436080027129,0.08626653102746694,0.1466937945066124,0.04128518141742964,0.047185486605629025,0.018209562563580875,0.030942692438114615,0.011970159376059681,0.03173957273652085,0.0403187521193625,0.09779586300440828,0.08643608002712784,0.1470328925059342,0.04318413021363174,-4.887778187493621,-1.9038314385027582,-3.5404621005250374,-2.9589300845726725,-7.665285,19.834578
New Forest,E07000091,176462,172160,167445,829,423,3463,1620,439,188,603,390,1665,472,34,195,338,626,612,328,141,143,405,72,333,82993,10174,13273,10249,9799,11447,8674,5978,5212,8187,79671,63302,24871,6715,1903,82993,863,130,7424,524,627,7409,12666,3990,5243,2613,3015,1402,5688,3871,4437,7760,10870,4461,2011,0.9756208135462593,0.00943545919234736,0.003468168784214165,0.009180446781743378,0.0022951116954358446,0.9489011798574197,0.004697895297571149,0.0023971166596774376,0.01962462173159094,0.001105053779283925,0.0019154265507588036,0.0026747968401128856,0.00019267604356745362,0.003547505978624293,0.0018587571261801407,0.0007990388865591458,0.0008103727714748784,0.0034171663020933687,0.0010653851820788612,0.002487787739003298,0.00221010755856785,0.00040801985696637235,0.0018870918384694723,0.4514909725606646,0.3587287914678514,0.14094252586959233,0.03805351860457209,0.010784191497319537,0.12258865205499259,0.15992915065125973,0.12349234272769993,0.11807019869145591,0.13792729507307847,0.10451483860084586,0.07203017121925946,0.06280047714867519,0.09864687383273288,0.010398467340619088,0.0015663971660260503,0.08945332738905691,0.006313785499981926,0.007554854023833335,0.08927258925451544,0.15261528080681502,0.048076343788030315,0.06317400262672755,0.03148458303712361,0.03632836504283494,0.01689299097514248,0.06853590061812442,0.04664248792066801,0.053462340197366044,0.09350186160278577,0.13097490149771668,0.05375152121263239,-1.4756662988112819,1.6643320228796772,0.3624145042968792,1.0628962225583476,-5.768199,-4.2238064
Newark and Sherwood,E07000175,114817,111958,108208,641,253,2856,1160,491,133,308,228,1036,366,145,73,220,232,499,166,270,63,164,39,125,54555,6491,7940,6032,5504,7075,5437,4275,4928,6873,51505,39671,16874,5246,1521,54555,1044,343,6404,459,572,4660,9166,2521,3367,1630,934,632,2663,2168,3579,5032,6769,2612,2011,0.975099506170689,0.009023054077357883,0.004346046317182995,0.01010303352291037,0.001428359911859742,0.942438837454384,0.005582796972573748,0.0022035064493933824,0.024874365294337945,0.0006357943510107388,0.0019160925646898978,0.0031876812667113756,0.0012628791903637963,0.002020606704582074,0.0014457789351751047,0.0023515681475739657,0.0005486992344339253,0.002682529590565857,0.0011583650504716201,0.004276370223921544,0.0019857686579513485,0.0003396709546495728,0.0010886889572101692,0.44858339792887814,0.34551503697187697,0.14696429971171515,0.04569009815619638,0.013247167231333339,0.11898084501878838,0.14554119695719916,0.11056731738612409,0.10088901108972596,0.12968563834662267,0.09966089267711484,0.07836128677481441,0.09033085876638255,0.12598295298322792,0.019136651086059938,0.006287233067546512,0.11738612409495006,0.008413527632664284,0.010484831821097974,0.08541838511593805,0.16801393089542663,0.0462102465401888,0.06171753276509944,0.029878104665016954,0.01712033727431033,0.01158463935477958,0.048813124369901935,0.03973971221702869,0.06560351938410779,0.092237191824764,0.12407661992484649,0.04787828796627257,-3.1345421006968963,0.49134707474074013,-0.6158536216058602,0.8915565642245394,-6.3913,8.029177
Newcastle upon Tyne,E08000021,280177,239533,229520,1826,163,8024,4279,830,859,1609,981,27107,5072,6364,4692,6037,4942,5160,4664,217,279,4098,2602,1496,119335,9556,24317,12916,13505,11237,10739,13609,7466,15990,133933,89096,38018,14793,4337,119335,153,231,7315,691,537,7613,17779,5520,10314,4470,3817,1704,7307,5732,8517,12662,18794,6179,2011,0.8549345592250613,0.09674955474575,0.018416929298265026,0.015272488462650396,0.01462646826827327,0.8191964365383311,0.006517308701285259,0.0005817750921738758,0.02863903889327104,0.01674655664098052,0.021547093444501154,0.018102842131938024,0.022714212801193533,0.017638849727136776,0.016646619815331023,0.0007745103987836261,0.0009957990841503765,0.005742798302501633,0.003065919044032879,0.002962413046038754,0.00350135807007713,0.009286986440714263,0.0053394818275590075,0.47802995963266076,0.31799897921670944,0.13569279419795344,0.0527987664940377,0.015479500458638646,0.08007709389533665,0.2037708970545104,0.10823312523568107,0.11316881049147358,0.09416348933674111,0.08999036326308292,0.1140403066996271,0.06256337201994386,0.1339925420036033,0.00128210499853354,0.0019357271546486781,0.061298026563874806,0.0057904219214815434,0.004499937151715758,0.06379519839108393,0.14898395273809026,0.04625633720199439,0.08642896048937863,0.03745757740813676,0.031985586793480535,0.014279130179746092,0.06123098839401684,0.0480328487032304,0.07137051158503373,0.10610466334269074,0.15748942053881929,0.05177860644404408,0.7898658867326906,-1.9687587164341849,-2.8148029568959547,-2.1846633346071975,12.474487,-1.1667166
Newcastle-under-Lyme,E07000195,123871,117662,115510,364,49,1739,1490,565,156,468,301,3512,937,485,154,978,958,828,515,236,77,379,136,243,57366,5380,9036,6056,6085,7423,5614,5348,4926,7498,55311,42716,17802,6312,1730,57366,364,84,7162,304,400,4649,10867,2808,2762,1590,1499,700,2458,2380,2486,6191,8028,2634,2011,0.9498752734699809,0.02835207594998022,0.006684373259277797,0.012028642700874297,0.0030596346198868175,0.9325023613275101,0.0029385409014216404,0.0003955728136529131,0.014038798427396243,0.0012432288429091555,0.007895310443929571,0.00756432094679142,0.003915363563707405,0.007733852152642669,0.0041575510006377605,0.001905207837185459,0.0006216144214545778,0.0037781240161135375,0.001259374672037846,0.004561196728855019,0.002429947283867895,0.0010979163807509425,0.001961718239135875,0.44652097746849545,0.3448426185305681,0.14371402507447265,0.05095623673014669,0.013966142196317137,0.09378377436111983,0.15751490429871354,0.10556775790537949,0.1060732838266569,0.1293972039186975,0.09786284558797895,0.09322595265488268,0.08586967890388035,0.1307045985426908,0.006345221908447512,0.0014642819788725028,0.12484747062720078,0.005299306209252868,0.0069727713279643,0.08104103475926507,0.18943276505247011,0.04894885472230938,0.04814698601959349,0.02771676602865809,0.026130460551546213,0.012202349823937524,0.04284767981034062,0.04148798940138758,0.043335773803298124,0.10792106822856744,0.1399435205522435,0.04591569919464491,-2.724688917118633,-0.9009537372252294,-0.40411810883227467,-0.8159709873089994,-2.6593451,11.842113
Newham,E09000025,307984,89216,51516,2172,462,35066,13945,3957,3319,2677,3992,133895,42484,30307,37262,3930,19912,60256,37811,15050,7395,10672,3523,7149,132454,9595,19666,13139,13537,13799,12151,16914,9055,24598,149269,106549,34839,12763,4564,132454,94,34,3961,260,601,11223,22662,7987,15665,5525,6776,2215,7109,11612,5509,11320,13685,6216,2011,0.2896773858382254,0.43474661021351757,0.19564652709231647,0.04527832614681282,0.03465115070912775,0.1672684295288067,0.007052314405943166,0.0015000779261260325,0.11385656397734947,0.12098680450932515,0.012760403137825341,0.13794223076523457,0.09840446256948412,0.0646527092316484,0.12276936464231908,0.04886617486622682,0.024010987583770585,0.008692009974544132,0.010776533845914073,0.012848070029611927,0.012961712296742688,0.011438905917190503,0.023212244791937245,0.48466478778118344,0.34595628344329576,0.11311951270195854,0.04144046443971115,0.014818951633851109,0.07244024340525768,0.14847418726501277,0.09919670225134763,0.10220151901792321,0.10417956422607094,0.09173750887100428,0.12769716278859075,0.06836335633502952,0.18570975583976324,0.0007096803418545307,0.0002566928896069579,0.029904721639210593,0.0019629456264061485,0.004537424313346521,0.08473130294290848,0.17109336071390824,0.06030017968502272,0.11826747399097046,0.041712594561130655,0.051157382940492546,0.016722786778806228,0.05367146330046658,0.08766817159164692,0.04159179790719797,0.08546363265737539,0.10331888806680055,0.04692950005284854,7.22202217762623,-10.278013296631686,1.0997499301998281,3.384254473985282,19.133854,-10.953748
Newport,W06000022,145736,131025,126756,769,84,3416,2752,1318,360,669,405,7986,1218,3127,1749,600,1292,2535,1499,782,254,1438,926,512,64408,5992,9812,7071,8052,6724,6204,6461,5270,8822,66667,47811,20538,8161,2559,64408,207,42,6865,502,583,4470,11157,2924,4237,1852,3218,984,2749,2905,4980,5325,9006,2402,2011,0.8990571993193172,0.054797716418729756,0.017394466706922105,0.018883460503924906,0.00986715705110611,0.8697645056815063,0.005276664653894714,0.000576384695613987,0.023439644288302135,0.012001152769391227,0.004117033540099907,0.008357578086402811,0.02145660646648735,0.008865345556348466,0.010285722127682934,0.005365867047263545,0.001742877531975627,0.0045904923972113956,0.002470220124059944,0.009043750343086129,0.002778997639567437,0.006353955096887523,0.003513201954218587,0.45745045836306747,0.3280658176428611,0.1409260580776198,0.05599851786792556,0.017559148048526103,0.09303192150043472,0.1523413240591231,0.10978449882002236,0.12501552602161223,0.10439696932058129,0.0963234380822258,0.10031362563656689,0.08182213389641038,0.13697056266302324,0.0032138864737299715,0.0006520929077133275,0.1065861383679046,0.0077940628493354865,0.009051670599925475,0.06940131660663272,0.1732238231275618,0.045398087194137376,0.06578375357098497,0.0287541920258353,0.049962737548130666,0.015277605266426532,0.04268103341199851,0.045103092783505154,0.07731958762886598,0.0826760650850826,0.13982735063967208,0.037293503912557445,-1.6196127796319366,-2.1426032053263846,-0.8331029073316212,-1.917666269672041,-6.1777782,13.659825
North Devon,E07000043,93667,91742,89832,316,45,1549,785,294,75,287,129,835,215,67,78,152,323,158,63,70,25,147,61,86,44754,5219,5886,4559,4019,7773,4533,3747,3295,5723,43441,31704,13264,4064,1194,44754,1939,50,4863,160,316,3813,7669,1290,4375,644,623,585,1935,1983,2510,4032,5850,2117,2011,0.9794484717136238,0.008914559022921627,0.0016868267372713976,0.008380753093405361,0.0015693894327778193,0.9590570852061024,0.003373653474542795,0.00048042533656463855,0.016537307696413893,0.0008327372500453735,0.0016227700257294459,0.00229536549691994,0.0007152999455517951,0.0034483863046750724,0.000672595471190494,0.0007473283013227711,0.00026690296475813255,0.0030640460354233617,0.0008007088942743976,0.0031387788655556385,0.001377219298151964,0.0006512432340098434,0.0009181461987679759,0.4637812676823214,0.33847566378767335,0.1416080369820748,0.043387745951082024,0.01274728559684841,0.11661527461232515,0.13151897037136345,0.10186798945345668,0.08980202886892792,0.1736827993028556,0.10128703579568307,0.08372435983375788,0.07362470393707825,0.127876837824552,0.04332573624703937,0.0011172185726415517,0.10866067837511731,0.003575099432452965,0.007060821379094606,0.08519908834964472,0.1713589846717612,0.02882423917415203,0.09775662510613577,0.014389775215623185,0.013920543415113732,0.013071457299906154,0.04323635876122805,0.044308888590963935,0.05608437234660589,0.09009250569781473,0.13071457299906153,0.047303034365643294,-3.3930663796693215,0.6417420048665455,-1.8222387210180548,2.6522259165821773,-10.984745,6.466911
North Dorset,E07000050,68583,66977,64936,279,95,1667,552,136,78,216,122,796,111,11,76,128,470,197,108,65,24,61,14,47,33432,3773,4859,4429,3209,5504,3166,2144,2414,3934,32782,24146,8808,2266,581,33432,1280,47,3504,87,245,3172,4942,1082,1379,750,664,555,1740,1330,3383,3974,3378,1920,2011,0.9765831182654594,0.01160637475759299,0.0028724319437761544,0.00804864179169765,0.0008894332414738347,0.9468235568581135,0.004068063514281965,0.0013851829170494145,0.024306314976014463,0.0011081463336395318,0.001866351719813948,0.001618476882026158,0.00016038960092151116,0.0068530102211918405,0.0015747342635930187,0.0009477567327180205,0.00034994094746511523,0.0031494685271860373,0.0011373080792616247,0.0019829987023023197,0.0017788664829476693,0.00020413221935465056,0.000685301022119184,0.4779901724917254,0.35206975489552805,0.1284283277196973,0.0330402577898313,0.008471487103217998,0.11285594639865996,0.14533979420914095,0.13247786551806653,0.09598588178990189,0.16463268724575258,0.09469968892079444,0.0641301746829385,0.07220626944245034,0.11767169179229481,0.0382866714525006,0.0014058387173965063,0.1048097631012204,0.00260229720028715,0.007328308207705193,0.09487915769322805,0.14782244556113902,0.03236420196219191,0.04124790619765494,0.02243359655419957,0.019861210815984687,0.016600861450107682,0.052045944005743,0.039782244556113906,0.10119047619047619,0.11886815027518545,0.10104091888011486,0.057430007178750894,-1.7872728145564374,2.9333882533418736,-0.28121568429851557,2.2130433643918193,-8.5564995,1.7748489
North East Derbyshire,E07000038,99023,97084,95968,264,70,782,786,315,103,250,118,795,350,79,32,187,147,236,156,65,15,122,40,82,46858,5178,6719,5128,5760,6364,4535,3914,4182,5078,42535,33926,15734,5319,1509,46858,429,163,6262,194,393,4513,8115,2053,2148,1178,1308,662,2322,1789,2596,4393,6224,2116,2011,0.9804186906072326,0.008028437837674075,0.002383284691435323,0.007937549862153236,0.001232037001504701,0.9691485816426487,0.0026660472819445987,0.0007069064762731891,0.007897155206366198,0.000323157246296315,0.0018884501580440907,0.0035345323813659453,0.0007977944517940276,0.001484503600173697,0.0015753915756945357,0.0006564131565393899,0.00015147995920139766,0.002524665986689961,0.001040162386516264,0.003181079143229351,0.0011916423457176614,0.00040394655787039373,0.0008280904436343072,0.42954667097543,0.34260727305777444,0.1588923785383194,0.05371479353281561,0.015238883895660605,0.11050407614494857,0.14339066968287165,0.10943702249349098,0.12292458064791498,0.13581458875752273,0.0967817661872039,0.08352895983610056,0.08924836740791327,0.10836996884203337,0.009155320329506167,0.0034785949037517607,0.13363779930854924,0.00414016816765547,0.0083870417004567,0.09631226258056255,0.1731828076315677,0.043813222928848865,0.045840624866618294,0.025139784028340946,0.027914123522130692,0.014127790345298562,0.04955397157369072,0.03817917964915276,0.055401425583678346,0.09375133381706433,0.13282683853344146,0.04515771052968543,-3.6454859285253494,0.12355074871942356,-0.409526484373263,-0.542452588411824,-3.4421833,10.965099
North East Lincolnshire,E06000012,159616,155421,152240,414,26,2741,1186,381,161,369,275,2129,513,195,268,605,548,411,306,71,34,469,265,204,70776,5839,7346,6830,7205,9163,7347,6659,10521,9866,70242,55935,23779,7507,2153,70776,362,240,11045,519,387,5848,13435,5532,3808,748,942,669,2430,3044,3431,6243,9309,2784,2011,0.97371817361668,0.013338261828388131,0.00257492983159583,0.00743033279871692,0.0029383019246190857,0.9537890938251804,0.0025937249398556537,0.00016289093825180433,0.017172463913392142,0.0016790296712109062,0.0037903468323977545,0.0032139635124298314,0.0012216820368885326,0.0034332397754611066,0.0019171010425020048,0.000444817562149158,0.0002130112269446672,0.0023117983159582998,0.0010086708099438654,0.002386978748997594,0.0017228849238171613,0.0016602345629510827,0.0012780673616680032,0.4400686647955092,0.3504347935044106,0.1489762931034483,0.0470316259021652,0.01348862269446672,0.0824997174183339,0.10379224595908218,0.09650163897366339,0.10180004521306657,0.12946479032440375,0.10380637504238725,0.09408556572849554,0.14865208545269584,0.1393975358878716,0.00511472815643721,0.00339097999321804,0.1560557251045552,0.007332994235334012,0.00546795523906409,0.08262687916807958,0.18982423420368486,0.07816208884367583,0.053803549225726235,0.010568554312196225,0.013309596473380807,0.009452356731095287,0.03433367243133265,0.04300892958064881,0.0484768848197129,0.08820786707358426,0.13152763648694474,0.039335367921329266,-4.696129293022799,-2.104533098934046,0.6651864184681393,-0.019876273234904034,0.136837,12.820859
North Hertfordshire,E07000099,127114,113755,107889,1398,33,4435,3376,1481,309,912,674,6821,3464,424,495,808,1630,2491,859,1344,288,671,146,525,64990,8310,14418,9522,7209,6420,5372,4514,3819,5406,63801,43360,14965,3958,1030,64990,417,39,6538,156,405,4895,10445,2471,2372,3612,2831,1144,6032,2979,3614,6761,6965,3314,2011,0.8949053605425051,0.0536604937300376,0.01959658259515081,0.02655883694950989,0.0052787261827965445,0.8487578079519171,0.01099800179366553,0.0002596094843998301,0.03488994131252262,0.0038941422659974512,0.006356498890759476,0.027251128907909435,0.0033355885268341805,0.012823135138537061,0.006757713548468304,0.010573186273738534,0.0022656827729439716,0.007174662114322577,0.002430888808471136,0.011650958981701464,0.0053023270450147115,0.00114857529461743,0.004130150888179114,0.5019195367937442,0.3411111285932313,0.11772896769828657,0.031137404219834165,0.008102962694903787,0.12786582551161718,0.2218495153100477,0.14651484843822127,0.11092475765502385,0.09878442837359594,0.08265887059547623,0.06945683951377135,0.058762886597938144,0.08318202800430835,0.006416371749499923,0.0006000923218956762,0.10060009232189568,0.002400369287582705,0.006231727958147407,0.07531927988921372,0.16071703338975227,0.03802123403600554,0.036497922757347284,0.05557778119710725,0.04356054777658101,0.017602708108939838,0.09281427911986459,0.04583782120326204,0.055608555162332665,0.10403138944452993,0.1071703338975227,0.050992460378519774,2.6684515181679838,2.1459818482143085,0.7858359498007271,-0.7099744633526474,4.1216526,-9.797467
North Kesteven,E07000139,107766,105835,103343,512,74,1906,791,242,91,256,202,750,217,29,68,215,221,251,108,101,42,139,43,96,52428,6382,7451,7661,5920,6575,5208,3905,4315,5011,49563,37834,14941,4198,1230,52428,1427,97,5001,252,582,4237,8170,2102,2341,1130,794,485,2278,1789,7916,4779,6888,2160,2011,0.9820815470556576,0.006959523411836758,0.002329120501828035,0.0073399773583505004,0.001289831672327079,0.9589573705992613,0.004751034649147227,0.00068667297663456,0.01768646883061448,0.000630996789339866,0.0019950633780598703,0.002013622107158102,0.0002691015719243546,0.0020507395653545646,0.001002171371304493,0.0009372158194606834,0.00038973331106285843,0.0023755173245736134,0.0008444221739695266,0.0022456062208859938,0.0018744316389213667,0.0003990126756119741,0.0008908189967151049,0.4599131451478203,0.35107547835124253,0.13864298572833733,0.03895477237718761,0.011413618395412281,0.1217288471808957,0.1421187151903563,0.14612420843823912,0.11291676203555352,0.12541008621347371,0.0993362325474937,0.07448310063324941,0.08230334935530632,0.0955786984054322,0.027218280308232243,0.001850156404974441,0.0953879606317235,0.004806591897459373,0.011100938429846647,0.08081559472037843,0.1558327611200122,0.04009308003356985,0.044651712825207905,0.021553368429083695,0.015144579232471199,0.009250782024872206,0.04345006485084306,0.03412298771648737,0.15098802166781108,0.09115358205539024,0.1313801785305562,0.04119935912108034,-3.001638891852109,1.9547568549686467,-0.4108200723976498,-0.16911612623840103,-9.295325,-0.2578334
North Lincolnshire,E06000013,167446,160748,154526,727,90,5405,1244,341,166,451,286,4549,1122,862,1443,530,592,494,365,64,65,411,173,238,78101,7654,9522,7504,7681,10703,7461,6081,10047,11448,73234,59883,24667,7593,2069,78101,1198,276,15166,553,614,6201,13119,5086,3906,975,1418,741,2611,3090,3876,6577,9857,2837,2011,0.9599990444680673,0.027166967261087156,0.002950204842158069,0.007429260776608579,0.002454522652078879,0.9228407964358659,0.00434169821912736,0.0005374867121340611,0.03227906310094,0.00861770361788278,0.0031651995270116935,0.006700667677937962,0.005147928287328452,0.003535468150926269,0.0021798072214325812,0.00038221277307311013,0.00038818484765237746,0.002693405635249573,0.0009913643801583794,0.002036477431530165,0.0017080133296704608,0.0010331689022132508,0.0014213537498656283,0.4373589097380648,0.3576257420302665,0.14731316364678762,0.045345962280376954,0.012356222304504139,0.09800130600120358,0.12191905353324542,0.09608071599595396,0.0983470122021485,0.13704049884124403,0.09553014686111573,0.0778607188128193,0.12864111855161905,0.14657942920065045,0.01533911217526024,0.0035338856096592875,0.19418445346410418,0.007080575152686905,0.007861615088155081,0.07939719081701899,0.16797480185913113,0.0651208051113302,0.050012163736699915,0.012483835034122483,0.018155977516293005,0.009487714625933086,0.033431070024711594,0.03956415410814202,0.049628045735649995,0.08421146976351135,0.12620837121163622,0.03632475896595434,-4.303894925321909,-1.0942347222949456,0.5044354328362488,0.6861475019684412,0.12987605,11.638798
North Norfolk,E07000147,101499,100127,98001,354,46,1726,617,194,76,197,150,531,112,5,67,141,206,157,67,73,17,67,10,57,43183,5228,5182,4092,3988,7633,5021,3424,3333,5282,39504,38336,17412,4839,1408,43183,1585,151,3996,201,301,3934,7568,1588,3427,703,1014,617,2111,2002,1823,3974,5670,2518,2011,0.9864826254445856,0.0052315786362427215,0.0015468132690962472,0.006078877624410093,0.0006601050256652775,0.965536606271983,0.0034877190908284813,0.00045320643553138455,0.01700509364624282,0.0006601050256652775,0.0013891762480418527,0.0011034591473807623,4.926156907949832e-05,0.0020295766460753308,0.0006601050256652775,0.0007192189085606755,0.00016748933487029428,0.0019409058217322338,0.0007487758500083745,0.0019113488802845347,0.0014778470723849496,9.852313815899665e-05,0.0005615818875062808,0.3892058049833003,0.3776983024463295,0.17154848816244495,0.04767534655513848,0.013872057852786727,0.12106616029456035,0.12000092629043836,0.09475951184493898,0.09235115670518491,0.17675937290137322,0.1162726072760114,0.07929046152421092,0.0771831507769261,0.12231665238635574,0.03670425862029039,0.003496746404835236,0.0925364147928583,0.0046546094527939235,0.006970335548711298,0.09110066461338953,0.17525415093902694,0.03677373040316791,0.07935993330708843,0.016279554454299145,0.023481462612602182,0.014288030011810202,0.048884977884815786,0.04636083644026585,0.042215686728573745,0.09202695505175648,0.13130166963851517,0.0583099830951995,-4.385838813877922,-0.01800478213484525,-1.446137334614684,3.510237135813837,-13.580969,5.6696987
North Somerset,E06000024,202566,197076,190553,1113,176,5234,2033,681,256,698,398,2436,817,111,299,619,590,632,383,188,61,389,127,262,97563,11897,16808,12908,11305,11026,9592,8534,6114,9379,93803,70435,27670,8276,2382,97563,890,164,7998,432,1049,7585,16703,4686,4857,3585,5085,1562,6443,4340,6126,8663,12883,4512,2011,0.9728977222238677,0.012025710138917687,0.0031199707749572977,0.010036235103620549,0.0019203617586366912,0.9406958719627183,0.005494505494505495,0.0008688526208741842,0.025838492145769772,0.0014760621229623924,0.0030557941609154547,0.004033253359398912,0.0005479695506649684,0.0029126309449759584,0.0018907417829250714,0.000928092572297424,0.0003011364197348025,0.003445790507785117,0.0012637856303624499,0.0033618672432688605,0.001964791722204121,0.0006269561525626215,0.0012934056060740697,0.4630737636128472,0.3477138315413248,0.13659745465675385,0.04085581983156107,0.011759130357513107,0.12194171970931603,0.17227842522267664,0.13230425468671525,0.11587384561770343,0.11301415495628465,0.09831595994383116,0.08747168496253703,0.06266719965560714,0.09613275524532866,0.009122310712052726,0.0016809651199737605,0.08197779896067156,0.004427908120906491,0.01075202689544192,0.07774463679878643,0.17120219755440075,0.04803050336705513,0.04978321699824729,0.03674548753113373,0.05212016850650349,0.016010167789018377,0.06603937968287157,0.04448407695540318,0.0627901971034101,0.08879390752641883,0.13204801000379243,0.046247040373912245,-1.21018733636955,1.2912105757097128,0.23593941352683764,-0.6606750200934688,-4.4484305,-2.04401
North Tyneside,E08000022,200801,194025,190936,596,29,2464,1815,448,385,602,380,3815,1095,319,686,869,846,734,576,91,67,412,177,235,96026,8205,16953,11624,13912,10077,8662,10312,6613,9668,90031,66955,30156,10638,3021,96026,127,393,7883,671,553,7054,13861,4270,4992,3917,3196,1267,4986,4125,10539,9789,14087,4316,2011,0.9662551481317324,0.018998909367981234,0.0036553602820703084,0.009038799607571675,0.002051782610644369,0.9508717586067799,0.0029681127086020487,0.00014442159152593863,0.012270855224824578,0.003416317647820479,0.004327667690897954,0.005453160093824234,0.0015886375067853248,0.004213126428653244,0.002868511610997953,0.000453184994098635,0.00033366367697372024,0.0029979930378832777,0.0019173211288788402,0.0022310645863317415,0.0018924208544778163,0.000881469713796246,0.0011703128968481233,0.44835932091971653,0.33343957450411105,0.15017853496745534,0.05297782381561845,0.01504474579309864,0.08544560848103638,0.17654593547580863,0.12105054880969737,0.1448774290296378,0.10494032866098765,0.09020473621727448,0.10738758252973153,0.06886676525107784,0.1006810655447483,0.0013225584737466935,0.004092641576239769,0.08209234998854477,0.0069876908337325305,0.0057588569762356025,0.07345927144731636,0.14434632287088914,0.044467123487388835,0.05198592047987004,0.04079103576114802,0.033282652614916794,0.013194343198717014,0.05192343740237019,0.042957115781142606,0.10975152562847562,0.10194114094099514,0.14669985212338324,0.04494616041488764,-1.9689587246770355,-0.04607609419772275,-1.1831658257446773,-2.889730816494742,-8.940479,14.373054
North Warwickshire,E07000218,62014,60709,59499,458,45,707,506,269,39,116,82,580,360,35,11,67,107,172,30,124,18,47,7,40,31258,3549,4060,3431,3818,4044,2688,2244,3137,4287,27979,21604,8725,2850,856,31258,352,175,3979,211,312,2814,5447,2806,1566,806,809,370,1367,1544,1415,2795,3142,1348,2011,0.9789563646918438,0.009352726803624988,0.002773567259006031,0.008159447866610766,0.0007578933789144387,0.9594446415325572,0.007385429096655594,0.0007256425968329732,0.011400651465798045,0.00017737930144806011,0.0010804011997290934,0.005805140774663786,0.0005643886864256458,0.0017254168413584029,0.00048376173122198214,0.0019995484890508596,0.0002902570387331893,0.0018705453607249975,0.0006288902505885768,0.004337730189957106,0.0013222820653400844,0.00011287773728512916,0.0006450156416293096,0.45117231592866125,0.34837294804399005,0.14069403683039314,0.0459573644660883,0.013803334730867223,0.11353893403288758,0.129886748992258,0.10976390044148698,0.12214473094887708,0.12937488003071212,0.08599398553970183,0.07178962185680465,0.10035830827308209,0.13714888988418963,0.011261117154008574,0.005598566766907672,0.12729541237443215,0.006750271930385821,0.009981444750143963,0.09002495361187536,0.17425938959626336,0.08976901913110244,0.05009917461129951,0.025785398937871906,0.02588137436816175,0.011836969735747648,0.04373280440207307,0.04939535478917397,0.0452684112867106,0.08941710922003968,0.10051826732356517,0.04312496001023738,-3.1360455753386667,-0.21735436805983746,1.744362797004986,0.41966134363161794,-1.0578038,8.315115
North West Leicestershire,E07000134,93468,91187,89116,406,77,1588,881,358,59,322,142,1074,520,16,20,198,320,205,91,78,36,121,25,96,46291,5383,6910,5300,5115,5859,4246,3275,4724,5479,42477,33202,12978,3733,1078,46291,429,439,6757,401,326,4118,8032,3599,2163,1162,897,463,2480,2062,1969,4576,4481,1937,2011,0.9755959258783755,0.011490563615354988,0.0021932640047930842,0.009425685796208328,0.0012945607052681132,0.9534386100055634,0.0043437326143706935,0.0008238113578978902,0.0169897719005435,0.00021397697607737406,0.0021183720631660036,0.005563401378011726,0.00017118158086189926,0.003423631617237985,0.0009735952411520521,0.0008345102067017589,0.0003851585569392733,0.0034450293148457225,0.0006312320794282535,0.003830187871784996,0.001519236530149356,0.00026747122009671757,0.0010270894851713956,0.45445500064193095,0.3552231779860487,0.13884965977660804,0.03993880258484187,0.011533359010570463,0.11628610313019809,0.1492730768399905,0.1144930980104124,0.11049664081570931,0.1265688794798125,0.09172409323626624,0.07074809358190577,0.10205007452852606,0.11835994037717915,0.009267460197446589,0.009483484910673782,0.14596789872761443,0.008662591000410447,0.007042405651206498,0.08895897690695816,0.17351104966408157,0.07774729429046683,0.04672614547104189,0.02510207167699985,0.01937741677647923,0.010001944222419045,0.053574128880343914,0.04454429586744724,0.04253526603443434,0.0988529087727636,0.09680067399710526,0.04184398695210732,-2.856354790221313,0.6232200243113759,1.273568020976124,0.5471240080650426,-1.3309662,7.8843174
Northampton,E07000154,212069,179238,162353,2911,149,13825,6849,3149,1012,1286,1402,13751,5328,1536,3367,1705,1815,10741,6473,2946,1322,1490,543,947,106792,10358,15699,12527,13360,10949,10292,9269,8394,15944,98367,77331,26530,7654,2187,106792,126,31,10258,664,595,7838,20187,8265,4982,3442,6142,923,4994,5581,5112,9161,13809,4682,2011,0.8451871796443611,0.06484210327770679,0.05064860965063258,0.032296092309578486,0.007026015117721119,0.7655668673875012,0.01372666443468871,0.000702601511772112,0.06519104631039897,0.015876907987494637,0.008039836091083562,0.025123898353837666,0.007242925651556805,0.008558535193734115,0.030523084467791145,0.01389170505825934,0.006233820124582094,0.006064064054623731,0.004772031744385083,0.014848940674968995,0.006611055835600677,0.002560487388538636,0.004465527729182483,0.4638443148220626,0.3646501846097261,0.12510079266653779,0.03609202665170298,0.01031268124997053,0.09699228406622219,0.14700539366244664,0.11730279421679526,0.12510300397033486,0.10252640647239493,0.09637426024421306,0.08679489100307139,0.07860139336279871,0.14929957300172297,0.0011798636601992659,0.0002902839163982321,0.09605588433590531,0.006217694209304067,0.005571578395385422,0.07339501086223688,0.1890310135590681,0.07739343771068993,0.04665143456438685,0.032230878717506926,0.057513671436062626,0.00864296951082478,0.04676380253202487,0.052260468948984944,0.047868754213798784,0.08578357929432916,0.12930743875945763,0.04384223537343621,0.7772762899820915,-2.756664182709085,2.3796065460267983,-0.007951137831665074,7.4209948,1.9245964
Northumberland,E06000057,316028,311066,307097,833,156,2980,1692,515,230,624,323,2658,939,351,295,452,621,338,193,114,31,274,73,201,146901,15459,22807,16827,16891,19038,15579,12688,11390,16222,138990,108458,48580,15641,4359,146901,3739,770,13569,858,1060,11629,21477,6210,8794,3657,3480,2164,7616,5642,13421,13081,22591,7143,2011,0.9842988595947194,0.008410647157846772,0.0010695254850836002,0.005353955978584176,0.0008670117837659955,0.9717398458364449,0.0026358423937119495,0.0004936271469616617,0.009429544217600972,0.0009334615920108345,0.0014302530155555838,0.0029712557115192323,0.0011106610806637387,0.001965015758097384,0.0006107053805359018,0.0003607275304719835,9.80925740757148e-05,0.0019745085878466466,0.0007277836141101422,0.0016296024402901008,0.0010220613363372865,0.00023099219056539293,0.0006360195932006025,0.439802802283342,0.3431911096485122,0.15372055640639437,0.049492450036072756,0.013793081625678737,0.10523413727612474,0.15525421882764584,0.11454653133743133,0.11498219889585504,0.1295974840198501,0.10605101394816918,0.08637109345749859,0.07753521078821791,0.11042811144920729,0.025452515639784616,0.0052416253122851445,0.09236832969142483,0.005840668205117732,0.007215743936392537,0.07916215682670642,0.1462005023791533,0.042273367778299674,0.05986344544965657,0.02489431658055425,0.023689423489288704,0.014731009319201366,0.051844439452420336,0.03840681819728933,0.09136084846257003,0.08904636455844413,0.15378384081796584,0.04862458390344518,-3.3380032379705273,0.7008429315137922,-1.938606159266927,-0.012847397185731907,-12.00899,4.4205966
Norwich,E07000148,132512,120375,112237,874,127,7137,3039,684,660,876,819,5844,1684,255,540,1679,1686,2147,1727,272,148,1107,643,464,62424,4811,12181,7422,5944,6321,5901,6878,4157,8809,59454,46939,18620,5862,1637,62424,198,92,4290,128,371,3933,10767,2229,4653,2096,3984,809,3711,2965,2924,7164,8697,3413,2011,0.9084082950978024,0.04410166626418739,0.01620230620623038,0.02293377203574016,0.008353960396039604,0.8469949891330596,0.006595629075102632,0.0009584037672059889,0.053859273122434194,0.004075102632214441,0.012670550591644531,0.012708283023424293,0.0019243540207679304,0.012723375996136198,0.013032781936730258,0.002052644288819126,0.0011168799806809948,0.006610722047814537,0.004980680994928761,0.0051617966674716255,0.006180572325525236,0.004852390726877566,0.0035015696691620382,0.44866879980680996,0.3542245230620623,0.1405155759478387,0.04423750301859454,0.012353598164694519,0.07706971677559912,0.19513328207099834,0.1188965782391388,0.09521978726130975,0.10125913110342176,0.09453094963475586,0.11018198128924772,0.06659297706010509,0.14111559656542355,0.0031718569780853517,0.0014737921312315775,0.06872356785851595,0.0020504933999743688,0.00594322696398821,0.06300461361014995,0.17248173779315648,0.03570742022299116,0.07453863898500576,0.03357682942458029,0.06382160707420223,0.012959759067025503,0.0594482891195694,0.04749775727284378,0.046840958605664486,0.11476355247981546,0.139321414840446,0.05467448417275407,0.5235160950549227,-1.5484360812172853,-1.4570518972900153,-0.39656511730543503,10.003422,-0.85512036
Nottingham,E06000018,305680,218698,199990,2819,326,15563,20265,12166,2004,3304,2791,40039,9901,16771,1049,5988,6330,22185,9877,9382,2926,4493,2372,2121,123218,9055,19437,13232,11942,11831,12616,13540,10765,20800,141038,103332,41581,15063,4666,123218,197,90,10266,1619,720,7602,21831,6591,9725,4110,2801,1786,5646,7392,5636,13033,18098,6075,2011,0.7154475268254383,0.1309833813137922,0.07257589636220885,0.06629481811044229,0.014698377388118293,0.654246270609788,0.00922206228735933,0.001066474744831196,0.050912719183459826,0.0034316932740120387,0.01958911279769694,0.032390081130594085,0.054864564250196285,0.020707929861292856,0.032311567652447006,0.03069222716566344,0.009572101544098403,0.010808688824914944,0.00655587542528134,0.03979979063072494,0.009130463229521067,0.007759748756869929,0.006938628631248364,0.4613909971211725,0.33803978016226116,0.13602787228474222,0.04927702172206229,0.015264328709761842,0.0734876397928874,0.1577448100115243,0.10738690775698356,0.09691765813436348,0.09601681572497525,0.10238763816974793,0.10988654255060137,0.0873654823158954,0.16880650554302132,0.001598792384229577,0.0007304127643688423,0.08331574932233927,0.013139314061257283,0.005843302114950738,0.06169553149702154,0.1771737895437355,0.05349056144394488,0.07892515703874434,0.03335551623951046,0.022732068366634745,0.01449463552403058,0.045821227418072034,0.05999123504682757,0.045740070444253274,0.10577188397799023,0.1468778912171923,0.04930286159489685,2.463038777556299,-6.575347652173644,-0.879796642619495,-0.4449830771960827,13.139972,3.0336683
Nuneaton and Bedworth,E07000219,125252,114392,111379,697,75,2241,1396,664,110,409,213,7880,5705,527,51,304,1293,1047,555,351,141,537,76,461,60205,5102,7712,6600,7104,7287,5975,5194,6145,9086,55086,44255,18133,6019,1759,60205,118,157,8641,397,486,3836,11698,4748,2662,1482,1747,540,2353,2717,3103,5278,7659,2583,2011,0.9132947976878613,0.06291316705521668,0.008359147957717241,0.011145530610289656,0.004287356688915147,0.8892392935841343,0.005564781400696196,0.0005987928336473669,0.017891929869383323,0.0004071791268802095,0.0024271069523839938,0.04554817487944304,0.0042075176444288315,0.010323188452080606,0.004431066968990515,0.002802350461469677,0.0011257305272570498,0.0032654169194903074,0.0008782294893494714,0.005301312553891355,0.0017005716475585221,0.0006067767380959984,0.0036805799508191485,0.43980136045731805,0.3533276913741896,0.14477213936703606,0.048055120876313355,0.014043687925142911,0.08474379204385017,0.12809567311685077,0.10962544639149573,0.11799684411593721,0.12103645876588323,0.09924424881654348,0.08627190432688316,0.10206793455693049,0.15091769786562578,0.001959970102150984,0.002607756830828004,0.14352628519225977,0.006594136699609667,0.008072419234282866,0.06371563823602691,0.1943027987708662,0.07886388173739722,0.04421559671123661,0.024615895689726768,0.02901752346150652,0.008969354704758742,0.03908313263018022,0.045129142097832406,0.051540569720122914,0.08766713728095674,0.1272153475624948,0.042903413337762646,-3.1416513571543208,-2.1253727998639427,1.4562534600770711,-0.632779893501946,1.2398334,12.010184
Oadby and Wigston,E07000135,56170,41011,39634,387,9,981,1176,383,85,493,215,12520,9938,1080,128,328,1046,671,302,305,64,792,191,601,26399,2717,4547,3179,3580,2864,2357,2462,2022,2671,25383,20568,7524,2082,613,26399,50,21,2970,351,139,1858,5045,1027,1086,647,1064,304,1360,1021,1617,3336,3489,1014,2011,0.7301228413743992,0.22289478369236246,0.01194587858287342,0.020936442941071748,0.014100053409293217,0.7056079757877871,0.006889798824995549,0.00016022787965105928,0.017464838881965462,0.002278796510592843,0.00583941605839416,0.17692718533024746,0.019227345558127114,0.01862204023500089,0.005376535517179989,0.005429944810397009,0.0011393982552964216,0.008776927185330248,0.0015132633078155599,0.006818586434039523,0.0038276660138864163,0.003400391668150258,0.010699661741142959,0.4518960299092042,0.3661741142958875,0.13395050738828557,0.03706604949261171,0.010913298914011037,0.10292056517292322,0.17224137277927193,0.1204212280768211,0.13561119739384067,0.10848895791507254,0.08928368498806773,0.09326110837531724,0.07659381037160498,0.10117807492708057,0.0018940111367854843,0.0007954846774499034,0.11250426152505777,0.0132959581802341,0.005265350960263647,0.0703814538429486,0.19110572370165538,0.03890298874957385,0.04113792189098072,0.024508504110004166,0.040304556990795104,0.011515587711655744,0.051517102920565175,0.03867570741315959,0.061252320163642564,0.1263684230463275,0.1321640971248911,0.038410545854009624,0.0017034615267434773,-1.3699904226942197,1.8605878261506998,-1.8741332396333965,4.7189403,5.154164
Oldham,E08000004,224897,174326,169955,1484,62,2825,4057,1950,440,1131,536,43165,1555,22686,16310,726,1888,2797,1640,839,318,552,154,398,96300,8867,12481,10140,11303,12652,9957,8835,9326,12739,101526,74987,32778,12179,3427,96300,127,26,10913,427,748,8029,18287,5586,5659,2196,3145,1450,4332,4615,5077,9185,12638,3860,2011,0.7751370627442785,0.19193230678933024,0.012436804403793737,0.018039369133425524,0.002454456929172021,0.7557014989083892,0.006598576237121882,0.00027568175653743714,0.01256130584223,0.07252208788912258,0.003228144439454506,0.006914276313156689,0.10087284401303707,0.008394954134559375,0.007292227108409628,0.003730596673143706,0.0014139806222404033,0.005028968816836152,0.0019564511754269734,0.008670635891096814,0.0023833132500655856,0.0006847579113994406,0.0017696990177725803,0.4514333228099975,0.33342819157214193,0.1457467196094212,0.05415367923982979,0.01523808676860963,0.09207684319833853,0.12960539979231567,0.10529595015576323,0.11737279335410176,0.13138110072689513,0.10339563862928348,0.09174454828660436,0.09684319833852544,0.13228452751817238,0.0013187954309449637,0.0002699896157840083,0.11332294911734164,0.004434060228452752,0.007767393561786086,0.08337487019730011,0.18989615784008307,0.05800623052959501,0.058764278296988576,0.02280373831775701,0.03265835929387331,0.015057113187954309,0.044984423676012464,0.047923156801661475,0.05272066458982347,0.09537902388369678,0.13123572170301143,0.040083073727933544,-1.955890811727987,-2.9697843076146,0.33853256235167906,-0.9588541319657844,9.367631,11.154932
Oxford,E07000178,151906,117957,96633,2431,92,18801,6035,1721,703,2008,1603,18827,4449,4825,1791,3559,4203,7028,4456,1874,698,2059,922,1137,69807,5791,23478,8106,5805,4912,5713,4659,3215,8128,83904,48201,14320,4189,1292,69807,108,22,3534,321,206,2826,7722,2241,4767,4595,872,643,6544,2450,2222,16452,10536,3746,2011,0.7765131067897252,0.12393848827564415,0.04626545363580109,0.03972851631930273,0.013554434979526813,0.6361368214553738,0.01600331784129659,0.000605637696996827,0.12376732979605809,0.011790186036101272,0.023428962647953338,0.02928784906455308,0.031763064000105326,0.02766842652693113,0.029333930193672402,0.01233657656708754,0.004594946875041144,0.013218701038800311,0.004627861967269232,0.011329374744908036,0.010552578568325149,0.006069543006859505,0.007484891972667307,0.5523415796611062,0.317308072097218,0.09426882414124524,0.02757626426869248,0.00850525983173805,0.08295729654619165,0.33632730241952813,0.11612015986935408,0.08315784949933387,0.07036543613104702,0.08183993009297062,0.06674115776354807,0.0460555531680204,0.11643531451000616,0.001547122781382956,0.00031515464065208363,0.050625295457475614,0.004598392711332674,0.002950993453378601,0.04048304611285401,0.11061927886888134,0.032102797713696334,0.06828828054493102,0.06582434426346928,0.012491583938573496,0.00921111063360408,0.09374418038305614,0.03509676679989113,0.031830618705860445,0.2356783703640036,0.15093042245047059,0.053662240176486596,6.980041983378309,0.8039280000526636,-3.7267051181546935,-2.414949271676505,15.711172,-4.9849234
Pembrokeshire,W06000009,122439,120121,117092,834,454,1741,733,234,78,261,160,1192,341,69,103,205,474,179,94,44,41,214,61,153,54217,5616,7080,5468,4811,10202,6322,4394,4073,6251,55535,39889,18684,6383,1948,54217,2535,248,4116,406,389,5805,8513,2194,4702,666,685,634,2235,1959,4010,5037,7289,2794,2011,0.9810681237187497,0.00973546010666536,0.001461952482460654,0.005986654579014856,0.001747809113109385,0.9563292741691781,0.006811555141744052,0.0037079688661292563,0.014219325541698314,0.0008412352273376946,0.00167430312237114,0.002785060315749067,0.0005635459289932129,0.0038713155122142456,0.0007677292365994495,0.0003593626213869764,0.000334860624474228,0.0021316737314091097,0.0006370519197314581,0.0019111557591943744,0.001306773168679914,0.0004982072705592173,0.0012496018425501678,0.45357279951649393,0.32578671828420686,0.15259843677259696,0.05213208209802432,0.015909963328677956,0.1035837467952856,0.1305863474555951,0.10085397569028165,0.08873600531198701,0.18816976225169227,0.11660549274212885,0.08104469077964475,0.07512403858568346,0.11529594038770127,0.046756552372871976,0.004574211040817456,0.07591714775808325,0.00748842613940277,0.007174871350314477,0.1070697382739731,0.15701717173580243,0.040467012191747975,0.08672556578195031,0.012283969972517845,0.012634413560322409,0.011693749193057528,0.041223232565431506,0.03613257834258627,0.07396204142612096,0.0929044395669255,0.1344412269214453,0.051533651806628916,-4.229695724781601,0.6420789635003848,-2.496238378716622,2.8451401821611073,-12.96508,9.275308
Pendle,E07000122,89452,71437,69074,462,26,1875,946,139,65,599,143,16807,236,15320,383,281,587,126,67,51,8,136,52,84,39324,3747,5172,3802,3786,5641,4254,3674,4875,4373,38965,30826,13431,4921,1309,39324,260,18,8277,56,214,2842,6885,1684,1879,763,990,500,1490,1732,1749,3599,4902,1484,2011,0.7986070741850377,0.18788847650136387,0.0014085766668157224,0.01057550418101328,0.001520368465769351,0.7721906720922953,0.005164781111657649,0.0002906586772794348,0.020960962303805394,0.0042816258999239815,0.003141349550596968,0.0026382864553056388,0.17126503599695928,0.0065621785985780084,0.0007490050529893127,0.0005701381746635067,8.9433439162903e-05,0.0066963287573223625,0.0007266466931985869,0.0015539060054554398,0.0015986227250368913,0.0005813173545588696,0.0009390511112104816,0.43559674462281445,0.344609399454456,0.1501475651746188,0.05501274426508072,0.014633546483030006,0.09528532194079951,0.1315227342081172,0.096683958905503,0.09627708269758926,0.14344929305258874,0.10817821177906622,0.09342894924219307,0.12397009459871834,0.11120435357542467,0.006611738378598311,0.00045773573390296,0.2104821483063778,0.0014240667276980978,0.0054419692808463024,0.07227138643067847,0.17508391821788222,0.04282372088292137,0.04778252466687011,0.019402909164886583,0.0251754653646628,0.012714881497304445,0.037890346861967246,0.0440443495066626,0.04447665547757095,0.0915217170175974,0.12465669819957279,0.03773776828399959,-3.2149400810763162,-2.456699331460952,0.37078429042207933,-0.49943004525477497,7.6322465,10.572253
Peterborough,E06000031,183631,151544,130232,1257,560,19495,4948,1542,827,1384,1195,21492,4636,12078,229,872,3677,4164,2480,1174,510,1483,428,1055,88044,7855,11643,10002,9870,8947,8122,8153,9173,14279,81275,68493,24362,7425,2076,88044,727,47,10400,238,667,5257,16112,5482,4252,3227,4432,1086,3887,6553,5541,7056,9551,3529,2011,0.8252637081974177,0.11703906203200985,0.022675909840930996,0.026945341472845,0.00807597845679651,0.7092048728155922,0.006845249440453954,0.0030495940227957155,0.10616399191857584,0.0012470661271789623,0.0047486535497819,0.025246281945858814,0.06577320822736901,0.020023852181821154,0.01350534495809531,0.006393256040646732,0.002777308842188955,0.007536853799195125,0.0045035968872358155,0.008397274969912487,0.006507615816501571,0.0023307611459938682,0.005745217310802643,0.44259956107628884,0.37299257750597664,0.13266823139883788,0.0404343493201039,0.011305280698792688,0.08921675525873426,0.13224069783290174,0.1136022897642088,0.11210303938939621,0.101619644723093,0.09224932988051429,0.09260142655944754,0.10418654309209031,0.16218027349961384,0.00825723501885421,0.0005338239970923629,0.11812275680341647,0.002703193857616646,0.007575757575757576,0.05970878197265004,0.18299940938621598,0.06226432238426242,0.04829403480078143,0.036652128481213936,0.05033846713007133,0.012334741720049067,0.044148380355276906,0.07442869474353732,0.0629344418699741,0.0801417473081641,0.10847985098359911,0.04008223161146699,0.39259164198183977,-3.3860974454014214,3.2523232832026414,1.1733829291154034,8.381368,3.1212769
Plymouth,E06000026,256384,246509,238263,1105,153,6988,3287,904,523,1028,832,3906,875,202,359,1251,1219,1678,1106,343,229,1004,399,605,117466,9508,16170,14638,13201,15317,12914,12497,8647,14574,117976,85956,35756,13012,3684,117466,222,188,11493,877,642,8733,18796,6354,7066,2756,2342,1604,4561,4947,12772,11951,16819,5343,2011,0.9614835559161258,0.015234960059910135,0.0065448701947079385,0.012820612830753869,0.003916000998502246,0.9293208624563155,0.004309941337993011,0.0005967611083374937,0.02725599101347978,0.0014002433849226162,0.004879399650524214,0.0034128494757863204,0.0007878806789815277,0.004754586869695457,0.0043138417373939095,0.0013378369945082377,0.0008931914628057913,0.004009610584123815,0.002039908886669995,0.0035259610584123815,0.0032451323015476783,0.0015562593609585622,0.0023597416375436843,0.46015351972041935,0.33526273090364456,0.1394626809785322,0.05075199700449326,0.014369071392910633,0.0809425706161783,0.13765685389814925,0.12461478214972843,0.11238145505933632,0.1303951781792178,0.10993819488192327,0.10638823148826043,0.07361279008393919,0.12406994364326698,0.0018899085692881345,0.0016004631127304921,0.09784107741814653,0.007465990158854477,0.005465411267941362,0.07434491682699675,0.1600122588663954,0.05409224796962525,0.06015357635400882,0.023462108184495938,0.01993768409582347,0.013655015068189945,0.03882825668704136,0.04211431392913694,0.10872933444571195,0.10174007798001124,0.14318185687773483,0.04548550218786713,-2.4476171271255467,-0.9334188168525428,-1.297457645708441,-1.2703614144080848,-8.146788,13.94375
Poole,E06000029,147645,141523,135698,756,214,4855,1916,491,246,680,499,3276,1098,96,382,698,1002,520,329,119,72,410,127,283,71709,8343,11824,8611,8468,9427,6648,6518,4711,7159,68689,51486,19849,5841,1780,71709,128,105,8056,242,578,6105,12080,2901,3579,2175,4653,1276,3647,3151,3758,5983,9708,3584,2011,0.9585356767923059,0.022188357208168242,0.0035219614616140067,0.012977073385485455,0.002776931152426428,0.9190829354194182,0.005120390124961902,0.0014494226015103796,0.032882928646415385,0.0025872870737241355,0.004727555961935724,0.007436757086254191,0.0006502082698364319,0.006786548816417759,0.0022283179247519387,0.0008059873344847438,0.000487656202377324,0.004605641911341394,0.001666158691455857,0.003325544380100918,0.003379728402587287,0.0008601713569711131,0.0019167597954553152,0.4652307900707779,0.34871482271665144,0.1344373327914931,0.03956110941786041,0.012055945003217177,0.11634522863238923,0.16488864717120585,0.12008255588559316,0.11808838500048809,0.1314618806565424,0.09270802828096891,0.09089514565814612,0.06569607720090923,0.09983405151375699,0.0017849921209332161,0.0014642513492030289,0.1123429416112343,0.0033747507286393617,0.008060355046089054,0.08513575701794754,0.16845863141307227,0.04045517299083797,0.0499100531314061,0.030330920804919885,0.06488725264611137,0.017794140205552998,0.05085833019565187,0.043941485727035656,0.05240625305052365,0.08343443640268307,0.1353804961720286,0.049979779386130053,-1.0053409131695503,0.8661411721628427,0.3831404901431911,-0.3603361444966504,-4.754506,-2.4218137
Portsmouth,E06000044,205056,181182,172313,1071,85,7713,5467,1103,935,2381,1048,12474,2911,539,3649,2611,2764,3777,2958,540,279,2156,1078,1078,96619,8915,15310,12311,10331,11164,9268,10124,6642,12554,97795,71443,25464,7995,2359,96619,127,41,8426,1303,656,8065,14303,4664,6629,3541,2614,1145,3887,5547,9324,9763,12147,4437,2011,0.8835732677902621,0.06083216292134831,0.01841935861423221,0.02666100967540574,0.01051420099875156,0.840321668227216,0.005222963483146067,0.000414520911360799,0.037614115168539325,0.017795138888888888,0.012733107053682897,0.014196122034956305,0.00262855024968789,0.013479244694132335,0.014425327715355806,0.0026334269662921348,0.0013606039325842697,0.011611462234706616,0.004559730024968789,0.005379018414481898,0.00511079900124844,0.00525710049937578,0.00525710049937578,0.47691850031210986,0.34840726435705366,0.1241807116104869,0.03898934925093633,0.011504174469413233,0.09226963640691789,0.1584574462579824,0.12741800267028225,0.106925138947826,0.11554663161489977,0.09592316211097196,0.10478270319502375,0.06874424285078504,0.12993303594531097,0.001314441258965628,0.0004243471780912657,0.08720852006334158,0.013485960318363882,0.006789554849460251,0.08347219490990385,0.14803506556681398,0.04827207899067471,0.06860969374553659,0.036649106283443214,0.027054720086111428,0.011850671193036566,0.04023018246928658,0.05741106821639636,0.09650275825665759,0.10104637804158602,0.12572061395791717,0.04592264461441332,0.3341790972981987,-1.3678749789857572,-0.1091498545601114,-0.844966044328268,8.126745,-1.1948469
Powys,W06000023,132976,130827,127773,502,128,2424,760,208,82,294,176,1142,145,9,67,171,750,132,42,70,20,115,23,92,63653,6697,8979,5658,5984,13499,6450,4118,4928,7340,59511,45459,19857,6375,1774,63653,5517,265,5814,271,575,5942,9593,2203,4088,1132,911,753,2825,2300,4305,5871,8266,3022,2011,0.9838391890265913,0.008588015882565275,0.000992660329683552,0.005715317049693178,0.0008648177114667308,0.96087263867164,0.003775117314402599,0.0009625797136325352,0.018228853326916136,0.0005038503188545301,0.001285946336180965,0.0010904223318493563,6.768138611478764e-05,0.005640115509565636,0.0003158464685356756,0.0005264107808927926,0.00015040308025508363,0.0022109252797497293,0.0006166526290458428,0.0015641920346528696,0.0013235471062447359,0.00017296354229334618,0.0006918541691733847,0.4475318854530141,0.34185868126579233,0.14932769823125977,0.047940981831307905,0.013340753218625918,0.10521106624982327,0.1410616938714593,0.08888819065872779,0.09400970889039008,0.21207170125524327,0.10133065212951471,0.0646945155766421,0.07741976026267419,0.11531271110552527,0.08667305547264072,0.004163197335553705,0.09133897852418582,0.004257458407302091,0.009033352709220304,0.09334988138815138,0.15070774354704414,0.03460952351028231,0.06422321021790017,0.01778392220319545,0.014311972727129908,0.011829764504422415,0.04438125461486497,0.036133410836881215,0.0676323189794668,0.09223445870579548,0.12986033651202614,0.04747615980393697,-4.373232493348138,1.621446655376662,-2.301925368826479,3.8961140368894402,-9.813919,8.294936
Preston,E07000123,140202,112415,106242,1178,111,4884,3326,1627,300,931,468,21732,14421,4425,375,1235,1276,1676,661,865,150,1053,626,427,64180,5404,10417,6881,7558,6763,6196,7099,4995,8867,65276,47840,18585,6644,1857,64180,456,32,7054,244,463,4265,11733,2967,4074,1887,1530,764,2867,3142,5023,6057,9108,2514,2011,0.8018073921912668,0.15500492147044978,0.011954180396855965,0.02372291408111154,0.00751059186031583,0.7577780630804125,0.008402162593971555,0.0007917148114862841,0.0348354517053965,0.0026747122009671757,0.008808718848518566,0.10285873240039371,0.03156160397141267,0.009101154049157643,0.004714626039571476,0.0061696694768976195,0.0010698848803868703,0.006640418824267842,0.0021397697607737406,0.01160468466926292,0.0033380408268070356,0.004464986234147873,0.0030456056261679576,0.465585369680889,0.3412219511847192,0.13255873667993323,0.04738876763526911,0.013245174819189456,0.08420068557182923,0.1623091305702711,0.10721408538485509,0.11776254284823932,0.10537550638828296,0.09654097849797445,0.11061078217513244,0.07782798379557494,0.13815830476784044,0.007105017139295731,0.0004985976939856653,0.1099096291679651,0.003801807416640698,0.007214085384855095,0.06645372390152696,0.1828139607354316,0.04622935493923341,0.06347771891555001,0.0294016827672172,0.023839202243689624,0.01190401994390776,0.0446712371455282,0.04895606107821751,0.0782642567778124,0.09437519476472421,0.14191336865067,0.03917108133374883,-0.7434322767754443,-2.727769497969374,0.4514379107478418,-1.3404698834229372,8.753385,5.628252
Purbeck,E07000051,44973,44340,43253,228,89,770,326,96,47,112,71,231,33,12,27,54,105,48,35,6,7,28,6,22,21419,2643,2957,2668,2325,3371,2173,1549,1361,2372,20231,16148,6340,1782,472,21419,423,139,1904,112,205,1838,2929,718,1780,523,643,339,1098,886,2027,1936,2583,1336,2011,0.9859248882662931,0.005136415182442799,0.001067307050897205,0.0072487937206768506,0.0006225957796900363,0.9617548306761835,0.005069708491761723,0.001978965156871901,0.017121383941476,0.0006003602161296778,0.0012007204322593557,0.0007337735974918284,0.00026682676272430126,0.002334734173837636,0.0007782447246125453,0.00013341338136215063,0.00015564894492250907,0.002490383118760145,0.0010450714873368465,0.00213461410179441,0.0015787250127854491,0.00013341338136215063,0.0004891823983278857,0.44984768638961153,0.35905988037266806,0.1409734729726725,0.039623774264558737,0.010495186000489182,0.12339511648536346,0.1380549978990616,0.12456230449600822,0.10854848498996218,0.15738363135533873,0.10145198188524207,0.072318969139549,0.06354171529950044,0.11074279844997433,0.01974882114010925,0.006489565339184836,0.08889303889070452,0.005229002287688501,0.009570941687286989,0.08581166254260236,0.13674774732713946,0.033521639665717355,0.08310378635790654,0.02441757318268827,0.03002007563378309,0.015827069424342873,0.05126289742751763,0.041365143097250104,0.09463560390307671,0.0903870395443298,0.12059386525981605,0.06237452728885569,-2.3750136259833776,2.0936533656513228,-1.2528882337849057,2.2422393041222244,-11.104316,2.9228635
Reading,E06000038,155698,116387,101725,2269,90,12303,6180,2718,802,1428,1232,21161,6514,6967,695,1603,5382,10470,6087,3279,1104,1500,680,820,79852,7155,19571,10793,8018,7162,6814,7225,4042,9072,78169,54913,16770,4590,1256,79852,109,260,3949,466,890,4955,12396,3644,4719,8887,3290,821,7243,4586,3714,7763,8708,3452,2011,0.7475176302842682,0.13591054477257256,0.0672455651325001,0.03969222469138974,0.009634035119269354,0.6533481483384501,0.014573083790414778,0.0005780421071561613,0.07901835604824725,0.004463769605261468,0.010295572197459184,0.04183740317794705,0.044746881783966394,0.034566918007938444,0.03909491451399504,0.02106000077072281,0.0070906498477822455,0.009171601433544426,0.0051509974437693486,0.017456871636116072,0.007912754177959896,0.004367429254068774,0.005266605865200581,0.5020552608254442,0.35268918033629204,0.10770851263343138,0.029480147464964225,0.008066898739868206,0.08960326604217803,0.24509091819866755,0.13516255071882982,0.10041075990582578,0.08969092821720183,0.0853328658017332,0.09047988779241598,0.05061864449231077,0.11361017883083704,0.0013650252967990783,0.0032560236437409206,0.04945398988128037,0.0058357962230125736,0.011145619395882383,0.06205229674898562,0.15523718879927867,0.04563442368381506,0.05909682913389771,0.11129339277663677,0.04120122226118319,0.010281520813504984,0.09070530481390572,0.05743124780844563,0.046511045434052996,0.09721735210138757,0.10905174572959976,0.043229975454590994,4.8659457728246345,-1.349266700946754,1.2672936710059666,-0.5109022446695004,12.477571,-9.318115
Redbridge,E09000026,278970,118646,96253,3900,140,18353,11456,3204,1692,3251,3309,116503,45660,31051,16011,3000,20781,24845,12357,9064,3424,7520,1551,5969,124692,13875,28543,16575,17382,10287,9200,10810,7458,10562,134230,97595,33470,10479,3196,124692,56,80,4340,242,326,9184,18770,7279,5969,7078,10527,2694,10387,6377,7405,14081,14277,5620,2011,0.42530021149227515,0.41761838190486433,0.08905975552926838,0.04106534752840807,0.02695630354518407,0.3450299315338567,0.0139799978492311,0.0005018460766390651,0.0657884360325483,0.05739326809334337,0.010753844499408539,0.16367351328099797,0.11130587518371152,0.07449188084740295,0.04429508549306377,0.03249094884754633,0.012273721188658278,0.01165358282252572,0.006065168297666416,0.011485105925368319,0.011861490482847618,0.005559737606194214,0.021396565938989854,0.4811628490518694,0.34984048463992545,0.11997705846506793,0.03756317883643402,0.01145642900670323,0.11127417957848137,0.22890802938440316,0.13292753344240207,0.13939948031950727,0.08249927822153787,0.0737817983511372,0.08669361306258622,0.05981137522856318,0.08470471241138164,0.000449106598659096,0.00064158085522728,0.034805761396079944,0.001940782087062522,0.002614441985051166,0.07365348218009174,0.15053090815770057,0.05837583806499214,0.047869951560645434,0.0567638661662336,0.08442402078721971,0.021605235299778654,0.08330125429057197,0.05114201392230456,0.05938632791197511,0.11292625028069163,0.11449812337599846,0.04507105507971642,7.726618502382796,-3.7942885058171116,1.9307926937163133,-0.6109695984494273,15.043779,-11.375572
Redcar and Cleveland,E06000003,135177,133203,131928,415,85,775,853,298,107,273,175,869,91,295,94,155,234,122,80,34,8,130,37,93,56354,4370,7420,6076,6087,7702,6834,5317,5369,7179,57285,45844,21449,8184,2415,56354,285,1126,5815,693,444,4976,8830,2651,3027,963,1103,898,2635,2441,3624,5545,8787,2511,2011,0.9853969240329346,0.006428608417112378,0.0009025203991803339,0.006310245086072335,0.0009617020647003558,0.9759648460906811,0.003070048898851136,0.0006288051961502326,0.005733223847252122,0.0006953845698602572,0.0011466447694504242,0.0006731914452902491,0.0021823239160508076,0.0017310637164606405,0.000591816655200219,0.0002515220784600931,5.91816655200219e-05,0.002019574335870747,0.0007915547763302929,0.0022045170406208158,0.001294598933250479,0.00027371520303010125,0.0006879868616702546,0.4237777136643068,0.33914053426248547,0.1586734429673687,0.0605428438269824,0.017865465278856612,0.07754551584625759,0.13166767221492706,0.10781843347411009,0.10801362813642332,0.13667175355786634,0.12126912020442204,0.09435000177449693,0.0952727401781595,0.12739113461333712,0.0050573162508428865,0.019980835433154702,0.10318699648649608,0.012297263725733755,0.00787876636973418,0.08829896724278667,0.15668807892962344,0.04704191361748944,0.05371402207474181,0.017088405437058595,0.01957270113922703,0.015934982432480392,0.046757994108670195,0.04331547006423679,0.06430776874756007,0.09839585477517124,0.1559250452496717,0.04455761791532101,-4.877371970447999,-1.1598723055535438,-3.210296516423108,-0.5606925659947494,-1.0766584,20.269426
Redditch,E07000236,84214,77497,73591,629,9,3268,1655,1053,75,317,210,4029,720,2580,192,209,328,862,160,558,144,171,54,117,42922,4183,5625,4935,4907,5366,4003,3704,4768,5431,39391,29354,10913,3522,1034,42922,178,6,8192,220,304,3109,8015,1972,1805,1410,1051,405,2039,2276,2072,3277,5085,1506,2011,0.9202389151447503,0.04784240150093809,0.0102358277721044,0.019652314342033392,0.002030541240173843,0.8738570783955162,0.007469066900990334,0.00010687059158809699,0.03880589925665566,0.0022799059538794026,0.002481772626879141,0.00854964732704776,0.03063623625525447,0.0038948393378773127,0.0018999216282328355,0.006625976678462014,0.0017099294654095518,0.003764219725936305,0.0008905882632341416,0.012503859215807349,0.0024936471370555964,0.0006412235495285819,0.001389317690645261,0.4677488303607476,0.3485643717196666,0.12958652955565583,0.04182202484147529,0.012278243522454699,0.09745585014677788,0.13105167513163413,0.11497600298215367,0.11432365686594287,0.12501747355668422,0.09326219654256558,0.08629607194445739,0.11108522436046782,0.12653184846931642,0.004147057453054378,0.00013978845347374308,0.1908578351428172,0.005125576627370579,0.0070826149760029825,0.07243371697497787,0.1867340757653418,0.045943805041703555,0.04205302642001771,0.03285028656632962,0.024486277433483992,0.009435720609477657,0.04750477610549369,0.053026420017706535,0.048273612599599273,0.07634779367224268,0.11847071431899725,0.03508690182190951,-2.1623949177331983,-1.3796661587488432,1.8784728451832666,-0.6856841304567864,2.5635033,9.30794
Reigate and Banstead,E07000211,137835,124879,117092,1554,179,6054,3037,736,409,1111,781,6992,2192,1189,532,914,2165,2166,1312,603,251,761,266,495,71236,9835,14701,11262,9125,6869,6728,4531,3093,5092,71052,46908,14866,3844,1165,71236,173,135,3270,345,399,5915,9487,4481,3031,3771,6325,1209,6282,4209,3792,6325,8743,3344,2011,0.9060035549751515,0.050727318895781186,0.015714441179671346,0.02203359088765553,0.005521094061740487,0.8495084702724272,0.011274349766024594,0.00129865418797838,0.043922080748721296,0.003859687307287699,0.006631116915152175,0.01590307251423804,0.008626256030761418,0.01570718612834186,0.00951862734428846,0.004374795951681358,0.0018210178837015272,0.00806036202706134,0.0029673159937606557,0.005339717778503283,0.00566619508833025,0.0019298436536438494,0.0035912504080966375,0.5154859070627925,0.34031994776363045,0.10785359306417093,0.02788841731055247,0.008452134798853702,0.13806221573361782,0.20637037452973217,0.15809422202257287,0.1280953450502555,0.09642596440002246,0.0944466281093829,0.06360548037509124,0.04341905777977427,0.07148071199955079,0.002428547363692515,0.001895109214442136,0.045903756527598406,0.004843056881352125,0.0056011005671289795,0.08303385928463136,0.133177045314167,0.06290358807344601,0.04254871132573418,0.05293671739008367,0.0887893761581223,0.016971755853781797,0.0881857487787074,0.059085293952495926,0.053231512156774664,0.0887893761581223,0.12273288786568588,0.04694255713403336,3.4704661448912653,2.4724946406884745,1.65250310082336,-0.7347692811167167,4.312208,-13.907976
Rhondda Cynon Taff,W06000016,234410,228241,225716,582,53,1890,1506,550,192,420,344,3030,656,267,106,1065,936,1308,1140,99,69,325,160,165,99327,7756,13826,10216,11314,12922,11742,8940,9766,12845,105154,69544,37208,17396,5108,99327,223,335,12477,856,1096,10317,14910,3877,4968,1750,2957,1114,3313,4058,7613,10040,15261,4162,2011,0.9736828633590717,0.012926069706923766,0.005579966724969071,0.006424640587005674,0.001386459622029777,0.9629111386033019,0.002482829230834862,0.00022609956913100977,0.008062795955803934,0.00045219913826201953,0.0045433215306514224,0.0027985154216970264,0.0011390299048675398,0.0039930037114457575,0.0048632737511198326,0.0004223369310183013,0.00029435604283093727,0.0017917324346230963,0.0008190776843991297,0.002346316283435007,0.0014675141845484408,0.0006825647369992747,0.0007038948850305022,0.4485900772151359,0.2966767629367348,0.15873042958918135,0.07421185103024615,0.021790879228701848,0.07808551551944587,0.13919679442649027,0.10285219527419534,0.1139065913598518,0.13009554300441975,0.1182155909269383,0.09000573862091878,0.0983217050751558,0.1293203257925841,0.0022451095875240367,0.003372698259284988,0.12561539158536952,0.008617999134172985,0.011034260573660738,0.10386903862997976,0.15011024192817662,0.03903269000372507,0.05001661179739648,0.01761857299626486,0.029770354485688686,0.011215480181622318,0.03335447562092885,0.04085495383933875,0.07664582641175108,0.10108027021857098,0.15364402428342747,0.041902000463116776,-4.729498547042335,-1.7624723101418567,-3.086044024120141,-2.6212575022977136,-6.8950276,19.234545
Ribble Valley,E07000124,57132,55904,54757,332,6,809,360,93,33,163,71,729,204,295,32,109,89,92,65,12,15,47,9,38,28713,3954,5796,3232,2969,4030,2758,1562,1807,2605,29415,18376,7049,1805,487,28713,835,37,3760,78,190,2259,4328,745,1781,642,682,405,1754,902,1579,3559,3899,1278,2011,0.9785059161240636,0.01275992438563327,0.001610305958132045,0.00630119722747322,0.0008226563046978926,0.9584296016243086,0.005811104109780858,0.00010501995379122033,0.014160190436182874,0.0005601064202198418,0.0019078624938738361,0.0035706784289014915,0.005163481061401666,0.0015577959812364348,0.0011377161660715536,0.00021003990758244065,0.00026254988447805085,0.002853042077994819,0.0005776097458517119,0.0016278092837639152,0.001242736119862774,0.0001575299306868305,0.0006651263740110621,0.5148603234614577,0.32164111181124416,0.12338094237905202,0.03159350276552545,0.008524119582720717,0.13770765855187544,0.2018597847664821,0.11256225403127504,0.10340263991920036,0.14035454323825444,0.09605405217149027,0.054400445791105076,0.06293316616166893,0.09072545536864834,0.029080904120084978,0.0012886149131055619,0.13095113711559225,0.0027165395465468603,0.006617211715947481,0.07867516455960714,0.1507331174032668,0.02594643541253091,0.06202765297948665,0.022359210113885697,0.023752307317243062,0.014105109183993313,0.061087312367220425,0.031414341935708565,0.054992512102531955,0.12395082366872148,0.13579214989725907,0.04450945564726779,-1.213620978309076,3.6988092724873667,-1.5748746376463438,0.2968309197179496,-7.4232144,2.8776002
Richmond upon Thames,E09000027,186990,160725,133582,4766,95,22282,6780,1250,731,2857,1942,13607,5202,1163,867,1753,4622,2816,1643,840,333,3062,1172,1890,99204,17333,29443,20379,9473,5249,6133,4501,2225,4468,107217,57088,16662,4617,1406,99204,52,563,3528,423,236,4283,10320,4036,3953,11256,7260,2154,15264,4743,4556,11113,8394,7070,2011,0.859537943205519,0.0727685972511899,0.015059628857158136,0.03625862345579978,0.016375207230333172,0.7143804481523076,0.025487994010374885,0.0005080485587464571,0.11916145248409006,0.004636611583507139,0.00937483287876357,0.027819669501042837,0.006219583934969785,0.024717899352906574,0.00878656612653083,0.004492218835231831,0.0017808438953954757,0.015278891919353976,0.003909299962564843,0.006684849457190224,0.010385582116690733,0.006267714851061554,0.010107492379271618,0.5733836034012514,0.3052997486496604,0.08910636932456281,0.024691159955077813,0.007519118669447564,0.17472077738800854,0.2967924680456433,0.20542518446836822,0.09549010120559655,0.052911172936575136,0.06182210394742148,0.04537115438893593,0.02242853110761663,0.0450385065118342,0.0005241724124027257,0.005675174388129511,0.03556308213378493,0.004263940970122173,0.0023789363332123704,0.043173662352324504,0.10402806338454094,0.04068384339341156,0.039847183581307205,0.11346316680779,0.07318253296238054,0.021712834159912906,0.1538647635176001,0.04781057215434861,0.045925567517438814,0.11202169267368252,0.08461352364823999,0.0712672876093706,10.396411904438907,5.408760035455119,-1.3243176853704577,-1.3482811669598842,11.089537,-16.413755
Richmondshire,E07000166,51965,49556,48516,200,19,821,502,155,74,108,165,1247,75,27,20,78,1047,496,245,80,171,164,15,149,27795,3374,3270,6794,2343,3926,2163,1487,1471,2967,26678,17383,5988,1523,393,27795,1296,77,1678,48,134,2025,3143,800,2129,485,367,336,1042,1102,7223,2013,2565,1332,2011,0.9536418743384971,0.023996921004522276,0.009544885980948716,0.009660348311363417,0.003155970364668527,0.933628403733282,0.0038487443471567403,0.00036563071297989033,0.01579909554507842,0.000384874434715674,0.0015010102953911285,0.0014432791301837776,0.0005195804868661599,0.020148176657365534,0.0047147118252670065,0.001539497738862696,0.0032906764168190127,0.0020783219474646395,0.0014240354084479939,0.0029827768690464736,0.0031752140864043108,0.0002886558260367555,0.0028673145386317713,0.5133840084672375,0.3345136149331281,0.11523140575387279,0.029308188203598574,0.007562782642162994,0.12138873898183127,0.11764705882352941,0.2444324518798345,0.08429573664328116,0.14124842597589496,0.07781975175391258,0.05349883072495053,0.052923187623673325,0.10674581759309228,0.04662709120345386,0.0027702824248965643,0.0603705702464472,0.0017269293038316245,0.0048210109731966185,0.07285483000539665,0.11307789170714157,0.028782155063860407,0.0765965101636985,0.017449181507465373,0.013203813635545961,0.01208850512682137,0.03748875697067818,0.03964741860046771,0.25986688253282964,0.07242309767943875,0.09228278467350243,0.04792228818132758,-0.1162966237870098,4.330603536245009,-1.8182486059194811,2.164957282825052,-8.481952,-0.8559539
Rochdale,E08000005,211699,172874,166481,2131,186,4076,3569,1057,601,1348,563,31630,1105,22265,4342,948,2970,2770,2131,285,354,856,308,548,90753,8295,12413,9382,10711,10805,10074,8456,9076,11541,94233,70158,31303,12453,3552,90753,119,41,10334,301,765,7630,16713,5530,4413,2162,2830,1385,3881,4385,4898,8711,12990,3665,2011,0.8166028181521878,0.14941024756848167,0.013084615420951445,0.016858842035153684,0.004043476823225429,0.7864042815506923,0.010066178867165173,0.0008786059452335627,0.019253751789096784,0.02051025276453833,0.00447805610796461,0.005219675104747779,0.10517291059475954,0.014029352996471406,0.010066178867165173,0.001346251045115943,0.001672185508670329,0.00636753125900453,0.00283893641443748,0.004992938086622988,0.0026594362750886873,0.0014548958663007383,0.00258858095692469,0.44512727976986194,0.33140449411664674,0.14786560163250653,0.05882408513975031,0.016778539341234487,0.09140193712604543,0.13677784756426783,0.10337950260597446,0.11802364660121428,0.11905942503278129,0.11100459488942514,0.09317598316309103,0.10000771324363933,0.1271693497735612,0.0013112514186858837,0.00045177569887496833,0.11386951395546152,0.003316694764911353,0.008429473405837823,0.08407435566868313,0.18415920134871575,0.06093462475069695,0.04862649168622525,0.023822903926041014,0.03118354214185757,0.015261203486386125,0.042764426520335415,0.0483179619406521,0.053970667636331585,0.09598580763170364,0.14313576410697168,0.040384339911628264,-1.991234333609756,-3.1007584268181128,0.20981205087145127,-1.312737114349523,8.937673,11.023274
Rochford,E07000075,83287,80937,79628,468,49,792,905,296,127,304,178,881,262,42,81,228,268,433,235,95,103,131,40,91,40662,4784,5924,5665,6728,5380,3289,3144,2535,3213,39774,29085,10832,2816,780,40662,207,12,3393,173,271,4280,5754,1951,1363,1265,4894,615,2649,1676,2533,3609,4159,1858,2011,0.9717843120775151,0.010577881302003914,0.005198890583164239,0.01086604151908461,0.001572874518232137,0.9560675735709054,0.005619124233073589,0.0005883271098730894,0.009509287163662996,0.0009725407326473519,0.0027375220622666203,0.003145749036464274,0.0005042803798912195,0.003217789090734448,0.0028215687922484903,0.0011406341926110918,0.0012366875983046573,0.003650029416355494,0.0015248478153853543,0.003553976010661928,0.002137188276681835,0.0004802670284678281,0.001092607489764309,0.4775535197569849,0.3492141630746695,0.13005631130908785,0.0338107988041351,0.009365207055122648,0.1176528454084895,0.14568884954011116,0.13931926614529536,0.16546161034872855,0.13231026511238994,0.08088633121833654,0.07732034823668289,0.062343219713737644,0.07901726427622842,0.005090748118636565,0.00029511583296443856,0.083444001770695,0.004254586591903989,0.006664699227780237,0.10525798042398309,0.14150804190644828,0.04798091584280163,0.03352024002754415,0.031110127391667897,0.12035807387733019,0.015124686439427475,0.0651468201268998,0.041217844670699916,0.0622940337415769,0.08875608676405489,0.10228222910825832,0.045693768137327236,-0.24105381385381636,2.5764862608457753,2.418774862837892,-1.3501989009125612,-2.907652,-12.981027
Rossendale,E07000125,67982,63778,62516,541,47,674,602,199,64,218,121,3396,186,1139,1638,233,200,123,49,63,11,83,37,46,32808,3780,5411,3945,3458,4242,3678,2440,2831,3023,31438,22508,9603,3475,958,32808,107,23,4507,94,252,2878,5337,1369,1270,817,809,471,1618,1455,1948,3564,4889,1400,2011,0.9381601012032597,0.04995439969403666,0.001809302462416522,0.008855285222558913,0.0012209114177282221,0.9195963637433439,0.007957988879409255,0.0006913594775087523,0.009914389102997852,0.02409461327998588,0.0034273778353093465,0.0027360183578005945,0.01675443499749934,0.0029419552234414992,0.0007207790297431673,0.0009267158953840723,0.00016180753728928246,0.003206731193551234,0.0009414256715012798,0.0029272454473242915,0.001779882910182107,0.0005442617163366774,0.0006766497013915449,0.46244594157276925,0.3310876408461063,0.1412579800535436,0.05111647200729605,0.014091965520284782,0.11521580102414046,0.16492928554011216,0.1202450621799561,0.1054011216776396,0.1292977322604243,0.11210680321872714,0.07437210436478908,0.0862899292855401,0.09214216044867106,0.0032613996586198487,0.0007010485247500609,0.13737503048037064,0.002865154840282858,0.007681053401609363,0.08772250670568155,0.16267373811265545,0.04172762740794928,0.038710070714459886,0.02490246281394782,0.024658619848817363,0.014356254572055596,0.04931723969763473,0.044348939283101685,0.05937576200926603,0.10863204096561814,0.1490185320653499,0.042672518897829796,-2.2892658433735087,0.4595365387055533,-0.8415602562140555,-1.1566867385081687,-4.969305,2.3154795
Rother,E07000064,90588,87951,85279,596,134,1942,1031,267,107,405,252,1103,276,16,109,217,485,305,181,76,48,198,72,126,37583,4945,6069,4372,4294,5751,4278,2592,1934,3348,36737,33152,14960,4463,1276,37583,670,29,2135,162,266,3798,5595,1422,2123,1054,1743,637,2499,1747,2051,3742,5721,2189,2011,0.9708901841303484,0.012176005651962732,0.0033668918620567844,0.011381198392723097,0.0021857199629089948,0.9413940036207886,0.006579237868150307,0.0014792246213626529,0.021437718020046806,0.0012032498785711132,0.0023954607674305647,0.0030467611604185984,0.00017662383538658542,0.005353910010155871,0.0019980571378107478,0.0008389632180862808,0.0005298715061597563,0.004470790833222943,0.00118117189914779,0.002947410253013644,0.0027818254073387204,0.0007948072592396343,0.0013909127036693602,0.4055393650373118,0.365964586921005,0.16514328608645737,0.04926701108314567,0.014085750872080187,0.13157544634542212,0.16148258521139877,0.11632919138972407,0.11425378495596414,0.15302131282760822,0.11382806055929542,0.06896735226033048,0.051459436447329907,0.08908283000292685,0.01782720911050209,0.0007716254689620307,0.056807599180480534,0.004310459516270655,0.007077668094617247,0.10105632865923422,0.14887049996008833,0.0378362557539313,0.056488305882979005,0.028044594630551048,0.046377351462097226,0.01694915254237288,0.06649282920469361,0.046483782561264404,0.054572546097969826,0.09956629327089375,0.1522230795838544,0.05824441901923742,-1.9866845762472074,1.1238326808636683,-1.0558590723147863,1.3742723291202752,-7.7394958,-2.9971561
Rotherham,E08000018,257280,240758,236438,776,126,3418,2551,787,301,865,598,10551,961,7609,109,592,1280,2112,1672,283,157,1308,581,727,114871,10285,14407,11387,12652,15018,11983,12670,12205,14264,111232,87237,39278,15114,4419,114871,365,422,15383,715,1212,10978,20101,6194,5212,2682,3485,1009,4264,5883,6317,10818,15291,4540,2011,0.935782027363184,0.0410097947761194,0.008208955223880597,0.009915267412935323,0.005083955223880597,0.9189909825870647,0.0030161691542288558,0.0004897388059701492,0.013285136815920398,0.0004236629353233831,0.002300995024875622,0.0037352300995024874,0.02957478233830846,0.004975124378109453,0.006498756218905472,0.0010999689054726368,0.0006102300995024875,0.0033620957711442785,0.001169931592039801,0.003058924129353234,0.00232431592039801,0.002258240049751244,0.002825715174129353,0.43233830845771143,0.3390741604477612,0.15266635572139303,0.05874533582089552,0.017175839552238805,0.08953521776601579,0.125418948211472,0.09912858772013824,0.11014094070740221,0.1307379582314074,0.1043170164793551,0.11029763822026448,0.10624961913798957,0.1241740735259552,0.0031774773441512654,0.003673686134881737,0.13391543557555868,0.006224373427583986,0.010550965866058448,0.09556807201121258,0.17498759478023174,0.05392135525937791,0.04537263539100382,0.023347929416475875,0.030338379573608656,0.008783766137667471,0.03711989971359177,0.05121397045381341,0.05499212159726998,0.09417520523021476,0.13311453717648492,0.039522594910812996,-4.1302236458454775,-2.3039518373020753,-0.00625869218823037,-1.19912111353832,-2.550853,15.422625
Rugby,E07000220,100075,90565,84210,1025,160,5170,1986,879,210,563,334,5225,3061,612,140,432,980,1987,1002,754,231,312,102,210,50485,5736,8914,6103,5621,5300,4019,3420,3973,7399,47711,35306,12580,3508,970,50485,445,40,5991,411,313,3403,9127,4283,2384,1751,1257,530,2944,2246,2795,5067,5332,2166,2011,0.9049712715463403,0.05221084186859855,0.019855108668498624,0.019845116162877843,0.0031176617536847365,0.8414688983262553,0.010242318261304022,0.0015988008993255058,0.05166125405945541,0.0013989507869098176,0.004316762428178866,0.030587059705221083,0.00611541343992006,0.009792655508368723,0.01001249063202598,0.007534349238071446,0.002308268798401199,0.005625780664501623,0.0020984261803647267,0.008783412440669498,0.0033374968773419935,0.00101923557332001,0.0020984261803647267,0.47675243567324505,0.35279540344741445,0.1257057207094679,0.03505370971771172,0.00969273045216088,0.1136179063088046,0.17656729721699516,0.120887392294741,0.11134000198078638,0.10498167772605725,0.07960780429830643,0.06774289392888977,0.07869664256709914,0.1465583836783203,0.00881449935624443,0.0007923145488759037,0.11866891155788849,0.00814103198969991,0.006199861344953947,0.0674061602456175,0.18078637218975935,0.0848370803208874,0.04722194711300386,0.034683569377042686,0.024898484698425274,0.010498167772605725,0.05831435079726652,0.044488461919381994,0.055362979102703776,0.1003664454788551,0.10561552936515797,0.04290383282163019,-0.04822048703024744,-0.11342022623580503,2.234114020202421,0.20813461904871508,3.9619734,1.584488
Runnymede,E07000212,80510,71633,64397,1073,220,5943,1671,348,217,638,468,5561,2022,378,235,1173,1753,862,584,195,83,783,365,418,40651,5464,7676,5848,5034,4255,3649,3023,1990,3712,41319,27451,8767,2371,602,40651,109,160,2426,259,199,2915,6344,3518,2135,2765,1358,586,3313,2223,1905,3788,4182,2466,2011,0.8897404049186437,0.06907216494845361,0.010706744503788349,0.02075518569121848,0.009725499937895914,0.7998633710098124,0.013327536951931437,0.0027325798037510867,0.07381691715314868,0.002918892063097752,0.014569618680909203,0.025114892559930442,0.004695068935535958,0.02177369270898025,0.007253757297230158,0.002422059371506645,0.0010309278350515464,0.007924481430878151,0.002695317351881754,0.004322444416842628,0.005812942491615948,0.004533598310768849,0.005191901627127065,0.5132157495963234,0.3409638554216867,0.10889330517948081,0.02944975779406285,0.007477332008446156,0.13441243757841134,0.18882684312809034,0.14385869966298492,0.12383459201495658,0.10467147179651178,0.0897640894442941,0.07436471427517158,0.04895328528203488,0.09131386681754447,0.0026813608521315587,0.0039359425352389855,0.059678728690561116,0.006371306978918108,0.004895328528203488,0.07170795306388526,0.1560601215222258,0.08654153649356719,0.052520233204595215,0.06801800693709872,0.03340631226784089,0.014415389535312784,0.08149861012029225,0.05468500159897666,0.046862315810189174,0.09318343952178298,0.10287569801480899,0.06066271432437086,3.4479036568658046,1.5196650716113285,1.9520937633605866,0.25291019423763283,8.958665,-11.996708
Rushcliffe,E07000176,111129,103504,100363,810,23,2308,1949,736,159,723,331,4614,2361,1072,40,558,583,627,202,349,76,435,153,282,55346,7869,14585,7928,6135,4861,3838,3651,2365,4114,57689,36222,12779,3468,971,55346,564,97,4466,536,287,3648,8336,1664,2265,2573,1790,807,5049,2065,3942,7884,6548,2825,2011,0.9313860468464578,0.041519315390222175,0.005642091623248657,0.01753817635360707,0.003914369786464379,0.903121597422815,0.007288826498933671,0.00020696667836478326,0.020768656246344337,0.00035994204933005786,0.005021191588154307,0.021245579461706667,0.00964644692204555,0.0052461553689855936,0.0018177073491167921,0.0031404943804047548,0.0006838898937271099,0.006505952541640796,0.00143076964608698,0.006622933707673064,0.0029785204582062287,0.0013767783386874712,0.002537591447776908,0.5191174220950427,0.3259455227708339,0.11499248620972023,0.031206975676916018,0.008737593247487154,0.14217829653452824,0.26352401257543456,0.14324431756585843,0.11084811910526506,0.08782929208976259,0.06934557149568171,0.06596682687095726,0.04273118201857406,0.07433238174393814,0.01019043833339356,0.0017526108481191053,0.08069237162577242,0.00968453004733856,0.005185559932063744,0.06591262241173708,0.1506161240198027,0.03006540671412568,0.040924366711234776,0.04648935785783977,0.03234199400137318,0.01458099953022802,0.09122610486756044,0.03731073609655621,0.07122465941531457,0.14244931883062914,0.11831026632457631,0.05104253243233477,2.1884707325340536,4.0321866592645454,-0.7648847515288508,-2.1289688736901384,7.1938763,-8.174076
Rushmoor,E07000092,93807,79520,75511,718,155,3136,2057,624,342,644,447,9755,1310,635,206,497,7107,1868,1115,538,215,607,134,473,51087,5077,7495,8260,6011,5745,5041,4405,3186,5867,46970,33340,10099,2625,773,51087,51,44,3572,213,366,3785,8072,2550,2751,3189,1907,519,3062,3457,5903,3712,5637,2297,2011,0.8476979329900753,0.10399010734806571,0.019913226091869476,0.021928001108659268,0.006470732461330178,0.804961250226529,0.007654013026746405,0.0016523287174731098,0.03343034101932692,0.002195998166448133,0.005298112081187971,0.013964842708966281,0.00676921764900274,0.07576193674246058,0.01188610658053237,0.005735179677422793,0.0022919398339143133,0.0068651593164689205,0.0036457833637148613,0.006651955610988519,0.004765102817486968,0.0014284648267186885,0.00504226763461149,0.5007089023207223,0.3554105770358289,0.1076572110823286,0.027982986344302664,0.008240323216817507,0.09937948988979584,0.1467105134378609,0.16168496877874997,0.1176620275216787,0.11245522344236303,0.09867480963845988,0.08622545853152465,0.062364202243232136,0.11484330651633488,0.000998297022725938,0.0008612758627439466,0.06991994049366766,0.004169358153737742,0.0071642492219155555,0.0740892986474054,0.1580049719106622,0.04991485113629691,0.05384931587292266,0.06242292559751013,0.037328478869379685,0.01015914029009337,0.05993697026640828,0.06766887857967781,0.11554798676767083,0.0726603636933075,0.11034118268835516,0.04496251492551921,1.915615150593155,-0.28375385225676925,2.6540632500418067,0.24451688308742597,1.9769511,-18.338375
Rutland,E06000017,37369,36301,35241,217,58,785,389,123,23,141,102,365,113,38,7,125,82,251,116,107,28,63,5,58,18037,2752,3203,2857,1552,2214,1459,1078,1092,1830,18828,12718,4532,1008,283,18037,413,18,2003,45,131,1158,2812,538,949,518,387,216,1198,693,2177,2386,1585,810,2011,0.9714201610960957,0.009767454307045948,0.00671679734539324,0.0104096978779202,0.0016858893735449169,0.9430544033824828,0.005806952286654714,0.0015520886296127806,0.021006716797345393,0.00018732104150499077,0.0033450185983034068,0.0030238968128662794,0.0010168856538842355,0.0021943322004870348,0.0031041772592255612,0.002863335920147716,0.0007492841660199631,0.0037731809788862426,0.0006154834220878268,0.003291498300730552,0.00272953517621558,0.00013380074393213627,0.0015520886296127806,0.5038400813508523,0.3403355722657818,0.12127699430008831,0.02697422997671867,0.007573122106558913,0.15257526196152355,0.1775794200809447,0.1583966291511892,0.0860453512224871,0.1227476853135222,0.08088928314021179,0.05976603648056772,0.060542218772523144,0.10145811387703055,0.022897377612685035,0.0009979486610855464,0.1110495093419083,0.002494871652713866,0.0072628485890114764,0.06420136386317014,0.15590175749847535,0.02982757664800133,0.05261407107612131,0.028718744802350725,0.021455896213339248,0.011975383933026556,0.06641902755447136,0.03842102345179354,0.12069634639906858,0.13228363918611744,0.08787492376781061,0.04490768974884959,-0.03345593078556985,4.234304699370412,-0.3008322854192898,0.7253553715358175,-0.3033153,-6.239836
Ryedale,E07000167,51751,51064,49802,262,81,919,302,80,46,105,71,273,35,5,7,85,141,80,67,8,5,32,10,22,25504,3179,3595,2344,2353,4849,2358,1608,2115,3103,23555,18476,7329,1846,545,25504,1876,56,2955,60,157,2094,3998,862,1902,389,458,423,1481,889,1123,2347,2627,1807,2011,0.9867248942049429,0.0052752603814419045,0.0015458638480415838,0.005835636026356978,0.0006183455392166335,0.9623388920020869,0.005062704102336187,0.0015651871461421036,0.017758110954377692,0.00013526308670363857,0.0016424803385441827,0.0006763154335181928,9.661649050259898e-05,0.0027245850321732912,0.0012946609727348263,0.00015458638480415839,9.661649050259898e-05,0.002028946300554579,0.0008888717126239107,0.0015458638480415838,0.0013719541651369056,0.00019323298100519797,0.0004251125582114355,0.45516028675774384,0.35701725570520376,0.14162045177870958,0.03567080829355954,0.010531197464783289,0.12464711417816814,0.14095828105395233,0.09190715181932246,0.09226003764115433,0.19012703889585947,0.09245608531994981,0.06304893350062735,0.08292816813048934,0.12166718946047679,0.07355708908406525,0.00219573400250941,0.1158641781681305,0.0023525721455457966,0.006155897114178168,0.0821047678795483,0.15675972396486826,0.03379861982434128,0.07457653701380175,0.015252509410288582,0.017957967377666247,0.016585633626097867,0.058069322459222084,0.03485727728983689,0.0440323086574655,0.09202478042659976,0.1030034504391468,0.07085163111668757,-2.820959515267071,2.529060462930462,-1.3553330833828245,4.937040100602131,-9.262378,7.0683413
Salford,E08000006,233933,210862,197445,2882,193,10342,4616,1647,1058,929,982,9429,2553,1843,605,2547,1881,6541,5354,666,521,2485,1425,1060,106904,9470,16122,12980,13900,10474,10830,11478,7897,13753,107689,75685,32849,13741,3969,106904,107,55,8110,682,957,7735,19032,5544,7051,3645,4743,1719,6456,6643,5490,9334,14597,5004,2011,0.9013777449098673,0.04030641251982405,0.027960997379591592,0.019732145528848003,0.010622699661868996,0.844023716192243,0.012319766770827545,0.0008250225491914352,0.0442092393976053,0.0025862105816622707,0.010887732812386452,0.010913381181791368,0.007878324135543083,0.008040763808440878,0.02288689496565256,0.0028469690039455743,0.00222713340999346,0.0039712225295276855,0.004522662471733359,0.00704047740164919,0.004197783125937768,0.006091487733667332,0.004531211928201664,0.46034120880765006,0.323532806401833,0.14042054776367593,0.05873904066548969,0.016966396361351326,0.08858415026565891,0.1508082017511038,0.12141734640425055,0.1300231983835965,0.09797575394746688,0.1013058444959964,0.10736735762927486,0.07387001421836414,0.12864813290428795,0.001000898001945671,0.000514480281373943,0.07586245603532141,0.006379555489036893,0.008951956895906608,0.07235463593504453,0.1780288857292524,0.05185961236249345,0.06595637207213949,0.034096011374691315,0.044366908628302025,0.016079847339669235,0.06039063084636683,0.06213986380303824,0.051354486268053584,0.08731198084262516,0.13654306667664445,0.04680835141809474,-0.04677785829210042,-2.7341919897446614,-0.5490576371339746,-1.6916788414879445,12.031428,0.4803359
Sandwell,E08000028,308063,215471,202822,2045,141,10463,10199,6163,515,2043,1478,59258,31400,13952,6588,839,6479,18357,4396,11382,2579,4778,901,3877,128630,9515,14312,12186,15511,16116,13053,12618,15989,19330,129182,107081,48087,18171,5542,128630,132,30,18741,1201,1414,9761,23348,8499,6475,2417,4009,1803,4564,6795,6076,11140,16806,5419,2011,0.6994381019466798,0.1923567581955639,0.05958846080184897,0.033106864504987614,0.015509814550919779,0.6583783187205214,0.006638252565222049,0.00045769858762655693,0.03396383207330968,0.021385236136764234,0.002723468900841711,0.10192720320194246,0.0452894375501115,0.021031412405903987,0.014269808448271944,0.03694698811606717,0.00837166423750986,0.006631760386674154,0.0016717359760828143,0.020005648195336668,0.00479771994689398,0.002924726435826438,0.01258508811509334,0.41933630458704874,0.34759448554354144,0.1560946949162996,0.05898468819689479,0.01798982675621545,0.07397185726502371,0.11126486822669673,0.09473684210526316,0.12058617740806965,0.12528959029775324,0.10147710487444608,0.09809531213558267,0.12430226230272876,0.15027598538443598,0.0010261991759309649,0.00023322708543885564,0.14569696027365311,0.009336857653735521,0.010992769960351395,0.07588431936562233,0.18151286636088004,0.0660732333048278,0.05033817927388634,0.01879032885019047,0.031166912850812408,0.014016947834875223,0.03548161393143124,0.0528259348519008,0.04723625903754956,0.08660499105962839,0.13065381326284692,0.042128585866438625,-1.4841435795528284,-6.209872291304167,1.100079676475327,-0.3423501815353485,11.143385,7.1624627
Scarborough,E07000168,108793,106104,103625,301,37,2141,869,228,109,324,208,1364,383,169,109,287,416,240,176,51,13,216,123,93,48359,5773,6173,4170,4170,7656,5190,4493,4018,6716,45241,38721,17588,5712,1531,48359,1050,414,5026,178,246,3914,7970,1713,5795,631,635,609,1809,1700,2218,4338,7487,2626,2011,0.9752833362440598,0.012537571351097957,0.0022060242846506668,0.007987646264005957,0.0019854218561856,0.952496943737189,0.0027667221236660445,0.00034009541055031114,0.01967957497265449,0.0010019026959455111,0.002638037373728089,0.0035204470875883557,0.001553408767108178,0.0038237754267278225,0.0016177511420771558,0.0004687801604882667,0.00011949298208524445,0.0029781327842784,0.0010019026959455111,0.0020957230704181334,0.0019118877133639113,0.0011305874458834668,0.0008548344103021334,0.41584476942450344,0.35591444302482694,0.16166481299348304,0.05250337797468587,0.014072596582500712,0.11937798548357079,0.1276494551169379,0.0862300709278521,0.0862300709278521,0.15831592878264647,0.10732231849293823,0.09290928265679604,0.0830869124671726,0.13887797514423375,0.02171260778758866,0.008560971070534957,0.10393101594325772,0.0036808039868483633,0.005086953824520772,0.08093633036249716,0.16480903244483963,0.035422568704894644,0.11983291631340598,0.013048243346636613,0.013130958042970285,0.012593312516801423,0.037407721416902746,0.03515374594181021,0.045865299117020614,0.0897040881738663,0.15482123286254884,0.05430219814305507,-4.266154484040169,-0.6921448510814479,-3.447599429080174,2.7255394375745543,-13.931325,6.9476814
Sedgemoor,E07000188,114588,112724,109199,459,132,2934,869,285,105,278,201,735,144,34,150,139,268,140,76,54,10,120,34,86,54540,5970,7082,5349,5694,7868,5802,4491,5200,7084,51044,40291,16930,4994,1329,54540,1053,87,6058,824,660,5010,10502,2407,3370,1109,1100,585,2695,2250,2788,5135,6538,2369,2011,0.9837330261458442,0.006414284218242748,0.001221768422522428,0.007583691136942786,0.0010472300764477955,0.9529706426501903,0.004005655042412818,0.0011519530840925752,0.0256047753691486,0.0013090375955597444,0.0012130415052186965,0.0012566760917373547,0.00029671518832687544,0.0023388138374000767,0.0006632457150836039,0.000471253534401508,8.72691730373163e-05,0.002426083010437393,0.0009163263168918211,0.0024871714315635144,0.0017541103780500575,0.00029671518832687544,0.0007505148881209202,0.4454567668516773,0.3516162250846511,0.14774670995217648,0.04358222501483576,0.011598073096659335,0.10946094609460946,0.12984965163182985,0.09807480748074808,0.1044004400440044,0.14426109277594426,0.10638063806380638,0.08234323432343234,0.09534286762009535,0.12988632196552988,0.019306930693069307,0.001595159515951595,0.11107444077741108,0.015108177484415107,0.0121012101210121,0.09185918591859187,0.19255592225889256,0.044132746607994135,0.06178951228456179,0.020333700036670333,0.02016868353502017,0.010726072607260726,0.049413274660799415,0.041254125412541254,0.05111844517785112,0.09415108177484414,0.11987532086541988,0.043436010267693434,-4.136553429484115,-0.00673300083860884,0.29799872906324615,0.716822950282877,-6.141095,9.459506
Sefton,E08000014,273790,266741,259629,2312,120,4680,2820,830,488,760,742,2719,666,127,308,965,653,796,464,223,109,714,327,387,121919,11967,19587,14187,17625,12867,13154,11775,8272,12485,124069,89115,40620,15549,4437,121919,488,132,7924,391,853,9076,20109,6255,6297,3070,5485,1773,6217,5256,11196,12486,18882,6029,2011,0.9742539902845246,0.00993096899083239,0.0029073377406041126,0.010299864859929142,0.002607838124109719,0.9482778772051572,0.0084444282114029,0.00043829212169911244,0.017093392746265385,0.001124949779027722,0.0035245991453303625,0.002432521275430074,0.0004638591621315607,0.0023850396289126705,0.0016947295372365682,0.0008144928594908507,0.0003981153438766938,0.002775850104094379,0.0017823879615763906,0.003031520508418861,0.002710106285839512,0.0011943460316300814,0.0014134920924796376,0.45315387705905985,0.3254866868768034,0.14836188319514956,0.056791701669162496,0.016205851199824685,0.0981553326388832,0.16065584527432147,0.11636414340668805,0.14456319359574799,0.10553728295015544,0.10789130488275002,0.09658051657247844,0.06784832552760439,0.10240405515137099,0.004002657502112058,0.0010826860456532616,0.06499397140724579,0.003207047301897161,0.0069964484616835765,0.07444286780567426,0.16493737645485937,0.05130455466334206,0.05164904567786809,0.025180652728450856,0.04498888606369803,0.01454244211320631,0.05099287231686612,0.04311058981782987,0.09183146187222664,0.10241225731838352,0.15487331753049155,0.04945086491851147,-1.9378946479702677,-0.3487286140290263,-1.169798379684052,-2.3857443218052503,-9.735044,14.527597
Selby,E07000169,83449,82077,79686,326,158,1907,626,190,50,271,115,493,175,17,2,170,129,212,170,33,9,41,9,32,43286,5336,6669,5128,4932,5473,3821,3323,3984,4620,40351,28624,10654,3008,812,43286,966,208,5053,850,423,3661,6986,2180,2063,1135,1650,488,2590,1931,2421,4000,4760,1921,2011,0.983558820357344,0.005907799973636592,0.0025404738223345994,0.007501587796138959,0.0004913180505458424,0.9549065896535609,0.003906577670193771,0.0018933719996644658,0.022852281033924914,2.396673417296792e-05,0.0020371724047022733,0.002097089240134693,0.00020371724047022732,0.001545854354156431,0.0020371724047022733,0.0003954511138539707,0.00010785030377835564,0.0032474924804371534,0.000599168354324198,0.0022768397464319524,0.0013780872149456555,0.00010785030377835564,0.00038346774676748674,0.48354084530671426,0.3430118994835169,0.12767079293940012,0.03604596819614375,0.009730494074224976,0.12327311370882041,0.15406828997828398,0.11846786489858152,0.11393984198124105,0.12643810931941044,0.08827334473039782,0.07676847017511436,0.0920389964422677,0.10673196876588273,0.022316684378320937,0.004805248810238877,0.11673520306796654,0.0196368340803031,0.009772212724668484,0.08457699949175253,0.16139167398234996,0.05036270387654207,0.0476597514207827,0.02622094903664002,0.03811856027352955,0.011273852977868133,0.059834588550570625,0.044610266598900335,0.055930323892251534,0.09240863096613224,0.10996627084969736,0.044379245021485006,-2.296497302826504,1.8462802367538185,0.9222036386445256,-0.06758561423459905,-0.14849904,4.8138466
Sevenoaks,E07000111,114893,110029,104538,950,391,4150,1675,424,176,682,393,2085,712,106,146,500,621,853,569,204,80,251,84,167,56015,8044,10758,8142,7124,6545,4505,3740,2850,4307,58796,38344,13180,3569,1004,56015,435,93,3160,214,316,5261,8203,2343,2111,2617,4899,1116,5597,2868,2889,5523,5371,2999,2011,0.9576649578303291,0.018147319680050133,0.00742429913049533,0.014578781997162577,0.0021846413619628696,0.909872664130974,0.00826856292376385,0.003403166424412279,0.03612056435117892,0.0012707475651258127,0.004351875223033605,0.006197070317599853,0.0009225975472831242,0.005405029027007738,0.0049524340038122425,0.0017755650909977109,0.0006963000356853768,0.005935957804217838,0.001531860078507829,0.003690390189132497,0.0034205739253044135,0.0007311150374696457,0.001453526324493224,0.5117457112269677,0.3337366071040011,0.11471543087916583,0.031063685342013873,0.008738565447851478,0.14360439168079978,0.19205569936624117,0.1453539230563242,0.12718021958404,0.11684370257966616,0.08042488619119878,0.06676783004552352,0.050879228778005894,0.07689011871820048,0.007765777024011425,0.0016602695706507185,0.05641346068017495,0.0038204052485941264,0.0056413460680174955,0.0939212710881014,0.14644291707578327,0.041828081763813266,0.037686334017673837,0.04671962867089172,0.08745871641524591,0.019923234847808623,0.09991966437561367,0.05120057127555119,0.05157547085602071,0.09859858966348299,0.09588503079532268,0.05353923056324199,2.2695670477478176,3.895369042974787,1.649620318837475,-0.07583812433359766,2.270998,-13.879495
Sheffield,E08000019,552698,462544,446837,2891,358,12458,13289,5450,1296,3490,3053,44385,5868,21990,3326,7398,5803,20082,11543,5506,3033,12398,8432,3966,244318,20481,47803,27794,27279,26275,23217,23925,18199,29345,258250,184343,75733,26703,7669,244318,420,175,22721,688,1684,18544,37244,10214,14624,7927,8706,3476,13167,9932,13309,29847,39820,11820,2011,0.8368837954904849,0.08030606226185005,0.03633449008319191,0.02404387206032951,0.022431780104143675,0.8084650206803715,0.005230704652450344,0.0006477316726313466,0.02254033848503161,0.006017752913887874,0.013385248363482408,0.01061700965084006,0.03978664659542824,0.010499404738211465,0.020884823176490597,0.009962040752816185,0.005487626153885123,0.006314479154981563,0.0023448610271794,0.009860719597320778,0.005523812280847769,0.015256071127451159,0.007175708976692515,0.46725336440515436,0.33353296013374395,0.13702419766309992,0.04831390741417555,0.013875570383826249,0.08382927168689985,0.19565893630432468,0.1137615730318683,0.11165366448644799,0.10754426607945383,0.09502779164858913,0.09792565427025435,0.07448898566622189,0.12010985682593997,0.0017190710467505463,0.0007162796028127277,0.09299765060290277,0.0028160020956294663,0.006892656292209334,0.07590107974033841,0.1524406715837556,0.041806170646452576,0.059856416637333314,0.03244541949426567,0.03563388698335775,0.014227359425011665,0.05389287731562963,0.040651937229348636,0.054474087050483386,0.12216455602943704,0.16298430733715896,0.04837957088712252,0.5082881980900625,-1.8699077050286987,-1.9048149343633296,-1.6297262514401099,11.559535,-1.6013672
Shropshire,E06000051,306129,299874,292047,1410,312,6105,2168,765,231,669,503,3089,752,216,208,1020,893,580,302,164,114,418,179,239,150748,17708,23906,16971,15010,22984,15180,10837,11171,16981,142309,106909,41475,11979,3457,150748,5807,245,15942,547,1419,12527,24248,5864,8283,4021,2946,2027,7832,5932,10279,15144,20642,7043,2011,0.9795674372568427,0.010090517396261054,0.0018946261216676629,0.007081981778923265,0.0013654374463053158,0.9539997844046137,0.004605901433709318,0.001019178189586743,0.019942573228932902,0.0006794521263911618,0.00333192869672589,0.0024564807646449698,0.0007055849004831297,0.002917070908015902,0.0009865122219717831,0.0005357218688853392,0.0003723920308105407,0.0021853532334408046,0.0007545838519055692,0.0024989465225444176,0.0016430981710324733,0.0005847208203077788,0.000780716625997537,0.4648661185317301,0.34922859317477273,0.1354821006830454,0.039130562605960234,0.011292625004491571,0.11746756175869663,0.15858253509167616,0.11257860800806645,0.09957014355082655,0.15246636771300448,0.100697853371189,0.07188818425451747,0.07410380237217078,0.11264494387985247,0.038521240746145886,0.0016252288587576618,0.10575264680128427,0.0036285721866956776,0.009413060206437233,0.08309894658635604,0.1608512219067583,0.03889935521532624,0.054946002600366174,0.026673654045161463,0.01954254782816356,0.013446281211027675,0.05195425478281636,0.03935043914347122,0.06818664260885716,0.10045904423275931,0.13693050654071695,0.046720354498898824,-2.680083154288435,1.692972347670681,-0.7967742661741162,1.3999780870912681,-7.432283,4.9816093
Slough,E06000039,140205,64053,48401,1607,220,13825,4758,1667,607,1429,1055,55697,21922,24869,549,797,7560,12115,7548,3096,1471,3582,928,2654,67300,5512,10511,7390,7430,6663,6268,6322,6721,10483,67156,50464,16288,4906,1391,67300,101,52,5437,358,469,4082,11088,8469,4667,4747,1751,556,3336,5393,2434,4774,6909,2677,2011,0.4568524660318819,0.39725402089797085,0.08640918654826861,0.03393602225312935,0.025548304268749333,0.345215933811205,0.011461788096002283,0.0015691309154452408,0.09860561320922934,0.003915694875361079,0.005684533361862986,0.15635676331086623,0.17737598516458045,0.053921044185300096,0.05383545522627581,0.022081951428265755,0.010491779893727042,0.010192218537142042,0.0043293748439784605,0.011889732891123711,0.007524695980885132,0.006618879497878107,0.018929424770871225,0.4789843443529118,0.3599301023501302,0.11617274704896402,0.034991619414428875,0.009921186833565137,0.08190193164933135,0.1561812778603269,0.10980683506686478,0.11040118870728083,0.09900445765230312,0.09313521545319466,0.09393759286775631,0.09986627043090639,0.15576523031203565,0.00150074294205052,0.0007726597325408618,0.08078751857355126,0.005319465081723626,0.0069687964338781576,0.06065378900445765,0.16475482912332837,0.12583952451708766,0.06934621099554235,0.07053491827637444,0.02601783060921248,0.008261515601783061,0.04956909361069837,0.0801337295690936,0.03616641901931649,0.07093610698365528,0.10265973254086182,0.039777117384843984,4.183918994203571,-7.2422404989231834,5.286660263376895,1.6893434372227722,16.53365,-8.450172
Solihull,E08000029,206674,184244,177248,3935,70,2991,4404,2395,247,1156,606,13561,7098,3413,633,906,1511,3239,852,1930,457,1226,358,868,97941,12312,19446,12723,13260,9681,8093,7649,5895,8882,98197,70683,27056,8241,2497,97941,200,32,9837,1435,795,7621,15257,4435,4749,4261,4997,1520,6969,5230,4764,10211,11448,4180,2011,0.8914715929434762,0.06561541364661254,0.015672024541064672,0.0213089212963411,0.005932047572505492,0.8576211811838935,0.019039646980268443,0.00033869765911532173,0.01447206712019896,0.0030627945459999807,0.0043837154165497355,0.03434394263429362,0.016513930150865615,0.0073110308989035875,0.004122434365232202,0.009338378315608156,0.0022112118602243148,0.00559334991339017,0.0011951188828783494,0.011588298479731364,0.0029321540203412137,0.0017321965994755025,0.00419985097302999,0.47512991474496064,0.34200238056068977,0.1309114837860592,0.03987439155384809,0.012081829354442263,0.12570833460961192,0.19854810549208196,0.12990473856709653,0.13538763132906545,0.0988452231445462,0.08263138011660082,0.07809803861508459,0.06018929763837412,0.09068725048753841,0.002042045721403702,0.00032672731542459233,0.1004380188072411,0.014651678051071563,0.008117131742579716,0.07781215221408808,0.15577745785728142,0.0452823638721271,0.04848837565473091,0.043505784094505874,0.0510205123492715,0.015519547482668136,0.071155083162312,0.05339949561470681,0.048641529083836184,0.10425664430626602,0.11688669709314792,0.04267875557733738,1.0383466161232593,0.5757955822259528,1.169690017326374,-1.9109699432707183,9.224455,-4.9922147
South Bucks,E07000006,66867,56365,51541,1133,256,3435,1607,416,119,720,352,7533,4758,965,171,527,1112,709,354,278,77,653,174,479,33117,6241,6914,5216,4047,3105,2325,1749,1395,2125,35055,22267,7025,1959,561,33117,113,116,2514,187,207,2593,4819,2020,1617,2774,1311,660,3419,1665,1382,2947,3054,1719,2011,0.842941959411967,0.11265646731571627,0.01060313757159735,0.024032781491617687,0.00976565420910165,0.7707987497569803,0.016944083030493367,0.003828495371408916,0.051370631253084484,0.0025573152676207993,0.007881316643486324,0.07115617569204541,0.014431632943006267,0.01663002676955748,0.005294091255776392,0.00415750669238937,0.001151539623431588,0.010767643232087577,0.0017796521453033634,0.006221304978539489,0.00526418113568726,0.002602180447754498,0.007163473761347152,0.5242496298622639,0.33300432201235286,0.1050592968130767,0.02929696262730495,0.00838978868500157,0.18845306036174775,0.20877494942174715,0.15750218920795966,0.12220309810671257,0.09375849261708488,0.07020563456834858,0.05281275477851255,0.04212338074100915,0.06416644019687774,0.003412144819881028,0.0035027327354530905,0.07591267324938854,0.005646646737325241,0.006250566174472325,0.07829815502611952,0.14551438838059003,0.06099586315185554,0.04882688649334179,0.08376362593230063,0.039586919104991396,0.01992934142585379,0.1032400277802941,0.05027629314249479,0.04173083310686355,0.08898752906362291,0.09221849805235982,0.05190687562279192,4.93296005221417,3.6600855653336204,2.3236297955522134,0.22408841590212164,7.653878,-16.672403
South Cambridgeshire,E07000012,148755,138787,129812,1094,485,7396,2524,552,270,991,711,5540,2210,465,217,1189,1459,1268,760,341,167,636,253,383,79139,9819,21202,10352,8507,8286,6510,4660,3652,6151,78041,50147,15792,3739,1036,79139,979,67,6888,130,484,5309,10223,2280,2912,5042,1789,1112,9539,3169,3749,12093,9789,3585,2011,0.9329904877146986,0.037242445632079596,0.008524083224093308,0.01696749689086081,0.004275486538267622,0.8726563812981076,0.007354374642869147,0.0032603946085845853,0.04971933716513731,0.0014587744949749587,0.007993008638365096,0.014856643474168936,0.0031259453463749116,0.009808073678195691,0.005109071963967597,0.0022923599206749355,0.0011226513394507747,0.006661960942489328,0.001815065039830594,0.003710799636986992,0.0047796712715538975,0.0017007831669523714,0.00257470337131525,0.524627743605257,0.3371113576014252,0.1061611374407583,0.025135289570098484,0.006964471782461094,0.12407283387457511,0.26790836376502103,0.13080781915364106,0.10749440857225893,0.10470185370045111,0.08226032676682798,0.05888373621097057,0.04614665335675205,0.07772400459950214,0.012370639002261843,0.0008466116579688901,0.08703673283715993,0.0016426793363575481,0.006115821529208102,0.06708449689786325,0.12917777581217857,0.028810068360732383,0.036796017134409074,0.06371068626088275,0.022605794867258874,0.014051226323304565,0.12053475530395885,0.040043467822439,0.04737234486157268,0.15280708626593714,0.12369375402772337,0.045300041698783156,2.923118558992042,4.378484641960143,-0.05821092971300137,-0.8523942738780061,8.3011265,-9.847278
South Derbyshire,E07000039,94611,90527,88925,386,72,1144,1062,428,79,365,190,2375,1649,179,4,217,326,425,174,205,46,222,45,177,47886,5804,7715,5671,5218,5955,4224,3422,4677,5200,45075,32550,12348,3647,991,47886,570,162,8204,366,390,3748,7752,3012,2101,1230,915,459,2645,2010,1883,4572,5791,2076,2011,0.9568337719715466,0.025102789316252868,0.004492078088171566,0.011224910422678125,0.0023464502013507945,0.9399012799780152,0.00407986386360994,0.0007610108761137712,0.012091617253807696,4.2278382006320616e-05,0.0022936022238428935,0.017429262982105675,0.0018919575947828476,0.0034456881335151305,0.0018391096172749469,0.0021667670778239318,0.0004862013930726871,0.0038579023580767565,0.0008349980446248322,0.004523786874676306,0.0020082231453002293,0.00047563179757110694,0.0018708184037796874,0.4764245172337255,0.34404033357643404,0.13051336525351176,0.03854731479426282,0.010474469142065934,0.12120452741928747,0.16111180720878754,0.11842709769034791,0.10896713026771916,0.12435784989349706,0.08820949755669716,0.07146138746188865,0.0976694649793259,0.10859123752244915,0.011903270266883849,0.0033830347074301466,0.17132356012195632,0.007643152487156998,0.008144342814183686,0.0782692227373345,0.16188447562962036,0.06289938604184939,0.04387503654512801,0.02568600426011778,0.019107881217892496,0.009585265004385415,0.05523535062439962,0.04197468988848515,0.03932255774130226,0.09547675729858414,0.12093304932548135,0.04335296328780854,-2.1920273049438843,0.9906231876166651,0.9975864602717281,-0.17539809895167158,-0.6279554,6.9240546
South Gloucestershire,E06000025,262767,249574,241611,1223,271,6469,3667,1516,396,1016,739,6440,2699,698,238,1312,1493,2218,987,980,251,868,366,502,136531,14169,23682,16740,19070,16781,11637,12497,8650,13305,129141,91675,30940,8556,2455,136531,759,225,13336,912,983,11797,22296,6642,5591,5819,8753,1632,7876,5972,10383,11461,16784,5310,2011,0.9497920210680946,0.024508404784466847,0.00844093816955706,0.0139553292460621,0.0033033067318194447,0.9194876068912763,0.004654313517298596,0.0010313319404643658,0.024618768719055283,0.0009057453942085574,0.004993016626897594,0.010271457222558388,0.0026563457359561893,0.005681839804846119,0.0037561794289237235,0.0037295398585058246,0.0009552188821275122,0.003866543363512161,0.0015070385550697005,0.0057693698219335,0.002812377505546739,0.00139286896756442,0.0019104377642550244,0.4914658233339803,0.3488832311515525,0.11774690124711246,0.03256116635650595,0.009342877910848774,0.1037786290293047,0.1734551127582747,0.12260951725249211,0.13967523859050326,0.12290981535328972,0.08523339021907113,0.09153232599189927,0.06335557492437614,0.09745039588078898,0.005559177036716936,0.0016479773824259693,0.09767745054236766,0.006679801656766595,0.007199830075221012,0.08640528524657404,0.1633035720825307,0.04864829232921461,0.04095040686730486,0.04262035728149651,0.06410998234833115,0.011953329280529697,0.057686532728830814,0.04374098190154617,0.07604866294101706,0.08394430568881793,0.1229317883850554,0.038892266225252874,-0.5979536422230978,1.2959905044901872,1.8615400181976962,-1.4082581240511083,2.4411845,-5.196784
South Hams,E07000044,83140,81784,79681,371,45,1687,653,161,75,264,153,458,115,12,64,102,165,121,73,36,12,124,70,54,39999,5559,7530,4858,3713,6396,3665,2659,1875,3744,39414,28574,11075,3156,921,39999,1395,117,2904,155,214,3469,5876,1310,3051,1028,679,754,2582,1698,2734,4587,5317,2129,2011,0.9836901611739235,0.005508780370459466,0.0014553764734183306,0.007854221794563387,0.001491460187635314,0.9583954775078182,0.004462352658166947,0.000541255713254751,0.020291075294683665,0.0007697859032956459,0.0012268462833774356,0.0013832090449843637,0.0001443348568679336,0.0019846042819340872,0.000878037045946596,0.0004330045706038008,0.0001443348568679336,0.0031753668510945392,0.0009020928554245851,0.0019364926629781092,0.0018402694250661536,0.0008419533317296127,0.0006495068559057012,0.47406783738272795,0.3436853500120279,0.13320904498436373,0.03796006735626654,0.011077700264613905,0.13897847446186154,0.1882547063676592,0.12145303632590815,0.09282732068301708,0.15990399759994,0.09162729068226706,0.06647666191654791,0.04687617190429761,0.09360234005850146,0.03487587189679742,0.0029250731268281706,0.07260181504537613,0.0038750968774219356,0.0053501337533438335,0.08672716817920448,0.1469036725918148,0.03275081877046926,0.07627690692267307,0.0257006425160629,0.01697542438560964,0.018850471261781545,0.06455161379034476,0.042451061276531914,0.06835170879271982,0.11467786694667367,0.1329283232080802,0.05322633065826646,-1.1710083446304953,3.111909893335378,-2.019304102927,2.0040740687208984,-8.960031,3.5339503
South Holland,E07000140,88270,86370,79569,282,100,6419,796,247,138,233,178,747,251,48,54,176,218,257,137,72,48,100,13,87,41490,4437,4034,3605,4158,5932,3793,3129,6280,6122,35771,33149,13968,4167,1215,41490,2582,19,6552,153,303,3251,8615,2758,1497,615,851,366,1764,2504,1486,2787,3894,1493,2011,0.9784751331143083,0.008462671349269287,0.002911521468222499,0.009017786337373965,0.0011328877308258753,0.9014274385408406,0.003194743400928968,0.0011328877308258753,0.07272006344171293,0.0006117593746459726,0.00199388240625354,0.0028435482043729465,0.0005437861107964201,0.0024696952532004077,0.0015520561912314489,0.0008156791661946301,0.0005437861107964201,0.0026396284128242893,0.0015633850685397078,0.0027982326951399117,0.002016540160870058,0.00014727540500736376,0.0009856123258185114,0.4052452701937238,0.37554095389146935,0.15824175824175823,0.04720743174351422,0.013764585929534383,0.106941431670282,0.09722824777054712,0.0868884068450229,0.1002169197396963,0.14297421065316943,0.09141961918534587,0.07541576283441793,0.15136177392142686,0.1475536273800916,0.06223186309954206,0.000457941672692215,0.1579175704989154,0.00368763557483731,0.007302964569775849,0.07835623041696795,0.2076403952759701,0.06647384912026995,0.036080983369486626,0.01482284887924801,0.020510966497951314,0.008821402747650036,0.04251626898047722,0.06035189202217402,0.03581585924319113,0.06717281272595806,0.09385394070860448,0.03598457459628826,-4.507005365540196,-1.6670420194461975,2.4074558763161633,3.2981825669138174,4.177603,14.271203
South Kesteven,E07000141,133788,130394,125261,656,78,4399,1142,410,138,304,290,1580,509,93,63,436,479,509,330,117,62,163,48,115,66532,8212,10107,8022,7200,8375,6342,5379,5619,7276,62625,46999,17767,5005,1392,66532,1229,97,8571,318,601,5145,11595,2770,3303,1949,2017,783,3432,3054,4357,6427,7708,3176,2011,0.9746315065626214,0.011809728824707747,0.003804526564415344,0.008535892606212814,0.0012183454420426347,0.93626483690615,0.004903279815828027,0.0005830119293210154,0.03288037791132239,0.00047089425060543546,0.0032588871946661884,0.003804526564415344,0.0006951296080365952,0.003580291206984184,0.002466588931742757,0.000874517893981523,0.00046341973869106347,0.0022722516219690855,0.0010314826441833347,0.0030645498848925166,0.0021676084551678775,0.0003587765718898556,0.000859568870152779,0.46809130863754594,0.35129458546356923,0.13279965318264716,0.03740993213143182,0.010404520584805812,0.12342932724102687,0.15191186196116155,0.12057355858834846,0.10821860157518187,0.12587927613779834,0.09532255155413936,0.08084831359345879,0.08445560031263151,0.10936090903625323,0.01847231407443035,0.001457945048998978,0.12882522695845608,0.004779654902903866,0.00903324715926171,0.07733120904226537,0.17427703962003246,0.04163410088378525,0.04964528347261468,0.029294174231948536,0.03031623880238081,0.011768772921301029,0.05158420008417002,0.045902723501472974,0.06548728431431491,0.0966001322671797,0.11585402513076415,0.04773642758371911,-2.0357794906732125,1.2310751563366185,0.5429319647591823,0.3538414817530237,-2.5372903,1.600903
South Lakeland,E07000031,103658,101962,99089,355,36,2482,633,165,91,233,144,787,187,40,53,267,240,183,106,67,10,93,35,58,51672,6930,8423,5073,4724,8508,4709,4170,3051,6084,48461,36385,14117,3701,994,51672,1479,214,4631,313,270,4386,8921,1589,6155,966,885,694,2702,1911,2056,5651,5944,2905,2011,0.9836385035404889,0.007592274595303788,0.0017654209033552645,0.006106619846032144,0.0008971811148198884,0.9559223600686874,0.0034247236103339827,0.00034729591541415037,0.02394412394605337,0.0005112967643597214,0.0025757780393216153,0.001804009338401281,0.0003858843504601671,0.0023153061027610024,0.0010225935287194428,0.0006463562870207799,9.647108761504177e-05,0.0022477763414304732,0.0008778868972968802,0.0015917729456481893,0.0013891836616566015,0.0003376488066526462,0.0005595323081672423,0.46750853769125394,0.3510100522873295,0.13618823438615446,0.03570394952632696,0.009589226108935152,0.13411518810961448,0.16300897971822265,0.0981769623780771,0.09142282087010373,0.1646539712029726,0.09113252825514785,0.0807013469577334,0.059045517882025084,0.11774268462610311,0.028622851834649327,0.004141507973370491,0.0896230066573773,0.006057439232079269,0.00522526706920576,0.084881560613098,0.1726466945347577,0.030751664344325746,0.11911673633689425,0.018694844403158384,0.017127264282396654,0.013430871651958507,0.052291376374051714,0.03698327914537854,0.039789441089952006,0.10936290447437684,0.11503328688651494,0.05622000309645456,-2.323727231458935,1.934894379715095,-1.858648368156493,2.973559544004461,-10.892575,5.958642
South Norfolk,E07000149,124012,120981,117998,455,183,2345,1214,313,179,422,300,1270,433,64,60,325,388,378,259,68,51,169,70,99,60333,6975,10579,7170,6861,8375,5627,4607,4173,5966,57480,44400,16575,4297,1260,60333,1782,140,5587,199,366,5284,9740,2282,2591,1489,3161,986,3926,2324,3249,6416,8101,2710,2011,0.9755588168886882,0.01024094442473309,0.003048092120117408,0.009789375221752734,0.0013627713447085766,0.9515046930942167,0.0036689997742153984,0.0014756636454536659,0.01890946037480244,0.00048382414605038223,0.0026207141244395703,0.0034915975873302586,0.0005160790891204077,0.0031287294777924716,0.00208850756378415,0.0005483340321904332,0.0004112505241428249,0.0034028964938876884,0.0014434087023836404,0.002523949295229494,0.0024191207302519113,0.000564461503725446,0.0007983098409831307,0.46350353191626614,0.3580298680772828,0.1336564203464181,0.034649872592974876,0.010160307067058026,0.11560837352692556,0.17534351018513913,0.11884043558251703,0.11371886032519517,0.1388129216183515,0.09326570865032403,0.07635953789799943,0.0691661279896574,0.09888452422389074,0.029536074784943564,0.002320454809142592,0.09260272156199759,0.0032983607644241127,0.006066331858187062,0.08758059436792469,0.16143735600749176,0.03782341338902425,0.04294498864634611,0.02467969436295228,0.05239255465499809,0.016342631727247113,0.06507218271924155,0.03851954983176702,0.053851126249316296,0.10634312896756336,0.13427146006331528,0.04491737523411732,-1.5115733152423143,2.2012902186480288,0.10526871471898672,0.7217863542029972,-4.883632,-0.9350073
South Northamptonshire,E07000155,85189,82572,80123,591,11,1847,1003,289,131,359,224,1129,592,81,52,149,255,376,151,141,84,109,29,80,45740,6875,8034,6284,5620,5702,3583,2898,2679,4065,43204,29703,9378,2247,657,45740,887,31,4893,158,276,3601,7720,1959,1808,2068,1781,586,3468,2341,2300,4898,4309,2656,2011,0.9692800713707169,0.013252884762117174,0.0044137153857892455,0.0117738205636878,0.0012795079176889034,0.9405322283393396,0.006937515406918734,0.0001291246522438343,0.021681202972214722,0.000610407446970853,0.0017490521076664828,0.006949254011668173,0.000950826984704598,0.002993344211107068,0.0017725293171653618,0.001655143269670967,0.0009860427989529165,0.004214159105048774,0.0015377572221765721,0.0033924567725880104,0.002629447463874444,0.00034041953773374496,0.0009390883799551585,0.5071546795947833,0.3486717768726009,0.11008463534024346,0.026376644871990516,0.00771226332038174,0.15030607783121994,0.17564494971578487,0.13738522081329252,0.12286838653257542,0.12466112811543507,0.07833406209007433,0.06335811106252733,0.058570179274158286,0.08887188456493222,0.019392216878006123,0.0006777437691298645,0.1069742020113686,0.0034543069523393093,0.0060341058154787935,0.07872759073021425,0.16878006121556624,0.04282903366856143,0.03952776563183209,0.04521206821163096,0.03893747267162221,0.012811543506777438,0.07581985133362483,0.05118058592041976,0.050284215128989944,0.10708351552251859,0.09420638390905116,0.058067337122868386,0.6640631402270731,3.521393726365031,1.7872928779402875,0.4686420417783577,0.5113993,-9.168893
South Oxfordshire,E07000179,134257,128993,122083,1092,135,5683,1801,506,168,690,437,2405,814,194,179,443,775,768,445,241,82,290,89,201,70087,10095,15018,10215,7444,7969,5674,4186,3394,6092,70571,44779,14409,3517,981,70087,723,119,5044,484,700,5271,10157,2544,3101,5025,1961,985,7916,3289,4458,7580,7103,3627,2011,0.9607916160796085,0.017913404887640868,0.005720372122123986,0.013414570562428774,0.002160036348197859,0.909323163782894,0.008133654111145043,0.0010055341620921069,0.04232926402347736,0.001333263814922127,0.003299641731902247,0.006062998577355371,0.0014449898329323611,0.005772510930528762,0.003314538534303612,0.001795064689364428,0.0006107688984559464,0.005139396828470769,0.001251331401714622,0.0037688910075452304,0.0032549513246981536,0.0006629077068607223,0.001497128641337137,0.5256411211333487,0.3335319573653515,0.10732401290063089,0.026196027022799558,0.00730688157786931,0.14403527044958409,0.21427654201207072,0.1457474281963845,0.10621085222651847,0.11370154236877024,0.08095652546121249,0.05972576940088747,0.048425528272004796,0.08692054161256724,0.010315750424472442,0.0016978897655770685,0.07196769729051036,0.006905702912094968,0.009987586856335696,0.0752065290282078,0.14491988528543095,0.03629774423216859,0.044245009773567136,0.07169660564726697,0.027979511178963287,0.014053961504986659,0.1129453393639334,0.04692739024355444,0.06360666029363506,0.10815129767289226,0.10134547062936065,0.05174996789704225,1.918604480668634,4.225114295534913,0.5541962297631021,-0.36189049816071356,6.2502527,-9.825187
South Ribble,E07000126,109057,105847,103890,680,17,1260,1174,514,99,388,173,1612,798,241,26,282,265,268,78,149,41,156,65,91,55761,5626,9185,6976,7633,6887,5539,4656,4104,5155,52009,37211,14240,4473,1124,55761,391,24,6800,246,571,4540,9170,2458,2168,1516,1374,847,2842,2378,5670,5413,7082,2271,2011,0.9705658508853169,0.01478126117534867,0.0024574305179860074,0.010765012791476018,0.001430444629872452,0.9526211063939041,0.006235271463546585,0.00015588178658866464,0.011553591241277496,0.00023840743831207532,0.002585803754000202,0.007317274452809081,0.0022098535628157752,0.002429921967411537,0.000715222314936226,0.0013662580118653548,0.0003759501911844265,0.0035577725409648166,0.0009077821689575177,0.004713131665092567,0.0015863264164611166,0.0005960185957801883,0.0008344260340922637,0.47689740227587407,0.3412068918088706,0.13057392006015203,0.041015248906535115,0.01030653694856818,0.1008948906942128,0.16472086225139435,0.12510536037732464,0.13688778895643908,0.12350926274636395,0.0993346604257456,0.08349921988486576,0.07359982783666003,0.09244812682699377,0.007012069367479062,0.0004304083499219885,0.12194903247789673,0.004411685586700382,0.010240131991893976,0.08141891286024282,0.1644518570326931,0.044080988504510324,0.03888022094295296,0.027187460770072273,0.02464087803303384,0.015189828015996843,0.050967522103262136,0.04264629400477036,0.10168397266906978,0.09707501658865515,0.1270063305894801,0.04072739011136816,-2.008038895061661,1.2089874260668598,0.7341777547274287,-1.6226026787855945,-4.9083905,0.8088331
South Somerset,E07000189,161243,158130,153123,550,148,4309,1158,305,191,382,280,1409,342,87,90,378,512,357,207,111,39,189,44,145,78771,8308,11384,8734,7815,13094,8046,6367,6430,8593,73277,57906,22282,6115,1663,78771,2114,77,12543,210,467,6460,13607,2725,3760,1762,1128,961,3758,3118,5739,7038,9565,3739,2011,0.980693735542008,0.008738363835949468,0.0022140496021532717,0.007181707112866915,0.0011721439070223204,0.9496412247353373,0.003411000787631091,0.0009178693028534572,0.026723640716186128,0.000558163765248724,0.0023442878140446407,0.002121022307945151,0.0005395583064070999,0.003175331642303852,0.001283776660072065,0.0006884019771400928,0.00024187096494111373,0.0023690950925001394,0.0011845475462500697,0.0018915549822317867,0.001736509491884919,0.00027288006301048727,0.000899263844011833,0.4544507358458972,0.35912256656102903,0.1381889446363563,0.03792412693884386,0.010313626017873645,0.1054702872884691,0.14452019144101255,0.11087836894288507,0.09921163880108162,0.1662286882228231,0.10214419012072971,0.08082923918701045,0.08162902591055084,0.10908837008543754,0.026837287834355284,0.0009775171065493646,0.15923372814868417,0.002665955745134631,0.005928577776085108,0.08200987673128436,0.1727412372573663,0.03459394954996128,0.047733302865267675,0.02236863820441533,0.014319990859580302,0.012199921290830381,0.04770791281055211,0.03958309530157037,0.07285676200632213,0.08934760254408348,0.12142793667720354,0.04746670729075421,-3.166075936827811,1.1709172506214052,0.039547821677593555,1.4874601227691397,-5.0474358,5.240354
South Staffordshire,E07000196,108131,103700,102339,469,128,764,1495,796,40,479,180,2122,1435,170,17,204,296,578,142,371,65,236,44,192,53328,6967,8832,6679,6905,7076,4321,4111,3574,4863,49032,38390,14901,4435,1373,53328,571,46,6473,332,523,5267,8986,2050,2298,1305,1999,860,2704,2145,3543,5598,6201,2427,2011,0.9590219271069351,0.019624344545042586,0.005345368118300949,0.013825822382110588,0.0021825378476107685,0.9464353423162646,0.004337331570040044,0.0011837493410770269,0.007065503879553505,0.00015721670936179265,0.0018866005123415117,0.013270939878480732,0.0015721670936179263,0.0027374203512406247,0.0013132219252573268,0.0034310234807779453,0.0006011227122656777,0.004429811987311687,0.0003699216690865709,0.007361441214822761,0.0016646475108895691,0.000406913835995228,0.0017756240116155405,0.45344998196631864,0.35503232190583645,0.13780506977647483,0.04101506505997355,0.012697561291396547,0.13064431443144314,0.16561656165616562,0.12524377437743775,0.12948169816981697,0.1326882688268827,0.08102685268526853,0.07708895889588958,0.06701920192019202,0.0911903690369037,0.010707320732073207,0.0008625862586258626,0.12138088808880888,0.006225622562256226,0.009807230723072307,0.09876612661266126,0.1685043504350435,0.03844134413441344,0.043091809180918095,0.02447119711971197,0.037484998499849986,0.016126612661266127,0.050705070507050705,0.040222772277227724,0.06643789378937894,0.10497299729972998,0.11628037803780378,0.045510801080108014,-1.8280445218990486,1.699916087552794,1.0163821768838586,-0.4257189364596476,-3.224284,-1.2183722
South Tyneside,E08000023,148127,142099,140821,305,9,964,1325,324,229,440,332,3311,643,434,1534,235,465,420,316,61,43,972,566,406,64622,5031,8545,7097,8480,8174,6738,6862,6120,7575,63345,48861,23700,9394,2827,64622,65,516,7406,520,438,5328,9634,3613,3385,1620,1763,882,2542,3009,5705,5738,9616,2842,2011,0.959305190815989,0.02235244081092576,0.0028354047540286374,0.008945026902590344,0.006561936716466275,0.9506774592073018,0.0020590439285207963,6.0758673300613664e-05,0.00650792900686573,0.010355978315904596,0.0015864764695160234,0.004340869659143843,0.002929918245829592,0.003139198120531706,0.0021333045292215463,0.0004118087857041593,0.00029029143910293194,0.0029704240280300012,0.0015459706873156144,0.0021873122388220917,0.002241319948422637,0.0038210454542385924,0.0027408912622276832,0.42763979558081916,0.3298588373490316,0.159997839691616,0.06341855299844053,0.019084974380092757,0.07785274364767417,0.1322305097335273,0.10982327999752406,0.13122466033239455,0.126489430843985,0.10426789638203708,0.10618674754727492,0.0947045897681904,0.11722014174739252,0.0010058494011327412,0.007984896784376838,0.1146049333044474,0.00804679520906193,0.0067778775030175485,0.08244870168054223,0.1490823558540435,0.05590975209680914,0.0523815418897589,0.025068861997462166,0.027281730679954194,0.013648602643062734,0.039336448887375815,0.04656308996936028,0.08828262820711213,0.08879329021076414,0.1488038129429606,0.0439788307387577,-3.806513897351098,-1.863990494337603,-1.836837654692082,-1.9899091756337437,-6.457182,16.068989
Southampton,E06000045,236882,203528,183980,1746,341,17461,5678,1678,941,1796,1263,19892,6742,3019,1401,3449,5281,5067,3508,1132,427,2717,1312,1405,112608,8705,19206,12661,11778,12826,10940,11547,9521,15424,112653,82880,29278,9223,2848,112608,240,84,9556,735,739,8900,19642,7505,7242,3370,4702,1303,6375,5846,4677,11639,15091,4962,2011,0.8591957176991075,0.08397429944022762,0.021390396906476643,0.02396974020820493,0.011469845745983233,0.7766736180883309,0.007370758436689997,0.0014395352960545756,0.0737118058780321,0.005914337096106922,0.014559991894698626,0.028461428052785776,0.012744742107884939,0.022293800288751362,0.014809061051493993,0.004778750601565337,0.0018025852534173132,0.00758183399329624,0.003972441975329489,0.007083695679705507,0.005331768559873692,0.00553862260534781,0.005931223140635422,0.4755658935672613,0.349878842630508,0.12359740292635152,0.03893499717158754,0.012022863704291589,0.07730356635407787,0.17055626598465473,0.11243428530832623,0.1045929241261722,0.11389954532537652,0.09715117931230463,0.1025415601023018,0.08454994316567206,0.13697073032111395,0.002131287297527707,0.0007459505541346973,0.08486075589656153,0.006527067348678602,0.006562588803637397,0.07903523728331913,0.1744281045751634,0.06664712986643932,0.06431159420289854,0.02992682580278488,0.04175547030406365,0.011571113952827507,0.05661231884057971,0.051914606422279054,0.041533461210571186,0.10335855356635408,0.13401356919579427,0.044064364876385334,0.5411268659570189,-2.347965136515589,0.63661333343303,-0.28247056207560867,8.984856,-0.14354903
Southend-on-Sea,E06000033,173658,159023,151136,1496,162,6229,3651,1039,741,977,894,6440,1810,1059,933,1084,1554,3647,2728,524,395,897,297,600,81339,8686,13056,10779,11828,9143,7767,6781,5160,8139,78341,60929,24420,7778,2190,81339,130,26,5542,203,499,6558,11469,3957,3860,2590,9046,1321,4695,3925,4777,8157,10391,4193,2011,0.9157251609485311,0.037084384249501896,0.02100104803694618,0.02102408181598314,0.005165324949037764,0.8703083071324097,0.008614633359822179,0.0009328680509967868,0.035869352405302375,0.005372628960370383,0.006242154119015536,0.010422785014223359,0.0060981930000345505,0.008948623155858065,0.01570903730320515,0.0030174250538414584,0.002274585679899573,0.005626000529776918,0.004267007566596414,0.0059830241048497625,0.005148049614760046,0.001710258093494109,0.0034550668555436547,0.4511223208835758,0.3508562807356989,0.14062122102062674,0.044789183337364244,0.012610994022734339,0.10678764184462558,0.16051340685280124,0.13251945561169917,0.1454160980587418,0.11240610285348972,0.09548924869988566,0.08336714245318974,0.06343820307601519,0.10006270054955188,0.0015982493023027084,0.00031964986046054166,0.06813459717970469,0.0024957277566726908,0.006134818475761934,0.08062553018847048,0.14100247113930586,0.048648249917013976,0.04745571005298811,0.031842043792030886,0.11121356298946385,0.016240671756475984,0.05772138826393243,0.048254834704139465,0.05872951474692337,0.10028399660679378,0.12774929615559572,0.05154968711196351,0.8192971868276074,0.0662247801311011,0.5258762944478211,-1.0821490573427555,-1.6179624,-12.628477
Southwark,E09000028,288283,156349,114534,6222,263,35330,17778,5677,3687,3003,5411,27192,5819,1623,3912,8074,7764,77511,47413,17974,12124,9453,2440,7013,147388,15565,38033,25652,14538,9629,12185,9666,5043,17077,154204,90004,29935,10544,3596,147388,75,164,2771,262,370,5988,14602,5561,12005,10646,12717,2293,18863,10712,7481,13692,18357,10829,2011,0.5423455424010434,0.09432398025551281,0.26887121335632,0.06166856873280769,0.03279069525431607,0.3972971004186858,0.021582958412393376,0.0009122979849661618,0.12255318558499807,0.013569998924667774,0.02800720125709806,0.020185026519080208,0.005629884523194222,0.026931869031472547,0.16446686068897576,0.0623484562044935,0.04205589646285074,0.010416847334043284,0.012789515857681514,0.019692454983471105,0.018769750557611792,0.008463905259762108,0.02432678999455396,0.534904937162441,0.3122071020490282,0.10383893604548308,0.03657517092579167,0.01247385381725596,0.10560561239721009,0.25804678806958503,0.1740440198659321,0.09863760957472793,0.06533096317203571,0.0826729448801802,0.06558200124840557,0.034215811327923576,0.11586424946399979,0.0005088609656145683,0.0011127093114771894,0.018800716476239585,0.0017776209732135587,0.002510380763698537,0.04062745949466714,0.09907183759871903,0.03773034439710153,0.08145167856270524,0.07223111786576926,0.0862824653296062,0.01555757592205607,0.12798192525850138,0.07267891551551008,0.050757185116834476,0.0928976578825956,0.12454880994382175,0.0734727386218688,13.05845137811718,-4.5781939033280095,-3.1714149589853458,1.7018329525819273,18.30024,-15.761727
Spelthorne,E07000213,95598,83455,77411,1366,192,4486,2382,575,316,905,586,7295,4013,656,259,621,1746,1545,971,419,155,921,322,599,50161,5868,8175,7420,7607,5200,4448,3714,3215,4514,45929,34239,11509,3085,836,50161,52,181,2661,383,351,3730,7347,7520,2193,3414,1806,718,3167,2924,2843,3967,4291,2613,2011,0.8729785141948576,0.07630912780602105,0.01616142597125463,0.024916839264419757,0.009634092763446934,0.8097554342141049,0.01428900186196364,0.002008410217786983,0.04692566790100211,0.0027092617000355657,0.006495951798154773,0.0419778656457248,0.0068620682441055255,0.018263980418000376,0.010157116257662295,0.004382936881524718,0.0016213728320676165,0.009466725245298018,0.003305508483441076,0.006014770183476642,0.006129835352204021,0.0033682713027469195,0.006265821460700015,0.4804389213163455,0.35815602836879434,0.1203895478984916,0.03227054959308772,0.008744952823280822,0.11698331372979008,0.1629752197922689,0.14792368573194314,0.15165168158529535,0.10366619485257471,0.08867446821235621,0.07404158609278125,0.06409361854827456,0.08999023145471581,0.001036661948525747,0.0036083810131376966,0.05304918163513487,0.007635413967026176,0.006997468152548793,0.07436055900001994,0.14646837184266662,0.14991726640218497,0.04371922409840314,0.06806084408205577,0.03600406690456729,0.014313909212336277,0.06313669982655848,0.05829229879787086,0.05667749845497498,0.07908534518849306,0.08554454656007655,0.05209226291341879,2.4908309826565596,-0.132444858271078,4.606655231436339,0.09208820283210939,9.892703,-11.412052
St Albans,E07000240,140664,124380,114145,2514,165,7556,3904,1019,397,1491,997,9011,2210,1149,2633,1149,1870,2388,1203,911,274,981,459,522,71378,10983,20382,11911,7465,5042,5054,4149,2262,4130,77531,44813,13802,3521,997,71378,198,84,3503,179,306,4421,10141,2450,2657,5390,5029,1169,9533,3137,3218,8669,7427,3867,2011,0.8842347722231702,0.06406045612239095,0.016976625149291928,0.027754080646078597,0.006974065859068419,0.8114727293408406,0.0178723767275209,0.001173008019109367,0.05371665813569926,0.018718364329181596,0.008168401296707047,0.015711198316555763,0.008168401296707047,0.013294090883239493,0.008552294830233748,0.006476426093385656,0.0019479042256725246,0.010599727009042825,0.0028223283853722344,0.007244213160439061,0.007087812091224478,0.0032630950349769663,0.003710970824091452,0.5511786953307172,0.3185818688505943,0.09812034351362112,0.025031280213842915,0.007087812091224478,0.15387094062596318,0.28555016952002016,0.16687214547899912,0.10458404550421699,0.07063801171229231,0.07080613074056431,0.05812715402504973,0.03169043682927513,0.05786096556361904,0.002773963966488274,0.001176833197904116,0.04907674633640618,0.0025077755050575807,0.004287035220936423,0.06193785199921544,0.1420745888088767,0.03432430160553672,0.03722435484322901,0.07551346353218079,0.07045588276499762,0.01637759533749895,0.13355655804309452,0.04394911597410967,0.04508391941494578,0.12145198800750932,0.1040516685813556,0.054176356860657346,6.358832584688473,4.559348434505332,-0.045694323399133825,-1.7654013408750806,8.937429,-16.011814
St Edmundsbury,E07000204,111008,106615,101239,728,78,4570,1404,412,222,420,350,1824,599,123,126,298,678,902,452,259,191,263,74,189,56483,6351,8292,7503,5971,7095,5700,4246,4713,6612,52543,39656,14081,3695,1033,56483,919,30,7399,275,325,4277,9381,2543,2728,1451,1317,751,3210,2556,4101,4756,7566,2898,2011,0.9604262755837417,0.016431248198328047,0.008125540501585472,0.012647737100028826,0.0023691986163159413,0.9119973335255117,0.006558085903718651,0.0007026520611127126,0.04116820409339867,0.0011350533294897664,0.0026844912078408762,0.0053960074949553185,0.0011080282502162007,0.006107667915825886,0.004071778610550591,0.00233316517728452,0.0017205967137503603,0.003783511098299222,0.0019998558662438744,0.0037114442202363794,0.0031529259152493516,0.0006666186220812914,0.0017025799942346498,0.4733262467569905,0.35723551455750935,0.12684671375036033,0.0332858893052753,0.009305635629864514,0.11244091142467645,0.14680523343306837,0.1328364286599508,0.10571322344776304,0.12561301630579114,0.10091531965370111,0.07517306092098508,0.08344103535577076,0.11706177079829329,0.01627038223890374,0.000531133261335269,0.13099516668732186,0.004868721562239966,0.005753943664465414,0.07572189862436485,0.1660853708195386,0.045022396119186306,0.04829771789742046,0.02568914540658251,0.02331675017261831,0.013296035975426234,0.05683125896287378,0.04525255386576492,0.07260591682453127,0.08420232636368465,0.13395180850875485,0.051307473044986986,-1.3196020473788495,0.9226842625801521,0.5147345416619769,0.794930332387218,-2.238051,1.849508
St. Helens,E08000013,175308,171877,169346,887,69,1575,1179,445,167,271,296,1764,504,133,122,512,493,248,152,60,36,240,117,123,78580,6896,11526,8570,9323,9228,8586,7187,7162,10102,78620,55983,26198,11364,3143,78580,202,70,8324,454,1087,6532,13761,4655,3522,1933,1977,1151,3310,3886,4835,7214,12267,3400,2011,0.9804287311474662,0.010062290368950648,0.0014146530677436283,0.006725306318023137,0.0013690190978164144,0.9659912839117439,0.005059666415679832,0.0003935929906222192,0.008984187829420221,0.0006959180413900107,0.0029205740753416843,0.0028749401054144704,0.0007586647500399297,0.0028121933967645515,0.0008670454286170625,0.0003422547744541036,0.0002053528646724622,0.001545850731284368,0.0009526091222305885,0.002538389577201269,0.0016884568873069112,0.0006673968101855021,0.0007016222876309124,0.4484678394596938,0.3193408173044014,0.14943984301914345,0.06482305428160723,0.01792844593515413,0.08775769916009163,0.14667854415881904,0.10906082972766608,0.11864342071773988,0.11743446169508781,0.10926444387884958,0.09146093153474166,0.09114278442351743,0.1285568847034869,0.0025706286586917792,0.0008908119114278443,0.10593026215321964,0.005777551539832018,0.013833036396029523,0.08312547722066684,0.1751208959022652,0.05923899210995164,0.04482056502926953,0.02459913463985747,0.025159073555612116,0.014647493000763553,0.042122677526088066,0.049452786968694325,0.0615296513107661,0.09180453041486383,0.15610842453550522,0.04326800712649529,-3.7937411293962433,-1.5062902645640879,-0.9602955633872396,-2.095095391623715,-4.795534,16.97209
Stafford,E07000197,130869,124308,121160,770,119,2259,1694,819,126,439,310,3288,1359,369,128,503,929,1107,391,582,134,472,229,243,64494,7695,12284,8511,7275,7062,5477,5026,4245,6919,60366,46574,17316,5118,1495,64494,1131,48,6312,629,462,4500,10347,2854,3174,1938,1385,779,3238,2663,6054,6530,9364,3086,2011,0.9498658964307819,0.025124361002223598,0.008458840519909222,0.012944241951875539,0.0036066600952097136,0.9258113074906968,0.005883746341761609,0.0009093062528177032,0.017261536345505812,0.0009780773139551765,0.0038435381946832327,0.010384430231758475,0.002819613506636407,0.007098701755190305,0.0029877205449724536,0.004447195286889943,0.0010239246880468255,0.0033544995377056447,0.000962794855924627,0.006258166563510075,0.002368780994735193,0.001749841444497933,0.0018568186507117806,0.4612704307360796,0.3558826001574093,0.13231552162849872,0.03910781010017651,0.011423637377835852,0.11931342450460508,0.19046733029429094,0.1319657642571402,0.11280119080844729,0.10949855800539585,0.08492262846156232,0.07792972989735479,0.06582007628616615,0.10728129748503737,0.017536515024653455,0.0007442552795608894,0.09786956926225696,0.009752845225912488,0.00716345706577356,0.06977393245883338,0.16043352870034422,0.04425217849722455,0.04921388036096381,0.03004930691227091,0.021474865878996496,0.012078642974540267,0.050206220733711664,0.04129066269730518,0.09386919713461718,0.10124972865692933,0.14519180078767016,0.04784941234843551,-1.237392049845081,1.2632965617185938,-0.15753037599059158,-0.6254835137343863,-3.5851746,2.0126004
Staffordshire Moorlands,E07000198,97106,95825,94657,256,35,877,602,238,52,179,133,502,136,87,2,108,169,120,52,60,8,57,19,38,47591,5265,7008,5205,4937,7420,4694,3495,4367,5200,42874,34050,14432,4420,1330,47591,1134,152,6965,245,376,4156,7149,2076,2195,868,2009,616,2258,1854,2145,4452,6274,2667,2011,0.9868082301814513,0.005169608469095628,0.0012357629806603093,0.006199410952979219,0.0005869874158136469,0.9747801371696908,0.002636294358741993,0.0003604308693592569,0.009031367783659094,2.059604967767182e-05,0.0011121866825942784,0.001400531378081684,0.0008959281609787243,0.001740366197763269,0.0005354972916194674,0.0006178814903301547,8.238419871068728e-05,0.001843346446151628,0.0005354972916194674,0.002450929911642947,0.0013696373035651762,0.0001956624719378823,0.0003913249438757646,0.4415175169402509,0.3506477457623628,0.14862109447407987,0.045517269787654725,0.013696373035651762,0.11063016116492615,0.14725473303775924,0.10936941858754806,0.10373810174192599,0.15591183206908868,0.09863209430354479,0.07343825513227291,0.09176104725683427,0.1092643567060999,0.02382803471244563,0.0031938811960244584,0.14635120085730496,0.005148032190960476,0.007900653484902608,0.08732743585972137,0.1502174780945977,0.04362169317728142,0.04612216595574794,0.01823874261940283,0.042213863965875904,0.01294362379441491,0.047445945661994914,0.03895694564098254,0.045071547141266204,0.09354709924145321,0.13183164884116744,0.056040007564455464,-3.431462913284099,0.990071758437143,-0.8480810091188611,0.8744510352185927,-4.855356,6.83427
Stevenage,E07000243,83957,73598,69781,1002,67,2748,2265,964,292,573,436,4848,1626,489,536,635,1562,2836,1915,678,243,410,132,278,42738,3903,6827,5302,5049,5187,4184,4254,3179,4853,39514,29953,10652,2984,854,42738,45,12,3997,157,243,4031,8054,2250,2112,2122,1497,527,2439,2163,2348,3322,5370,2049,2011,0.8766154102695427,0.057743845063544436,0.033779196493443076,0.026978095930059436,0.004883452243410317,0.8311516609693057,0.011934680848529604,0.0007980275617280275,0.03273104088997939,0.00638422049382422,0.007563395547720857,0.0193670569458175,0.005824410114701573,0.01860476196148028,0.022809295234465263,0.008075562490322426,0.002894338768655383,0.006824922281644175,0.003477970866038567,0.01148206820157938,0.005193134580797313,0.0015722334051955168,0.0033112188382148004,0.4706456876734519,0.35676596352894935,0.12687447145562608,0.035542003644722896,0.010171873697249782,0.09132388038747719,0.15974074594038093,0.12405821517151013,0.11813842482100238,0.12136740137582479,0.09789882540128222,0.09953671205952548,0.07438345266507558,0.11355234217792129,0.001052927137442089,0.00028078056998455706,0.09352332818568955,0.003673545790631288,0.005685806542187281,0.09431887313397913,0.18845055922130188,0.05264635687210445,0.049417380317282045,0.04965136412560251,0.03502737610557349,0.012330946698488464,0.057068650849361226,0.05061069773971641,0.054939398193645,0.07772942112405822,0.1256493050680893,0.04794328232486312,0.30214783439200077,-1.3395732883500375,1.8546331642774834,-0.07022170439005244,6.888995,0.5936433
Stockport,E08000007,283275,260819,252044,3938,58,4779,5104,1734,775,1460,1135,13762,2786,6673,705,1722,1876,1958,976,745,237,1632,727,905,137130,15544,27091,18080,17082,13854,12830,13133,8141,11375,135500,94251,37601,12505,3418,137130,163,91,11700,918,681,10030,22003,7254,5910,5419,6758,2074,10588,6940,6791,14538,19039,6233,2011,0.9207272085429353,0.04858176683434825,0.0069120112964433855,0.01801782719971759,0.005761186126555467,0.8897502426970259,0.013901685641161416,0.00020474803636042716,0.01687053216838761,0.0024887476833465715,0.0060788985967699235,0.00983496602241638,0.023556614597122938,0.0066225399346924365,0.0034454152325478775,0.002629953225664107,0.0008366428382314006,0.005154002294590063,0.002735857382402259,0.006121260259465184,0.004006707263260083,0.002566410731621216,0.003194775394934251,0.47833377460065307,0.33271908922425203,0.13273673991704174,0.04414438266701968,0.012066013591033448,0.11335229344417706,0.19755706264128928,0.13184569386713338,0.12456792824327281,0.10102822139575585,0.09356085466345804,0.09577043681178443,0.059367023991832565,0.08295048494129657,0.0011886531028950631,0.0006636038795303726,0.08532049879676219,0.006694377597899803,0.004966090570991031,0.07314227375483118,0.1604535841901845,0.052898709253992565,0.043097790417851674,0.03951724640851746,0.0492817034930358,0.015124334573032888,0.07721140523590753,0.05060891125209655,0.04952235105374462,0.1060161890177204,0.13883905782833808,0.04545321957266827,0.7323424331088098,0.3941140497863783,0.09662977363147732,-2.1897780218430376,9.527479,-3.8518424
Stockton-on-Tees,E06000004,191610,181299,178965,536,143,1655,1997,419,316,823,439,6632,1488,3072,132,866,1074,1133,936,84,113,549,236,313,87122,7894,13885,10330,9887,10139,8523,9129,7280,10055,88811,64282,26385,9296,2836,87122,221,617,8672,1085,651,7200,14458,4022,4379,2086,2713,1125,4854,3900,5958,8721,12928,3532,2011,0.9461875684985126,0.03461197223526956,0.005913052554668337,0.010422211784353635,0.0028651949271958667,0.9340065758572099,0.0027973487813788426,0.0007463076039872658,0.008637336255936538,0.0006888993267574761,0.004519597098272533,0.007765774228902458,0.016032566149992173,0.00560513543134492,0.00488492249882574,0.00043839048066384844,0.0005897395751787485,0.004295182923646991,0.001649183236783049,0.002186733469025625,0.00229111215489797,0.0012316684932936694,0.001633526433902197,0.463498773550441,0.33548353426230365,0.13770158133709096,0.0485152131934659,0.014800897656698501,0.0906085718876977,0.15937421087670164,0.11856936250315649,0.11348453892243061,0.11637703450334014,0.09782833268290443,0.10478409586556782,0.08356098344849751,0.11541286930970364,0.0025366727118293886,0.007082022910401506,0.09953857808590252,0.012453800417804917,0.0074722802506829505,0.0826427308831294,0.16595119487615068,0.04616514772388145,0.05026284979683662,0.023943435641973324,0.031140240123045844,0.012912926700488969,0.05571497440370974,0.044764812561695094,0.06838685980578958,0.10010100778219048,0.14838961456348568,0.04054085076100181,-2.560908212607316,-0.5321465821725178,-0.959751127604562,-1.8360946704835872,-5.937064,15.180301
Stoke-on-Trent,E06000021,249008,220712,215222,636,183,4671,4491,1892,559,1347,693,18442,2329,10429,1097,1224,3363,3741,2536,834,371,1622,408,1214,108109,8030,11322,9674,10705,15525,11934,11796,11843,17280,104510,86311,38179,15356,4652,108109,140,173,14704,1020,696,8619,21274,7059,5852,2238,2890,1087,3164,5262,4282,8300,15734,5615,2011,0.8863650967037203,0.07406187753003919,0.01502361369915826,0.018035565122405707,0.006513846944676476,0.864317612285549,0.002554134806913834,0.0007349161472723768,0.01875843346398509,0.004405480948403264,0.004915504722739832,0.00935311315299107,0.04188218852406348,0.013505590181841547,0.010184411745807363,0.0033492899826511597,0.0014899119706997365,0.0054094647561524125,0.0022449077941270965,0.007598149457045557,0.00278304311508064,0.0016385015742466107,0.004875345370429865,0.4197053909914541,0.3466193857225471,0.15332439118421898,0.0616687014071837,0.018682130694596157,0.07427688721568047,0.10472763599700302,0.08948376175896548,0.09902043308142708,0.14360506525821162,0.11038858929413832,0.10911209982517645,0.10954684623851853,0.15983868133087903,0.0012949893163381402,0.0016002367980464162,0.13601087791025723,0.009434922161892165,0.006437946886938183,0.0797250922679888,0.19678287654126853,0.06529521131450665,0.05413055342293426,0.020701329214033986,0.026732279458694466,0.010054667048996846,0.029266758549241968,0.04867309844693781,0.039608173232570834,0.07677436661147545,0.1455382993090307,0.05193832150884755,-3.891395553558179,-4.375290415867864,-0.2058902834721768,-0.21413770973186774,0.34677058,15.390254
Stratford-on-Avon,E07000221,120485,117307,112780,890,173,3464,1258,417,106,448,287,1466,564,74,13,391,424,264,112,115,37,190,51,139,60765,9491,11245,7947,6589,7484,4953,4391,2962,5703,58094,41966,15315,4049,1061,60765,1408,34,5830,399,493,4367,9936,2100,3894,2641,2433,998,5226,3295,2444,6009,5761,3497,2011,0.9736232726065486,0.01216748972901191,0.0021911441258247915,0.010441133751089347,0.001576959787525418,0.9360501307216667,0.007386811636303274,0.0014358633854836703,0.02875046686309499,0.00010789724862016019,0.0032452172469602026,0.004681080632443873,0.0006141843382993734,0.0035191102626883014,0.000929576295804457,0.0009544756608706478,0.0003070921691496867,0.003718305183217828,0.0008797775656720754,0.0034610117442005228,0.002382039257998921,0.0004232892061252438,0.0011536705814001744,0.4821679047184297,0.34830891812258785,0.1271112586629041,0.0336058430510022,0.008806075445076151,0.1561918867769275,0.18505718752571382,0.13078252283386818,0.10843413149016704,0.12316300501933679,0.08151073808936066,0.07226199292355796,0.04874516580268246,0.09385336953838558,0.023171233440302808,0.0005595326256891302,0.0959433884637538,0.006566279930881264,0.008113223072492388,0.07186702871718917,0.1635151814366823,0.03455936805726981,0.06408294248333744,0.04346251954249979,0.04003949642063688,0.016423928248169177,0.08600345593680572,0.054225294166049536,0.04022052168188925,0.09888916316958776,0.09480786637044351,0.05754957623632025,0.4580189879455802,3.1525982911578874,0.6438114944895611,1.1803035877334098,-2.260921,-6.6878333
Stroud,E07000082,112779,110426,107026,591,57,2752,1216,364,129,428,295,751,177,28,53,193,300,260,96,125,39,126,33,93,57342,7099,10925,7024,5981,7871,5387,3542,4267,5246,53779,39711,14441,3783,1065,57342,768,137,7227,880,594,4903,8076,1793,2597,2304,1884,727,4290,2397,2930,6111,7046,2678,2011,0.9791361867014249,0.006659041133544366,0.002305393734649181,0.010782149158974632,0.0011172292714069108,0.9489887301713972,0.0052403372968371775,0.0005054132418269359,0.02440170599136364,0.00046994564590925614,0.001711311503028046,0.0015694411193573272,0.000248273171423758,0.002660069693825978,0.000851222302024313,0.0011083623724274909,0.0003458090601973772,0.003795032763191729,0.0011438299683451706,0.0032275512285088537,0.0026157351989288787,0.0002926076663208576,0.0008246216050860533,0.4768529602142243,0.3521134253717447,0.12804688816180318,0.03354347883914559,0.009443247413082223,0.12380105332914793,0.19052352551358515,0.1224931115064002,0.10430400055805518,0.13726413449129782,0.0939451013218932,0.06176973248229919,0.07441317010219385,0.09148617069512748,0.013393324264936696,0.0023891737295525096,0.1260332740399707,0.01534651738690663,0.010358899236161975,0.08550451675909455,0.14083917547347494,0.03126852917582226,0.04528966551567786,0.04017997279481009,0.03285549858742283,0.012678316068501273,0.07481427226116982,0.041801820655017266,0.051096927208677756,0.10657109971748456,0.12287677444107287,0.0467022426842454,-1.346398950197425,2.654843782200601,-0.11552593115955542,-0.15901206802421994,-1.0580348,4.070574
Suffolk Coastal,E07000205,124298,119976,116655,585,51,2685,1513,471,222,473,347,2032,769,115,145,463,540,556,269,208,79,221,57,164,58257,6902,10172,7357,7112,7185,5398,4138,3782,6211,57526,44087,17122,4427,1136,58257,1271,53,3299,947,360,4109,8188,5649,3254,3050,2083,798,2948,2391,3954,5660,7107,3136,2011,0.9652287245168868,0.01634780929701202,0.00447312104780447,0.012172359973611805,0.0017779851646848703,0.9385106759561699,0.00470643131828348,0.0004103042687734316,0.021601312973660074,0.0011665513523950507,0.0037249191459235065,0.006186744758564096,0.0009251959001753849,0.004344398139953982,0.0021641538882363354,0.0016733978020563485,0.0006355693575117862,0.0038053709633300617,0.0017860303464255257,0.0037892805998487504,0.002791678064007466,0.0004585753592173647,0.0013194098054675055,0.4628071248129495,0.35468792740028,0.13774960176350384,0.03561601956588199,0.009139326457384672,0.11847503304323943,0.1746056267916302,0.12628525327428464,0.1220797500729526,0.12333281837375766,0.09265839298281751,0.07103009080453851,0.06491923717321524,0.10661379748356421,0.021817120689359218,0.000909761917022847,0.05662838800487495,0.016255557272087474,0.006179514908079716,0.0705322965480543,0.1405496335204353,0.0969668880992842,0.055855948641364984,0.05235422352678648,0.0357553598709168,0.013697924712910037,0.050603360969497226,0.04104227818116278,0.06787167207374221,0.09715570661036442,0.12199392347700705,0.05383044097704997,-0.7989642237359592,1.408342458867716,0.8622850906677034,0.1343498797890212,0.3012861,1.3668592
Sunderland,E08000024,275506,264282,261209,608,70,2395,1778,539,239,608,392,7336,1736,669,2075,1536,1320,1273,1062,111,100,837,292,545,121511,9278,14842,12076,15464,14679,12137,14959,11969,16107,117365,90557,43951,18155,5478,121511,132,441,14065,2138,983,9345,19613,6325,6813,2825,4684,2028,3841,6028,9471,10845,16641,5293,2011,0.9592604153811533,0.02662736927689415,0.004620589025284386,0.006453579958331216,0.0030380463583370237,0.948106393327187,0.002206848489688065,0.0002540779511154022,0.00869309561316269,0.0075315964080637085,0.0055751961844751115,0.006301133187661975,0.002428259275660058,0.004791184221033299,0.003854725486922245,0.00040289503676870924,0.00036296850159343175,0.002206848489688065,0.0008674947188083018,0.001956400223588597,0.0014228365262462523,0.0010598680246528206,0.001978178333684203,0.42599798189513116,0.32869338598796394,0.15952828613532918,0.06589693146428753,0.01988341451728819,0.07635522709878118,0.12214532017677412,0.09938194895935347,0.1272641983030343,0.12080387783822041,0.09988396112286131,0.12310819596579733,0.09850137024631515,0.13255590028886274,0.0010863214030005515,0.00362930105093366,0.11575083737274815,0.017595114845569537,0.008089802569314712,0.07690661750787994,0.16140925512916526,0.05205290056044309,0.056068997868505735,0.023248923965731496,0.0385479503913226,0.016689847009735744,0.03161030688579635,0.04960867740369185,0.07794356066528957,0.08925117890561349,0.13695056414645587,0.043559842318802416,-4.07260014118246,-2.5617202543990936,-1.4513349721998923,-2.576212349215133,-7.235412,15.945136
Surrey Heath,E07000214,86144,77692,73179,828,162,3523,1626,370,171,696,389,5389,1713,667,298,535,2176,861,528,253,80,576,184,392,44968,6957,9137,7253,5440,4315,3808,2994,1864,3200,46062,28683,8613,2148,638,44968,76,125,3056,190,282,3225,6561,2734,1960,3817,1893,706,3792,2524,3013,3766,4856,2392,2011,0.9018852154531947,0.06255804234769688,0.009994892273402674,0.01887537147102526,0.006686478454680535,0.849496192421991,0.00961181277860327,0.0018805720653789005,0.0408966381872214,0.0034593239227340266,0.0062105312035661215,0.019885308320950965,0.007742849182763745,0.02526002971768202,0.00612927191679049,0.00293694279346211,0.0009286775631500742,0.008079494799405647,0.0019850482912332837,0.004295133729569094,0.004515694650817236,0.0021359583952451707,0.004550520059435364,0.5347093239227341,0.3329657317979198,0.09998374814264488,0.024934992570579496,0.007406203566121842,0.15471001601138587,0.20318893435331792,0.16129247464863902,0.12097491549546344,0.09595712506671411,0.08468244084682441,0.06658067959437823,0.04145169898594556,0.07116171499733144,0.0016900907311866217,0.0027797544920832593,0.06795943782245152,0.004225226827966554,0.006271126134139833,0.07171766589574809,0.1459037537804661,0.060798790250845045,0.043586550435865505,0.0848825831702544,0.04209660202810888,0.015700053371286247,0.08432663227183775,0.05612880270414517,0.06700320227717488,0.08374844333748444,0.10798790250845046,0.05319338196050525,3.6439088598599163,3.2622559267437645,1.9521965083288593,-0.5317724291591808,6.86063,-13.163573
Sutton,E09000029,190146,149449,134854,3219,193,11183,7134,2298,838,2286,1712,22035,6454,2595,1183,2240,9563,9120,5471,2742,907,2408,976,1432,97658,10518,18731,13612,14327,11201,8987,7407,5417,7458,92668,67563,22127,6072,1716,97658,87,134,3539,334,503,9572,14020,5214,3586,5231,5825,1608,7574,5368,7080,9314,13318,5351,2011,0.7859697285243971,0.11588463601653466,0.04796314411031523,0.03751853838629264,0.012663952962460425,0.7092129205978563,0.01692909658893692,0.0010150095190011885,0.05881270181860255,0.0062215350309761976,0.011780421360428303,0.033942339044734045,0.013647407781389037,0.05029293279900708,0.028772627349510378,0.014420497933167145,0.00477001882763771,0.012022340727651383,0.004407139776803088,0.012085450127796535,0.009003607754041631,0.005132897878472332,0.007531055083988093,0.48735182438757585,0.3553217001672399,0.11636847475098082,0.03193335647344672,0.009024644220756682,0.10770238997317168,0.1918020029081079,0.1393843822318704,0.14670585103114953,0.11469618464437117,0.09202523090786213,0.07584632083393066,0.05546908599397899,0.07636855147555756,0.00089086403571648,0.001372135411333429,0.036238710602306004,0.003420098711831084,0.005150627700751602,0.09801552356181777,0.1435622273648856,0.053390403243973865,0.03671998197792296,0.053564480124516166,0.05964693112699421,0.016465624936001146,0.0775563701898462,0.05496733498535706,0.072497900837617,0.0953736509041758,0.13637387618013885,0.05479325810481476,4.324654036461502,-0.44612625613074736,1.7954300693694256,-0.4140620402804729,5.3139644,-17.180285
Swale,E07000113,135835,131155,126130,780,730,3515,1575,533,225,441,376,1489,545,107,206,233,398,1395,993,277,125,221,47,174,62810,6558,8026,7336,7482,8477,6064,4853,5944,8070,60198,48719,19118,6008,1792,62810,932,45,6495,305,666,6677,10356,3939,2795,1409,2220,873,3094,3063,4468,5960,6826,2687,2011,0.9655464350130674,0.010961828689218538,0.0102698126403357,0.011594949755217727,0.0016269739021607097,0.9285530238892774,0.005742260831155446,0.005374167188132661,0.025876983104501785,0.0015165458092538742,0.001715316376486178,0.004012220708948356,0.0007877203960687599,0.0029300253984613687,0.00731033975043251,0.0020392387823462287,0.0009202341075569625,0.0032465859314609637,0.0016564213936025324,0.003923878234622888,0.002768064195531343,0.0003460080244414179,0.0012809658777192918,0.44317002245371223,0.35866308388854123,0.14074428534619207,0.04423013214561784,0.013192476165936615,0.10441012577615029,0.12778220028657858,0.11679668842540997,0.11912115905110651,0.1349625855755453,0.0965451361248209,0.07726476675688584,0.09463461232287852,0.1284827256806241,0.014838401528419042,0.0007164464257283871,0.10340710078013056,0.00485591466327018,0.010603407100780131,0.10630472854640981,0.1648782041076262,0.06271294379875816,0.04449928355357427,0.022432733641139947,0.03534469033593377,0.013899060659130711,0.04925967202674733,0.048766120044578885,0.07113516955898742,0.09488934882980417,0.10867696226715491,0.04277981213182614,-2.659547251970999,0.22547106260226651,2.2589653324756873,1.273882741698085,-8.359852,-8.719405
Swansea,W06000011,239023,224697,218655,1101,85,4856,2160,548,280,781,551,7803,1477,591,1944,2052,1739,1983,1707,172,104,2380,1694,686,102793,8893,17694,11020,13457,11472,10013,11257,6690,12297,116295,69978,33402,14473,4875,102793,401,142,7389,404,785,7360,17486,4158,6873,3045,3539,1370,4269,4142,9736,11338,15621,4735,2011,0.9400643452722123,0.03264539395790363,0.008296272743627183,0.009036787254783012,0.009957200771473875,0.9147864431456387,0.004606251281257452,0.0003556143132669241,0.020316036532049216,0.008133108529304711,0.008584947892043861,0.0061793216552381985,0.0024725654016559077,0.0072754504796609535,0.007141572149960464,0.0007195960221401288,0.00043510457152658947,0.0032674679842525614,0.0011714353848792795,0.0022926663961208753,0.002305217489530296,0.00708718407851964,0.0028700166929542343,0.48654313601619925,0.29276680486815077,0.13974387402049177,0.06055065830484933,0.02039552679030888,0.08651367311003667,0.1721323436420768,0.10720574358176141,0.13091358360977887,0.11160293016061405,0.09740935666825562,0.10951134804899167,0.06508225268257566,0.11962876849590925,0.003901043845398033,0.0013814170225599019,0.07188232661757124,0.003930228712071834,0.007636706779644529,0.07160020623972449,0.17010885955269328,0.040450225209887836,0.0668625295496775,0.029622639673907755,0.03442841438619361,0.013327755781035674,0.04153006527681846,0.040294572587627565,0.09471462064537468,0.11029933944918428,0.1519656007704805,0.046063447900148845,-1.7206964371069793,-1.0832815617113059,-2.8945885492808894,-3.261055395864651,-9.907954,15.919132
Swindon,E06000030,209156,187898,177028,1852,180,8838,4226,1506,568,1163,989,13365,6901,1292,936,954,3282,2861,1718,807,336,806,188,618,109499,10444,17031,13782,13094,11704,8890,10481,9633,14440,100931,73591,25056,7556,2022,109499,272,79,12360,961,1250,8117,19787,7119,5344,5357,8231,1029,5848,6379,5001,8007,9872,4486,2011,0.898362944405133,0.06389967297137066,0.013678785212951098,0.020205014438983343,0.0038535829715618964,0.8463921666124806,0.00885463481803056,0.0008606016561800761,0.04225554131844174,0.0044751286121363955,0.004561188777754403,0.0329945112738817,0.006177207443248102,0.015691636864350055,0.008213964696207615,0.003858364091874008,0.0016064564248694754,0.005560442922985714,0.0027156763372793514,0.00720036719003997,0.004728527988678307,0.0008988506186769684,0.002954732352884928,0.48256325422172924,0.3518474248885999,0.1197957505402666,0.03612614507831475,0.009667425271089521,0.09537986648279893,0.15553566699239263,0.1258641631430424,0.11958100073973278,0.10688682088420899,0.08118795605439319,0.09571776911204669,0.08797340614982785,0.13187335044155654,0.0024840409501456634,0.0007214677759614243,0.11287774317573676,0.008776335856948465,0.011415629366478233,0.07412853085416306,0.18070484661960384,0.06501429236796682,0.04880409866756774,0.04892282121297911,0.07516963625238586,0.00939734609448488,0.05340688042813176,0.05825623978301172,0.04567164996940611,0.07312395546991297,0.09015607448469849,0.04096841067041708,0.018088494236699768,-0.9286915314343717,3.1502853175550785,-0.6856794011565507,5.1122108,0.3676757
Tameside,E08000008,219324,199429,194115,1613,38,3663,3159,1310,506,849,494,14553,3668,4910,4296,951,728,1784,1188,371,225,399,154,245,101892,9069,12129,11311,13599,13334,10164,10505,10325,11456,96404,73918,33009,12492,3501,101892,110,44,13449,830,863,8690,18057,5431,4629,2431,4164,1711,5074,4870,5932,8489,12669,4449,2011,0.9092894530466342,0.06635388739946381,0.008134084733088945,0.014403348470755594,0.0018192263500574493,0.8850604584997538,0.0073544162973500395,0.00017325965238642373,0.016701318597143952,0.019587459648738852,0.004336050774197078,0.016724115919826376,0.02238697087414054,0.00331929018256096,0.0054166438693439845,0.0016915613430358739,0.001025879520709088,0.0038709853914756253,0.0023070890554613265,0.005972898542795134,0.0022523754810235084,0.0007021575386186647,0.0011170688114387846,0.43955061917528404,0.33702649960788605,0.15050336488482793,0.05695683098976856,0.01596268534223341,0.08900600635967496,0.11903780473442468,0.11100969654143603,0.1334648451301378,0.1308640521336317,0.09975267930750206,0.10309936010677972,0.10133278373179445,0.11243277195461862,0.0010795744513798925,0.00043182978055195695,0.13199269815098338,0.008145879951321006,0.008469752286734975,0.0852863816590115,0.17721705335060653,0.0533015349585836,0.045430455776704744,0.023858595375495624,0.04086680014132611,0.01679228987555451,0.049797825148196126,0.047795705256546146,0.05821850586895929,0.0833137047069446,0.12433753385938053,0.043663879401719466,-2.6230077660177744,-1.9499760461605444,0.4527483023883757,-1.6136225409892397,-4.9195814,13.673162
Tamworth,E07000199,76813,74761,72984,504,9,1264,803,414,59,197,133,763,386,47,38,150,142,393,91,252,50,93,30,63,38281,3614,4417,4216,4817,4602,3131,3799,3992,5693,35029,27064,10314,3399,1007,38281,74,79,5250,190,291,3136,8169,3367,1913,967,1280,295,1486,2063,1557,2991,3445,1728,2011,0.9732857719396456,0.009933214429849114,0.005116321456003541,0.010453959616210798,0.0012107325582909143,0.9501516670355279,0.006561389348157213,0.0001171676669313788,0.016455547889029202,0.0004947079270435994,0.0019527944488563133,0.005025191048390247,0.0006118755939749781,0.0018486454115839766,0.0011846952989728301,0.0032806946740786065,0.0006509314829521045,0.0025646700428312917,0.0007680991498834833,0.005389712678843425,0.0017314777446525978,0.0003905588897712627,0.0008201736685196516,0.45602957832658536,0.3523361930923151,0.1342741463033601,0.04425032221108406,0.013109760066655384,0.09440714714871608,0.11538361066847784,0.11013296413364332,0.12583265849899428,0.12021629529009169,0.08178992189336746,0.09923983177032993,0.10428149734855412,0.1487160732478253,0.001933073848645542,0.0020636869465269977,0.13714375277552834,0.004963297719495311,0.007601682296700713,0.08192053499124892,0.21339567931872208,0.08795486011337217,0.049972571249444896,0.025260573130273505,0.033436953057652624,0.007706172775005878,0.03881821269036859,0.05389096418588856,0.04067291868028526,0.07813275515268671,0.08999242444032288,0.04513988662783104,-3.0804905612446705,-1.6099765744114458,3.073517974889353,-0.2853147551799248,2.108616,11.6916
Tandridge,E07000215,82998,77880,74095,865,286,2634,1789,513,181,683,412,2164,746,139,102,418,759,882,400,373,109,283,47,236,41813,6527,7870,6536,5367,4700,4050,2432,1715,2616,41916,28514,9450,2403,715,41813,257,43,1912,149,256,4043,5602,1965,1488,2085,3477,744,3974,2251,2459,4166,4676,2266,2011,0.9383358635147835,0.02607291741969686,0.010626762090652787,0.021554736258705028,0.0034097207161618353,0.8927323549965059,0.010421937878021157,0.00344586616544977,0.03173570447480662,0.0012289452757897781,0.005036265934118894,0.00898816838959975,0.001674739150340972,0.009144798669847467,0.004819393238391287,0.004494084194799875,0.0013132846574616256,0.008229113954553122,0.002180775440372057,0.006180871828236825,0.004963975035543025,0.0005662787055109762,0.002843442010650859,0.5050242174510229,0.34355044699872284,0.11385816525699415,0.028952504879635653,0.008614665413624425,0.15609977758113505,0.1882189749599407,0.1563150216439863,0.12835720948030516,0.11240523282232798,0.09685982828306985,0.058163728983808866,0.04101595197665798,0.06256427426876808,0.006146413794752828,0.0010283883002893837,0.04572740535240236,0.0035634850405376318,0.006122497787769354,0.09669241623418554,0.13397747112142155,0.04699495372252649,0.03558701839140937,0.04986487456054337,0.08315595628153924,0.017793509195704684,0.09504221175232583,0.05383493171980006,0.05880946117236266,0.09963408509315284,0.1118312486547246,0.054193671824552175,2.827394860966523,3.7544721426141483,1.770587536236344,0.1128032355069928,2.7082138,-14.341489
Taunton Deane,E07000190,110187,107116,103020,499,193,3404,1010,266,183,322,239,1608,324,59,108,448,669,286,190,62,34,167,63,104,54244,5619,9082,6678,6146,6670,6269,4563,3513,5704,51946,38014,14854,4225,1148,54244,947,37,4046,367,515,4012,9313,1770,2556,1224,1233,636,3232,2264,4762,5401,9520,2409,2011,0.9721291985442929,0.014593373083939121,0.0025955875012478786,0.009166235581329922,0.001515605289190195,0.9349560292956519,0.004528664906023397,0.0017515677893036384,0.03089293655331391,0.00098015192354815,0.004065815386570104,0.00294045577064445,0.0005354533656420449,0.006071496637534373,0.0017243413469828564,0.0005626798079628268,0.00030856634630219533,0.002922304809097262,0.0016608129815676984,0.002414077885775999,0.0021690399048889613,0.0005717552887364208,0.000943850000453774,0.47143492426511296,0.3449953261274016,0.134807191410965,0.03834390626843457,0.01041865192808589,0.10358749354767348,0.16742865570385665,0.12311039008922646,0.11330285377184574,0.12296290834009291,0.11557038566477398,0.08411990266204557,0.06476292308826782,0.1051544871322174,0.017458152053683357,0.0006821030897426444,0.07458889462429025,0.006765725241501364,0.009494137600471941,0.07396209719047268,0.17168719121008774,0.03263033699579677,0.04712041884816754,0.02256470761743234,0.02273062458520758,0.011724799056116805,0.05958262664995207,0.04173733500479316,0.0877885111717425,0.09956861588378438,0.17550328146891822,0.04441044170783866,-2.2502267514828023,0.9703179314279151,-0.7499523807857398,-0.6500820039046504,-6.404032,1.0202695
Teignbridge,E07000045,124220,122163,119480,499,118,2066,925,255,92,323,255,893,165,17,78,347,286,117,48,52,17,122,26,96,58962,7177,9643,6666,6063,8364,6334,5000,3756,5959,55819,43342,18237,5268,1554,58962,1017,275,3987,368,506,5379,10246,2303,3930,1351,1265,966,3624,2463,3624,5860,8802,2996,2011,0.9834406697794236,0.00718885847689583,0.0009418773144421189,0.0074464659475124775,0.00098212848172597,0.961841893414909,0.004017066494928353,0.0009499275478988891,0.016631782321687327,0.0006279182096280792,0.0027934310094992754,0.0013282885203670907,0.0001368539687650942,0.0023023667686362906,0.0003864112059249718,0.0004186121397520528,0.0001368539687650942,0.0026002254065367898,0.0007406214780228626,0.002052809531476413,0.002052809531476413,0.0002093060698760264,0.0007728224118499436,0.4493559813234584,0.348913218483336,0.14681210755111898,0.04240862985026566,0.012510062791820964,0.12172246531664462,0.16354601268613683,0.11305586649028188,0.10282894067365422,0.14185407550625828,0.10742512126454326,0.08480037990570198,0.06370204538516333,0.10106509277161561,0.017248397272819783,0.004664020894813609,0.06761982293680675,0.006241307961059666,0.00858179844645704,0.0912282487025542,0.17377293850276448,0.039059054984566334,0.06665309860588176,0.022913062650520673,0.0214544961161426,0.016383433397781623,0.061463315355652796,0.04177266714154879,0.061463315355652796,0.09938604524948272,0.14928258878599776,0.05081238763949662,-2.669630124251835,1.1863850245340661,-1.3757114033546736,0.7751311968091996,-11.186492,4.233686
Telford and Wrekin,E06000020,166641,154415,149096,729,166,4424,2983,1423,278,799,483,6991,3076,2243,162,647,863,1779,1023,607,149,473,86,387,78372,7471,10919,8841,9051,9288,7307,6775,8431,10289,76439,57198,22609,8023,2372,78372,713,82,13240,408,823,4970,13099,3109,3768,3368,2091,977,2767,3568,6444,7292,8535,3118,2011,0.9266327014360212,0.04195246067894456,0.010675644049183574,0.017900756716534346,0.0028384371193163746,0.8947137859230322,0.0043746736997497615,0.0009961534076247743,0.026548088405614463,0.0009721497110555025,0.0038825979200796923,0.018458842661769913,0.013460072851219088,0.005178797534820362,0.006138945397591229,0.0036425609543869757,0.0008941376972053696,0.004794738389712016,0.001668256911564381,0.008539315054518395,0.002898446360739554,0.0005160794762393408,0.002322357643077034,0.4587046405146393,0.34324085909230023,0.13567489393366577,0.04814541439381665,0.014234192065578098,0.09532741285152861,0.13932271729699383,0.11280814576634512,0.11548767416934619,0.11851171336701884,0.0932348287653754,0.08644669014443934,0.10757668555096207,0.1312841320879906,0.009097636911141734,0.001046292043076609,0.16893788597968662,0.005205940897259225,0.01050119940795182,0.06341550553769203,0.16713877405195735,0.03966978002347777,0.04807839534527637,0.04297453172051243,0.02668044709845353,0.01246618690348594,0.0353059766243046,0.0455264635328944,0.08222324299494717,0.09304343387944675,0.1089036900934007,0.03978461695503496,-2.2096799013178487,-0.8671805203311888,0.49747334911196334,-0.9179798849497663,1.6077946,8.789151
Tendring,E07000076,138048,134667,131666,998,62,1941,1467,595,176,371,325,1275,323,34,111,367,440,434,239,134,61,205,47,158,54857,5846,5985,5465,6333,7729,7403,4939,4684,6473,53035,49451,25052,8048,2462,54857,676,28,3929,232,477,5353,9886,3981,2927,1241,1813,757,2271,2493,2690,5275,7976,2852,2011,0.9755085187760779,0.009235917941585535,0.0031438340287436254,0.01062673852573018,0.0014849907278627723,0.9537697032916087,0.007229369494668521,0.00044911914696337506,0.014060326842837274,0.0008040681502086231,0.002658495595734817,0.0023397658785350023,0.00024629114510894763,0.0031872971719981457,0.00173128187297172,0.0009706768660176171,0.0004418752897542884,0.0026874710245711636,0.0012749188687992583,0.004310095039406583,0.002354253592953176,0.00034046128882707463,0.0011445294390356978,0.38417796708391283,0.35821598284654615,0.18147311080203987,0.058298562818729714,0.017834376448771443,0.10656798585412983,0.10910184661939223,0.09962265526733143,0.11544561313961756,0.1408935960770731,0.13495087226789654,0.09003408863043914,0.08538563902510163,0.11799770311901854,0.012322948757679057,0.0005104179958801976,0.07162258235047488,0.0042291776801502085,0.008695335144101937,0.09758098328381064,0.1802140109739869,0.07257050148568095,0.053356909783619226,0.0226224547459759,0.033049565233242796,0.013799515102903915,0.04139854530871174,0.04544543084747617,0.04903658603277613,0.09615910458100152,0.145396211969302,0.051989718723225845,-4.37398413885966,-1.975565381277102,-0.5770806730449044,0.5682462081133601,-16.129782,2.0881717
Test Valley,E07000093,116398,111645,107743,537,153,3212,1494,378,246,565,305,2368,937,141,166,434,690,487,258,149,80,404,139,265,59611,7942,10859,7868,7445,6593,5098,4511,3702,5593,58222,40262,13530,3457,927,59611,897,42,5812,210,357,4436,9541,2439,2466,3007,3495,957,4063,2677,4611,5595,6245,2761,2011,0.9591659650509459,0.020343992164813827,0.0041839206859224385,0.012835272083712778,0.003470850014605062,0.9256430522861218,0.004613481331294352,0.0013144555748380556,0.02759497585869173,0.0014261413426347532,0.00372858640182821,0.00804996649426966,0.0012113610199487963,0.005927936906132408,0.002216532930119074,0.0012800907232083025,0.0006872970325950618,0.004854035292702624,0.002113438375229815,0.003247478479011667,0.002620319936768673,0.0011941785941339197,0.002276671420471142,0.5001975978968711,0.3458994140792797,0.11623911063763982,0.029699823021014107,0.007964054365195278,0.13323044404556206,0.1821643656372146,0.13198906242136518,0.12489305665061817,0.11060039254500008,0.08552112865075238,0.07567395279394742,0.06210263206455185,0.09382496519098824,0.015047558336548623,0.0007045679488684975,0.09749878378151683,0.0035228397443424872,0.005988827565382228,0.07441579574239654,0.160054352384627,0.04091526731643488,0.04136820385499321,0.05044371005351361,0.058630118602271394,0.016054083977789336,0.06815856133935012,0.04490781902668971,0.07735149552934861,0.09385851604569627,0.10476254382580397,0.0463169549244267,0.6048198929513566,2.8507794631916012,1.3989436926300396,-0.35019535037737576,1.8202189,-7.7019043
Tewkesbury,E07000083,81943,79901,77010,480,305,2106,776,294,54,258,170,901,387,55,63,158,238,255,132,79,44,110,31,79,41544,4936,7028,5392,5959,4976,3514,3045,2840,3854,39036,29183,10213,2703,808,41544,611,56,5132,385,280,2988,6117,1333,2132,1465,2113,522,2656,1827,3640,3866,4582,1839,2011,0.9750802387025127,0.010995448055355551,0.0031119192609496845,0.009469997437242961,0.0013423965439390796,0.9397996168068047,0.005857730373552347,0.0037220995081947207,0.025700792013960923,0.0007688271115287456,0.0019281695812943143,0.00472279511367658,0.0006711982719695398,0.002904457976886372,0.0016108758527268955,0.0009640847906471572,0.0005369586175756318,0.0031485300757843867,0.0006589946670246391,0.0035878598538008127,0.002074612840633123,0.00037831175329192243,0.0009640847906471572,0.47637992262914464,0.3561378031070378,0.1246354173022711,0.032986344166066654,0.009860512795479785,0.11881378779125747,0.16917003658771423,0.129790102060466,0.14343828230310032,0.11977662237627576,0.08458501829385712,0.07329578278451762,0.06836125553629886,0.09276911226651262,0.01470729828615444,0.0013479684190256115,0.1235316772578471,0.009267282880801078,0.006739842095128057,0.07192374350086655,0.14724147891392259,0.03208646254573464,0.05131908338147506,0.03526381667629501,0.05086173695359137,0.012564991334488735,0.06393221644521471,0.04397746967071057,0.08761794723666474,0.0930579626420181,0.11029270171384556,0.04426632004621606,-0.8511830613156156,2.6255815046941424,1.6195430052577129,-0.35095542535150687,-5.8145494,-8.156854
Thanet,E07000114,134186,128194,121346,1026,187,5635,2186,720,329,598,539,2504,738,184,178,450,954,910,585,239,86,392,118,274,55200,5489,7794,5669,5717,7174,7447,5352,3970,6588,54640,47109,22377,7785,2275,55200,469,19,4120,343,356,5210,8950,2738,3200,1050,1537,731,2734,2517,2870,6533,9059,2764,2011,0.9553455651111145,0.01866066504702428,0.006781631466770006,0.016290820204790366,0.0029213181703009257,0.9043119252381023,0.007646103170226402,0.0013935880047098803,0.04199394869807581,0.0013265169242692978,0.0033535540220291237,0.005499828596127763,0.0013712309778963528,0.007109534526701742,0.004359620228637861,0.0017811098028110235,0.0006409014353211214,0.004456500678163147,0.0024518206072168484,0.005365686435246598,0.004016812484163772,0.000879376387998748,0.0020419417823021777,0.4071959816970474,0.3510723920528222,0.16676106300210156,0.05801648458110384,0.016954078666925016,0.09943840579710145,0.14119565217391306,0.10269927536231883,0.10356884057971015,0.12996376811594204,0.13490942028985506,0.09695652173913044,0.07192028985507247,0.11934782608695652,0.008496376811594203,0.00034420289855072465,0.0746376811594203,0.006213768115942029,0.006449275362318841,0.0943840579710145,0.1621376811594203,0.04960144927536232,0.057971014492753624,0.019021739130434784,0.027844202898550725,0.013242753623188407,0.049528985507246374,0.04559782608695652,0.051992753623188406,0.11835144927536231,0.16411231884057972,0.05007246376811594,-2.9983599423202847,-1.799024533498657,-1.7797077178731708,0.03668416830738383,-16.64961,2.6834848
Three Rivers,E07000102,87317,75294,69550,1747,79,3918,2002,516,181,775,530,7993,5231,605,158,590,1409,1610,864,598,148,418,128,290,43999,6612,9317,6639,5574,4319,3642,2634,2096,3166,44267,29873,9772,2672,733,43999,75,46,2241,136,301,3938,6658,2175,1681,2820,2416,799,4080,2300,2455,4482,4846,2550,2011,0.8623063091952312,0.09154002084359289,0.018438562937343243,0.0229279521742616,0.004787154849571103,0.796523013846101,0.020007558665551956,0.0009047493615218113,0.04487098732205642,0.0018094987230436227,0.006756988902504667,0.05990815076102019,0.006928776755958176,0.01613660570106623,0.009894980358922088,0.006848609091013205,0.0016949734874079504,0.008875705761764606,0.002072906765005669,0.005909502158800692,0.006069837488690633,0.0014659230161366058,0.003321231833434497,0.5069688605884307,0.3421212364144439,0.11191406026317899,0.030601142961851645,0.00839469977209478,0.15027614263960545,0.21175481260937748,0.15088979294983976,0.1266846973794859,0.09816132184822382,0.08277460851382985,0.059864996931748446,0.04763744630559785,0.07195618082229141,0.0017045841950953432,0.0010454783063251437,0.05093297574944885,0.0030909793404395552,0.00684106456964931,0.08950203413713947,0.1513216209459306,0.04943294165776495,0.038205413759403624,0.0640923657355849,0.054910338871337984,0.01815950362508239,0.09272938021318666,0.052273915316257184,0.05579672265278756,0.1018659514988977,0.1101388667924271,0.057955862633241664,3.8661804066459284,2.6009299393978957,1.6726754766709153,-0.46115779323739525,4.809775,-14.967845
Thurrock,E06000034,157705,135429,127587,1108,308,6426,3099,1056,670,683,690,5927,2234,534,682,828,1649,12323,9742,1336,1245,927,254,673,77420,7245,8731,8486,11476,9645,6392,7731,7988,9726,76012,54788,19389,5888,1628,77420,136,63,5677,506,922,7507,15458,7686,3256,2189,4873,999,3676,4077,3825,6122,7516,2932,2011,0.8587489299641736,0.037582828699153484,0.07813956437652579,0.019650613487207126,0.0058780634729399825,0.8090231761833804,0.007025775974128912,0.0019530135379347516,0.04074696426872959,0.0043245299768555215,0.005250309121460956,0.014165689103072192,0.0033860689261596016,0.010456231571605213,0.06177356456675438,0.008471513268444248,0.007894486541327161,0.004330870929900764,0.004248438540312609,0.006696046415776291,0.0043752576012174626,0.0016106020734916458,0.004267461399448337,0.4819885228749881,0.34740813544275706,0.1229447385942107,0.037335531530389016,0.010323071557655116,0.09358047016274865,0.11277447687935933,0.10960991991733403,0.14823043141307155,0.12458021183156807,0.08256264531128907,0.09985791785068458,0.103177473521054,0.12562645311289072,0.0017566520278997676,0.0008137432188065099,0.07332730560578662,0.006535778868509429,0.01190906742443813,0.09696460862826144,0.19966416946525445,0.09927667269439422,0.04205631619736502,0.028274347713769053,0.06294239214673211,0.012903642469646086,0.04748127098940842,0.052660811159907,0.04940583828468096,0.07907517437354689,0.0970808576595195,0.0378713510720744,-0.4677392434022879,-2.2914486734741084,4.269782212885929,-0.08700570845880486,4.749827,-1.4665025
Tonbridge and Malling,E07000115,120805,115872,111662,760,350,3100,1677,474,199,667,337,2431,755,165,236,496,779,421,222,143,56,404,130,274,59993,7768,10283,8380,7652,6798,5229,4530,3544,5809,60306,41475,14263,3728,1033,59993,402,77,4070,247,635,5685,9643,2850,2408,2367,4286,871,4581,3137,3384,6153,6288,2909,2011,0.9591655974504366,0.020123339265758867,0.0034849550929183393,0.013881875750175904,0.0033442324407102356,0.9243160465212532,0.006291130334009354,0.002897231074872729,0.025661189520301313,0.0019535615247713257,0.00410579032324821,0.006249741318654029,0.001365837506725715,0.006448408592359588,0.0018376722817764165,0.0011837258391622864,0.0004635569719796366,0.005521294648400315,0.0016472828111419229,0.0039236786556847815,0.0027896196349488844,0.0010761143992384422,0.0022681180414717934,0.4992011920036422,0.34332188237241834,0.11806630520259923,0.030859649848930092,0.008550970572410083,0.1294817728735019,0.17140333038854533,0.13968296301235145,0.12754821395829513,0.11331321987565215,0.08716016868634674,0.07550880936109212,0.059073558581834544,0.0968279632623806,0.006700781757871752,0.0012834830730251864,0.06784124814561698,0.00411714700048339,0.01058456819962329,0.09476105545646993,0.1607354191322321,0.04750554231326988,0.04013801610187855,0.03945460303702099,0.0714416681946227,0.014518360475388795,0.07635890853932958,0.052289433767272846,0.05640658076775624,0.10256196556264897,0.10481222809327755,0.04848899038221126,0.5288425587553547,2.5613667025849387,2.1785866059615198,-0.31260805259171803,0.55403507,-11.250111
Torbay,E06000027,130959,127699,124162,657,37,2843,1420,440,195,443,342,1353,403,79,99,261,511,251,140,73,38,236,100,136,56912,6758,7004,5799,5814,8077,7282,5379,3721,7078,54614,45098,21355,7625,2267,56912,331,61,3764,261,405,5116,10135,2216,5837,964,1133,954,2390,2257,3034,5024,9874,3156,2011,0.9751067127879718,0.01033147779075894,0.0019166303957727229,0.010843088294809827,0.0018020907306867035,0.9480982597606885,0.005016837330767645,0.00028253117387884755,0.021709084522636857,0.0007559617895677273,0.0019929901724967357,0.0030772990019777183,0.0006032422361197016,0.003901984590597057,0.00106903687413618,0.0005574263700852939,0.00029016715155124885,0.0033827381088737695,0.0014890156461182507,0.0033598301758565657,0.00261150436396124,0.0007635977672401286,0.001038492963446575,0.41703128460052385,0.3443673210699532,0.16306630319412946,0.0582243297520598,0.017310761383333716,0.11874472870396402,0.12306719145347203,0.10189415237559742,0.10215771717739668,0.14192086027551307,0.12795192578015183,0.09451433792521788,0.06538164183300534,0.12436744447568175,0.005815996626370537,0.001071830193983694,0.06613719426482992,0.004586027551307281,0.007116249648580264,0.08989316840033737,0.1780819510823728,0.038937306719145345,0.10256184987348889,0.01693843126229969,0.01990792802923812,0.01676272139443351,0.041994658420016866,0.03965771717739668,0.05331037391059882,0.08827663761596852,0.1734959235310655,0.055454034298566206,-3.688260375839405,-1.307409065363884,-2.9506473763704584,0.9252159067751444,-16.096699,5.1225557
Torfaen,W06000020,91075,89231,88209,307,155,560,603,237,103,138,125,977,172,64,80,208,453,169,47,88,34,95,14,81,40261,3178,5128,4293,4921,5378,4493,3781,4113,4976,39398,29619,14155,5965,1938,40261,115,30,5840,299,355,3536,6388,1631,1842,743,1203,855,1271,1617,3923,3571,5446,1596,2011,0.979752950864672,0.010727422454021411,0.0018556135053527313,0.006620916826791106,0.001043096349162778,0.9685314301399945,0.003370848202031293,0.0017018940433708482,0.006148778479275322,0.0008783969256107604,0.002283832006587977,0.0018885533900631349,0.0007027175404886082,0.00497392259127093,0.0005160581937963217,0.0009662366181718364,0.00037331869338457315,0.0015152346966785617,0.001130936041723854,0.0026022508921218776,0.001372495196266813,0.00015371946198188306,0.0008893768871808948,0.43258852594015923,0.3252154817458139,0.15542135602525392,0.06549547076585233,0.02127916552292067,0.07893494945480738,0.1273689178112814,0.10662924418171431,0.12222746578574799,0.13357840093390627,0.11159683067981421,0.09391222274657858,0.1021584163334244,0.12359355207272546,0.0028563622364074412,0.0007451379747149847,0.14505352574451702,0.007426541814659348,0.008817466034127319,0.0878269292864062,0.15866471274931074,0.04051066789200467,0.04575147164750006,0.018454583840441123,0.029880032786070886,0.021236432279377066,0.03156901219542485,0.040162936837137675,0.09743920916022951,0.08869625692357368,0.13526738034326022,0.03964134025483719,-4.272210990840185,-1.3173440228357136,-1.5303759311522662,-1.7287634467394406,-7.860842,17.454197
Torridge,E07000046,63839,63021,61985,211,54,771,429,141,53,125,110,271,39,3,17,126,86,51,11,34,6,67,31,36,29402,3047,3353,2410,2614,6360,3468,2256,2343,3551,27787,22242,9843,3128,839,29402,2190,43,3363,88,198,2927,4896,1042,1924,418,396,381,1390,1109,1126,2630,3912,1369,2011,0.9871865160795126,0.004245053963877881,0.0007988846943091214,0.00672003007565908,0.0010495151866413948,0.9709581917009978,0.003305189617631855,0.0008458779116214226,0.012077256849261423,0.0002662948981030405,0.0019737151271166527,0.0006109118250599163,4.699321731230126e-05,0.0013471388962859694,0.00017230846347843795,0.000532589796206081,9.398643462460252e-05,0.0019580507213458856,0.0008302135058506555,0.002208681213678159,0.0017230846347843795,0.0004855965788937797,0.0005639186077476151,0.435266843152305,0.3484077131534015,0.15418474600166043,0.04899826125095944,0.013142436441673585,0.10363240595877832,0.11403986123392966,0.08196721311475409,0.08890551663152166,0.21631181552275355,0.11795115978504864,0.07672947418542957,0.07968845656758043,0.12077409700020407,0.07448472893000477,0.0014624855452010067,0.11437997415141828,0.002992993673899735,0.006734235766274403,0.09955105094891505,0.1665192844024216,0.035439766002312766,0.06543772532480784,0.01421671995102374,0.013468471532548806,0.012958302156315897,0.04727569553091626,0.03771852254948643,0.03829671450921706,0.08944969729950343,0.13305217332154276,0.04656145840419019,-4.926075861747426,0.6141945230799724,-1.8362499923610018,4.01580536989503,-9.54077,8.309377
Tower Hamlets,E09000030,254096,114819,79231,3863,175,31550,10360,2837,1509,2961,3053,104501,6787,2442,81377,8109,5786,18629,9495,5341,3793,5787,2573,3214,120873,13279,31026,24655,11926,7246,7199,9518,4488,11536,128468,83209,27062,11228,4129,120873,35,112,2711,203,267,3731,12937,4468,11826,9784,18096,2044,16285,5882,4529,10961,9809,7193,2011,0.45187252062212707,0.4112658207921416,0.0733148101504943,0.040771991688180846,0.022774856747056232,0.3118152194446194,0.015202915433536931,0.0006887160758138656,0.12416566966815691,0.32026084629431395,0.031913135192997925,0.02671037718027832,0.009610540897928342,0.022770921226623008,0.037367766513443736,0.021019614633839178,0.014927429003211385,0.011653076002770607,0.005938700333732133,0.011165071469051067,0.012015143882627038,0.010126094074680436,0.012648762672375795,0.5055884390151754,0.3274707197279768,0.10650305396385618,0.04418802342421762,0.016249763868774008,0.10985910832030313,0.25668263383882256,0.2039744194319658,0.09866554151878418,0.05994721732727739,0.05955837945612337,0.07874380548178667,0.03712988012211164,0.09543901450282528,0.0002895601168168243,0.0009265923738138377,0.022428499334011733,0.0016794486775375808,0.002208930034002631,0.03086710845267347,0.10702969232169302,0.03696441719821631,0.09783822689930753,0.08094446236959453,0.1497108535404929,0.016910310822102537,0.13472818578177095,0.04866264591761601,0.03746907911609706,0.0906819554408346,0.0811512910244637,0.05950874057895477,11.457104584778714,-1.9742311515735782,-3.687277325775655,-1.2352444969536052,16.30279,-18.344645
Trafford,E08000009,226578,193834,182200,5098,40,6496,6031,2658,669,1535,1169,17973,6306,7027,457,2232,1951,6540,1807,3802,931,2200,1259,941,110912,12978,24907,15518,14288,9595,8814,9879,5754,9179,115496,71694,27549,9273,2566,110912,136,101,8163,657,677,7212,17093,5340,5098,5315,5791,1837,10177,6187,5333,11557,15137,5101,2011,0.8554846454642552,0.07932367661467574,0.028864232184942933,0.026617765184616334,0.009709680551509855,0.8041380893114071,0.022499977932544202,0.00017653964639108828,0.028670038573912735,0.0020169654600181836,0.009850912268622726,0.027831475253555067,0.031013602379754434,0.00861072125272533,0.007975178525717413,0.01678009338947294,0.00410896026975258,0.006774708930258013,0.0029526255858909516,0.011731059502687815,0.005159371165779555,0.005556585370159504,0.004153095181350352,0.5097405749896283,0.31642083520906705,0.12158726796070228,0.04092630352461404,0.011325018315988313,0.11701168493941143,0.22456542123485285,0.13991272360069243,0.12882285054818235,0.08651002596653203,0.07946840738603578,0.08907061454125793,0.05187896710905943,0.08275930467397577,0.0012261973456433929,0.0009106318522792844,0.07359888920946336,0.00592361511829198,0.006103938257357184,0.06502452394691287,0.15411317080207732,0.0481462781304097,0.045964368147720716,0.04792087420657819,0.05221256491633006,0.016562680323139064,0.09175742931332949,0.05578296306982112,0.048083165031736874,0.10419972590882862,0.13647756780150028,0.0459914166185805,3.3795156739116736,0.19545052548714653,0.026350400952162303,-2.564203023738732,10.306963,-4.9934797
Tunbridge Wells,E07000116,115049,109239,103115,880,322,4922,1893,414,222,787,470,2903,736,175,513,552,927,638,419,142,77,376,122,254,57234,8005,11764,8487,6302,6209,4756,4320,2393,4998,59156,38656,12788,3550,899,57234,716,63,2796,189,250,4452,8934,2002,2644,2953,5345,922,5460,2882,2146,5765,6790,2925,2011,0.9494997783553095,0.025232726925049326,0.005545463237403193,0.016453858790602266,0.003268172691635738,0.8962702848351572,0.007648914810211301,0.0027988074646454987,0.04278177124529548,0.00445896965640727,0.0047979556536779985,0.006397274204903997,0.0015210910133942929,0.008057436396665769,0.0036419264834983353,0.0012342567080113691,0.0006692800458934888,0.006840563585950334,0.0019296125998487601,0.0035984667402584984,0.0040852158645446725,0.0010604177350520213,0.0022077549565837165,0.5141809142191588,0.33599596693582734,0.11115263931020695,0.030856417700284227,0.007814061834522682,0.13986441625607157,0.20554216025439423,0.1482859838557501,0.11010937554600413,0.10848446727469686,0.08309745955201454,0.07547961002201489,0.04181081175525037,0.08732571548380333,0.012510046475870985,0.0011007443128210504,0.04885208093091519,0.0033022329384631514,0.004368032987385121,0.07778593143935424,0.15609602683719467,0.034979208162980044,0.04619631687458504,0.05159520564699305,0.09338854527029389,0.016109305657476324,0.09539784044449104,0.05035468427857567,0.03749519516371388,0.10072684068910089,0.11863577593737988,0.05110598595240591,2.542441432393745,3.4234659109770496,0.8345169932620007,-0.15107503893333996,2.5765102,-13.204109
Uttlesford,E07000077,79443,76761,73325,622,122,2692,977,241,132,382,222,1122,284,40,186,202,410,417,197,159,61,166,40,126,40772,6301,7521,6094,4590,4786,3423,2480,2238,3339,41746,26483,8620,2067,527,40772,660,19,3513,80,224,3738,6118,2371,1554,1607,2340,645,3794,2060,2184,4277,3727,1861,2011,0.9662399456213889,0.014123333710962577,0.005249046486159889,0.012298125700187556,0.0020895484813010586,0.9229888095867478,0.00782951298415216,0.0015356922573417418,0.033885930793147286,0.0023413013103734752,0.0025427035736314088,0.003574890172828317,0.0005035056581448333,0.005160932995984542,0.0024797653663633044,0.0020014349911257126,0.0007678461286708709,0.004808479035283159,0.0016615686718779502,0.0030336215903226213,0.0027944564027038254,0.0005035056581448333,0.0015860428231562252,0.5254836801228554,0.33335850861624056,0.1085054693302116,0.026018654884634267,0.00663368704605818,0.15454233297360934,0.18446482880408124,0.14946531933679977,0.11257725890316884,0.11738447954478563,0.08395467477680761,0.06082605709800844,0.054890611203767294,0.08189443735897184,0.01618757971156676,0.0004660060826057098,0.08616207201020308,0.0019621308741293044,0.005493966447562052,0.09168056509369175,0.15005395859903856,0.05815265378200726,0.03811439222996174,0.0394143039340724,0.05739232806828216,0.01581968017266752,0.09305405670558227,0.05052487000882959,0.05356617286373001,0.10490042185813794,0.09141077209849897,0.045644069459432945,1.5958816353514593,4.053246385523796,1.9044329665358262,0.41585067970563067,2.499045,-11.397819
Vale of Glamorgan,W06000014,126336,121838,119212,639,21,1966,1695,629,247,431,388,1967,566,216,121,454,610,489,165,252,72,347,174,173,58978,6581,10800,8288,7174,6463,6035,5194,3208,5235,60656,40486,17123,6191,1880,58978,402,80,4145,676,296,4424,8630,2811,3058,1575,2528,829,3477,2487,5747,6442,8567,2804,2011,0.9643965298885512,0.015569592198581561,0.003870630699088146,0.013416603343465046,0.002746643870314083,0.9436106889564336,0.005057940729483282,0.00016622340425531914,0.015561676798378925,0.0009577634245187437,0.0035935916919959472,0.004480116514690983,0.001709726443768997,0.004828394123606889,0.0013060410334346504,0.0019946808510638296,0.0005699088145896656,0.0034115374873353596,0.0019551038500506585,0.00497878672745694,0.003071175278622087,0.0013772796352583586,0.0013693642350557243,0.48011651469098277,0.32046289260385,0.13553539766970618,0.04900424265450861,0.01488095238095238,0.11158398046729288,0.18311912916680798,0.14052697616060225,0.12163857709654448,0.10958323442639628,0.10232629115941537,0.08806673674929635,0.05439316355251111,0.0887619112211333,0.006816100918986741,0.001356437993828207,0.07028044355522398,0.01146190104784835,0.005018820577164366,0.07501102105869985,0.14632574858421785,0.047661840008138626,0.05184984231408322,0.026704873003492828,0.042863440604971347,0.014056088711044796,0.05895418630675845,0.04216826613313439,0.09744311438163383,0.10922716945301637,0.14525755366407814,0.04754315168367866,-0.8760847118488642,1.0609726803204866,-1.6763161192944778,-2.2996156465540496,-10.5806675,13.825251
Vale of White Horse,E07000180,120988,114824,108599,956,109,5160,1574,377,180,621,396,2962,842,350,185,649,936,1230,828,246,156,398,149,249,63181,8057,14651,8954,6904,6923,5030,3943,3362,5357,62738,41117,13063,3163,907,63181,601,111,4803,457,484,4923,8635,1974,2520,4016,1356,878,6973,2628,4834,8667,6178,3143,2011,0.949052798624657,0.02448176678678877,0.010166297484048004,0.013009554666578504,0.0032895824379277285,0.8976014150163653,0.007901610077032432,0.000900915793301815,0.042648857737957485,0.0015290772638608787,0.0053641683472741095,0.006959367871193838,0.0028928488775746353,0.007736304426885311,0.006843653916090852,0.0020332594968096008,0.0012893840711475518,0.005132740437068139,0.0014877508513240982,0.0031160115052732505,0.003273051872913016,0.0012315270935960591,0.002058055344331669,0.5185472939465071,0.33984362085496084,0.10796938539359276,0.02614308857076735,0.007496611234171984,0.12752251468004622,0.23188933381871132,0.1417198208322122,0.10927335749671578,0.10957408081543502,0.0796125417451449,0.06240800240578655,0.053212199870214145,0.08478814833573384,0.009512353397382125,0.001756857283043953,0.07601968946360456,0.007233187192352131,0.007660530855795255,0.07791899463446289,0.13667083458634716,0.03124357006061949,0.03988540858802488,0.06356341305139203,0.0214621484306991,0.013896582833446764,0.11036545796995932,0.04159478324179738,0.07651034329940963,0.1371773159652427,0.09778256121302291,0.0497459679333977,1.9615986757681871,4.168688461596092,0.1153647926117807,-0.8558683750867384,6.7485676,-9.105265
Wakefield,E08000036,325837,310957,302331,908,302,7416,2928,1087,368,894,579,8498,1540,4896,32,853,1177,2512,1955,326,231,942,382,560,151828,13859,18471,16178,16765,18414,14824,13378,16322,23617,139288,110920,50595,19507,5527,151828,540,690,17348,1462,1301,13083,30557,9138,7234,3147,5190,2072,5939,7297,9214,12584,19139,5893,2011,0.954332994718218,0.026080524925039206,0.007709376160472874,0.008986088136092587,0.002891016060177328,0.927859635339142,0.002786669408323794,0.0009268437899931561,0.022759846180759092,9.82086135092086e-05,0.0026178733538548414,0.004726289525130664,0.015025917866908914,0.0036122355656355784,0.0059999324815782126,0.0010005002501250625,0.0007089434287695995,0.002743703139913515,0.0011293990553558988,0.0033360238401409295,0.001776962100682243,0.0011723653237661776,0.0017186507364111503,0.4274775424522077,0.34041560657629427,0.15527702501557528,0.05986735699137913,0.01696246896454362,0.09128092314988012,0.12165740179677002,0.10655478567853097,0.11042100271359696,0.1212819769739442,0.09763679953631742,0.08811286455726217,0.10750322733619622,0.15555101825750192,0.003556656216244698,0.004544616276312669,0.11426087414706115,0.009629317385462497,0.008568906920989541,0.08616987643912849,0.20126063703664673,0.06018652685934083,0.04764602049687804,0.020727402060226045,0.03418341807835182,0.013647021629738914,0.039116631978291225,0.048060963722106595,0.06068709328977527,0.08288326263930237,0.12605711726427274,0.03881365755987038,-3.98657033060824,-2.085970254399827,0.12454567148992805,-0.667829925615026,-1.3535742,15.294264
Walsall,E08000030,269323,212469,207238,1181,287,3763,7224,4312,321,1754,837,41022,16502,14289,5194,993,4044,6369,1999,3197,1173,2239,222,2017,112270,10174,14172,11072,13100,15368,11095,10480,12165,14644,113525,94650,41653,14968,4527,112270,126,61,16284,554,1275,9783,21624,6714,5228,1941,3457,1633,3997,5060,5292,10827,13980,4434,2011,0.7889003167200722,0.15231524971873922,0.023648184521930914,0.026822811271224514,0.008313437768033179,0.7694775418363823,0.004385069229141217,0.0010656349439149273,0.0139720707106337,0.01928539337524088,0.003687022645670812,0.061272152768237394,0.05305525335749268,0.015015427572097444,0.007422314469985853,0.011870504932738756,0.004355365119206306,0.006512626103229208,0.0011918774111382986,0.01601051525491696,0.0031077925019400497,0.0008242890506937766,0.0074891487173394024,0.4215198850450946,0.3514367506674142,0.1546581613898553,0.055576389688218236,0.016808813209417687,0.0906208247973635,0.12623140643092545,0.09861939966153024,0.11668299634808943,0.13688429678453728,0.09882426293756123,0.09334639707847155,0.10835485882248151,0.13043555713903981,0.0011222944686915472,0.0005433330364300348,0.14504319942994567,0.00493453282265966,0.011356551171283513,0.08713814910483655,0.19260710786496837,0.0598022624031353,0.046566313351741336,0.017288679077224547,0.03079184109735459,0.014545292598200766,0.035601674534604076,0.04506992072681928,0.04713636768504498,0.09643716041685223,0.12452124343101452,0.03949407677919302,-2.5096309423949212,-3.743893307421913,1.2323799807046676,-0.44635766289567014,10.267538,7.6818624
Waltham Forest,E09000031,258249,134799,92999,3959,369,37472,13766,4568,2403,2602,4193,54389,9134,26347,4632,2579,11697,44791,18815,18841,7135,10504,3776,6728,121021,10590,21634,15236,14957,13762,10438,10300,7995,16109,121652,91954,31133,10053,3457,121021,70,51,4216,244,622,11547,16551,6647,9290,5861,5728,2290,8280,8185,6632,13508,13666,7633,2011,0.5219729795662326,0.21060681745137444,0.17344113626771063,0.053305143485550766,0.040673923229131576,0.36011368872677146,0.015330165847689634,0.001428853548319645,0.14510027144345186,0.01793617787484172,0.009986485910884456,0.03536896561070904,0.10202169224275796,0.04529349581218127,0.07285604203694884,0.07295672006474371,0.027628374166018068,0.010075547243164543,0.009304973107349884,0.017688355037192786,0.016236268097843554,0.014621547421287207,0.026052375807844367,0.47106474758856764,0.35606720645578493,0.12055419382069243,0.03892754667007423,0.013386305464880793,0.08750547425653399,0.17876236355673808,0.12589550573867345,0.12359012072284975,0.11371580138984143,0.08624949388949026,0.08510919592467422,0.06606291470075441,0.1331091298204444,0.0005784120111385628,0.0004214144652580957,0.034836929128002576,0.0020161790102544187,0.0051396038704026575,0.09541319275167119,0.13676138851934788,0.054924351971971805,0.07676353690681782,0.0484296113897588,0.04733062856859553,0.018922335792961553,0.06841787788896142,0.06763289015955909,0.05480040654101354,0.1116169920922815,0.11292255063170854,0.06307169830029499,7.820170213395442,-6.476766577892064,0.3330730144461673,3.0121784853256175,17.906357,-12.978088
Wandsworth,E09000032,306995,219216,163739,7664,163,47650,15241,4642,2034,3887,4678,33338,8642,9718,1493,3715,9770,32756,14818,12297,5641,6444,2350,4094,178582,25675,51734,39143,17899,9291,10838,9133,4317,10552,176198,91935,27299,8749,2814,178582,77,497,4131,533,319,7443,18182,5402,9854,16301,19244,4428,30051,10225,7782,14792,17344,11977,2011,0.714070261730647,0.10859460251795632,0.10669880616948159,0.049645759702926756,0.020990569878988258,0.5333604781836838,0.024964575970292675,0.0005309532728546068,0.15521425430381602,0.004863271388784834,0.01210117428622616,0.028150295607420318,0.03165523868466913,0.03182462255085588,0.04826788709913842,0.04005602697112331,0.01837489209921986,0.012661443997459242,0.006625515073535399,0.015120767439209107,0.01523803319272301,0.007654847798824085,0.013335722080164172,0.5739442010456196,0.29946741803612437,0.08892327236599945,0.028498835485919968,0.009166273066336585,0.1437714887278673,0.2896932501595906,0.21918782408081441,0.10022846647478469,0.05202652003001422,0.06068920719893382,0.0511417724070735,0.024173768912880356,0.05908770200804112,0.0004311744744711113,0.0027830352443135365,0.02313223057195014,0.00298462331030003,0.0017862942513803184,0.04167833264270755,0.10181317266017852,0.03024940923497329,0.055179133395303,0.09128019621238423,0.10776002060678008,0.024795332116338713,0.16827563808222554,0.057256610408663804,0.043576620264080365,0.08283029644645037,0.09712065045749292,0.0670672296200065,12.817589204985088,1.88597524720987,-1.7567931506488368,-0.41356628620409036,14.383772,-16.514412
Warrington,E06000007,202228,193992,187968,1357,66,4601,2144,654,357,663,470,4911,1803,1179,152,849,928,694,389,214,91,487,237,250,100856,11178,18256,13081,11716,9610,8628,9885,6872,11630,100734,66223,24446,8466,2359,100856,248,85,8815,918,1856,7262,17648,6163,4744,5124,3332,1215,6825,5235,5691,8663,12627,4405,2011,0.9592736910813537,0.02428447099313646,0.0034317700812943807,0.010601894890915205,0.0024081729533002353,0.9294855311826256,0.00671024783907273,0.0003263643016792927,0.022751547757976144,0.0007516268765947347,0.004198231698874537,0.008915679332238859,0.005830053207271001,0.004588879878157328,0.0019235714144431038,0.0010582115236267974,0.0004499871432244793,0.0032784777577783493,0.0017653341772652649,0.003233973534822082,0.0023241094210495086,0.0011719445378483692,0.0012362284154518663,0.49812093280851316,0.32746701742587575,0.12088335937654529,0.041863639060862,0.011665051328203809,0.11083128420718648,0.1810105496946141,0.1296997699690648,0.11616562227334021,0.09528436582850797,0.08554771158879987,0.09801102562068692,0.06813674942492266,0.11531292139287698,0.0024589513762195607,0.0008427857539462203,0.08740184024748156,0.00910208614261918,0.01840247481557865,0.07200364876655826,0.17498215277226936,0.06110692472435948,0.04703736019671611,0.05080510827318157,0.033037201554691836,0.012046878718172444,0.06767073847862298,0.05190568731657016,0.056426985008328705,0.08589474101689537,0.12519830253034028,0.04367613230744824,-1.0261413831588553,0.4403916614933046,1.0333535250766437,-2.178956182550155,-9.527891,-4.011914
Warwick,E07000222,137648,122715,114739,2146,41,5789,2803,861,233,1070,639,9945,6745,480,69,1155,1496,973,474,389,110,1212,231,981,69608,8905,17365,9869,7464,6145,5472,4939,3168,6281,69660,46720,15719,4275,1274,69608,339,31,7205,1057,445,3762,10306,2211,3743,3896,1999,923,6705,3005,3407,8639,8339,3596,2011,0.8915131349529234,0.07224950598628385,0.007068755085435314,0.020363535975822387,0.008805067999535046,0.8335682320120888,0.015590491688945716,0.00029786121120539347,0.04205655004068348,0.0005012786237359061,0.008390968266883646,0.04900180169708241,0.0034871556433802163,0.010868301755201674,0.0034435661978379634,0.0028260490526560503,0.0007991398349412995,0.007773451121701732,0.0016927234685574799,0.0062550854353132625,0.004642275950249913,0.0016781936533767292,0.0071268743461583165,0.5060734627455539,0.33941648262234103,0.1141970824131117,0.03105747994885505,0.009255492270138324,0.1279306976209631,0.24946845190208022,0.14177968049649464,0.107229054131709,0.0882800827491093,0.07861165383289277,0.07095448798988623,0.045512010113780026,0.0902338811630847,0.00487012987012987,0.00044535110906792323,0.10350821744627055,0.015185036202735317,0.006392943339845995,0.05404551201011378,0.1480576945178715,0.03176359039190898,0.053772554878749566,0.0559705780944719,0.028717963452476725,0.013259970118377198,0.0963251350419492,0.04317032524997127,0.048945523503045624,0.12410929778186415,0.11979944833927135,0.051660728651879095,2.7702697275781496,2.329016685369733,-0.4129489610644624,-1.7606408116599679,7.55481,-7.599895
Watford,E07000103,90301,64946,55875,2063,61,6947,3104,990,412,939,763,16170,4923,6082,362,822,3981,5229,3142,1558,529,852,294,558,47634,5038,9467,6925,5610,4775,4234,3991,2770,4824,45200,31453,9911,2931,806,47634,36,25,2607,132,292,3626,8208,2930,2397,3034,2196,694,3485,2722,2350,4391,5870,2639,2011,0.7192168414524757,0.17906778440991794,0.057906335478012425,0.03437392719903434,0.009435111460559684,0.6187639118060708,0.022845815660956136,0.0006755185435377238,0.07693159544191094,0.004008814963289443,0.009102889226032935,0.05451766868583958,0.06735252101305633,0.04408589052169965,0.03479474202943489,0.01725340804642252,0.005858185402155015,0.010398555940687258,0.0045625186875006924,0.01096333373938273,0.00844951883146366,0.0032557778983621443,0.006179333562197539,0.5005481666869691,0.3483128647523283,0.10975515221315378,0.03245811231326342,0.008925704034285335,0.10576478985598523,0.19874459419742202,0.14537935088382248,0.11777301927194861,0.10024352353361045,0.08888608976781291,0.08378469160683545,0.05815174035352899,0.10127220052903388,0.0007557626905151782,0.0005248352017466516,0.05472981483814082,0.0027711298652223202,0.00613007515640089,0.07612209766133433,0.17231389343746065,0.06151068564470756,0.05032119914346895,0.06369400008397363,0.046101524121425874,0.014569425200487048,0.07316202712348323,0.05714405676617542,0.049334508964185245,0.09218205483478188,0.12323130537011379,0.055401603896376536,4.70644036515112,-1.6585314707764047,2.040299702744312,0.008620001807099974,13.2729435,-9.546951
Waveney,E07000206,115254,112589,110385,407,91,1706,1215,387,200,341,287,959,180,56,96,308,319,369,208,100,61,122,9,113,49181,4759,5702,4991,4912,7728,5900,4501,4641,6047,47348,41820,18541,5829,1716,49181,777,518,5698,562,529,4551,8573,1992,3510,664,989,609,2494,2208,2381,4443,6320,2363,2011,0.9768771582765023,0.008320752425078522,0.0032016242386381385,0.010541933468686553,0.0010585315910944522,0.9577541777291895,0.0035313307997987056,0.0007895604490950422,0.014802089298419144,0.0008329428913530116,0.002672358443090912,0.0015617679212868967,0.0004858833532892568,0.002767799816058445,0.001804709597931525,0.0008676488451593871,0.0005292657955472261,0.00295868256199351,0.0017352976903187742,0.003357801030766828,0.002490152185607441,7.808839606434484e-05,0.0009804431950301074,0.4108143752060666,0.3628507470456557,0.16087077238100195,0.050575251184340676,0.014888854182935082,0.09676501087818466,0.11593908216587706,0.10148227974217686,0.09987596836176572,0.1571338525040158,0.11996502714462902,0.09151908257253817,0.09436571033529209,0.12295398629552062,0.015798784083284195,0.010532522722189464,0.1158577499440841,0.011427177161912121,0.010756186332120127,0.09253573534495028,0.17431528435778043,0.040503446452898474,0.07136902462333015,0.013501148817632825,0.020109391838311542,0.012382830767979504,0.05071064028791607,0.04489538642971879,0.0484130050222647,0.09033976535654013,0.12850491043289075,0.048047010024196334,-4.704772009926512,-1.0347914917882677,-1.4643884862464631,1.434842935936475,-0.7728409,18.84341
Waverley,E07000216,121572,116717,110190,1032,167,5328,1623,332,168,746,377,2283,533,246,169,623,712,538,353,147,38,411,162,249,59178,9368,14132,8980,6161,6134,4920,3541,1887,4055,65068,39777,12768,3078,881,59178,340,141,3072,206,222,4376,8105,1917,2508,4438,3241,1008,6998,3131,2639,7212,6058,3566,2011,0.9600648175566743,0.018778995163359985,0.004425361102885533,0.013350113512979963,0.003380712664100286,0.906376468265719,0.008488796762412397,0.0013736715691113086,0.04382588095943145,0.0013901227256276115,0.005124535254828415,0.004384233211594775,0.002023492251505281,0.0058566117198039025,0.0029036291251274965,0.0012091600039482776,0.00031257197380975884,0.006136281380581055,0.0013818971473694602,0.002730891981706314,0.003101043003323134,0.0013325436778205508,0.0020481689862797353,0.535221926101405,0.32718882637449415,0.10502418320007896,0.025318329878590465,0.007246734445431514,0.15830207171584035,0.23880496130318699,0.15174558112812195,0.10410963533745649,0.10365338470377505,0.08313900435972828,0.0598364256987394,0.031886849842847,0.06852208591030451,0.005745378350062523,0.002382642198114164,0.05191118320997668,0.0034810233532731757,0.003751394099158471,0.07394639899962824,0.13695968096251984,0.03239379499138193,0.04238061441752002,0.07499408563993376,0.054766974213390114,0.017033356990773598,0.11825340498158099,0.05290817533542871,0.04459427489945588,0.12186961370779682,0.1023691236608199,0.06025887998918517,3.7162824191617534,5.115232398940735,0.05652624936494094,-0.4247154044240989,7.048944,-14.822652
Wealden,E07000065,148915,145173,139745,933,368,4127,1428,326,182,562,358,1719,459,52,217,411,580,343,215,110,18,252,79,173,71084,9961,12168,9574,8112,10005,7137,4898,3320,5909,70867,52009,19408,5198,1433,71084,1120,52,4403,246,452,7232,11175,2668,3423,2460,3637,1137,5501,3467,3310,7026,9538,4237,2011,0.9748715710304536,0.011543497968639828,0.00230332740153779,0.009589363059463452,0.0016922405399053151,0.9384212470201121,0.006265319141792298,0.0024712084074807778,0.027713796461068394,0.0014572071315851324,0.0027599637377027164,0.0030822952691132526,0.00034919249236141424,0.0038948393378773127,0.0014437766511096934,0.0007386764261491454,0.00012087432427895109,0.0037739650135983614,0.00122217372326495,0.0021891683174965586,0.0024040560051035824,0.0005305039787798408,0.0011617365611254742,0.47588892992646814,0.3492529295235537,0.13032938253366014,0.034905818755665986,0.009622939260652049,0.14012998705756569,0.1711777615215801,0.13468572393224917,0.1141185076810534,0.14074897304597378,0.10040234089246525,0.0689043948005177,0.046705306398064264,0.08312700467053064,0.015756006977660234,0.000731528895391368,0.06194080243092679,0.003460694389736087,0.006358674244555737,0.10173878791289179,0.15720837319227957,0.037533059478926344,0.048154296325474084,0.03460694389736087,0.051164819087277026,0.01599516065499972,0.07738731641438298,0.048773282313882164,0.046564627764335155,0.09884080805807215,0.13417928085082437,0.05960553711102358,-0.27922657240370485,2.928807467428889,0.47135995713381673,1.08991770752777,-4.8809805,-5.064811
Wellingborough,E07000156,75356,65788,61229,614,89,3856,2158,1177,228,397,356,4463,3097,278,538,174,376,2696,903,1414,379,251,61,190,36363,3787,4589,4034,4331,4340,3317,2988,3622,5355,32913,27907,10687,2973,876,36363,193,26,5078,122,267,2862,7453,2593,1366,1100,1299,364,1707,1824,1807,3362,3558,1382,2011,0.8730293539996815,0.05922554275704655,0.035776845904772016,0.028637401135941397,0.003330856202558522,0.812529858272732,0.008147990870003716,0.001181060565847444,0.05117044429109825,0.007139444768830617,0.0023090397579489355,0.04109825362280376,0.003689155475343702,0.004989649132119539,0.011983120123148788,0.018764265619194226,0.005029460162429004,0.00526832634428579,0.003025638303519295,0.015619194224746537,0.004724242263389776,0.0008094909496257763,0.0025213652529327457,0.436766813525134,0.3703354742820744,0.1418201603057487,0.03945273103667923,0.011624820850363607,0.10414432252564419,0.12619970849489867,0.11093694139647443,0.11910458433022578,0.11935208866155157,0.09121909633418585,0.082171438000165,0.09960674311800456,0.14726507713884993,0.0053075928828754506,0.0007150125127189725,0.13964744383026703,0.003355058713527487,0.00734262849599868,0.07870637736160382,0.20496108681901934,0.0713087479030883,0.037565657399004485,0.030250529384264226,0.035723125154690206,0.010010175178065616,0.04694332150812639,0.05016087781536177,0.049693369633968594,0.09245661799081484,0.09784671231746556,0.03800566509913923,-1.2302919897001652,-2.303541131721593,3.1241758961642234,0.7118108305452688,6.9417205,3.549037
Welwyn Hatfield,E07000241,110535,92936,84557,1711,155,6513,2797,859,425,819,694,8704,3526,734,465,1914,2065,4989,3931,719,339,1109,566,543,52981,6009,9960,7182,6297,5224,4601,5336,2829,5543,56252,37488,12427,3431,937,52981,131,43,3552,145,459,3857,10935,2431,2454,2835,2233,750,4033,2824,2537,5173,5899,2690,2011,0.8407834622517755,0.07874428913918669,0.045135025105170305,0.025304202288867778,0.010033021214999775,0.7649794182838016,0.015479259962907676,0.0014022707739629982,0.05892251323110327,0.0042068123218889945,0.01731578233138825,0.031899398380603426,0.00664043063283123,0.01868186547247478,0.035563396209345455,0.0065047270095444885,0.0030669018862803637,0.0074094178314561,0.00384493599312435,0.007771294160220744,0.006278554304066585,0.0051205500520197225,0.004912471162980051,0.5089066811417198,0.339150495318225,0.11242592843895599,0.031039942099787398,0.008476953001311802,0.11341801777995886,0.18799192163228326,0.13555803023725488,0.11885392876691644,0.09860138540231404,0.08684245295483287,0.10071535078613088,0.05339650063230215,0.10462241180800665,0.0024725845114286255,0.0008116117098582511,0.06704290217247692,0.0027368301844057303,0.008663483135463657,0.07279968290519243,0.20639474528604593,0.04588437364338159,0.04631849153470112,0.05350974877786376,0.04214718483984825,0.014156018195202054,0.07612162850833318,0.05330212717766747,0.04788509088163681,0.0976387761650403,0.11134180177799588,0.05077291859345803,2.931223589814814,-0.3047174039543906,1.605972914535228,-0.8197704882414089,11.707244,-7.6129417
West Berkshire,E06000037,153822,145854,139044,1284,164,5362,2420,776,262,831,551,3808,1675,473,225,659,776,1376,701,514,161,364,139,225,81679,10688,16533,11596,9536,9129,7166,5953,4198,6880,79432,53069,16456,3818,1047,81679,762,136,6414,557,754,6317,12911,3012,3607,8668,2878,1286,6774,4107,4641,7889,6794,4172,2011,0.9481998673791785,0.02475588667420785,0.008945404428495275,0.015732469997789652,0.0023663715203286915,0.9039279166829192,0.008347310527752857,0.0010661673882799599,0.034858472780226496,0.0014627296485548232,0.0042841726151005705,0.010889209605908128,0.0030749827722952503,0.0050447920323490785,0.004557215482830805,0.0033415246193652403,0.001046664326299229,0.00540234816866248,0.0017032674129838384,0.0050447920323490785,0.0035820623837942555,0.0009036418717738685,0.0014627296485548232,0.5163890730844742,0.3450026654184707,0.10698079598496964,0.024820896880810288,0.00680656863127511,0.13085370780739236,0.20241432926456004,0.14197039630749642,0.11674971534911054,0.111766794402478,0.08773368919795786,0.07288287075013161,0.05139631973946792,0.08423217718140526,0.00932920334480099,0.0016650546652138248,0.07852691634324613,0.0068193782979713265,0.009231258952729587,0.07733934058938038,0.15807000575423302,0.03687606361488265,0.044160677775193134,0.10612274880936348,0.03523549504768667,0.015744561025477784,0.08293441398645919,0.05028220227965573,0.05681999045042177,0.09658541363141077,0.0831792749666377,0.05107800046523586,1.997811064470913,3.446610903242854,1.7881503586377938,-0.318054524692317,5.8717155,-11.028513
West Devon,E07000047,53553,52730,51603,233,21,873,402,126,56,130,90,300,57,4,17,93,129,59,26,23,10,62,27,35,25241,3043,4337,2640,2329,4375,2515,1629,1637,2736,24556,18599,7646,2120,632,25241,1462,68,2102,99,227,2053,3684,938,1979,577,406,380,1432,925,1557,2649,3463,1240,2011,0.9846320467574179,0.005601927062909641,0.0011017123223722293,0.007506582264298919,0.0011577315930013257,0.9635874740910874,0.004350830018859821,0.00039213489440367486,0.016301607753067056,0.00031744253356487964,0.0017365973895019887,0.0010643661419528318,7.469236083879521e-05,0.002408828637051146,0.00048550034545216886,0.0004294810748230725,0.00018673090209698803,0.0024275017272608443,0.0010456930517431329,0.0023528093664220494,0.0016805781188728923,0.0005041734356618677,0.0006535581573394581,0.4585364031893638,0.34730080481018805,0.14277444774335704,0.039586951244561464,0.011801393012529644,0.12055782259023018,0.17182362030030507,0.10459173566815895,0.09227051226179628,0.17332910740461946,0.09963947545659839,0.06453785507705717,0.06485479973059705,0.10839507151063746,0.05792163543441227,0.0026940295550889424,0.08327720771760232,0.003922190087555961,0.00899330454419397,0.08133592171467058,0.1459530129551127,0.037161760627550416,0.07840418366942672,0.02285963313656353,0.016084941167148686,0.015054871043144092,0.05673309298363773,0.03664672556554811,0.061685353195198286,0.1049482984033913,0.13719741690107365,0.049126421298680716,-2.7344052211045784,2.1967113078793887,-2.273008326157598,2.7638498147372834,-9.447662,5.564859
West Dorset,E07000052,99264,97284,95011,500,104,1669,770,200,100,275,195,934,242,59,87,242,304,169,111,43,15,107,40,67,45714,5584,7888,5202,4498,7402,4526,3262,2549,4803,44070,35640,14604,3878,1072,45714,1863,82,3999,101,329,3810,6792,1228,3148,982,708,786,2565,1934,3680,4632,6652,2423,2011,0.9800531914893617,0.009409252095422309,0.0017025306254029658,0.00775709219858156,0.0010779335912314636,0.9571546582849775,0.005037072856221792,0.0010477111540941329,0.016813749194068344,0.0008764506769825919,0.0024379432624113476,0.0024379432624113476,0.0005943745970341715,0.0030625402965828497,0.001118230174081238,0.00043318826563507415,0.00015111218568665378,0.002770390070921986,0.0010074145712443586,0.002014829142488717,0.001964458413926499,0.00040296582849774337,0.0006749677627337202,0.4439676015473888,0.35904255319148937,0.1471228239845261,0.03906753707285622,0.010799484203739523,0.12215076344227152,0.17255107844424028,0.1137944612153826,0.09839436496478103,0.1619197619985125,0.09900686879292996,0.07135669597934988,0.055759723498271865,0.10506628166426041,0.04075337970862318,0.001793761211007569,0.08747867174169839,0.0022093888086800544,0.007196919980749879,0.08334427090169313,0.14857592859955374,0.026862667891674324,0.06886293039331495,0.021481384258651617,0.015487596797479984,0.017193857461609136,0.05610972568578554,0.0423065144157151,0.08050050312814455,0.10132563328520804,0.1455134094588091,0.0530034562716017,-2.3037628439390496,2.1126778927799323,-1.6992999207437103,2.275951657080656,-9.55188,4.2321134
West Lancashire,E07000127,110685,108603,105775,584,8,2236,866,266,140,248,212,913,411,85,13,190,214,174,115,48,11,129,63,66,51694,5751,8787,5469,5824,6071,5300,3897,4268,6327,52675,36226,14800,5380,1604,51694,1394,49,5450,123,449,3801,8782,2672,2538,1174,1885,548,2549,2148,2843,5923,7118,2248,2011,0.9811898631250847,0.008248633509508966,0.0015720287301802412,0.00782400505940281,0.0011654695758232822,0.9556398789357184,0.005276234358765867,7.22771829967927e-05,0.02020147264760356,0.00011745042236978813,0.0017165830961738265,0.003713240276460225,0.0007679450693409225,0.0019334146451642047,0.0010389845055788951,0.0004336630979807562,9.938112662058997e-05,0.002240592672900574,0.0012648507024438723,0.0024032163346433574,0.0019153453494150066,0.0005691828160997425,0.0005962867597235397,0.4759000767945069,0.32728915390522656,0.13371278854406649,0.04860640556534309,0.014491575190856936,0.11125082214570356,0.16998104228730607,0.10579564359500135,0.11266297829535342,0.11744109567841529,0.10252640538553798,0.075385924865555,0.08256277324254266,0.12239331450458467,0.02696637907687546,0.0009478856346964832,0.1054280961039966,0.00237938638913607,0.008685727550586142,0.07352884280574148,0.16988431926335745,0.05168878399814292,0.049096606956319885,0.022710566023136147,0.03646458002863002,0.010600843424768832,0.04930939760900685,0.04155221108832746,0.05499671141718575,0.11457809416953611,0.13769489689325648,0.04348667156729988,-2.4701043795761186,0.6294665249825162,-0.8804730025585533,-0.6617160430190691,-4.790694,3.4075763
West Lindsey,E07000142,89250,87600,85977,411,161,1051,630,222,58,205,145,728,370,64,0,130,164,224,127,74,23,68,38,30,41968,4997,6610,4669,4436,5819,4425,3055,3523,4434,39293,32075,13100,3790,992,41968,1724,126,4686,452,472,3555,6608,1932,1735,673,647,479,2000,1493,3186,4531,5916,1753,2011,0.9815126050420168,0.00815686274509804,0.0025098039215686275,0.007058823529411765,0.0007619047619047619,0.963327731092437,0.004605042016806723,0.001803921568627451,0.011775910364145659,0.0,0.0014565826330532213,0.004145658263305322,0.0007170868347338936,0.0018375350140056022,0.00142296918767507,0.0008291316526610644,0.000257703081232493,0.0022969187675070026,0.000649859943977591,0.002487394957983193,0.0016246498599439775,0.0004257703081232493,0.0003361344537815126,0.44025770308123247,0.35938375350140056,0.14677871148459384,0.04246498599439776,0.01111484593837535,0.11906690812047274,0.15750095310712925,0.11125142966069386,0.10569958063286314,0.138653259626382,0.10543747617232177,0.07279355699580634,0.08394491040792985,0.10565192527640106,0.041078917270301184,0.0030022874571101793,0.11165650019062143,0.010770110560426992,0.011246664125047654,0.08470739611132291,0.1574532977506672,0.04603507434235608,0.041341021730842545,0.016036027449485322,0.01541650781547846,0.011413457872664888,0.04765535646206634,0.03557472359893252,0.07591498284407168,0.10796321006481129,0.14096454441479223,0.04176991993900114,-3.7549270510552026,1.4611980584455082,-0.4102374348940112,0.8550216187618258,-6.5029845,5.815177
West Oxfordshire,E07000181,104779,101469,96995,708,182,3584,1263,320,136,473,334,1424,354,95,152,310,513,437,270,109,58,186,53,133,56515,7384,10416,8344,6036,7307,4998,3666,3381,4983,53984,35438,11685,2942,730,56515,750,89,5130,199,369,4565,8493,1825,2559,2970,1263,893,4497,2308,5186,6644,5689,3086,2011,0.9684097004170683,0.013590509548669104,0.004170683056719381,0.012053942106719858,0.001775164870823352,0.9257103045457582,0.0067570791857146945,0.001736989282203495,0.034205327403391904,0.0014506723675545671,0.00295860811803892,0.0033785395928573473,0.0009066702297216045,0.004896019240496665,0.0025768522318403496,0.0010402847898911042,0.000553546034987927,0.0045142633542980945,0.0012979700130751391,0.0030540470895885625,0.003187661649758062,0.0005058265492131057,0.0012693383216102463,0.5152177440135906,0.33821662737762337,0.11152043825575736,0.028078145429904847,0.006967044923123908,0.1306555781650889,0.18430505175617093,0.1476422188799434,0.10680350349464744,0.1292931080244183,0.08843669822171105,0.06486773422985048,0.059824825267628064,0.08817128196054146,0.01327081305848005,0.0015748031496062992,0.09077236132000353,0.00352118906485004,0.006529240024772185,0.08077501548261523,0.1502786870742281,0.03229231177563479,0.045280014155533926,0.052552419711581,0.022348049190480404,0.015801114748296912,0.07957179509864638,0.04083871538529594,0.09176324869503671,0.11756170928072193,0.100663540652924,0.054604972131292576,0.7493385568802258,3.956218673378078,0.2920113658664609,0.29722089298526166,0.61392117,-7.4853287
West Somerset,E07000191,34675,34228,33229,153,14,832,208,78,27,71,32,192,32,2,25,26,107,20,10,7,3,27,9,18,15355,1929,1801,1361,1300,2793,1896,1114,936,2225,14080,12620,5741,1756,478,15355,862,17,966,164,126,1146,2349,455,2223,256,229,243,663,723,624,1371,1989,949,2011,0.9871088680605624,0.005537130497476568,0.0005767844268204759,0.005998558038932949,0.0007786589762076424,0.9582984859408796,0.00441240086517664,0.00040374909877433307,0.023994232155731796,0.0007209805335255948,0.0007498197548666186,0.0009228550829127614,5.767844268204759e-05,0.003085796683489546,0.00028839221341023794,0.00020187454938716654,8.651766402307138e-05,0.0020475847152126893,0.0007786589762076424,0.002249459264599856,0.0009228550829127614,0.00025955299206921413,0.0005191059841384283,0.406056236481615,0.3639509733237203,0.1655659697188176,0.05064167267483778,0.013785147801009373,0.12562683165092803,0.11729078476066428,0.08863562357538261,0.0846629762292413,0.1818951481602084,0.1234776945620319,0.07254965809182677,0.06095734288505373,0.14490394008466298,0.05613806577661999,0.0011071312276131552,0.0629111038749593,0.01068056007815044,0.008205796157603387,0.0746336698143927,0.152979485509606,0.02963204168023445,0.1447736893520026,0.016672093780527517,0.014913708889612505,0.015825464018235102,0.04317811787691306,0.0470856398567242,0.04063822859003582,0.08928687723868446,0.12953435363073917,0.06180397264734614,-4.074494799219573,0.017613806790663527,-3.466794810458622,5.061626668801364,-12.855153,7.066762
Westminster,E09000033,219396,135330,77334,4960,76,52960,11395,1869,1927,3584,4015,31862,7213,2328,6299,5917,10105,16472,9141,4449,2882,24337,15724,8613,111179,22143,29593,25137,9684,4255,6036,5303,2183,6845,118808,65807,22027,9263,3491,111179,77,466,2440,343,206,3210,10977,2875,7269,8995,18921,3322,18640,4801,4498,7007,8053,9079,2011,0.6168298419296614,0.14522598406534304,0.07507885285055334,0.05193804809568087,0.11092727305876132,0.35248591587813816,0.022607522470783424,0.000346405586245875,0.24138999799449398,0.028710641944246933,0.026969498076537403,0.03287662491567759,0.010610950062899962,0.04605826906598115,0.04166438768254663,0.02027840070010392,0.013136064467902787,0.016335758172437053,0.008783204798628963,0.00851884264070448,0.01830024248391037,0.07166949260697551,0.03925778045178581,0.5415230906671042,0.29994621597476706,0.10039836642418276,0.04222045980783606,0.015911867126109865,0.1991653099955927,0.26617436746148104,0.22609485604295776,0.08710278020129701,0.038271616042597975,0.054290828303906316,0.047697856609611525,0.01963500301315896,0.061567382329396736,0.0006925768355534769,0.004191439030752211,0.021946590633123163,0.003085114994738215,0.0018528678977144965,0.02887235898865793,0.09873267433598072,0.025859200028782413,0.06538105217711979,0.08090556669874707,0.17018501695464072,0.029879743476735714,0.1676575612300884,0.04318261542197717,0.04045728060155245,0.06302449203536639,0.07243274359366426,0.08166110506480541,16.78096006286983,0.32368694334064746,-5.541002134387138,0.2878185747060626,14.075672,-18.615135
Weymouth and Portland,E07000053,65167,63480,61860,298,48,1274,653,247,70,185,151,640,97,21,93,173,256,321,153,125,43,73,15,58,29987,3084,4048,3540,3097,4330,3639,2573,2071,3605,27562,23933,9802,2952,918,29987,147,84,2621,80,262,2459,4653,1224,2708,540,385,444,1246,1091,3669,2632,4255,1487,2011,0.9741126643853484,0.009820921632114414,0.004925806006107386,0.010020409102766737,0.0011201988736630503,0.9492534565040588,0.004572866634953274,0.0007365691224085811,0.019549772123927753,0.0014271026746666257,0.0026547178786809275,0.0014884834348673408,0.0003222489910537542,0.003928368652845765,0.002347814077677352,0.0019181487562723463,0.0006598431721576872,0.0028388601592830728,0.001074163303512514,0.0037902619423941567,0.0023171236975769944,0.00023017785075268158,0.0008900210229103688,0.4229441281630273,0.3672564334709285,0.15041355287185232,0.045299001028127735,0.014086884466064112,0.10284456597859072,0.13499182979291027,0.11805115550071697,0.10327808717110748,0.14439590489211993,0.12135258612065228,0.08580384833427819,0.06906326074632341,0.12021876146330077,0.0049021242538433325,0.002801213859339047,0.08740454196818621,0.0026678227231800447,0.008737119418414646,0.08200220095374662,0.15516723913695935,0.040817687664654684,0.09030579917964451,0.018007803381465303,0.012838896855303965,0.014806416113649247,0.0415513389135292,0.03638243238736786,0.12235301964184479,0.08777136759262347,0.14189482108913862,0.04958815486710908,-3.4835001384439166,-0.07792140429181614,-1.7970131795163866,1.1569797053547957,-14.003083,3.813502
Wigan,E08000010,317849,309193,303519,1459,151,4064,2756,1015,429,783,529,3519,1019,676,109,891,824,1678,1310,216,152,703,304,399,149908,13429,20108,16630,17337,19155,15395,13809,15513,18532,144283,103934,46797,18112,4723,149908,274,129,17662,841,1561,15106,26920,8344,6855,3566,4210,1850,6351,8018,9278,12716,19334,6893,2011,0.9727669427935907,0.01107129486013799,0.0052792363669541195,0.008670783925700568,0.0022117420536166546,0.9549156989639734,0.00459022995195832,0.0004750683500655972,0.012785945527593292,0.00034293013349106024,0.002803217880188391,0.003205924825939361,0.002126796057247309,0.0025924259632718683,0.004121453897920082,0.0006795679709547615,0.00047821449807927663,0.0024634338947110107,0.0013496974978684847,0.0031933402338846432,0.00166431229923643,0.0009564289961585533,0.001255313057458101,0.45393567385771233,0.3269917476537601,0.1472302885961573,0.05698303282376223,0.01485925706860805,0.08958161005416655,0.13413560316994425,0.1109347066200603,0.11565093257197748,0.1277783707340502,0.10269632040985137,0.09211649811884623,0.10348346986151506,0.12362248845958855,0.0018277877097953412,0.0008605277903780986,0.11781892894308509,0.005610107532620007,0.010413053339381487,0.10076847132908184,0.1795768071083598,0.0556608052939136,0.04572804653520826,0.02378792325959922,0.028083891453424766,0.012340902420151026,0.042365984470475224,0.05348613816474104,0.06189129332657363,0.0848253595538597,0.12897243642767564,0.045981535341676226,-3.4595704231948834,-1.2196561312502658,0.31397544057582466,-1.0612393259637931,-3.3733156,14.914785
Wiltshire,E06000054,470981,454971,439725,2381,757,12108,5568,1968,656,1667,1277,6178,1547,215,595,1210,2611,3228,1418,1151,659,1036,288,748,239216,29672,39957,34876,26074,29613,21914,17595,15323,24192,234318,160362,57221,14974,4106,239216,4105,245,21693,951,1685,17274,35563,8512,12266,10236,7601,3401,16091,10678,29723,22352,25598,11242,2011,0.9660071213063797,0.01311730197184175,0.0068537796641478105,0.0118221329522847,0.0021996641053460757,0.933636388729057,0.00505540563207433,0.0016072835209912926,0.02570804342425703,0.0012633206010433543,0.0025691057601049724,0.003284633562712721,0.00045649399869633807,0.005543748049284366,0.003010737163494918,0.0024438353139510935,0.001399207186701799,0.003539420910822305,0.0013928375029990594,0.004178512508997178,0.0027113620294661567,0.0006114896354630017,0.0015881744698830738,0.4975105152861793,0.3404850726462426,0.12149322371815424,0.03179321458827426,0.0087179737611496,0.12403852585111363,0.16703314159587987,0.1457929235502642,0.10899772590462177,0.12379188683031235,0.09160758477693799,0.0735527723898067,0.06405507992776403,0.10113035917329945,0.017160223396428333,0.0010241789846832988,0.0906837335295298,0.003975486589525784,0.007043843221189218,0.07221088890375225,0.1486648050297639,0.03558290415356832,0.05127583439234834,0.04278977994782958,0.03177463045950104,0.014217276436358771,0.06726556752056718,0.044637482442645975,0.12425172229282322,0.09343856598220855,0.10700789244866564,0.046995184268610796,-0.23669475553917246,2.7694805155101396,0.22082566747594698,0.16471474304783554,0.471283,-6.4343963
Winchester,E07000094,116595,111577,107070,733,263,3511,1626,321,180,684,441,2639,665,92,222,745,915,457,250,147,60,296,110,186,57318,8238,14540,8176,5891,5488,4388,3704,2006,4887,62025,38219,12354,3135,862,57318,922,60,3482,220,322,3812,7444,2004,3047,3703,2159,965,5290,2535,4545,6817,7160,2831,2011,0.9569621338822419,0.02263390368369141,0.003919550581071229,0.01394570950726875,0.0025387023457266607,0.918306959989708,0.006286718984519062,0.002255671340966594,0.03011278356704833,0.0019040267592949954,0.0063896393498863585,0.005703503580771045,0.0007890561344826107,0.007847677859256401,0.0021441742784853554,0.001260774475749389,0.0005146018268364853,0.005866460825935932,0.0015438054805094559,0.002753119773575196,0.0037823234272481667,0.0009434366825335563,0.0015952656631931044,0.5319696384922167,0.3277927869977272,0.10595651614563231,0.026887945452206356,0.007393112912217505,0.143724484455145,0.25367249380648316,0.14264279981855613,0.10277748700233784,0.09574653686451028,0.0765553578282564,0.06462193377298579,0.03499773195156844,0.08526117450015702,0.016085697337660073,0.0010467915837956664,0.06074880491294184,0.0038382358072507764,0.005617781499703409,0.06650615862381799,0.129871942496249,0.03496283889877525,0.05315956593042325,0.06460448724658921,0.03766705049024739,0.016835897972713634,0.09229212463798457,0.0442269444153669,0.07929446247252173,0.11893297044558429,0.12491712899961617,0.04939111622875885,2.6654818448929394,4.6061191269674815,-0.4862814157977255,-0.6557782641979643,7.6248603,-10.2979145
Windsor and Maidenhead,E06000040,144560,124505,112081,2055,219,10150,3315,679,358,1399,879,13848,5860,4238,393,1071,2286,1725,1039,473,213,1167,379,788,73951,12111,16413,13022,7920,6356,5583,4367,2874,5305,78802,46571,14234,3872,1081,73951,229,209,5524,499,446,4166,10216,4491,3796,7874,2482,1300,7667,4070,3606,7281,5688,4407,2011,0.8612686773657997,0.09579413392363033,0.011932761483121196,0.022931654676258992,0.008072772551189817,0.775325124515772,0.014215550636413946,0.0015149418926397344,0.07021306032097399,0.0027185943552850028,0.00740868843386829,0.04053680132816823,0.029316546762589928,0.015813503043718872,0.007187327061427781,0.0032719977863862756,0.001473436635307139,0.009677642501383508,0.002476480354178196,0.004697011621472053,0.006080520199225235,0.00262174875484228,0.0054510237963475375,0.5451162147205313,0.32215688987271723,0.09846430547869396,0.026784726065301606,0.007477863862755949,0.16377060485997486,0.2219442603886357,0.17608957282524915,0.1070979432326811,0.08594880393774255,0.07549593649849225,0.05905261592135333,0.03886357182458655,0.07173669051128449,0.003096645075793431,0.002826195724195751,0.07469811091127909,0.006747711322362105,0.006031020540628254,0.05633459993779665,0.1381455287960947,0.060729401901258945,0.05133128693323958,0.10647590972400643,0.03356276453327203,0.01757920785384917,0.10367675893497046,0.05503644305012779,0.048762018093061625,0.09845708644913524,0.07691579559438007,0.05959351462454869,5.623963546587714,3.6345937455043624,1.298153858363805,-0.4049828749971321,8.920452,-15.036738
Wirral,E08000015,319783,310156,303682,2667,77,3730,3286,964,558,949,815,5116,1344,226,851,1653,1042,695,389,189,117,530,208,322,139929,13034,24738,16816,18013,15208,15277,11971,10685,14187,148028,102085,45687,18448,5535,139929,204,187,14043,642,1151,9701,20296,6228,6780,3411,4948,2312,8798,6289,10779,14484,22874,6802,2011,0.9698952101894097,0.015998348880334478,0.002173348802156462,0.0102757182214189,0.0016573739066804676,0.9496502315632789,0.008340030583239259,0.00024078828455546418,0.011664159758336122,0.0026611796124246753,0.005169130316495874,0.004202850057695375,0.0007067292507731806,0.0032584596429453723,0.0012164499050918904,0.0005910257893634121,0.00036587310770115985,0.00296763742913163,0.0017449332828824546,0.0030145442378112655,0.0025486032715935493,0.0006504410803576176,0.00100693282632285,0.462901405015276,0.3192321042707086,0.14286875787643497,0.05768912043479484,0.01730861240278564,0.09314723895689957,0.17678965761207469,0.12017523172466037,0.12872956999621238,0.10868368958543262,0.1091767968040935,0.08555052919694989,0.07636015407813963,0.10138713204553738,0.001457882211693073,0.001336392027385317,0.10035803871963639,0.004588041077975259,0.008225600125778073,0.06932801635114952,0.145044987100601,0.04450828634521793,0.04845314409450507,0.024376648157279763,0.035360790114986884,0.016522665065854827,0.0628747436199787,0.04494422171243988,0.07703192333254721,0.10350963703020817,0.16346861622680073,0.048610366685962164,-1.7289290918342515,-0.1368976531298649,-2.0690372978208345,-2.574016366841361,-10.029171,14.674744
Woking,E07000217,99198,82926,74335,1089,151,7351,2335,411,299,975,650,11462,2328,5682,450,870,2132,1383,1012,270,101,1092,549,543,51341,6879,11765,7692,6010,4594,4342,3760,2456,3843,51360,34291,10184,2602,761,51341,90,191,3038,180,272,3275,7593,2787,2089,4217,2970,688,5509,2937,2714,4222,5321,3248,2011,0.83596443476683,0.11554668440895986,0.013941813343010949,0.023538781023810965,0.011008286457388253,0.7493598661263332,0.010978043912175649,0.0015222081090344563,0.07410431661928668,0.004536381781890764,0.008770338111655477,0.023468215084981554,0.05727938063267404,0.02149236879775802,0.010201818585052118,0.0027218290691344584,0.0010181656888243714,0.009828827194096655,0.0030141736728563078,0.004143228694126898,0.006552551462731104,0.005534385773906732,0.005473900683481522,0.5177523740397992,0.3456823726284804,0.10266336014839009,0.02623036754773282,0.0076715256355974915,0.1339864825383222,0.22915408737656065,0.14982177986404627,0.11706043902534037,0.08948014257610876,0.0845717847334489,0.07323581543016303,0.047837011355446914,0.0748524571005629,0.0017529849438070936,0.003720223602968388,0.059172980658732784,0.0035059698876141873,0.005297910052394772,0.06378917434409147,0.14789349642585847,0.05428410042655967,0.04068872830681132,0.08213708342260571,0.05784850314563409,0.013400596014880894,0.10730215617148088,0.05720574199957149,0.05286223486102725,0.08223447147503944,0.10364036539997273,0.06326327886094933,4.695066326711203,2.0287488933556697,1.6871744834377875,-0.4050856124525271,7.685475,-12.622272
Wokingham,E06000041,154380,136525,129119,1367,291,5748,3182,890,337,1273,682,11438,5331,2865,222,1203,1817,2093,1203,712,178,1142,500,642,81377,11531,20883,13298,9495,6765,6132,5431,2864,4978,83759,51808,14566,3310,937,81377,264,249,5348,638,559,5387,11852,3044,2615,10267,3491,1050,8061,3766,4197,9351,7170,4068,2011,0.8843438269205856,0.07408990801917346,0.013557455628967484,0.020611478170747505,0.007397331260525975,0.8363712916180852,0.008854773934447467,0.0018849591916051303,0.03723280217644773,0.0014380101049358725,0.00779246016323358,0.03453167508744656,0.018558103381267003,0.011769659282290451,0.00779246016323358,0.004611996372587123,0.0011529990931467807,0.008245886772898043,0.0021829252493846354,0.005764995465733903,0.004417670682730923,0.0032387614976033163,0.004158569762922658,0.5425508485555124,0.3355875113356652,0.09435159994817982,0.021440601114133956,0.006069439046508615,0.14169851432222863,0.25662042100347765,0.16341226636518918,0.11667915995920224,0.08313159738009511,0.0753529867161483,0.06673875910883911,0.03519421949690944,0.06117207564791034,0.003244159897759809,0.0030598326308416382,0.06571881489855856,0.007840053086252873,0.006869262813817172,0.06619806579254581,0.1456431178342775,0.0374061466999275,0.03213438686606781,0.12616586996325743,0.042899099254088996,0.012902908684271968,0.09905747324182508,0.04627843248092213,0.05157476928370424,0.11490961819678779,0.08810843358688573,0.04998955478820797,4.680739028818689,4.426636463643066,1.7602722604925156,-1.7594512742744628,8.498767,-14.200023
Wolverhampton,E08000031,249470,169682,160945,1526,209,7002,12784,8495,554,2160,1575,44960,32162,4415,432,1376,6575,17309,4081,9507,3721,4735,359,4376,104284,8560,14253,10304,11795,12332,10704,9577,11410,15349,104263,88168,39096,13796,4147,104284,193,39,14013,609,1020,7586,18153,6322,5367,2239,3483,1509,3673,4932,5674,10168,14942,4362,2011,0.6801699603158696,0.18022207079007496,0.06938309215536938,0.051244638633903876,0.018980238104782138,0.645147713151882,0.006116967972100854,0.0008377760853008378,0.028067503106585963,0.0017316711428227844,0.005515693269731832,0.12892131318394998,0.017697518739728225,0.026355874453842146,0.0163586804024532,0.03810879063614864,0.014915621116767547,0.008658355714113922,0.002220707900749589,0.034052190644165634,0.0063133843748747346,0.0014390507876698602,0.017541187317112277,0.4179380286206758,0.35342125305647976,0.15671623842546198,0.05530123862588688,0.01662324127149557,0.08208354109930574,0.13667484944958,0.09880710367841664,0.11310459897970926,0.11825399869586897,0.1026427831690384,0.09183575620421158,0.10941275746998581,0.14718461125388363,0.001850715354225001,0.00037397875033562194,0.13437344175520693,0.005839822024471635,0.009780982701085498,0.07274366153964175,0.17407272448314218,0.060622914349276975,0.05146522956541751,0.02147021594875532,0.03339917916458901,0.014470100878370603,0.03522112692263434,0.04729392811936635,0.05440911357446972,0.09750297265160524,0.14328180737217597,0.04182808484523033,-0.008236678707940962,-6.250974672525418,0.6376316850183146,0.07374514334778098,11.574942,6.8196607
Worcester,E07000237,98768,92294,88016,583,113,3582,1395,474,199,439,283,4366,806,1923,449,391,797,473,226,186,61,240,61,179,50101,4878,9078,6085,5463,5195,4591,4859,3968,5984,46851,34497,12625,3780,1015,50101,122,34,5929,421,371,3110,8762,2347,2819,1664,1023,919,2672,2190,3459,5394,6542,2323,2011,0.9344524542361898,0.04420460068038231,0.004789000485987364,0.01412400777579783,0.0024299368216426373,0.8911388303904099,0.00590272152924024,0.0011440952535234084,0.03626680706301636,0.004546006803823101,0.00395877207192613,0.008160537826016523,0.019469868783411632,0.008069415195204925,0.0022881905070468167,0.001883201036773044,0.0006176089421675037,0.004444759436254658,0.00201482261461202,0.004799125222744209,0.002865300502186943,0.0006176089421675037,0.0018123278794751336,0.4743540417949133,0.34927304390085856,0.12782480155515957,0.03827150494087154,0.010276607808196987,0.09736332608131575,0.18119398814394921,0.12145466158360113,0.10903973972575398,0.10369054509890022,0.09163489750703578,0.09698409213388955,0.07920001596774516,0.11943873375780922,0.0024350811361050677,0.0006786291690784616,0.1183409512784176,0.008403025887706831,0.007405041815532624,0.06207460928923574,0.17488672880780823,0.04684537234785733,0.05626634198918185,0.03321290992195765,0.0204187541166843,0.018342947246561946,0.05333226881698968,0.043711702361230315,0.06904053811301171,0.10766252170615356,0.1305762360032734,0.046366339993213705,-0.8341274944254907,0.17434460332301313,0.2213786993527922,-0.9634721881121683,1.3420936,0.042618673
Worthing,E07000229,104640,98136,93594,815,99,3628,1836,437,337,658,404,3372,783,171,544,474,1400,869,605,169,95,427,151,276,50611,5437,8604,6735,6159,5668,5968,4665,2785,4590,46272,37777,15082,4355,1154,50611,165,26,4266,611,741,3699,7972,2100,2238,1840,2831,747,2807,2387,3115,4086,8468,2512,2011,0.9378440366972477,0.03222477064220183,0.008304663608562692,0.01754587155963303,0.00408065749235474,0.8944380733944954,0.007788608562691131,0.0009461009174311927,0.03467125382262997,0.005198776758409786,0.004529816513761468,0.007482798165137615,0.0016341743119266056,0.013379204892966361,0.005781727828746177,0.0016150611620795107,0.0009078746177370031,0.00628822629969419,0.003220565749235474,0.004176223241590214,0.00386085626911315,0.0014430428134556575,0.0026376146788990827,0.44220183486238535,0.36101873088685016,0.1441322629969419,0.04161888379204893,0.0110282874617737,0.10742723913773686,0.17000256861156665,0.13307383770326608,0.12169291260793108,0.1119914643061785,0.11791902945999881,0.0921736381419059,0.05502756317796526,0.09069174685345083,0.0032601608346011736,0.000513722313331094,0.08428997648732489,0.012072474363280709,0.01464108592993618,0.07308687834660449,0.15751516468751853,0.04149295607674221,0.04421963604749955,0.03635573294343127,0.055936456501551046,0.014759637233012586,0.05546225128924542,0.04716366007389698,0.06154788484716761,0.0807334373950327,0.1673154057418348,0.049633478887988774,-1.1425851467846937,-0.12753830824783885,-0.02193845912482049,-1.2400651422500053,-13.102058,-2.3307161
Wrexham,W06000006,134844,130647,125477,492,104,4574,1010,264,180,326,240,2321,857,181,206,426,651,625,526,57,42,241,96,145,63614,5339,9079,6279,6674,8472,6711,5408,7723,7929,63642,43813,19009,6531,1849,63614,829,67,11643,543,586,4379,9647,2725,3108,1163,1779,543,2475,2802,3843,5637,9264,2581,2011,0.9688751446115511,0.017212482572454096,0.004634985613004657,0.007490136750615526,0.001787250452374596,0.9305345436207766,0.003648660674557266,0.000771261606003975,0.03392067871021329,0.001527691258046335,0.0031592061938239746,0.006355492272551986,0.0013422918335261487,0.004827801014505651,0.0039008038919047193,0.00042271068790602476,0.00031147103319391296,0.0024176084957432294,0.0013348758565453413,0.001957817922933167,0.0017798344753937885,0.0007119337901575154,0.0010753166622170804,0.4719676070125478,0.32491619946011685,0.14097030642816885,0.04843374566165347,0.013712141437512978,0.08392806614896092,0.14272015594051624,0.09870468764737322,0.10491401263872732,0.133178231206967,0.105495645612601,0.0850127330461848,0.12140409343855126,0.12464237432011821,0.013031722576791272,0.0010532272770144937,0.1830257490489515,0.008535856886848808,0.009211808721350646,0.06883704844845474,0.15164900807998238,0.04283648253529097,0.04885716980538875,0.018282139151759046,0.02796554217625051,0.008535856886848808,0.03890653000911749,0.044046907913352404,0.06041123023233879,0.08861256956015971,0.1456283208098846,0.040572829880215044,-3.6350738896336154,-0.7785676597540014,-0.806098341293058,-1.021807523220071,0.2670535,9.905992
Wychavon,E07000238,116944,114457,109834,539,462,3622,962,339,83,341,199,1129,463,84,94,188,300,228,91,118,19,168,43,125,58268,8077,9410,6963,6446,7526,5088,4289,4402,6067,54212,41641,15608,4339,1144,58268,1491,58,7300,347,457,4583,10199,2313,2896,1803,1630,920,3951,2852,3271,5237,6278,2682,2011,0.9787334108633192,0.009654193460117663,0.0019496511150636203,0.00822615952934738,0.0014365850321521412,0.9392016691749897,0.004609043644821453,0.003950608838418388,0.030972089205089617,0.0008038035298946505,0.001607607059789301,0.003959159939800247,0.0007182925160760706,0.002565330414557395,0.0007781502257490765,0.001009029963059242,0.0001624709262553017,0.0029159255712135723,0.0007097414146942126,0.002898823368449856,0.0017016691749897387,0.00036769735941989326,0.0010688876727322479,0.463572308113285,0.3560764126419483,0.1334655903680394,0.03710322889588179,0.009782459980845534,0.1386181094254136,0.16149516029381478,0.11949955378595456,0.11062675911306377,0.12916180407770989,0.08732065627788838,0.07360815541978444,0.0755474703096039,0.10412233129676667,0.025588659298414224,0.0009954005629161805,0.12528317429807098,0.005955241298826114,0.007843069952632663,0.07865380654904922,0.17503604036520903,0.03969588796595044,0.049701379831125145,0.030943227843756436,0.02797418823367886,0.015789112377291137,0.06780737282899704,0.04894624836960253,0.056137159332738384,0.0898778059998627,0.10774352989634105,0.04602869499553786,-1.4866493480393663,2.2383166052002914,1.5024721696218226,1.4357414040384082,-7.1239967,-7.445074
Wycombe,E07000007,171644,139477,130313,1553,103,7508,4849,2259,328,1330,932,20585,2939,13091,597,949,3009,5934,1744,3382,808,799,282,517,86350,12404,16744,12987,9603,9244,7103,6745,4692,6828,88483,58721,18456,4653,1331,86350,332,100,7723,225,863,6239,14830,3854,3888,6634,2654,1320,7779,4355,4343,8437,8218,4556,2011,0.812594672694647,0.11992845657290671,0.034571555079117244,0.028250332082682763,0.004654983570646221,0.7592050989256834,0.009047796602269814,0.0006000792337629046,0.04374169793293095,0.0034781291510335346,0.005528885367388315,0.017122649204166764,0.07626832280767169,0.017530470042646407,0.010160564890121414,0.01970357251054508,0.004707417678450747,0.007748595931113235,0.0019109319288760458,0.013160961058935937,0.005429843163757545,0.0016429353778751369,0.0030120481927710845,0.5155030178742047,0.34210924937661674,0.10752487707114726,0.02710843373493976,0.007754421943091515,0.14364794441227563,0.1939085118702953,0.15039953676896353,0.11121019108280254,0.10705269253039953,0.08225825130283729,0.07811233352634626,0.05433700057903879,0.07907353792704111,0.0038448176027793862,0.0011580775911986102,0.08943833236826867,0.0026056745801968733,0.009994209612044006,0.0722524609148813,0.1717429067747539,0.04463231036479444,0.04502605674580197,0.07682686740011581,0.030735379270411117,0.015286624203821656,0.0900868558193399,0.05043427909669948,0.050295309785755644,0.09770700636942675,0.0951708164447018,0.05276201505500869,3.155422571148256,1.4256573613803538,1.9586857442180838,-0.23441338911644244,4.8479,-9.274721
Wyre,E07000128,107749,105852,104251,490,96,1015,664,234,79,226,125,993,235,70,78,315,295,130,78,33,19,110,45,65,48558,5209,7397,5120,6816,6703,5137,3917,3456,4803,46601,36224,17189,5944,1791,48558,883,102,4315,230,380,4313,7636,1987,3119,1135,1252,497,2286,1626,5252,4802,6495,2248,2011,0.9823942681602613,0.00921586279223009,0.0012065077170089747,0.006162470185338147,0.00102089114516144,0.9675356615838662,0.0045476060102645965,0.0008909595448681659,0.009420041021262378,0.0007239046302053848,0.002923461006598669,0.0021809947192085307,0.0006496580014663709,0.0027378444347511345,0.0007239046302053848,0.000306267343548432,0.00017633574325515782,0.00209746726187714,0.0007331854587977614,0.002171713890616154,0.001160103574047091,0.00041763728665695273,0.0006032538585044873,0.43249589323334786,0.3361887349302546,0.15952816267436357,0.05516524515308727,0.016621964008946718,0.10727377569092632,0.1523332921454755,0.10544091601795791,0.14036821944890646,0.13804110548210388,0.10579101280942378,0.08066641953951975,0.07117261831212159,0.09891264055356482,0.018184439227315788,0.0021005807487952553,0.0888628032456032,0.0047366036492442025,0.007825692985707813,0.08882161538778369,0.15725524115490752,0.04092013674368796,0.06423246426953334,0.023374109312574654,0.02578359899501627,0.010235182668149429,0.04707772148770543,0.03348572840726554,0.10815931463404588,0.09889204662465505,0.13375756826887433,0.046295152189134645,-3.6149024564124894,0.5427123637790188,-1.391846371469226,-0.8171912871487241,-9.804702,12.332017
Wyre Forest,E07000239,97975,95273,92822,459,375,1617,998,461,75,275,187,1390,299,133,512,168,278,214,85,105,24,100,14,86,46339,5320,6262,5154,4837,6486,4825,3893,4244,5318,42730,34481,14881,4548,1335,46339,337,26,7072,212,482,3653,8565,2217,2209,1131,955,815,2198,2055,2207,4155,5754,2296,2011,0.9724215361061496,0.014187292676703241,0.002184230671089564,0.010186272008165348,0.0010206685378923194,0.9474049502424088,0.004684868588925747,0.003827507017096198,0.016504210257718806,0.005225822914008676,0.0017147231436590968,0.0030517989282980353,0.001357489155396785,0.0028374585353406483,0.0008675682572084715,0.0010717019647869354,0.0002449604490941567,0.0028068384792038787,0.0007655014034192396,0.0047052819596835925,0.0019086501658586374,0.00014289359530492472,0.0008777749425873947,0.4361316662413881,0.3519367185506507,0.15188568512375605,0.04642000510334269,0.013625924980862465,0.11480610285073048,0.13513455188933726,0.11122380716027536,0.10438291719717732,0.1399684930619996,0.10412395606292756,0.08401130796952891,0.09158592114633463,0.11476294266168886,0.007272491853514318,0.000561082457541164,0.1526144284511966,0.0045749800384125685,0.010401605559032348,0.07883208528453355,0.1848335095707719,0.04784306955264464,0.04767042879647813,0.024407086903040637,0.02060899026737737,0.01758777703446341,0.047433047756749176,0.04434709424027277,0.0476272686074365,0.08966529273398217,0.12417186387276376,0.04954789701978895,-3.132987982735462,0.1295726006649509,0.7330707542741396,0.7703047993779196,-8.368806,-7.0584526
York,E06000014,198051,186731,178613,1103,269,6746,2413,529,305,873,706,6740,1531,417,370,2449,1973,1194,903,205,86,973,498,475,98721,10375,19864,11950,10260,9902,8993,10228,5587,11562,98402,67709,23752,6369,1819,98721,498,64,6571,310,467,6750,16026,4619,7805,3170,4730,1075,6164,4136,6089,12027,13113,5107,2011,0.9428430050845489,0.03403163831538341,0.006028750170410652,0.012183730453267087,0.00491287597638992,0.9018535629711539,0.005569272561107998,0.0013582360099166377,0.0340619335423704,0.0018682056641976057,0.012365501815189016,0.007730332086179822,0.0021055182755956798,0.009962080474221287,0.004559431661541724,0.0010350869220554302,0.0004342315868134975,0.004407955526606783,0.0015400073718385668,0.002671029179352793,0.003564738375468945,0.0025145038399200207,0.0023983721364698994,0.49685182099560216,0.341876587343664,0.11992870523249062,0.03215838344668798,0.009184502981555256,0.1050941542326354,0.20121352093272962,0.12104820656192705,0.10392925517367126,0.10030287375533067,0.09109510641099665,0.10360510934856819,0.05659383515158882,0.11711793843255235,0.005044519403166499,0.0006482916502061365,0.06656131927350817,0.0031401626806859735,0.004730503135097902,0.06837450998267845,0.16233628103443037,0.046788423942221005,0.07906119265404524,0.0321106957992727,0.047912804773047275,0.010889273812056198,0.06243858956047852,0.04189584789457157,0.061678872782893204,0.1218281824535813,0.13282888139301668,0.0517316477750428,0.40124853242452757,1.0228742928058936,-0.606004608427879,-0.7077566121095886,6.632349,-4.2062044
