area,district_code,year,white_british_prop_forecast,white_british_prop_std,white_irish_prop_forecast,white_irish_prop_std,white_gypsy_traveller_prop_forecast,white_gypsy_traveller_prop_std,white_other_prop_forecast,white_other_prop_std,asian_bangladeshi_prop_forecast,asian_bangladeshi_prop_std,asian_chinese_prop_forecast,asian_chinese_prop_std,asian_indian_prop_forecast,asian_indian_prop_std,asian_pakistani_prop_forecast,asian_pakistani_prop_std,asian_other_prop_forecast,asian_other_prop_std,black_african_prop_forecast,black_african_prop_std,black_caribbean_prop_forecast,black_caribbean_prop_std,black_other_prop_forecast,black_other_prop_std,mixed_white_asian_prop_forecast,mixed_white_asian_prop_std,mixed_white_black_african_prop_forecast,mixed_white_black_african_prop_std,mixed_white_black_caribbean_prop_forecast,mixed_white_black_caribbean_prop_std,mixed_other_prop_forecast,mixed_other_prop_std,other_arab_prop_forecast,other_arab_prop_std,other_remaining_prop_forecast,other_remaining_prop_std,very_good_health_prop_forecast,very_good_health_prop_std,good_health_prop_forecast,good_health_prop_std,fair_health_prop_forecast,fair_health_prop_std,bad_health_prop_forecast,bad_health_prop_std,very_bad_health_prop_forecast,very_bad_health_prop_std,managers_directors_and_senior_officials_prop_forecast,managers_directors_and_senior_officials_prop_std,professional_occupations_prop_forecast,professional_occupations_prop_std,associate_prof_and_tech_prop_forecast,associate_prof_and_tech_prop_std,admin_and_secretarial_prop_forecast,admin_and_secretarial_prop_std,skilled_trades_occupations_prop_forecast,skilled_trades_occupations_prop_std,caring_and_leisure_prop_forecast,caring_and_leisure_prop_std,sales_and_customer_service_prop_forecast,sales_and_customer_service_prop_std,process_plant_and_machine_operatives_prop_forecast,process_plant_and_machine_operatives_prop_std,elementary_occupations_prop_forecast,elementary_occupations_prop_std,agriculture_forestry_and_fishing_prop_forecast,agriculture_forestry_and_fishing_prop_std,mining_and_quarrying_prop_forecast,mining_and_quarrying_prop_std,manufacturing_prop_forecast,manufacturing_prop_std,utilities_energy_prop_forecast,utilities_energy_prop_std,water_and_waste_management_prop_forecast,water_and_waste_management_prop_std,construction_prop_forecast,construction_prop_std,wholesale_and_retail_prop_forecast,wholesale_and_retail_prop_std,transport_and_storage_prop_forecast,transport_and_storage_prop_std,accommodation_and_food_prop_forecast,accommodation_and_food_prop_std,information_and_communication_prop_forecast,information_and_communication_prop_std,financial_and_insurance_prop_forecast,financial_and_insurance_prop_std,real_estate_activities_prop_forecast,real_estate_activities_prop_std,professional_and_scientific_prop_forecast,professional_and_scientific_prop_std,admin_and_support_services_prop_forecast,admin_and_support_services_prop_std,public_admin_and_defence_prop_forecast,public_admin_and_defence_prop_std,education_prop_forecast,education_prop_std,health_and_social_work_prop_forecast,health_and_social_work_prop_std,other_services_prop_forecast,other_services_prop_std
Hartlepool,E06000001,2031,0.9348013933109183,0.40362611750423794,0.0015921832887884693,0.3984678195260716,0.00036771401866143773,0.39846428205122014,0.015660530696859354,0.39920819818820624,0.0036766221284658396,0.3984899311801701,0.0022156644969058246,0.3984652691086268,0.004344702443595055,0.398493987716103,0.0032692682121493863,0.39846438104485965,0.00689088696338408,0.3986422170944112,0.005621578735513,0.3987085293102985,0.0008370114022623817,0.3984670253307644,0.0012497704698611611,0.39848435673083743,0.003298120063184168,0.3984925361458634,0.001885465739373482,0.39848797542717057,0.0011529079172446083,0.3984733173696758,0.0021841847711800283,0.39846982678717885,0.005164979544906079,0.3987464074598972,0.005559483395271569,0.3988082339800324,0.4298080031577744,0.39857687178115364,0.3386088747257294,0.3999616014497212,0.15357081001277895,0.39882340997352606,0.0589855041232526,0.3986758000030504,0.019044219742662696,0.39846900789266776,0.09684142750655456,0.4010967673096697,0.17882373363266613,0.40492144151706383,0.13324842561512007,0.4032456666073746,0.07784585265288557,0.40259752507320384,0.11539023631912615,0.4018986578407437,0.1166758673120656,0.39848650144016756,0.08884984289792741,0.40052230731068234,0.08934916809932725,0.40040497245999684,0.10331200539741792,0.4023273441578312,0.004206242396704488,0.39846812175571344,0.015494701857354576,0.3993609160387158,0.08869085519955267,0.40319480100172045,0.013366767935083068,0.39871393707502695,0.009321182766345748,0.3987968685206938,0.10210809698643972,0.3985477874890636,0.1539506839525165,0.39870226837106804,0.035313687183073705,0.3990042507536345,0.046503550343748146,0.3987790765651126,0.026980595703005705,0.3996546451475942,0.01249258527863395,0.39935590328979176,0.013285392470562513,0.3985372570672002,0.04935552938084309,0.3995414982000835,0.044678284100551524,0.3985341239938065,0.07181551835117472,0.3987111751535939,0.10287406485493444,0.39901661428897245,0.1820946805453718,0.40314946186302475,0.027432319856453447,0.401071092383927
Middlesbrough,E06000002,2031,0.7296114701637997,0.40601290137953155,0.001915848611783566,0.3985339607468859,0.0015952502623567677,0.39847779435913877,0.032361610415869047,0.4009514417369245,0.00644003637194096,0.39876239977178546,0.00281794035879257,0.3986546292568767,0.028109835380920156,0.40130362515838097,0.07551247384764181,0.4029374626487254,0.01849736462884588,0.3994475893829966,0.03557285187322412,0.4027256657565654,0.0015735043130048337,0.39847586944521307,0.0031291043676133223,0.3985153379602896,0.008860569261446183,0.39854017591938984,0.005731903716130776,0.3985492781021217,0.004010868884785673,0.3984643664349298,0.0059283660927619275,0.39855641998357166,0.013226784727563334,0.39900011511348493,0.023875179072982755,0.40181842180000654,0.47961375774037807,0.40281287764394585,0.31742274448713625,0.39963871376526156,0.1330969377539506,0.39954591929640554,0.05300201636090113,0.3987781414232105,0.017020189139795278,0.3984897050662286,0.08488744009929006,0.40047709110933744,0.1857814717386157,0.4051065593112566,0.12138344425402536,0.40296315089859325,0.07072133785510282,0.4035542549074173,0.0915064116279809,0.4029672741702684,0.1465151631872157,0.4026805503456467,0.07996117121581481,0.4036235149819286,0.09717536928047071,0.39861924516386793,0.12219672270422244,0.40280902693863846,0.0014043337164638386,0.39846435708154165,0.014215339986829667,0.399124734762248,0.060360109378696514,0.40199920917000914,0.00660959382302409,0.3985430551144634,0.00710186775847264,0.39846447770663657,0.08530659806882002,0.3984694541906196,0.15356758275540416,0.40048115797774747,0.054906313561502273,0.39846445306128564,0.039815472717767086,0.40319893847579424,0.030877685494010598,0.399220842529036,0.01783598233158168,0.3991144055239954,0.01411889758744514,0.3984862061432168,0.03263528966440532,0.3994076249801527,0.04874576455178802,0.3984687594412672,0.06919937889749628,0.39979848944880164,0.08902259768371357,0.39952762925363683,0.24939830610504288,0.4057283421278732,0.02550800160459854,0.40169492907400944
Redcar and Cleveland,E06000003,2031,0.9547844605337721,0.40206159749055664,0.0020713482984636156,0.398478283808358,0.0006454017527067085,0.3984642226559231,0.011212666894114265,0.39886818558688447,0.0016060656097767884,0.3984759170910602,0.0018896463286329074,0.3984720093444532,0.0018731520237467159,0.3984845089877895,0.001966384548852812,0.39846487735839914,0.0031703216204782003,0.39849337807126806,0.0020533369973835813,0.3984942839155136,0.00044878863788922266,0.3984647683897073,0.00044794677854510107,0.3984663530530835,0.004680979920729911,0.3985631066742566,0.0023358305114004885,0.39849777128142694,0.0017570787197547094,0.3984670456591042,0.0022080133259111956,0.39847598732302036,0.004370858239793773,0.39869490905516025,0.0023787199892894295,0.39850440582113333,0.4270511402906845,0.3986129318311425,0.3407745581182866,0.398501766856109,0.15823030165899796,0.3984669916407513,0.055487497600562596,0.3988105231140942,0.018469528349992916,0.39846936973917596,0.09489668056645595,0.4012848878102307,0.17056111550559594,0.40433598726969305,0.12947270244839215,0.4021508799083198,0.07136008719600984,0.40415105399667645,0.10804049088475587,0.4032705002867149,0.14568045610540237,0.4026370344915223,0.07698651671371848,0.40128752442682075,0.09689078970955317,0.39850103945368825,0.10609323595983744,0.40208389003857853,0.005118008189732608,0.3984642707943834,0.01787732414160742,0.3985262636188701,0.0627784209427471,0.40444896582107426,0.0070848739721218745,0.3988314290197081,0.008899125614345152,0.3984788994143268,0.10522629527112182,0.4011937509154702,0.14254165769335092,0.4005805830574726,0.049152328330383716,0.3985266685438033,0.04759276896364972,0.3989624825076998,0.022711474017538147,0.3988885685447218,0.011246297107680325,0.39934221220005767,0.017094072743772837,0.39848315338487905,0.045209514799625844,0.39849795346881955,0.048202035430353896,0.3987886530577355,0.06860558199974442,0.3987173712530713,0.08828546590763287,0.39969781665954013,0.21507191261639402,0.4053099001577857,0.037593834921053726,0.3990981245980571
Stockton-on-Tees,E06000004,2031,0.8721790116397452,0.4053811578000937,0.0025773130133889093,0.39846490258059536,0.0007290686642814591,0.39846422296293366,0.019084088451339687,0.3997683278580449,0.001697538926257694,0.3984785646768805,0.00252843226313465,0.39851985518721944,0.010627556708055319,0.3985783508073194,0.03337807556688954,0.4012836773004292,0.008986345983686916,0.3986227011745665,0.013546634522849321,0.3994063051074183,0.0008778324343572674,0.3984669455526601,0.0019343259628195886,0.39848967922891476,0.007169948097946632,0.3985793746673737,0.0031013023897240866,0.39849389971474874,0.002007243355943801,0.3984646738004466,0.005045341481953847,0.3985700377899423,0.004400076782571594,0.39860369657967676,0.009512644875077636,0.39925904639638027,0.46709389453601624,0.3986429539149953,0.33114238225018255,0.3987223468518529,0.14006704623736219,0.3985425281191828,0.04705337272090207,0.39849429704139944,0.014662965369161448,0.3984644874885359,0.11706822511393211,0.40296092302856523,0.226189210962211,0.40549355957768274,0.13352203268243246,0.40076021830331826,0.08137411715229881,0.4036992381842697,0.08900977057700699,0.40309444535204003,0.10699841563100743,0.39950608302868423,0.06500809813382435,0.40440291501377573,0.07830842683061678,0.39883686116071754,0.10271334960664324,0.4002581073246848,0.003442448813929397,0.39847579158630186,0.014518819713608133,0.3991796437814211,0.06062073025285919,0.40433788115319225,0.007283415565638163,0.3988257852111632,0.006104746869063954,0.3984905529655758,0.086630250628487,0.39868304263418003,0.14664126564538726,0.40169375234517557,0.051691079584132105,0.39887473666955964,0.03961504314005482,0.3998108898817161,0.03718483439730069,0.40037863510945726,0.02060910671312577,0.3997861547652411,0.015347163321644097,0.39854710280456446,0.051439642830862886,0.3987148075171564,0.04349245347105826,0.39848702448803086,0.08080209685256357,0.4001951269816593,0.10451732410186992,0.3987310800744285,0.19589038363230404,0.4048721957776289,0.03425021906067416,0.3989887103505956
Darlington,E06000005,2031,0.8689295193375361,0.4055155108120066,0.003236344224669157,0.39846445463050434,0.004716656222349097,0.39849185861422376,0.04799596559368968,0.4033025068755609,0.00906987586272806,0.3986969281087312,0.0024211370758667194,0.3984752653163943,0.013185272214525146,0.3989914189891156,0.002232058437328488,0.3984746160986274,0.007051528260289597,0.3985641102963776,0.0064459617079947185,0.39874030765155144,0.0015027824037065901,0.3984678641453686,0.0015886146088454206,0.3984829508239014,0.006216870422073029,0.3985814846080682,0.002728849402219763,0.39851024259038703,0.0027618455301363087,0.39850131502161584,0.004668734689066312,0.3985470277941895,0.00498777743124762,0.3986765951479166,0.009666521174747755,0.39932876237939635,0.4586486030678212,0.4003216101454479,0.3402584579087933,0.40013105622890816,0.1422305192791058,0.39847727701082997,0.047905495602977244,0.39857245793088786,0.011035231257218614,0.39855906191065776,0.11733814379495922,0.4023405481871219,0.19121877586979918,0.40436589135260653,0.12509573099593396,0.39927496957309955,0.08138614919824416,0.40432104269111974,0.08627127876307972,0.4037121050656065,0.09999199387553587,0.39849212603220907,0.07772974425706014,0.4038688269792108,0.08326991029128417,0.3998000634890028,0.13744691745646032,0.4022913890310084,0.0064324098854714705,0.39846510503658433,0.00308021200835204,0.3984709995869799,0.07222245753314072,0.4031488116883238,0.0036920114315924183,0.39846431471665056,0.005951041969422829,0.3984642834013943,0.07618759226273909,0.398464668008159,0.17800981659650894,0.40023783014328984,0.0647277606893355,0.40037205447483104,0.038248731241992795,0.40116551370689807,0.03919286261157018,0.3988004479850219,0.020860925668938712,0.4013157217520291,0.010966473679429087,0.39847248365603977,0.04220459046932312,0.39860562493589097,0.05269567571882172,0.39970323797693513,0.09250074506506167,0.4007281931689328,0.08822863475257947,0.39853921339858817,0.17107913276046194,0.40239156994261427,0.0336415867849007,0.3991567220550736
Halton,E06000006,2031,0.9089542770126569,0.40518017162259257,0.005458645021778261,0.3984651565765146,0.0010797197651293972,0.3984722343697584,0.03588575467176636,0.4030193347969275,0.0004264536889880873,0.3984642550712572,0.004034876204879689,0.39849957876487024,0.003575861011327064,0.3984892527830938,0.0015783444223091136,0.3984854808566989,0.005135796802759496,0.39860259071435744,0.0037628797280024884,0.3985900842967052,0.0002536234722030628,0.3984735221978371,0.0018169536558312882,0.39849891252895525,0.00452482177443897,0.3985149324803257,0.0032935160448661627,0.39848735330619184,0.004540425703656412,0.3984742328576924,0.0046488476260011236,0.398532007193967,0.003281619247990697,0.398577596511533,0.0073198000414620434,0.3990360741183709,0.4529474400319937,0.4004897208315383,0.3295019282135807,0.40051258280930047,0.14232787413952602,0.3986001005943931,0.05520858081960356,0.398987118869036,0.020042649462098605,0.39859613046438824,0.11805927035679087,0.40412355887610946,0.1792975941982755,0.4053357643140613,0.13676938205736766,0.40295386825983165,0.08200624199277495,0.4041294771999229,0.08684366709555436,0.40174638252931877,0.09533072162575605,0.3984664441884561,0.08634373453845923,0.40416347219570437,0.09234324642059266,0.400979973047169,0.12336743184776489,0.400581997375541,0.0017389020527895128,0.39846484468277743,0.0023093216706726594,0.39847068248855205,0.08075547076177791,0.4047182307976635,0.008070756321385963,0.398464297915514,0.011271942093106668,0.3987617530419911,0.09211737025243694,0.40146815426837534,0.16836056186000592,0.4015205990767815,0.06909691509360774,0.3984644047501278,0.03636542826849909,0.3996763836085436,0.042815534730906435,0.39868045079640907,0.01968156458740289,0.3986760471026226,0.015022794259978323,0.3986199759694155,0.061852817615078104,0.4011850251686501,0.060785507512832515,0.39920011829731644,0.05439358571410802,0.39973067029141524,0.08323747033504791,0.39903674057455235,0.15884669662265027,0.4043700351961684,0.0332292170272086,0.398765533675701
Warrington,E06000007,2031,0.8333191710442538,0.40585334830989617,0.0062459395591341685,0.3984672627673604,0.0007576334586664318,0.39846684510049374,0.07076317710957358,0.40489708266826197,0.0011107564736729247,0.39846604012925174,0.008314153155191628,0.39869697057865544,0.013272420777274141,0.39872414735718703,0.010785383519069824,0.39879748787545494,0.007915344583028172,0.39861770241363204,0.00818137986010703,0.3989835854509916,0.001560509003594071,0.39846778104232844,0.001656222041550942,0.3984847212170431,0.008068330205351082,0.3987764048587478,0.003826792676591695,0.3985238248206307,0.004193971806626354,0.398477216443346,0.004779247587285762,0.39854851814386577,0.00253413951366363,0.39849034839520775,0.01199429906211713,0.3998343546738947,0.5030099848920975,0.3987889707274258,0.32794646423817336,0.3984674644227867,0.12177939385417236,0.3984755443222098,0.0365613289969382,0.3988436373896328,0.010711670392523562,0.3984770381414492,0.1526397063533418,0.40454548814482244,0.22295742155898868,0.4045546483822656,0.1409581945590892,0.3999418208478094,0.078044748228284,0.4042747221711126,0.07434754503058283,0.4020150757003197,0.07629264985849005,0.39952304683849227,0.06699872099797011,0.40357235445482015,0.07044703194447724,0.3985389487370275,0.11744820877168788,0.39852813814283633,0.0035721895840011425,0.39848168796507416,0.0016268285854965647,0.3984728928737448,0.05677432103346547,0.40352610408079354,0.010740731563744166,0.3985019786117913,0.021786049139403796,0.39862291870872474,0.090882934577176,0.4016057776871918,0.16458257358227724,0.3997583851910476,0.0646688331212042,0.3986397345264485,0.03380650583488087,0.4003762853301317,0.05195962251340164,0.3984830045014431,0.02289284216215215,0.39970489614148424,0.016268589945077627,0.3987087407659973,0.07467046931975374,0.3991041904825136,0.05897810461819997,0.3991165219945547,0.05253383589807886,0.3986730587218368,0.08087743775309775,0.39880553914468336,0.1577223002280097,0.40374511994859485,0.03570171712599868,0.39927653144396236
Blackburn with Darwen,E06000008,2031,0.4719736634547722,0.4061152831230996,0.0022734158998269915,0.39859868506753543,0.0002262114625278533,0.39847478397250863,0.04088184476174517,0.40205611391810997,0.008721665814876989,0.39850104121218866,0.0003451228314352295,0.3987461403672445,0.1808503130351884,0.4048300074338721,0.2349631432176249,0.4059542091031732,0.006812454037815607,0.39873098475029656,0.009476361184542093,0.39884514657528236,0.0008352930620761784,0.398468249211943,0.0014590133914511166,0.39847047437777544,0.01041903873335187,0.39865464616680385,0.0018760916386599824,0.3984727533376032,0.0026137232691024054,0.3984674444767276,0.006160434232132417,0.398657307912781,0.006862211146863917,0.39858104393506183,0.012680552688693836,0.3993386128338432,0.5013945289369515,0.4048564552936351,0.3142619573503791,0.4014298638115258,0.124706085777053,0.4009505756593915,0.04416218511203418,0.40032066479359874,0.01577038252133677,0.39846427185360644,0.09405127303679905,0.3984661299470814,0.18722242056965044,0.4048510725038106,0.1187043122417375,0.4026064684662979,0.08743663898997456,0.402447666594342,0.09386229615213093,0.4026852856328301,0.113853265770906,0.39848187719504696,0.09852970789946983,0.3984673908111725,0.09159223090737623,0.40195257863855205,0.11499850965488917,0.39862930738783625,0.002762664476434168,0.3984672852041943,0.0004821657995874107,0.3984642578113513,0.08698759003958667,0.4056192664996276,0.006347099901908015,0.3986013933156878,0.004006761889646715,0.3985800406924336,0.07189852334159796,0.39927008576454465,0.18733271128179863,0.3995856784566979,0.05391779011321307,0.3995599936899553,0.03584463338219179,0.40034244290903487,0.032239883450054796,0.39866386777611895,0.01211655038081727,0.39916680113842573,0.011329980594334293,0.398482684452076,0.04230452230541701,0.3984827488843572,0.05313383022452789,0.3992140474635658,0.06821093373431308,0.40016563980560255,0.09838729190319334,0.39868122502742126,0.2115369646965526,0.40543056593346183,0.020969501576419525,0.4012413565000002
Blackpool,E06000009,2031,0.8708975984147136,0.4054680942304869,0.00425708508302336,0.3985883327519662,0.0016781988289200822,0.3984642201632172,0.050222998827176735,0.4033048452151998,0.004599504191356185,0.39858730343213855,0.00406139308705674,0.3984669940135621,0.00818228795802911,0.39866023469700496,0.006473050900538457,0.39879079949435303,0.012475104349970456,0.39921562823696205,0.005026089512567,0.3986571093586714,0.0016872592163089672,0.3984757954303904,0.0008605749524124087,0.3984676719788425,0.005953095565032707,0.3985735084894677,0.003898189076142755,0.3985225922587008,0.004199641380852395,0.3984703168153222,0.004854966112754322,0.398543766239782,0.0018568748881730157,0.3984703716220332,0.008258766254358618,0.3991087955357445,0.4087953209724251,0.3997555561677027,0.3321510912620076,0.39892567149872865,0.171000104107135,0.39853359272316025,0.06591073084730115,0.39908994269917925,0.022109024411445077,0.3984645250043215,0.09781116810295298,0.4004195180180242,0.1495044051454304,0.404818496946075,0.11168559511514875,0.40210087779729725,0.08762508416892256,0.40491286598031356,0.1015278116638052,0.4008681200900731,0.16792178732192387,0.4047520880022072,0.09265504252521628,0.39933551448946636,0.07990861914058427,0.3984776359095704,0.11160560369646388,0.40322129334464446,0.0023328379145644146,0.3984826736613303,0.0010960016746043785,0.3984666177447417,0.055415378333659504,0.40261569906322453,0.007798063622135087,0.398669386379698,0.0045163606720423355,0.39846951187012375,0.08543518811767559,0.40037889036408403,0.15007257083256675,0.4001489651808345,0.039350615568795155,0.39934444430051524,0.07943335860977996,0.40453621057627637,0.013813578010043237,0.3990705901178802,0.008703274723730337,0.4016455239819188,0.011294615513832235,0.3984775450580441,0.035051542045536066,0.39861552986760723,0.04833976781183147,0.3985748059324188,0.09321584386230339,0.3984665166592865,0.0655173756570332,0.3984800038765634,0.25961594793927567,0.40593618584305935,0.0397346329754491,0.402001374112883
"Kingston upon Hull, City of",E06000010,2031,0.7809311364369727,0.4059605540363843,0.001275508503810141,0.3984748849717262,0.0022540631203693123,0.3984827433807697,0.1093499788800365,0.405519633974706,0.006584055993904103,0.3986472990858725,0.001057068179618148,0.3991429812229047,0.005181220811896009,0.3984768340638202,0.0061983246199918685,0.3985703596484801,0.011947212241504523,0.39888719845474646,0.02235370427621608,0.40026104203718155,0.0008187865948753349,0.3984643646508091,0.002903556761979814,0.39850875550469117,0.005073164123589491,0.3984913291100853,0.0053364400761449216,0.398528090587869,0.0036994794975260016,0.3984655112885692,0.006127201903277146,0.39858465413348665,0.006358127311010181,0.39851680436241,0.021922065534984103,0.4014026595964201,0.43595518373028264,0.3987756109470071,0.34839573015509673,0.3984767043575435,0.149876281499049,0.39848715537066387,0.05013718519417337,0.3987586994585693,0.01564316548570873,0.3984672600628088,0.07414459268972606,0.3993310478016134,0.14226467839613433,0.4042286577219899,0.10924133723771612,0.4008958890955072,0.06005817505458655,0.40436850167987554,0.12872493310802247,0.399952408159814,0.1181786793816697,0.40050307050371536,0.09004723564156869,0.4025249719531739,0.13425235297798999,0.4020770377932858,0.1429879607303386,0.4022486209699149,0.0054409214029606245,0.3985002137649742,0.0016085541951346358,0.39846739576938467,0.15206365172660827,0.39846442236789853,0.006744774737904552,0.3984838766449797,0.0077329242682416255,0.3984901875863104,0.10032879523163585,0.40108311497365545,0.18753639537541306,0.3986860613766228,0.04663036841415247,0.3990330188606989,0.04153787621152771,0.4020673486270009,0.02440228861196536,0.3989910217178101,0.007015433222233247,0.3986185635316042,0.009385027147613202,0.39846476589110463,0.027269508672473297,0.3987590975695134,0.05683653924547036,0.3984736468983023,0.04266099892230568,0.4006366815837586,0.08034493175431612,0.398587110235648,0.17258963167588748,0.4042849004847302,0.030097955353861616,0.40019743918029266
East Riding of Yorkshire,E06000011,2031,0.9313208605122991,0.403469475559669,0.0034843564073302746,0.39847252563594615,0.0012067015221875546,0.39846814619361004,0.030226355627201107,0.40059966546051523,0.0005426115644369331,0.3984658144031257,0.002494276838320632,0.39846802599223513,0.0038282691560134197,0.39846919086643895,0.001890662350300179,0.39847124675044326,0.0038716824264864447,0.3985007845199833,0.0025227042329634686,0.3984942379732568,0.000487902285014454,0.3984642368371601,0.0004014793596911516,0.3984647724594471,0.004009158650251171,0.3985029701764641,0.0020844660564115214,0.3984779359244243,0.002087463997795325,0.39846424567673605,0.0035482684595019576,0.39852924317245925,0.001279931203143625,0.39846665220956984,0.0045316432214367874,0.39866448936485704,0.44559496067790705,0.3989851221137363,0.35804082707583396,0.3993468625207181,0.14278169447859898,0.3985083697746484,0.04081869745256081,0.3984712723140525,0.012768709550095871,0.39846649044383514,0.15332920179810916,0.4038168476587845,0.1984167073636267,0.40405439363785683,0.13378485829094422,0.4016626116069227,0.0706970509205691,0.40448419792341656,0.1124578886537071,0.40267036812335477,0.09474957182013169,0.3984874421578522,0.06601379574658339,0.3996948696522923,0.0715116417742852,0.3985592161530852,0.09913429733782386,0.3993420472569433,0.032083349405154116,0.3986083417745448,0.002925915592928697,0.39846492460745153,0.0871694018370226,0.40262947977990776,0.008994988065469493,0.3984644425432583,0.008285098388914086,0.39855441676676767,0.10740505318523574,0.4025916524403843,0.15053092333886842,0.3992307793879753,0.040743549774157284,0.39894037462598725,0.041428493060036375,0.39979021504436,0.02691743502652988,0.3988161386057146,0.01131094930301646,0.3993367808406128,0.01080871635982416,0.39846658888312303,0.052356235525585854,0.39854944074703674,0.05210762481486508,0.40120207176355904,0.06785101067760246,0.39952288459418445,0.09904345924674995,0.3992860196547678,0.15912112636667253,0.40248901987371105,0.041052302887405634,0.3985800079572476
North East Lincolnshire,E06000012,2031,0.8985167306337525,0.4051903365667393,0.0014992535736756407,0.3984811050982717,0.000658200922941804,0.3984676826614854,0.0499336258943317,0.4037709730952058,0.0023629654437633957,0.3984708208560443,0.0018186196396786092,0.3985187811668454,0.003697745813643759,0.3984675233642944,0.003033563118893884,0.39851033902455596,0.006738615341539467,0.398615796992762,0.006227871216870129,0.3987188541970955,0.0007987725820352565,0.39846598803135264,0.0010993963830214781,0.3984753020228697,0.004059452932839408,0.39850714345641847,0.002863715997236893,0.3985125500244647,0.00241615981997401,0.3984642307931422,0.003752462211072588,0.398522007817538,0.0029842001813602803,0.39848890652960633,0.007189942995078913,0.398930821132849,0.42127138823560606,0.4015888944006854,0.34958441059228007,0.39847442102642716,0.15970438713272517,0.3998279671723964,0.05367590068086803,0.39904518577353626,0.015696199325697074,0.39853250407820767,0.09333760877896191,0.3998513926634174,0.14262711411742224,0.40433143141466377,0.11616951810223153,0.40176597873733044,0.06877505548371898,0.4037993465812782,0.10626236717410409,0.4024309469601454,0.10944578721974108,0.3988909147782998,0.07125696841074536,0.4023649706640362,0.15326869001778015,0.3987549880851313,0.13880589581989405,0.39846916017207207,0.004795304330368191,0.3984656597133452,0.011001720124530712,0.3992105167591441,0.12126991947860111,0.40397867846511215,0.01418560680219405,0.39907950450973834,0.006972201705779835,0.3984960608018776,0.085521251911894,0.39858092929547306,0.1751031269987371,0.4007087078993068,0.08212825346113445,0.39868076456124096,0.046597566783006195,0.39913941012950155,0.015763975875444647,0.39882914460938,0.005387274580736956,0.3992669572581749,0.011033072572269792,0.3984993668310186,0.038346559652941925,0.39868576298148295,0.06198310512134819,0.40162526144163846,0.034243474536115315,0.40059999497962767,0.07839425892492613,0.39963639256666766,0.1742435388339425,0.4046043210520756,0.03313800019096513,0.398974201480974
North Lincolnshire,E06000013,2031,0.8518267201220038,0.4055717167558573,0.0022416510129442124,0.3985260609159041,0.0014298671248759443,0.3984754522597938,0.0709362810860501,0.40431752558024653,0.013008024635605298,0.39872804486426516,0.0021649055833896508,0.39847832864906196,0.006572894970553014,0.3984644493611406,0.006768718370964488,0.3985011637477233,0.010420496250219347,0.39908491201299195,0.005586467140017148,0.3986250506321975,0.0006162897678784023,0.3984649926301628,0.0004361891554709703,0.3984642513148809,0.005714683009554078,0.39859123216727826,0.0023948672071522903,0.39849195192697423,0.0021578158804383945,0.3984644267221827,0.0036623274208639756,0.39851782773061717,0.0015989151295425288,0.39846873732807725,0.011975548438207584,0.3997910360168971,0.4207221218381463,0.40113081612084384,0.3607709602047947,0.39860169515671906,0.15551718612452792,0.3993191841500633,0.04893160449527856,0.3986420323187404,0.01396385519044141,0.3985005689070472,0.11903090780885739,0.40203284743640155,0.1486831363953134,0.40300638219401225,0.12091739392688972,0.4027068982151216,0.0696067090418313,0.4032851602070651,0.10495796358356468,0.40369610757621666,0.09660122652540779,0.3984803923559699,0.07962555185946651,0.39850798710081275,0.13549034633940515,0.39907894090858015,0.12495646088478907,0.4021450332962346,0.019450868739675164,0.39869651262575456,0.004197646715454473,0.39847043738484994,0.15365203390249071,0.4044577997476491,0.00807242387432365,0.39847809178849025,0.007339340095019478,0.3984680699065202,0.08699883495370797,0.3992088908222141,0.17606619506368248,0.3992981703858165,0.06909764286737458,0.39868190175312185,0.03838012799701085,0.40002299068719627,0.01930590337182103,0.3990744257314455,0.004259106737288132,0.4005248793622996,0.011010837224720349,0.39849686188161293,0.03133507758556589,0.3985258240609494,0.05035803763013136,0.3998419937736456,0.05168479553163105,0.39852355472482626,0.07529274308676115,0.39945637436825093,0.1602405606423325,0.40390401700486,0.033127683342151326,0.3986061896969321
York,E06000014,2031,0.8433285491116127,0.40529211235361057,0.007391492138522027,0.398510863958275,0.002257680921202279,0.39847563058406094,0.05959661937378824,0.40281857553101774,0.002199594747673242,0.39846576966783426,0.01607032470749231,0.39865378167705007,0.010502496375216386,0.39857140302918587,0.003252243499219626,0.3984827524266633,0.00912098627536001,0.39847419962488695,0.0050771116056283275,0.3984680024687821,0.0010162530824615935,0.3984642237755764,0.0009293304893758583,0.39846767971095237,0.011071457054778078,0.3990483209775956,0.0033060246595566223,0.39850804555752606,0.0035387615380989,0.3984748410408307,0.006617672696993204,0.39859386708896116,0.0036130969356600318,0.39848123226992926,0.01061710217377676,0.39932194098131846,0.4757317656303597,0.4020501139267727,0.35839376360964104,0.4011048053420966,0.12265043373337961,0.39856758523868663,0.03474070307608887,0.3985573802045392,0.008437796924731025,0.3984720871516727,0.13592883728017258,0.40355112231468393,0.2864663033891741,0.40576015648038244,0.1412558452540016,0.40187328801497196,0.06654680173701699,0.4042137186846164,0.07925522329538248,0.40203629739994995,0.08500073889944082,0.3989583695120153,0.06718408818358501,0.40413053635945484,0.04677826828697684,0.39963679537393904,0.09207462038241943,0.40274034361484917,0.00663674423454827,0.3984998783635252,0.0005587397749567801,0.3984643320393822,0.03763295945153056,0.4033102498924925,0.003773397198300006,0.39846987891604224,0.003908605767647774,0.39847374972822514,0.07512121829411178,0.39906196435863217,0.128205218199541,0.4039139874760896,0.04058862699438259,0.39897457730814495,0.06417659020051447,0.40074508599720743,0.04781323173107066,0.40092626683706023,0.027994935520817332,0.4018159225062615,0.011778472330226358,0.3984753723982954,0.0669495357552996,0.39874226104837984,0.04627007024100771,0.3987261730531712,0.06701236912149644,0.3988479115788335,0.15039898147205166,0.40326233561612257,0.1716296690095036,0.40432877405349343,0.04954071421214942,0.3985314864376942
Derby,E06000015,2031,0.5711732768408915,0.4061041679536389,0.005892621528225728,0.39862721189981626,0.0019255524787426398,0.3984719389145658,0.09380607355642656,0.4051675255133912,0.003668463992175755,0.39847898283376637,0.005635202440377546,0.39846696833320017,0.052691204897045374,0.3994417985124586,0.10198918460260664,0.4046355410381327,0.02354456089195245,0.3994723599669622,0.0338681368197471,0.40206167659929853,0.009752183272063453,0.3986775811951425,0.00696383109757831,0.3986750988457784,0.011275031972246774,0.39870089625024685,0.004888825321709256,0.39856942393861045,0.016221281736859605,0.3984674542522269,0.011506956515590083,0.3991806781398704,0.004421978540457755,0.39847723541865726,0.039630448005041785,0.40339895881980015,0.4670210389943594,0.4013014628983403,0.343018596643871,0.3990989259029956,0.13301749141485142,0.39936772273820875,0.042488289893853615,0.39862376430281204,0.014504184147787896,0.39849352867280347,0.09462266551897214,0.3993449002953432,0.20931137191123206,0.4047657837015685,0.11691322868666143,0.3988167275611313,0.06451248840000723,0.4045060019489183,0.0805042576642161,0.4032120118254602,0.10139252032590398,0.39849021562322284,0.07590897761024284,0.4014462160100119,0.10225430474492753,0.3988930128587905,0.15450453240511886,0.4021313997884832,0.0019800607286732073,0.39846533477357504,0.0006959911957242979,0.3984649600400087,0.09427180251436162,0.4054320030718407,0.0053389886520312235,0.39848158441162096,0.009928819431169758,0.3984703703444522,0.07377405916458424,0.39963742035679456,0.16915677529850326,0.3993521010070838,0.09851657185911789,0.4044378537617273,0.039495325015031835,0.40187867061907634,0.03457852217634161,0.3992325359601369,0.005532353493532982,0.401276105312424,0.008719240427215502,0.3986025945943884,0.043140954338885096,0.3986724373282526,0.05388484853049624,0.39920611185003674,0.0455987701252136,0.3985599331309714,0.0910396789347494,0.3988010010510469,0.19607584726201743,0.4050057444337064,0.028278677589013812,0.40029593579143896
Leicester,E06000016,2031,0.2135988431265261,0.40614422605536227,0.0021320803365881824,0.39887391775790315,0.0012162832405889666,0.39846425126827134,0.09531392011731832,0.404972128219378,0.02706428512418202,0.40099666665319195,0.0007415390967346891,0.40013181507891665,0.4029401588073753,0.40597704915286026,0.04411663591878301,0.4017642472162562,0.021799148219600273,0.40145692484370993,0.07882874587258204,0.40449008141223597,0.00977826616798444,0.39877066715249604,0.005018282396281326,0.3988074706939561,0.009593118748458848,0.3984707175427728,0.006080838308595904,0.398555860441223,0.013062009396580088,0.39848318568665964,0.011504975874843337,0.39873041194640774,0.008445057389709631,0.39849992068596163,0.04826509466629547,0.4037233943376104,0.5260523348364501,0.40566333617043493,0.3135534895403156,0.40461186798486193,0.11640456855773595,0.40138821781422296,0.03477631440279505,0.39980403696664324,0.00966477104266239,0.3988408533144595,0.07252736822792316,0.3985916363536186,0.16779832722781896,0.40274029351289137,0.08353473970694159,0.39959643206908496,0.05869524657702474,0.4045761836082215,0.0641000897258901,0.40315629486680116,0.10330056233973356,0.3989333846388186,0.08268033785246898,0.40279570254756597,0.16055639933200094,0.4038968846195148,0.20680183141966024,0.40419158619115547,0.000445842510767,0.398471788614162,0.00032973411441743206,0.3984665331915739,0.1433386484022322,0.39900113872302184,0.00547291514904491,0.39952157962189344,0.0039143350007783545,0.3984783836019901,0.05188442313853772,0.3984662228896257,0.21446494812264083,0.40274308095543315,0.09107507041595975,0.4041386561940732,0.033992357061063405,0.4029014978759357,0.027788801197836555,0.39887166763860327,0.017854893803065153,0.3999372501097478,0.0058622037825496465,0.39869462990205595,0.033257400067621457,0.3986263411266694,0.05466540732974502,0.39846525068844774,0.034574840602355605,0.3999217129280147,0.08111502722039443,0.401855698292714,0.1826828857143319,0.4049069944733943,0.01782977915670525,0.40212798907634845
Rutland,E06000017,2031,0.8779039896878702,0.40545865609536913,0.007085809608544089,0.39848725740023544,0.002622578010754051,0.39848037456776886,0.03660210851599288,0.40090262671377375,0.0007305839517548485,0.3984683854920325,0.003906366419769679,0.39846866737836695,0.008399611601416557,0.39885373044138744,0.001893802517825352,0.3984750668061478,0.00603405897211623,0.39866750251172123,0.009042912915755652,0.39893483508860805,0.007449980670236278,0.39875135338576145,0.0034990422155523615,0.3985696987400998,0.008294960759641146,0.3987435542468052,0.003869434133976002,0.39861119794216643,0.008138937052629469,0.39878367281281063,0.005321247978263277,0.39855805171037506,0.0004943979319258843,0.39846605504254434,0.008006305514197343,0.3990145505396383,0.5030410506606094,0.39847322732056994,0.34476667059416055,0.3987328130082839,0.1160190363513054,0.3988375942565514,0.029938580784083957,0.3985865589943566,0.006186085573684275,0.39849130705235275,0.2120587781615324,0.4053193235088587,0.20202596475857604,0.40264286987103576,0.16762876740953314,0.3995184630855656,0.08256064890128695,0.3986323568123113,0.07943633247525028,0.40464141622954664,0.08694513153421368,0.3989525010119266,0.0522449815027799,0.39919454042150737,0.04832254423960847,0.4001519359501547,0.0689033324685897,0.40374849436987625,0.02319890686155479,0.3984655028113124,0.0009195986499942414,0.39846430547358985,0.060223787136508555,0.40502327321059495,0.004818271993836304,0.39853979223749636,0.007742249527473745,0.3984674638019587,0.08539971291149584,0.4020650116809996,0.1220795451732335,0.4038826645168307,0.02769554691360457,0.3985279447145057,0.041008790095036884,0.400017154842913,0.04255882373972342,0.4005122013001703,0.025545341780766173,0.3986940664434673,0.018176295161751788,0.3989747497372742,0.07496377470456483,0.3993837853572398,0.05413742878541883,0.4009293245685566,0.11699240139440548,0.39865369384976385,0.12945475770338283,0.3985757757723223,0.11814459740905559,0.40348223573323166,0.04652511258463754,0.39850101105979696
Nottingham,E06000018,2031,0.49267328573116487,0.40607772382591145,0.005416000496908768,0.3986640368395431,0.0006025493694414158,0.3984672577505788,0.10477421959306454,0.4051411433692791,0.010213584137966802,0.39906776976852726,0.006908696788051172,0.4002538686593117,0.03868395305781447,0.3989892173616028,0.07893266538588728,0.40257965344696706,0.03187811137850782,0.3999227581444714,0.08331890159365063,0.40503082614406444,0.027072124281532717,0.3986453935117243,0.01590074380320905,0.3989946703464657,0.009985785775391179,0.3984737730407243,0.006600284139441052,0.39846424662147856,0.022976894652499746,0.4011711708300315,0.0120982429238215,0.39858683810631224,0.014842581569181612,0.39911829624459305,0.036339584416851256,0.40337222979751236,0.489817443097492,0.40324273978582326,0.3312754698693413,0.39906486612900754,0.12283460734259499,0.4003679098003412,0.0421997136112604,0.39911735490425315,0.014008839323072758,0.3984864253170543,0.08616845478174251,0.40025395717477874,0.22128266008556619,0.4054224261781758,0.11511269954955661,0.3992311902730822,0.06022373201885056,0.40415459124173736,0.0692313085353411,0.40300955567925084,0.11922707954259182,0.40117475138338365,0.07831544043825112,0.403637853652517,0.08691503404852699,0.39846708380761,0.16362635660601998,0.3988270937454821,0.0006191449061755255,0.39847775310762495,0.00017769893779918944,0.39846853165271084,0.05970741129447532,0.402501385402658,0.007135398717623809,0.3989446342303094,0.0035176091248071417,0.3985399401320442,0.06775396725458027,0.39895289430854414,0.17770708306433702,0.3984682340397494,0.07133925830716525,0.40139075939882635,0.051530472323376486,0.4030983858245675,0.042113197807593705,0.3994249084294299,0.012920703427038327,0.3996359312971856,0.011972474366684693,0.3985531348879124,0.044724742802135536,0.39848116715574255,0.04248844376065675,0.4013172850937113,0.05337888489804621,0.39921554303838164,0.10734666399503415,0.39849910443195113,0.21644577059850612,0.4055462785856028,0.029564401155550035,0.401780121725612
"Herefordshire, County of",E06000019,2031,0.8855072594105975,0.4050515775733996,0.003909181161079531,0.3984642472876608,0.002621166183291293,0.3984700495785807,0.06410286975082524,0.40273289937087225,0.00041033952135027113,0.398465004934626,0.002106755829944268,0.39846925055967686,0.0062926525309061065,0.3986455811758294,0.0010416649544052747,0.3984693967028262,0.00591100145138046,0.3985781199741934,0.0027370346330667927,0.39851306667810926,0.0010358169743189607,0.3984673969964543,0.00045160734217492525,0.39846431141219363,0.005065971780721545,0.39857385546268115,0.0021785941963737288,0.3984911444522106,0.0028309061817126183,0.3984695170383765,0.004072449298448966,0.39854657961411655,0.001805364492924566,0.3984856418269587,0.0075222227083237,0.3990434850229703,0.4573669809167167,0.3984649702304214,0.3505757705634992,0.39847652898067887,0.13937604556700478,0.39846550165267913,0.04114400685626542,0.3984691081364627,0.011558270747552876,0.3984646045571047,0.15478425119710781,0.40435023499421896,0.17431386277050498,0.4033872657030561,0.12208071585333702,0.40166609415802484,0.08279798476022937,0.4006671621669266,0.13076878908753375,0.40354497489429,0.09755525391555364,0.39848399839980486,0.06695621357721915,0.39902994372062595,0.07207047513658238,0.40030391675541954,0.09890930792322594,0.40213576368707055,0.05441281979283319,0.39846472298693025,0.0013155526413263108,0.3984642672803116,0.09138188742144537,0.40396573115838846,0.00529516311200634,0.3985510035823078,0.006628227410503833,0.398466708248106,0.10559469381147712,0.4015138987435786,0.15032276318490267,0.4011020653422192,0.02397812539718247,0.3990775248643693,0.037390909231541425,0.40078649134823385,0.03351882909206694,0.4001201306687186,0.012527629192897238,0.3987796439527176,0.013587844177337133,0.3985472639253983,0.05413419864363661,0.39864456980846186,0.061067589059565774,0.4011651927562496,0.051407415454668426,0.39858002266065745,0.07953182026758965,0.400258895655478,0.17673943068662457,0.4048928156032046,0.04139376721374716,0.39879120744566243
Telford and Wrekin,E06000020,2031,0.7646769571770822,0.4060103749135842,0.0034321827016164097,0.3984767473845538,0.0011892470466693603,0.3984647453838767,0.06785367977056023,0.40451164511444904,0.0012550781941137075,0.3984653492972782,0.00491989425395481,0.3984793899576881,0.030535207793844776,0.4001203656845736,0.022723261606429568,0.39952467326090596,0.006816544160788945,0.3985019373838433,0.03635926771344655,0.4034761202875741,0.004409262256633739,0.3984725137767786,0.005944893062779233,0.3988099199973135,0.009316468928353416,0.3987435483627089,0.005563515781281558,0.39867327957009596,0.013840012391639456,0.39884341691901487,0.005366339976122264,0.39854938758386965,0.002070233973102187,0.3984982002107327,0.012647391580917322,0.3997427082738547,0.4604428708370079,0.39850668405771406,0.3384045860010664,0.39878225782312554,0.14109139899986123,0.3988593880076011,0.046859082356476844,0.39848752676341537,0.013181554677005602,0.398479841195659,0.11855534593165329,0.40243541057533394,0.18871353048735262,0.4049611478044244,0.13089282797344182,0.40144052403013186,0.06448502122564026,0.4050306323161213,0.08949169953354819,0.403322389559527,0.10280929269679773,0.3995874844269551,0.07178376893542726,0.4006957517768789,0.11298496720766404,0.39885824462644964,0.1202059376914888,0.39990293454739895,0.009725525866617103,0.39846978381912673,0.0008744821888789223,0.39846463569415763,0.11570814633996918,0.40511802042093936,0.00386672124869078,0.3984894769910553,0.01103698803545939,0.3984682716820785,0.09463646848678353,0.40359704122969964,0.1400225748255819,0.4030581128229538,0.05121282278744732,0.40000359243035055,0.037606790694701075,0.3997735728111418,0.044012875002737206,0.3984794205432576,0.022967298396700364,0.3986546155656492,0.015447289767143768,0.39858792549998584,0.040557900125320956,0.39883677527156824,0.06176735020433677,0.40104451194295265,0.06824663598639003,0.40054267926787324,0.08506813801933422,0.3992766936350854,0.16517466935300806,0.4052232306135567,0.0321840063661476,0.39920870615189524
Stoke-on-Trent,E06000021,2031,0.7064242966434193,0.4060718744520111,0.0018832656629668015,0.39847057118530443,0.001537133030517418,0.3984732992317237,0.07338669144827836,0.40516828604518335,0.007754410979745052,0.3986197445397442,0.003411970841691897,0.3984960307533593,0.012065957850779352,0.3985669196760633,0.07850951184468924,0.40414875349512636,0.021959379023558934,0.3993663918855027,0.028701779500879265,0.40153096556162915,0.0037357969663641896,0.3984663283373233,0.005574170173895943,0.3986934994001865,0.008350700322357463,0.3985846853488679,0.005603192216024566,0.3986205986226442,0.008184801213434907,0.3984690772453529,0.0050569722999890265,0.3985366352422177,0.003673623481691063,0.39852232184301967,0.023105235591373008,0.40147099401617864,0.43349347678441363,0.40050059470442495,0.3564342429682066,0.39963664943768595,0.14309593202507398,0.399722463826129,0.051064565945005747,0.3998016199674235,0.01592777245069643,0.3985700475732655,0.08209510384224195,0.39924794066720537,0.14556611619420634,0.4044793813745263,0.10536760261770706,0.4009661931811584,0.06700887617778317,0.40368811816853195,0.09584295233843942,0.40488500799428634,0.1313407254961183,0.40201801353235905,0.08751923721212584,0.40213940310030405,0.11382719985183903,0.39871537918571737,0.17114748149444947,0.3999527227613223,0.003102565475191693,0.39851012130518465,0.0005115994134366753,0.39848092590755957,0.0619931596651524,0.4056201531034454,0.0,0.3998869293764403,0.011084013793970171,0.3987585823403086,0.08728539619145748,0.39920151700741024,0.20962475257983937,0.40028971852261036,0.09189142551606011,0.4029813996610909,0.03942688472619693,0.40070482540682956,0.031708081929662235,0.399887573507278,0.014066484445691252,0.40025062518036075,0.007883123107077034,0.3985303102663514,0.029740678916145187,0.3984673900581554,0.04228080312354532,0.3990047111659185,0.03736266387599482,0.3985348513189826,0.07459399506352765,0.3985308444916387,0.20442065777025675,0.40530239513416305,0.05448901485826452,0.3985551364307798
Bath and North East Somerset,E06000022,2031,0.8100097309116912,0.4058155513778173,0.008221055160932883,0.3985053360693605,0.00040361627036583116,0.39846429632362207,0.07932471818551612,0.40453581830110874,0.002450844036446062,0.3984847349221655,0.01074098774643238,0.3984644278295952,0.012059544775299247,0.3989024484630237,0.0018955831317553767,0.398476411730681,0.012724620252736574,0.3989644850051035,0.0072371919205512225,0.39872943251973075,0.002569965791067552,0.3984861572525213,0.0016929418482830028,0.3984735295994009,0.013560609304755666,0.39930733858248135,0.004454062272345682,0.3985731628991522,0.010094289567590453,0.3987641476774244,0.009487491457777497,0.39887176723128454,0.003557191750897415,0.39849287329271516,0.00876434619309574,0.3990509034400784,0.5308281883494987,0.4028697918574529,0.32259070916072363,0.4000483703200906,0.10762497753810862,0.39985702843754617,0.030209722580055276,0.39858281170140386,0.008865592990673021,0.3984648603172802,0.17674210062602835,0.4053967044092619,0.27108817959458964,0.40504946004992554,0.14673814569008492,0.4022107005531515,0.06704902220817655,0.404589741334638,0.08545242089545502,0.40291873179406046,0.0845206550267794,0.39847575670082147,0.05031455750876512,0.4034993572962293,0.039875956896590514,0.40004650457754054,0.07865488763664086,0.4025239123397421,0.007528244822773464,0.3984770159372087,0.0014615515282431404,0.3984645023674184,0.03638998222846945,0.4039604749348917,0.005944355702903914,0.39852081433015557,0.011302854749012159,0.39851866511463563,0.09085589263029803,0.4013539014891221,0.10548682212302829,0.40452721573166545,0.026317751256416888,0.39884490282886076,0.050207272942890624,0.4009963329910006,0.06038689001169706,0.3993842839237414,0.03677036357757807,0.39858724120435723,0.020606009880949627,0.39889097498726994,0.10066595596293704,0.40231885396689865,0.0536447697125082,0.4006771705020431,0.03646471501450543,0.4033194244021009,0.13036134532970972,0.39861443626807247,0.17322151062452917,0.404708712166044,0.05212504822538558,0.39849247841751556
"Bristol, City of",E06000023,2031,0.654171700050119,0.40599286954690106,0.00915643579232392,0.3984645972130214,0.00032468022515675515,0.39846794376330125,0.11846179600943074,0.4055013893391256,0.006142966314865286,0.3984855268743471,0.01399494319164818,0.3987929954224444,0.019791666902841787,0.39874134953608226,0.0222569468965923,0.39897936222618013,0.014638899715223308,0.398765551882332,0.04840983139739885,0.4018696703248614,0.013125867402116576,0.398557416909857,0.0,0.40177178986768436,0.015473439766917174,0.39919598360412223,0.007460388453562006,0.3986717441828875,0.015425698143979705,0.39851120404223245,0.01474546853350911,0.39918616224594455,0.007715355086337694,0.39877079743274846,0.021445323364972513,0.4008830961828827,0.5278922923625387,0.40440360530853653,0.32019525406204563,0.4006360812082362,0.10760312942258343,0.4007412372041255,0.03427302993858505,0.3992611888979147,0.010304572059790212,0.398542414703517,0.11666766911953808,0.4035057760905303,0.3181667978234124,0.4058215816440316,0.15805586561298135,0.4021112946373594,0.060692465780372906,0.4049992121967297,0.07143815662363595,0.4026180958364253,0.07877182305771835,0.39904289651777813,0.05058946345418436,0.40414871622151927,0.0515811249419843,0.3989550540308376,0.09446663162577829,0.4017509843452371,0.001666369904231746,0.3984706661745468,0.0005581459339626081,0.3984644156388013,0.03514736759129988,0.40340542376360417,0.011255103609002726,0.39917447131531086,0.006483836011049786,0.3984649391776678,0.07589284575424105,0.39964846249981134,0.12117127291684815,0.4025510277771614,0.04673467107008683,0.3986347418903495,0.04319371522222171,0.4008632427982578,0.07434434567988779,0.4021309727974045,0.027305781510555516,0.40379366349388707,0.01188543252832934,0.3984763959284757,0.09418000942236338,0.399728850240155,0.0498712705715737,0.39855005173925845,0.05493138111484917,0.3984679750468394,0.11553623101805577,0.3990970591207104,0.1841304004410338,0.40471144309850443,0.04564367250186608,0.3984664217757275
North Somerset,E06000024,2031,0.8673722677479958,0.4056094549062448,0.005669008162155242,0.39846464886514765,0.0008569752554084865,0.39846422075789945,0.06732639284188124,0.4045240204629115,0.0025049605818471266,0.3984791457304777,0.0036264013087122654,0.39846881526708117,0.005788045661721003,0.3985074930113382,0.000813973450890397,0.39846521810282576,0.005803747778015955,0.3985806704518657,0.004831670006419042,0.39858466052987085,0.0013816552148393432,0.39846712354852887,0.0011175120222216978,0.3984736222350943,0.007487949164056873,0.398688921174663,0.0032935894653646214,0.39852202063198017,0.00589475453747329,0.39855388480024545,0.0066441288459591075,0.3987626648003189,0.0016378941557788629,0.3984786300213203,0.007453204937633018,0.39896840348324286,0.48811944420731024,0.40274072412908807,0.33000953352340767,0.4013601623444749,0.12917092356922422,0.39917783638687754,0.04124118316551928,0.39846631587467657,0.011517640223886488,0.39846504241759306,0.16266566043856656,0.4044713461369729,0.2240113381141935,0.4050603381809128,0.13224835775015223,0.398464262898002,0.0816799337965084,0.4039202974603436,0.09041742760146532,0.40232351709523456,0.09911757728121329,0.3984732856784376,0.056395187813989445,0.40357997847644594,0.06794815761770134,0.39884072287876315,0.08580668620914067,0.3997429256582779,0.004976118465778834,0.39870031141435563,0.001994936778492523,0.39846561095072913,0.05868561845247777,0.402446630412327,0.007389106470794993,0.3985863026521435,0.01303100701475779,0.39853695455981797,0.10260286841311217,0.40271040188074364,0.13749659748771714,0.4038707008319046,0.045322933274874855,0.3985665254895448,0.04182707879594627,0.3992731679299836,0.04799679735856044,0.3999402822537864,0.02942184332714115,0.4023417306097984,0.019440639120681558,0.39862726361916306,0.0754077216371829,0.3995457801214497,0.052694026443177666,0.39932029477532716,0.06187004865509252,0.3984761612438519,0.10047582579703307,0.4000338801566991,0.15917713339537576,0.4030599943166719,0.04004541296252273,0.3989748605751997
South Gloucestershire,E06000025,2031,0.7964411028290037,0.40598809969948924,0.004486459019758405,0.3984646167191827,0.002005413416187582,0.39847759999063037,0.07109514683242235,0.4048202950022989,0.003064480853645579,0.39852953886269027,0.009494982299319887,0.39874119109280937,0.023090601332020455,0.4002846678400898,0.006598592137405435,0.3986782261173483,0.009286603597426613,0.39864389374657877,0.015293047238209345,0.4000022478611001,0.00465185718145783,0.398476217529963,0.002656505350660504,0.39850490667070454,0.009504701875433397,0.39889073461353014,0.004680205431208007,0.3986041089686596,0.012804384121413714,0.399110165404452,0.008947983446996433,0.39896468389028183,0.003745327368524176,0.3985416771230643,0.011054241764321682,0.3995008530113478,0.5027666812323945,0.3999510030292062,0.3344706548576286,0.40063996052573664,0.12045247555373056,0.3985663765291642,0.03305307326875362,0.39846763524596496,0.009238354114501067,0.3984643730807741,0.1387877231537642,0.4040002191721344,0.25049268716266937,0.4056635593751213,0.14055592482669832,0.40141140109035256,0.09589061247889763,0.40467008047376235,0.09562804734040231,0.40308212430209356,0.08287599800549475,0.3985419994029947,0.053223247006425556,0.4042898838026514,0.056711844405401224,0.39904509711953523,0.08617165578131236,0.3999462157001532,0.0050433540650418746,0.398467975384315,0.0009498508203531486,0.39847109744492304,0.0472032708655421,0.40500845942633235,0.006812852127426614,0.3984644688039357,0.008751939132503828,0.3984981111781318,0.10913052819219393,0.40234654313700985,0.13515425822378146,0.4032047093371919,0.05019486083276192,0.3984978705920397,0.033170806113777984,0.3992409269116466,0.0556417348094973,0.40032963570057456,0.03627846922799893,0.4031604291243112,0.016342593087460555,0.39872792175633986,0.06736515144021327,0.3996087183882347,0.05484937711128457,0.39990943743913937,0.08404500389266789,0.39928057269354655,0.09727439590289277,0.4003984047975162,0.15477226070553307,0.4036687350190728,0.03656684463230497,0.3985399226173719
Plymouth,E06000026,2031,0.860071465012564,0.4055404763924878,0.0036706693073548374,0.39846998728956234,0.0006492040451949802,0.39846425761241205,0.05342151827925168,0.40291635094633005,0.002639499923090191,0.3984858562375119,0.0059107037719199895,0.39847921549054766,0.007135439867142157,0.3986555632794689,0.002132096539789574,0.3984896652404592,0.011683434094029721,0.3990922504468812,0.010874422682665141,0.3990316150639004,0.0021265483727809648,0.3984729963738376,0.0013965684665292744,0.39846779636424756,0.006152654061776008,0.39852859982761374,0.004424136247105248,0.3985437636802002,0.004827295742357157,0.3984880720926173,0.006821584671178882,0.3986411409429023,0.0035308459479973797,0.3985189385177936,0.011887792465305802,0.3995780564336295,0.4550612885311952,0.39881538543485623,0.3399470132309279,0.39876327374514203,0.14155542961560671,0.39852563489772336,0.04833235094194743,0.3985461217042905,0.015103384649656937,0.39847182837273704,0.09858057492379535,0.40134607894339847,0.19498548293969176,0.4052564416582059,0.13431209946468137,0.3996125415340346,0.07632342001059023,0.4040979832385987,0.1257638245459305,0.39875678493187283,0.11839507136370653,0.3993669805842429,0.07746295165861738,0.40330984094041183,0.075576617966715,0.39851834762687066,0.09866626724417404,0.4027978953992843,0.0026764889663322133,0.398472949054796,0.0012959436700959413,0.3984655284008173,0.06660196303976029,0.40359917579406374,0.004312168784155912,0.3986024360520081,0.00591450344049238,0.3984670665886485,0.11135240949313463,0.4041817932485293,0.1320775147661588,0.4031748913984321,0.041923615147451576,0.4001406835225491,0.04494143344747803,0.4008178218059886,0.02891549287742823,0.39886453310319003,0.0047256678326375035,0.40081779372474424,0.015633694562810274,0.3985191641349111,0.03952762711818039,0.3984711219587284,0.05357677708412245,0.39998606143289767,0.09855346425442435,0.39971147162946163,0.0944550084779262,0.39915309997818643,0.2192751293264994,0.40565051046529793,0.03494791687322252,0.39978752001082973
Torbay,E06000027,2031,0.8949035665393943,0.40511671704998115,0.005229599226839531,0.39846485812051174,0.0003056925377595992,0.39846422634257506,0.04687314610158699,0.4027597365976064,0.0010910279572864043,0.3984658042698957,0.004219667637960944,0.398533681184146,0.004467885027924001,0.39849144542705744,0.0017064590018109754,0.39848137549277024,0.010378740904324224,0.3990181494965354,0.00269738865717703,0.39850150777025256,0.0013688639189494006,0.39847350894414124,0.00039733593209775875,0.3984643809893753,0.006322545850171002,0.3985845700677428,0.002628895222203928,0.3984825322786868,0.004957574801184889,0.39850012499282933,0.005048055087559539,0.39854725893063114,0.001182671920359528,0.39846669871321544,0.005799681151408387,0.39877281476133564,0.42751387667737606,0.3997758931186773,0.3403806675432063,0.39868295001611476,0.16107005459548024,0.39852013778173456,0.05513808306030693,0.3985966676379492,0.01591244591872787,0.3984917479621416,0.1254748220222479,0.39905923027323636,0.1563314642106013,0.4038247328368484,0.11393205785629834,0.4001119057804318,0.06610152520964263,0.4040978163033353,0.12159172313168076,0.40189717046983503,0.15511023502477794,0.4030642387029938,0.08018878074039226,0.40062055276775554,0.07395149616224783,0.3993886049455799,0.10729854925095661,0.40122428359519335,0.00816545815152342,0.3985414816827819,0.000999219021950804,0.3984642932367802,0.05161331119681711,0.4006647747829601,0.0022344210621672578,0.39854162154148776,0.0078719765562148,0.39847227823308223,0.11513577586989632,0.40277229287064015,0.15200368216340676,0.4029030039975042,0.04101670541166591,0.3985248593876245,0.0687425873625167,0.40388236281597056,0.02469695416126927,0.39923710781158145,0.0062469980019930205,0.40047221183679854,0.019374305146757392,0.39855947993761104,0.04182607581798977,0.3984646201789267,0.054241093135088514,0.40067803238143834,0.044402445493517906,0.3994542550019584,0.08671224405505515,0.39849864762452947,0.23664886167971133,0.40541340290139605,0.038421823049320514,0.40121638035087487
Swindon,E06000030,2031,0.6380074302345555,0.4061272578715999,0.004445709119537122,0.3987302155508989,0.0006589310348463495,0.3984647932031933,0.08770347150341706,0.404765366285474,0.007503570139821003,0.39859182620568784,0.005333014399294789,0.3984726249186505,0.11805407896902054,0.40575818822737325,0.011105355713563914,0.3987939831020421,0.02655145341654097,0.39985608007105544,0.027145609749157806,0.4016165354677771,0.005069869174992261,0.3984849003284085,0.006296668066177069,0.39876400460022726,0.008907299302404914,0.3986195555083181,0.00624002560124115,0.39863612686148564,0.00966178019759012,0.3985489453104836,0.010427562574556126,0.39889951998554835,0.0020324914750633333,0.3984823327870004,0.023701235484046457,0.4019784292421938,0.4789929198657803,0.3986405486845151,0.35210034399617035,0.3984651222157709,0.12575744043911063,0.3989382765749123,0.03403748350544655,0.398525396964545,0.009105815619149422,0.3984686715271174,0.11766198854930154,0.40226662532573926,0.2043882973993396,0.40493667609900663,0.12524554827075887,0.39846962074194603,0.07234967730707087,0.40485880663907187,0.08876204375401642,0.40144894911911805,0.09372461461696169,0.40022200083726595,0.06957742490007446,0.4029125047971046,0.09701810859997229,0.39948119860873244,0.13121671338260452,0.3984703047089234,0.003976527955850961,0.3984955667197808,0.0012896221313180925,0.3984687758563454,0.09512075151360633,0.4013713403690853,0.003798845767236547,0.39880035711312617,0.018153293096396905,0.39906047542466977,0.08961275146057868,0.40087806483628735,0.15908463728040312,0.4021445176051713,0.07684836002781736,0.4000671636593236,0.0357194899098916,0.4003437102315069,0.05816299503285938,0.39952006922604055,0.055055270476349616,0.40185488506851436,0.00925302102945958,0.3984645129740427,0.0467468274795968,0.39904775815325505,0.05277628596765638,0.3988682573199274,0.04729211152901393,0.39850114883705695,0.07449859370372472,0.3984908264527526,0.1402641297938807,0.4049927547215489,0.032649329612158384,0.3993408286472228
Peterborough,E06000031,2031,0.4811191051247441,0.40613961360927514,0.004108519878854577,0.39856871379672276,0.0020740518550026593,0.3984776400893881,0.19510005023398946,0.4057953418020253,0.002829144890393598,0.3984994272174192,0.004436519070040806,0.3984655947085038,0.041059216556489586,0.40095059028492935,0.09140782819716842,0.4028342634699832,0.028347040527576306,0.3993416045628762,0.04401296890659534,0.40351149865975383,0.0067604667199136145,0.3984661230011048,0.0074233116913983155,0.3987585745042071,0.011153601260071033,0.39864506494044716,0.010501617600107482,0.39894374462209464,0.010033431737004161,0.3985018645110517,0.011771289901467696,0.398838370755374,0.005936512832229124,0.3986439901613299,0.04062982904262613,0.40398824257441307,0.4803683898444966,0.4042459431474857,0.34477567660063757,0.403214034109463,0.1245916754076295,0.39929541516051903,0.039168339912187405,0.3984867980340636,0.011257650860066217,0.39846425080904135,0.10825793822782126,0.4016389866953837,0.1811411455238563,0.4049388772516701,0.11010226699453202,0.3986338089894132,0.06870133868602046,0.40464694352617386,0.07581255277475707,0.4028611620821241,0.0887486360000565,0.39863387273594497,0.08033582034990028,0.40016206930792964,0.11656434411404026,0.4001868498879784,0.17035091902827515,0.3993129387582911,0.005958136722381685,0.3985382332102778,0.0006724774597820244,0.3984644903058167,0.07756044742559265,0.40445992304188394,0.0030558896814696507,0.398465975467993,0.009237319086921797,0.39850303728165015,0.07920953819747867,0.4017323604495358,0.21677822003640435,0.4038782206119983,0.09137580418903157,0.40333444708058813,0.038943659696993316,0.39954216550245397,0.04719997563870848,0.39978969208202353,0.029527698260296997,0.40199083265141133,0.011428123401694357,0.39847581308851543,0.03983892585986093,0.3987187034359108,0.04856924660754913,0.402869283368721,0.04350938924156811,0.4017170721649067,0.07322706216569053,0.3990898751238478,0.15656573724742007,0.40490064673084464,0.02765407923892882,0.40019798351195324
Luton,E06000032,2031,0.1896301398197089,0.40615244076814133,0.010621445164218146,0.4017374590743165,0.0011363748404232127,0.3984645893080676,0.15590074387424302,0.4057666185802711,0.11602442572738259,0.4049464616130331,0.00072324469262397,0.39904511577272117,0.05506774744841739,0.39857197296594804,0.22070075426485491,0.4056526762398803,0.04687645491128101,0.40141930378670154,0.05924919843833476,0.4005761122492332,0.0328058446585604,0.3991793447568333,0.011770684450014612,0.3984742316111301,0.012630332510441211,0.3986580743220261,0.006723428749778465,0.398533299304815,0.01218849282252854,0.3990485265577528,0.013059657667204183,0.3987464455382295,0.010562855432287799,0.39854901952386074,0.043636153563574975,0.40418726562424917,0.5077948020678864,0.4045719679929285,0.3307249633141902,0.40344882533151716,0.11608639497419027,0.3993386756237277,0.03523725355085636,0.39852154741257856,0.010334430008284629,0.39850498410390456,0.09335282859871463,0.40048371473146993,0.1797055597802899,0.40471624999008515,0.10321490836238223,0.39882528926834315,0.0574624142903053,0.40521738663497464,0.0846143979952898,0.4029912715782634,0.1111993115359976,0.3995264780820867,0.06824319735447082,0.40236557860579664,0.12672733839040862,0.40202285656824654,0.1751741298630708,0.40001105716816215,0.0011695672065606694,0.39846428981785115,0.0006864139424234486,0.3984681766223701,0.05728338531847754,0.40400924545029504,0.0033306044048462685,0.3984834105139784,0.004021054385234951,0.39850520685477336,0.11114532496149643,0.4034587960938043,0.16712510351339804,0.3997930040569221,0.11653537228584998,0.40094452290345994,0.049934258284801025,0.39998691688995297,0.039522226495892654,0.3990447223171214,0.013502847124660322,0.4002847974992441,0.013955110708232875,0.39846905134432764,0.0352056153023006,0.40006228506587316,0.07441091477228023,0.39996188411109423,0.03830385615539422,0.3988517772207552,0.08323502873215327,0.401146230387521,0.17315370582773504,0.40546494514348436,0.01796017275808115,0.40264524244787875
Southend-on-Sea,E06000033,2031,0.7618288095894297,0.40592728000641803,0.008750655541887186,0.3984644800976614,0.00025023786286113014,0.3984707956936795,0.06312219672296981,0.40307794402948505,0.01240827609708961,0.3991102727600048,0.00670196270391632,0.39846720407385233,0.020748433993813986,0.3997428374397862,0.013340571631786702,0.39914569769300806,0.01844548411237701,0.39957173281279224,0.023919324373873008,0.39932035804718813,0.0062239696048435045,0.3986070177878147,0.005690975636257978,0.39862595320246286,0.011199124230159008,0.39888143242243157,0.007257596854369663,0.39858870254702494,0.011430382249563942,0.3988636903987553,0.010288012557842618,0.39882172135941735,0.0027249275539937418,0.3984787364225829,0.01449287828680701,0.3998942477802202,0.48267057485191467,0.4036352137105328,0.33712115803550846,0.4004887720722378,0.1262632624413409,0.40062777995535964,0.041517819003052014,0.39861274777505734,0.012604256137167626,0.3984642194065271,0.15213911311397954,0.4047600630645576,0.2215256182670693,0.40536037341942177,0.15000043906373928,0.4013126324919001,0.07692869765519283,0.40552628794463513,0.08542438648430428,0.4030384625663593,0.10071476648927924,0.39883320065899214,0.06978396791305386,0.4004548587992335,0.05822929190736825,0.39883096019922665,0.08540461171691227,0.40069467555630095,0.0018570796753937281,0.3984651649357265,0.0006366460277509381,0.3984656378974556,0.039064630832507774,0.4033289815238289,0.003376815353964266,0.398475170108203,0.006826670965842371,0.398470974460403,0.10223912558300485,0.40214328113944414,0.12790274346360198,0.40034707644888323,0.05112429001537669,0.3985499451296649,0.047570269881776456,0.39846440413650536,0.04196517173009251,0.39970047035565326,0.07027081458995266,0.40448665332154926,0.017680578019221765,0.39849340425870655,0.06509521068555524,0.3991685825126095,0.06184168490119113,0.4004556790431198,0.05349796843709764,0.3988340154461222,0.08275005823819992,0.40132392607333184,0.18250365214806497,0.4051726559313637,0.04386937598940355,0.39922299415857015
Thurrock,E06000034,2031,0.5141379469748166,0.40616469345130407,0.0042975899964166064,0.3985680703235364,0.002897276224721357,0.39847679446175893,0.15385420979617948,0.4059491289960217,0.023914401199008672,0.4017503094682378,0.006067959417316679,0.3984736515907827,0.030905085239939734,0.40115308304848735,0.020805322999978282,0.4012994500619394,0.018741596649862413,0.3993344677536841,0.12183217749773867,0.4053350956407761,0.01613107280209103,0.3992192647767032,0.0207248385259442,0.4002871579243256,0.008104967053032874,0.39866077170677267,0.008364573029511047,0.39869699401389835,0.012463638435753377,0.3989095035114692,0.01082116642159403,0.39901322629944835,0.00256900415521924,0.39847717332236054,0.021753217083509746,0.40131365082767007,0.5332141610037588,0.40503981615995555,0.319747722776472,0.4031362908501409,0.10817662740396639,0.4007191706286414,0.02985883407754486,0.39918668437201293,0.009406761734253088,0.39847606194778634,0.12681100336721052,0.4038211731734072,0.1785739024475328,0.40547255421797557,0.11539966906202892,0.3989127502662272,0.08945040426426853,0.4052994674870294,0.100435839158179,0.40259248185374924,0.08519894919553109,0.39856127124207297,0.06500519494965307,0.40398516145099994,0.09737276932535222,0.3989149472236863,0.1417531075932954,0.401019501953752,0.0017344338151498353,0.3984642257380308,0.0012511677225484352,0.39846692058102917,0.02720850070611025,0.40480152687883897,0.0028023996420891706,0.3986566488944382,0.0066879202813540095,0.3988326104277444,0.1523843745579052,0.4051952893405534,0.17391593605454636,0.40285200764072016,0.10961841308818576,0.3997462178818232,0.034309270374869305,0.39923503103585534,0.03344029726338932,0.39882519149023155,0.03356528306350093,0.40336913880613134,0.014166613452012602,0.39848669006871895,0.05024416302372445,0.3985706961586292,0.05698164769577013,0.3987200090226862,0.051792370218985334,0.3985439160909764,0.08229225630995032,0.3986079420046513,0.13592550752586563,0.40433219321970754,0.03181789443209604,0.3989521375642228
Medway,E06000035,2031,0.7103058871479142,0.4060470986554564,0.0059859490436579565,0.3984913195610885,0.003400946060898219,0.39849457398640314,0.06906929039458065,0.4041794809129477,0.009027313096875822,0.39869374607422264,0.0050504425728398195,0.3984787517335381,0.027958341599045936,0.3984765628242459,0.009395218027895225,0.3986484481132077,0.01461657209420475,0.39877427520721476,0.062378561122501175,0.40470695791271016,0.012733770025993851,0.39915972616759404,0.011624127736339473,0.3996245968636561,0.009517339072166231,0.3986492835164532,0.00711944547567428,0.3987215876037005,0.010721954418595248,0.398702627367917,0.008975694666318534,0.39874832609401206,0.0012820119708017164,0.3984706854007088,0.019700567156205606,0.4006573904104396,0.49227470587395805,0.40400813114014483,0.3292370439477921,0.40382706384949696,0.12674497171286253,0.39861020196564956,0.04048184782636001,0.39848196917887235,0.011302353968464879,0.3984660091574589,0.12927772961520922,0.40401439029348574,0.20110219895200032,0.40558194538955505,0.1403341878402986,0.4018008638679885,0.08192223293543588,0.40480219940912027,0.10919549536388073,0.4021313519452639,0.09738088833109568,0.3984884261702096,0.06097755108610059,0.4035872333801078,0.08182940976762387,0.3986813062322829,0.098276238583344,0.4027081146386662,0.003136263940967776,0.39846630288806123,0.0005528839439210616,0.3984643664795767,0.04177497500285021,0.40390327153845157,0.005794065201653598,0.3985113072763174,0.015157028537589434,0.39860085742438073,0.14383970551323966,0.4039469354686706,0.13150726852010308,0.404579001009766,0.06828996025502931,0.3992323505572547,0.0409196772991976,0.398642542839378,0.038938407751462734,0.400129270550344,0.035159746091782296,0.40073794393426304,0.01841476964372646,0.39892258437001044,0.045529151339917945,0.39850658536914635,0.05526006457967303,0.39876268596129366,0.06171399987498538,0.40071663703946914,0.08846479606133144,0.39846426804980384,0.17012234649364455,0.4051339873165944,0.03555587270266991,0.39925510265553865
Bracknell Forest,E06000036,2031,0.7074731961054415,0.40603949759233715,0.007978687785222968,0.39847140363000916,0.001534743408073233,0.3984676419100686,0.09875035414486799,0.40504271855028734,0.0023151967762351094,0.39848226469098097,0.008330135215290857,0.39862616703268383,0.042798383543756646,0.4027700392196526,0.010542014279665057,0.3989389606868439,0.028055473924866514,0.39898441812595103,0.019175190682621635,0.3988250923716385,0.00531577942866035,0.3985079805125186,0.0040821674332172375,0.3985387145322321,0.014226168655561922,0.39911929218566405,0.006391881706634295,0.39866018464201314,0.009719058872749098,0.39867632650770973,0.01071571334890864,0.39893321992966935,0.003180068530196617,0.39849199234743343,0.01827058720322583,0.40091986995035045,0.5324853904235864,0.3993714442628824,0.3395782499336568,0.3986140979377435,0.09640095796275588,0.3987117413884348,0.025256527523101608,0.3984642187953461,0.0063654199150771085,0.3984746627274796,0.17447843306625987,0.4046804441252315,0.22672801957810051,0.4043992595929191,0.17258535294059119,0.40203723958557736,0.07871869574080392,0.40462609424363305,0.09336105601637268,0.40018072607009414,0.08670015323707614,0.39907889687347586,0.05524819680570481,0.401699676212072,0.04441250069092763,0.39846853762775347,0.06801851051448349,0.40227580746702635,0.003969322968407657,0.39850918159305826,0.0011716533931390924,0.39846859170168786,0.05257548531064549,0.40077120694219026,0.005955703929527566,0.39846919005255194,0.009202782041187185,0.3986293583784711,0.09795222608673448,0.40283545781173397,0.13617700698639235,0.40289836310459276,0.04247875109876631,0.400692624021228,0.03608810101089022,0.39990205157010533,0.11431666377134242,0.40065962759872975,0.02552738574687685,0.3985945136829169,0.02016281341970394,0.3991014053865364,0.05728925279550445,0.4012492606860323,0.0719911978095209,0.39983500146716566,0.04951197276881869,0.40010551738532213,0.10271690756346841,0.4008742243074813,0.13256221632308574,0.40381779628731584,0.040502538079340455,0.4002475293282611
West Berkshire,E06000037,2031,0.8088613904160464,0.4058453474304501,0.009035520987090769,0.39847090357691517,0.0012844136649587529,0.3984648915041275,0.07069332886020785,0.4040776468659818,0.0034394348500156324,0.3985190552473061,0.005619461037103146,0.3984893293555852,0.027173959524885216,0.40105410300115957,0.005048103729235337,0.3985188578371943,0.00787279948976044,0.39857570775032053,0.008945984915041283,0.39872786419731165,0.0044104076950156335,0.3984803262109769,0.0027445388872525678,0.3985047444110098,0.010311369261818526,0.3987915266602188,0.004463824787381054,0.39857051853032227,0.00797053992918434,0.3985834377114674,0.009076563034748575,0.3988703025683632,0.002529336516077424,0.3985013867033668,0.009663955600569762,0.3993186602919049,0.5046853038153736,0.4000386538735821,0.3480117539877236,0.39859022453473086,0.11202999026590144,0.3988097150168815,0.028628970561204947,0.39866424317892724,0.006649024141990874,0.3984645693360052,0.19141122210425188,0.4053484538427125,0.24272051682607731,0.404441617902195,0.1500716652860814,0.3993000059788664,0.07312269260504323,0.40466061423119504,0.08808095976941166,0.402514690896806,0.08317833078349096,0.39874757960769586,0.053932151430367004,0.4016204503084736,0.04652489465941401,0.3987867218933868,0.07136509723954321,0.40029531965905907,0.008949518674775177,0.39846625453923235,0.0014244436108293498,0.3984650364325161,0.04842851973841933,0.40346094315542913,0.007243976418985679,0.3984667645026451,0.011871763912011113,0.39856157726766367,0.08819801586860754,0.39985583599947194,0.12469223359551096,0.40383665990109596,0.03136069007833708,0.39887324489603176,0.02891020266914368,0.4008263197617467,0.12613136509107337,0.4018339488362654,0.030080621619906656,0.3988237106590878,0.02054053231103925,0.3987771736027563,0.07124530511444727,0.40003545082468983,0.06485159509368765,0.4006749167015248,0.06553485628854294,0.3994165949224346,0.11004435715531935,0.4004271409619638,0.12058906510108791,0.40421602089924785,0.03984577653085486,0.39993615625595247
Reading,E06000038,2031,0.41621609376873536,0.40614428461300656,0.008923383866505374,0.3988923944423309,0.0006492466667388586,0.39846429037944964,0.1684965619838774,0.4058001692005371,0.008474551583575685,0.39868553663198736,0.02049964683990324,0.3997173641321751,0.08167899910953791,0.4044077636144989,0.05021635456353424,0.3988667864328135,0.05659723876119305,0.4022205570400082,0.048770499154289326,0.39960809835225103,0.016801989848670706,0.39871284041746935,0.010924042396790512,0.39866684832001126,0.015049461587264168,0.3989257582401406,0.00913085007548442,0.39868222347626125,0.023272563627974807,0.39891656421793,0.015415887483339108,0.3991913626936048,0.010267929128724651,0.39892912541730147,0.03722927758513528,0.4036825978475835,0.5216796955725083,0.40175725709078425,0.3364794167592462,0.4010377024239782,0.10614329369081146,0.39849868381692655,0.028143336309792627,0.39848938649026433,0.00759792459824464,0.39846732423109105,0.12151335309538513,0.4036766435617472,0.2668610861811007,0.4021724657766933,0.1347493077211444,0.3984666301988721,0.058717195428949154,0.4045378374089137,0.06699139131095411,0.4023419473674182,0.09634878836814487,0.39988954341947275,0.0613248092720351,0.4033401739406685,0.06388774841496048,0.4003848097420458,0.12933926609150803,0.4009321200123452,0.003355312520841952,0.3985198064739017,0.00023037693468974663,0.3985915943071129,0.04130893335426511,0.3993081609109705,0.009106853297641992,0.3986127203618846,0.02077817676346605,0.3995993149178805,0.06617415529518411,0.39869762410818593,0.13483756245847678,0.4019109795674076,0.052555371942928475,0.3990909251782752,0.047210731438626974,0.40007856830349053,0.12926655216396354,0.40141704356732705,0.0227702465328552,0.4015129929920206,0.01068827887304603,0.39846655512901313,0.06713181611573082,0.4024953871729803,0.06523462519684431,0.39924524284834534,0.04026799454782992,0.3989812878513599,0.09625839117573745,0.39847718841138396,0.16370670042080526,0.4051692133901671,0.029446501426917848,0.4004995652243895
Slough,E06000039,2031,0.13560999311655664,0.4061281262167556,0.003072256947832197,0.3993541682865043,0.0014234957677133724,0.3984645183393421,0.12393792120153924,0.4027865752826063,0.007516039135377461,0.3986434627127875,0.0018646550298022646,0.39866545585336666,0.2246798409597508,0.405523170412107,0.2555105995496598,0.4056781584278939,0.04790318334428656,0.3989467415504948,0.04489397967763875,0.39946084369577844,0.013002295140597253,0.39948811836818987,0.007294897007616319,0.3986061728650775,0.014292634098797385,0.3986952677135137,0.006043579038384039,0.3985055238920349,0.011510038131355455,0.39846625464740526,0.013690221567667638,0.3989692854939958,0.016296840315348504,0.39960858393502563,0.07103868371555322,0.4050752379676356,0.5548329120308013,0.4056470534778043,0.31933354961347504,0.4044623514203639,0.09606098962641152,0.401854369581595,0.023510893081358786,0.39999003194651744,0.006704875895991114,0.3986078742857232,0.11607105897354408,0.40391781168836943,0.22053707213915086,0.4054411136400922,0.10994398127115272,0.3984644844344234,0.0725930972005151,0.40424918008510186,0.07026609764225533,0.4032848996832213,0.09366603051096417,0.3984681968221447,0.07239338049478317,0.4021302907602289,0.10762518095087015,0.3992371779855453,0.1372292652130167,0.4015348287728432,0.0016718776640914888,0.39846463242408414,0.0011754531676022723,0.3984665098186006,0.04153033958068564,0.40436395744227893,0.003311778703631474,0.3985207761460773,0.009548280569686152,0.3985571779568637,0.09023828945920664,0.4033958921146464,0.12290710664107696,0.4045480952350435,0.1175843098079753,0.3993287923827298,0.045270704500556036,0.4025809009256848,0.09997748632709325,0.40337761432851954,0.02506838967879238,0.39847693256157757,0.012707585868019455,0.39873457336311796,0.045201802485133113,0.3987253690084518,0.07837391676033559,0.3985077397174951,0.030614283847645973,0.39887844883577356,0.09125756713080158,0.40189566444277125,0.1626353424627789,0.4053328442543224,0.02114659761018034,0.4015544391039059
Windsor and Maidenhead,E06000040,2031,0.6057609184329635,0.40608914564857596,0.014137909470844489,0.39846430391177357,0.0022145089199056417,0.3984711258371676,0.11327150453171164,0.40462580302844875,0.002560648837285108,0.3984645711229551,0.009872491917769788,0.39854910832016044,0.0872658770387682,0.4048333519504748,0.05096657291927453,0.4021500878193689,0.014666078217224848,0.3984827749986647,0.011424465619930324,0.3987104793222472,0.004887453969887462,0.3985009220262632,0.0023832981143322857,0.3984758960736959,0.01880282690122448,0.3994971519449803,0.0055195473565061715,0.39859304302825554,0.00733086524502069,0.39856109296856573,0.013365329845858809,0.3991530548324056,0.007936508915186269,0.39884534125422844,0.026429125814955157,0.40202299051757434,0.5699302102057773,0.40270320725525194,0.31370695998129716,0.39936565629893395,0.09019656667379017,0.39933114838655726,0.020674858302233368,0.39896073907002805,0.005604546901853719,0.3985135012874416,0.253659426649012,0.40580376926174216,0.2674476195698272,0.4047684017415632,0.1561024175779182,0.4018296907472387,0.06562299293679885,0.4045231453439327,0.0658550995269489,0.40185080050939864,0.06686858597404166,0.3993996716860908,0.03995735037495396,0.4016500442014778,0.03583024018345282,0.3985922324443684,0.04948445817212033,0.4022611816097924,0.0038907457666127743,0.39847311661398327,0.0030423385028842814,0.3984648785996563,0.061789136274425394,0.4003046327894274,0.00649333472888939,0.39846513265720385,0.007422361624618123,0.3984914749075443,0.08104915689904679,0.4026869801973961,0.09794026098920039,0.4044343357032497,0.041247981424649804,0.40172845913715566,0.035216933648440696,0.4010168060120986,0.13028141017026762,0.4025351466476508,0.040602155711661925,0.39911090804247495,0.021138962707201003,0.398639526723542,0.0907666957002986,0.4003048748278531,0.061521151971482,0.39901942152999237,0.03930444905562702,0.39956378045901586,0.1092207428075842,0.39983554556928463,0.12024652463528618,0.4046426038435718,0.04895699592568148,0.3998084925312478
Wokingham,E06000041,2031,0.6181678001924276,0.4061338333191901,0.008102307875848244,0.3984722088973298,0.0018451477059777295,0.39846424115261775,0.08572587958068922,0.4049199541764146,0.0029126575354482542,0.39849482447267487,0.019018801538096763,0.3999348849738023,0.1051742565035374,0.40556532114468213,0.04029398958138142,0.40216609119675034,0.015612418886053192,0.3986678160851829,0.02485820520110038,0.40122360515394634,0.005115874624027315,0.3984678034897311,0.0047454225298596,0.3986426914124157,0.016567213483219434,0.39934125285005495,0.0052883987535319865,0.39859829699504945,0.008883531147532098,0.39859940934484517,0.011163414244376613,0.39906180547167247,0.007384461324885516,0.3987002568943424,0.017709121085793367,0.4004475790817473,0.556462558399039,0.40052819199732503,0.32778845965811076,0.399244457027659,0.09017828128824862,0.3987033237022875,0.01999928959527822,0.3984934610574276,0.005576933896057984,0.398467643557664,0.2124538720721567,0.40556727263403913,0.3139027085340791,0.4052550202410181,0.16629955497416377,0.39858036646186706,0.06960915564201375,0.4048507019123334,0.06446505301557814,0.4015618965788736,0.057597276346054604,0.4013710687368754,0.039408494209093536,0.40308911982269435,0.034186585728642124,0.3984785361272101,0.04269812638479875,0.40152193841455197,0.0045823506105426015,0.3984894383083916,0.001720407008593161,0.3984894847381296,0.05425493847576046,0.39998636862467746,0.00877667402678907,0.39847659203378805,0.012631755397502165,0.3989087576659344,0.07464396719987454,0.3993648886007468,0.10205697267649239,0.404658146134019,0.033241221439292146,0.3987023897825846,0.026263957020137285,0.3989246553455449,0.1736173505334353,0.4048697602837054,0.03600907315187485,0.3990857473755655,0.018447660069468075,0.39887740135994515,0.08546536045494468,0.40045685343307186,0.05345006955781895,0.39913349661829134,0.04085388896787734,0.39982643097231496,0.11529187861627035,0.3984662822472633,0.12090228510638878,0.40377451069002146,0.03802480486774362,0.40009582930274595
Milton Keynes,E06000042,2031,0.5049445150977085,0.4061428689800633,0.006605119498626355,0.3986276138752966,0.0007903273809623593,0.3984677621434336,0.12349400341796457,0.40560271102113604,0.014140126753165116,0.39896634641151313,0.009378167275236715,0.39849851755960175,0.074158919375515,0.40453031289181257,0.03423820995843463,0.40158145862453076,0.024423490789046952,0.39846452978052377,0.09713841198277073,0.4047211964092349,0.01057731492589422,0.3984668720464194,0.01714426895510801,0.3998687293242312,0.01171986166807193,0.39857090492224684,0.011286999991077407,0.39878637884783874,0.011826147056721303,0.3985744371981676,0.013546186386794612,0.39878236434339653,0.007061042090252434,0.3987764652567392,0.026211416650508745,0.4022399853978156,0.5197823006524394,0.4014463546388006,0.3258423581812635,0.4023802037023599,0.11271668198437046,0.3987398023658906,0.03239298479456485,0.3984667359624097,0.009214550679859195,0.398464587924793,0.14650267672804018,0.4042609415341891,0.2441413641441761,0.4053961637878422,0.14348315574735604,0.39946567735180116,0.06751155363638972,0.4052764096601322,0.06528476752836898,0.4024183793697736,0.0751934241368406,0.3986187629325926,0.06536864812422039,0.4031610927626207,0.06399512167291824,0.3985447222714906,0.12862645871869116,0.3988639037238406,0.0021365789718674234,0.3984642264551311,0.0005373768435459406,0.39846424336220226,0.06028932344907667,0.4017782570682508,0.006087078030612425,0.3986799463583752,0.004099523499659266,0.39847078395409763,0.07261866543594264,0.40081188244343174,0.174384377106231,0.4036802560930345,0.08266188462095125,0.4012808665214032,0.046089302323212816,0.3984782425459812,0.07905447190169501,0.40072387985495234,0.04838576813238604,0.39869283520998416,0.013775943248221567,0.3985126669174839,0.05692128253661599,0.3995274151255808,0.058280016649142896,0.3986869566677782,0.04166166381638753,0.3986129732898159,0.09188761817003721,0.4003216498025883,0.12661762471741778,0.40381146589558525,0.03454044615709517,0.3995162865775877
Brighton and Hove,E06000043,2031,0.6736229147999602,0.4060137887850326,0.014655455321985589,0.39847458640364425,0.0006979365960466956,0.39846422857933167,0.1276070677399792,0.40522052694964206,0.007443718591303244,0.3985477050561631,0.011148661460658998,0.39846466698991706,0.015202096250018116,0.39871109056571546,0.004303432225802678,0.39851647532896556,0.01586086623405719,0.3986748242690845,0.01782131929689401,0.39914503594415024,0.0039055873008305153,0.39847094134167826,0.0022284439162265357,0.3984712671169295,0.01796214434565524,0.39890023811174513,0.009430883532373507,0.39852289828771637,0.009392171940009741,0.3984922197887254,0.020359226557566945,0.3996566306173044,0.01393506675119427,0.3989359029245063,0.033484445457336864,0.4030269872683278,0.5109693468479404,0.40149141659968934,0.3268253157456502,0.39959398273119684,0.11372677993057817,0.39873165413063,0.03690283348742879,0.3986725395332845,0.011633388876111567,0.39846598919373677,0.1661588154259377,0.40497162647264895,0.29640616325095603,0.40553952344476557,0.17185314681820124,0.39875630766452747,0.05237817660923749,0.40468039822327234,0.06827351025717987,0.4014302003460021,0.08108026065924179,0.3999633914440688,0.053520031849704885,0.40432956981605617,0.03761960434807632,0.3984972042932844,0.0731657436879034,0.40018375947133916,0.001979926881417529,0.3984756444041237,0.0005178101729592039,0.3984642697651302,0.028057541172974543,0.3995515434628721,0.004096043444915043,0.3986999519251437,0.004167389195802534,0.3984675880649136,0.07228077625596963,0.39984700497234515,0.10727016087379893,0.4034246901594033,0.0251825542889339,0.4011505199634698,0.05790900075561756,0.39918741207322544,0.075989723325399,0.4006828440124797,0.0286515808397918,0.40429238073557383,0.016612445043675553,0.39848436832022655,0.09272166499149326,0.4008963518869172,0.05355958177217701,0.3986214470729231,0.046370959061356604,0.3985168451713515,0.12809576094702912,0.3986995205609419,0.1871258034156611,0.4051026547938671,0.06945746486149473,0.3986259938705496
Portsmouth,E06000044,2031,0.7142229305724825,0.40599827746576833,0.00502976036919198,0.3984647459811444,0.000715765388407591,0.398465500387451,0.10096819184394867,0.40541813671504884,0.02767343717573556,0.39964971457606296,0.007683354596799807,0.3988097883028741,0.01562936422612124,0.3984931356492251,0.003161846346583376,0.3984682340785261,0.022983643022316702,0.3995732600918632,0.03699665635878535,0.40231895170209697,0.0064473061237038665,0.3986648391422302,0.005798236815254876,0.3987335806836608,0.003306535967493529,0.3993381563502604,0.0073618906251852745,0.39857370519824575,0.005920844756963098,0.3984683634954384,0.00951005913768005,0.3987290868262174,0.004437303539538681,0.39847370113066527,0.021392078101245104,0.4010213257609196,0.47033044425367654,0.3990360562500141,0.3481981572100773,0.3984648363455042,0.13281932020921616,0.39940184342898033,0.03794828268425897,0.398479500244821,0.010728005963610565,0.39847271968922077,0.10811283737373523,0.40095725228449447,0.21123187384753894,0.40510091477012056,0.12231814919258965,0.39881639391386886,0.07698920997717851,0.4034405671357416,0.10269434230389751,0.4002920325405959,0.12217995561863582,0.40293025026910134,0.06888012024000734,0.4040838443397526,0.08017201846409328,0.39997852484944146,0.10756053955537714,0.402283044223891,0.0012230980536951184,0.39846433661634806,0.0004143873610077658,0.3984642201664333,0.049110445961138005,0.40427287490601976,0.006833337979040399,0.39904654615995916,0.0055009778533414155,0.3984876079672425,0.11124030089445247,0.4031515083030796,0.136959313123044,0.3999024089801286,0.05379588289319781,0.39887443582769583,0.05859634759270982,0.39967764686156254,0.037805345176560465,0.3984830605448441,0.011815327011959642,0.40082386329571595,0.011854821325511983,0.39846421900854945,0.041060386112849005,0.39847394312499135,0.05136188041441503,0.39895148915194656,0.08047388190738025,0.40099805858274923,0.10212279432330737,0.3984805536167852,0.20280902880461316,0.405664249044577,0.03767804405532771,0.39932679732020243
Southampton,E06000045,2031,0.5851183464095158,0.40611355171996577,0.00585201219002518,0.3984966752785801,0.0012943500342520488,0.39846451649141873,0.1621045063832085,0.40579041715669356,0.010603664381596933,0.39876389554297564,0.01871751286356138,0.39870156730529105,0.04502874836249049,0.4011157166356218,0.02127380870606066,0.3993807793428826,0.03208718692513779,0.3996322361093362,0.030228985066073966,0.4008638445854973,0.004093367168746115,0.39847084881265676,0.0046569065471342985,0.3985777643771407,0.011993072769749757,0.39873048598880184,0.008300037263328508,0.39872078572452263,0.010329696913834285,0.3986104929892905,0.011909195475422796,0.39903433650558895,0.005002574056420517,0.39846827561345843,0.030163761911031095,0.402607255634718,0.47814159111788956,0.3985569082019194,0.3519476261915263,0.39852424618665033,0.12146755867747425,0.3985278151080568,0.037701669069187774,0.3984856502301349,0.010757597725045226,0.3984867715938564,0.09544543653722704,0.4014525381564448,0.22518426335756025,0.40516827698672325,0.12443479130800106,0.40010368440224786,0.06294043705287944,0.404535089832984,0.09188773313325971,0.40221715217192616,0.11666530343885939,0.40173505622987493,0.06518448920065856,0.40421157798244034,0.08973588582282055,0.3988278711585079,0.12845982416885138,0.39937730181659087,0.001581279615199764,0.3984684895445006,0.0018601097834362035,0.3984817168234891,0.04547583602917138,0.4043736507408306,0.0045642574709465755,0.3985182918787981,0.006531097540040292,0.39846423277295734,0.09997774581675545,0.40201616692893033,0.1375426573258749,0.4041712608262514,0.07719364185926514,0.39978940943096575,0.043811721309229945,0.4019305588521172,0.04046336732825928,0.399787299120652,0.016998493466688025,0.4026939117475711,0.011503718566214011,0.3984642829222817,0.04789331960960841,0.3994173965325654,0.062424456637893755,0.3997816533425117,0.047833600516870134,0.3989901985998418,0.0975856551593961,0.39891028017878394,0.22452572522548309,0.40580914385709776,0.03259098985594289,0.3999884335286631
Isle of Wight,E06000046,2031,0.9272640685278732,0.40200952733722367,0.006401407175418303,0.39847828487095277,0.0002799010358043655,0.3984664776272797,0.03261394116006522,0.4004972961178999,0.0012271020152515265,0.3984653232207267,0.0019702975016185273,0.3984663269796102,0.001378680039440222,0.39850811644863754,0.0008134550092868363,0.3984649977887043,0.007315007858948064,0.3985601692691547,0.0031643517870000026,0.398528690941225,0.0009886080727878957,0.3984645663492635,0.00042772051731422567,0.3984643276349372,0.003011202653637912,0.39853998407301505,0.0020413758707485963,0.39848291581466083,0.0034135623723411113,0.3984651250046226,0.003667765222381575,0.3984845605080269,0.0008698596852805482,0.3984676611682847,0.003087118134946415,0.3985237471091115,0.3897169941811969,0.4014940197915247,0.37359668101795784,0.3993287078483707,0.166677986954402,0.3987813835100634,0.055043837873777424,0.39880169390032427,0.014903555191301758,0.39846482477487816,0.13578300634426155,0.4021468487362566,0.16419583840999308,0.4015119763886929,0.12080145269869114,0.40049602333418516,0.07137403031612166,0.4027255017322243,0.1258929299578493,0.40312777240366426,0.14082555699860544,0.4017711497031966,0.08936391125555057,0.3985515287597042,0.06534992466998069,0.3990846581482248,0.08616240773127704,0.403522977288594,0.007530520104819527,0.3987858138996194,0.0010318860765793983,0.3984645305442041,0.05905022804497362,0.403561054342664,0.00816359641574016,0.3987216999185057,0.008956634971490351,0.3985925775046559,0.10131194917350239,0.40108366019811,0.14551277579436883,0.40024751663227154,0.03279695216653,0.39916242867787377,0.0676683593733367,0.40244407381814007,0.029687536187155805,0.3999521409230892,0.011084449801866736,0.3986727823641781,0.01742582347890967,0.39850939701411153,0.04225126796165714,0.3984799020688915,0.0698099513457282,0.40364082223658876,0.05138935454045934,0.40117876666576574,0.07095779665357282,0.403095469103998,0.22421777593024927,0.40551258734516665,0.05163975992201242,0.3991731767283827
County Durham,E06000047,2031,0.9293740709265363,0.4041266206958112,0.0029001645508460253,0.39846782777167294,0.002129697777809081,0.3984851836539781,0.02054647630473949,0.3992921941633773,0.0006767400389652879,0.39846482499187186,0.007694431848503991,0.39875065767135026,0.005522788352375074,0.39857800453393494,0.0018804398548248613,0.3984777168221279,0.004620867144640273,0.39853893487819186,0.0036936908262679147,0.39857529951943654,0.0007734542955278381,0.3984672798179979,0.0007775363967835389,0.39846914099313707,0.005341122191732994,0.3986074540439974,0.0028443601176802724,0.3985332021968274,0.0015871387314039566,0.3984654971145163,0.0030613983838560788,0.3985037157982255,0.0022468258712785294,0.39848997931429386,0.004026679624757501,0.39861706384723056,0.43557270469612763,0.4001131258045312,0.3436006258637866,0.39953717999111665,0.15225004469109227,0.39933832018162785,0.052252426226919724,0.39992984685289806,0.016335684859372285,0.39851222281435217,0.11413035974115893,0.402833334335953,0.18944255685565636,0.40470943031314205,0.13526971430895296,0.4032510610766296,0.07771656729594945,0.40403541564988704,0.10891407039927348,0.40126411911691773,0.10510190063979774,0.3985333140210254,0.08268624255513868,0.399602089291348,0.08331798636032461,0.4015631106529777,0.1036792904497521,0.4017482772581132,0.011609182370930365,0.39853759384113924,0.0032559237038242567,0.398473020971593,0.08707428951181129,0.40471157467216373,0.005992578944740701,0.39875457754515087,0.009771564135970889,0.39846446159085835,0.09801825380501716,0.40086351815791155,0.14754917432497958,0.3985002144303591,0.04695574141694758,0.3985139646583554,0.037246315344689584,0.4011092205480294,0.028383416880003454,0.39934791755500576,0.013237017246679028,0.399468317945933,0.01491637223604908,0.3985955629427689,0.040652670308132854,0.3985252710069145,0.047235646551331834,0.39910754938200194,0.09406237907751858,0.3991823124587433,0.11214381892419756,0.3991999203108336,0.1639754055881424,0.40255073503828964,0.03761816564833986,0.3988920869385039
Cheshire East,E06000049,2031,0.8567941869263249,0.40568588249916476,0.006769468991598901,0.3984714294638408,0.0008841044818980069,0.3984642396462829,0.056907610664841624,0.40371617463416976,0.0017720547331572037,0.39846659667833867,0.004675845004296492,0.3985018732613022,0.011573092866662305,0.39891020445597036,0.0048581408600304465,0.398554764961786,0.008341618435935338,0.3987389949014439,0.00553583157472104,0.39865750353707735,0.001664677163774362,0.39846535843679215,0.0010950496953898575,0.39846749562398665,0.008835454796626618,0.39884908875438824,0.0031607179927107543,0.3985157161275863,0.006131232668718872,0.398552160034073,0.006611719910977476,0.3987421170773273,0.0026183231777431037,0.3985050895112576,0.011064635367805886,0.39960816746260563,0.5060332240123839,0.40086039453463057,0.3336693469769478,0.39848368762040104,0.11524289882402283,0.40022878569499093,0.034354505937548296,0.3986993705644762,0.01070373056826727,0.3984644537462198,0.19585159567216692,0.4053419320171597,0.23186519117226245,0.40406909762826176,0.14346408184736048,0.40037373377366337,0.07360350802405158,0.4034848491903642,0.07576865944248556,0.4031176681412245,0.07333339333520583,0.40084255459794405,0.061241173353881795,0.4005739205261259,0.05707232603059498,0.3993452767177842,0.0882983934585333,0.4003632447670129,0.014316338079111498,0.39846435509950157,0.0009154605925098397,0.39848109302312573,0.07607569174575168,0.4048281337297471,0.005159100527429836,0.3984856691265532,0.005570726316698235,0.39847000180933456,0.07879064565211857,0.4015225414926012,0.14885078915551286,0.40058715888823604,0.05030930917775546,0.3984842892246269,0.033869352831738864,0.4011350361964313,0.057650143638253715,0.4012144404810844,0.04329754413312248,0.39849406025901374,0.01766143267975223,0.39853258869183567,0.08312711394750716,0.3986019805139613,0.05579810975349886,0.3992478261031138,0.04046628957128823,0.3986705882810188,0.0860863547377233,0.3992105987239685,0.15841034230153062,0.40400519261787626,0.04350540135307038,0.39854077571203644
Cheshire West and Chester,E06000050,2031,0.8769697293775911,0.405547738836478,0.007745700290195716,0.39847028292078107,0.0013263858294670083,0.3984707482872199,0.04590721871552095,0.4029371290065809,0.002398262057487721,0.3984701958108352,0.004624796382712931,0.39850914231134893,0.009248441709871269,0.3988683100549199,0.0026310791203233708,0.3985007516591007,0.008945173204029211,0.3989271156379679,0.0066380780568904285,0.3987852944916449,0.0014814013271948617,0.3984753112758874,0.0008375727832115321,0.3984671458433945,0.007705489156289602,0.39874007505097964,0.0037792951913674933,0.39855384782408126,0.0038991185205759643,0.3984845770146028,0.00483645849683767,0.39856896279590787,0.0026982819161587845,0.3985257390017866,0.007669035922266421,0.3990495259744068,0.4914970455330515,0.399062258777681,0.33467141940382583,0.3986925632618077,0.1244471008713171,0.39877887255197497,0.0380056157433436,0.39883717416893844,0.011386128715975968,0.3984722103170081,0.16379040349311413,0.40485678555309956,0.22933909789648244,0.4048948032354675,0.13969109027680848,0.4010473373501154,0.07198677725469116,0.40382361836454433,0.08102127379537949,0.40275842896171105,0.08593170922082566,0.3986329685368376,0.07198815800426583,0.40184239025407537,0.06378499563869378,0.3997929810677955,0.09290050410149409,0.4015189729834657,0.012916825666579694,0.3984687250894491,0.002357245435191835,0.39846787716917814,0.0746310176297511,0.40447673451944877,0.006743368103296732,0.39849449537345105,0.007491495606144566,0.3985057691183301,0.07554807185930379,0.4000439754873485,0.15283143506085106,0.4013651300689719,0.04541263264720197,0.3985961735583011,0.04721770601178221,0.40010356633824357,0.042498781496829396,0.39995502360198054,0.03941992952875206,0.39967486805280605,0.017867962805822812,0.3987512353264393,0.07436164623829622,0.3986095635526069,0.05562239050591711,0.3994259050952157,0.04920755479852971,0.3984644390687902,0.08928661899994861,0.39905623091979203,0.16039544782159965,0.4045763223118531,0.046158526228312485,0.3985376607742872
Shropshire,E06000051,2031,0.9121502532249703,0.40454821508844474,0.0047003292109748344,0.39846434471005465,0.0011360810775962685,0.39846441179656455,0.036139052107598824,0.4010347947725649,0.000783789859431552,0.3984643725318775,0.002300779753620655,0.39847921098576344,0.0074489297707602264,0.39880230007714906,0.002013566181578358,0.3984883156875642,0.00399562493816083,0.39848061843794247,0.0025509684074916383,0.39849865036991516,0.001307311114340945,0.3984726197756421,0.001106537540849703,0.39847182489955235,0.005548044917973893,0.3986210017834091,0.0017039376579187915,0.39847693023182645,0.004432477308032812,0.39851670055682076,0.004959931779736804,0.3986168308406217,0.0017837071206575628,0.39848447613110255,0.005598035020350611,0.3987798621073393,0.4677001025885877,0.398576173283418,0.3450671128382016,0.3987020069547564,0.13602463661382894,0.3984683743533244,0.03994138737663508,0.3984734949332506,0.011259891015581837,0.3984642339003276,0.16024765909779504,0.4046083766274584,0.19311166405556568,0.4039535916830427,0.1321233592880131,0.4017412281423454,0.0747691642167263,0.4027010874619324,0.12471991632353108,0.4031484551058362,0.09901912663761689,0.3985038397298462,0.07052363467577757,0.3984904385273495,0.05961182169136814,0.4006576639060566,0.08611477293219671,0.4029715140180584,0.045986426630365784,0.39918465057421687,0.00131842141483925,0.3984655481515168,0.07575795298802035,0.40344795732644645,0.004183954656108248,0.39846857337937663,0.01072300926186183,0.3984883880410548,0.10468127518293047,0.4021374315182926,0.13975455109688895,0.40204565573568823,0.03075388851930294,0.39930823742493626,0.03861941463978824,0.40106324469321813,0.03560242363832944,0.39945834669831565,0.016752231641464055,0.39857279334902634,0.015367616471710421,0.3985160446101584,0.05561763639919082,0.398649656428541,0.053022199115459356,0.400474629020628,0.06308766354245277,0.3988162781596036,0.088443380233723,0.4001070158844735,0.18223455720118853,0.40475744617766257,0.0382884493331801,0.3993622229989981
Cornwall,E06000052,2031,0.9150066391567533,0.40458733652049444,0.00475250628169846,0.3984758641223151,0.0013196295378974775,0.39846444526482316,0.03291314301880344,0.40035006591216377,0.0005917112374610022,0.39846427967084436,0.001738493732881749,0.39846452712935415,0.0011825017858754644,0.39846636662502144,0.0006102096417532343,0.39846658308424254,0.0035478442198502436,0.39848737369052945,0.001451420239361692,0.3984757165162964,0.00037228753909562123,0.39846565667655637,0.0004430158507009313,0.3984651112892412,0.005621702309722254,0.39856626108467863,0.002199764370791585,0.3984872691452604,0.0035748846364043324,0.39848554272649717,0.004876513709913877,0.3985729993673322,0.0006852354311096265,0.3984657581355947,0.018801339118625915,0.40133777145112953,0.46234002869652535,0.3996785355743962,0.3345581722293975,0.39849061192358853,0.14234745009520555,0.399007942311793,0.04595427717253303,0.39856731424221714,0.014810378660485214,0.3984676440144046,0.14010610132301338,0.4028383392474525,0.16991169066255374,0.40366647206754436,0.11971261624125185,0.4009066646119316,0.06825610571499308,0.40305745550011135,0.14261591823753728,0.4030622278072786,0.11740943864843723,0.4000833278789502,0.08145512486051155,0.3984715318105569,0.06508353418048018,0.3989361444022005,0.09542786232738631,0.40258516879669803,0.025498834976636908,0.39874853359654827,0.0028620528006833013,0.398650611389777,0.05029628964151556,0.403258941557347,0.004360066243422167,0.3984734842218311,0.008669228251665245,0.3984798972375497,0.1243975173236529,0.40396092123618244,0.14963865746143523,0.40153717589962223,0.032153535135851175,0.3988364177553444,0.0810948604223416,0.3997610893128918,0.029325076598042843,0.40009678907932644,0.007917360954118768,0.3991606429619941,0.017860782400000108,0.39865358299290893,0.053843739024480364,0.39903426343711595,0.0570523898916393,0.4004497455035897,0.04706676525874909,0.40107807619389446,0.08485884493406504,0.40018415148065145,0.1780270478181487,0.40460851359103633,0.04545261867334005,0.3992094756931386
Isles of Scilly,E06000053,2031,0.9273036619174873,0.4018403421051647,0.004224378822698556,0.39846561906815553,0.0009594782412817582,0.39847720238691775,0.02995314820738204,0.39899976026854866,0.0,0.39846421876526683,0.0009594782412817582,0.39847720238691775,0.0,0.39846421876526683,0.0,0.39846421876526683,0.0039156009050674845,0.39859011394364374,0.0014778656626170256,0.39847900243098705,0.0014778656626170256,0.39847900243098705,0.0,0.39846421876526683,0.0037059941269392063,0.39846625088908366,0.006354453907924051,0.398802329405415,0.0005956817860734709,0.3984725007317015,0.0034742340529163307,0.39852678844488415,0.0,0.39846421876526683,0.01554098944250537,0.40048657582225905,0.5106481126355624,0.39874794838073824,0.31682758661769306,0.40280253024110174,0.12089234771033719,0.3993407348867767,0.039999004808192185,0.4009787380894941,0.010578486404688558,0.39876243163016767,0.14430404248761874,0.4051735630209615,0.15732473393908641,0.405456008838595,0.13261951896064073,0.404597720728918,0.051072838065906456,0.4037786934807812,0.1466006809303,0.4049965383732181,0.16028609864859877,0.40503913676027387,0.10807374937413528,0.40546314839926373,0.06253312598226235,0.39935159999344416,0.03706848845718902,0.4058440517050714,0.10627828557410535,0.4049466418723316,0.0,0.39890689124631573,0.041295024581212925,0.39983987708386387,0.0061915966569274505,0.3985008985677005,0.016679122499112742,0.3993350738073056,0.09280719607958354,0.40189997287284557,0.11347440436329381,0.3999426703925718,0.047735149872246474,0.4050783433392181,0.12645925701536065,0.40594546214416416,0.008997348349589984,0.3986491152010835,0.02052478094705723,0.39980258533431057,0.025348599563035923,0.39868339967058386,0.012061931655578118,0.3987675831486671,0.0680876853414123,0.3993926928904379,0.07700903828231453,0.40131934941070574,0.06246016214999539,0.40166262835848554,0.10854833237055317,0.40324687231750406,0.06686205837746328,0.4015909268354648
Wiltshire,E06000054,2031,0.8676701699465701,0.4054760653189435,0.005098135273344309,0.39846424455484614,0.0011851899196527113,0.39846673456765386,0.04666167969031987,0.40201830118760074,0.002381014196181544,0.3984818277856481,0.0032757573279638824,0.3984712663257109,0.007666257052530712,0.3987270328443827,0.0010863963459505077,0.398469819542737,0.014878025039381626,0.39953892970308513,0.008606082459325148,0.3988846011421066,0.0037645516850597083,0.3984887858505669,0.00332699842777609,0.39851639134619393,0.007004604584031793,0.39863051520214043,0.0031322522021054733,0.3985067416578566,0.005517532044647333,0.39848946946554326,0.006507419941833126,0.3986630123093294,0.0018669316611214237,0.39848642364604475,0.009715623176966726,0.3993048784814629,0.4932863126625724,0.3987090211497778,0.34105391191742174,0.3984687868443199,0.12161685223862466,0.39846443464577436,0.03476808728853842,0.39858741644315177,0.009274058767321416,0.398468584397531,0.16590068765731303,0.4045490517357898,0.20463676149923016,0.4042322470442343,0.14946516705856713,0.3986505350229065,0.09590246042429329,0.40034608290806195,0.10314296471085127,0.40195954010129553,0.0882415682993703,0.3986213062477932,0.05777648238214428,0.4009425206296776,0.05812150459348797,0.3989340628321482,0.07722788345440934,0.4025516436527315,0.017743922011004137,0.3984690284818434,0.0008409800369677256,0.39846469279861385,0.06838820956145097,0.40226906399916706,0.005669578696919836,0.3985045649027944,0.008430950444521967,0.39849130980476727,0.08826504405604707,0.401003605481712,0.12627254612927707,0.4022866264553812,0.0341829302592859,0.3984918130898075,0.036503409567460565,0.400720130646609,0.048506063860071835,0.3989020229717027,0.029413417354874266,0.39854224943312455,0.017478735180734617,0.3986118652219262,0.0618551008217777,0.3988585482963201,0.05982526544603117,0.4008124197230717,0.11551945734945213,0.39941997062116175,0.0917370570657832,0.3985049172607284,0.14477081639747302,0.4042454557399304,0.04474471202947983,0.3985351612781634
Bedford,E06000055,2031,0.567683154971208,0.40605244327433726,0.008754809040612516,0.39851663580248636,0.001504566354638845,0.3984726790736226,0.1300565184595257,0.40502782008070964,0.02786007181104244,0.3991698665110303,0.00246284811293368,0.39861387269257775,0.057124358915839446,0.39887803632322594,0.03625721423077288,0.4008799042208664,0.013338457463469483,0.39851842118469305,0.04121541065616663,0.40253589924293576,0.016808924395187497,0.39848603143557293,0.008674958068118743,0.3987714964395908,0.014418353678518514,0.39890608374210584,0.006373911982469838,0.39856200972783934,0.023952228462919556,0.3994209872979296,0.013437889839852168,0.3990795498571508,0.0038869428419161522,0.3985089915832124,0.02502901570349625,0.4018447794642296,0.5071043985949104,0.40427217820238376,0.33977358571178895,0.40184006482204915,0.11128400921430082,0.40066463174185046,0.0331404595511014,0.3985444399726911,0.008917278231320533,0.3984759664747039,0.15033544042669256,0.40450492674623356,0.2217032315621026,0.404501659342588,0.1464304432714374,0.40245607765501135,0.06764478531675877,0.40470238680995485,0.08355629589096658,0.4030036676737656,0.08595061777473523,0.399120847770355,0.0639862023830926,0.40082066882497563,0.0658999628417668,0.3986117157755506,0.11472591562960965,0.3994370073108567,0.004941524665090763,0.3985425775565478,0.0005110636768162274,0.39846422012474797,0.05623358114244015,0.40328185079614315,0.005602366233160086,0.3984846496824412,0.003519253060010441,0.39874262386715903,0.10573216394299845,0.4034819278188092,0.16651024733789477,0.39871743296239354,0.06377915658511601,0.39912990863486303,0.042018523110596395,0.3985885502200745,0.047546956615201585,0.3993983882664926,0.028714078412641078,0.39848719303565305,0.018816778098736164,0.39889466806235185,0.059457813485449096,0.3990577016287616,0.05295030590558303,0.3986594964569502,0.05294565617879532,0.4000326804759588,0.09933457203040796,0.4012312500214374,0.15883070195772753,0.4039861441601853,0.03277163914728631,0.40006266022782583
Central Bedfordshire,E06000056,2031,0.7740630691330281,0.4059859823016241,0.011604768240039573,0.39847267887047594,0.0010956229044390559,0.3984728797360635,0.07961946782858664,0.40506843554072997,0.003015539410789414,0.3985304757188977,0.0038034496338870405,0.398505601923025,0.02173370551333398,0.40005449304140095,0.007105442706931364,0.3988526493545807,0.009071262076872061,0.39851813169386513,0.01858524325820743,0.3997818416432668,0.009696592348868216,0.3987854365119794,0.0049585223414692625,0.398649445941383,0.011606925537585022,0.39891608946086304,0.0053439187551238,0.3986145834472605,0.014092391495453938,0.3991156842540863,0.010212513432679593,0.3989835865593321,0.0019397774678962532,0.39846828048973254,0.011442003330319639,0.39956998688429163,0.5157018228278514,0.4026082074022735,0.33477382245863296,0.40191914423876185,0.11180112200871523,0.3985890800268426,0.02977446887193913,0.39846631210036,0.0080000215684157,0.39846610409777944,0.17563257597755833,0.40495213941368724,0.2210725883350806,0.4051220880341293,0.16085947857418947,0.4018353089540157,0.07980908036615819,0.40462721013531183,0.09624148141803124,0.40336194252562907,0.07697784507950933,0.39968528045395996,0.056205030213307694,0.40075153783641176,0.05438264295838868,0.4005028012808692,0.0792679158645262,0.39987171105875113,0.006671599273716264,0.3984642218195138,0.000261788034565176,0.3984677911523248,0.05415433000222247,0.4048058616478696,0.004882535786847775,0.3985262639531756,0.0060477687119963805,0.3984685711545579,0.12934532565830903,0.40376193185397785,0.14305099601090143,0.4031477267898835,0.05087706501832279,0.3985657126338847,0.040334996505623055,0.39851010969971695,0.05032577839696195,0.39877499895971946,0.02721588644785189,0.39892082886565444,0.02062852623467648,0.39883538917573247,0.05977180163752693,0.3991628637320229,0.06419381331892882,0.4013254587561388,0.0655384213453116,0.39856908778457756,0.10221761511871863,0.3985473950452658,0.12893784503829497,0.40379962760875504,0.045465409456941774,0.399048078589064
Northumberland,E06000057,2031,0.9501552707786933,0.4021378520418105,0.0030358745757247604,0.39846647852303463,0.0006028627102085161,0.39846438730666844,0.014987606833338885,0.39887929052392485,0.0009504617653729456,0.39846422284746025,0.001814729798722138,0.3984663062390893,0.004389134566203184,0.39849252108121813,0.002082235998115356,0.39847753132001157,0.003343319318005855,0.39849096808943013,0.001866882152054078,0.3984864495766456,0.00041216576293365455,0.3984642561382055,0.00035983406585241365,0.39846518633653866,0.004435265908118019,0.3985489006248728,0.001999145744285641,0.3984869888584311,0.0012212262519226136,0.3984665737494755,0.0028695932683679426,0.3985121615140177,0.0014239546580487872,0.3984842735695586,0.003946370281388389,0.3986162454850608,0.4355155918033182,0.3987161606715479,0.3485544793955025,0.39885202507609435,0.15476259880251497,0.3984795288545746,0.048129438590650137,0.3984903796315371,0.013045195417311237,0.3984721120198989,0.14183306879447244,0.40414625851643704,0.19577039152202813,0.40445664418380495,0.1272993148681114,0.4002699297482792,0.07608710938927077,0.4043361151007662,0.11108602510441812,0.4015297376998397,0.11309374947564954,0.3991114757040058,0.0842831889044959,0.39852535294334474,0.06423711138794408,0.4003912728987192,0.08644298780179094,0.4025656468063758,0.02890967495980823,0.3986297608596173,0.006251216391538181,0.39847859170987066,0.06129949371174792,0.40357906994469905,0.010152164569981692,0.39871893742725084,0.007960390514970883,0.39847204384794016,0.09362167142918998,0.40065042628133446,0.13051935687351768,0.40092154988636086,0.034742396109516904,0.3991963008991501,0.05052957161808613,0.3995388487010791,0.0379976671875617,0.40034788314327296,0.019444562988928993,0.3987113516385011,0.01753483239940795,0.39857383347849845,0.05161110455575836,0.3984649877315892,0.05302909947037682,0.4006866998842336,0.07348004423349397,0.4013975477986078,0.08261440333364312,0.3990110060028063,0.1948190109504595,0.4044930652212637,0.0456077837806822,0.39859086159358836
"Bournemouth, Christchurch and Poole",E06000058,2031,0.7635290760381785,0.40597819848194344,0.006683290395279529,0.39846568824866574,0.0011782159658316731,0.398464329767275,0.11320538975373218,0.40540124645142783,0.003867016890202163,0.39850323647669517,0.00568897550570821,0.3984951297003614,0.015012503493905038,0.3990605785639557,0.0021311487642595717,0.3984881113394228,0.01227637197055656,0.3985289775430413,0.00989064766856218,0.39889996070263944,0.003169025222007932,0.3985087761146896,0.001728275028313922,0.39847999727214806,0.010006768736183835,0.3986857657572129,0.006712557407654696,0.39871704481317316,0.008890701360944886,0.39874713837617487,0.012096337397375478,0.3991724251650384,0.004613484581742738,0.39854545396327773,0.018503896830842415,0.40077166448854945,0.49170437619884355,0.4037826814300906,0.33441933658515577,0.4004595851710162,0.12407840153649197,0.4005948797376334,0.03877948552331517,0.3986436662768151,0.011210811754005512,0.398486580923747,0.1460581088788233,0.40362288176773214,0.22649056504994292,0.40538491459595816,0.13508755061019762,0.4000889941073507,0.06452419332980686,0.40491442692321494,0.0938292040175166,0.4033493825395979,0.11494504863056676,0.4010164753817124,0.0753965277860078,0.4021998519494678,0.05899313477321297,0.39846958126427023,0.08478552123764471,0.4020693578569467,0.0020969388934174455,0.39846439010931894,0.0012862437556334962,0.3984649798544906,0.04879783054436082,0.40430816072041237,0.0054320768333882,0.3985627156884887,0.006453133571713059,0.3984656798797049,0.09644916645242096,0.40108358959245166,0.13138540638669483,0.4043031112024108,0.03822369473097187,0.39861784112845955,0.05322391533365489,0.40054703324558155,0.04806191449272679,0.40068808633998,0.055272522088911646,0.401779359528485,0.018314856649274625,0.39846445475734144,0.05347497179987731,0.3985283171406466,0.05760886797703724,0.4005746972993088,0.0370945298530001,0.39914888023421075,0.08997128651955039,0.3985571956721886,0.21530503537253232,0.4056862515751119,0.04182410639999046,0.39972279101227665
Dorset,E06000059,2031,0.9217980747403796,0.4038794087432711,0.005497760986059891,0.3984758459543208,0.001663601127238807,0.3984652879347671,0.03257432644513991,0.40065511381799784,0.0011250413282958907,0.39846474060101256,0.0022003943270268306,0.3984643838839386,0.0031069883643219665,0.39849004724357434,0.0008685350444942591,0.39846732063783746,0.006178692906205929,0.398558600935724,0.0018972468880145768,0.39846956811630935,0.0008243813963827087,0.3984643343035858,0.0006607784805186812,0.398466185903389,0.005787006382386939,0.398589629796051,0.0021585649146875635,0.3984834186576756,0.0030109428962604434,0.3984712346446835,0.004382869310937454,0.3985541778959195,0.0008895913408616049,0.39846952309808953,0.00514338078315868,0.39873542044671006,0.44813775997424043,0.3984918074798764,0.3570168415443299,0.3985135273568467,0.14220155921503258,0.3984646618378359,0.0414175652702477,0.3985868502740878,0.011221352931749348,0.3984674436722149,0.1659718757401274,0.404709489904565,0.19018264715299615,0.403913228268697,0.13070076499434613,0.39944747821454396,0.08046696979245382,0.4028313766416133,0.12474600925060164,0.40313226787877976,0.10447936982533212,0.3986670933934374,0.06868872235359103,0.39879083388436004,0.05232028603965688,0.399476576514159,0.08268395468728862,0.40254680673382787,0.024729258836971288,0.3984642204460784,0.001921859209025857,0.3984662767203011,0.0577280144088248,0.40401525339971256,0.0039788099381439235,0.3984756820117323,0.011073510198584324,0.3986207234765062,0.10838816790813977,0.40181150098081175,0.13369098178964944,0.4016660236892308,0.027524098271832553,0.39891670675108615,0.05329149121249355,0.3995957679523789,0.03460583707660492,0.3997727663464463,0.024352367375295503,0.3985615610279647,0.018271762686739884,0.3984907548437703,0.056662576117149754,0.39857721096953375,0.05943361045502904,0.4015058247969424,0.06728143252184804,0.4017909429949881,0.09086236075907905,0.39959975241108625,0.1797028560175562,0.40510540900058056,0.04675519286122243,0.399221091032409
Buckinghamshire,E06000060,2031,0.6408868148775575,0.40608989406584245,0.012368461561336086,0.39850613498487075,0.0010401975257707703,0.39846465113763535,0.08026310843434903,0.404338657156946,0.0038700209096549087,0.39850555213710354,0.005818982836863093,0.3984724638808979,0.06474859993677207,0.40457449081242597,0.06461134568728832,0.4023211244274429,0.021825349857323983,0.39926803331812305,0.016536543607383547,0.3993861089757691,0.010254240791711458,0.39846422095660283,0.003914003881139577,0.3984908339604582,0.016117056200906754,0.3992726486701621,0.004669258433726647,0.3985513337510648,0.012382198811130063,0.39861818851855163,0.012844160005218597,0.3992391459384394,0.003924691954717147,0.3985342921336652,0.02258091544329588,0.4016984791865513,0.5423278608745608,0.4022192837849345,0.32574348479692494,0.40020394712803,0.10001086559563155,0.39907644256277863,0.025613623701092852,0.39848860527404556,0.006388743978054112,0.39848926836737264,0.21654720042665243,0.40543394707666347,0.24973875452496763,0.40497700210499915,0.1489707265199607,0.3985125597855596,0.07501121445316716,0.40432346010300085,0.08136389020956347,0.40246860232583487,0.07433892975667866,0.3994137636622496,0.0520607459826572,0.4012340769980391,0.04400872023779345,0.39886198548624574,0.05861358378239645,0.40139652567137174,0.006249151073733708,0.39847667501060813,0.0010952100931912179,0.3984657789103894,0.05748027319225457,0.40237762603625454,0.004465948335617337,0.3984965861328953,0.008771352437806634,0.3984720947701729,0.0993681419432284,0.4027548711909861,0.11147758200387248,0.4049275286375939,0.04141363814564175,0.39863533736440304,0.03190543806702628,0.3998191794959425,0.08769349715602925,0.4014459453923569,0.03851746105726231,0.39846578717223247,0.022017482889084672,0.3988825033402806,0.08037118907125396,0.40010836922611115,0.05911918769824587,0.3995278801282706,0.05175139965634312,0.3985351168316043,0.10545810543534578,0.39874465211458615,0.14688296226443498,0.4046450841164083,0.04594556647293446,0.3990463698183596
North Northamptonshire,E06000061,2031,0.7324393262204261,0.4060465083065233,0.005945104353220931,0.39855538099497856,0.0010418469947877027,0.39846425995492074,0.13280201760984767,0.405760605503507,0.003631866491845784,0.39848249066560537,0.002932502858302693,0.3984653122886654,0.02240733717584864,0.39869789261363353,0.004039566952794171,0.3985440760829053,0.008065942789206082,0.39864282624056396,0.029555624412687553,0.40202468115133877,0.007563950764053723,0.3984914499595595,0.007072716446286043,0.3988044105220732,0.00656379620971817,0.3985480536259597,0.005141934981802598,0.39858809639168025,0.009699707979730965,0.39855968021773375,0.006994926427296988,0.3986282658952875,0.0010379101180484837,0.3984647747167141,0.012303960673014869,0.3997288233590902,0.4667557804072131,0.3996608491886751,0.3541454614677291,0.39919431787110116,0.13069855312244236,0.3984998128924142,0.0381493728597237,0.39846422140686155,0.01026414399909864,0.39847312962678605,0.1357954274167663,0.4032628987245844,0.16689484100352603,0.4038629175437662,0.1177358698302271,0.39923124320685993,0.07870044513563723,0.4034874423270529,0.09479259779614013,0.4032419151123273,0.08477377657183516,0.39917109699273345,0.07086005677211782,0.3992285391866825,0.09178036686744817,0.40051336512081936,0.1587442381522468,0.4013853627508314,0.005568173709895902,0.3984792772717328,0.0004210635836962729,0.39846432626843886,0.07939858143877832,0.4056046297866514,0.004534923015104983,0.3984823965041975,0.007184602059229925,0.3984716548553007,0.10907434712507769,0.40363265708407015,0.21335528486506128,0.3998927970688301,0.0831532200578835,0.40151348944615856,0.03944350109171646,0.39851688726637113,0.031061343221107096,0.39866053299362486,0.020208393499258293,0.39894132900222595,0.010981002581555786,0.3984697204223465,0.04252043343810552,0.3988107221634292,0.054475942518833864,0.39884645766169874,0.03821643712325362,0.39927677310748255,0.07708552528840662,0.40034015028572845,0.14997322098858756,0.4044040907517834,0.03310732233154978,0.39908147991399756
West Northamptonshire,E06000062,2031,0.6615127683847852,0.40609964524362335,0.007541831660720533,0.3986022177128544,0.0010203147570722743,0.3984670755919958,0.14996538020882788,0.4058949526208824,0.01258357973641061,0.39861730479799534,0.003568590832788987,0.39850857144542906,0.027998954735943826,0.3998321230970244,0.008871903695332195,0.3986954986616666,0.00942135108715797,0.3986086987895878,0.048762775074935316,0.4035149252421499,0.008347293891606052,0.39846701500198445,0.008763059640044923,0.3987856210716651,0.007553953986621564,0.3985423895669783,0.005107933179003488,0.39850971376790273,0.011499414995491175,0.3984886910057903,0.009098499032304197,0.3987127412746221,0.0016726185399652815,0.3984644539370983,0.015878229812293254,0.4003098320053378,0.5058458122933827,0.40316926805888137,0.34268523521976535,0.40095937890575667,0.11179549785870135,0.399469996934596,0.03201067073416372,0.3984864093360604,0.007798896585530457,0.39850308351107117,0.14401966618639372,0.4026713561104358,0.1927097913282485,0.40397217021235543,0.12671705438165787,0.3985765688340361,0.07020022733445241,0.4050972484733666,0.09269019714079585,0.4013984818467811,0.0777588389902879,0.39995154653357234,0.05921741979854023,0.4010477845981203,0.07918548758806743,0.3991313108233175,0.15742531496260925,0.4032811594889238,0.007542566220442748,0.3984836127222713,0.00042806301109243883,0.3984642217303637,0.06990106994347789,0.4039501554819852,0.006654693696049735,0.3984985754842276,0.005901706223163425,0.3984658597050255,0.11807481908918849,0.40466470152616507,0.18049780143446278,0.3985040157052927,0.08531583799359344,0.4016157649324621,0.032055510507055684,0.40034606060145944,0.03935055315299835,0.3986416759937137,0.0327488535634215,0.40086997096842847,0.012334107494987201,0.3984956383135298,0.05214376388543662,0.3989179784689712,0.05715170154590643,0.3989787980562928,0.04022353108608434,0.39924294313220715,0.07729977280493316,0.40097353124894275,0.14132921241776897,0.40304722368129164,0.04130621031477899,0.39902016634561865
Cumberland,E06000063,2031,0.9369518706293696,0.40319736742865286,0.0031095250456022825,0.3984642775851714,0.0011085934108900145,0.3984653988841011,0.027574156512253145,0.400050757717676,0.0007990570911462908,0.3984669896211761,0.0023084873239601848,0.3984642367360853,0.0029957053174763243,0.3984847579577421,0.0007872920692265652,0.39846422517768126,0.0043686182007385,0.39851524673308875,0.0026981843765930824,0.3985182712083962,0.0004731294237418915,0.3984651341853268,0.00012554512425272477,0.3984642293952892,0.003920266448615345,0.3985370960515307,0.0017107508525292109,0.3984813526481773,0.0014382841377404997,0.3984642311223303,0.0031220663818822547,0.39852618755220265,0.001902308946960557,0.39850305371113226,0.004439272267625638,0.39866585095745594,0.45365302508947686,0.39899665347241703,0.3369947251929304,0.39928868118073135,0.1495075528298236,0.39876555892741733,0.046368260629354174,0.3985698912068955,0.013473817410814042,0.3984651310371491,0.10956948387977983,0.400956743942412,0.18265938548357674,0.40503356132842155,0.12485418804149884,0.4031578787526663,0.06671119428421202,0.4038687882722068,0.13277082718934263,0.4019046186126576,0.10447220793527445,0.399170754808575,0.06876752560533994,0.4016994064155594,0.10033437823441327,0.3998671198040213,0.11011666050659108,0.4013283641477834,0.03448244191370242,0.3991399712478959,0.0011969219823672883,0.3984779327792936,0.024644939085430195,0.4059783447534502,0.0031233157167502856,0.4001832164274267,0.1304273473939208,0.40595243119911184,0.11044930022553157,0.4021419070401613,0.1265219315391315,0.4036575501570945,0.04768140874528351,0.39846447677208674,0.05417824447711128,0.4015106698658212,0.01875702612489083,0.3986936187991646,0.009649636531379346,0.3986866191846687,0.008786311216941733,0.39857873949070316,0.04018018496468351,0.3985372798517017,0.054630132015167865,0.401093267977677,0.062470330603446256,0.39850621430470445,0.07567236818598538,0.39855395635561197,0.16367724218546442,0.4044251215278343,0.033559453775292014,0.3995267794079784
Westmorland and Furness,E06000064,2031,0.9281385047526132,0.4040691320729392,0.004116933748405549,0.39847665688371675,0.0005168094329466421,0.3984644133024701,0.034195976131407235,0.4011618594480661,0.0008365048262830022,0.39846474456914865,0.0021128182776938564,0.39846499919868456,0.0029520243211011293,0.3984835846697922,0.0007954102180603231,0.39846623871094927,0.005028643510722464,0.3985599881631308,0.002682326180141109,0.3985161536874434,0.0008949848862203486,0.39846826699544313,0.0003532851424935188,0.3984651099992518,0.0044413568829207994,0.3985535726897713,0.0017241534572663558,0.398480411547024,0.00196236471456121,0.3984666838871902,0.003665429623966515,0.39854692297558464,0.0010605438935471084,0.3984706383208211,0.004278193597855251,0.3986534201722276,0.47290447712696104,0.4016846796955745,0.3510634779409666,0.39875369268911753,0.12815396398364087,0.40072743752470114,0.03754253543606423,0.39916698202431605,0.010362077507384188,0.39850365194451004,0.1388261153314878,0.4028501268541399,0.19106251600408752,0.4044801612396776,0.12309808773519482,0.40289886027906147,0.06078864186337629,0.4038252090239372,0.15116584199044025,0.40193200994157136,0.09512299424308379,0.39857303684283674,0.07177804716574943,0.3999704802076975,0.06358963120792094,0.3994917775788922,0.10483325186358194,0.40084028480401496,0.042359312079578326,0.3992103464441916,0.005641845731961345,0.3984819479542431,0.0875679644787688,0.4034966564303813,0.010621283448989993,0.3985995858832282,0.012978915778528721,0.3989806850735505,0.09793918307779403,0.4000238722364568,0.13371545630148107,0.4034841200610664,0.026461510008207068,0.40009806797610437,0.09009460450491447,0.399990227414189,0.0238353038359419,0.39914521652064655,0.009969223221979684,0.3989306664099001,0.010970507674916738,0.39847021768033863,0.04489648308701885,0.39846971416308896,0.05651145529287627,0.40193641671802327,0.08571037188548081,0.40415611656802286,0.07770879803765585,0.4012738892890563,0.1404977104844607,0.40201564337754986,0.04251158714931069,0.39902858207960584
North Yorkshire,E06000065,2031,0.921281263023102,0.4024011792725189,0.004721997915265411,0.39847200710105596,0.0008070547664482605,0.3984646543157401,0.03375368391601197,0.39959335610121544,0.0006137752459886223,0.398464554601389,0.0022280373207560905,0.398470519549819,0.003857684508370457,0.3984822796574815,0.0018702301450297734,0.3984662172056844,0.006128171211622319,0.39849222434579235,0.002457442072526391,0.39846428993392197,0.0011129690556272928,0.3984676266350087,0.0003609707898562242,0.3984707807143869,0.005035655988951532,0.39851992483592175,0.0020740001891794424,0.39847742475502773,0.0024615483776997786,0.3984652026087751,0.0037669861957267403,0.39850419891960265,0.0012206194547700819,0.398469715221637,0.006138181156920497,0.39879464006973414,0.47518110633723504,0.39851962949342806,0.3493483550272533,0.3987409530275438,0.1285888563265577,0.3985999028091475,0.03644783271153648,0.39846444367964284,0.010437891947646272,0.39846759911319596,0.17449776137921091,0.4047272737100463,0.1966979991310036,0.40428535600028803,0.13118726748095394,0.3984642996278597,0.07124994924209682,0.4033422409234104,0.12049542793995771,0.40216064553930536,0.09095764240494097,0.3984666683631658,0.06955312218421023,0.39853522246405904,0.058098647263014946,0.3993036869215915,0.08761695432718986,0.40216952330070654,0.03887209587947077,0.39861718444168115,0.0022268887316535813,0.3984928520911122,0.07332014539398668,0.4008348979020686,0.0066665934568444635,0.39848122723646034,0.0064040354577589095,0.39846705494710816,0.09593095281758313,0.40141566911106646,0.14322288063069655,0.40024762458581187,0.03516993078610154,0.39846878278169506,0.05495072575257143,0.40151655744700004,0.03589461092295765,0.40036363994139423,0.02308226338604169,0.3990037497514025,0.016158321769511985,0.39861507952336134,0.06847531067477863,0.39925809431629833,0.054256543057693785,0.40070650682646425,0.06852881135014632,0.4007670939035137,0.08521913736859599,0.39920050463120027,0.14835707196078562,0.4026831317913187,0.04334595560433552,0.3995101782461458
Somerset,E06000066,2031,0.8797894085919866,0.4054891135802518,0.004938129232190544,0.39847073390677645,0.00144690537812011,0.39846427628388953,0.061547420787859686,0.403880073861998,0.0015457873756984514,0.3984713689254594,0.003450605620476929,0.3984812031645951,0.008210161539320193,0.39897353744208697,0.00076967205026722,0.3984663297122258,0.006961539710315434,0.39862018908388197,0.004607438732017632,0.39863022467468284,0.00104299534581416,0.3984676631120613,0.0008965257479857658,0.3984707361965995,0.005865820386695086,0.3986074049915028,0.002999777176888957,0.3985084057578111,0.0031848955850520416,0.3984761736004243,0.004795642424359814,0.398584500078258,0.0009797021026731467,0.3984701731485042,0.006458882141843092,0.3988961611694269,0.4641106534373979,0.3993611375846927,0.35032200585766027,0.3985672606943658,0.134152990389089,0.3989871800001989,0.04023518615297243,0.39846468726644046,0.011187479715934059,0.3984664582187088,0.143651917674398,0.40391243063841015,0.1775040389532876,0.4034380394625493,0.12827009366772613,0.40174732467126784,0.07211854044304955,0.4034322154052761,0.12304465746614524,0.403029872631926,0.11121410878057847,0.3987228707714805,0.06786376351915036,0.40028143201315386,0.07413995887956026,0.39881011855781806,0.10232235412146928,0.40036338683500056,0.02448146591816134,0.3984680793567649,0.0014905520935484945,0.3984790464498038,0.07250284081591829,0.40448564466723347,0.008632358918100436,0.3985251993690726,0.011368013197157578,0.39856963385609334,0.1164614861754818,0.4038244456565997,0.1488827612380721,0.4029888960898542,0.038825756998067146,0.39852236149983206,0.04352026575817014,0.4009907568794812,0.030727123803164003,0.39901777786374304,0.014581822077510576,0.39867899052087213,0.01521553227063388,0.39859250487060394,0.05648104567176948,0.39867600518608387,0.05805085356769646,0.4012111255396458,0.05141404602789268,0.4002672023305074,0.08943042818176816,0.3993863142787177,0.17310674182794195,0.4046032114050204,0.04492536122530616,0.39857392166017513
Cambridge,E07000008,2031,0.3999603491612653,0.4061539809213821,0.011651626011078497,0.39855963082894336,0.0006337790318168696,0.3984650748352334,0.25320223819596066,0.40589842983415203,0.0244074471185598,0.3995683479532604,0.051215563079767934,0.4008279079040733,0.053460887793624234,0.40287666337245376,0.01449105230799519,0.39937536004990837,0.04259537080724174,0.4012275655054451,0.023929604341611954,0.40042168332223754,0.003957732405101194,0.39847489720933127,0.0038937079667467622,0.3985374722558376,0.028711316828218036,0.40112140515437683,0.00998707778183483,0.3989734773888466,0.009882423496067994,0.3986849318262725,0.020854266535923927,0.3998439746197761,0.008320477195422282,0.3984780411536049,0.03716361191066486,0.4032286737047365,0.5540224302316071,0.39912486777297146,0.3228837454126188,0.39860522443887264,0.09460680022142126,0.3985475486652042,0.022563920330943232,0.39893781389211597,0.005939079723460999,0.39851447811140833,0.12485159908662968,0.40434132735018424,0.46819529189052034,0.4057840886909617,0.12887138811177,0.4010386927698838,0.0387099931516941,0.4043300756667645,0.035439417636344395,0.4035305524648733,0.06405975511042383,0.399405180806988,0.03271375877311744,0.40372557855651614,0.032804434338062266,0.39850338597762136,0.07481627071844166,0.4034822497356443,0.0030629599321929935,0.3984821577325794,0.000728776693971353,0.39846456577576445,0.06107206185683656,0.4003595595609298,0.002929511095240561,0.39849309083162854,0.002552651482373533,0.39847598188702327,0.03414966594915855,0.39850186301202195,0.06665914494504444,0.4043441568268344,0.022740100848283595,0.3984893489733933,0.04062411877001093,0.40229422739969223,0.1230247334850798,0.4047181436943222,0.01394703194349231,0.39853335176546206,0.01014967118805124,0.39847512704511767,0.13973253804803587,0.3987576955877577,0.03671796507449568,0.3985219719706987,0.028751662899910907,0.3984909618136234,0.20048122161616844,0.403220675575395,0.17919218472490606,0.40522326725721863,0.033865866443790305,0.401025379634532
East Cambridgeshire,E07000009,2031,0.8323478360434944,0.4054564478312148,0.008808308354653988,0.39855304524561147,0.0031828188384504068,0.3984657697950292,0.08254071319325806,0.40298167781277605,0.0017235787903727567,0.39847256635819395,0.0043664169350036,0.39847581107748564,0.008402547124656656,0.3987569216099076,0.002108463373602043,0.3984751334643062,0.007238227136240755,0.39852936189171506,0.006996394272377082,0.3986395868549938,0.0015721446062266359,0.39846693680772904,0.0014048037050574452,0.3984642742260586,0.009596910201747466,0.398827420389124,0.0048650523749905195,0.39856284856014645,0.004680175381745116,0.3985168411362464,0.009463104008094747,0.39876851360466575,0.0011894226099983737,0.3984665008294283,0.008928083403787812,0.39907545989735965,0.47922271891396495,0.39936168869795263,0.35079047873946667,0.3984785313232733,0.12696477421902114,0.3989585804355224,0.03392712372866924,0.3985689987669724,0.00906723458436922,0.3984688480450146,0.1654481437642099,0.40449635966670133,0.24750188023556863,0.40541898301957313,0.15573457452648576,0.40425706001733713,0.07744897458669575,0.40391974070556347,0.09484435272015412,0.40403901139355647,0.08546408385053206,0.4006983990005104,0.048083444468236536,0.4017725054025165,0.05029085361631447,0.4027491287209277,0.07576250655989392,0.4002623329558921,0.02475895119133853,0.3993939999456125,0.0020936928520731146,0.3984895933347334,0.06908847741369861,0.40407946631850833,0.004603311680225458,0.3985170131675348,0.005622298375341561,0.3986035407548603,0.09965925331877179,0.3991609558750902,0.11008793550958051,0.4042161116970933,0.03383036992344324,0.3998232980013642,0.03257661163860831,0.39848734064765723,0.07562727707409289,0.4036111429276159,0.015666181750438435,0.398901703775359,0.015339245944791607,0.3985266645828657,0.09953593579207598,0.4000860268583812,0.060343889459820055,0.40225265671717125,0.04378156634669239,0.39849124091782984,0.13585536841469725,0.4023933213222991,0.12969759354422727,0.40241561628177125,0.041673301982374955,0.4024138618664864
Fenland,E07000010,2031,0.8140355894007225,0.40580752356635025,0.004373531136218443,0.39846532253118916,0.0066478975149811825,0.39850704446031815,0.12088193527778923,0.405381850597035,0.000722507330508292,0.39846424156739635,0.0025215755229976503,0.3984652078973862,0.003652695526452497,0.39846511797189615,0.0009726719430988053,0.39846540932120855,0.004873152684167686,0.39848174619828647,0.0065537522395013315,0.3987160592757155,0.0023940296327174607,0.39846697139074255,0.00164808140659585,0.3984701976477864,0.004658217445535462,0.39851421503505524,0.003172866958947057,0.39852496032523144,0.005016694909423441,0.398517102502153,0.0051341255835699595,0.3985597090484925,0.0007922419487682852,0.39847068335921715,0.011523747193641687,0.3996708662461436,0.4108192837127447,0.40107049546322443,0.3714380512646822,0.3990887523522468,0.15203162754913313,0.4004155209494441,0.050629581999918155,0.3985479437251274,0.015118154110775384,0.3984978052767701,0.12119692913155689,0.4033376699757157,0.12836096481307457,0.40391297018809963,0.1211964590318857,0.40250925006177846,0.07366473913043459,0.4031254865263641,0.12043080622613367,0.40212238313105203,0.10462697133064092,0.3984948175438877,0.07202227653174703,0.39878145771395446,0.13669889287636527,0.3991993026810949,0.12198616913008387,0.4025321950171438,0.02217916110619167,0.3998335504572797,0.0006225231309675253,0.3984642306093833,0.11847715628717248,0.40421951152372476,0.008064089797272245,0.39881327718181414,0.012626450545552614,0.39862799710858154,0.12087225077614994,0.4025459673384724,0.17049288857787753,0.3985017078985852,0.06407800619003079,0.39906213232370064,0.036045284900162206,0.39851724811459144,0.028559599330475027,0.39955157043158646,0.014639898399788298,0.39915322479432136,0.010455661996110227,0.3984838785068623,0.04614481527137548,0.39880774277911246,0.05747345678359411,0.39870546825816644,0.045364253282029976,0.40134377413642003,0.07447027530795979,0.39847616726988855,0.13328869652331132,0.4028170269319767,0.036037129807983376,0.39851522496426545
Huntingdonshire,E07000011,2031,0.8094414115255315,0.4057623156487576,0.0072061884068782694,0.39846833312129176,0.001773397225814842,0.39846843244138963,0.08180289646196526,0.40414803901129825,0.002534658787538273,0.3984672582048362,0.0041945338124242115,0.3984733025483755,0.012986742797883366,0.3990036015789301,0.008028451410255516,0.3985284675279244,0.010882458098250614,0.3986969589578016,0.014325957945373613,0.3995201648735003,0.002818620193006327,0.3984654861393656,0.0023051228090469993,0.3984649187687394,0.008895309892229919,0.3987243682744588,0.004894210873654159,0.3985730777118127,0.006960016538006153,0.39857270161332686,0.008986627067895603,0.398786391055938,0.0010641966160613893,0.39846536971526103,0.010161708633603106,0.39932897650063676,0.46999177625676714,0.40136844068243305,0.35738485356743305,0.39847011890104383,0.12735412300377513,0.3999381848992654,0.03631782058743971,0.39885858416700426,0.00891767603661283,0.3984666006534845,0.16496323347562303,0.40450812756594756,0.2343846147614066,0.40547481949985276,0.1555282671592566,0.4009812547221192,0.08562920704157051,0.4040187368297601,0.08486382596437236,0.40348105997574185,0.07567134807140619,0.4002925144697438,0.060807719308295205,0.40016735672081005,0.06505066636835322,0.39975745573175175,0.07362654057784424,0.4021379942487642,0.01262315411628362,0.39848074333608663,0.0003664602601268774,0.3984687448684275,0.0792958405231996,0.4046275963313284,0.004796274190169231,0.3985078601980999,0.012531724202863803,0.3985423112263412,0.10212312105320276,0.4028654172518775,0.13166388549239816,0.40274300186543804,0.03833228380213624,0.3984761282939807,0.03456338479875942,0.39929005912056187,0.06297127241683675,0.40174251708409253,0.022506533224945002,0.39891256151998034,0.015385965813544261,0.3984658465047253,0.07239761457567565,0.3984974362580314,0.054648564206067785,0.3992985236847142,0.06872626035755647,0.39986703616980845,0.09854285984347877,0.3996830806647161,0.15228357770968293,0.404408032551245,0.036226540805346374,0.40100973919261984
South Cambridgeshire,E07000012,2031,0.7186771336068833,0.40606518859939045,0.010452941886023748,0.39859771063922483,0.0026454047789267743,0.39846955765649006,0.11513087254205345,0.40546429342415763,0.0036908132790992865,0.3985340133435501,0.01603038508263943,0.39928815437103377,0.036818134136363145,0.4022078820672138,0.007386764477366803,0.39871315886594033,0.014321043253261445,0.39874250237334175,0.012445720069755195,0.3991620823522355,0.0019198248856184263,0.3984661786094376,0.0019131913641700915,0.39847303708109477,0.015819216823962146,0.3995035292495881,0.005534449383279294,0.3986552412253394,0.005978220138552648,0.3985362247757091,0.012035875432691134,0.3991480917216789,0.0033825773779597723,0.3985039839822845,0.0146595338636073,0.4001222285281367,0.5195896372449786,0.39880826062865016,0.3352810671101429,0.39851127578671,0.10869691396999165,0.39855408732081077,0.028032015630983953,0.39858111655468265,0.00838677437219379,0.398492697370675,0.18734047429351186,0.40541610745250134,0.36411380830206674,0.40585362772266825,0.14136646438389577,0.3997919784860782,0.06182650910952425,0.4047773612852963,0.06657644538938268,0.40427508926807987,0.06229427026601142,0.401825501510028,0.03618116945754668,0.40234248930780453,0.030099828450981247,0.4010019972340343,0.05096853027387782,0.4030051061016298,0.012305743473183937,0.3984642782511075,0.00035171872469316745,0.3984676768330977,0.07682715048337663,0.39971851557136556,0.0034608977547438136,0.3985106604541736,0.0022769584062222736,0.39866741325749827,0.07579663385301438,0.39941606580994676,0.07598583717332019,0.4051166145142893,0.02293149206428058,0.39892586459620444,0.030077365988602778,0.39905735021893396,0.11172599221860047,0.4048972594477452,0.017529144554739418,0.39881332789975527,0.012590010495605292,0.39849427143253624,0.12093851855386922,0.39846652086134327,0.04507141828436423,0.3988069308433438,0.027045102495676154,0.4018967988015106,0.16555896801431347,0.40026972953598866,0.15997962708845614,0.4041184910989856,0.03969517283089119,0.39888596226367623
Amber Valley,E07000032,2031,0.9361746765755523,0.403252304471923,0.0036769699202263383,0.3984646644498952,0.0006815622236909236,0.39846568138797406,0.02375349806200755,0.3998806252264568,0.0004906650872315288,0.3984664863997053,0.0028088730249812427,0.3984833627222849,0.004444117203602341,0.39847955389409706,0.0011142198201805134,0.3984672083612557,0.002634340984191366,0.3984738786117425,0.0018588156325772404,0.3984750860186995,0.0014857168924766878,0.3984696285049816,0.000597897593949924,0.398466227405085,0.0050559449257273625,0.39856974050465666,0.0019014793717593709,0.3984825717559317,0.006191247624008467,0.3985593768142268,0.0032509275270708182,0.3985141423745518,0.0001916960336769808,0.3984642306905248,0.0035104281587480246,0.39856725731388315,0.4484004552362597,0.3993406939767612,0.358889340990896,0.399471748764595,0.14018541229629278,0.3996192248956776,0.04153090292733885,0.39893978568436944,0.011059010532401353,0.39849795010687084,0.14547593261439262,0.4042132912559094,0.19799441367845017,0.40500336126889674,0.13705141179830216,0.4030435160547296,0.07445001421072872,0.40377769825465304,0.11849385048423366,0.40163909758015337,0.09049977535828918,0.39846911388739176,0.073489854296211,0.3984648051173072,0.07175267988199607,0.40426322203798165,0.09100313159293894,0.4027458882532268,0.006709795205563599,0.3984642660127344,0.001395440751693608,0.39847273726580984,0.0995949377477956,0.4058011554659888,0.006906330418485557,0.39846568061566223,0.009251244781033924,0.3984845620352805,0.12636508462247198,0.4039290811759274,0.14739378170709405,0.4001407735643828,0.05721030608155098,0.39981063153143115,0.03657167148197027,0.3990583940807322,0.03344103798224629,0.3999535776650961,0.00986371949890641,0.39899329848571324,0.012500469987542971,0.39846698663598057,0.050329688659883576,0.3985279698811356,0.04899129354983067,0.3998211812812239,0.07135775461718974,0.40170280880334447,0.09216870400830274,0.3985186396199677,0.1468324077734655,0.40313044412151233,0.04254093100718541,0.3984810461154267
Bolsover,E07000033,2031,0.902179890975888,0.4053550362492593,0.002314729160200639,0.398465561261052,0.0015127500073509742,0.3984700510023546,0.059601087267012076,0.404724657383884,0.00021791144095441306,0.39846449097664116,0.0016074802571303531,0.3984689773865406,0.003882596197110025,0.39848299109243634,0.0013951978925373643,0.3984703124405661,0.0027930156841300055,0.3984672059715859,0.003801217760662251,0.39849565182694474,0.0020733617184229836,0.39849185829311795,0.0009977962760573805,0.39846717250028724,0.0029251560765932716,0.3984822971150978,0.0016985605650952779,0.3984748512323475,0.0038978368511277325,0.3984698020158653,0.0031191807806539296,0.39853102340373464,0.0010060588605452364,0.39847775446252637,0.004722025760143578,0.39874385651410815,0.42788785449715716,0.4018604658557795,0.3501369679489028,0.400778058945918,0.1517109000773127,0.40166784478394857,0.05295370960975743,0.4007608469489634,0.017394941011686232,0.3984770332600624,0.10557483509228394,0.39960560647184284,0.15338638246652625,0.4047100361027342,0.10949359328138786,0.40036416976738554,0.07630757203008587,0.4029713691391997,0.11130306255636135,0.40226051207497004,0.12025529452076578,0.39974151095808186,0.08635961846310641,0.3987411547226622,0.08900934010383699,0.4027259792667889,0.14836990711207376,0.39934360129941043,0.0045104683010752655,0.3985192489411504,0.0,0.4000710178224603,0.08782923505872198,0.40544042522125806,0.0054016510225742,0.3984642425571815,0.011602477710762463,0.39848354429941923,0.10655130982005812,0.40150768515008284,0.2202060978174578,0.40298862550249037,0.06689113433503313,0.39979867430125404,0.0331087589817427,0.4009611983862225,0.02558987738252083,0.3991069580386055,0.012055540608850723,0.3988162028760966,0.006808933264195571,0.3985432565615419,0.030835857737435246,0.3985354471955793,0.047331230106308075,0.39877693439791023,0.06192150134088581,0.4000580729483057,0.07754155588535092,0.39848512434658123,0.17296610523072253,0.4037476537996276,0.03187812507232213,0.39983795237034125
Chesterfield,E07000034,2031,0.913002856309924,0.4040581300669856,0.004286793263550651,0.3984687681502785,0.0005243215497124504,0.39846741990874784,0.02608335217713309,0.4003954738422721,0.00010770733374534935,0.3984862612647389,0.0034747134458475376,0.3984642719128482,0.008367951963317133,0.3986508777053371,0.004792733167671287,0.3984990980218417,0.005476846125272661,0.398584814506712,0.004398854425374261,0.3984649458332336,0.002412612872599633,0.3984647751660591,0.0018398504550298234,0.39848091613998027,0.004223750969617801,0.39849416016372585,0.0026139080379300184,0.3985038671665674,0.006327668663912642,0.39848457228329953,0.0051115640753527924,0.39862411345849125,0.0010183916269275103,0.3984669560852789,0.00566976408106884,0.39878043815974756,0.4128847967888025,0.39869099593312235,0.3525310019802701,0.39953448304336925,0.1658117553096999,0.3985302464175748,0.05374015042709057,0.3989494194292409,0.015058977172613425,0.3984902303790814,0.11850611364766106,0.40304796626264167,0.19112573834107582,0.40479928740009286,0.11640243290577212,0.3995124783350595,0.07669975429848108,0.40420904589355666,0.10484227695586434,0.4007820269853786,0.12740228466889314,0.4009975895488697,0.08558284938337579,0.39956576027086166,0.07204731901111106,0.40157361516053114,0.10756977560860848,0.401339072794747,0.002373945157561554,0.398464236857595,0.0009703014258021225,0.39856163626974717,0.06470900979554361,0.40496068352132036,0.007024194816657392,0.39855853118608214,0.012506161811216221,0.39880478653073154,0.1061677640490366,0.40338088699738434,0.1773692550830464,0.3986962329213831,0.05273939552058715,0.39860726200084323,0.039692640515249344,0.39998887239750963,0.03646748479604056,0.3987933543131102,0.017832804219207132,0.3985828422173033,0.007552374174289472,0.39852562148317,0.04144928878236248,0.3985090235977039,0.04638178096958262,0.39872183713011705,0.06299548927600462,0.39926335987164585,0.08341770966815909,0.3995392950069363,0.20687198698974374,0.4046726345924712,0.03355809343183158,0.39990238269062656
Derbyshire Dales,E07000035,2031,0.9425633243718252,0.4027913400482542,0.005398767186564304,0.3984752678293282,0.0008424334346293777,0.3984698481569835,0.020734661428465917,0.3991788784446684,0.00022097286311889563,0.3984646020272307,0.001926801170489753,0.3984691487503663,0.0030847500974817976,0.3985058399147979,0.001608532302889841,0.3984667977611057,0.0019984143022290027,0.3984658431790515,0.0011201811574077791,0.3984702957005892,0.0014650781249527928,0.3984771857647533,0.0008841308445275559,0.3984698394802666,0.005629916582890027,0.39860620678875636,0.0013298437313986888,0.39846795287808606,0.0029645457815129644,0.3984824255625302,0.0036370275874920144,0.3985296488736475,0.0011588287433091649,0.3984788378376251,0.003284775502201742,0.39856975020815105,0.4797284112643331,0.39944287869549416,0.34293350875097006,0.3987004359608718,0.1314037077138368,0.39883600904382427,0.03602660060815198,0.39848533858947455,0.010052609182857282,0.398468270725567,0.19301189590337664,0.4051074119232779,0.21649468317425447,0.40272537985148044,0.12136885596247282,0.4018684938482705,0.07303113531791494,0.4023569842282524,0.12280714053705966,0.4032037983955815,0.07831866575551166,0.3985812421359029,0.05506867727714554,0.39856984093479136,0.06349283875309952,0.39968901331725676,0.07665803348285127,0.40359265311160253,0.04508913555263383,0.39970038164450006,0.008385917396470932,0.39858582530573466,0.07419824507699113,0.40433204521586896,0.003992601241321468,0.39847018645083715,0.008519291042951044,0.3985052182466967,0.10032799150737048,0.40090303451313203,0.11493995636756793,0.4024024696303306,0.03487416663601828,0.3987606621980495,0.06104425110019185,0.40031903789314405,0.03706308498007416,0.3999374485547917,0.012482696470645094,0.3986166693918076,0.012664631913963997,0.3986055938377818,0.06648732302921231,0.39849943744385524,0.058031504227724184,0.40216889758010976,0.0730949859911374,0.4022075027807926,0.10049156034667095,0.3998204026696497,0.14177548195899492,0.4032301882367088,0.04649573423262576,0.3996534099094351
Erewash,E07000036,2031,0.8977175724194897,0.40514725093067155,0.004313886197944081,0.3984734170492645,0.0004121706744588515,0.3984645512612116,0.03609187936577163,0.40236109894566524,0.000586305742756997,0.3984664662178355,0.003282016562556625,0.3984758671638781,0.00933857694210341,0.3985446213662561,0.0018303913954903356,0.39847936154492464,0.004196680017175769,0.3985292257125647,0.004976843374985496,0.39866976683074756,0.004150830977322967,0.39848266710578106,0.0014365387421680503,0.398472722609613,0.0066541394052897496,0.39870536747900315,0.0028336085681321954,0.39853150364588974,0.010733838964887887,0.3987046266606431,0.004543563409821316,0.3985794032799757,0.0007879334088193718,0.39846753428553544,0.005648095265121278,0.39877886568779514,0.4462361142793073,0.3989347956782013,0.3532118463010647,0.39847099528813473,0.143722419390524,0.3989186935464121,0.045408080495361436,0.3985160627396553,0.011386854837066446,0.39849071607306163,0.12280508263097412,0.4023350583868735,0.19482803193926568,0.4052954655018572,0.12694938985727378,0.40045587702431606,0.0823232439532795,0.40376406018467637,0.11316563693674819,0.40260900118048476,0.09358934033050781,0.39871680796967296,0.07551383565876613,0.40067834859438745,0.07455140345463329,0.4025383326091037,0.11652182151973983,0.39864200666023153,0.0032265781505966054,0.39846714756598217,0.00042653759704414096,0.3984715761094707,0.08634366720032638,0.4056651342225016,0.004886426845603753,0.3987656069339573,0.010063554607545377,0.39856312713123343,0.10663451232268928,0.4017995584096764,0.17856577252891456,0.3984654984692574,0.0684957101166278,0.3992387436574103,0.035683159736654035,0.3997404289982612,0.03774596078549264,0.39983168417548737,0.014481729536481525,0.39912502749223655,0.012414278205663286,0.39846762360817484,0.04469463986315109,0.3986398754530278,0.04870094465535457,0.399279524363017,0.05541230254920282,0.3990842100698857,0.10379042822423701,0.3993397918535677,0.1495372728717479,0.4042883891917411,0.03839489655622208,0.3984702994181172
High Peak,E07000037,2031,0.9370648544320241,0.4021325688644782,0.007483479619900507,0.39847631984399895,0.0003267432700413929,0.3984648821441674,0.02543544354993932,0.4001136696571286,4.487060272829763e-05,0.3984642787186847,0.0023543552676075566,0.3984645542457712,0.0014533278890886854,0.3984646512124894,0.000835678729872062,0.39846422590496666,0.0027583422281271157,0.39846424231429883,0.0016501329586274677,0.3984709959527618,0.000641138184768901,0.3984651810944755,0.0005768457967508106,0.3984666135638301,0.005138279724286987,0.39852111276975866,0.002326220347146593,0.39848075325026383,0.0037817851009273274,0.3984642498805355,0.0043557858139045835,0.39852999838146036,0.00029768224735382195,0.39846427915368715,0.003392714842321509,0.39856348696578214,0.4771966573256631,0.3985244509416107,0.3427597056108572,0.3985157389737224,0.1319359074232255,0.3984648412507161,0.03713413990227038,0.39863661999169336,0.010929773945776832,0.3984654257163525,0.14959074756147617,0.40410221720808737,0.2179791620954714,0.4044130576641095,0.1339298774397688,0.4012288348845509,0.06481124403075578,0.4041089563626199,0.10778690671554503,0.40144968941092507,0.09928367288687516,0.3984804035237568,0.06959692318636358,0.39847079034874616,0.0715136808010417,0.40147135108178367,0.08571794579030123,0.4015491327660247,0.012324373813419998,0.398570989468055,0.010801118489390735,0.39846906402487925,0.08383036018172074,0.4049677285585315,0.004665565524173004,0.39846571204627157,0.00606368319542127,0.3984658730438871,0.1012085706251602,0.402727986354912,0.13558949735499348,0.39931273311300625,0.03647474636602843,0.39980327347501476,0.04108399801029794,0.40011038747775474,0.046168595138023516,0.4016232611590424,0.021523529504474337,0.3992618932117877,0.011633034274685927,0.39849221092756965,0.07292311090010462,0.3992839289180726,0.05036491871008408,0.3999416314423681,0.0572461316543591,0.39949794192074917,0.10123425911412975,0.40062736051964737,0.1611673373844127,0.4033261425041232,0.04555196066574835,0.3984973587520197
North East Derbyshire,E07000038,2031,0.9458425072366246,0.4024490526470425,0.003324331923068455,0.3984703352660582,0.0001829391890703705,0.39846809489280666,0.018613411709784256,0.3998254464942258,7.258455904154276e-05,0.39846510553200265,0.002340235961980991,0.39846710084171605,0.002886343379218073,0.3984701492253265,0.0013510659713673184,0.39846854035617163,0.0039507701327674005,0.398549276437553,0.0017552619463530594,0.39846467573040895,0.001430461307448852,0.39847267335259373,0.0007613117600510227,0.39846946853047743,0.004737650734191912,0.3985328363622529,0.0017147837168814684,0.3984706423888245,0.005046905249277284,0.3985131101975766,0.0034040936655228005,0.3985328035525505,5.207069749184334e-05,0.3984659673110334,0.002423489801717277,0.398500020101672,0.4405053899244643,0.3998772631853124,0.3447922970595952,0.39853112689169656,0.15381623730865635,0.3988132607615763,0.04765971851812434,0.39895238347817025,0.013201155078142512,0.3985224697761751,0.14821215666685683,0.4042409212762802,0.200534296310658,0.4052507489795756,0.1262768620363146,0.40117483753602645,0.07527183684061178,0.40487966695568983,0.11406942298282985,0.4021678175573184,0.10239738801093845,0.398887501318239,0.07681858118557883,0.39905599240494855,0.062453783911982974,0.40301089909282256,0.09418740096577416,0.40058864980673475,0.008636018550597195,0.39846802620318283,0.0005154849799184902,0.3985864580611777,0.06544230171941923,0.4055207355548313,0.007326895319261839,0.39860528730096345,0.0079850582118288,0.3984665006165192,0.12174108143813722,0.4028018742234075,0.15595973056976598,0.4012574332959012,0.04860458642154625,0.39877659462202225,0.03909000474811963,0.39906260877045846,0.035043173917590376,0.39965489205542976,0.019619832150824745,0.399336150327376,0.009180595838785832,0.3987964371630646,0.04806395925157941,0.3984954632307872,0.05046141584422581,0.40016573988364323,0.07174209365865569,0.40106631977335033,0.09659038656664923,0.39857656882693254,0.17863229286853954,0.4047847930909838,0.0351700823573422,0.3996723151370157
South Derbyshire,E07000039,2031,0.8630081105278133,0.40566159338589547,0.004072766784712435,0.39846421947672006,0.0005847278145404977,0.3984646576858031,0.03794033979493827,0.402867621329181,0.0004922782963460368,0.39846707810892756,0.0030497293847270984,0.3984722867642876,0.03147125969079534,0.40055727577755,0.005537432145303389,0.39864788698429626,0.005737515585074626,0.3985377698452814,0.006766977508658123,0.3987939470355921,0.003301733416103958,0.3984823750803024,0.0012931685981903973,0.3984734069737907,0.0075813885809151715,0.3986556533127275,0.00266476078997277,0.3985112488034274,0.010062792556737143,0.39887658704162393,0.00435716934140401,0.39854144809995795,0.0011563022039554754,0.39847075801302534,0.010182229458456371,0.39933938028998406,0.4873576245138195,0.3998717716248659,0.34537950755242935,0.3984894752733796,0.12407549056348821,0.3990119469232961,0.03340461552178764,0.39882208607119657,0.009832118224875397,0.3984700429505205,0.1624689260590424,0.40450883218413913,0.2209900499969253,0.4053301925889521,0.13698085184972664,0.40153852218431757,0.07701214662609024,0.4036817283574748,0.08866543824562978,0.4040645374874598,0.08576103330295104,0.3985480649593356,0.06248447657498446,0.399467817340078,0.07594745686454507,0.40216350815052004,0.0900957281203334,0.40152642236030883,0.010672981261886316,0.3984855450036153,0.00037006395049887786,0.3985905450542795,0.10907462066627005,0.40539161160417164,0.005704530436862115,0.39851697559259985,0.007851255862485806,0.39846543192582706,0.1011800023811702,0.4023795657200923,0.15036914913341737,0.3999975588020802,0.07482844573383796,0.4000879936640482,0.03486441545493957,0.39947446482089116,0.034673929390469094,0.3994699878673405,0.01295945468889903,0.39896665359077976,0.013438425464800063,0.3986688931603713,0.05430602552738305,0.3984764002946934,0.045867399010169674,0.39867301267771443,0.047867719632638805,0.3993838649066973,0.09589451073301898,0.3984666831111658,0.16196612777895236,0.4044929204582195,0.03790401065921922,0.3988639132851132
East Devon,E07000040,2031,0.9212060004471363,0.4044859512143421,0.004931560741428524,0.3984671373104296,0.0012614879117447894,0.39846900090817294,0.035796765788794316,0.4016349600147179,0.0018453839564621377,0.3984883664054452,0.002433630083290214,0.3984743690148625,0.001955000261315464,0.3984654401918236,0.00032202660234635985,0.3984653003013089,0.005695227102586409,0.39855171543949686,0.002141957097867242,0.3985015183118989,0.0008467277093772291,0.39846632499820045,0.0004897171809593176,0.3984660629572666,0.005531603239376848,0.39857577249077836,0.002262428772646319,0.39849980203020524,0.0033133233612996638,0.3984965802943759,0.004747348923988648,0.39859732203295867,0.0009067365682247364,0.39847004565014,0.004009915731983227,0.398614657326161,0.4897967979098494,0.4050665369658366,0.34118684133372223,0.40164095852016063,0.12334925718386502,0.40309068842061707,0.03702594446995172,0.39857929812919357,0.008990783499294136,0.3985365923160648,0.16104533622030015,0.4043842543679907,0.19672887265510308,0.40465154350630955,0.1248012812222358,0.398563297622112,0.07537418312798305,0.4030483882781643,0.12096767565595012,0.4037352453328589,0.1040609928768686,0.3985911151653584,0.07718412381876633,0.39861584973336,0.05477266219653196,0.39850765251231596,0.08531594515051166,0.4020964418803305,0.026302550933812674,0.3987227262564814,0.00067751916107886,0.39846835111206275,0.03792200054402217,0.4028118360343652,0.005706976516700157,0.39857144335047723,0.013116875174288556,0.39874538194991854,0.1024093573625966,0.4012443099290537,0.1427233529503562,0.401890131280456,0.03541178105358439,0.39868602688844124,0.05673072486779973,0.4009360840673204,0.03550974895243941,0.39988013922320836,0.01538738538109774,0.3993088412679467,0.017172441842494557,0.3985550890028832,0.0713552575864197,0.39955086384960237,0.05995971326554295,0.40137587097369326,0.053136965008940606,0.4022811646547111,0.09922499570919485,0.3988755005512404,0.17957438050680175,0.4045732016812144,0.04781795023392188,0.39898992017822604
Exeter,E07000041,2031,0.7709401277790526,0.4059451678829374,0.0080099416158525,0.39856367695005634,0.0007411810484671717,0.398464251954438,0.09576576715281604,0.4051652955750099,0.005866635199264059,0.39867790363691996,0.013986307142561272,0.39858771531695997,0.016157884530517697,0.39930451234133973,0.0027801993601785646,0.39849133250273844,0.019482500705824912,0.39943002057737514,0.009413773228852729,0.39883465107418775,0.0010105501767003113,0.3984643009661971,0.001226312074941352,0.39847387388298855,0.013312830080709381,0.3990624005425543,0.005007711103342194,0.39856206870226824,0.004262706887753598,0.3984741943100489,0.01133878090630891,0.3991434151427202,0.00666093905214693,0.3984802224737255,0.013197640600188798,0.3997682927158415,0.5182666091977037,0.40167412277680486,0.32519778435724955,0.39937588260927726,0.11243323874780131,0.39911718766266224,0.034637404134796074,0.3985282238422968,0.00956215434855423,0.3984917988353923,0.11203698088197545,0.4032437467452399,0.3019008021064593,0.405933915234331,0.12898252446266278,0.40025536811950563,0.06444740711662345,0.40494402613341346,0.07754226066988679,0.4026442075986857,0.0971219483035658,0.3984646132381336,0.0599066919277913,0.4050519211659286,0.06359495966330836,0.39878317258214696,0.09471203739523837,0.40349663753405857,0.00424982999270597,0.3984767371851743,0.00033963399141232614,0.3984677545113753,0.03315603966173075,0.4008073045048502,0.002364669190709101,0.4001931567858135,0.012720961458233732,0.3985088742856378,0.0836084304024105,0.40061178440035794,0.12484799675485014,0.4046214376659596,0.04210046093691644,0.39888387484592946,0.041485737642871,0.4033278686737265,0.039717141914134446,0.39967128061291,0.012907788951457944,0.4001451515898945,0.011647176157847217,0.3986231732795532,0.07719312374856369,0.39992458945851583,0.04788531629569559,0.3987224881439165,0.05337606741426826,0.40028728003075975,0.15161502975501628,0.4036623481388122,0.22115846798848615,0.40554333368460177,0.04001760951760236,0.3995111910473125
Mid Devon,E07000042,2031,0.916888075626419,0.4045585278003417,0.004283638407111615,0.39847129473711274,0.0022794764963635777,0.3984827820631723,0.046979506282245787,0.40259125425617454,0.00034618208981663894,0.3984644044959163,0.0022440333990507468,0.39846434927381624,0.002548270969185154,0.39847995018330346,0.00026947921610080347,0.39846467358220083,0.0026172687769780295,0.39848047628493793,0.0006993909978887138,0.3984644351056326,0.0003110847101871171,0.3984643394509166,0.000218290320708814,0.39846425563064763,0.005479886181697868,0.39861587602197224,0.0020409827228638766,0.398482972325422,0.002967057720020594,0.39848691555325927,0.0048584423747121686,0.3986237141182542,0.0007353333629206565,0.3984708199039605,0.003972272545133659,0.3986250224922194,0.47665229928182906,0.39972637700000824,0.34255417945764166,0.4000680478852508,0.1307265378650978,0.39859028295693405,0.03860961901928167,0.398572744731167,0.011425853771547034,0.3985087163639154,0.15330397039131238,0.40462634310750856,0.17398325949535698,0.4029446229623606,0.11832856341661202,0.4011867866175063,0.07665787357645693,0.40272227056091914,0.12940647652990123,0.4045120342068376,0.09658114182166061,0.39847387270862566,0.07611671782471596,0.3985945957739325,0.08179369630902987,0.39847568054237814,0.0938730466358908,0.4012178372768079,0.050988460638124455,0.39961845265882395,0.0005511026112109269,0.39847104369852715,0.0795848356603317,0.40242579824802815,0.005107723581194684,0.3985137380596823,0.012143908452481256,0.39866690553233497,0.11010072511545799,0.4019272650331611,0.15524767373152581,0.40013000266849985,0.034629555482855734,0.4002089109786972,0.03917597828030822,0.39860460285241794,0.029878726021099977,0.3996399588332518,0.01505485477332752,0.3987020570589061,0.014292432419552817,0.3984729971186398,0.06045412581305713,0.39847726205761985,0.0522634779788862,0.4004403790201942,0.051983150269752816,0.3984652160692296,0.09627850991699893,0.39849895049670353,0.15312627846535243,0.403426836101649,0.039296608168778224,0.399265497542324
North Devon,E07000043,2031,0.9261946712495313,0.40378191012617626,0.004459721600767491,0.3984808472941807,0.0006928530454050202,0.39846485611375576,0.028945045744456444,0.40019346862374583,0.0009303527232258496,0.3984643533567418,0.002242111741459718,0.3984696334354799,0.0042479385631732924,0.39851773285594966,0.001104450793715392,0.3984663572894295,0.005506917272090961,0.3985236568239491,0.00292564273744092,0.3985353223633595,0.000873382921058697,0.39846444320161023,0.0010602963798393428,0.3984731007875763,0.005360577835891278,0.3985380694877934,0.0019412295814894426,0.3984825528406054,0.0028884221853406125,0.3984651040039397,0.005140837150244992,0.3986597068419726,0.0010067383114715292,0.3984660034577655,0.004247023188981902,0.3986179210823613,0.47179897200432885,0.39928451681381444,0.33400021507311806,0.39873804264197976,0.13642221045029523,0.39882785556950073,0.04485634598178066,0.39849457485637574,0.012906535350238751,0.39846457696592413,0.13777447537855947,0.4020575680572058,0.17375763151470025,0.4045737345367505,0.12232220563106444,0.40192165024970705,0.0706101144638911,0.4016697590795727,0.1436884129759548,0.4034479187168655,0.11439657061398822,0.4003492601862146,0.0672864277131151,0.40108754181905204,0.06977702596370328,0.398668325085793,0.10048330259703064,0.40309822074800145,0.05194396686349401,0.399397913558602,0.0010098620967966855,0.3984643815581004,0.07589302420839106,0.40377167616311993,0.003991164671961825,0.3984666632396335,0.005755400072504191,0.39848822172030446,0.1108957316060466,0.40284396229532804,0.14829571659136587,0.40240651128157595,0.022846770947390516,0.3989406481640987,0.06913018304037077,0.4032698502733617,0.028180387029445253,0.4005011585872799,0.00956584028388846,0.3987239116196516,0.013928320527699017,0.3984745769213688,0.049361766424450115,0.3989631193120174,0.0517274018268542,0.39917642590281593,0.036217373728165914,0.4018057931650269,0.0806491677993828,0.39956090405477507,0.200722658320446,0.4055541773807617,0.040249789880571485,0.39911326068448655
South Hams,E07000044,2031,0.9256635722786033,0.4037678016916881,0.005808565865858456,0.39848974069113646,0.0012760681049830136,0.39847183871197117,0.033910225402456806,0.400462887261946,8.387818457716856e-06,0.3984723995313206,0.0023229072503670317,0.39848115408756496,0.0025491715039610424,0.3984833780681439,0.0006383935090966478,0.3984676651885419,0.0027879147052360664,0.3984733239781881,0.0007263427900241985,0.39846454378430657,0.0009363131647257689,0.39846779539232047,0.00023794737838039523,0.3984643425447491,0.006102877803238538,0.39858357942402284,0.0015038597694715314,0.3984693306773863,0.002790172573465366,0.398474500194116,0.005286988764673595,0.39862878184653067,0.002452237738321983,0.39850068839965475,0.004776000360094845,0.39869813488741196,0.5073336868034581,0.40382489902254914,0.32007951299642246,0.40250095523898877,0.12175152468744743,0.39998498711948616,0.03904295923464031,0.39848075036308783,0.011883170691064177,0.39847337295700386,0.19291623733912733,0.40514388762395126,0.21989546764292855,0.4036458823683139,0.13158346937719356,0.39970199271099616,0.06809086659940222,0.4026905599675703,0.14243449502242567,0.40131018215178316,0.0699257064061154,0.4021597042011364,0.0656139718446038,0.3984747181015138,0.03844581114408363,0.39936192902005413,0.07150003723207288,0.40223377476519173,0.033891324868350226,0.39847788860837585,0.0019679024860217026,0.3984771401037898,0.04288564501477765,0.40341272715248944,0.0048346533525267105,0.3984772045010948,0.0050533374808246975,0.39846546282326173,0.11321241117156333,0.4029647705834877,0.1307996366620483,0.40101454444994944,0.028764218307650746,0.39868294434298546,0.05546388029621019,0.40199126787035083,0.03431366690282256,0.3993969103694841,0.014260845791078391,0.3985670494146427,0.021185225029636517,0.3985405260025268,0.07547823010569132,0.39987038051646123,0.05933852884116608,0.4011851379507844,0.056046853837192545,0.4001707337269807,0.10193725637984152,0.40026722727787384,0.16780270988233648,0.4039872552030737,0.05288988302059771,0.3984658173683895
Teignbridge,E07000045,2031,0.9365122696661041,0.4027861487705763,0.00450693455332226,0.39846760699465084,0.0009930448856044988,0.39846424502495803,0.028106025541539292,0.39998862228965193,0.0010134092158537028,0.3984663172641247,0.0009568098739576869,0.3985116000612416,0.0014883631000494595,0.39846458068594115,0.00036432465118500443,0.39846494956896045,0.0038767869061891447,0.398499088554337,0.0016137759744256353,0.3984854439967025,0.0003391931686281373,0.39846430785569664,0.00029119140087246857,0.3984645552090357,0.00578180928105082,0.39860483981886163,0.002059435453176245,0.3984887153304606,0.0025834244787196273,0.3984681938247537,0.005216726913356784,0.398603307918823,0.0007912313139847027,0.39846899931720314,0.0033740436665762874,0.3985587338310592,0.4618437698047366,0.4002111796378155,0.3491882040566933,0.39846528671922016,0.13560890260224578,0.3999298868505553,0.042733807737269855,0.39846571208588116,0.010646796311516243,0.3985129769130907,0.1485315688955211,0.40301304699904156,0.20837102935056429,0.40473064610272347,0.12957868321923538,0.4011060331968745,0.07463071170588753,0.40321146122675233,0.11986202999204165,0.4022135130473096,0.1074828022701811,0.39846426576012367,0.06547791824143578,0.4016962950783912,0.0621688198897285,0.39849729467738704,0.08412457817831775,0.4011965987080663,0.018713882768416457,0.3984944466933393,0.002099261855658563,0.39855613107565857,0.04622662557347068,0.4021018949069136,0.0051994409985972045,0.3984795237091791,0.011746644090756264,0.3986033882120762,0.1144575541992583,0.4024356505746909,0.13869485445892593,0.4040068219505498,0.03543696130754609,0.3986455885867929,0.05365089079052132,0.40032537003009183,0.033916617227349954,0.39988688658948107,0.012617394569885088,0.3994403876485123,0.01647651154398995,0.39846434113564355,0.06297592460601861,0.39849641449420936,0.05306525028199127,0.3999492116692289,0.05360811362668538,0.3992546786515987,0.09580461735614393,0.39864162328721425,0.1972660743082102,0.40489572835789667,0.048258435774944486,0.39855536638833483
Torridge,E07000046,2031,0.9510738168406161,0.4018092550653864,0.005125196893490586,0.39851075138368497,0.0007412017192436702,0.39846437353107905,0.020869152287246395,0.39943156759495146,8.860603803965972e-05,0.3984646647138381,0.0012663124263680992,0.3984712813036243,0.0013168879747618573,0.3984712528711242,0.00033064856388798775,0.3984653551128004,0.0031778776214631266,0.39851129871057345,0.000729929007885495,0.3984686085283614,0.00037984142263665886,0.398464548316916,0.0002849850839536511,0.3984647340193456,0.00533474594080241,0.3986222860267213,0.0010748403987619545,0.398465063951565,0.0021669363453839146,0.39846424337982334,0.0031309347273736077,0.3984921234336763,7.813921531667906e-05,0.39846656316712636,0.0027521735320454876,0.39853132334902036,0.44118207907999474,0.39893132251879154,0.3478738413204963,0.3984682427488213,0.1527622479717104,0.39849270517162527,0.045481433543141936,0.3986354086173759,0.01270290576213149,0.39846694665352717,0.13540346506044187,0.4036608198981691,0.13870680494481835,0.4026791837476658,0.11081608690664435,0.40329967503809294,0.07919008193771249,0.3996162490159025,0.15972644928290158,0.40523327310807983,0.12966611882122914,0.4000410993017418,0.07843856921403668,0.39850527922382256,0.06759989884055662,0.40012304880717253,0.10029944536133906,0.40192563944114373,0.0672770250872845,0.3991397070224987,0.0015308440469733713,0.3984642847690437,0.05412943681667137,0.40534026960873143,0.003126787972723555,0.39846447160738546,0.009856506866474768,0.39859972824987555,0.12421694901026159,0.4026790123340567,0.1438942011392954,0.40232860830337575,0.028138327674108843,0.3991559459867283,0.058027875542421836,0.3991749029800514,0.023259962752945507,0.39948090994284297,0.009149356333874481,0.3987198113807668,0.013713501135584644,0.3984722669874254,0.049508488082945334,0.3985340601050386,0.0600929268812509,0.40228339019273746,0.03894717222673595,0.3984701907830713,0.08481753037770967,0.39875688415682103,0.18183279525529628,0.40493335136131536,0.04843127326558891,0.398513318255857
West Devon,E07000047,2031,0.9351047872389526,0.40325039177550914,0.005131094506413317,0.39847280955719705,0.0010003366929484739,0.39846944052123784,0.030473689162808126,0.40058630963767683,0.00031315807675846695,0.3984642190245526,0.0016623732312859556,0.3984642965821222,0.0013831550210367215,0.39846565399140177,0.0002727641384415967,0.3984647728855736,0.0025632084322325735,0.39846455539375025,0.0018766127658569054,0.3984914659779353,0.000480564389809297,0.3984642556242496,0.0007855162713533842,0.3984692801773792,0.005342739181027789,0.398582594565545,0.001263162290816234,0.3984648867226305,0.0016161425852500438,0.3984718771856746,0.006104042448461855,0.3987319174225728,0.001029604721839647,0.3984681165734657,0.0034403306923176946,0.398572521251233,0.45256977533068,0.3989390182609567,0.34637554522736647,0.3984762940974062,0.14569077223469545,0.39858268163466554,0.04372607321060684,0.3986995291539053,0.011705086224648652,0.3984643497721769,0.15168877298841732,0.40358642535895484,0.17823041331312567,0.3990070085423997,0.12284343302440148,0.40147555978318816,0.07510470756647991,0.4012451323598762,0.16276478325817467,0.39979318129160807,0.0939470001646131,0.39889856976751553,0.07330749994918351,0.39942723529225327,0.055734176352412845,0.3994962459220737,0.08649567777382972,0.4021964168295893,0.06260864114749137,0.3987636093346686,0.002044539142462179,0.398470173046522,0.0577830592204176,0.40281219043895167,0.0031822992569534303,0.39847194430624483,0.010765381889299902,0.3985083452962166,0.11448440862834364,0.4038124897884585,0.14257906256884884,0.3986220339127892,0.028920933102950408,0.3993260884957262,0.046735042370267266,0.403649144788,0.031413571966272924,0.39938554887638944,0.011332370639050293,0.39877173902950497,0.014199922309544824,0.39847453074239886,0.06704156127977523,0.39973923041988496,0.05248145493424805,0.4009553878637932,0.05482639081131957,0.3990805623529362,0.0919444684424009,0.4003257309682467,0.1615639978479413,0.4026296033422058,0.04613169869508593,0.39858904184006827
Eastbourne,E07000061,2031,0.7676541194140061,0.40591715256315464,0.009056135741181803,0.39847284140251094,0.000848009156163166,0.3984646975009167,0.09807549982238228,0.4045670909017334,0.006231639572437775,0.39861935578618357,0.004595154842926774,0.39850257419633794,0.011011017333520778,0.3987132167234847,0.002250665283924147,0.3984836536336063,0.017319843015028757,0.3989690886722206,0.01207409411752125,0.39908298930282615,0.0034682911613619916,0.3985132698011526,0.0021730955478122815,0.3984811758609485,0.010156040166791613,0.39872943079896717,0.006899775981435652,0.3986698016164881,0.008537859237529699,0.39870319792050996,0.01124197595647114,0.39900330468419504,0.006391835696091197,0.39869394016324156,0.021104969638479742,0.40142836056865,0.43383785819965004,0.39859998437811345,0.35106568243416336,0.39858506277984834,0.15155159332179807,0.3985128314791596,0.049851927242131416,0.39854838796594577,0.013867671034499554,0.3984692565194288,0.12442554126001282,0.4026015277952646,0.1892740195684195,0.4024962508604321,0.11825501492575745,0.39852602430034956,0.07478815766376679,0.4033009871520115,0.09817801666209025,0.402306034846365,0.1532440175468306,0.4034261322656949,0.07292315711759745,0.4029423639938599,0.060301064567939655,0.398697895596206,0.10860763191618428,0.3989639167882221,0.0020801852901774047,0.398464361111288,0.0003225150813626655,0.39846425776043054,0.03413319134269055,0.40175963977703283,0.0015731859453602948,0.3984991799774626,0.007404860087807649,0.398474605142673,0.10842191065982121,0.4029715340486842,0.14259988433090154,0.4044783553050697,0.0376362535302045,0.39890865614096405,0.05563891882107641,0.40128808355013856,0.033355179543195224,0.4000947582027101,0.019625904954794215,0.40032893949871756,0.012964433682252419,0.39850503894000827,0.051953643592594134,0.39907836488023263,0.05410291839281234,0.39979912663315403,0.05512126733797251,0.39883873823334504,0.09258258768995131,0.40082596167954154,0.251056153154396,0.4054900550556043,0.039792965819124504,0.4004020830268319
Hastings,E07000062,2031,0.8084138806959533,0.4057564218978727,0.009343345603811448,0.3984986872400214,0.001158588733038958,0.3984677965129224,0.07176903364286469,0.40416490030765684,0.004460750611234687,0.3984919208784186,0.003990110720765151,0.3984642786471625,0.007649597876297903,0.3985353641727519,0.001868773566797488,0.3984784486586391,0.014093469472332976,0.39867494075849386,0.010065324996182068,0.39858826952955057,0.003324956589545521,0.3984642334427205,0.002489376961920531,0.39848210757046343,0.009389914973528979,0.3985820322465593,0.005772020212249818,0.3985661773998774,0.010019222513787285,0.39862691374571885,0.01103268917689848,0.39888419300413247,0.0054179130017747434,0.3986467630739866,0.019040144191668995,0.4008730090336502,0.43865116367522594,0.4038615069463277,0.3381636250415081,0.4026059521300836,0.15229601499728307,0.39892604634364764,0.05333867965690142,0.3986656969985599,0.01765680522478437,0.39846666919744006,0.1195521424454693,0.40227587502907225,0.19029302268784942,0.4050132246783849,0.157093439612642,0.4047929594280536,0.06652240987266733,0.4051365789277715,0.11485294524304113,0.40143687243070664,0.1379179716585628,0.3988627022909833,0.07587624222882261,0.4008087932113309,0.05675736675983911,0.4000419701298255,0.0813745498748859,0.4027948679597604,0.003839080654602943,0.39846592556742694,0.0,0.3984717477481722,0.03645151198357022,0.4038054314472763,0.003620631592342563,0.39846550097183475,0.0055512903197515034,0.39847307625942135,0.11512744873379743,0.40127782935340395,0.1304712473285563,0.4040392679173576,0.034200459936320704,0.39918211882861476,0.04803944933587612,0.3992533720137121,0.03814062432190912,0.40060180706013726,0.03352951516671591,0.39846719706810796,0.019093926187953025,0.3988366688497608,0.05145535274165769,0.3989319174666129,0.05239467544052334,0.40019514731258804,0.0511046201701606,0.40152280794542367,0.08711300448989179,0.39913074868999676,0.2268478783079244,0.40459154334204583,0.0629979615328824,0.40012595155151287
Lewes,E07000063,2031,0.8530680293435813,0.4055919397932642,0.008460832756755,0.3984710731074857,0.0010067987764407818,0.3984642207814638,0.055413467744738654,0.4025261136273502,0.003389311055044947,0.398510756733766,0.004271121380813175,0.39847918235723306,0.005924687301184173,0.39853403918396535,0.0012962088722451443,0.3984699970334424,0.008643981661327182,0.39862853555317723,0.006133629741786328,0.3986424646990393,0.002365971685475546,0.3984814140770635,0.0016039912658142308,0.3984826151816297,0.011109036709460174,0.3990045353414333,0.006449762262514591,0.39878527449292955,0.007241286353785126,0.39867461784250174,0.011074770961165159,0.3992155662599561,0.0027040850631512847,0.398505285853903,0.009118719674227171,0.39919595229842963,0.46293121505171864,0.40066845873639445,0.34022991197398844,0.4007670282124219,0.14084129872636889,0.3985057965114552,0.044279843608710207,0.39855708179617344,0.011635676413961363,0.3984677120565731,0.17822066899095734,0.405384234879297,0.21433633427526555,0.4039208362055139,0.15736284986457472,0.40222039837640644,0.06994590802763545,0.40413034323314456,0.10963539220599472,0.40165737898545895,0.09411172431867598,0.40080450212539653,0.058904028260812646,0.4011616674351264,0.04672037510605609,0.39989497613600405,0.07127506893360147,0.4016601671148023,0.012140188213713876,0.3986495823928962,0.00023764802025460358,0.3984647928208787,0.03339678924813683,0.4031079658492578,0.004618268704978362,0.3984880934862823,0.006249648836704869,0.3986339716321336,0.10548408410034615,0.4015890017823572,0.11061618864498968,0.4040549266324294,0.0343683281247833,0.4005513001144244,0.04198032025090648,0.39924623541533955,0.052216258219090594,0.4013340098329031,0.032434084519360695,0.4005320323570535,0.020406499509301845,0.39868207834241975,0.06983445031730334,0.39878923420370876,0.06370446322253898,0.401574003382054,0.05796529820209101,0.39863456281956094,0.11048378717939089,0.39914073403836586,0.18416844011902,0.40482302681834426,0.05982116974588478,0.3985268378067221
Rother,E07000064,2031,0.8922828888664576,0.4049485120888761,0.010166638860180766,0.39864220315162835,0.002120061063165757,0.39847001553808836,0.035980155348058096,0.40066890991538007,0.0013294660082408642,0.3984644437770904,0.003283747829531683,0.3984753495741953,0.006081687799699809,0.3985923650796278,0.0004001027918303715,0.3984649241473695,0.006507470247361327,0.39848297353628964,0.00534333065416176,0.39861941128961326,0.0026364167598605104,0.3985096113557169,0.0006285801869100344,0.398464356388186,0.007683733528331793,0.3986075786213149,0.004464230843359285,0.3986137929277204,0.006051207608651132,0.3985981545741555,0.006784380675751822,0.39868465314117985,0.0018957714938312165,0.3984813056438088,0.005891795823269097,0.3987410622407283,0.4397127562041825,0.4039182395705392,0.35600989217203516,0.399665496004179,0.14779732882596464,0.40128377316635633,0.04455497175493284,0.3987667019468247,0.012040507661025296,0.3985228972227082,0.17751033241113934,0.4047917379320552,0.17986885461648527,0.4015036755467467,0.1326092399095431,0.4010530753357167,0.08340304230559914,0.4035530502773241,0.1260400132477968,0.40303840146092995,0.11403837816072984,0.3984648435156228,0.07181567847012474,0.39857729422893945,0.04495476446224911,0.3990226197238636,0.06985919608549618,0.40167621655919844,0.01932218833220889,0.39849567111297535,0.0005496737752121172,0.39846491453988725,0.0339238721707491,0.4023747669842059,0.003972148855396228,0.39846583511804384,0.004089661517426457,0.39858849076307534,0.12576903274015505,0.4026866771189377,0.12939232668112077,0.4017278037227127,0.027463620508126674,0.39975271387271644,0.04739270911661042,0.3994912786183746,0.033254269313888196,0.3988310630784747,0.05343981907190176,0.3991148287803701,0.018408123487633155,0.39849417948709825,0.06028948456929062,0.39897512637592913,0.06799193466539633,0.4021235253732947,0.055814841771555754,0.39848596222364036,0.08628766666739573,0.40038693226357425,0.18458445521972155,0.4037272005867468,0.048281923763644485,0.39966711029928054
Wealden,E07000065,2031,0.8971314399435437,0.4045105679831363,0.007356090178430863,0.39848099133246356,0.0024863641454870283,0.39846422200971693,0.03898177477192544,0.3999438873185645,0.0016126433117886543,0.39846456001626823,0.0026982378265532105,0.39846427258225087,0.005770984217957187,0.3985651204350107,0.0006825385607259898,0.3984657880359388,0.005719905282862203,0.39851100899454,0.0031647039257232112,0.39850584693871854,0.0016952816231997764,0.3984771248649582,0.0008551550928774798,0.39847182770001033,0.009385742385174645,0.39888695079632275,0.0036017765874047925,0.3985434582712204,0.004324130424404826,0.39852811881637473,0.006726481315750599,0.3987201915054168,0.001429726115275351,0.39847562493935323,0.006013586501060764,0.39878423259292367,0.4882691713192875,0.4001873893262489,0.3455764910154045,0.39865095160311625,0.12215228870851902,0.3993141441622494,0.03535842878230895,0.39846711136366486,0.008636373145239143,0.39847794464317143,0.20525172482768816,0.40545803322759494,0.194169592033147,0.40239390978794604,0.1394445072409008,0.3987725143956505,0.08435998308134396,0.4034181178517545,0.12065818556844876,0.4018502236250013,0.09366631039350692,0.39906020671226605,0.062433767968953835,0.3990171698612763,0.03710022182323691,0.39959371608892263,0.06339525627944864,0.4017787781908001,0.016670705419519996,0.3984760203882045,0.000426621213711717,0.3984655317418024,0.042254216162403324,0.4017697304512775,0.003409026828551402,0.39846425647218875,0.0081055923748235,0.3985071074678033,0.13052416098062336,0.40329119551831893,0.12347258099199543,0.4038738056147497,0.025295964054475872,0.400155778493605,0.03344924646701197,0.40070513292300614,0.04654686507461836,0.400090377722848,0.04656789323216465,0.3987525983763492,0.020513431001889626,0.3987431350327858,0.07319885635444628,0.39870501267972414,0.06687241372232267,0.4014435612420965,0.05804442824551015,0.3999898306207791,0.08788657156431356,0.3998763017744845,0.16253405208896465,0.4032329557683591,0.05428948980375503,0.3988455175943905
Basildon,E07000066,2031,0.7474077017557601,0.406053583376831,0.005586537340476483,0.3985169391024355,0.0,0.39916952020386803,0.07282775994164048,0.40514804396172055,0.005871194605082952,0.39868716343146315,0.004474276446201811,0.39848213793003595,0.028951443319219505,0.4012050978905515,0.006655598097743576,0.39870150813116356,0.011614650165769458,0.39868054371177175,0.04891962409728201,0.4034214337807699,0.008260876480909563,0.39858342110290435,0.01064839185936306,0.399331597976365,0.008296804729869545,0.39873723904315894,0.006810728794086007,0.39870282622560826,0.011921741666074848,0.3988626981056344,0.00880976550184509,0.3988319941667192,0.0019307635306490267,0.3984876203389737,0.01227229108535588,0.39970647117097813,0.5067166079982655,0.4046959179481039,0.3350378741707809,0.40065650002592534,0.11303596269425831,0.4017528329613934,0.03502860922432072,0.3991248325314412,0.010527931998429885,0.3985633173124604,0.14216485768765708,0.4044240612614748,0.20790283076641014,0.40556499179507555,0.13505835220321727,0.39992655818017836,0.09057967700275871,0.40530505598057365,0.10284680377817512,0.4015160452512757,0.08984712755587343,0.3985035607523422,0.0641304708798347,0.40179306927768516,0.0645411905063984,0.40123691926232247,0.10326884782568535,0.39944399930314706,0.004681829552895256,0.39858224531075415,0.0008684952638609161,0.3984682021452509,0.03744385494461078,0.40478401958899085,0.0039043640730843238,0.39846474918298325,0.008044009044365585,0.3984856190657963,0.14378748326990376,0.4039382302004698,0.137339292467479,0.4030017993800856,0.06685708048142569,0.39890737999684184,0.03302311895488319,0.3991141235971719,0.048570355388937614,0.40099048940213433,0.0663301669170826,0.4032601357704884,0.013162529549717084,0.3984657610876104,0.059741620814708296,0.3986120714438145,0.05801983134150712,0.3994889019128647,0.049758657889797,0.3986050248474856,0.07865251475385893,0.39846678261153307,0.15654295369326476,0.4047905345729284,0.0332289283227718,0.39991134800863637
Braintree,E07000067,2031,0.8756755900682398,0.4052089906894193,0.006834986427269901,0.3984655811298819,0.0011724798386161042,0.39846528709132456,0.0435707259556426,0.40123013173368205,0.0015512429629548526,0.398465169574251,0.0024219571422041657,0.3984645130637574,0.006462067147990941,0.39853282466735584,0.002102104020926171,0.39848703474764585,0.0068487673518180525,0.398515588604104,0.01174276126474394,0.39929445653302115,0.0037235803057821815,0.3985086945604802,0.0024984939360952474,0.39851527849858753,0.007238150652967901,0.3986052278581651,0.004089692214593044,0.3985577251910427,0.007058512459534372,0.3986145905000754,0.007755133847585471,0.39875138139312144,0.0009166704246480611,0.39846740111439366,0.007792328255270542,0.39902851335633327,0.4700985827343247,0.3988073659060272,0.356050526945693,0.3984740315598215,0.128760720418653,0.39872954787088805,0.03563190708429416,0.3984889442804028,0.009495728480614047,0.3984646489716401,0.1595480139570422,0.40433971774956184,0.18446068284922124,0.40496367404743655,0.13773598555452682,0.3988595857526918,0.08390834201948838,0.4043671538698207,0.11801861258213964,0.40134974305086774,0.09236724198059687,0.39901982109289197,0.07033294168479431,0.39884523145542533,0.06373423706195291,0.40022707482685393,0.09028543982448989,0.4001255683877345,0.011230469361989306,0.39847991920873477,0.0008450780669528625,0.3984649346201593,0.049513890892490586,0.4050214700863175,0.004530505823881731,0.3985224422714212,0.007883929540061542,0.39846479693015735,0.1473441043040662,0.4045479447659729,0.15087046667546167,0.40022257191596067,0.055949880712718,0.39864791972476793,0.0354562084485085,0.3986408493233122,0.03914134360910637,0.3993896524741187,0.039716823766491105,0.40136689044927865,0.016637761882997426,0.3985090382303275,0.060994856419511856,0.398489381565463,0.056894925342278135,0.39973842466118925,0.05631515143092698,0.39846423373753,0.0847998770139674,0.39867302693413237,0.14107902841730802,0.403713507177062,0.04083194041852506,0.3987164051269492
Brentwood,E07000068,2031,0.7610101570793315,0.406014534288432,0.01363600009446965,0.3984819818690848,0.000833619245719952,0.39847348477394906,0.0588693879429667,0.4034260310507755,0.005227627612458707,0.39858063755951073,0.00807433569288274,0.3985855660994249,0.03933873621313788,0.4029790889036766,0.005341702987157748,0.3986640712897343,0.011300492606689916,0.398482026656202,0.022678305758535133,0.4008404564295822,0.00638135326248046,0.3986114150862866,0.003865051925803553,0.39853083968081876,0.014851264416930188,0.39943680179168223,0.006394123573949195,0.3987432399702804,0.01167578665734681,0.3991068623038486,0.011912942713471542,0.3993242295340042,0.002861838737038408,0.3984932155502262,0.014458112430268288,0.40008841356227426,0.5692140752225194,0.4053073876367467,0.3005375916543924,0.4037796053522087,0.09515146580383105,0.40206897851991213,0.026210901794542885,0.3988190912861305,0.009167602750732966,0.3984665250997254,0.22918533447561984,0.40579214567460037,0.26518562451924144,0.405326111807866,0.15513551142931692,0.3994502590441789,0.10050442532421222,0.40459752834568813,0.07225920474952874,0.40316666583436794,0.05414254767135995,0.4028514889858314,0.045284924220706735,0.39940300419494906,0.03533093619142402,0.3993546361031387,0.04384554652860029,0.40277882434273554,0.0037117718698122804,0.398480909318542,0.0015512260606341394,0.39848519754654066,0.03261938764909589,0.40247610529573924,0.002950619279538099,0.39846530146622156,0.0043738163539143865,0.39847622459656873,0.1387190785601442,0.4048400273040202,0.09032009769985105,0.4034771100553679,0.041836067356876935,0.39849274075131713,0.026783796323000875,0.40002532426298426,0.06923366697707767,0.402496466228473,0.11716938409273125,0.40073840467943966,0.025300359309415765,0.3996728971320253,0.09330428662412737,0.3991259004868198,0.061282253276716325,0.40113945809013646,0.047733503090880286,0.3985189872015112,0.08304304197532009,0.4028657593167245,0.11606643101889558,0.39888731279658995,0.04411448087097267,0.3985255412558676
Castle Point,E07000069,2031,0.8993782144155604,0.40516031929652774,0.005802850483811926,0.39846470235989034,0.0004946189104575588,0.39846550223221494,0.02272168052837742,0.40050124048375196,0.00319952630716977,0.3985327151547173,0.003381704523168272,0.39847519319399094,0.007734693726038466,0.3986281322491553,0.002870066446830466,0.39852657359708427,0.005757702600567904,0.3985738105821677,0.014610658887474592,0.3998636543939465,0.0019406448604572663,0.39846610927992904,0.002119296664178566,0.3984698363315781,0.006308037543253986,0.3986160706884152,0.002263340760619653,0.3984807131582148,0.007449750598853999,0.3986355609157061,0.005749284996817372,0.3986348462740852,0.00036205942838332455,0.39846422013034816,0.007317201170193299,0.398931981264875,0.47855003869946255,0.4046592493932024,0.34091899243744983,0.4018797393567988,0.1280488348353459,0.40167945890338846,0.04103115691898768,0.39858740283485333,0.011812827056195824,0.3984729776885315,0.1571606583048144,0.4050880512334256,0.1741164841178593,0.40542617755238775,0.1441515375866338,0.4029004526284546,0.10388504415270194,0.4051257746787282,0.1197527428006735,0.4033205097835372,0.09296950646667584,0.39846559459519104,0.06530526714882168,0.4020421774740415,0.06504564804353263,0.4025423054173309,0.07802401534181636,0.4007106625957069,0.002318974515703301,0.39847552660478,0.0006862242249324971,0.3984645597460477,0.03523389435459734,0.4050186554042444,0.005391580593907843,0.39846511560004166,0.010263767781548028,0.3984664949427882,0.16405099757013053,0.4043618065425037,0.13543522407802344,0.40317306477258613,0.0627215222621377,0.39853683286059144,0.03358218844328331,0.3984929956074873,0.03457991362799473,0.39931961841302915,0.06488900657690033,0.40343804386927834,0.022534220952937445,0.3994718869412994,0.05802569885255732,0.3986616298904175,0.05393374971052789,0.3997289218019806,0.05436991666706026,0.3989682990596383,0.08358541654710755,0.39852597252440236,0.13300957232364619,0.40373828843536647,0.04509375731031827,0.39846756634889907
Chelmsford,E07000070,2031,0.758078324931974,0.40604767510578116,0.008312758444583578,0.39846550935841923,0.001545871733031036,0.39846537632692913,0.0638843816202943,0.404277248569877,0.006445380377639531,0.39865097557414375,0.007538195913574408,0.3985608553967224,0.04052945248325157,0.40334283937591914,0.008324750098895717,0.3987206225388274,0.013504467261198583,0.39911306411447484,0.028530701221138433,0.4018508368551263,0.006170166992348514,0.3986455106892923,0.005210816656597395,0.39868552247752986,0.010749862435344038,0.3989047901459111,0.005868798396125419,0.3986672035836867,0.009778408279643158,0.39876576135087854,0.009647868741407661,0.3989512130937566,0.002335101433516472,0.39846702412914164,0.012245689439975838,0.3997094514298998,0.5292795067424052,0.40309517114303545,0.32939530468061773,0.4013723441773913,0.10595535461716443,0.3993718306914686,0.027691923565559204,0.3984710589703263,0.00778246022688741,0.3984657341781253,0.18003533809121208,0.405264584880501,0.27072103525495717,0.405708663907799,0.14253069308582245,0.39913366336170986,0.08135930422780646,0.4052111124425241,0.08275544136341972,0.4019271182327581,0.07299536851663413,0.39911663986622364,0.054172778969661994,0.40173434147732345,0.043414044069170155,0.39993309554155837,0.07278820854197643,0.4010023081929545,0.005273698108310174,0.39846805837652594,0.0007015212892070889,0.39846480729651135,0.033127441044636274,0.4041595153387577,0.003609784299458435,0.3984732253561924,0.006250768046962937,0.39846718367954215,0.11714652354642885,0.40337626033609664,0.1142852845187936,0.4039247266948405,0.0437240477811702,0.3984874464229669,0.0340938057920237,0.39907785093740306,0.05489713112052863,0.4012697396236947,0.08023918742872738,0.40061225228133146,0.01656901003109683,0.3984828540249864,0.07777369996352934,0.3986209023548227,0.05808772690976438,0.40086301084374654,0.0584176637982724,0.3993224120259784,0.09455898753083225,0.39916819081606986,0.16235855491401896,0.4050281516669957,0.03908239460138452,0.39935857294175997
Colchester,E07000071,2031,0.7386568252989605,0.40602782067474696,0.00571089063688178,0.39847728567276264,0.0013469216603584772,0.3984754042644574,0.0741114301712189,0.4040806527053233,0.005686404587118832,0.3986302084426207,0.009275596755385002,0.3984675951759421,0.023005862893817897,0.40071883711124195,0.005547514048516056,0.3986274818937882,0.02221607652974078,0.3992520384640143,0.040267064422033094,0.4034296632935005,0.006868613468750118,0.3986652518997135,0.006776511387807549,0.3988524861607887,0.011761768422803298,0.399005000450875,0.0074154815550276365,0.3987659122669306,0.009620306920920196,0.39873902959335106,0.010831004642727127,0.39891913721594097,0.001987311873703046,0.3986496632234655,0.01768769983737295,0.4004579360526513,0.4951536749834587,0.3990720338400921,0.3466781450273042,0.39850051358212724,0.11697479889337847,0.3986766408529825,0.03230469944310128,0.3984690164407811,0.008882310319447903,0.3984710832843939,0.1465971377314541,0.40392993922067477,0.2361080391678323,0.4053714644218607,0.13906660399238369,0.3989130577600516,0.07032343025567833,0.40468247627488235,0.09211381738289592,0.40151251304882474,0.10751278747044768,0.39875865954527523,0.0641307530108266,0.40206043238752065,0.0598663680305202,0.39851195558742014,0.08463494206813094,0.40021003354422086,0.005931098161084315,0.39846649671153195,0.00040370501905991063,0.39846993152537613,0.02943941121673843,0.40412970941691173,0.005089894489102437,0.3985426628915869,0.006846213838930443,0.39846922086498676,0.11790920322145704,0.40402046042324774,0.12622911833461048,0.4039060425196893,0.0446391612051318,0.39848327883682166,0.04028643316579694,0.39908244638467355,0.0431890572975655,0.3992656162687214,0.041531959971666144,0.40085261992692567,0.01884061732035902,0.39871427486298844,0.06325645539192148,0.3989134414844247,0.05706357660042216,0.4002037013391184,0.052339236504508335,0.40305069780859937,0.10866740008551723,0.39881330934462395,0.2019682524111932,0.4055053317059709,0.03666585073430051,0.3998871842361226
Epping Forest,E07000072,2031,0.6591181671352722,0.40611493402107823,0.013081175813944856,0.3985017633751145,0.000702342296953401,0.39847132339341174,0.1028363644457242,0.4053968301911811,0.008206856865353829,0.3989563384913755,0.006805570325261329,0.3985208207882289,0.045224993875137454,0.40199462443105954,0.02095281125975057,0.4004292490722099,0.014157313265009908,0.3988645589503504,0.019121308327103903,0.39959417836198047,0.013541048785186471,0.39892252908430315,0.006052199387006518,0.3986808012779061,0.012782863450952697,0.3989903618275743,0.006509223459374269,0.39872537937043745,0.014773227031108727,0.3992276103180853,0.016836485993091843,0.3999459085435622,0.0036436323589929542,0.39854697413713,0.034099892346908245,0.40328958843435747,0.54323688828031,0.4050133238708525,0.3199607491367613,0.40133289737981587,0.10105572697465037,0.4023531145119047,0.026928454919016187,0.3994130803173573,0.00915909127612502,0.39848495824406294,0.22890902125740986,0.40572520312772237,0.23567706179783698,0.40558205533434766,0.1389680639100438,0.3992351155985601,0.09262028907920161,0.40527158346957126,0.09540071835959818,0.4020137068838467,0.06097565240907232,0.4013519133387387,0.04863538041471149,0.39991029665565586,0.040357231271427096,0.40220670220092397,0.059351064075242155,0.4008797619299171,0.0067910734813860785,0.39847868012846416,0.0005898409234055477,0.3984643248605497,0.02896729598659009,0.40286973374971186,0.0042046871953626,0.3985013048362017,0.007087533045880522,0.3984656562659434,0.1444491128127705,0.4039869248406238,0.11597969418180654,0.4036482177558772,0.037855814499790474,0.40065008210178543,0.0346505382567599,0.3984964314611774,0.0547573844703495,0.4005733409214315,0.0704127750143635,0.4006761233169101,0.035283900003794555,0.4002163745612921,0.09262892028015657,0.399817010841805,0.06702020593052183,0.4006475733210181,0.04082577088337014,0.39975174892481774,0.08926601817053947,0.39889318327867945,0.12051627647368379,0.40229051444310565,0.04873256693127126,0.39927455802869194
Harlow,E07000073,2031,0.6185380538653327,0.4061349559172703,0.0053184283190709225,0.3988515043616641,0.0024575716915040957,0.3984791709077929,0.13749045015285333,0.4058614349678465,0.010988691812258922,0.3989753729083447,0.007417490725724507,0.39856680997499694,0.021504449222635724,0.39938605626738655,0.017844634609962773,0.3997099664836676,0.015364740162054913,0.39884959010444243,0.06132281517207305,0.4038795535746608,0.01278022163782655,0.39896935065599193,0.01264675867258569,0.39948885031000003,0.008549649300028828,0.398663672287581,0.008750709733036988,0.3988022475740339,0.014452579635375828,0.3990173124719448,0.011876432097098544,0.3991013386369803,0.00461618113725859,0.3985752619618113,0.026752736394117793,0.4025734589585801,0.5035437667590061,0.4050863388088115,0.3296818284374887,0.40330058616295833,0.11875954575203695,0.401413376674163,0.03700520646954242,0.3987364682131969,0.011261628299034085,0.3984748624381899,0.11986400919202955,0.403547771946277,0.17570890073936596,0.405068949862146,0.11447400914026745,0.39856740681178504,0.0881720599740845,0.40441526776513465,0.11172208965795183,0.400117199690336,0.10594272519378012,0.3986019551684944,0.06606123411288767,0.4031382252095973,0.09485784212975884,0.39856098743951707,0.1233877500828906,0.3999694872205962,0.0025050292905822863,0.3984743318668931,0.0010134566515395405,0.39847477300388306,0.05962807002307624,0.4040414158491848,0.0047088768786057444,0.3985091454955221,0.006673493423231189,0.3984844293870573,0.13576737309309062,0.40441231682590256,0.16594373979853128,0.4042738912831643,0.0665109896497832,0.3984759788229478,0.03575428105619738,0.39941852495914143,0.03289416674864688,0.3984780718099237,0.022725024920628556,0.39899157297714344,0.014212169303108979,0.39866509684210927,0.037135791849777555,0.3992247072385596,0.06453109958443659,0.3996960186480531,0.03896050731898182,0.39918620529750243,0.08401572822730285,0.39865042970948256,0.1919223725171797,0.40511185301500663,0.03538866034784449,0.39908947085609575
Maldon,E07000074,2031,0.9235822947316614,0.40389443890584353,0.0074285060191360275,0.3985011075905712,0.0020719321228569454,0.3984841582467527,0.02357415536561036,0.39959999907987925,0.002839420680569471,0.3984909977234339,0.002142178646323316,0.3984671376345324,0.004826178355325894,0.3985835963498138,0.0009616860976650321,0.39847436646430845,0.0036660814579687756,0.39847755785740235,0.0026135295140541637,0.398502787742332,0.0013014246142870785,0.3984655902726092,0.0007479328332263176,0.3984651819616031,0.007025266403037023,0.3987065186763371,0.0023034522631553978,0.3984916097339983,0.0044527318964794615,0.3985195887729796,0.004954048111104115,0.3985847477626196,0.0003503291767419023,0.3984649055943906,0.004898763162104913,0.39869031364145185,0.47137382792395044,0.3995521083913381,0.35262595624647014,0.39865490410480225,0.12801233326597905,0.39896866744401177,0.03842730141985745,0.39850756475267474,0.009479167092889207,0.3984902601570507,0.19634028975421813,0.4053598232798356,0.1689313267142618,0.40170935174057926,0.13456837404699623,0.3987774459797502,0.10197833744811025,0.4023316471310206,0.12280373234740516,0.402715888712524,0.06905110363578837,0.4011117432366623,0.07562056980735554,0.3999108796670108,0.05289686139675265,0.4019732930248564,0.07817529687612002,0.39991241331286964,0.017610764711529003,0.398607980977277,0.0012438923554956086,0.39846471535829603,0.04731502510113028,0.40537270868763287,0.0018052330950620865,0.3988333099010334,0.0056493710005312,0.3991200755369045,0.171223225301536,0.4051963037840422,0.16094316787808793,0.39869195130624707,0.044120373756015685,0.3984919398743669,0.03547926772319118,0.3985482736054713,0.037281229886726885,0.40033609716904356,0.04793025420392283,0.3997450022033495,0.013388057445624227,0.39847341021311744,0.057370080722471406,0.39964911620581206,0.06263147418034687,0.40125396886133236,0.06270396537540468,0.4007930839668828,0.07427522962525113,0.4011672801290733,0.11706844256582438,0.4006447562499191,0.04194136172445828,0.3991464184133274
Rochford,E07000075,2031,0.9198570820456582,0.4041117340605789,0.005173845674157067,0.39846701844335886,0.001822141595687582,0.3984856670946613,0.018645074310413956,0.3994992590122456,0.0008273072106496724,0.3984645166893756,0.0034625324558141962,0.39847163695157306,0.007048782762901495,0.39867409436824314,0.0017426896923825735,0.3984858267373554,0.0039165446432407325,0.3984711098354449,0.006512005665882503,0.39865234483498135,0.002114068904484248,0.3984775822548122,0.0008928761769573315,0.3984658880971518,0.007801894890152594,0.3987009399620963,0.003075771798197041,0.3984980596477531,0.006467415942998933,0.39858245065561876,0.005059029966275053,0.39858312402167756,0.0003619440725566112,0.3984644165146014,0.004923688987709063,0.3986666098804241,0.4997142468699396,0.40224447456549683,0.34130286121985365,0.3992649368616003,0.11730174346051836,0.4002703259050174,0.03244582329818052,0.39849045484789236,0.009290576892499812,0.39846429743575545,0.17254854012491894,0.40517752308431954,0.216209325416842,0.4055631983639874,0.1566743529219321,0.4012857272302357,0.0999291275812082,0.40546688364400735,0.1005704224128845,0.4036572507043269,0.08225991579145431,0.3984907858057885,0.054566615914920735,0.40235163069120766,0.05235070510478024,0.399673327724649,0.06522467822736955,0.4005015992959143,0.004363850621267193,0.3984716755850987,0.0010710293636097823,0.398472714110509,0.04306955029650261,0.40444652137856363,0.0036730880528430473,0.39846899231287813,0.007926178957920721,0.3984866371734867,0.14097144648630966,0.4040664815594832,0.12243214693810067,0.4016460858654863,0.046579246736282526,0.3984918797407004,0.029060776605474015,0.3987361524799696,0.038927731926269415,0.3992478293233525,0.08314002079629645,0.4041998010795275,0.017356981494908386,0.3985340292401391,0.07097534074167589,0.39891845515510765,0.057912735316657304,0.401143430286429,0.06225158297658384,0.39846424421931276,0.08949208620351704,0.3984718633289602,0.13622266792614068,0.403894716830977,0.04443736676927859,0.3984864575060871
Tendring,E07000076,2031,0.9157579230852062,0.4042658626180562,0.008159237206984193,0.3984764145036307,0.0010261507497905595,0.398468919296257,0.023579124114091132,0.39957617929716654,0.0009604595979435838,0.3984645642234544,0.004131257875262251,0.3984947465515249,0.0038692468175844374,0.39849713393658837,0.0009307292706421944,0.3984708305505995,0.004986949373579241,0.39850972187986766,0.004354376610735899,0.39856031205783304,0.003351610392224341,0.3985435460917297,0.0013390053836433852,0.3984755719986576,0.005432982442174994,0.3985693772095735,0.0035612005162234117,0.39853741736836534,0.00756607764802425,0.3986113783866231,0.004932362043000071,0.3985570799096781,0.0006663721343989695,0.3984657188242424,0.005071459673706924,0.398676607863136,0.4044961365398021,0.40189501877017286,0.35420058854452374,0.39868603267410263,0.16209437581706987,0.40170770011571766,0.06156636025678769,0.3986124296902946,0.017638750352961714,0.39846475928696823,0.1399993590493227,0.40384226713201715,0.14659860464102348,0.4042233223918039,0.12652433172129296,0.40302670460908563,0.0766214041553277,0.4043306008132857,0.1361460501345561,0.39877111258577813,0.1337350468981074,0.39848504773350923,0.08190001498660249,0.3993061129946931,0.06983307277573125,0.4008931688674015,0.0888002472838112,0.4033457281732395,0.009271517323248157,0.39859374141488413,0.0011956065929885074,0.3984708450466388,0.03980720928517112,0.4036658763773772,0.006649154144894753,0.39854614385848564,0.010564152185522424,0.3985132661676527,0.14323922002148048,0.4047768372376603,0.14607314456123888,0.4039149731643689,0.05206047140621939,0.40193253876003693,0.0485293701780285,0.39878115298908,0.03243276625547031,0.39963571469710557,0.023084174803132962,0.39966770958495385,0.017209158665470292,0.39862532714576,0.043810713103472204,0.3985456210480054,0.05950380101838637,0.40056093054684105,0.0492784057003373,0.398465044666797,0.08914547286967056,0.3991065419698155,0.18783428053622409,0.40458660881338954,0.0405685508779825,0.39997708987664404
Uttlesford,E07000077,2031,0.8560426793014688,0.4054962077990893,0.010610515939499743,0.3985720789387258,0.0007742320465577296,0.3984724008651067,0.055727363212901615,0.4021856893925184,0.001394468543794089,0.39847686290999,0.0034220890451600178,0.3984751278905116,0.008875506820737789,0.39884340588970263,0.0022737680456654807,0.39850825542045804,0.007483289968673756,0.3985397249783113,0.005728672717007444,0.3986107505150267,0.0025233925479511907,0.3984680652286415,0.001952089328986134,0.39848398215974945,0.01111047135491261,0.3989904888532897,0.004041054590155552,0.3985434505553332,0.007803504463606337,0.3987739017957755,0.008620092986406869,0.39891802976405455,0.00121599817206694,0.39847138321452485,0.009734678560906262,0.3993088286637599,0.5542468108850742,0.4032882188103174,0.32141282353874945,0.40009164306976397,0.092668797429168,0.40095581539383557,0.024385690136658006,0.39850171841155446,0.0073471446960445275,0.3984714026211141,0.23305412402643189,0.4056830438556882,0.22926618185149827,0.4047293048188226,0.15762054810117554,0.3993100591462989,0.08805310543840239,0.40265569916691457,0.0870085840610555,0.40349534436103157,0.06828712003326887,0.40091855221229855,0.04971283842373886,0.39991047653829426,0.037156561661805476,0.4013664753760885,0.05053088535635686,0.40361375376304415,0.0143171006271203,0.39851335294469187,0.000581787602249962,0.3984644081111767,0.051390931623538805,0.4039772545353509,0.004085643236005632,0.39852744033451715,0.0047489132854884875,0.39847205238755,0.12937784872034053,0.40424002699674905,0.10480337940371776,0.4047544876398519,0.04745317934123716,0.39982187458470675,0.025616919675182315,0.4002133234450891,0.058256349913798466,0.4015981161685767,0.05027338581585039,0.39912446130431145,0.022136421021285213,0.39899280132702564,0.10622892192978384,0.40036381071437793,0.06548830144524209,0.4007626099155763,0.04718162046280727,0.39900348577062805,0.09631503164177913,0.39939159118899986,0.12290714577047002,0.4036292073035422,0.048762667634554,0.3985994146771666
Cheltenham,E07000078,2031,0.7825720684600128,0.40587914935766506,0.008223009559492761,0.3984761263371625,0.0007564054988296563,0.39846462141096023,0.09285815555459287,0.40459612553399826,0.005319555114347119,0.3985584845009591,0.00795428183895111,0.39849132065698517,0.019970933519120826,0.3989876951428171,0.0033419846607605774,0.39850950362199206,0.014231824143451477,0.39910416802083526,0.009065821524062823,0.398742410294255,0.002559348069498868,0.3984953753278093,0.0019176649584244088,0.3984884937697567,0.013355049413015685,0.39921639707592943,0.004321535282728134,0.39852661647457976,0.0064962185460759325,0.3985342826725869,0.00899753844314427,0.3987972788959646,0.003898644069906032,0.39854564003659193,0.01330836441845773,0.40000792897737203,0.5145432691879852,0.4008763489356757,0.32899349565205194,0.40059934664043834,0.11577978097623279,0.39852039995948396,0.030769903238436716,0.39847029569128994,0.009939438524632277,0.3984932884330867,0.15688050324248248,0.40485403322356206,0.28527196686755296,0.4056674244963557,0.13035508169374438,0.39866567029849975,0.08853942905872625,0.4051533994649382,0.07613592922970147,0.40060629608197107,0.07823377980256407,0.3985538686326548,0.059170864479044294,0.40289444677661723,0.043816779551616,0.3991549775336852,0.08218352919616545,0.4009330049320494,0.002932150781220111,0.39847116958089557,0.0011249720038267533,0.3984692752875396,0.05148406831904229,0.40470560967179003,0.007584414714161963,0.39846864314337427,0.0060541270759871535,0.39853848563749456,0.07816651373676065,0.4016015933726343,0.12157496314901906,0.4033119583646488,0.024916712534453864,0.3984708758702362,0.04908054987149102,0.40020819152139175,0.06509319081698495,0.40098237620197386,0.03155067262686195,0.4024737513134895,0.015374995324148544,0.3986132444467499,0.08277118177057763,0.4002995804038518,0.05265841081971134,0.3987871033429271,0.09245270598645294,0.3994095801569876,0.11336878546752943,0.39855106677239477,0.15881502711383844,0.404355947792879,0.04472568097287459,0.39846525100195834
Cotswold,E07000079,2031,0.8952376347837943,0.40495694295112605,0.007887221979309827,0.39851066357083254,0.0005212453566690103,0.3984681615046654,0.045014836128432156,0.40151876312119295,0.0007701115432015397,0.39846559020236544,0.0024868221810781695,0.3984648052958352,0.005845530048767311,0.3986077813804257,0.0009412159743642651,0.3984721179659489,0.006588966520070461,0.39858794854108115,0.004071441783404656,0.39854685335894635,0.0011421644474827117,0.3984688876746806,0.0008282722132421649,0.39846527335675097,0.007490625696472686,0.3987045906321551,0.0027038037308023954,0.3985032519947517,0.00429406074301561,0.39853696364467817,0.00757087475709306,0.3988721587305288,0.0006694574984760782,0.39846966587770055,0.005498980949881049,0.3987435418624322,0.5200071230007426,0.40370513981207146,0.33297511675117075,0.40136615184896357,0.10935421205765361,0.40053788066435825,0.029280409278867575,0.3984746331458121,0.008572777244322066,0.39846885964240675,0.23119046160773937,0.4056353223067742,0.20702265731641312,0.4039260926151244,0.14051707674589897,0.4011026656906574,0.07249268268350262,0.40315919928268173,0.10405433691866683,0.4042020496150547,0.07321755174211475,0.4010807020278728,0.064731124620311,0.3984746914650206,0.03883897149776949,0.400091452743579,0.06836809943985456,0.40358045049435926,0.028345964596137252,0.3986191801188317,0.001061199115905187,0.398542045574489,0.06036516143822235,0.4023221140399644,0.006711158294644436,0.39846426180083777,0.005826782015312962,0.3984711102864462,0.09400468090845338,0.4004807876329706,0.1274500793159219,0.40348240373600436,0.025750773589936327,0.39878761414763303,0.05238644977286855,0.4019357387886312,0.06052099833721325,0.401059823773372,0.047997463444721555,0.40027889330430333,0.021378531750549046,0.39851739320454904,0.09350866270531066,0.3993721076977027,0.07392049845367987,0.40297177723051336,0.05065438964244062,0.39894568733052105,0.08412730645216904,0.40027349452621036,0.10840736380372573,0.4009259418928468,0.057462727973505545,0.39869617724582523
Forest of Dean,E07000080,2031,0.9277461604553032,0.40433622547725506,0.003831912577888355,0.39846710684695424,0.00140946549037059,0.398467177972463,0.0333244155520509,0.40177161399696987,0.00035073949510050495,0.39846583729613744,0.0018926114817101637,0.3984656531209659,0.0012649915974520254,0.398470648748468,0.0004967851410503689,0.3984647381459929,0.004551298297066686,0.3985594631661473,0.0014777664808449213,0.39846524739665323,0.001170672607388755,0.3984672458913711,0.00047653679744843157,0.39846423697168587,0.004721024266468532,0.3985524729491608,0.002087251387973374,0.3984808689213876,0.0038088042487489926,0.3985065100244462,0.00408641876951793,0.39858356494878067,0.0005526020436188786,0.3984676309499461,0.006488538399697208,0.39891324003046147,0.45348216564268884,0.39984765797739863,0.3525956481598753,0.398854252090397,0.13915501699514843,0.39891128663697883,0.04107906889746399,0.3985232371756153,0.013701012082187852,0.3985450063636167,0.14623669306709974,0.40412205604978846,0.17201906494528796,0.4038108485340388,0.1382879475259884,0.403795004865039,0.08033967815253495,0.4033743937288567,0.13555635858619297,0.40181048575664824,0.10895949460869156,0.39846823204593596,0.06798687134944645,0.39852766701522296,0.06837982785597818,0.40240876986426427,0.08239359326921569,0.40374904629378905,0.025873287654458496,0.3984699148217394,0.0011683766418626035,0.39846970407362947,0.0709676115240283,0.4054342803119458,0.006679087139724642,0.39846789620670015,0.009192108737842992,0.39846443938930437,0.1271868452277376,0.40368033335800435,0.13746197088598278,0.4010620626298242,0.03486556430105325,0.3988746824831887,0.03768836984443713,0.3990789627936171,0.04269284666348594,0.4008440054801713,0.02205902376272706,0.39917359927662743,0.014880022753417127,0.3985059696912934,0.05235023296225481,0.39846608936800787,0.056770003253681534,0.4000255047931226,0.0772738543200242,0.40156544605360317,0.08030329576618866,0.4002954320844428,0.1573888104091079,0.40393302508687134,0.045023550287317665,0.39849853798118706
Gloucester,E07000081,2031,0.714898559867061,0.40601260992803917,0.005124833468354517,0.39851281971144176,0.0022494927405000836,0.39848227669309616,0.08495439794581472,0.404869620009724,0.008030408689484014,0.39868477785583806,0.0038231798829377467,0.39846450210367274,0.04118246522980984,0.4007380210629603,0.012175512014201417,0.39909150047547737,0.015425773408927701,0.3990594463508328,0.02325415023856925,0.40059580653629173,0.013458225881270047,0.39851985269733087,0.007351195968189339,0.39860583580153447,0.00854097821014882,0.39868577565134,0.0059499394841323605,0.3986201281504226,0.023037072705197947,0.39886536559567254,0.00867072210025871,0.39869270783271554,0.003993824968796467,0.39859078833250855,0.016745380415929434,0.40076232101433484,0.46904950837012854,0.3986313090066468,0.3513577871783351,0.3986097471971212,0.12976592778414742,0.39848342124426933,0.04015385676020877,0.39853331682462395,0.009702948223519803,0.3984865675128619,0.10379494792987831,0.4013037035082442,0.19413963098464482,0.4052749699651304,0.1268372959766746,0.3995508324539378,0.08566777784548485,0.4048721263019674,0.10060734789711945,0.4015608316626329,0.1240357943955337,0.4012592647272629,0.07723757462280001,0.40139136307902124,0.08449971989717651,0.3984772143540234,0.10328095397600223,0.4011949364866662,0.0038357917521674445,0.39849612698896847,0.0011311254837378642,0.3984642194320982,0.07150798476047004,0.40447806804280906,0.009788261075876381,0.3986503329141518,0.007561542785641792,0.39847085429583756,0.10135885271449219,0.40243315054719664,0.15616560499207055,0.4007992518411439,0.050424610848672835,0.3986384025041409,0.0470355278378328,0.39846941642935674,0.04233680864872014,0.40043204822484074,0.032776458671041286,0.4024348020714961,0.012091606680730171,0.398493231696378,0.038217853704947236,0.3987433551700417,0.05105454181851021,0.3989768865626873,0.05571583074330477,0.400950567166242,0.08080780029412295,0.398471637333804,0.20827586405572962,0.4053675845928002,0.030171178178474367,0.39929415618248665
Stroud,E07000082,2031,0.899124718302561,0.4049821269252908,0.00648381937976486,0.3984860036679478,0.001560320139414137,0.39847990850883397,0.040948780700037046,0.4011113124113878,0.001155182143845468,0.39847084597242444,0.0021794470984298486,0.3984673131396274,0.005639714824735187,0.3986919739207805,0.0008170235242798071,0.39846878541707403,0.004188182900651288,0.39849707532108364,0.003357349956154554,0.3985520196011168,0.0019512881398794785,0.3984742430897633,0.0010478713774626919,0.398471175158549,0.009111649793552168,0.3988455956580926,0.0031054528966065476,0.3985182269145516,0.006290977794891239,0.3985947460877537,0.006364868800062873,0.3986582392929946,0.0009693182235579467,0.3984706822067291,0.005240358939532175,0.39873101230147884,0.49555859113102674,0.4015699791726599,0.3425868448655065,0.3995777581134835,0.12182390957759393,0.39897816938307473,0.03275791988269522,0.3984729264186218,0.007300258567462525,0.3985285965699436,0.17589842102095954,0.4050747713541275,0.22898269751472178,0.40430186489047537,0.1513389980508757,0.40329927676322747,0.07548383672007164,0.4032958447306446,0.10841375300437939,0.4032998760281756,0.0794587180934212,0.40065641615046704,0.06219360930554471,0.3984667558632785,0.046527442138966535,0.40316803389614797,0.07209705617051809,0.40170980154205066,0.01528316328609769,0.3985143692979817,0.0034037334251006274,0.39847873328711364,0.06487257570588767,0.4053642142863797,0.014405145275190226,0.39847671769885207,0.007043696206976924,0.39861668351233304,0.10298606176836267,0.40131275232718666,0.133082963208361,0.3992366895460869,0.026637233831997398,0.39875677782086655,0.03775162012668487,0.3991975575985372,0.05586857273535362,0.40092319386466657,0.028813841735910672,0.3986888668602619,0.012851958592834247,0.398464644635787,0.07227726274650892,0.39855417381409153,0.062168455432910275,0.40190452067779336,0.06210998629219566,0.3998889282164346,0.09407134286672836,0.40021382916764087,0.15230092599883216,0.4033752327218201,0.05376431649843505,0.39911476179910765
Tewkesbury,E07000083,2031,0.8672194707511514,0.4055976747585775,0.005467197324380474,0.39846637250395156,0.003864233268169327,0.3984645041081469,0.04974552485916117,0.40257571417419497,0.0015595789043942737,0.3984730418013031,0.0028851566290163666,0.3984771351549352,0.011999686979284552,0.3991516797631217,0.0016752336512994292,0.3984784342216503,0.011192476768527193,0.39933496785812894,0.005521837890106129,0.39867492675602867,0.002201091366859323,0.39848577793838313,0.001618653452966759,0.39848071390543377,0.00797683565165408,0.39878124982059404,0.0033498339217019057,0.3985652799791284,0.008797221763298668,0.3988310209324766,0.005985568787227946,0.3986749261159773,0.001149381266324967,0.3984726084729593,0.007067277081098777,0.39895971801051316,0.5191050566932245,0.40460490512258934,0.32999589226553816,0.4029127442026025,0.11546678206938954,0.3995057947086366,0.029373713505081167,0.3986446621941672,0.006335736281611548,0.3986361677025265,0.16885687765968793,0.4049899381382801,0.23980611351924708,0.4055652083244786,0.1448220441645507,0.4007778309140833,0.10149079996451693,0.4045546886237476,0.086947811437315,0.40377828702427715,0.0823711782330917,0.3985328889862475,0.06302333869942256,0.39973167488295724,0.051757124092135065,0.4011237203297855,0.061381297220507225,0.4036165849215346,0.013043535737482737,0.3985031397243143,0.001232941128465271,0.3984644056523746,0.06367081749998427,0.40532971796936057,0.006844635210797562,0.39854632307549176,0.005995181712158085,0.39847204413780235,0.09612409763044516,0.4026018693935759,0.1323053273126249,0.40075654676350997,0.03408593620480027,0.39852031741905264,0.03226887055495431,0.401640834169771,0.06133638843372058,0.40290213059110985,0.04151158543133793,0.39954212054292154,0.017161046626374188,0.39875249286210873,0.05980137286002146,0.3986986147374624,0.05727212240070889,0.4003905045786856,0.0819181815559551,0.39889962595011763,0.10352025298051304,0.3997716065391261,0.15410424271848555,0.4046716892592567,0.03775718367705916,0.39902333593304085
Basingstoke and Deane,E07000084,2031,0.754870400763382,0.40600302668463645,0.006495996975189489,0.39849159433309,0.001430812511659392,0.3984671989308772,0.07786142884455671,0.4044324656779662,0.0032005539056454563,0.39848567058926726,0.004184852860437238,0.398597129670188,0.036529854589437694,0.40221617926246234,0.005297904580678692,0.39858780708903807,0.028844733524172828,0.4007510436366054,0.019505198634311105,0.40010405099871565,0.004519680251434149,0.3985057402628311,0.0033984700402998336,0.3985399443307035,0.010488515471347326,0.39884955633328667,0.005730832575239597,0.3986670873493027,0.009495678044767641,0.3986113861447138,0.008232080656719654,0.3987708908901149,0.0028642452681890973,0.3985227030327777,0.01592761123489761,0.40053120695884015,0.4957217242194234,0.39989457664716865,0.34848989712906125,0.39856056739744883,0.11674709838589481,0.3995112088999554,0.03130740356886652,0.3986994043042431,0.007758914606346069,0.39846602063222947,0.16558692592761126,0.4047721396769851,0.24115396806976808,0.4048373088049309,0.15340328237355705,0.3995317730144362,0.0735603450090565,0.40495435026603316,0.0874272217379024,0.4011128295846945,0.0884807019860413,0.3989802899058055,0.05723305916551258,0.40200479070795647,0.05281936417050853,0.3987710502620581,0.08055803585748911,0.40105006284074257,0.007954671317143204,0.398468205599867,0.0015794676768044816,0.3984684512213454,0.04146569877612816,0.4051592913838195,0.007326069777513544,0.39860390483760677,0.007944882296439859,0.3985101809101287,0.08997876336328403,0.4005141099089147,0.13256624621364388,0.40414771756919654,0.042210228001033474,0.3984786181530152,0.034797249914617745,0.3991462826574178,0.10007918225974077,0.39901928148558397,0.035118951598064774,0.4008597577300511,0.016877874124035575,0.39875500176727496,0.0664250144917406,0.3986037941807978,0.06126240340537592,0.39925501034458527,0.07702664150911165,0.4023559517395617,0.08006247906178138,0.3986771792531159,0.15883793232627763,0.4054068922378036,0.03841731757461753,0.3990041281311851
East Hampshire,E07000085,2031,0.8800035706226623,0.4050074765172169,0.006230948336936951,0.3984685924917037,0.002115015657016831,0.3984647531543308,0.054541463627361786,0.40309140228345586,0.00173357767662604,0.3984655441113777,0.0030673699022674486,0.3984657941510846,0.005553654902841126,0.3984915414221479,0.0032366181916113623,0.39858689438772876,0.007946945889100734,0.39846715631919827,0.003665081549411482,0.3984650303412047,0.0014203798046343724,0.39847152950798065,0.000886877557166571,0.3984683490481899,0.00930069092850977,0.3987856853024805,0.002759636730323284,0.3984932546741758,0.0030696295616950905,0.39846616097016446,0.006503827270750384,0.3986508388289229,0.00032019592397131147,0.398475630531961,0.007295766287309657,0.3989424792195369,0.5105886189895236,0.3989499068376423,0.3392800970340677,0.3992254867523049,0.1155090656993199,0.39869029589751837,0.028394685948106436,0.39846722539959756,0.006256318866404376,0.398515396244969,0.20999942943334737,0.4054994585661985,0.23149350799653368,0.40423256210156744,0.14087142892441673,0.39846455945667114,0.07506968434273587,0.4041100349374442,0.10501685811459338,0.4011177765272378,0.09081045527391196,0.39889295772008887,0.05218408078632075,0.3997423658452862,0.03697426435950213,0.39988086585156857,0.05816730950257831,0.4026105499576374,0.011999322611975519,0.39847395288796994,0.0013352510065933812,0.3984643198492179,0.04564827450770004,0.40446039395661043,0.006036201417681554,0.39846895465170257,0.007561609335768271,0.39851487116186185,0.10491678987894693,0.40236079761232396,0.11193215225949205,0.40399735547507926,0.034323874704313785,0.3984643424740263,0.02674675658711423,0.400981021811758,0.06900266159385993,0.39934853000110043,0.03776167894785194,0.3984978904015221,0.016390936376975668,0.3985379785615046,0.08309976572708794,0.3985055483109701,0.07478291162694717,0.4022542739006014,0.05673522456833069,0.39923366985437275,0.11439749687618439,0.39949003421605217,0.14518317992717789,0.4039910863540991,0.05196451546282552,0.39852661007325885
Eastleigh,E07000086,2031,0.8451307736705633,0.40559464799419576,0.004474971391490119,0.39846578829627827,0.00137882465228302,0.3984645229293391,0.05029646256873077,0.4030941153882883,0.0030938298609065745,0.3984720632136947,0.007649308361277085,0.3985628020913463,0.022903449764604233,0.3991550515010096,0.004061924857839239,0.3985723054779233,0.009224263892929796,0.3986412186076404,0.01038150200040977,0.39909529501360586,0.001585462239037272,0.3984685689935042,0.002128576314906011,0.3985078060966057,0.010490868677427656,0.39884102291611,0.00480632846728829,0.39857181527413077,0.005274618501930867,0.3985291104642088,0.0066343265499295145,0.3985974895656898,0.0013156626189550422,0.3984654047198407,0.008485914094264801,0.398868642418913,0.5046070821865829,0.40030305473021893,0.3419707491129542,0.39988340523303917,0.11687404906486526,0.3984722608506587,0.02944943670216582,0.39847941130761033,0.0070946556292478535,0.39850183195705,0.16028066087360138,0.40499592905522064,0.24909815826364934,0.40554637418898964,0.14868513557216056,0.40005192065619066,0.08235871643512027,0.40483503193631715,0.09764387299625943,0.4025104870664016,0.08895078211721744,0.39846437355886144,0.06048768985715869,0.4026555513545593,0.050766801420744745,0.3996199993320345,0.062187999689546025,0.4029329358131002,0.0025070543398318258,0.39846438412409724,0.0014450849988791592,0.39847083825042756,0.04223332622033471,0.4048334461986932,0.007716270432671063,0.3985394771508992,0.007105074590703669,0.3984884629673424,0.11524516290179365,0.40302709494227656,0.12421426483759035,0.4044749192609946,0.049999489917979645,0.3991439009070202,0.02816605618028034,0.4005472998543699,0.05756817954241633,0.40006663424860023,0.036547214945665374,0.4004006740905933,0.017303592118081634,0.39871626713711383,0.06197030201727294,0.39861709982103055,0.0537874413291739,0.39919682889564706,0.07889035212545314,0.4009822776441689,0.10572307125333724,0.3996859713394903,0.16729163316314377,0.404942610746304,0.04213585470408082,0.3987425025997232
Fareham,E07000087,2031,0.9082751025207458,0.404319881371429,0.004197124789660638,0.39846426939870155,0.001136573218419576,0.39846620245227443,0.03131825466134819,0.40093894313147377,0.0013736554798256008,0.3984651256046558,0.005609864409176324,0.398492787700784,0.00858662888792927,0.398561887483971,0.0014128653678821684,0.39847159149501915,0.004899871869207512,0.39851477793864387,0.0050671448273613695,0.3986012719012089,0.0021673121773041204,0.39848418915986583,0.0011934037154521376,0.39847558525608634,0.00640020677762098,0.39846792148549987,0.0026711894303396433,0.3984890148173205,0.0032846237136792134,0.39846908353911636,0.005545758536500078,0.3986149779214471,0.000919258270086651,0.39846423209891796,0.00564440415587375,0.39873532445213317,0.47844763294776993,0.3991091938097513,0.3555646792285709,0.3986335762025201,0.12556189093636427,0.3986186385882178,0.03328948391936018,0.3985215078781526,0.007149471212734848,0.3985103768546659,0.16340936958475716,0.4044972414122059,0.23451678546757915,0.4050316992875144,0.1748759142419154,0.4019641505355657,0.09444253397294444,0.40374972912690416,0.09113706438484326,0.40157703883868445,0.0797219331023542,0.39890832152890304,0.05902879395431038,0.40253338914902037,0.04250265992816782,0.39946863981170483,0.06079518538391193,0.4023105865673688,0.003460303091103442,0.3984737188933922,0.0014531842377778353,0.39847401128905663,0.054650784084152804,0.40469607438930194,0.006991500659403486,0.39846452895382356,0.007132255472183643,0.3984701470005565,0.10727028639929337,0.4031049379619382,0.113117735876755,0.4039484803418319,0.04586985368476659,0.3988378124028476,0.029718825305468988,0.400112066796596,0.05528865479198175,0.3998363522590664,0.027707889418221443,0.40060245901820346,0.014690018965906354,0.3985409776281791,0.05888256773166861,0.39858093013374885,0.05937610340444954,0.40050935732035015,0.13094389624516856,0.4029890807726581,0.09737459883104849,0.39850052738032876,0.14249086235100838,0.4034938816494321,0.0434244609468221,0.39847967241299603
Gosport,E07000088,2031,0.905157501607095,0.4043375117294847,0.0037774994145610705,0.39846422042436414,0.0006341783447021444,0.39846507953697347,0.032936049655777566,0.4011509834435482,0.00046113198961625357,0.39848959153128305,0.004990160308973007,0.3985448130244384,0.003074480829953319,0.3985263940587664,0.0001887975608350044,0.3984647095352566,0.006793226323394963,0.3986588628928226,0.006787557837638958,0.39858156816320306,0.007594573945698069,0.3988542771528017,0.002333494652769247,0.39848688326817694,0.003218336170239533,0.3985169244079956,0.002901410074719557,0.39848393211823524,0.004476258570524624,0.3984839792958213,0.005980181923986638,0.3986103895253226,0.0006144262649485583,0.3984642345859411,0.007793089565658606,0.39892618985290296,0.4134560471459938,0.4044029705651895,0.36586515027577937,0.39866285454647044,0.16008196897067783,0.40260756251383806,0.04850568828344137,0.39959136435919307,0.011950479782618983,0.39852111090509057,0.1173501060997264,0.40239953105007364,0.15246657422430454,0.40358957789308464,0.1566883257506888,0.40007972698143096,0.09404718936862855,0.40213992898724665,0.12111357756242547,0.39887629555909976,0.1306500967840094,0.40220047297816397,0.07552214314598737,0.40051711201259826,0.06134752350593531,0.40015015988221614,0.09084905831581125,0.40397550311134245,0.0010278091296209877,0.39846423095906225,0.0010275698821922696,0.3984677966264432,0.040401389262715526,0.4054533613169657,0.005172328596186659,0.398511857119345,0.010117981877356186,0.3985960617336997,0.11980171668012662,0.40465425383267634,0.1406015814721504,0.3988807318498316,0.0447902393778703,0.3988475439649428,0.04560321744533691,0.3990689891971829,0.03905195300460784,0.40045126990236607,0.01088900934934478,0.40085823957666894,0.01181799813416927,0.39848837332048087,0.035992854057012275,0.3984651019309775,0.055143564348927254,0.39846532581640287,0.13169479145164775,0.40182555826920574,0.09105038008204192,0.39942438618953785,0.17841031911059702,0.40516748804823427,0.03756300265656953,0.3988632575993821
Hart,E07000089,2031,0.832144514294364,0.4056273275503875,0.008400516261934665,0.3984898131524163,0.0019654032897426787,0.398479279575911,0.058871320281072226,0.40303363728849206,0.001741785539368615,0.3984650861703725,0.005651232380373947,0.39847496397521814,0.016755078095566645,0.39911922043617076,0.002799217709250179,0.39848624360781365,0.01824593039200173,0.39944149080826113,0.007357371039230287,0.3987333128202323,0.0025629282128300443,0.3984694300848243,0.0014010707061209576,0.3984715348422863,0.010917399489919766,0.3986237557631458,0.004308555064748754,0.39856145526567976,0.00477314739333376,0.39849014260742494,0.008704365052474516,0.39884468826065617,0.0013128109903911452,0.3984648674472441,0.011381085983394268,0.39958181904550594,0.5475592278049473,0.3985557911085709,0.32718473127429243,0.3986517328757552,0.0953361543267916,0.39856673712701157,0.022996626469559578,0.3985335118609004,0.007002068016689261,0.39849137259916956,0.22336603904078434,0.4055532100183374,0.24385057941616872,0.4022312532477568,0.17777437070224777,0.39952657664644337,0.07149868134642556,0.40479470475495904,0.08465928050178495,0.39988102301937756,0.07201715707732875,0.39855995026667496,0.04405999902094093,0.4022265177025988,0.03200846034930571,0.3989752468987565,0.05110308923721929,0.400352857014747,0.0040915754735967695,0.39846467000591984,0.0024417146919632135,0.3984642516148292,0.04214709810924466,0.4031243472098753,0.006866500852125035,0.39858569115974557,0.008016007629472494,0.39853388733805245,0.10070294237065225,0.4037354929259768,0.10481173726790649,0.4041889582724606,0.0330114660422991,0.39981222928569815,0.03711176055635701,0.39910621532433027,0.10802266668916066,0.39873837100281895,0.04486956814346778,0.39848346748004787,0.017030815833943114,0.39871923604554976,0.07838668124463277,0.40017323299612284,0.0643970322840981,0.4002023519098274,0.08762001146121401,0.3986995436449013,0.09331550052667914,0.3984816764876061,0.12232430014438789,0.40417320692691566,0.04488146952632288,0.3986025228877054
Havant,E07000090,2031,0.9114557508353025,0.4044749249018969,0.0034153833924850663,0.398478119016544,0.0005799978806444511,0.3984642536372305,0.03190932015336423,0.4014777387809021,0.0015775595539911577,0.39846543297485054,0.004210458234292447,0.3985009877482429,0.010311513422040175,0.3989646396479073,0.000579080788940109,0.3984642231002297,0.0052819430883045415,0.39852654822971506,0.005321165391891258,0.39860934947351967,0.0020176804700637874,0.3984985403599472,0.0014431845733024473,0.3984726289372059,0.0041074243981129716,0.3984724728109325,0.0041742246432399654,0.39854432554278985,0.00233475618918913,0.39847868390066277,0.004481051990098683,0.39851689970123994,0.0011266183017788964,0.3984680619184759,0.005368840002653308,0.39872620617872306,0.44295867459570576,0.3984644662645528,0.35295324052387955,0.39888925399564834,0.14770705535119666,0.39884134542077854,0.04466370960589941,0.39851014207269286,0.011685152626192352,0.39849047337607213,0.14192540613665017,0.4045054095294234,0.18153849685265122,0.4041715727732963,0.13545245646089743,0.40265457586024195,0.07361159732260614,0.4044574530823618,0.13311951101744107,0.398725203576982,0.11700482758528796,0.40117353627716085,0.06894345982483685,0.403311996395749,0.061075860030729956,0.40195178450053487,0.08741350038538309,0.4027213339681567,0.00402240369464979,0.39850572442672516,0.0006120808030846449,0.39846444327754554,0.050187513097264436,0.4054776033343918,0.010822612647735541,0.39878928926169527,0.009093542626374462,0.39847183339296594,0.14632475567554604,0.4044910243001977,0.13930603256052398,0.4030116455579958,0.03798080361099476,0.398813192944187,0.043856685905881765,0.3988121619558408,0.0424794819307765,0.39873871251201143,0.01900443853101841,0.3990106647940251,0.014935138980636864,0.3985793946795892,0.04396403622999323,0.39847371533924225,0.0590765095918685,0.39886210048114795,0.07563835977268263,0.3999442632539798,0.08810279474092339,0.39852271862075117,0.17388551587119938,0.40518885034072516,0.040762330770778676,0.39870452785864857
New Forest,E07000091,2031,0.9155125090247154,0.4038378013350969,0.00477859479597862,0.3984643107517605,0.0030547582588926897,0.398470323330698,0.03660384745851508,0.4012049543945664,0.0009003645465235667,0.3984648105270952,0.003018080322884212,0.39848135802157236,0.003872982596519095,0.3984844491532342,0.0006203824330768479,0.3984668018998598,0.006008835546822272,0.39854893962339044,0.002669330644352,0.39847348919152437,0.0010406848803161187,0.39846504348102013,0.0008053370624902909,0.3984642191234526,0.005664326247791535,0.3985349543338831,0.002632698689325891,0.39849877574639136,0.002944216798521769,0.39846716036703844,0.004683673355469625,0.3985497756018346,0.0005793829128415869,0.3984646335286024,0.004403073582480127,0.3985527042419454,0.47076560644218524,0.4016865858130164,0.3516223209709525,0.39912232952906096,0.13072911690442712,0.39971931570680697,0.03631345404171768,0.3985067732792085,0.010664545485085386,0.3984644209615834,0.18211905374466664,0.4053206246279436,0.19451941601675848,0.4039595987461792,0.12870318969293798,0.39883122106104246,0.0781843472415531,0.40441102504195525,0.11566096939154402,0.4022637492155161,0.10517806799329384,0.3984704274330973,0.06493676386560654,0.3991200994277552,0.051644010245796235,0.39991979944298967,0.07943191499288904,0.4016744511126181,0.01194002971626773,0.39849765394040065,0.005417748999696104,0.398668705676499,0.04390799868597739,0.40477069432358787,0.005763729938788646,0.39846849028771414,0.006486631135360618,0.39848030635736365,0.11671858649231348,0.40310574502289787,0.12669304867259834,0.40287899510730824,0.04005016562312902,0.3992860830397207,0.04909787817021427,0.4005648934389452,0.04181759152170428,0.3997443832526662,0.02899747277818676,0.3991610778708455,0.019457215944862466,0.39855609321372976,0.0691506168713922,0.3984695529105363,0.06254476021549937,0.4009702464501192,0.05120711815303544,0.39853545854899325,0.08860189007623176,0.3987903672687378,0.17939912403343605,0.4049167171858792,0.05283010755148851,0.39847619406233614
Rushmoor,E07000092,2031,0.6168675726083528,0.40611026803688927,0.005567577974561283,0.3985252675351594,0.002149713947191087,0.39846771173638085,0.07571856972090263,0.40457694748734374,0.0037363026851246206,0.39849759961244846,0.004872492448798484,0.3984667767629311,0.02807249136382084,0.40057192960739135,0.017612938543022594,0.3998526386568027,0.1351024808538357,0.4053153389217098,0.017071669486759422,0.39882782018071355,0.0073137291517086644,0.39849927095207505,0.0062925045263543256,0.39868443961159783,0.009714377679641395,0.3985773641343719,0.004600434313640239,0.3984770722664987,0.007509899601784664,0.39847460303553817,0.007821927965673159,0.39859419271672103,0.002169600573508873,0.3984719703019599,0.04674743000640991,0.4045386120780429,0.4903712793751973,0.3997453527054058,0.34270503541590736,0.4002594436239591,0.12809445574950562,0.4019183350445773,0.031411716217817076,0.398627101288835,0.007409282897774663,0.3984739627127998,0.12706873263680318,0.40314037279427817,0.20253630824596236,0.40520875613245044,0.14546863565431,0.4010391400837366,0.07387568497862329,0.40467018313803255,0.09341817194894508,0.4016381412423388,0.12671699046526186,0.40318986230952625,0.0655172483849027,0.4019710247282562,0.05536022941586205,0.3991049077174105,0.11036755672901766,0.39873807829851027,0.0014100230535032884,0.3984666125321418,0.0016547388415102116,0.3984731023435505,0.036626268595449485,0.40382782927472083,0.0037582304986121806,0.39846660558125513,0.008918098342037967,0.39850744674069827,0.0891153722472171,0.4007765274557014,0.12847879115827565,0.403388398248348,0.046253389352381324,0.3986494663459735,0.044277469525888624,0.39958695214476314,0.07096336197352116,0.3993829586576622,0.02752957445638282,0.3996333698931047,0.012664881030162223,0.398551992771719,0.04532535979122798,0.4006843227829148,0.08499786329786851,0.4012801393280777,0.08711678894146413,0.40324338716722524,0.08098523427935944,0.39934192242257405,0.19357175531446735,0.4057388990048661,0.036777612776060065,0.3993156045595933
Test Valley,E07000093,2031,0.835104683252121,0.4058093675197584,0.00468876169715024,0.3984642988125218,0.0012914187741073805,0.39846422626129185,0.061200642711360054,0.40386038796947304,0.0023614748105351135,0.39847655808992155,0.006591571957076381,0.39857844550168925,0.017362912496791116,0.39953464625735813,0.003915259726377629,0.3985662515473626,0.014754244223722957,0.39943827940725624,0.012579451971799216,0.3997506701291601,0.0023976324735307253,0.3984818230112827,0.0030040481473402603,0.39853936410398727,0.007900517355381886,0.39859332795054053,0.0036579555216530446,0.3984977817312602,0.0037043001450630733,0.39846716542802085,0.007201224211249135,0.39875065929149883,0.0016802706855618132,0.3984675549824825,0.009761215896487374,0.39918807191942834,0.5066191214223016,0.3990093467740068,0.34144421493891136,0.39873564925130117,0.11256423522202402,0.3986507963310807,0.030945515752682506,0.39848608099600646,0.00844398369824715,0.398467470956516,0.18188666584530822,0.4049275791611391,0.22827008900438184,0.4048008336871514,0.15038655301075887,0.4015060152858209,0.08857794535737362,0.40412110450524164,0.0874748038529356,0.4024174729637992,0.07480046806524321,0.3998263841851469,0.05085934755154575,0.4027033065279647,0.05628746635803905,0.39891648671348906,0.08187367908039311,0.4000928727885715,0.011093430796366321,0.3986794853395453,0.0018001870189644636,0.39848114046183664,0.057632141108313384,0.40440961039788054,0.005109048501959951,0.39849961051584104,0.005317324634822249,0.39847058318459083,0.08830990148031326,0.4005242621008145,0.13665333502346044,0.40246556555056245,0.042121156345386865,0.3984847094894422,0.03428098768460108,0.3991190434748171,0.05966794364966099,0.3995168837868499,0.04000979406529681,0.4015523271827845,0.016223588099117368,0.3984646245791887,0.06857795341999276,0.3984667024763354,0.06059436018869735,0.40092273984386584,0.09618697258832198,0.4015967638393987,0.08766928463044421,0.39897294351623536,0.1511043817998292,0.40481327382331905,0.03770089097288887,0.3993974960227192
Winchester,E07000094,2031,0.8442395461171399,0.4056209082022546,0.007846195776786885,0.3984984324169455,0.0035943967819889455,0.3984894584077409,0.059521550767529074,0.4033732414698246,0.002342528663692278,0.3984669339026212,0.006059776513638392,0.39846575541760926,0.01151015066084582,0.3989152329687677,0.0024203918585622985,0.39850164395875354,0.01628638042870767,0.39936351725718694,0.005637274056466135,0.3986331520545249,0.001853658950078045,0.39846918096851436,0.0009542466086631327,0.39846694806957883,0.011490769605441487,0.39888874639281025,0.0033888552543168138,0.398512033500308,0.003652488080232247,0.39847562864288216,0.007991125024382262,0.3987072902510663,0.00196090507018358,0.39847881648860783,0.008573254534715469,0.3991005191087705,0.5327998482922411,0.3984739432690515,0.33110072171101185,0.39861602761395026,0.10181651473498166,0.39869962639158957,0.027495849871841872,0.3984694354192761,0.006771049050593211,0.39846968110691944,0.22210594036690878,0.4056813632586464,0.2847329036122934,0.40357807026301545,0.14946881571215387,0.3990750812093046,0.06478944355163563,0.4042639279980031,0.0717254551440134,0.40257172298704086,0.06778055671361283,0.3994282387117786,0.04518948012348489,0.4017185684292716,0.032329846501893134,0.3985635831745743,0.06239822177604104,0.40237107817683404,0.012263752558769991,0.3986656684859246,0.001521712991103305,0.3984674034644531,0.043832677204294956,0.4011913314759125,0.006523863677083519,0.39856489352475805,0.0040456614762096055,0.3984989871593394,0.08445814949768415,0.4014125790353298,0.09792171091809765,0.4036811907390246,0.031092593651909695,0.39867066810786983,0.03754730242434623,0.40090635141009967,0.0692797097596296,0.3987621585547502,0.035366187938378174,0.39853834585842424,0.017199331798569396,0.39846608403998646,0.0893102905194163,0.39858798531545325,0.05573720047351394,0.39999645541517237,0.0960095804643819,0.40114781840096814,0.10704927891751992,0.40007804064036134,0.1650374069404572,0.4044281722728434,0.04594452012775818,0.3986287703060964
Broxbourne,E07000095,2031,0.5632738349350177,0.4061479071075562,0.012510698358048855,0.3984943165874214,0.00156086621737704,0.3984642200388651,0.14168133539931116,0.40539595059266664,0.00465337682366046,0.3985866529062561,0.004980235516489601,0.3984957837808029,0.019426135893659824,0.39986267340399495,0.004908000226621578,0.39862066440169996,0.016155005298354563,0.39928397328750614,0.05260016134971446,0.4032671922121649,0.025607648238431313,0.40002588857569604,0.01214375399345402,0.3992497082687365,0.009727292027093437,0.3987275331686437,0.006428853285201264,0.39866350798488787,0.01791178783274705,0.3995732759487878,0.022035912832305105,0.40089057186887767,0.0026612825103995152,0.3984851602699772,0.08025787056967548,0.40560830361700584,0.5252696298015387,0.40490457561236004,0.32205325428365583,0.4035999976701158,0.11157489350967831,0.4000480132559981,0.031946077189681676,0.39867544166198143,0.00939554022023062,0.3984788926844818,0.1673992991402633,0.405268714367527,0.20011281346971543,0.40568654491036243,0.14387011616990542,0.40235256303179984,0.0905200358626912,0.40535238988933625,0.10386012336384276,0.4037828674748472,0.07986683019763108,0.3991631432065385,0.05894320300336897,0.40279213011120263,0.06669356393168568,0.4012908341711137,0.08926037911800955,0.40078936231018547,0.0018465590214040983,0.3984926168453732,0.000523331484632357,0.3984652009795633,0.03827511819851237,0.4031556213008566,0.005450334362818124,0.3984826976340256,0.007089319208499145,0.39848900408942395,0.13278599226290755,0.40022758287796484,0.15468510194495355,0.4044324204217157,0.057157467326542255,0.39939672836268814,0.041369694917550076,0.3984878036763443,0.047201642257024945,0.39986437568302535,0.03647653340901469,0.40163836739141745,0.026007091492250778,0.3991357754422523,0.06503310530006667,0.39874602669240033,0.059066207534534954,0.3986967614808675,0.04782268589379857,0.39862121864924593,0.1020808873576704,0.4007565658847529,0.13131591590483627,0.4050173033095835,0.0457995815527687,0.39861632495105537
Dacorum,E07000096,2031,0.7150479905199418,0.4060472012691136,0.014508845010752586,0.3985168856651266,0.0009168579883800515,0.3984707054706655,0.09721317567666787,0.4054110353758849,0.003935946886956726,0.3985178403646935,0.0043650500383866225,0.3984796910560781,0.02746518246535201,0.3999425678247814,0.01944271265743258,0.39888336898884014,0.013163991329024516,0.3986715106429032,0.02259337671366024,0.3994546561565179,0.008042570764977053,0.3985840800916887,0.005398975819942531,0.3986384664014447,0.014895873502030588,0.39930794918141427,0.006225931207808122,0.39863501729367495,0.012937941758601967,0.3989671217166941,0.012282262319938342,0.399156495537806,0.003928198222920898,0.39857269725558236,0.016496736246053745,0.40062746510516317,0.5359421077026956,0.403751625481924,0.3208714180499408,0.40176584636087304,0.10574251409302282,0.3996935835234112,0.030125827769082902,0.39849447310551184,0.00747265630543055,0.3984846951543847,0.20027762971412955,0.40553855494111557,0.2316520446375483,0.4047135558320691,0.15352063004689892,0.39856577312851316,0.07112012745918594,0.40491737206585665,0.08537621747857038,0.4020377293667931,0.07499264028666408,0.39973278235401316,0.05301847194862841,0.4022843119233983,0.050775921098875854,0.3984982217071742,0.07977634899406794,0.40013719216381793,0.0032079638175196504,0.3984675027996595,0.0007745274773676182,0.3984643914962293,0.04333786211199353,0.4022717410547443,0.004291466494806412,0.39848786659656676,0.007723623244616035,0.3985429638169653,0.12023046895433742,0.4040521906169319,0.1356164092494634,0.40417712304273157,0.04923357671111339,0.3985896133373124,0.042610558688060435,0.39851804281098235,0.0757302893107078,0.399116587252689,0.030428846825844458,0.3996580461033879,0.022285566004558333,0.3993735769178313,0.06982720720161151,0.40106955983042364,0.06520186266018513,0.3996829572878784,0.045336760636933926,0.39885529067184,0.098877566407291,0.39846432179023944,0.13522195932976677,0.4041624389620021,0.05020124895978395,0.39881432868542777
Hertsmere,E07000098,2031,0.5046548448541053,0.40615114481816217,0.0187147679789596,0.39855711715150344,0.001557769749322118,0.3984642234682113,0.16686793536104538,0.40585642790076015,0.00471345486025429,0.39854442249503697,0.010447223819818927,0.3984869426760588,0.08612991941974801,0.4049393832962752,0.009983304448958674,0.39886332053983076,0.024421042069353305,0.39866009543610614,0.03886108237533026,0.3994665247805412,0.010856261027254344,0.39884031856405655,0.006888053922914417,0.39859776672483915,0.014303799453707411,0.3988977006877486,0.005549365429629305,0.3985048720268182,0.010749832163441664,0.3986813788581392,0.017816605494498372,0.3998601317327902,0.004695253211375261,0.39856565393944887,0.06165014829883031,0.40512294591321935,0.5537213969790771,0.40428925034889096,0.3092621565169116,0.4017334030021152,0.10105978014598649,0.40037716203081763,0.027441845094829553,0.3987564019239622,0.008758618936553483,0.39847090827553616,0.2111205519930568,0.40561604547236685,0.26962695228853395,0.4056398297355982,0.13740344795837534,0.3994231297439968,0.07946235230834642,0.40521337847644484,0.07836445439912954,0.4014392992684685,0.0727645583173544,0.4013141147947088,0.04327776403754324,0.40307739705584716,0.04484627839016708,0.399341373686074,0.06398111386682515,0.40019012175842605,0.0022800485314822816,0.39846602930860664,0.0006433162092046459,0.3984642374522429,0.030243427917057586,0.40070191943546224,0.005425376345863903,0.39852531125850776,0.004735359758369348,0.3984652046695181,0.11906350462960447,0.40450391870993835,0.1074185547612938,0.40528783797031664,0.03684761601150344,0.3996766245287607,0.035670046653858756,0.3990633799479995,0.06972057675771026,0.40029151870603963,0.04332694531541703,0.40062214177615596,0.03861685523979652,0.3999780935008961,0.09960817785806153,0.399058491899551,0.06173712716597124,0.39913371588217855,0.03580696744765388,0.39955832106878497,0.11143798056076848,0.3992322354607073,0.15377092460087916,0.40456822901499057,0.04365979282752108,0.4015044654782955
North Hertfordshire,E07000099,2031,0.7773611185732925,0.40557820648079695,0.014239416693504925,0.3986100870075686,0.0003249936179383142,0.39846427915022203,0.06397762871237678,0.40333131596436156,0.004815711288267077,0.39847619809535545,0.004317475788204517,0.39852254329081455,0.02992868006853519,0.3985642960004282,0.004692420678336751,0.398490143684892,0.007059844607197774,0.39890887433967415,0.015022611301790278,0.39933061375032436,0.009426729786893018,0.3984827437597623,0.004400035157413995,0.39852808259660144,0.014570713111703215,0.39917247976956377,0.005172170692194666,0.3985690574431837,0.015618387072989848,0.3986808990375015,0.011562397742011177,0.3989839380220417,0.0031912857038206566,0.3985227529766001,0.013687415268822556,0.3995839881583941,0.5096870913166578,0.39923874345107474,0.33929913797198175,0.3985103445710601,0.11299561632422556,0.3987693459316953,0.03026686797796592,0.39847490971258465,0.007756672849540645,0.39846591224643835,0.1936853080613723,0.40547297772633195,0.28826437492612556,0.40548538913369586,0.16081925748426906,0.4006158351951201,0.06481145472772365,0.40480123538574464,0.07527111720299873,0.4024850077201012,0.06614881321853927,0.4011032554750112,0.052966374615130096,0.40109898893443463,0.039403785116218115,0.40170372325443526,0.0593081991280755,0.4025467778338494,0.006359150339935295,0.3984642650142114,0.0001801584946591328,0.39846670889523605,0.0712783122857159,0.40336195224813487,0.004918873977114241,0.3985528799448082,0.007712880308434894,0.39849509410247924,0.09114185095657401,0.4009527116923603,0.11781015027851272,0.4046163460802344,0.027888003450927012,0.39970257582398566,0.03522538923249574,0.39848703072484054,0.07703145147552082,0.40211328582085754,0.038459198279267026,0.3988165919948157,0.01753611918685013,0.3984642813960522,0.09878350159059701,0.39893940816493134,0.05522509897283345,0.3995495933099768,0.06122157905380743,0.39888712926373765,0.10182465757341949,0.3985324522457429,0.13822890191589599,0.40357785169345,0.04894154689253369,0.3985232207817991
Three Rivers,E07000102,2031,0.5622699472831982,0.4061428565596079,0.022128263157918215,0.39852727448805586,0.0009291368121557067,0.3984642271660438,0.0945842100225942,0.4049754954220061,0.0030147604062964184,0.3984846882261545,0.008405196456408554,0.3985024186045819,0.15680166739585744,0.40585849284459,0.01801410916665902,0.3999044710256636,0.026051068535143496,0.3996571786808279,0.016357029652121935,0.3990158001192494,0.009031166906319082,0.39853097712361746,0.0036518006683975424,0.3985179648232205,0.019695518487460095,0.39984752999686407,0.005198348420269783,0.3985999992111054,0.010407566080263608,0.39874072680893985,0.013726583793564617,0.3992187596939269,0.004800012169646928,0.3986183940564199,0.023611915078236567,0.4018896227326519,0.5663217620084158,0.4053156843283834,0.3055461562342403,0.4041441595605755,0.0970174800487491,0.40074774938522784,0.024636146344716336,0.39893877319430227,0.006771640051463995,0.39850126684050685,0.2237832503566164,0.4056123109467932,0.2853770793735704,0.4056140930251334,0.14382984966262202,0.39911439945951643,0.07819345433603342,0.4049198680855847,0.07912011806325192,0.40163899095481687,0.0631552263529147,0.40175624195776366,0.041245314569333225,0.4015521941371258,0.03291803251820968,0.4007083308974201,0.053308633126743166,0.40155796502617963,0.00199736288200943,0.3984654293755601,0.0005799796419598893,0.39846727839006885,0.042050554814537566,0.3994492540602129,0.004639942054195906,0.39849797445134594,0.0057415241063421135,0.3984812615669898,0.12056015468292403,0.4035777985875076,0.10621114980665336,0.404746696476682,0.030207595844387924,0.40167656488726544,0.03233504985227631,0.39892464556300994,0.08497761437264328,0.40200517071382097,0.04224175107894812,0.40025124468310713,0.026754448035869682,0.3993934291564846,0.0884633103550001,0.39871375479109505,0.05802170923114891,0.39890661075085937,0.04639388236863495,0.3995527299789654,0.11476735463267973,0.4003029494061759,0.14879296157874666,0.4043172799101501,0.04537243610405328,0.4002323625241634
Watford,E07000103,2031,0.2971125104219965,0.40617065315689305,0.019241440874328664,0.3986438557876801,0.0008863243882451625,0.3984648464194382,0.18075349168562838,0.40590232814033766,0.005611747950919427,0.3985003575785256,0.010901706040744419,0.39850967987033514,0.14006489207429595,0.40576313125021407,0.0927804813754034,0.4028017384441148,0.060755714805307504,0.40113799005179995,0.042446048142025905,0.3992177833080376,0.016654158220397244,0.3984692880276759,0.009755092087027961,0.3986734521373574,0.017052286264018446,0.39904672681908004,0.008912494045909991,0.3987233652103453,0.014416884944856101,0.39862942219848707,0.019655998814162468,0.3999305941660095,0.011558801749081526,0.3993377973937793,0.05006188162495118,0.4046759226717864,0.5469244355784415,0.4048150752801639,0.32238253076380774,0.40288024619312696,0.09775702563217847,0.4001031615244874,0.025439528382577126,0.39910738047716754,0.007795468853879023,0.39848222434384434,0.14765805384538844,0.40455110953484585,0.2656603589422133,0.4054955958325017,0.12481933836872505,0.4019422711762676,0.06886813667780611,0.40493908113371385,0.08592662301386755,0.40061862174308627,0.0840937615018314,0.39877671580892704,0.059216607602049276,0.40266294089487736,0.06375554843394171,0.398885810562749,0.10040877252155947,0.3984747360490728,0.0005339595492136889,0.3984649136089098,0.0009448722900005854,0.3984667101196664,0.033031157405909894,0.4021591588234507,0.006484885581353739,0.398654676429088,0.004078028322170357,0.398523285557735,0.10968953072270615,0.40385642754201284,0.1369629419055216,0.40403269576378037,0.05530899835799774,0.39897486984206926,0.04798102909600874,0.3985408772684424,0.08330705262751059,0.4017549700156555,0.03152336936018085,0.40067686903832306,0.01781291906917759,0.3986102709713794,0.060413475621778234,0.40026899017541895,0.06774266211791091,0.39980044708412804,0.031676146489910684,0.40135040622164225,0.08608742066017161,0.39895841023840634,0.19530797708145275,0.4055895022109189,0.031682604266062064,0.402520371066661
Ashford,E07000105,2031,0.758061248577814,0.40602757454426186,0.005322884426654864,0.3984800855180376,0.0058149581726758826,0.39848851074683556,0.05490281397041885,0.40243280373445833,0.0034667437547824254,0.3985148199922068,0.005034614678099458,0.3984910612758591,0.01766836514197445,0.39958184062297397,0.004674933396779657,0.39861621544450476,0.05042257181264409,0.40360594530624083,0.029488998442463554,0.40211299100078896,0.005802635585753169,0.3985919901109338,0.00434577308556211,0.3986336168587325,0.009163311833599919,0.3987859164907909,0.004570031754041082,0.3985570553288966,0.0070299812939974005,0.39854601754769403,0.008116990131593504,0.39877264212445734,0.003709946410691889,0.3985872133147736,0.021123209634178686,0.4015421862359659,0.49324939110926436,0.4012976737584012,0.3390129761300331,0.4000680665550529,0.12204098868912694,0.3988507290226842,0.036228337347494366,0.3984765629072956,0.00950683664145495,0.3984817673004499,0.1660557474553057,0.40468167721616977,0.21189296546637415,0.40516462561905414,0.14269398273182254,0.4029209798948677,0.07409554830106257,0.4039707568945797,0.09833196834232716,0.4038738567726986,0.09092907033969509,0.39847503791017114,0.06399825914042534,0.4029068802414533,0.06424900863723881,0.39935068271358093,0.08812216419366292,0.401938129868225,0.01471946548257283,0.39851006414229734,0.00016720914596730918,0.3984701737493077,0.04676448990766069,0.404410538198068,0.008117276135138879,0.3984950092547946,0.005723115277415702,0.3985089340804867,0.11639905782636406,0.400403080617856,0.13742302837148213,0.40386574384098833,0.04786864887620146,0.3988682605159254,0.03737856722566857,0.40054157426217313,0.0424420702364845,0.4002641421372782,0.031113260992233382,0.39855242817172454,0.014099453196710576,0.3985738580658903,0.058235166663333116,0.3985826486293991,0.06701088318538084,0.40014433014226974,0.061389927175780734,0.3999188051264813,0.09016308600582729,0.3986100785305628,0.18917138421518676,0.4054121105876319,0.03191403725419706,0.40126994166676644
Canterbury,E07000106,2031,0.7751002412113053,0.40587933358587963,0.00831901045059132,0.39846422301978773,0.0024926127514149363,0.398464223427413,0.06821769910759024,0.4025302727610372,0.003784499656738771,0.3985274598582247,0.007763556927343179,0.3985066365831179,0.015668062194269528,0.3989573757264346,0.004808783678896589,0.3985723268173565,0.01483523447180457,0.39864611431175995,0.02815237745741861,0.4016917271191633,0.005294053989523068,0.39854499537074417,0.003104217301956591,0.3985221675155808,0.011870863946372268,0.3989344503890309,0.006319062112100038,0.3987177507509174,0.00794044718925635,0.398628289325105,0.011535421186768424,0.39912279721653565,0.005850751992760306,0.3986039389530296,0.017912115377163307,0.4006870565106794,0.47229425768149236,0.39869610858367505,0.3473162555764337,0.39847945441415467,0.13009531099675337,0.3986457720637338,0.03852297513421271,0.39852339465676856,0.011771426324049962,0.39846819307528236,0.15068090082514285,0.4047152263623811,0.23548322111617814,0.40347489359228295,0.14406422466194524,0.4028422502703258,0.06909149524824842,0.403344289320059,0.09498841105523637,0.40152384009867853,0.09531681392018898,0.3990484495918714,0.06521517572387481,0.4032411545578645,0.054170145776851586,0.39864553359271504,0.09122885531336244,0.40204332694442296,0.010315942045345389,0.3985209363774315,0.0005389536912536168,0.3984643967511857,0.040144698562468495,0.39983682512578644,0.00501063612979008,0.3985110378416431,0.00474036673635541,0.3984691891442589,0.09899439612652783,0.40109536377788574,0.1332785049851717,0.4040291566388416,0.03614121416796445,0.398562851729069,0.05170288900834108,0.4004478145457473,0.04412038356755965,0.4013582973808241,0.02210412271849238,0.39870446934301024,0.014375230095896113,0.39855292063879466,0.06030558694909752,0.39853475845161956,0.058080540791583424,0.40161638071898054,0.0394490276416819,0.40127761585702926,0.1530158057198575,0.39958694678828777,0.1811056948471128,0.40405892416340017,0.046653269969887334,0.39862514579834657
Dartford,E07000107,2031,0.5192862187119012,0.4061676177614232,0.006058031804016539,0.39851072773868185,0.002783168877962521,0.3984653034767554,0.0872471941754327,0.40500294299712164,0.013475539605469544,0.399482028389651,0.014315106349984785,0.3994311022309378,0.060127112443629116,0.4037648294144068,0.011059910654338312,0.3995163313346715,0.03793327646198308,0.4013352615755958,0.13907626157610053,0.40593559868525186,0.014320452056936883,0.39951522917996335,0.01984061895970135,0.4012306271976026,0.009634027009611495,0.3985527389027731,0.00875893216907464,0.3988304729486953,0.010768973544118265,0.3987293111132732,0.010715163980452802,0.3988794673380905,0.0025030507318222067,0.3984704532475599,0.030361561427507677,0.40263932290106796,0.5614627230303606,0.4056483372283173,0.3142001326675783,0.4039403780493307,0.09372018401780213,0.40316348444030303,0.024161274850903136,0.39964915746396934,0.006890163134733063,0.39862263286727867,0.15340377374124525,0.40499328144870717,0.26580400461234,0.40597817438955663,0.13923306657554546,0.4008169370314148,0.08575795248807783,0.40535384328033697,0.08527893908273931,0.4044583337128846,0.0763989131859204,0.4002345834319754,0.047272858105454674,0.40468033918805346,0.0634664652480923,0.3999541384726293,0.08395793403798057,0.400960649279732,0.0011753030132148068,0.39847725220138663,0.0008812569465825721,0.39846421921507585,0.027600662200097048,0.40417610470382953,0.005522579230241242,0.39846699063082425,0.007519072275880834,0.3985831496102898,0.1302981952646154,0.4023458289915052,0.1197530156925577,0.405215582955051,0.06447732292287142,0.3985066646447776,0.03956352363266011,0.3985477143805294,0.06049695963439028,0.40277873102672956,0.05130071932652647,0.3992081520496678,0.0250454408778098,0.39973126571115003,0.06718391248475186,0.39904004614511435,0.052575152878382825,0.3985138908942527,0.056416344393505624,0.3987878845956968,0.09054264400310685,0.39948995738727505,0.16358963745337185,0.4047754089987751,0.03585728792944021,0.39939606910077335
Dover,E07000108,2031,0.8761131778277216,0.4051392065155465,0.0059983495688832045,0.3984750515165805,0.0021474530582403836,0.3984642570593388,0.0459811193938624,0.4010625408247546,0.0014299750276096672,0.3984643043155001,0.002747899014276734,0.39846544222678243,0.005861384756645216,0.39853869960504407,0.0003463847421558031,0.39846422073225535,0.012626180062732612,0.39852950735855497,0.006943521557297938,0.3987494083976687,0.0022414307649609166,0.39849505815454866,0.001634593068463197,0.3984884719032967,0.0061157723521066965,0.39858074885913236,0.003873457250375578,0.39856466122864703,0.004516358293863265,0.3985203526531957,0.006250891120116564,0.39868090232636183,0.001737931636545162,0.39848304888564406,0.012922797683422527,0.3999202885488101,0.4501437230047758,0.40108883113630245,0.3460341474677471,0.3991851494378136,0.14283811509495004,0.39912246467909585,0.04684808075425634,0.3985691640298392,0.014162537133718303,0.3984756629571055,0.13715526336182737,0.4043406066483678,0.1625142918116207,0.40164901144662335,0.1772872975497135,0.40533340468080165,0.0766530820671214,0.40393959649675787,0.1073462561297629,0.4009080264901999,0.11940763661656195,0.3994403030403393,0.06760738404199729,0.40155836125409433,0.06812099060155696,0.3998124399119053,0.08438386312032709,0.40337402911723985,0.01118193349996649,0.39849747131117763,0.0,0.39847486811267935,0.04766290570224019,0.39986325077494844,0.006773313938131464,0.39855767688710925,0.008892616692147776,0.3985437594681454,0.11126654007884484,0.40305765211218286,0.11939134945702445,0.4026169672947925,0.05512823104975162,0.4047042025449203,0.048919705044094486,0.3988049965197771,0.027419814104386875,0.3998924878792659,0.01873571699511467,0.3988370952994316,0.013282027143521669,0.3986136295522277,0.038107449564243945,0.40093585411242805,0.06968283164028999,0.40158655631125173,0.08642088442870763,0.39850778423661604,0.10711864989674369,0.3986733751812983,0.18317628452543522,0.40447138567679325,0.04688073379211437,0.39846428300095715
Gravesham,E07000109,2031,0.5954052070506499,0.406096707294007,0.005335938190015627,0.39854751288514767,0.0028452164084423054,0.3984654955409772,0.10044174541184514,0.40515697386791505,0.008170399822435837,0.3986320121030666,0.003378108176192881,0.3984646426248109,0.07805312797975045,0.3986788080008568,0.01029616523696364,0.3987889852358873,0.020119025580515648,0.3986134011314796,0.075882985512016,0.40514609771313126,0.011270899126265888,0.39906878083694824,0.014132196818624099,0.4001336092083808,0.008599894121027102,0.3985472159968586,0.006438516951384032,0.39858211320392284,0.009128444464338803,0.3986418546421169,0.008258787133891388,0.3986052273391947,0.0014444360216128577,0.39846804129816876,0.039714800879635526,0.40213639174698057,0.5079210528470877,0.40461834067456076,0.33177885226583004,0.4014071406896335,0.11486441254581692,0.40165530705373587,0.03619365274478381,0.3987009986937947,0.009470429354835497,0.3984963333759486,0.14014429474140533,0.4043545941654097,0.18524056228017738,0.4051914363118918,0.13440513406108145,0.4023664441354505,0.08491064523032943,0.4043361454217305,0.09719321676896575,0.4035101121087069,0.09649728667720359,0.399043503155611,0.05605826558586546,0.40446896949513594,0.08979216469946011,0.39861606968762164,0.11583547943624417,0.40122233273734426,0.0004375349083822755,0.3992429982134246,0.00040552704229958325,0.39847086103931706,0.041032234065264905,0.40388697250096794,0.0035289940973567413,0.39857271978209063,0.01045243518913938,0.39853745387042466,0.1538241034365293,0.4039413475029609,0.13513553287208335,0.40500643956024357,0.07490990097085104,0.39944302205084425,0.03865378353424276,0.39930639968931597,0.0398746502586087,0.4001586751380294,0.03510701054436205,0.4000707236149028,0.020155649654442942,0.398942020915499,0.056455073321192095,0.3987589143338469,0.061144784550900555,0.39908099017255716,0.055021468247841994,0.3984683699848777,0.08443595030920525,0.39878268461657973,0.15423281753609164,0.4051476151697245,0.03525477557623369,0.399345531338121
Maidstone,E07000110,2031,0.748763822634265,0.40604176796669633,0.0051680751127746866,0.3984779716049921,0.006069146818237087,0.3984705109493329,0.09501818048790955,0.4052321648190584,0.004893635493938259,0.39854734575015804,0.004459695141560888,0.3984953893429995,0.016390541694464744,0.39937295111305143,0.004241773457113851,0.3985231827013828,0.031231627975184084,0.40074670071519886,0.023431759097066296,0.4013896318708892,0.004982995696927506,0.39856509444533694,0.0034587570136074552,0.39854795128150805,0.009494992729735363,0.39869240037099585,0.004855839039354604,0.39857351326953955,0.007055941542155386,0.39859173977291074,0.008923165852790738,0.3988451813482625,0.001916143258095318,0.3984787101678157,0.018525745893677836,0.40106631910902074,0.5142028376491217,0.40380990039516335,0.3298326198730335,0.4019710796166802,0.11491776955719513,0.3995573173511741,0.03207688727002622,0.39853409744118257,0.009134981619832186,0.3984691583140393,0.1731993715288329,0.4050661075285607,0.20200274040450816,0.40427320230010494,0.13966577375701128,0.3984753923680531,0.07519359155771177,0.40497324657123146,0.09880200180634002,0.4019696556266429,0.0803215175723121,0.39871894908412053,0.06031698080154779,0.4009844270216059,0.07403109317883771,0.3998288705487154,0.09669917635241843,0.39946215683607345,0.014710567526777601,0.3984800497100842,0.0002905934750192171,0.3984676165206453,0.04428185025658671,0.4021843434651186,0.005826224805181893,0.3984642212231378,0.009145928646360123,0.39846580915080426,0.13508864907440943,0.4032795613530354,0.14439453186432272,0.4015607321578111,0.05702846665409034,0.3993546896491015,0.03208731312595403,0.40055087904261916,0.042972279445637085,0.3996637559822801,0.037824813911684574,0.3997831319880156,0.01754506187759919,0.39866387735658315,0.05846744606867532,0.3987010222529652,0.06094549367185431,0.39918075868462144,0.06432073972994945,0.4007987245970477,0.0795419716029897,0.3995664375488015,0.16067361785596557,0.4047361576376848,0.03521896733548169,0.39966652611553016
Sevenoaks,E07000111,2031,0.8014867408765127,0.40592680960898614,0.009716757234786766,0.39849374004063315,0.00421903602926868,0.3984736105948103,0.06895357193542928,0.4037787398689959,0.0026263600639988005,0.3984900972395154,0.008288133881098503,0.39867759279799,0.015685185626937992,0.3995699614194199,0.003226584728082682,0.3985385455714138,0.009555437648279486,0.39870077848172947,0.01700471085910915,0.40011506638457256,0.0043283802942683525,0.39855528614078545,0.003086567422469322,0.39854416343258503,0.016285986223964377,0.3997479598013248,0.0040252697326166875,0.39855113979025136,0.007130907875157244,0.39862820157755524,0.010457268022371569,0.39911045038279697,0.0018745766577171752,0.39848264731002303,0.010952615303682078,0.3995721842121574,0.5403623574555683,0.4032685288988426,0.3125399357508667,0.40206469291233743,0.10787285715816852,0.39907783351237436,0.029695241991088472,0.39849058791488684,0.009619951549450598,0.39847517752035233,0.2346942855520009,0.405814030081202,0.2462443308408515,0.4051528448369005,0.14604127439549575,0.3984708869105437,0.07916933879394428,0.40489704667170673,0.09236536242732152,0.4026481314354224,0.06440812998286116,0.4009953983191009,0.04722120944216002,0.4017416046462886,0.03665429626824168,0.40059810332106366,0.05402874662075252,0.40237079737764153,0.0064411177031057365,0.39848893233211075,0.0012191149626144815,0.3984669668416488,0.028532829714920105,0.40316731982813686,0.005414398642206969,0.3984999572930936,0.004868795575881282,0.39847264069997723,0.12276746035284347,0.40329931712622485,0.10423954325676732,0.40457144206682694,0.029932056745478164,0.4000807455772875,0.033979561532251845,0.39865397678970976,0.058515410276948066,0.40005877887436947,0.09549361014948099,0.39928769499566646,0.026207651626011796,0.39898773842691293,0.0911651240301452,0.39942429774704213,0.06853864504255336,0.40128208547510685,0.052759702280463824,0.3984839817676158,0.09714457290821496,0.39849397706761697,0.1234996236116448,0.40312979110822467,0.049136700975233594,0.3987294683835164
Folkestone and Hythe,E07000112,2031,0.8522719640841032,0.40520343954575105,0.00703753040376477,0.3984644854250248,0.0011467612099156574,0.3984661750163401,0.044430547384319174,0.4005655894757554,0.0014869658288494889,0.39846940669740905,0.003902166438577548,0.39848800753420466,0.005085424158264629,0.3984865936760689,0.0030074521535655707,0.39852878184404156,0.02995383787214939,0.39881328522544923,0.004423259167017024,0.3985126880854673,0.0024767299944036814,0.39848703598709984,0.0012296231528794305,0.3984723110487587,0.008365110500780981,0.39873800194216,0.004102416407813114,0.39856763492964975,0.006469464041969408,0.3985801929886337,0.007531908548014332,0.3987592414384638,0.0015617308175850247,0.3984774600886339,0.014968454215890326,0.4002149422030752,0.4414599223160647,0.4016977218488726,0.3392936068169039,0.40219873272512424,0.15362975489080294,0.39848228937656727,0.051254937238074144,0.3985188111724973,0.014333446440695355,0.39846849649715954,0.14813051112311326,0.40430668537402153,0.1855613898099211,0.4051094859824628,0.16139757014243195,0.4037945373303228,0.07499593856283626,0.40357954327946594,0.1067280828313808,0.4019564794403907,0.11939096377394874,0.3984839962804367,0.06901023670766593,0.40317053612496606,0.06183698380541913,0.3991776814837844,0.07326424500853257,0.4042919407488568,0.008694840068688175,0.39849927164175936,0.0002870725230003576,0.3984680469506906,0.03257846284356658,0.4016593144367225,0.010659479484105061,0.39911971296232757,0.009095058584514055,0.3984648380269873,0.12161022677210243,0.4027110288556355,0.132977995323313,0.4020150465994622,0.052040585938080364,0.4001497189352804,0.045780283018922674,0.4005470132156273,0.03739644990265267,0.4013016586090448,0.026579713053580978,0.4022588923823342,0.014298420933043843,0.39861906799887414,0.05288071763698987,0.3994098841662715,0.07034965700832585,0.3995381912919567,0.06953471762712415,0.3990320128778351,0.09725627697711903,0.39927473281527964,0.16806106341259985,0.4030180799275338,0.04996938845131749,0.3988946464248635
Swale,E07000113,2031,0.8435630242363121,0.4057574763813747,0.005534675868025772,0.39846482738758704,0.00680235199306678,0.39849293262095586,0.055350187519619176,0.40338157112097417,0.0038042947144685813,0.39853751054324277,0.0025970190281995598,0.3984751853833255,0.006188974230518618,0.39853062528352656,0.0011324752115812534,0.39846589726897225,0.005680792660333833,0.39856977522131287,0.026004608106001248,0.40156763048209443,0.003894272985047853,0.3985125494553266,0.005529040430110266,0.3987540400413112,0.006686442567760187,0.39862813978211525,0.0037853340630978616,0.39852775990154815,0.0067689963074846204,0.39857704302396313,0.007126091742742813,0.3987242961488476,0.0013147133673686168,0.3984774529199356,0.0074555303863774736,0.3989706790216131,0.46601959971205376,0.40236870142164916,0.33693642991898853,0.40216437301412705,0.14061856928400063,0.3984644419976783,0.043961127069674866,0.3984652407772707,0.012490569440656463,0.39847117207803345,0.142169363136452,0.40424515135491285,0.169147495856806,0.40451571116965024,0.14373489450975674,0.40303207667183494,0.07904537489819763,0.4044249343550192,0.1135214244747389,0.40211093173123913,0.0908663613340831,0.39889658783912335,0.06398551513311856,0.4003870715787171,0.08664923283698323,0.3992785514800407,0.11119945266749354,0.40127034553056345,0.008314426092847382,0.39902571912020013,0.00038655417023891053,0.39846575569166875,0.06060165457670408,0.4046099742741923,0.006251268957207984,0.39849163186444675,0.010581873097864463,0.3984642253151911,0.13912373429066882,0.4037772285813379,0.15864669853781477,0.39897949322266324,0.06383171414968312,0.3984818616598889,0.03815991768881144,0.39899635665810107,0.03407035181891094,0.40002420877264055,0.02347223911947438,0.40007557599870136,0.019548746230253045,0.3988923923765018,0.046302580355086165,0.39858596910307625,0.056591431114367485,0.3992492315957155,0.06353356596555404,0.39920888357779627,0.09422423955512663,0.398470462653342,0.14175171329381842,0.4038046529937769,0.03469796691595417,0.3992963970028772
Thanet,E07000114,2031,0.8427525169655885,0.4053744041672037,0.008628654995721116,0.3984778333484684,0.0012404326263669285,0.3984645500753973,0.05167320410980769,0.3996088485140763,0.0022733274395810577,0.39847686231658447,0.0030244471653951763,0.3984657483835423,0.007853332627648452,0.3985417453700176,0.002482332993756581,0.3984816211227802,0.011942749404550035,0.3987818707490833,0.007811693528911978,0.3986292835750335,0.004622884836300634,0.3985767815410471,0.001747442879077632,0.39848147884680113,0.008208608111781424,0.39865854018325775,0.005906866409314981,0.3986295624432072,0.00940102277801591,0.3986881832567294,0.008622538535593915,0.39875366594949635,0.0026097104009478733,0.3985063010170255,0.018562522564327333,0.4011055464755302,0.43193539158586836,0.4026910429074384,0.3497510208315356,0.3984888101485209,0.14850640070022791,0.40147618034798516,0.053339508558404025,0.3987623742528981,0.016540023881752956,0.398466639679678,0.14013458063213813,0.40446939085107436,0.18109273485059507,0.4044118514964146,0.14826913752792326,0.40477203215550767,0.07014705545228717,0.4038412653142373,0.10383099828653197,0.4029113470550093,0.12746501797555376,0.3991809838805944,0.06936147316827235,0.4031270140829384,0.06612230909108363,0.3989139589720775,0.09400355330504251,0.4027884757625051,0.003368778475692613,0.3988200753552495,0.00043177715683595866,0.3984643270917134,0.04779980121849148,0.40301729921367835,0.005255767376423345,0.3984771624913442,0.006026380025637053,0.39846674413105704,0.11153572806259038,0.4012420941845606,0.13521198953357727,0.4030302373908014,0.04368108121623604,0.39893208870713476,0.057539370343748564,0.3984668496683096,0.03608074089246571,0.4012221527342909,0.01716811017770059,0.3998169012571435,0.01588293950434644,0.3985615540082302,0.045052601006466186,0.3987381534754896,0.05916879553751975,0.4004521352180567,0.056353675488229504,0.3987246311390505,0.10326465783261618,0.4007900103088877,0.19740008733276415,0.4038272078990526,0.05879465164663655,0.3994180150651818
Tonbridge and Malling,E07000115,2031,0.8426244986406317,0.4057216959118988,0.006549243315368981,0.39846515969863294,0.0040752438595180185,0.398483775228138,0.05263190982644739,0.4030368500097889,0.0037096293017779003,0.39850755562234885,0.005928583616247235,0.3985108931740566,0.017017806922661638,0.39983648578682857,0.0029831478482470197,0.3985010059641289,0.008633745394393155,0.3985311458993259,0.011247017343886667,0.39955404177524234,0.0029960750870982045,0.39851036273236656,0.0019806661680106252,0.39849660561235845,0.010162452965968738,0.39875798214929753,0.004604146297990885,0.39858595058244467,0.006180201392041479,0.39853554005963493,0.009464116349227725,0.3990501168503161,0.00147487569055655,0.39846646419124543,0.006925298844908612,0.3987599432954788,0.527752926327326,0.4032597559420549,0.3233133819624112,0.4018339258544863,0.10836612670784485,0.39961312682931205,0.03211731540726406,0.3984865021648386,0.008544305915662388,0.39846421939266413,0.20143088321400615,0.4055874060221316,0.23381458019146528,0.40539558737108766,0.15846224167915235,0.40158518371062113,0.08150607800655774,0.40479745751542406,0.09382194139264577,0.40173044845871514,0.07152678808570068,0.40091101221009606,0.05467203368068985,0.401995843690094,0.044965151492887934,0.400572098884428,0.06042886748677212,0.40412858823910697,0.005639226875761377,0.39848010651483357,0.0004973474634556441,0.39847293919424737,0.03409916395075463,0.4038744520071849,0.005640166126742535,0.3984968574635509,0.008690294129943377,0.39851460356684637,0.1261627985602396,0.40361820847292085,0.12722573138210613,0.40385043045126673,0.0368233692943738,0.3998181941792592,0.02821429994455782,0.4000868209494161,0.05302275530718026,0.40045150657282236,0.07127374828508531,0.3984646170293896,0.021399983498673225,0.3990843431361859,0.07613640745224057,0.3984649179883464,0.061033035379898015,0.3994221720858449,0.05540021999311351,0.3984785000349248,0.10322459446638313,0.3984704162036796,0.13865204531226638,0.4038844641055917,0.0468421510296681,0.3985023554939034
Tunbridge Wells,E07000116,2031,0.7870453595540852,0.4059309849014702,0.008178510175002152,0.3984681785702733,0.002974209519086715,0.3984646533098161,0.08305877943090145,0.4044395164232962,0.0050372167640900245,0.3984689391092835,0.006982093604866513,0.39853107306421665,0.02276970169730963,0.4010732532817109,0.004797682514342705,0.3986132145006717,0.014025853162184632,0.398939287073926,0.010624001601446498,0.39910120850869873,0.0017758192248202645,0.398468359462082,0.00155538160122351,0.3984752949409897,0.015333911718631965,0.3993739436347119,0.004417502740658413,0.3985507592951591,0.004676487113804403,0.3984806022443672,0.010020281235971429,0.3989342857666938,0.003193085137315921,0.39852798255459954,0.012558568651841018,0.3997481248729347,0.5406951673572591,0.40296912655121864,0.3148094659571887,0.40206276006604863,0.1071940971009056,0.39867995409598067,0.02840806592269035,0.39854805733192217,0.00890717879902568,0.3984810634131439,0.2253012920280053,0.40576201986546184,0.2628472560892474,0.40525572021115286,0.1442831737772859,0.3986846804815912,0.06558901464196243,0.4047132506489384,0.0752094164933621,0.40382586859445446,0.07579895569418416,0.3991554354613988,0.053820156678713094,0.4021518475952649,0.033370418670079505,0.39936383923212654,0.0645547357651921,0.40235470770654697,0.007877925974898725,0.3987568784928625,0.0017875897747176295,0.3984708771065621,0.02969867062178988,0.4016619118653616,0.004057630858918901,0.39847227122424833,0.00489150025120675,0.39846808750169216,0.08707489553475656,0.39952983621261323,0.11775102105197499,0.40429276050863755,0.024725808101339508,0.3997276848819028,0.03179187984827703,0.4006381455149617,0.0626547741902328,0.39989892672036265,0.08724234050043322,0.3989663120244992,0.022905739811721726,0.3990701758326446,0.10088718653025103,0.3988695773478531,0.06671775815203551,0.4010712116525034,0.038663879310757085,0.3984834674169802,0.10604398855716768,0.39884566839987673,0.15774462449854143,0.40435261758471536,0.047448318994158245,0.3986490908879867
Burnley,E07000117,2031,0.7031469328931816,0.4060619434982697,0.0036376050295218454,0.39854586142574017,0.001617434914550936,0.39849599014236475,0.06845296799321687,0.4052260161295945,0.029948932038410675,0.3985257229262012,0.0009384306180367785,0.3985007461442723,0.004291412736064253,0.39846937306291913,0.14527534838309553,0.4056661566955796,0.003778541950756664,0.3986953506318653,0.0029014954999704023,0.39852194827445747,0.0006395966690092986,0.3984719211246037,0.0008949790171069866,0.3984715894231186,0.011897954319358583,0.3990107573512559,0.0024326763098550808,0.39849177069737257,0.0014339470801688903,0.3984840062538628,0.004697409510239947,0.3985591404239634,0.0026567650424678124,0.3985217497459474,0.01088147399887529,0.3994246744902974,0.4716967419719671,0.40458574604533964,0.3307675543366947,0.3988888465376894,0.13481106628783124,0.40227836808449463,0.04746594587638442,0.4001946293363124,0.015395961387596052,0.3985150475805881,0.09576693742501086,0.3995175801492103,0.15103660794129325,0.40251589096762896,0.1132741223522431,0.40025933706474015,0.0702214994804713,0.4039106184623847,0.10301403617018678,0.40378084576960593,0.11708944454230741,0.39872991720965506,0.08989032857451407,0.39860590084501096,0.09457809394488015,0.40081996676203513,0.1650501830799178,0.40423860998613637,0.0035160758626957,0.3984813832722549,0.0008489467835127024,0.3984671495231002,0.10975751648908805,0.4055380317750856,0.0035481371982013787,0.39846948948794564,0.004201812429105167,0.39857556878177863,0.08233664677339614,0.39932360638943015,0.22360184212793666,0.4052188524196335,0.051463134638465746,0.4004517954329539,0.03883796633413106,0.3995656173290691,0.03288297669386453,0.40027356693825905,0.00632554570907784,0.4019918987892781,0.012363532741696104,0.3984665394009369,0.030491121229946017,0.3986698444824191,0.05951513463797942,0.4004111189397237,0.04282139051841605,0.3998335407788013,0.08718278835116647,0.3985150300775809,0.18562949166768883,0.40322345991081426,0.024546412269876416,0.4018598090837917
Chorley,E07000118,2031,0.9085851554108864,0.4045776495888556,0.005409092414589479,0.3984644144116347,0.00043770557801912045,0.39846434419404525,0.02918112432322606,0.4011857971671495,0.0010407605794964673,0.3984642711029297,0.00300131427702352,0.39847322431436305,0.006960479683010404,0.3984862013946034,0.008084844369061317,0.3986051717383985,0.0023174490102565865,0.39846454664782827,0.004115756099980883,0.39859299945322396,0.0019602009558123412,0.3984653224244687,0.0012240987086713784,0.3984731325902402,0.006233745289532355,0.3986519061075416,0.0030093892034431524,0.39852253246373537,0.0066705882975786335,0.3985415001370496,0.004567380080474248,0.39858336955187984,0.0029277448996378186,0.39851349505148725,0.003929392896751427,0.398603327717092,0.49498076864083385,0.40103710409766563,0.33118765311740767,0.3985215377516322,0.12555093888823599,0.3991336768944463,0.03737288133171823,0.3989098894185061,0.010935931124412768,0.39848500900680484,0.16468113441025256,0.40493342829297885,0.23692331924864263,0.405314062143901,0.1489000293075482,0.402028921039538,0.07775229260605965,0.40398675523462213,0.08423179762483324,0.40399041744162223,0.08461079280997974,0.4010121450546109,0.06140375745862259,0.40028086937055163,0.05915134830328639,0.4006336075335011,0.08288199092340487,0.4008802783834939,0.007815609859191788,0.398480825725877,0.0007194304298023708,0.3984643597468035,0.06366861893673192,0.40478079884301366,0.007961979111272166,0.3986475290145317,0.0077846544591559375,0.39847952269704684,0.10817828025485232,0.4026691750517308,0.14836880584270684,0.4012829192785657,0.0429600896222877,0.3986217858365906,0.029093554813847566,0.4011356250694244,0.039950027269844535,0.4000463086700886,0.022320453659120443,0.3986257457538523,0.0170553733989654,0.39857431799631654,0.06254115315410314,0.3988848771729113,0.04900845817956023,0.3986097277147882,0.07629284543487251,0.3984737242296856,0.09983001415025106,0.39853524713128946,0.17418576162110178,0.4038379677693442,0.042122515287721846,0.3985063138944633
Fylde,E07000119,2031,0.9123244178153973,0.40429396005115514,0.007018582866023089,0.3984689177056378,0.0009948696643829746,0.3984731786754281,0.030151808251159817,0.40026435605113075,0.0014965964112926972,0.3984833987790974,0.003182866181985218,0.3984667578788827,0.005470591198849101,0.3984980265091408,0.0027024772553114196,0.39848269248820073,0.004730867280266476,0.3985286358574175,0.0037717695799893702,0.3985845987670044,0.0009065337296454389,0.39846474885120214,0.0012514478558199454,0.3984700772928046,0.006607125263071112,0.3986368111840664,0.003075961567453822,0.3985163785220126,0.004025254606029663,0.3984713739122143,0.004833579528888077,0.3985569555362653,0.0014909156870864734,0.39846941151150544,0.005651261707218247,0.3987273152509663,0.47329487521870073,0.40303138262432275,0.33616136281690023,0.39850215128203836,0.1371899484935173,0.4010316287884965,0.04085765054975876,0.3992586810877667,0.012586264113869053,0.39848259519714196,0.1654459686217571,0.4043766425800718,0.22251040300042457,0.40072682149204325,0.14835123152532592,0.40237416818880734,0.0777893545879671,0.40487253583053867,0.09258239636515664,0.39991962336872866,0.09666079466760402,0.3985022641576351,0.06757418798151599,0.3986513574073265,0.056244124084000535,0.398602801951175,0.07277274736445971,0.40175942952237226,0.009004723990932093,0.3984723815797598,0.0010366939329329652,0.3984664691058412,0.060682034740876745,0.405431227679779,0.015561590712046991,0.4001924399193225,0.005239102855358155,0.3984698522953628,0.08273992703375144,0.4017927552395083,0.12952188244170676,0.3986817755458457,0.031013096130021275,0.39846434496099487,0.04992878751885055,0.4025569674313011,0.024636362998538663,0.40014617364304533,0.01615622783561843,0.4030861171634168,0.017322181280006316,0.3985353873356559,0.06070833410417317,0.3985270337099599,0.04943247211322843,0.4000895376721767,0.10856388762559033,0.3999043770844688,0.09674550312666216,0.39858278601479363,0.19208111243689352,0.4054749851905621,0.04947354169581314,0.3985438637711788
Hyndburn,E07000120,2031,0.7397492388186144,0.40594799754027155,0.003503448917531904,0.39851474792547004,0.0008944461837570652,0.3984655500829104,0.03249989564172173,0.40077578887846854,0.006070620832142812,0.398481007757548,5.8530250526989125e-05,0.39861182556095354,0.0053453388320996165,0.3985143538248089,0.16963310621976913,0.4056511796036288,0.008750951129182644,0.39854708077859086,0.0032105416250520213,0.39855625108511156,0.00041742116761390134,0.39846449546627755,0.00046709782633080205,0.3984660047183434,0.009696790964544011,0.3988760162808599,0.002383836372847975,0.39851494758513634,0.002268792545484562,0.39846423613710746,0.0034341509250797597,0.3985078470651756,0.0029087937126449914,0.3985088200936459,0.008203565836651716,0.3991925672357743,0.4477402339861123,0.401253104408877,0.34404916414512576,0.3985238500222949,0.1441384258527002,0.3991530473119264,0.04738526516735364,0.40011879791330135,0.016646953456324894,0.398464253008702,0.09711752800249884,0.3990200754949939,0.15989983662675922,0.4044346705966541,0.12371267192286028,0.40283044678741936,0.07791139478488018,0.4033812345024252,0.1168698523290086,0.4032779004138636,0.12374214453965109,0.39846557380856845,0.09392534230066052,0.3987703389283939,0.09964654633332426,0.40117667396286283,0.10724201798386904,0.3985033395571578,0.004027851707942898,0.3984833853385727,0.00018237862657244364,0.39846753204706065,0.09525669813698112,0.4056143243648986,0.006008777339603977,0.39855215619689366,0.00659509877777667,0.39846799831113006,0.09296355979645088,0.4002947799634123,0.19058560364304294,0.3989901408047559,0.053431649385014324,0.3987094079527935,0.03023945132280681,0.4012136917064227,0.03284335556641116,0.40031388901850246,0.009489270420465434,0.3994478811570508,0.012788785427232802,0.39855415855150855,0.0394759165330103,0.3986960920525965,0.04509944337625915,0.39880799744519246,0.055013604794277485,0.3984800204123584,0.09014497606025618,0.3994151821774987,0.20315258313024298,0.40543591911368226,0.03253162376043195,0.39924636532763924
Lancaster,E07000121,2031,0.8417849628888918,0.4056089864382681,0.005164106852553599,0.3984758063344141,0.0019379881242458444,0.39846712995194056,0.056483860782877926,0.40250405729196037,0.0027270034260217027,0.3984676635493081,0.013386100821311975,0.3987397666042672,0.013961719088276259,0.3988301522122385,0.005555815481532611,0.398556586322022,0.009276633057370254,0.39882694933025387,0.0107476847156045,0.39916208511605106,0.0009588272008651151,0.3984646323174272,0.0006493294636667722,0.39846557309391034,0.00798326019155654,0.39874267607747765,0.0034469353775027634,0.3985292157855473,0.0032293674090512134,0.39846824157293675,0.006222839070041342,0.39867182826579717,0.005429314225073034,0.3987112689482106,0.010317327612551663,0.39951436837468546,0.4631914855681227,0.39863282368510033,0.3450801465199384,0.3990452608240124,0.13748307617160735,0.39846726011635447,0.04207241076720669,0.3985767812810781,0.012107421704937449,0.3984742423461332,0.1181701700317932,0.40283225312494764,0.21894641053471586,0.40425216933385527,0.1302821611444962,0.40232949215275066,0.0622046220062944,0.40398006422391547,0.11264222824259362,0.3996951907787057,0.12025985440747937,0.39846625052813917,0.07251990104619876,0.40102703204497564,0.07427115256668815,0.39879390048858454,0.09074995930667473,0.40339005584780874,0.017169107992110355,0.3984962319236956,0.0015321954121123305,0.39849487323687627,0.04796804892774831,0.4001740127049852,0.021745466002907166,0.3987167325153239,0.006757962721332167,0.39852740192187647,0.08945487826746357,0.40138456170107395,0.1356646569155595,0.4011294180310579,0.03913799885186753,0.3993383549560371,0.05101147370475889,0.4022949716771772,0.030339346659609245,0.3992336481711564,0.01444615736497834,0.3988863126782771,0.01068283103167103,0.3984951998898399,0.051455315047449934,0.4000688451907922,0.048174278994896236,0.39919263037969144,0.04928964978682032,0.3986324801489709,0.13570054247509677,0.39973576371271147,0.21101770874664805,0.4049915657904234,0.038839837156367185,0.39980613275157206
Pendle,E07000122,2031,0.5503630153001176,0.4061360429005111,0.0020228158774956984,0.39860141551135575,0.001714886105049801,0.39849277424621327,0.05857980468719193,0.4042335141552945,0.002057682136146849,0.3985335121156823,0.00026222830834643496,0.3985797191841114,0.0024192652030694435,0.39846489628991677,0.34041434580935714,0.40608859205358827,0.0011571365844957882,0.3988577945755073,0.002855079635515456,0.3985264138201352,0.0004961095842733916,0.39846429617259826,0.00030431597193672846,0.39846487092819033,0.011717733662459207,0.3988060749785019,0.001250011693457731,0.398468085990947,0.0032465402220519246,0.3985044958188748,0.004150439593084698,0.39855521568717295,0.004274697613210365,0.3986526383989087,0.012307006489882477,0.39996554231344056,0.49893534924555727,0.4054177740322882,0.329240936056983,0.40085245577258316,0.12537805293608217,0.4026959574579079,0.03470113694108656,0.4018937309791018,0.012239086001004623,0.3985444415203636,0.10998239894037054,0.40070335772617294,0.1560331874488945,0.4026534377511848,0.10925604440908154,0.4002298493379712,0.06338307437363788,0.4037853106616486,0.12793071194788252,0.4008856598661692,0.10064045695270074,0.39919750596275505,0.0919890400822505,0.39849340437575137,0.10628419074035489,0.40135625696375554,0.13445877466680534,0.4024400401020418,0.01104349178958075,0.39873288992242023,0.0005504732728459413,0.39846434024169836,0.12011157031395037,0.4058079325784771,0.0029954188862148234,0.3984989533423241,0.0042664625827212865,0.3984836922981673,0.0865654787624004,0.40061353369650304,0.20525335907331899,0.40346979851547,0.05680586524822373,0.40054391536999057,0.04154647826145563,0.3989801987602455,0.031631266783699985,0.4001538510607921,0.016581684520937334,0.39939320525679944,0.008494342775771935,0.39870860886195775,0.0415590866373553,0.3986501874208414,0.05610540115408069,0.4001169965464938,0.035545779726334104,0.3994587604752564,0.08603158955158885,0.39886968724859734,0.1593737705611562,0.4039719949539785,0.034988247462419964,0.3985696807661084
Preston,E07000123,2031,0.5642383303937386,0.4061153554109408,0.004144672483873513,0.3987127813782211,0.0007511380138712333,0.3984642420216101,0.0809038884794937,0.40479885529945203,0.007512424114511307,0.39878244000497254,0.0008623420609552568,0.39927137348232367,0.15464459010938914,0.40506245087339976,0.07043400674160605,0.40433435244045957,0.014485740772734013,0.3988549580019843,0.026943448021248262,0.4022569132952336,0.005034820624226652,0.39848237132960784,0.0030550562256705105,0.39851952292457027,0.011167501407204183,0.3987441882210604,0.004669698299635039,0.39855367763587535,0.012183964983989715,0.3984689559835199,0.007173728227940601,0.3986670852170137,0.011097124528049451,0.39904321012307853,0.019570390772543078,0.40110646166606617,0.5026630676496859,0.404187820343664,0.3207714005936113,0.4019209343857695,0.12580945920334985,0.3990623875600642,0.039021808222486354,0.3993498872611773,0.011963602359511771,0.39848735506494176,0.1008395974358387,0.4011312774787531,0.22006139648360623,0.4052692963722713,0.1218998247224965,0.40070083318686395,0.08261061556215532,0.40401386183633103,0.0762124408307776,0.4033412217088901,0.1183135409169993,0.40217291069007,0.07138786364704419,0.40436134628889386,0.08933090087929707,0.3999948585942854,0.11928894403650547,0.401603736581565,0.00735800636602536,0.39846512271673157,0.00040318602768038905,0.39846434734824837,0.07121395516994733,0.4043205471222245,0.00704718085587025,0.39861043738538615,0.006127618592221426,0.3984808594803729,0.07557229614094385,0.3994958385491404,0.14739260348631156,0.404039309692426,0.04861033288343253,0.39854354902402606,0.027458056434367162,0.40409450422605026,0.02646572386497964,0.3985842595794762,0.018731513775740893,0.398817431845627,0.014501152672846296,0.3985584402343901,0.04405836777679016,0.39846952092622706,0.05789571706318941,0.39946048599737566,0.09193298102590952,0.4004739514591093,0.08991216735453278,0.39873657338888774,0.2390882546319144,0.40586045332779913,0.026561812754170022,0.4002380903822019
Ribble Valley,E07000124,2031,0.9232340453635621,0.4040180079645368,0.005242294312593113,0.39846878637120225,0.0001221362901506135,0.3984642229034384,0.018043611389537417,0.39867204178072246,0.00022437582157004005,0.3984658105630172,0.0025977923229232314,0.39847093699389413,0.00886285010445842,0.3988422523190015,0.013599029759547299,0.3993629166707719,0.0028419016594288526,0.3984874463706819,0.0013284809698404614,0.3984647327585109,0.0009168302973995013,0.3984712690926858,0.00019324872933079804,0.39846428660194466,0.00757387411332322,0.3987677915362548,0.0033783269338995003,0.3985735938802341,0.002421554343174037,0.3984731086544158,0.004077141717722721,0.3985762061535134,0.0014803066989728386,0.3984888623409808,0.003581569480302249,0.3985826911372957,0.5361866683097785,0.40208927131331457,0.3204293667669149,0.39848490850208496,0.10799490348782093,0.400856346157627,0.02870901877902854,0.3985801439952873,0.006609236242768574,0.3985156992259799,0.1994697934056049,0.40537951724202526,0.24672414800200215,0.4047328726585354,0.1497990641801059,0.404201395278893,0.0732749087224498,0.4034646036111183,0.10813368862344719,0.40371158963956827,0.0701567217733472,0.4028751467144268,0.05388407437088895,0.3984679833734819,0.046641440399381784,0.4010556276822545,0.0523748706940248,0.4042932067158347,0.027551593108740086,0.3984971266513613,0.001473436200626739,0.3984647012310275,0.08574103144537926,0.4047522428003077,0.005277779832509322,0.3985558817586465,0.00564048178557873,0.39847767273973034,0.10299689247770649,0.4026221406100043,0.1426310482106461,0.3993001547723904,0.02631435412548759,0.3984661303498048,0.03251044536165404,0.4033872432005596,0.036522195572350036,0.40058427973153843,0.017215221524361723,0.3990278279878267,0.01854820259065576,0.3987342229401661,0.07559829916883798,0.40066190040494437,0.04517727067305288,0.4004949789684577,0.0642950298775079,0.39953255392345133,0.10701819478198993,0.4011948957896225,0.16041721509346285,0.40267231209266074,0.04474756838473998,0.3984650195422214
Rossendale,E07000125,2031,0.8888473370110419,0.40354081137653347,0.00642863872812402,0.39849712832931816,0.00010722344492078428,0.3984690356891814,0.01540874280202742,0.3988702818853713,0.020740406735416772,0.39862022602922675,0.0024844331315530405,0.39847675943202054,0.0036292272552307103,0.3984754731002649,0.029152071347849473,0.40019123495613407,0.0033178195227918927,0.39846621378713354,0.0017758083918548995,0.398479912145199,0.0007131948064337049,0.3984648626910976,0.0005383258341549249,0.39846622073415155,0.008711067610389644,0.39887168793570965,0.003342228074253606,0.3985448630102585,0.004528530345154463,0.398500283617049,0.003835056846807683,0.39852346446610115,0.001613465256477098,0.39848033585259934,0.004629697589789872,0.3986793707719768,0.47744111155045243,0.40076966234821093,0.33366093720811324,0.3985567373385085,0.13185086578284844,0.3995535918501276,0.045757656888695375,0.3988513967007819,0.011457764764670697,0.3985611182152178,0.14523477202829405,0.4034510037226043,0.2127092331336895,0.40488587613893373,0.14323048317473797,0.4023927772675843,0.061598465538081015,0.4046711584351387,0.11203834963748971,0.4012652230145932,0.09990382449649982,0.4001482542919795,0.08242341654776075,0.3992907344994593,0.06176027658040972,0.4026566064927223,0.08126481458841206,0.3998598299401165,0.006598282889867968,0.39861864788560575,0.0021774142155737697,0.39849489558112056,0.07100514374376754,0.40548446232509566,0.004421972581836103,0.3984983163076852,0.0064122729157696234,0.3984868967234543,0.10377608342072908,0.40100347857979385,0.16649784870024503,0.39866589145431325,0.03693071801968095,0.39877729153584873,0.034861219515340824,0.3986684465895206,0.04473469983485767,0.4017988614902885,0.01281985794394469,0.4000681921437711,0.01552907586572709,0.39848360362854246,0.051175701857657824,0.3985127272259104,0.04790473151079949,0.39863914465733763,0.05825537471964559,0.3984819125887955,0.11282641228633178,0.39870567353509473,0.18544025563333122,0.4041305987311635,0.03827600258011826,0.39872876680373903
South Ribble,E07000126,2031,0.9044370074259067,0.4049053400453527,0.004897504102041428,0.39848942240110413,0.00029246617538393645,0.3984644822623365,0.027679840799652577,0.4010194132189548,0.0008160324594612273,0.3984689289639237,0.0032940703079564343,0.39847129854883745,0.013581098208756637,0.3989845231468977,0.00534683178308154,0.39860098731867055,0.003569860868939345,0.39848253418090984,0.004029089095702099,0.3986165628279798,0.0023837332805981687,0.3984788166857178,0.0007711675178627628,0.3984664244667268,0.007766822395737061,0.39870731810798954,0.003326654803663759,0.398546069855624,0.008739393306882948,0.39868720344353986,0.0035906029356310987,0.3985205854638374,0.0011255671833535624,0.39846817787111866,0.003913143262859131,0.39859603214669603,0.4807996152794623,0.3986740082880736,0.340089797198592,0.3984818089558632,0.1312260630344499,0.398470221746898,0.03682103121784547,0.3987056563491903,0.011063254013797139,0.39847229934601847,0.1385625608647323,0.4042375714986997,0.23124460722726514,0.4054876259028413,0.15123065602574082,0.4029102042095993,0.0841577469519681,0.40509922704852325,0.10023317762183792,0.4024438225414307,0.08467233385254502,0.40069561934696846,0.07044703126993923,0.4003364930930163,0.06509552710756794,0.3993760379894907,0.07479723466613253,0.40134881859780375,0.009437866630293834,0.39854653463276485,0.0006627875770832091,0.3984649814461412,0.07228190968797232,0.4049734580417733,0.010526663217078402,0.3989615212366141,0.0075257571445032645,0.39856703416520106,0.0971768754312603,0.4009384831600261,0.1461284566290839,0.40149055333042377,0.04703533117937142,0.39858574607028685,0.026622803908612935,0.400160262119946,0.03242749544976692,0.398835164009819,0.018933805257769554,0.3989006856303864,0.019365261285323065,0.39870355925455353,0.04643150236823951,0.39874525815791706,0.04655620686062106,0.3986748165158246,0.11027163152519115,0.39939202751037,0.09960662821742297,0.39855379545301783,0.17234017257952683,0.40475909095193907,0.036563557016348,0.39870226838185346
West Lancashire,E07000127,2031,0.9009392933733071,0.40517079572508025,0.00590449188788203,0.3984697903501994,0.0004166951682272463,0.39846589399137494,0.049606255088513684,0.40337272544707736,0.000490334483341244,0.3984661822826456,0.0027647248519422213,0.39847970828099527,0.003897229730822665,0.3984646968981346,0.0012518671541247514,0.3984675252734851,0.004266854537784914,0.3985404409110955,0.003104250234038791,0.3985240436459516,0.0012576750599389008,0.3984737987790835,0.0006254278037283179,0.39846812570494067,0.006370344225481439,0.3986984942349085,0.004009935916480467,0.39856934496597674,0.003407185660668277,0.39847843235442043,0.004586745293721495,0.39856384207686524,0.001931969641814718,0.3984903710362383,0.004777950329436453,0.39870425388063074,0.48557697452620174,0.3996083666818596,0.3354368202862399,0.3993086477991016,0.12871125649589255,0.39880348223479606,0.038621481600021434,0.39967175484987316,0.011674912981774144,0.3985748266013866,0.1532984967185378,0.40456127546044895,0.2022759770130933,0.4037198341616174,0.12890130643973352,0.4024139713742621,0.07133781820295315,0.40451297923846496,0.08816145992228241,0.4033564642824914,0.09264820131257889,0.3996496951463765,0.07849368820318847,0.3985984916766671,0.08020937249457591,0.39854173862753295,0.10477465689673005,0.40134196469865313,0.013718170115555983,0.4003801528107807,0.002835017016181579,0.398514226538204,0.06763752574972104,0.40424773644053014,0.005126577128026832,0.39856950430165106,0.006731130633161803,0.3985178431506118,0.09707604603097764,0.4024908568299228,0.16780528706742598,0.39852483816550893,0.0491964879053991,0.39855106296026527,0.040437847139646266,0.3994057346175374,0.030338418763272146,0.399213579091447,0.018629115317637446,0.40138796015919875,0.01525609186727489,0.39875970646665204,0.05482552978962407,0.3988733520072391,0.05202997313266411,0.39977487300849596,0.06647772612431324,0.39999009465410235,0.09605146700248302,0.4015328892647179,0.17507324953011683,0.4042133730327585,0.040743235466447814,0.3985692202503756
Wyre,E07000128,2031,0.9473514788568718,0.40186866569854013,0.004158600341502512,0.3984663556945004,0.0003847728668358655,0.3984678363965355,0.015684664276239157,0.3989846478278541,8.916132679685773e-05,0.3984699059026604,0.002971548457069372,0.39846425142772884,0.0017731900429153805,0.39846656716442,0.0011828637826088798,0.3984682327192635,0.004561045692562382,0.39851091395465044,0.002238000773185894,0.39849647758248974,0.000917697156675619,0.3984694960626081,0.00048033410787351113,0.39846552392337486,0.004426049169715313,0.39854012669109595,0.0028455323151065914,0.398526782105674,0.003208875641643835,0.3984793860282043,0.0035227600508394574,0.3985423439855208,0.0014435589218208394,0.3984790596316672,0.0026723574302681685,0.3985242646280276,0.45385679717752936,0.40209580107991455,0.32942081780700083,0.39906546140030963,0.15013622588025055,0.3995505320873842,0.05034581767848956,0.3987801282817012,0.016326728753292937,0.3984654497731719,0.14321718869294253,0.40408756955470454,0.20639362236902414,0.4051482772524038,0.13179210731399715,0.40294456136553797,0.09927648443775272,0.4044969738856246,0.11131544212263789,0.4030006828408892,0.10696523329296127,0.39848364980345174,0.06455132220121662,0.4010169690943594,0.06008402318253636,0.3999051734369355,0.07672564132055859,0.40224927773346925,0.01950721848627268,0.39848886243351606,0.003069686945035399,0.39847746385786126,0.06365001691024297,0.40276753118534964,0.01106355635435774,0.39899440485520926,0.003976608451743857,0.39866847075855805,0.1006722039502066,0.40007078371250043,0.12519694312768115,0.40369338283083017,0.032480772810141056,0.39936364321593193,0.04882171770226562,0.40086181399171744,0.019739280489456057,0.39864683880666646,0.015072822125783425,0.39982427998985226,0.013795722336003957,0.3986396024396704,0.053218276663785646,0.39896544389785105,0.0453014309648323,0.4000631408563569,0.10469132043377044,0.3986307797915843,0.10079643896797694,0.3985151400426843,0.19418749615295283,0.405345065853911,0.04503112335764206,0.3984867276284826
Blaby,E07000129,2031,0.7613681194467077,0.4059917778703867,0.005108098493689983,0.3984710364381277,0.0006791105949943282,0.3984664369001847,0.047499042570109395,0.4034478515856097,0.0009440219865537308,0.3984722066326338,0.005422490839656707,0.39847303937379985,0.08645737575796897,0.4043911026434961,0.005100323595082973,0.3985265418022278,0.006054376404856759,0.39846464964343636,0.014954336441751703,0.39988697275878704,0.004311072699970241,0.39846429444541315,0.0019778919195574396,0.39846901720522093,0.01139274729903239,0.3989773746085141,0.003997820078440406,0.3985772564564549,0.013464778293987734,0.39903748316209714,0.008553302258842432,0.39890270164281877,0.0023975316137408165,0.39849085318222516,0.01932376951846182,0.4011477987888603,0.505515916261297,0.40350551010616675,0.33185934907872605,0.4029278586986803,0.12034682913938433,0.39879234191072155,0.03187615272412071,0.3984764208051661,0.01049724729938531,0.39850596394549476,0.1470266900519519,0.4040467883728434,0.22661817302583387,0.4054996696960779,0.1494576511244956,0.401727340734183,0.08357598197670502,0.40466079879815986,0.11077996203081186,0.4017180048798821,0.08527026194750381,0.39854568063147805,0.055505877613659216,0.40345412509555917,0.05979449276808202,0.4002501985420292,0.08236350945211202,0.4004413524720207,0.005060876474067971,0.3984687396128411,0.0016542575739148767,0.39846526492967765,0.07192712181458116,0.4045798133381187,0.012922062340992857,0.39859006692641774,0.0071072383606136935,0.39848753430537887,0.12627961562604506,0.403443403596941,0.16394017450816056,0.40324078886927256,0.05180637821517198,0.39930350504988726,0.027635454961452588,0.40005613822893343,0.03144050554841893,0.3989571368602574,0.026937889491334577,0.4000637378395301,0.011180399058912965,0.3984944442812489,0.048103113563044086,0.39855171571343495,0.04555111592812766,0.39912216571364223,0.05837297868384439,0.39855638057658377,0.11382566742215205,0.40015253401834694,0.15515994377201414,0.40408624235219187,0.04101252843413729,0.3984644427419139
Charnwood,E07000130,2031,0.7157085493406381,0.4060012225594995,0.005339031071150441,0.39846956153581625,0.0003173189858767314,0.39846445089063814,0.05143467480967745,0.40302841534799405,0.016863530865753262,0.3987639959303127,0.0074949015002311326,0.39870662520470906,0.10931626566818142,0.40488475721425443,0.004505526863799736,0.398516443790225,0.012833053296299468,0.39865149853189,0.017208334441634277,0.400090488002119,0.003568545403661222,0.39849705360637205,0.0019218893711142743,0.3984859371133876,0.012334953538762572,0.398950635285326,0.004242483383808449,0.3985715041870743,0.009756214583489353,0.3987839383747636,0.008542791156250895,0.39889895120288327,0.003941255680339734,0.3984873059633808,0.01368226335833822,0.39981347789963506,0.4999297951250081,0.40160143067392823,0.3387452039624874,0.40060973650756704,0.1188407835695453,0.39884349923406304,0.03288089915107065,0.398464224974921,0.00965130847489952,0.3984730067351597,0.15213516163314988,0.4046339384648881,0.23295814715885932,0.40512700334437113,0.15166580462774215,0.4033768789834893,0.07278355243632273,0.4045385315041499,0.09146397477497681,0.40353210219989677,0.0841815170633653,0.39917687323571643,0.06805003776605278,0.39959071388985873,0.06006319091870682,0.4013090245909696,0.08712653905906986,0.40159259799369845,0.005493771483277964,0.39846435621892506,0.0020244708896703656,0.3984838468850387,0.06910095932976379,0.4054516107109531,0.00867397397093124,0.3984649580845825,0.004143036718850024,0.3985880467801151,0.10160569507044803,0.4026171971830273,0.16385898795796716,0.3993253178198913,0.05316674168071889,0.40007246094283666,0.034393887559013514,0.4010771551485828,0.038489401538689405,0.40039553775759756,0.024802225538653043,0.3984675349013042,0.011631736439118301,0.3984732216774459,0.05101283711358506,0.3993050872748767,0.0504188103551384,0.39990675338712534,0.0537161574334315,0.3987672556486714,0.14173031834698502,0.39870709587314607,0.14677159485416746,0.4044664057737909,0.038713235494515,0.39968737560758577
Harborough,E07000131,2031,0.8231223096689604,0.40590875821880223,0.005658204188709083,0.39846423496145705,0.0032040680267335087,0.39855087926651894,0.03580938293554814,0.40140689388061485,0.000872654933916979,0.39846602186291913,0.0021338991546444586,0.3984679348131722,0.06522161321573705,0.4046569275543966,0.004133023729322116,0.39855771668213136,0.00590166515591814,0.3985349755144263,0.006265030115043091,0.3987027950663801,0.0027964185947692843,0.3984957298122323,0.0013360746342836044,0.39847571393352016,0.011024359853337606,0.3990261932690571,0.0026289119381867065,0.398498080404969,0.008655457069791983,0.3988095765300992,0.007103778172041664,0.39879211667351033,0.0012376506812487031,0.39847388528657607,0.012036385758287249,0.3996842863917474,0.5214214037827797,0.40029632259689163,0.32773583955939034,0.400764303885443,0.11201934341482861,0.39850341788130933,0.030874777543607512,0.3986253576270881,0.008015538376646286,0.39846678273965597,0.20785626111700584,0.4051832226070234,0.2526491952597745,0.4053680744271395,0.15371222007000118,0.40200028401003973,0.07083301218742655,0.40458969951107465,0.08854838223346606,0.4034529080591508,0.06543349665862408,0.40028316517882845,0.054205675894231975,0.39983659439275765,0.04096530504511198,0.40075614178504754,0.06633718160250535,0.4028377255326746,0.02069278535708377,0.39848243967556174,0.00029422011874601084,0.3984802687817331,0.06640780076480235,0.40416128416711017,0.008004975386982416,0.39849658501794627,0.006204053424682249,0.39847670190081347,0.09872123412243461,0.4013608631207064,0.1629872374467145,0.40169155682018476,0.0432712729945722,0.3984856428166973,0.026813950921083407,0.40102060088787134,0.043279095034419734,0.40011230684951377,0.03573281631526454,0.3985049885769639,0.015219938418855022,0.3985058719669108,0.07391419537109323,0.39867177300639267,0.04260153815255141,0.39879672828690127,0.05189035729322794,0.3984713236665188,0.11509796326592667,0.3984793065340256,0.1369343742024678,0.4033896993380446,0.05178418182189648,0.39910056571520786
Hinckley and Bosworth,E07000132,2031,0.8704798163304028,0.40564728383014664,0.005441478674720335,0.3984828397355874,0.000592742403231955,0.3984649382190763,0.04499176547101236,0.403657779406434,0.0007257307584403235,0.39846424752755627,0.004209714028847039,0.39850248801225197,0.02216963610368261,0.3994608224696001,0.0023733238780538624,0.39847488869309605,0.004363977362373553,0.3984798268137064,0.0061110601023059985,0.3987834058326776,0.0022273071094933983,0.39848385656857366,0.0012470385547123791,0.3984802462144594,0.00821048263197005,0.39874083269820326,0.002981437203312731,0.3985326885911379,0.00770462082961898,0.39871086198308037,0.006137491008713913,0.39871879767345214,0.0009292646179011495,0.39846493394555493,0.00843349037861374,0.39918758941700766,0.4685217142368476,0.3989281505214593,0.35265022598542073,0.39889728299361893,0.13045756874350933,0.3985536375229103,0.03699530456470922,0.3984714840235639,0.011357969969373188,0.3984995247679972,0.15852063874857025,0.4043965309067855,0.20896249213677276,0.40516450738547843,0.14785195010026797,0.4029377520391945,0.0839114128066143,0.4042532413692843,0.10122902627316588,0.4028109822436648,0.08343039651028306,0.39890534157342883,0.06065145406473116,0.3999463192743495,0.06148558082028632,0.4022444862577188,0.09439388005951299,0.4013286552973327,0.009599408172137443,0.39846501918589344,0.0013495288994100074,0.3984890696524556,0.0795498098239289,0.4052730398908357,0.02200617732867495,0.3984697429528232,0.007409981438567054,0.3984648687363795,0.11370579680529369,0.40353163285172805,0.16187545841229856,0.4026818314398776,0.06862514741567205,0.40032565121076974,0.0332169029231878,0.39951231881668475,0.03448471248219498,0.399401299406672,0.023140081270780488,0.398946912629716,0.011895516716731225,0.39853019452804994,0.04874721244740421,0.398842471064736,0.047220013547680906,0.3992170082119753,0.050609116425784584,0.39858815192202085,0.10354495268474007,0.3988158691087202,0.13774531584437488,0.40359318829050267,0.04497154921477631,0.39866143800700543
Melton,E07000133,2031,0.907592952126314,0.40458945767669535,0.005156351901078229,0.3984643189973829,0.0008946171475103931,0.3984740572105138,0.04510195783033932,0.4021144290285882,0.0008381870610210118,0.3984741308289463,0.0023946250397355803,0.3984659487274835,0.0063152670352075585,0.3984736277882222,0.0004181316616103589,0.3984658391149808,0.0028634395543895366,0.3984648033421928,0.003172151094132575,0.3985446748272909,0.0018196724658983005,0.3984802199539303,0.0004909770975629491,0.398464471115512,0.006367350866878174,0.39863844722245284,0.0020275449508119353,0.39848235261415804,0.0049358820276388105,0.3985169648221122,0.003791894978216165,0.3985372244033184,0.0012756267491100537,0.39848505625228275,0.004242391997410444,0.3986539417555648,0.47319238673221764,0.39970666856652287,0.3477444610983692,0.3991775083806434,0.13603061921530935,0.39990124005751354,0.033848998283395715,0.39881446965527134,0.009183532938104977,0.39849268132127963,0.18050561225739425,0.40522929866024143,0.17802493411210918,0.40314787204485036,0.12124742584971451,0.39846901203827934,0.08239885801373004,0.4010463239813679,0.1182538546791283,0.4013850284920596,0.08833250300041962,0.3995906231444321,0.06712350519031396,0.3987397488590076,0.07290492214166955,0.40252036604896657,0.0916663030033722,0.40188600800599505,0.03543074079285835,0.39972163716067216,0.0014695184476321357,0.39846608638359327,0.09211663762602118,0.4056426919975604,0.005507019444372027,0.39846897343060134,0.0039706161513543,0.39868972177187384,0.113067523130991,0.404251043940706,0.15984683555797774,0.3991311832729689,0.03618581772899632,0.3989066682216151,0.03585801566457936,0.4005182126945697,0.033087665612526296,0.399726824363432,0.02182122332136391,0.3984874602418156,0.015130930938973552,0.3987996524200198,0.06233182263924979,0.39846631840641134,0.052980669034942585,0.40027270222888695,0.05046497661775351,0.39933937355010146,0.10062655255458575,0.39851706812215065,0.1359352751780274,0.40408473716077936,0.043867731740744764,0.4003586778346646
North West Leicestershire,E07000134,2031,0.8886181032198062,0.40545144445311065,0.004328306363045457,0.39846422212657023,0.001628663037234468,0.398473358913316,0.048432661021490464,0.40362299768195037,5.570764283297641e-05,0.3984645725691628,0.002347948001001566,0.3984649631576404,0.0093581425698685,0.39866287764164554,0.001114159298265499,0.39847676030887297,0.005015295707815781,0.3984998533560844,0.007022794549607969,0.39895149089924165,0.0019007376262769882,0.3984802464222272,0.0010380434840499414,0.39847023540439297,0.00749998237489069,0.3986903080530385,0.0026632981905237996,0.3985221486716435,0.006258677079721303,0.3985467156594007,0.00439930271086969,0.39857979398339866,0.0009640947875895478,0.3984710678823819,0.006838614796560005,0.3989159507546348,0.484719376419664,0.40348158000433915,0.348659050498325,0.39903218757862713,0.12202120010976403,0.40117237498685177,0.03493026262916621,0.39880439554729286,0.009807949050062659,0.39850606302247193,0.16470258246075886,0.40491635245973184,0.19464191902195527,0.40476102006099424,0.14876770219770963,0.4039283674058554,0.07554033812859418,0.4039951499409715,0.10311546437323527,0.4024746494540182,0.07806418762258827,0.4004719831958059,0.06945252666447119,0.3984878617009206,0.07063377813017402,0.4036199036148873,0.09550368294895328,0.40236988862440115,0.007086124734935223,0.39853090295255766,0.004217454090890138,0.39883869110430914,0.09292316897672137,0.4051111150286216,0.008471026891956862,0.3984647370745366,0.008717129598977413,0.3985036518819009,0.1273050290895199,0.40429284421119727,0.16467998897273972,0.3994392076276978,0.0707511021848678,0.3991035923848822,0.033847632926205184,0.40029786077379914,0.030982916081246925,0.3989262015051512,0.01532634850965664,0.39868988653789483,0.013849974424631761,0.3986683615604358,0.0523468693534726,0.39848544036595673,0.05743146763963258,0.4002997856221171,0.050138614977788265,0.3992091954659414,0.10091362557696068,0.39852378223643886,0.12299780707869612,0.4029211713457965,0.03793702640231139,0.39867450645242697
Oadby and Wigston,E07000135,2031,0.4897295304770921,0.4061323568964843,0.0055969038341240895,0.3984877645498856,0.00018574419560993174,0.39846422796176634,0.0415534027430744,0.40258309950227045,0.008544831782040463,0.3989848680595065,0.005422562269576166,0.39846667251154605,0.2450748295154126,0.40551981900873185,0.05960931258643498,0.4044470601321077,0.01673149551557293,0.3985144065386208,0.019568017688535777,0.4005906390828578,0.008176699754083805,0.3985694713133016,0.0035024673524252925,0.39854237102567636,0.016403219822759052,0.3992132997245246,0.005154227445759774,0.39864744254735257,0.011848177078610078,0.3988071454520429,0.01021538781223541,0.39900398722591784,0.009742748569865456,0.39899682738665343,0.041561973893142756,0.4035544381808376,0.4680777783013661,0.40103156994833133,0.3524318144361007,0.40049037414763294,0.1314154136611297,0.3985540394399293,0.03807490567178645,0.39847857082801363,0.010018370670185878,0.3984755164116827,0.12750912882634813,0.4026663118455191,0.27514735485353903,0.4058970263274305,0.12994567852155414,0.39957732597395773,0.07880186258631383,0.40524033851229835,0.0792609915063438,0.40334971949066584,0.09829292455156136,0.39947419213657076,0.06801419594795677,0.4027729797089074,0.06155842751468987,0.4007785951118466,0.0818614953853598,0.40169510176635476,0.0010421824266765023,0.39847445570546713,0.0005166127082086441,0.3984653171156029,0.07136415925549144,0.40450030672494713,0.010064735493764465,0.39860918670886103,0.0030761490535869407,0.3985313809838783,0.07984941004385604,0.3995658812158517,0.15420336175814287,0.4041727247234586,0.04678708211358762,0.3992599559714016,0.028040016834393278,0.4003466706256395,0.034534680966683884,0.3996803090109909,0.03251458994564704,0.3992428075812583,0.016728276592763436,0.3988314693462007,0.054321734181767556,0.3985738958654153,0.046020393846324614,0.39916348604445184,0.051447383429995996,0.3996346097267484,0.12913241619793808,0.39857077998461987,0.2090345101626232,0.40566128261172224,0.03155048215460654,0.3990807458964135
Boston,E07000136,2031,0.6515994777704996,0.40610944443347563,0.0013754254275346045,0.39851190452699486,0.003024133322653444,0.39852313772375403,0.2686188372209326,0.40604410221543946,0.0007912917152514895,0.3984656887015159,0.0011498348518041157,0.39847468669168384,0.01132730399424875,0.39887689007012117,0.006641434806502644,0.3987235673146183,0.006497994581980804,0.398619104814526,0.007369501636626474,0.3987624442595218,0.0007371358993374048,0.3984645145534791,0.0007756060488896691,0.3984642519472015,0.004788597878904011,0.39853234226415346,0.003208173782385998,0.3984935892456717,0.005343847745590102,0.39856583478906077,0.005062846232608276,0.39850888763832304,0.0023808350892343955,0.3984920567396004,0.01873582569817067,0.40121009823335513,0.43676096886879856,0.4034365693164948,0.3662116800927787,0.3993893360939658,0.14079050192077291,0.4013843370143275,0.04332100037500364,0.3986832398496193,0.012970312648210351,0.3984682088386763,0.09068974378181638,0.4002051997775929,0.1139254359736026,0.4005580663686947,0.07799323037911621,0.39945623566711336,0.06566132917496281,0.4019345560365792,0.09191257719945556,0.4041403841952895,0.10568451490593922,0.3994952390490099,0.07361649148158289,0.3995424249164708,0.20418659545882223,0.40405491467456656,0.1762581520720623,0.4005023739813348,0.05129276945618175,0.39854242332884593,0.0003704033456231881,0.3984648648541843,0.1406661116781649,0.40431391149035345,0.0023437318273596963,0.398470650788663,0.004372959856548897,0.3986951279558026,0.07954451216388048,0.4017830123191915,0.20317430280188253,0.3985588619931223,0.053953022329584543,0.3984944247437665,0.030528277024324924,0.39988360269881573,0.00880920839228963,0.3984863530565645,0.0067296042102464315,0.3987001293622928,0.015938344849268038,0.3987581108006731,0.02063879492632026,0.3989214349825313,0.10153441781593298,0.40418425105067785,0.027419119976079154,0.3990431197569239,0.062277049848049326,0.3985617782443092,0.16284326359991597,0.4012373542866186,0.027659390252437244,0.3988111936454534
East Lindsey,E07000137,2031,0.9465598843149299,0.4016510504341009,0.0031049713361737466,0.3984675726459305,0.001269793860724719,0.3984737656201107,0.019582229042355515,0.39875083269850314,0.0007979654643266486,0.39846427813654717,0.002344580053959308,0.39847546728491473,0.002261905415135594,0.3984687793055487,0.00110312087428939,0.3984700229706678,0.0035850726445101067,0.39852846621860366,0.0009109351708362981,0.39846518881657395,0.0009622060507616451,0.3984666198691996,0.00029223963924012754,0.3984643083325365,0.004445610438195358,0.39855383208569506,0.001597266742955572,0.39847720139427806,0.004699547145722516,0.39850316842944805,0.0031459169398022346,0.39851295967283373,0.000463292946679128,0.39846462714887215,0.0027949910167330283,0.398543293579921,0.3759052592178723,0.3989957233610888,0.3608750134090354,0.399271129600627,0.18206969581466448,0.3984691370821404,0.06250737095035343,0.39848013608736205,0.018660180164238736,0.39846427065361534,0.14238451285978915,0.40228625258769385,0.12829228179509067,0.4002075116566468,0.11398322904267477,0.4018014705411604,0.07661320739326083,0.4010883055670845,0.13300426459064862,0.402546891558663,0.12049592788065666,0.39862408756676,0.08888422018949149,0.3988426204957527,0.08242281411476426,0.3988129009512455,0.11389184930907614,0.40143032329010825,0.053988624830299314,0.3994771171412318,0.0019996713934832544,0.39846686922280095,0.06373465584452864,0.403380131905179,0.005127765950969698,0.39848343232901035,0.010328745479496648,0.3984661127007383,0.0970992532175925,0.40149406588447156,0.16165915170187706,0.4003872440446741,0.03507043019180478,0.39921236138483773,0.07328100516062919,0.4010364793936368,0.0174583680162258,0.39880453975804264,0.005026322559335106,0.39890738510227164,0.014462006238365965,0.39851432368538997,0.0359132550720449,0.39853848751109705,0.06497705547371746,0.40325770264912686,0.06803473588386325,0.3985557284273761,0.08011421600137347,0.4009827971581517,0.1549903945765747,0.4023843961375199,0.056784300145259425,0.398485730820961
Lincoln,E07000138,2031,0.7605028377855714,0.4060209313038423,0.004913904013301329,0.3985714336297525,0.001922912317238304,0.3984802898110625,0.12012096267967998,0.405506229151457,0.0046722183330140665,0.3986052447944605,0.010273376103811405,0.3988628399043338,0.0095446697785192,0.39868055863317686,0.004292201308855215,0.39857401870328274,0.016170581018147834,0.39975349131144755,0.015557824515718188,0.3997102069776378,0.0027682611460158463,0.39847844251636005,0.00145070917395387,0.3984653694930431,0.008615422680210372,0.3987576642887129,0.0051214035334162245,0.39859790848660903,0.005114177846245557,0.3984841999136525,0.007652027815274187,0.39873192125368295,0.004259965645215441,0.39854408796615914,0.01612106055285767,0.4005798905253773,0.43468276583467913,0.3991289033462933,0.3703321625480938,0.39874645954070426,0.13923402704973656,0.39846480702703385,0.044140546367669065,0.39854300776014623,0.011587576855897657,0.3984642187773379,0.0860936360963187,0.4001060473319559,0.1744597020764962,0.4044058314665725,0.11287409515208469,0.3987287446817655,0.06540821713403133,0.4033182244478306,0.088706715461778,0.4021801319246796,0.12056389430917358,0.4004160066982952,0.0908277597630458,0.403354505903379,0.10930167065805985,0.3995229513347273,0.15167976624461668,0.39848107305006925,0.007981822696443722,0.39846796759340897,0.0013967908169908918,0.3984645002010584,0.07825212456322683,0.4034684217495317,0.007840805248377436,0.39856310016183116,0.015423472318785186,0.3985289932929761,0.08356191670962365,0.39898598428342386,0.18129692466520542,0.39984171644147304,0.04349251454331804,0.3985550799576493,0.055948439618070944,0.4009333751310523,0.03596777080561875,0.39994673039854206,0.007369392423568821,0.3987897895081301,0.010384686668597473,0.3984720138146048,0.030902709051313204,0.3988694219985255,0.06291117030641669,0.40090874651607383,0.05609353561755448,0.4016071013893618,0.10163192540268384,0.4002446599086508,0.1849382777206925,0.40457701938582824,0.03472419335712118,0.39984170325144286
North Kesteven,E07000139,2031,0.9266084540721726,0.4037258212294453,0.0038999680605029535,0.3984744374178464,0.00028460975610226924,0.3984665015215599,0.030569693610536186,0.4002989082323672,0.0008062866222706966,0.3984646527539826,0.0028373578416647366,0.3984742280976908,0.004222215751598812,0.3985325665051857,0.0012748498805294772,0.3984784826862573,0.0034679578895112084,0.3984924948050314,0.0030174142078013277,0.39852119983401557,0.0008260172764491883,0.3984643934183993,0.0008403338963147086,0.39846708574489925,0.005206684944211337,0.3985759537876749,0.0028200096579159284,0.3985189936491129,0.004046814509468893,0.39850980018251475,0.0036393191435886985,0.39850798978813656,0.0011486057647838582,0.398472148056616,0.004261640712231618,0.3986217467747298,0.46567962342110125,0.39890934056996813,0.3573049713558569,0.3989791806423414,0.1303204933381057,0.3993414730728618,0.037443982329656816,0.39849633738917517,0.009282173306791153,0.3985279100304624,0.1475213562011084,0.402858896377468,0.2073718954240853,0.40546088210858017,0.1553790917553236,0.3995230111414307,0.09943446601860106,0.4004323504368502,0.10525770549141011,0.4018623926717198,0.09620147336317275,0.39860079699343887,0.057632716087083535,0.40117711892634605,0.05553430357334044,0.40300711762831015,0.07616776377029977,0.4017142169511448,0.02636816552996668,0.398474414601389,0.003088769008290998,0.398485833814063,0.05850698520760744,0.4041708735832419,0.010477106896028543,0.3988953948057494,0.01694138180650806,0.3989202155020977,0.09758406657743124,0.4011593847903367,0.11825176102335844,0.40423036224944414,0.03423245936843211,0.39892320102259665,0.03502587876963614,0.39959794405987303,0.0380283744717238,0.40109562149284694,0.01113656924872769,0.3986852387576838,0.011215750780256939,0.3985184101369035,0.043138000766849184,0.39846559408804033,0.04797419992764129,0.40051468665325496,0.13505834692341745,0.4009762705535574,0.1110662892733385,0.4018148954349336,0.16359768822111276,0.40371121660023407,0.03808136043450855,0.39859936352917635
South Holland,E07000140,2031,0.7858511029192172,0.4059597425298388,0.0025751687560006953,0.39846963750648196,0.002381527351977067,0.3984861842890122,0.157109649932897,0.4057512621794159,0.0007736090899491902,0.39846458875708535,0.002311808790025814,0.3984656462370886,0.006918038218831912,0.3986924333592295,0.0008396589364758518,0.39846545509494374,0.005311426360577853,0.39857677810721104,0.005208561975841741,0.39864897607312705,0.0016533312365556996,0.39847411819449374,0.001026213229046856,0.39846750488349725,0.004544928310654783,0.39851518829800797,0.00302036557798932,0.3984940980798114,0.0040590832740407395,0.39848661487582193,0.005005605331395657,0.3985885775475818,0.0008933044436649912,0.39847207290316555,0.010060106234090815,0.39948709551800066,0.42268551998134574,0.4013039358436533,0.3788744937279193,0.39861834417667474,0.14575135882435597,0.4002117576071333,0.042594579466158244,0.39875453174128683,0.01012986615335526,0.3986468280844087,0.12234864138725765,0.4008610313755237,0.1220363354879268,0.4027022452833313,0.09699464772111643,0.39969695288002155,0.08045346203993953,0.4017851227424361,0.1221898132764303,0.4019857464438016,0.09118172617518801,0.3984650180651487,0.06854545452650995,0.3990824542456603,0.1569872493609208,0.39888891372381624,0.13927499471277294,0.3993331994212728,0.03457721570569028,0.40313547385086046,0.001080497796587962,0.3984696897499019,0.13253245692560167,0.4027949547504219,0.0030852324993772134,0.3984693414847813,0.008332830046047304,0.3984791737528723,0.10274545475036145,0.4026333649742897,0.20523269862168533,0.3985453224253602,0.07694471774760481,0.39977341741126354,0.04860716093189765,0.40021967950759946,0.02173375857209714,0.3990892424670076,0.01157074517592982,0.39946059712990495,0.011390463882253454,0.39855643634042126,0.030884983664700938,0.4000228269561535,0.05720459887973278,0.398601873676779,0.03467225859606554,0.3984826517818508,0.07232831985260235,0.3988237953108028,0.12093366813911555,0.4030527967108618,0.0261258712269129,0.39964567525589134
South Kesteven,E07000141,2031,0.8733280780720021,0.4054082691228505,0.004598668913676045,0.3984655291874877,0.0009046489406365349,0.39846567974682306,0.0630301144130132,0.40346734577952753,0.0004636265826627132,0.39846421951133276,0.0037629235755522045,0.3984678057390882,0.008197529433954687,0.398728357271544,0.002569452679123868,0.39851355393203486,0.00830575202869066,0.39876836583338177,0.005193084809185455,0.39856794325776296,0.002202584115931633,0.3984890592468838,0.0009383627021753715,0.3984674037534519,0.005904834214138954,0.3986466180008892,0.0033701508127060853,0.39854077978736946,0.004323018523423608,0.3984865305575117,0.004933651665725403,0.39857093613628214,0.0009850498999446344,0.3984697552355423,0.006482121445443356,0.398888494557341,0.4521784346348843,0.4009725773927171,0.36229385600024955,0.3998859665335775,0.13794215479131616,0.3988220597201606,0.0386642820140336,0.3984863851299503,0.008877477116877724,0.39849702951235855,0.16569767317549822,0.4045756597093581,0.1945228148771223,0.4045976610220973,0.13689504832116128,0.40106213106535443,0.07790101909820857,0.4034881571875637,0.10279042103083125,0.40241101539219415,0.09059571469854694,0.3987685366519549,0.06342520605288726,0.40130027352585174,0.06802450477078836,0.4010860513178067,0.10053908185115346,0.39943740478949763,0.022098799237256772,0.3986460192493236,0.0015904976837356963,0.39846446693634757,0.06820133848095455,0.40535020879902844,0.0053891941141972835,0.39846946349724083,0.010451060833395781,0.39849251848777073,0.10806189419128476,0.4035385973861132,0.16016415978102017,0.40057309716537365,0.041605541197722105,0.398464230286351,0.03929877978358176,0.39974721893227805,0.04243719382587319,0.4003567172349276,0.03094561075363672,0.3984698101208541,0.014761905168866218,0.3985889112397004,0.05790685301279419,0.3989937294413365,0.04934253054234933,0.39862813514633877,0.05510447217321168,0.39975485530542687,0.10978604616184251,0.4003662720813642,0.14098919928286247,0.40275510694348154,0.0415419749203485,0.39897375063499274
West Lindsey,E07000142,2031,0.9278104680411556,0.4040482784587344,0.0032335874682739296,0.3984907037300463,0.0027229559629637495,0.39847613238341856,0.023995748407938278,0.40015197201120656,0.0003522635749302755,0.398465971165636,0.002438827010761868,0.3984778248431805,0.007306758517752365,0.3986030643764792,0.0017483446771941746,0.39847921414701204,0.003767908307629103,0.39851653034002166,0.0024093252933058973,0.39847793880955146,0.0013907997748454498,0.3984686724538525,0.0006613306449114453,0.39846651931476346,0.0051867210856056944,0.3985805660264917,0.002870617832863992,0.398533315335672,0.00423464166121057,0.39850712352177237,0.0032494741070571154,0.39850134708780766,0.0014097737036877639,0.3984778735406711,0.004938158817688221,0.3987532166738809,0.4361363210994236,0.39869757161905434,0.35906376780807253,0.39846566478620576,0.14639671809733612,0.3984662793660302,0.04632690461243011,0.39866980216390163,0.01207610425282224,0.39847725053369915,0.1532665576733261,0.4039208724520932,0.19604932896164184,0.4043089395528931,0.12991382204913604,0.4015610374687453,0.07852789381466918,0.40306618207933076,0.11420495324265145,0.4026431616022046,0.10048400089342402,0.3987972481759728,0.07306017611405163,0.39846522273019414,0.0739546721049511,0.39967285599310676,0.08075696895015483,0.4027163635569755,0.04061368821894531,0.39846727484814526,0.0029317529739991046,0.3984642890379402,0.0758416184341737,0.40407581471497744,0.008766315089334759,0.398520558588614,0.012233970768030872,0.3984779652232815,0.10599416519881277,0.4020817830180169,0.14212371885950859,0.4008438459316096,0.043471507563549505,0.39855604656280236,0.031125236128053402,0.3997198127163778,0.026407053255212976,0.3997523752862359,0.00930155414393441,0.3989615175680718,0.01277381138272421,0.39849027801265313,0.04137876068750068,0.3989865163628102,0.053896351143893906,0.4014901829665742,0.07231917752549782,0.3986430205371802,0.10963631784984655,0.398503576161244,0.1702866345305516,0.4033619925815175,0.04092487777618174,0.39847429343104146
Breckland,E07000143,2031,0.8623541116432962,0.40498103329469,0.00469872877158733,0.39846455528154817,0.0013239702782087623,0.39846502792499533,0.08649509212377815,0.4035300235001956,0.000920289274882637,0.3984645210374691,0.0020356917310168712,0.39846757697488144,0.0025695824656413076,0.39846556625857,0.0008601710564632575,0.3984650284839416,0.004544971681153587,0.3985086639359888,0.0038224043244325934,0.3985323726839383,0.0015717537462755834,0.3984645472594563,0.0015958701671438813,0.39846614923409385,0.003828183780125491,0.3984745271264383,0.004024379670786171,0.3985013890785387,0.004355147111741731,0.39849384324268305,0.004744860994970415,0.39847979626056157,0.0003789510848445539,0.39846557578952385,0.009586363358421779,0.3993370228939222,0.4288164236619244,0.3990360586282303,0.3681274040328999,0.3987770347364747,0.14880243578724434,0.398482257454879,0.04326671197862478,0.3984646543782807,0.010989696853053302,0.39847405270254216,0.14013464946527954,0.40409650592681,0.15182429792345964,0.4046513295009285,0.1223381679028488,0.4004104235862498,0.07382767202011031,0.4032220332793049,0.11688540680225801,0.4038310409409925,0.10853579207812936,0.3985795379550326,0.0767134398865226,0.39848399046430755,0.10031906538975677,0.39915525212173525,0.10953169249069683,0.4031775569110924,0.03586783727873999,0.39891838672480695,0.0015145810749887904,0.39846541561716187,0.10296527375726328,0.40353722584502605,0.00636840851811038,0.3986542397015598,0.007928725408889184,0.39848528811203227,0.1079466525443129,0.4024192378039527,0.14847540686311111,0.401875089226357,0.04557420910269877,0.39879012141743975,0.043694998366372806,0.3991107175454091,0.02358191601743531,0.39925784556447536,0.019554652353236723,0.39903190492775725,0.014053693483277188,0.3984885108146215,0.051734941135876955,0.39958575777382566,0.0611752590756951,0.401219941186952,0.05557415076899086,0.4001381659960037,0.06885741820772018,0.40051424327027674,0.16659572996784444,0.40507276091876576,0.0388842118606505,0.4001349673229075
Broadland,E07000144,2031,0.912392390368943,0.40484617900586645,0.004513843352356439,0.3984864651871907,0.0005551020847384056,0.3984647956653544,0.03169154580167444,0.4013268139143439,0.0019310067305421674,0.3984832099947752,0.004296845306723723,0.39852047771936616,0.0051354252331582695,0.39851417871475,0.0006820234916719292,0.3984656739762641,0.005500945203699759,0.3985218681952252,0.005318352521578973,0.39863277989995277,0.0009308837616639129,0.3984667747535358,0.0014095741821254365,0.3984809267648125,0.006922436910890617,0.3986635794574936,0.004626863132110526,0.39861559335128927,0.0024689882688721555,0.39846572814446446,0.0052611929880682085,0.3986163646976033,0.0008282933865128468,0.39846470990700256,0.005123305679065049,0.3987099879932689,0.45830357800552024,0.40083662583637264,0.3589984580709509,0.39986405516160195,0.13775432151999492,0.398547675613811,0.03692589726297066,0.3984739776652444,0.008014946914633503,0.39857289641825905,0.15072855291274356,0.40431366330183505,0.21775754600923047,0.4056294087207296,0.13824058627073965,0.4011541565418031,0.08982214048018733,0.40409534404827163,0.11573910712422242,0.40296323506810017,0.09480177924158018,0.3989356331863492,0.06863738835955857,0.4025378388943621,0.05637665392555424,0.3996383480365322,0.06840945099662576,0.40309632621544683,0.014407363216770866,0.39846433754848953,0.005458452770998878,0.3985597135353539,0.048593574298262165,0.40437575714516066,0.005658344903026025,0.3984768417576937,0.0065671143790392945,0.39846427413869595,0.11848535600387411,0.4021934020167498,0.12313303704395206,0.40510367419588966,0.04048994204986803,0.39847623070314053,0.03672899021659615,0.40002587739890655,0.033223477905649834,0.3992257785206191,0.05383288341916126,0.3997245072954086,0.023854811947524146,0.3995968362170263,0.05979073034500526,0.39921403207587347,0.050944131227144585,0.399701030272543,0.05603673981395832,0.3985197692637906,0.09606648579635158,0.3991664070406628,0.1795956124211795,0.4048120567159044,0.04678942331933269,0.39847002440896734
Great Yarmouth,E07000145,2031,0.8497681511255868,0.4056803507783959,0.0030620552754613006,0.39847687042230545,0.0020392018062395656,0.39849148371965387,0.06847903058487192,0.4037626350961936,0.001085259683523604,0.3984756502616886,0.0029746342175326207,0.39847922782537093,0.011085597261205171,0.3990219911368956,0.0012330122470561745,0.3984642419808943,0.009869325747168811,0.398856755952072,0.014113033808175857,0.39992557975072335,0.001216419924923065,0.39846577864158533,0.002127625281763329,0.3984929488840895,0.0040862850099287334,0.3984708149727834,0.005614348326139718,0.3985709945592334,0.004060562435949364,0.39847941826357486,0.005794525027373709,0.39860232946077545,0.0007133282329145653,0.39846430519884923,0.012003966625941276,0.39970038970019056,0.4007475911558953,0.39853616568703404,0.3583750015381411,0.3985073186690039,0.16698018677968993,0.398483347843289,0.057648596738200636,0.3985779441854069,0.016209217845240854,0.398464245295998,0.10074376943647506,0.39884130909897514,0.13777613986751902,0.4041799525510299,0.11073770631035451,0.40203152764663136,0.07740181621051168,0.40309726216346825,0.11351522133879888,0.40303680772044836,0.1398608007987181,0.4018223079724033,0.07947595778710603,0.4022536141319585,0.1087021914145977,0.39958948849054204,0.13178932283793743,0.40104812368729514,0.009321162287078882,0.3985051026456984,0.022500849733660733,0.39898076703509117,0.08432111446474799,0.39970983452496495,0.012644352308316176,0.3990239720920873,0.009595914658480836,0.3985265001840926,0.09276087731142102,0.3999424351884859,0.15586859807283293,0.4025677610978459,0.038167034673231015,0.3998714170872259,0.07088056700877576,0.4025511192266503,0.01932122826490712,0.39907750778355594,0.013949126717063276,0.39890387827317764,0.011784716719693195,0.3985484781567013,0.02609841539727542,0.4022693835462202,0.05829863215315467,0.40001057484226327,0.03863058708526035,0.398923613317317,0.07218985812879064,0.3987481201382683,0.2251712337604248,0.4056738081227266,0.0390428017022717,0.4007921431907947
King's Lynn and West Norfolk,E07000146,2031,0.8531352243125916,0.4055340228095602,0.004381470335784093,0.39846531349875,0.0036473425975956375,0.39851586349151435,0.07851353988738374,0.4038797359709701,0.0009798629897702776,0.3984698923381289,0.0025667459295873937,0.3984642556091799,0.01141990399372006,0.3990856737076135,0.0012377915377290993,0.3984657475305384,0.008396905779648578,0.3987023971407013,0.004516076204611086,0.3985416893418468,0.0010493784340111535,0.3984650952286698,0.0015081145628851877,0.3984705011355779,0.00424252454358548,0.3985044906403071,0.003932549432898391,0.3985407883185717,0.003363726990633295,0.39847586565779813,0.0052537779704318055,0.39855493207657144,0.0014543368194130935,0.3984770138316541,0.009863979799866973,0.39941322752580716,0.42548767275430044,0.40107688220634724,0.36739751513821767,0.3986285575934829,0.14944432994621704,0.39957855663861636,0.04414944239383789,0.39866816823124784,0.013549197824608734,0.3984672079073755,0.13486461402552585,0.4034617114392703,0.1541307133504839,0.4038254280241484,0.11011427899691001,0.3985733288908074,0.07778715560329719,0.40223550777965034,0.13202499021613945,0.4010881774638578,0.11476786706187436,0.3998901368931721,0.07233386303010336,0.39900294413856036,0.09151298352980275,0.40102698234525225,0.11269159455161293,0.4009628827166927,0.033186620673583814,0.39846439917599286,0.001697593369361542,0.39846473067171234,0.09383926783312546,0.4039209887875063,0.0039705651839466866,0.3984694864031736,0.009268823178159441,0.39847096160511547,0.12052738805102514,0.40309379375083965,0.1565243090191184,0.4012936167163057,0.03819410728754158,0.3985094976709189,0.0505904843512498,0.3991656087126614,0.023380124055828677,0.39973394180750554,0.02286302349335767,0.3985347576204113,0.013146225726446782,0.39847007279719476,0.047126745283292526,0.39957561085864296,0.05838036578690975,0.4008403568852486,0.0441000950298962,0.40281344280027304,0.0733318256096055,0.39956956471466026,0.17310091236980707,0.40449799234443473,0.03687352995241833,0.40002340459418134
North Norfolk,E07000147,2031,0.9458040062987427,0.4017789486665027,0.005629287826060647,0.3985285119180032,0.0012062510619437472,0.39847222117767717,0.022672537897271305,0.3988949516237043,0.0,0.3984746809880557,0.0015413053681164416,0.39846454565037975,0.001033917693780131,0.3984642870731973,0.00022018776407533788,0.39846463141666344,0.003140079441114399,0.39848160239579217,0.0011966715331236943,0.3984682834533926,0.0004307965455736633,0.3984653936225849,0.000373361184428149,0.39846481738431855,0.004049683003111038,0.39852657237674544,0.002565761562039137,0.39851059784531545,0.002872017456602746,0.39847723457284856,0.0033316332891022704,0.3985124848156131,0.00042122912489899605,0.3984656894725631,0.0036287794508916837,0.3985950626985352,0.3976464936353845,0.39936389552946955,0.37448846306454403,0.39860730646812953,0.16879636915417084,0.3985698777025991,0.04598054960183284,0.3985045983236961,0.013153726016319534,0.39847150102939094,0.15324048721786854,0.4037063946527805,0.13447097867466873,0.4006527755752674,0.10801587453498618,0.40038196999866293,0.07122200073726725,0.40205184786344533,0.1535055282286213,0.40243993941334777,0.1216327191751545,0.3988515755655487,0.09371080074888516,0.4006416915584924,0.05518659175532692,0.40221434425782954,0.10900427313927996,0.4003944562525044,0.036892350266073244,0.39846471845525905,0.003417824433459924,0.3984643067441506,0.04510169193487279,0.4048689308405232,0.0039019645127133795,0.39847221269316097,0.006716158682738227,0.3984651312228094,0.11691091176220025,0.4028616520861246,0.1494051036039301,0.402867671671947,0.033463785661660084,0.39861620886671817,0.08400106109316685,0.39875797841781224,0.024610304578409403,0.3993430336564948,0.02053752263312103,0.39858490384516854,0.020861444056224254,0.3990336877694662,0.04801169809064687,0.39847497712010027,0.07840120184392729,0.40369136456239374,0.04152365693416965,0.398470977920731,0.07885385321638716,0.40036341789066565,0.15611951013176606,0.402703833202123,0.051153729763697586,0.39913085413137145
Norwich,E07000148,2031,0.7042239387096991,0.4060429255340665,0.0057151553447659376,0.3984751548731454,0.0020004491264952323,0.3984795289414905,0.12245977226494364,0.40552842160097113,0.007534845544703295,0.39863000355846845,0.009976946579504209,0.3985654852916291,0.022874724759493592,0.39970950329069643,0.005364143641243824,0.3986281335180361,0.01919107991507707,0.3990167029523353,0.025819723888962587,0.4002775148540576,0.0034168243213818783,0.3984904243712732,0.004066187114257935,0.3985853380319087,0.011209286201231405,0.39875279698865246,0.008394717268062735,0.3986257346537851,0.007848510843136203,0.3985649740217472,0.012177083505065633,0.39894351691443697,0.007614903709769527,0.3985706673094982,0.019099955348839348,0.4009032877320865,0.43020663720264163,0.40151948595492476,0.3712951380360052,0.40122465395064894,0.14219297790479923,0.39850377751027644,0.04444521090503835,0.39846482810855144,0.011805896442177298,0.39846845382601154,0.09417155126934751,0.4012313748678479,0.25177636755667,0.4052351009635023,0.1305632293408503,0.4000305460796693,0.06003698804197155,0.40401679666071166,0.0786151287085155,0.4023320018014826,0.11107122766284605,0.4011098334981208,0.0809887436726795,0.40334517585682267,0.07165057389089152,0.3988108189510137,0.12119162203614797,0.40181713702026506,0.004387972680757052,0.3984850576580925,0.0028279770517052605,0.3984900429285668,0.044866638526128266,0.40254390442445526,0.0033475970515153275,0.39848791766629127,0.005685024447505106,0.39846516035146257,0.0725921720509034,0.39959014818901567,0.13717342640000085,0.4040286778100413,0.04300950288526928,0.39915605810340093,0.05786363130831296,0.4011391152326674,0.04844693300824887,0.4007418616882991,0.026029047077455125,0.4042479004449525,0.01906072594618946,0.3989593778084961,0.06665050289410057,0.3991387603087846,0.054983397789278854,0.39918826580251116,0.03754306913624683,0.39953162566192113,0.10895228392939904,0.39891591296284884,0.22075610324191253,0.4057187334339934,0.046073693407069904,0.3993945543985254
South Norfolk,E07000149,2031,0.8844175821708387,0.4054990389985984,0.0036438975302169416,0.3984642276657118,0.0006496338887831271,0.3984738457015268,0.04446971246016629,0.4028225961452135,0.0016134352286437947,0.39848220450646565,0.005121148184941554,0.39855162519673887,0.010182699884153212,0.3990528331377957,0.0013459441143887085,0.3984739352030201,0.007378764571629115,0.3987119369765776,0.010007184962736893,0.39926628888969984,0.001731328289403547,0.3984839405917717,0.0014755967633939965,0.39848019002166896,0.007042451469215227,0.39864730379752317,0.0037231502776342573,0.3985370027580485,0.002978586033256077,0.3984671373179179,0.005831364470599121,0.3986255683034819,0.0014656170478056368,0.39847567397472367,0.006297071417534772,0.39887090247381285,0.4767254061327926,0.40037428424602334,0.3513352999544058,0.39905340068075423,0.12988765769148064,0.3986602293518757,0.0340736988658782,0.39846890533771373,0.008003881765100751,0.3985294002019868,0.16234918077227434,0.4048339540191093,0.2489934318626581,0.4056145198120582,0.141241463682662,0.4022882150573982,0.07647900660288443,0.40420165380497847,0.10363924756118648,0.4040159296946938,0.0901611435704322,0.3985982197980808,0.057883625130686234,0.4015223468840467,0.05252170604099571,0.40113247426890053,0.06723018689005933,0.40364744362030286,0.024359437180704213,0.3988266229383459,0.0035375113189036883,0.3984850898342584,0.05720348501291239,0.40403723439657513,0.00622601571231457,0.39858359100181107,0.007378117882299057,0.3984884556819772,0.09674010593676508,0.3995039782106385,0.1097176201597918,0.40505981151871967,0.030769512215120254,0.3991133722864103,0.035280246159287265,0.3992201956278254,0.03752173115118995,0.40028975424244256,0.038001182232221487,0.40063523205635254,0.02044635639829523,0.39869563064091895,0.06725566707685121,0.3985310333720305,0.05651011939237138,0.4014207136339188,0.05432046741602815,0.3984673290919738,0.10678894386847321,0.39846702518967514,0.20331262768408642,0.40553664240527176,0.04466405808850905,0.3984651250613637
Ashfield,E07000170,2031,0.876370737830662,0.4057456124737566,0.002056556803376852,0.39847454765028173,0.0006963037178887299,0.3984658175053078,0.0465156629401382,0.40381190158047325,0.00037007835919832324,0.39846453134564236,0.00367120159878076,0.39850627180026227,0.010414156499212845,0.3991212699247348,0.00247408525557527,0.39850307393679857,0.0048629170163187185,0.39853525512718124,0.013408783409672775,0.4000546555191957,0.004467312037078619,0.39856732919543586,0.0028973673585213078,0.39854010947235763,0.005147913560301198,0.3986092153559275,0.003452978248060623,0.3985671976263224,0.01040630639341733,0.3989074392850532,0.004529547143741319,0.3985872654767356,0.0013578707108979488,0.3984828148977901,0.006141038113987585,0.3988336551631348,0.42745094643825987,0.3990896249460687,0.3499452141077132,0.3988252897901851,0.15240019089638857,0.3998113404131169,0.05344961909689189,0.3986024783939911,0.016758991884802066,0.3985062522361655,0.10469268793729802,0.40106650671275706,0.17174504669937019,0.4054647088772596,0.12161246159120287,0.40250187079014155,0.07702399416166861,0.4042486616411695,0.12271347436336066,0.4019486600030085,0.11333768949777123,0.399638654674084,0.08239832862654173,0.40010505888623477,0.08179601389205615,0.403406644784391,0.12494127880005568,0.4007434585740436,0.003834413367591688,0.39848885154792474,0.0,0.3987145514019874,0.09468133375560228,0.4055524855450293,0.01181318142265618,0.3984760569506884,0.0093746205293192,0.398561102270297,0.11856024248900354,0.40218914402621114,0.18196757523100415,0.399331620029232,0.053125083506747384,0.3987393644463235,0.032807777324839194,0.3998584380957487,0.030546510140387895,0.40022437518270915,0.011723072657323697,0.398750229502185,0.012182491608933005,0.3985270390178388,0.028589161584460898,0.3992656336104434,0.042030499703278164,0.39846641037016844,0.0560317313716962,0.3987086579680989,0.09470597511116408,0.4014969916371348,0.18380243826572862,0.4049313155657748,0.034595291807927364,0.3985859710213529
Bassetlaw,E07000171,2031,0.894421523872797,0.40501567373410735,0.0020254342483561893,0.39848989693014475,0.0014502360012002627,0.39846959899840223,0.05739280905870103,0.4037957719680865,3.238029162648537e-05,0.39846970250498254,0.002417020475870141,0.398473755965026,0.00494866672791569,0.3984797671385839,0.0010103520225626939,0.39849726582302325,0.005139598190132766,0.3985668472340639,0.004424216261513209,0.3985492643853852,0.0013232368352329577,0.39847312275098895,0.0020945009188596264,0.398498581433508,0.004481108736030415,0.39854891446469204,0.0022139960783760793,0.39849425728401605,0.004543583374659481,0.3984680512426735,0.003702419922131772,0.39850359037614186,0.0011423479133290393,0.3984707761099015,0.006963368853540208,0.398892731959327,0.4489990265842547,0.40199187672188963,0.3482295013030213,0.3984940209993846,0.14573870899105756,0.4000863265129866,0.04311840657649635,0.3995247725920081,0.01399452173519146,0.3984784888395066,0.14385205237954013,0.40434080775745146,0.16155425791022227,0.4038157454460941,0.11946357634293037,0.4024007909181252,0.06880502566433089,0.4033755370467828,0.10559339943572166,0.40298857185521963,0.10224814614231115,0.39877615560018914,0.07179048660272291,0.3993127008581283,0.10676610337943326,0.39901872965552965,0.12019136757870252,0.4017105543281069,0.012163163357715556,0.3987408483113742,0.0,0.4003402198743437,0.10766833046040736,0.4024613024300684,0.006801613404948781,0.39892111792728796,0.005921937597241883,0.39854167224237946,0.11188923742035106,0.40295201669706415,0.19414738573186963,0.3992096582763001,0.06240707305251314,0.3992038015475408,0.03627371315781813,0.4005261084497989,0.026568434757530346,0.3994980843052141,0.015341864855325293,0.3985718743591732,0.006570688311510808,0.39874618975451565,0.03745047672544308,0.3985185468058247,0.052468408203651506,0.4015978928110768,0.04969115570309429,0.39858973957186855,0.07421053727084814,0.3996768607201372,0.16822019882278227,0.40147332598494223,0.03678156948546907,0.3989833443987034
Broxtowe,E07000172,2031,0.7945437561419109,0.40588272327064806,0.0061474142349385585,0.3984681892443666,0.00038221433581274444,0.3984654899302429,0.04961010703976143,0.4023960960398187,0.0011740369028749864,0.39846579188302905,0.012836059162242786,0.3985494995479749,0.026928632758034032,0.39986649206190616,0.015025451955219427,0.399271485437973,0.01344021626496461,0.3990408288275511,0.016113810938716,0.4001084089033344,0.005683073407663136,0.39851945832984526,0.0031291166623379774,0.39854470563193817,0.009960851379044677,0.3988741763821232,0.0037075123953011213,0.39854011191523875,0.013270643701148055,0.3988517020633261,0.006953799112341619,0.398683794315264,0.00498129351203469,0.39847829463611356,0.01501376986591918,0.40026495934034906,0.47008121430720684,0.4007595259027382,0.34288973720306215,0.39905499192639254,0.13647155093400887,0.3989652030837269,0.039177507377138765,0.3985269421044392,0.0114152470353166,0.3984642461533884,0.12409698192514229,0.40253515447694915,0.2861992063646932,0.40571597736872483,0.14142479986851297,0.4015185775816501,0.07468865699940785,0.40463002595292474,0.0877172016763792,0.4026290533401283,0.0735497793671106,0.3988810266951133,0.0643575430791703,0.40196657662089363,0.053247399110976534,0.4021415863859266,0.09516980344595616,0.3992193334143456,0.002444945595131906,0.3984690255156776,0.00011480101084598848,0.3984756579169314,0.06381747006453065,0.4051290113219511,0.008673181090442572,0.39859918089171065,0.005532529933678365,0.39846647255787915,0.09650556101641539,0.40168477825185717,0.1541242215655827,0.40170482592351014,0.05108745970651363,0.3990909122853711,0.02893550912637277,0.40004522958872923,0.04982572842428756,0.4007256116382936,0.016485243107378866,0.399110404987846,0.014615473435479254,0.3986235572455365,0.0630912200232201,0.3989310551694495,0.03619408004427721,0.39863536444351844,0.06016706381187753,0.39864077878613696,0.14038584755665984,0.39964988522409023,0.1709023857183638,0.404815980625643,0.03701629779890836,0.3987848118047078
Gedling,E07000173,2031,0.8087382254591908,0.40584076276776043,0.007289020250858355,0.39846861807779144,0.0001969418681720212,0.39846432055213105,0.04259213113408489,0.40246100250149186,0.0012089227550525078,0.39846962463602487,0.004418974176246815,0.39847323113848543,0.01782175866684821,0.39891294475022293,0.016171612583929074,0.3992263676449737,0.00798193149711346,0.39861106436038407,0.014103355354427638,0.39985284325355924,0.01166859352239999,0.3985108580557148,0.00507897688970127,0.3986459503524962,0.009987171042764698,0.39885690045288663,0.003847948665968104,0.39850648892097595,0.02321055403279404,0.399674817089199,0.010005869745306817,0.39907954892337927,0.0025456156064295743,0.39851741469907664,0.012108289467844813,0.39973989053100917,0.46987099398495924,0.40170099561579475,0.3451006292822618,0.399039212964287,0.13109160413157173,0.4005456678348912,0.04152615006436503,0.3984679033579425,0.012435942820178875,0.39847250629427533,0.14247432196673815,0.40400513051542847,0.2489041253024915,0.4057220436671409,0.14770166870296952,0.4023221743768896,0.07161057547545902,0.40525159543443584,0.09786029514889893,0.4029610840608817,0.09257453671569077,0.3984642610197757,0.06316202040116936,0.4034449585124596,0.052394526516759576,0.400766735666004,0.0836678564966431,0.39975474524640353,0.00336497961573292,0.3984664125547174,5.7628872212223126e-05,0.39848770812054135,0.049472490613622355,0.4045261863595955,0.008870853498563647,0.39865345346004216,0.0067962481954071605,0.3984656757359778,0.11171458990831207,0.40179697734850933,0.14226756065775836,0.4038356624554062,0.04632167436981757,0.39857453631020634,0.034062743961167374,0.39944691068043,0.041450547430519125,0.4000420398565222,0.019953042236885543,0.3989094618714486,0.017342788405718623,0.3984735542718426,0.051183892026672395,0.39855572661843797,0.04643464028251032,0.3990636527561731,0.07157034564987724,0.39847600950747886,0.12325933680369294,0.4008465491877068,0.186735954232776,0.404885592605863,0.03911500684713787,0.39910453352523106
Mansfield,E07000174,2031,0.8140968223781826,0.40597085532835636,0.002748667730553933,0.3984971663351932,0.001569780981642399,0.398498047131154,0.10526358696174754,0.40555723169270536,0.0042463843565680726,0.39854537375777566,0.004098245374768272,0.3985276059022095,0.010129111941791225,0.39882197197309605,0.0032338992537870315,0.39851870437438314,0.006174952542486178,0.39867343041861764,0.012077566825735353,0.3998055266620289,0.0029077025241895788,0.39848035332285436,0.0022818320346296717,0.39850799126540126,0.004073548193561871,0.3985164730735149,0.0029317974458884233,0.39851633189145264,0.00628892480396348,0.3984737760225477,0.00397329513948283,0.3985204227141132,0.0029290133328017665,0.39855347062413404,0.010276776263404286,0.39951871015568996,0.43839746798573787,0.40256078700473125,0.3443519328288146,0.3984720999797064,0.15135851806075018,0.39980651404872203,0.05126682742209132,0.3998272302772566,0.014725867578202323,0.39861096033313564,0.10294146966151363,0.4001674342989004,0.14518957554673895,0.4039589764177427,0.11038722361832654,0.3993218266537337,0.06490615746814843,0.4044383786784836,0.11222626927981638,0.40202735976207055,0.11740676229254776,0.3992966362529971,0.07355375805199005,0.402207070026732,0.09739962407079067,0.3986385376072365,0.1758598193735157,0.4024765328584177,0.0025191733552879514,0.3984890158020136,0.0,0.4012861453038467,0.10060226716783216,0.40232341837551483,0.005189993941031923,0.3985876509708622,0.010220395326204751,0.39855355998087066,0.10610081993242404,0.3994273678920548,0.2231440990019049,0.4038067300672148,0.06438411625521123,0.40057386910449233,0.03780975527946362,0.4020975489477451,0.0222027192872587,0.39897751576092194,0.007674983157741622,0.39985890445160854,0.01166386033673053,0.39849293883989184,0.02851206876571455,0.3987063305300258,0.04219151900647111,0.39848489071765725,0.05434712102662309,0.39922036007044615,0.07654789313234589,0.3987544945145847,0.18581310622774616,0.4046331795471572,0.028656644598528347,0.4007188732701234
Newark and Sherwood,E07000175,2031,0.8784708283766962,0.40543233534773604,0.003699246702883907,0.39851403803178864,0.0033429917127076048,0.39848251963785597,0.06464788537930577,0.40440273154610495,0.001097990431148374,0.3984672351449882,0.002948777799772956,0.3984792556135624,0.004856175810124513,0.3985033604158442,0.001418705566442642,0.398464561731654,0.003536783175719982,0.39849656595246646,0.00550747843627547,0.39869104092588437,0.001322935375720355,0.3984791380359313,0.0018401060107616218,0.3984877105245312,0.0059729120745291575,0.39861444920138994,0.002370167558019068,0.39848491045966317,0.006989594059924498,0.3985669480382871,0.0044206898435808495,0.398547148975379,0.001642334045183269,0.39848812068003686,0.00553408381588949,0.3987344938391149,0.44532177888119384,0.39861187948456056,0.35495343768300136,0.39955990663011537,0.14272037082625644,0.39871124632330684,0.04464763714109368,0.39847954113596834,0.01231937037462219,0.398476360320476,0.1539725014246831,0.4039985463460036,0.17055004423449782,0.4027347869010192,0.13601697653561962,0.40280516861175397,0.07121277592501052,0.4034076334314558,0.10222301124724353,0.40310812598170337,0.10165176743929627,0.39851983908390565,0.07170248528117584,0.39904755396210423,0.07848662449992783,0.4000693912263898,0.11433513088318703,0.40002643563946794,0.017067438406977914,0.39852427091622894,0.0,0.3995323372887774,0.07636010122306924,0.4044924320288747,0.0060479999421061414,0.39854253223842223,0.011078301631512334,0.3984691907656903,0.11146010477155288,0.40289739658604046,0.19544865730739014,0.40310413020145075,0.047896459430881444,0.3985041922311568,0.03713707057030469,0.4026649787265388,0.042805891283266284,0.40030881574981786,0.01343323864334256,0.3986520121473985,0.014083627377099284,0.3985515251643323,0.050304064266432,0.39849550200127065,0.04967569209695166,0.3996616252053446,0.053712406141537716,0.4000796682697366,0.08415583345274891,0.39929630661348275,0.1529590118367814,0.40330413961763806,0.0393961516699155,0.39937180129373195
Rushcliffe,E07000176,2031,0.8182278063745994,0.40575648916282114,0.00770391480349869,0.39846665177696716,0.0005440094869237841,0.3984658230281381,0.036331047765999935,0.400895339181,0.0017862972804306432,0.39849285934729023,0.010025272768340199,0.39880381432866974,0.036878235836979245,0.40091085238530827,0.015433774425712476,0.39891239493748926,0.007768285431990818,0.3985531327184002,0.007741405560968584,0.3989325861506006,0.0035385432494000335,0.39846645617721066,0.0013721266558694573,0.3984709040874998,0.013984950178627442,0.39918709100228683,0.003428283370449231,0.39852020821614986,0.011366252765437679,0.39877058603497156,0.008881883209564956,0.39892955192910434,0.0047727874873909615,0.3986240653820775,0.009262155739105382,0.39905832151609755,0.5427635703826652,0.4025078828080591,0.314771640990152,0.39992355660158074,0.10509359766159077,0.3996539628175662,0.029765818230392205,0.39849345482734655,0.00770357674327149,0.39847929433899876,0.20678353367543956,0.40544668420139673,0.33343653976119647,0.4055524745393778,0.15160067218049655,0.3993478782259919,0.06298258395589951,0.40489003139183266,0.06205021549482659,0.402856808012093,0.05869848375162867,0.39981073717126336,0.04315568901295119,0.4023618633998814,0.026770408384395816,0.4009831043667286,0.055208014717721854,0.4016559866198217,0.00926854234929951,0.3984762065851658,0.00020014718674130072,0.39849812660484657,0.056791589194879144,0.40255135621258675,0.009483313601917995,0.39846479061893364,0.004304254830071505,0.39847517550880723,0.08039535761938787,0.40065560293454494,0.12074537006605768,0.40343234402369926,0.032519176920003695,0.39854842515751315,0.02555371755823832,0.4008529396366,0.06078799379842037,0.4006145473146115,0.025665211033055524,0.39905049053898256,0.0195724960426491,0.39880217621475217,0.09274969710074976,0.3984968819377412,0.04039343805037565,0.3985963682785447,0.06286551552845532,0.39934840649904646,0.14536961243733726,0.39858299981164147,0.17482167647914437,0.40523092389846466,0.038789353887967115,0.40015932685548883
Cherwell,E07000177,2031,0.694545926290246,0.40608821621900987,0.007683922081821757,0.39846435430754484,0.001460515177232849,0.3984715427948264,0.13624738945333092,0.40577232143020875,0.00226642579234361,0.3984774731198448,0.012786572758846648,0.39931011113638565,0.022730919838954478,0.39986079958074233,0.022297429506732303,0.39887208794963835,0.017451944086841475,0.39956256350642677,0.014078343707900842,0.3990621088453789,0.004339760731683874,0.3984643911597645,0.0029934402658323978,0.3984717552512704,0.012622239964747872,0.3991879155522754,0.006405801886866791,0.3986631847843725,0.009282111308594798,0.39862409764020407,0.010667841695905733,0.39898319293786094,0.003611414006610858,0.39855788165758754,0.017406751960554967,0.4006757498726177,0.5121231566946878,0.39943651473224695,0.3404115427741715,0.3989636553704697,0.11148092754678911,0.3984647857256406,0.028356288306737393,0.3985038372414617,0.007671445779565425,0.398472498081909,0.1572624551905153,0.40448301168743084,0.2220902035661334,0.40519697975741475,0.13629196642530123,0.3988270331497654,0.07070408923210092,0.4045488570401739,0.08741765702356785,0.4034699232963927,0.07273180286282055,0.3999855597044656,0.06950220267798635,0.40147965211287195,0.0778310671762934,0.39846592095464495,0.1064568112777293,0.3984745570886622,0.009926512577701996,0.3985029602452188,0.0015772456029474191,0.39848199112824767,0.08915756938496866,0.4028989402139655,0.004742349223560996,0.3984859181543701,0.008406762014909197,0.3985252238648442,0.0824390248583392,0.3994106536935541,0.16564113665945746,0.39988359917216165,0.04927317640509621,0.39869560850728636,0.045259596439626626,0.39850909496646053,0.05486998108197416,0.39894786448402275,0.014407659705848452,0.39967653971149253,0.014243581612092882,0.3986286797520715,0.07051920002473938,0.39869387952703594,0.05803014290343245,0.4002315698291367,0.04188162224723868,0.4027705033789559,0.10225271268810662,0.3985492613839393,0.1415348976825137,0.4041323939844258,0.04584314446273363,0.3988288484579541
Oxford,E07000178,2031,0.43368185186897534,0.40612281605814204,0.013056092456222967,0.3985851695361193,0.00016591583928417253,0.398466949026327,0.19052159827805326,0.4054923282066957,0.013183685089835279,0.3984915592504139,0.03174320118312923,0.3993399141236542,0.04465670984854464,0.4008525437435004,0.0497455143855432,0.4014190023150091,0.044514817494382575,0.4011762549798781,0.033067049987347386,0.3986566227557614,0.00783273525925382,0.3987414144062325,0.0058292334587254635,0.39848568347015595,0.026085845711950162,0.4002953340461048,0.008548150276859956,0.3986759078623352,0.01230511665024582,0.3984776455772015,0.024093485805071202,0.40044542717230974,0.01173650332036602,0.3988948817974312,0.047846824300657786,0.40444562345903173,0.543394296966037,0.39946198554751255,0.32629162306831927,0.39946912570552046,0.09947506107071014,0.39883059995909675,0.024564761523798273,0.3985904238071783,0.00626382985958579,0.39853459703452976,0.10046851767767095,0.40131908292875057,0.39645319212999297,0.4053369143555347,0.11894447211239079,0.39857542038625504,0.04586121813222732,0.4042064687653003,0.055457383053537646,0.400750300273636,0.08140325513241362,0.3984669113325582,0.048571985212676694,0.40145826748503705,0.05539238191718299,0.3995394424382019,0.09769525487602682,0.4015770910181493,0.0017500248877116917,0.398464800239649,0.0005272707069374528,0.39846485424521955,0.06138606031138116,0.3998349290628978,0.002898785470888926,0.3985048267719167,0.0029939525566370397,0.39846424483257364,0.04210434511017669,0.3985011868515699,0.07567122940840676,0.4039943561195195,0.02900591393679247,0.39859756789493483,0.03864085254183314,0.4034039524246273,0.0549964513025154,0.3998492561462466,0.01036644963459496,0.3985275362313464,0.009440481791741891,0.3984649618303656,0.09405477640535266,0.3984655811805131,0.04841901323694553,0.4003966560374492,0.03408388024569148,0.39853533577563244,0.23140832846407905,0.39871420602363833,0.22953252626181353,0.4056842037232138,0.03312752742415981,0.40193734707227435
South Oxfordshire,E07000179,2031,0.8064161623372748,0.4058970323053556,0.009461088869391496,0.3984890356991066,0.0004247777698702382,0.3984689801428165,0.08459564542167985,0.4045755323953848,0.001997515414396814,0.3984704465721705,0.005681206008181255,0.3985435877362365,0.01587779934922884,0.39963663782380304,0.004362435920509444,0.398582771503984,0.011070025421108909,0.3988429819640592,0.008684280812663037,0.39885290498874293,0.0028184030958638,0.39847898511758695,0.0023425655958716485,0.3985063718411297,0.012058310563879737,0.39909058400310693,0.004021553347563822,0.3985712547683644,0.006799250953913927,0.39859198550194197,0.00908670570424519,0.3989189323281081,0.0021199423877028556,0.398494100293929,0.011281608068509419,0.3996304064657949,0.5425526504124547,0.4011903379859733,0.3264959456674128,0.39911033460781326,0.09947782220643497,0.3992530351783159,0.025210568639366326,0.3984779138866707,0.006270436915007949,0.3984793650995514,0.20841634792282093,0.40544168095715094,0.27685615529703256,0.4053996818741659,0.15195998502965213,0.3989765532396102,0.07112176029487172,0.404007873186999,0.08322254686290398,0.40350799744061605,0.06501730806385186,0.40097836783058877,0.04663413541215666,0.4003452743516991,0.0386560941815729,0.39962731765445725,0.058798162707788926,0.40320098420708467,0.011966243099397034,0.3985025241245515,0.001778845251686343,0.3984643113362623,0.06202018161295619,0.3996640107888687,0.005019332046941827,0.3985141864760829,0.010506258282111512,0.39846801696960815,0.08981261410405872,0.40068309185020484,0.10275476203204459,0.40456895222946604,0.02754422313770777,0.3994240996208741,0.03288123740456106,0.39996463519619063,0.08701574938389922,0.40084153475873907,0.024190148998067706,0.3986623279428968,0.021229256339375113,0.39913412548655647,0.11303818728449387,0.3984643405310429,0.05774354355408451,0.39984674839261836,0.05956263518438032,0.3986891232489393,0.1128516500734359,0.3987652564033008,0.13277277575379065,0.40362118501558863,0.047211455250765755,0.3987455569305484
Vale of White Horse,E07000180,2031,0.7656415412127444,0.4060158960434765,0.008588077372308524,0.39847086978233326,0.0008136395356825084,0.39846432635574325,0.09138148651591305,0.4049311287476823,0.0021619995855450477,0.39846987334000566,0.013005101390350937,0.39921592282308244,0.01577341208767835,0.39943588595386387,0.006415675523470887,0.3986359813506395,0.01680775587662542,0.3994864928387594,0.013936520933775287,0.3991200072440706,0.005164244962622466,0.3986004736135618,0.0038855341446443203,0.3985583697357825,0.01298925642850568,0.3992549184512061,0.004729192885531974,0.39861008940792725,0.007391652864088549,0.39871484276356145,0.01126243159454332,0.3992792888972035,0.0037714105133442866,0.398554375573342,0.015091552966177924,0.40033233299484744,0.5283982563390016,0.3996440804823724,0.3326174608061533,0.399142893224269,0.10783665617377447,0.39846446759799,0.02548144355022769,0.39847039782652977,0.005674363400699101,0.3985108653969705,0.17453211079688025,0.4048476497477151,0.3047425476338077,0.40560204091328683,0.15811237033337178,0.40107764422958714,0.06943620666291306,0.40440743560175363,0.08198722088862631,0.40312584974884774,0.06670989855393783,0.4003032251025126,0.04595050973119075,0.4010918053923222,0.041340390180649944,0.4000754353480214,0.05777764030634858,0.4030426806334351,0.009037801994947636,0.39846739850592244,0.0023552996184754704,0.3984692743832844,0.05876559618619148,0.40126408852055334,0.005381314136764487,0.3985123858055523,0.008166030805045466,0.39846782659147145,0.08378159136696595,0.3989234938439591,0.09343705892041942,0.40463664916739894,0.024952620223488542,0.39898876012201745,0.031185205310900854,0.3994137530131598,0.08495043884641573,0.4021007309074923,0.01773753275157125,0.3986557668539465,0.013097284052549008,0.39847323336029306,0.118704848159776,0.39934466745887603,0.04868318235706015,0.39911924518584335,0.07529716547395773,0.3984849573395393,0.1466917093551081,0.3995752862451456,0.13466717417101126,0.4041711885869458,0.04306197853283589,0.3990516690366212
West Oxfordshire,E07000181,2031,0.8540483395095011,0.4055826490079015,0.008122346881783704,0.39849046604684896,0.0015397657080815433,0.39846476815021725,0.07216209106341553,0.40426137479233826,0.0022322240422051887,0.39847283789603816,0.0040981363323296105,0.39848252101456266,0.005312610889959213,0.3985167297223887,0.0014318147325330585,0.3984681123216767,0.00713477799483192,0.3985344307690078,0.005695005012691212,0.39859937667552514,0.0017507417420868365,0.3984713423700661,0.000963729879293565,0.39846659463822864,0.00973432926166784,0.3988324644758898,0.0038134244087320024,0.3985526675377007,0.0052827845876407264,0.39853380872163435,0.0064132846288167955,0.39860869320003967,0.0018040872868257118,0.398487959848791,0.00793619712963245,0.39904886910387605,0.5100995420737175,0.3988188266924214,0.3416258384615711,0.39862528705130673,0.11197525825562141,0.3984671396704949,0.027913572161593875,0.3984646013134908,0.008401606478097734,0.39849318873139006,0.18918972891717534,0.4052923773536146,0.22304348726570478,0.4043238995821807,0.15589848239601178,0.3993289896012248,0.08080151113184808,0.402891290288489,0.0998587941538629,0.40337654718790317,0.08489046314737475,0.39863822478824756,0.05326079068832912,0.40001751738811253,0.04791992215491803,0.400082693072917,0.06562171648175408,0.4023150359326894,0.013001066918939208,0.39846524641528885,0.0012802165459800362,0.3984654443706733,0.06775209980011931,0.4023989296127091,0.004273754544707908,0.39847221100691915,0.006469864446096187,0.3984642685619312,0.09857056176225232,0.4013795098833469,0.10393469575054493,0.4048133865820929,0.0321244132195199,0.39846461692811075,0.041953836432471414,0.39861767640910795,0.057473723152131895,0.39879310311506083,0.022716323144411146,0.3984661340421881,0.017468205760049205,0.3985032948935237,0.07497832226080392,0.3987521799644234,0.06115202646955664,0.4018940653635167,0.07795316281890718,0.4005055058104552,0.12318444713535642,0.3988885211229866,0.13962112688170691,0.40434095966121214,0.055979270716433854,0.39849081334679776
Cannock Chase,E07000192,2031,0.925783033878381,0.4043539615805655,0.0026890162278536967,0.39847569865214055,0.0005675168374269859,0.39846754595272726,0.026129324232110562,0.40128387092905904,0.0008552188611690298,0.39846607671356177,0.0025619474769998096,0.39846498443786404,0.005720203205092977,0.3984982142622841,0.0012177967285535718,0.3984643310293404,0.003548594185430326,0.39849972825493135,0.002828229928740711,0.39851088892317243,0.002692686511049716,0.39848398759335274,0.00094560284770729,0.3984690745436178,0.004653238587983055,0.39854867955550083,0.0017079830896757908,0.39848399744804436,0.009793573086366525,0.3988156597789718,0.0030953120763227426,0.3985010287427799,0.0004298891122669485,0.3984657314984003,0.004491481918064422,0.39866382902089004,0.42931352246952126,0.3993051232927444,0.36149740627168525,0.39994624154893305,0.14866899651226934,0.39869408012827356,0.04612873609473478,0.3990082820984187,0.014341829826135397,0.3984750036440161,0.12792115502592605,0.40389006321549503,0.16388822528547564,0.40510985509163755,0.12942913007602153,0.402247073381508,0.07660121820647214,0.4042890710979492,0.13271615763701172,0.4016869503088741,0.0985372971400395,0.3984643270418792,0.07900252293113752,0.39975637084262194,0.07720631679974677,0.40389085297790045,0.11494154268211398,0.39911388894728894,0.002684243538371249,0.3984642983135445,0.0,0.3984939153275427,0.07354383565329758,0.40555295027599964,0.004694809151205459,0.3985738252461888,0.01615924332273233,0.398519439286568,0.1492837249040706,0.4038004701888939,0.1902401291185475,0.3985010603129279,0.06465068714326005,0.39912582039296934,0.03636173386943775,0.399960908293356,0.02940937426842627,0.4000921337500796,0.01679617454536625,0.3986489522275792,0.011723073685812324,0.3985175772620647,0.034740313653836355,0.39847049911903315,0.04697422963168485,0.39864804479271243,0.051335603721672896,0.3991058707042127,0.08775033872724247,0.399871658219797,0.1491389068052773,0.40353999279934843,0.0341997469194375,0.3990008886798505
East Staffordshire,E07000193,2031,0.7031112224247025,0.4060727179928033,0.003693794546763912,0.39848060303120464,0.0010056497413916954,0.39846617038180926,0.1142526058754747,0.40566248129743043,0.0019636789219355313,0.3984689911853035,0.0027485405833731526,0.3984646062319775,0.00939723367150272,0.3984892303818985,0.08981593274219968,0.40445765532505285,0.012834399195511659,0.39883586846942304,0.008489258603103789,0.3988792080228303,0.003464880263652631,0.3984766069710873,0.0011726207919260795,0.3984677508685212,0.009928694585471187,0.3989377271564886,0.0024085281259323132,0.3985001609474947,0.01207679901506059,0.3988076560899057,0.00503173284763081,0.39855877483316693,0.0022421861960440492,0.3984934488643341,0.015567233709225636,0.40034367884952665,0.4719607107793746,0.4003957388049487,0.3522133612775282,0.3988063092124015,0.12852933829292357,0.39897329825414973,0.036274232557132,0.39853585011630827,0.011016898516344145,0.39846454766254275,0.1402192352890812,0.40412032113412977,0.16347879320888614,0.40135274248430003,0.11056078556677962,0.39943245183534143,0.07362537577707329,0.403304553682758,0.08855034894879843,0.40393078374866415,0.0790298750486439,0.3989360321513302,0.06701684331362268,0.3999183999759102,0.10732705467411019,0.3988929283192113,0.17019750880513662,0.402424940350872,0.015236171581056404,0.39848092408123253,0.0014569460796540756,0.39846573288603515,0.11015217485750295,0.4051594320870085,0.0017825502892928058,0.398689120592126,0.00724299766210823,0.39847104931431476,0.09046819654918248,0.4001418485454906,0.19840507681669362,0.40265183382593656,0.08712112973352149,0.40253004516507696,0.03801053455556258,0.4009384044084167,0.030761878015381994,0.3991990987650718,0.00979815683313312,0.3989505162505541,0.011843443172332213,0.3985675492979662,0.046112670917022924,0.3985241773129705,0.052542880137613324,0.3992924937624696,0.03460448061806165,0.3988824848976042,0.08145046085910534,0.3993331598269939,0.14645348826133064,0.40218507774194445,0.03631001588787386,0.3994563465907201
Lichfield,E07000194,2031,0.8943169505934119,0.40507578976689235,0.0065088993760592725,0.39846876944706866,0.00041171754066217023,0.398465346372487,0.02741042281858297,0.40016072392864127,0.0019865823787656167,0.3984762491810498,0.003663222212176964,0.3984929188687361,0.01891015691649378,0.399715914742865,0.002763587360901057,0.39848463833525277,0.0032616338076882356,0.398471299864169,0.0026326423523544973,0.3984963032775284,0.0029769687285724007,0.39846422253255,0.0008803082354279235,0.39846470141482215,0.008553324105387339,0.39890862455279724,0.0021749762692752084,0.39848422148883383,0.010076353463539967,0.39884163821130836,0.00602859389033511,0.39871988651033474,0.0008297043980026869,0.3984717466105523,0.006101094944700236,0.39880825288587424,0.4729835690631936,0.3986636222452525,0.3484326524523607,0.39846876840326145,0.12993790981612746,0.3985092669748759,0.03888035052752897,0.39846710884922465,0.009766154765515345,0.3985275915913692,0.1949557903132373,0.4051866973392939,0.23139502194610806,0.4048423041122332,0.13946121088381225,0.40050967547824806,0.07290738755127446,0.4046703541082995,0.09643069740621524,0.40202725019344643,0.07205749688672025,0.3988781195732531,0.058395829766563656,0.4002318234729313,0.052526870779931345,0.4003936526883968,0.08232051410660213,0.4016750210417155,0.0083168003765699,0.39858169830193263,0.00012187106530608949,0.3984761212822032,0.06967223421680657,0.40482120665057747,0.003501394983128875,0.3985010998559179,0.01149756865033752,0.39856936306698,0.11936110077910733,0.40360010431052823,0.1575484351237897,0.4003448490636298,0.05066029053251736,0.3986330496006923,0.03764349246196974,0.399733182174871,0.03968151767674,0.39977250936721287,0.023551290750948528,0.39924568617990375,0.016324805859198405,0.3985375628876374,0.06576862246225294,0.3984960458772486,0.0547931927120231,0.4001419668182141,0.05541463293437279,0.3985258945491636,0.1044143690056905,0.39848194978142243,0.13778424121966948,0.40257246360158794,0.04383256301814703,0.39868097643476685
Newcastle-under-Lyme,E07000195,2031,0.8672935622826268,0.4054599219552502,0.0029814108189511078,0.39846424472445174,0.0007509980849404671,0.39846600275708477,0.03669135370638266,0.40233353503508473,0.0031576669443797445,0.3985156754332919,0.002544083466373248,0.3988503507787676,0.019973418568013823,0.400193769272843,0.011345433847283592,0.3991784593156601,0.009691676478719546,0.3985180192664844,0.010852594927870829,0.3990534786121773,0.0017787139311655955,0.3984644447685656,0.0014908354679604996,0.3984748774738176,0.0070754654716158605,0.3986150740647279,0.0027421371046134624,0.3984951610211833,0.006106150158637025,0.39849780062048323,0.004179310083432114,0.39850722698443763,0.002083437403727295,0.3984779156249601,0.008652659836039578,0.39905280682767996,0.43262706253725125,0.4005242195055613,0.36090642771495696,0.4010057232899099,0.1462441657317409,0.39855369248013695,0.04598336699079775,0.3987997579828165,0.014269793555758664,0.39846552094593085,0.11856387726659268,0.4026976848680178,0.19922823312857663,0.40453915726082057,0.12918735571286089,0.40250332144801754,0.07832107880124894,0.403149266669227,0.10390009437373715,0.4028126572567067,0.10635758637140236,0.3993742098524222,0.0784613174196851,0.4007183970194692,0.07071836351426697,0.40080433023550804,0.11547149723673766,0.4008224685273036,0.009521923954563971,0.39860441570813343,0.0005249835248213458,0.39847666277435617,0.06382597955317415,0.4053606141917186,0.003755012255987733,0.3984977720699713,0.009398807977598317,0.3985465507231161,0.09755349247928025,0.401103778080556,0.1781709772160165,0.39994254826052555,0.04808919499126371,0.39847464455976067,0.03092731081154354,0.40125670307606653,0.0349870051078246,0.3991505251628986,0.02306106051191381,0.39859524778629984,0.010751773449282215,0.3984938368991559,0.04121756242257471,0.39850158832370886,0.04438272370427093,0.39858095805626237,0.04456949237174382,0.3984856637683669,0.09846098101454426,0.39956428964835533,0.20697478581395679,0.4054979194654862,0.05389647648168239,0.39927770337504814
South Staffordshire,E07000196,2031,0.897277248765108,0.4049506468051629,0.004405746149761751,0.3984642848773797,0.002276486589803353,0.39848105173562404,0.012108354106093122,0.3988088825477219,0.000900239652090476,0.39847200979247505,0.0015399630488166297,0.3984659156474225,0.024981915336983684,0.40004022866022854,0.006237595933259954,0.39876095512004106,0.0027656815666243324,0.39846423004680126,0.004203506375461019,0.3985806043219654,0.006429078078244499,0.3985893156758308,0.0025750158831500947,0.3985189003390651,0.0066719312141155784,0.39853463996715877,0.0017822889820205134,0.3984923021999225,0.013804002909091007,0.39901269315064153,0.00432597531061496,0.39856310096099645,0.0006754504934517042,0.39846523722153554,0.006557596155968848,0.39877541604531913,0.4467187582692308,0.399059416129639,0.3594206572526017,0.3987278136623214,0.1413214520818249,0.3986353661295073,0.04113751093371806,0.39846443053534897,0.011345342327465202,0.3984899682280329,0.17666875699644624,0.40479651611480766,0.22163728626426948,0.405215130999596,0.1360059008300495,0.39983521936639577,0.09056487559998683,0.4043378016391968,0.11770407507962255,0.40076722359504696,0.07830496811103682,0.39856759694999944,0.0550677907649777,0.4022188736254514,0.05302834142802637,0.40054586105669987,0.07149245902062495,0.4017720003061237,0.010596465774496818,0.398464392340789,0.0007174375582455154,0.39846451634149255,0.07526058138705327,0.4048016064295681,0.005267630305446275,0.39847716226247004,0.012132420756510831,0.3985399076751912,0.13653977748607193,0.40424634106767476,0.13510101272568553,0.4038393363557928,0.04580018096825833,0.39916595955171613,0.030122503171081005,0.4003180501337148,0.03032091433325168,0.3989215866974694,0.02687188270196028,0.39980352507761135,0.01902032016833788,0.39858087638703293,0.056358825226986986,0.3988929782259493,0.048934281508660304,0.3994159441112537,0.07124904541269295,0.39877908440521637,0.11080866203119571,0.39891950961560646,0.14757954024766473,0.40360622254722694,0.037126751859724805,0.39935312795483174
Stafford,E07000197,2031,0.8746596851708475,0.4050367789088907,0.004352249146296144,0.3984972204393877,0.0007442645626094604,0.39846460349417173,0.03792179999692502,0.40196173897417753,0.0011240144010498231,0.39846451958277523,0.0030935012983736437,0.39847215743995235,0.016650169536515547,0.39898482189459894,0.00472241374844265,0.3985150554437227,0.010000401038981865,0.39858151275935266,0.007398235068216574,0.39873040129802045,0.0030254913785725257,0.3984926734810287,0.0021022845259923845,0.398480612544345,0.006493549063818327,0.3986011650869072,0.002637126026985015,0.39850363347287737,0.009852323485950998,0.39864286007982075,0.005203961103052157,0.3985762665588397,0.0015265425471778574,0.398464923011255,0.008052915477068323,0.3989740049024156,0.47423550784940116,0.4003171094379478,0.34461632210433923,0.3999435195155813,0.13361169703715842,0.398487883853341,0.03695132665697187,0.3985294036899861,0.010551319046306698,0.3984749534734919,0.15697175861123114,0.40423679654967665,0.23121240446112523,0.40447283241379367,0.14645250101614105,0.4006564949586676,0.07064385039173526,0.40456844500288147,0.08754620548214964,0.40220619664554924,0.08230837440729932,0.39855967266029063,0.06611592849303127,0.40006272449801816,0.054441089867775405,0.39996793492223115,0.10450254905311751,0.39857190633696715,0.01708021248197491,0.39846715873707067,0.0006859995758881528,0.3984642667012392,0.06261275415968637,0.4040238129103175,0.01166115741320009,0.3985153486244475,0.009739972993235035,0.39855696647068045,0.0928846615602068,0.40241486195820625,0.15478584336769685,0.39889210451861346,0.06246174740582999,0.40146673693074225,0.031173199374812333,0.4014312679420098,0.04478080251172445,0.40071102055496144,0.016939716345834965,0.3987451538987306,0.01473831260055325,0.3985629792072493,0.04997801309575359,0.39846495431151224,0.04532994579064459,0.3986886100108918,0.08227569134788237,0.4000145874683999,0.09184422100423884,0.39955326784536477,0.17244744601089224,0.40307834910324347,0.03858408502964983,0.3995251013585762
Staffordshire Moorlands,E07000198,2031,0.9570241373710495,0.40137113009609154,0.002663593410202682,0.39846422929171016,0.0007400843252412664,0.3984662542046011,0.01296977247647424,0.3986778196830018,0.00020627842771665794,0.39846470573690157,0.0014290688942086294,0.3984656368774923,0.0027329632726189046,0.3984892223490181,0.0011866238414161602,0.39846541221319703,0.0029581799802795433,0.3984851157513377,0.0010842732069886937,0.3984684704462392,0.0012510855028828177,0.3984698783710797,0.00033138671058771316,0.39846509445438477,0.004545305002192301,0.3985661069250492,0.0013105695835063658,0.3984726957176303,0.003934078379063594,0.39849517707632354,0.002742414646993485,0.3984907546861921,0.00036531791362383326,0.3984646253040371,0.0024588235325823105,0.3985241721649904,0.4515756110432052,0.3996869374568949,0.3582355892258434,0.39920642631148473,0.13657338694583032,0.4001140613981818,0.04101966529312712,0.39874067216305903,0.012653044310664496,0.3984795666083335,0.1517690740031199,0.40450022486821374,0.1896219605342946,0.4045820507182553,0.12692804756884946,0.40132918699531384,0.0713558114461148,0.40372951398460294,0.13486103399140026,0.40203689882134364,0.10047555502310951,0.39851195163547026,0.0660640040436492,0.3991686575954544,0.07464823429415701,0.4012337372466946,0.08456930945073537,0.40268378765640167,0.034785637392055646,0.3998770237525737,0.001799773343102079,0.3984915830682786,0.08401861310617154,0.40539366406264404,0.0038410928324055793,0.39848827742045045,0.009659727472404345,0.3985077033687158,0.11420926899020412,0.40302378234406244,0.14669932902036747,0.3986355346943835,0.04517197812575892,0.39849803187681393,0.03730322038354916,0.39943684236283006,0.034472911857875044,0.40104304250811723,0.012616911324341729,0.4033974892103609,0.012902384152347804,0.3984642427876245,0.05257804515111325,0.3988206741770938,0.046383717702795035,0.3991778787941851,0.04625855675627,0.398484074387737,0.10046587651776495,0.3990905611224105,0.16522816278875485,0.4038386223393128,0.051184179167306,0.39878473783027774
Tamworth,E07000199,2031,0.8672254964443535,0.4057355691630052,0.0048814804454722915,0.3985038952924025,0.00031236947029084777,0.398464756944989,0.06950633630200187,0.40511134214074185,0.00047202242216871524,0.39846422603441645,0.003141936726543476,0.39848414563293805,0.007803720615508936,0.3985718895881973,0.0019878817036176055,0.3984908792670779,0.004045581537242604,0.39853185260476554,0.00263472849572155,0.3984938147988557,0.0032556130612564444,0.3984642276510875,0.0014735331355048564,0.39847376605112794,0.006760602574733043,0.3987058482101845,0.0022372379200027714,0.3984945970526987,0.013725924137359069,0.3993440662587992,0.004034100059027712,0.39853845830278173,0.001024520782708857,0.39846989191811016,0.005020891001620564,0.39870638391334545,0.4543978810281387,0.39850166047782093,0.3454257105524303,0.39908917090376345,0.1433717746708174,0.39949168159302945,0.04309865227386081,0.3984829122556339,0.013837406982391998,0.39847169095524676,0.1250670158650249,0.4035300289461603,0.1449761015256965,0.40339691706952024,0.12027039339175327,0.39970345111097294,0.08261615973833702,0.40463558485595824,0.09621248499190171,0.40256880569848974,0.09210529791670352,0.3997406803907614,0.08449603114735726,0.40071375968660006,0.10444373262844896,0.3984645905219256,0.14968440478078648,0.3984774427239834,0.0014796947217811107,0.39846712119919914,0.00016443130047938403,0.39851486734380015,0.10690108379977215,0.40347889138456183,0.0034947787098589533,0.39849457151896306,0.00909384136558783,0.3984955529960384,0.10663229014071662,0.402686521890674,0.21462289456393796,0.39848543883836973,0.09732852190489427,0.39954685102490906,0.03904243216223913,0.39987113546457626,0.03327250791685077,0.3992834510045008,0.012039987761633952,0.4021026054280658,0.007649029744287649,0.39846426488760006,0.0373459307123678,0.39849472671436503,0.06109080861480776,0.39913835188766195,0.039986735514596125,0.3984708642820339,0.07131164563970527,0.3990742665626461,0.12523559274632756,0.40402252140043843,0.03340176511453796,0.4000461630454686
Babergh,E07000200,2031,0.9183319756392532,0.40402178413198636,0.004888042585575403,0.39847020165964686,0.00028927268634357933,0.3984654228641014,0.0315952366414074,0.40029838106862287,0.0015648283238325622,0.398473798574617,0.0019962926299539052,0.39846458636516574,0.0030029577290209414,0.3984769861266633,0.0006903593173960901,0.3984690959986726,0.004052947375988658,0.39848424875683863,0.004655620460494614,0.3986012276508276,0.001662015901624958,0.3984701394699762,0.0014992737774121717,0.39847890595028335,0.005764950381071887,0.3986155948903019,0.0034652996605156194,0.39854592744845807,0.004789028729378142,0.3984880763741601,0.005670030538912629,0.39861017446949043,0.0006792842060125565,0.39846873038383956,0.005138338843207246,0.3986512542182132,0.460590651595823,0.3988398302523425,0.3593902980099075,0.3984824927280708,0.13500890088369932,0.3985534425311925,0.035381669001144936,0.3984763551802634,0.00954104519707935,0.39846920227431376,0.17393508345857978,0.4050479913082751,0.1896597117827583,0.4041645096385472,0.14288709278550993,0.40113634365600187,0.08400805318349613,0.40275396285286413,0.12022456164279482,0.40266493097886025,0.09038822477746916,0.3985882081059277,0.06917390244420896,0.3988513728161981,0.050431712707903475,0.40251685505446494,0.07966815981391484,0.4023544812609894,0.019080111218585168,0.39846703402060435,0.00038891250332432487,0.39846510247774464,0.033680597892200126,0.4057620883384772,0.007128577227885152,0.39853679807573006,0.006480841028505754,0.39847400323281573,0.13004046197646169,0.40403187536786833,0.15360698065309944,0.39849661286494464,0.03927171894346004,0.3988363775731001,0.031868748319695994,0.4014775964768343,0.03770576654198443,0.39932561581814385,0.04103956376043244,0.39867205140912393,0.018081549150512688,0.3986643751352244,0.06979935929488379,0.39939291238404373,0.06902388860205333,0.4026365647299927,0.053662344724945465,0.39862033564817423,0.09158892859287093,0.39887439250936074,0.14962754371511222,0.4043749940225829,0.047581372853462395,0.39854155613598796
Ipswich,E07000202,2031,0.6631968777753983,0.406084491746578,0.00384434683936187,0.3984717170054855,0.0039414696905709645,0.3985754267542923,0.12632549813247973,0.4055923101655803,0.016161879479563823,0.3986351566539081,0.005723770547945331,0.39847175307452687,0.020291531300672294,0.3990689722898212,0.0035460781867368285,0.3985063704328415,0.01994487557075464,0.3996477364694441,0.027682045736764804,0.4018317368699962,0.009971383926081157,0.3985038614452804,0.008816123338104165,0.3987955216334322,0.006937681715149885,0.39852973484095827,0.011484399603046369,0.3990337445988356,0.023798093518287877,0.39873656316571515,0.013197312901680025,0.3989611427086879,0.003941013387205927,0.3985742290393455,0.030036875475197178,0.4023334680695487,0.45709679050607754,0.39849535508992184,0.3571495219471973,0.3984849956228283,0.13541481604770683,0.3984642855224767,0.04041079997249958,0.3984837817072771,0.009913944218812004,0.39849733680879224,0.10143383697301633,0.40222690761609053,0.1969741171323678,0.4052118854406869,0.12680121372386322,0.40139754616319095,0.07481202670140474,0.40419509598469505,0.08619808193505474,0.4036564512475128,0.11153312511824498,0.3997491412689456,0.08650079620008011,0.4012648537017421,0.09629053911414032,0.3986097678047922,0.11951822737850559,0.4024384118171722,0.00504107624487686,0.3984847738583376,0.0,0.39846763983585737,0.03842406822733757,0.4044718484702449,0.014257184493097597,0.3987407585200846,0.007430429762485341,0.3984774976431935,0.09436748780612292,0.4005253414328739,0.15815591950302443,0.4015042934291087,0.08462472065858495,0.39957884620169704,0.03989348395187631,0.40102906141475975,0.044624807954046164,0.39866839735294657,0.039455579505661476,0.4021582529395469,0.009824585544283712,0.39846656599005875,0.041639194625743725,0.39871056419197926,0.06727689512123902,0.40096003099995664,0.04772968664476829,0.3989413588900419,0.07933066686983425,0.39847133402630414,0.19144238036708217,0.40514315486290164,0.036572403698717004,0.3987699925457941
Mid Suffolk,E07000203,2031,0.9222087516071436,0.4041467802969569,0.005020106248161849,0.3984939565785164,0.0010220066745822015,0.39846500754849795,0.03004144235213091,0.40066944960718676,0.0003094196893041849,0.3984643170636911,0.0017917564830760221,0.39846457297810267,0.002208769634736131,0.39846709488541865,0.00046277743662614945,0.3984653823271082,0.004489929417726274,0.3985077839407732,0.0036130454502069365,0.3985158456966313,0.0019212276263645758,0.3984696212894574,0.0013557505466948103,0.39846801265767673,0.004013922285811128,0.39847650230998855,0.0026342868177984258,0.39849156840639727,0.006091524823188255,0.39857950573669276,0.00577545167108956,0.39863000435888757,0.0007744190961255643,0.3984711749832399,0.005992052450875418,0.3988168091247535,0.4600918234152893,0.4015794664808876,0.3665075162228504,0.4004173212155768,0.12861212321086352,0.39846433511586465,0.03597609984436834,0.39877210432310084,0.008731309025195394,0.39846658396587836,0.16968014794609676,0.40465986928743025,0.2056491462025951,0.4051361734135969,0.1387616623384872,0.3990550835169596,0.0866345419070913,0.4026421593316634,0.11863504426100846,0.40272219549486427,0.08348919775655606,0.3990492737225774,0.06102102697467093,0.3991724166191977,0.0590959216743181,0.4014333270189119,0.07756831954596644,0.4022186410019067,0.03400111656369033,0.39846476661658714,0.0011107769527099048,0.39846522284585884,0.05491242295116727,0.4047055806564184,0.010316925387833797,0.39859012540071753,0.009065905936131768,0.39854863716202876,0.12469149894643516,0.40312401122336033,0.1259642398672982,0.4041612296849306,0.047639463715344554,0.3989842577415575,0.03128730101558552,0.39899141815952077,0.0401415369999818,0.39964498477269395,0.031223305024064618,0.39858241489533003,0.011891974820704837,0.3984744722514108,0.07389058186212782,0.4004738394447086,0.06463028419260786,0.4023477491086743,0.05553492139653615,0.4011291168763543,0.08471020311235467,0.39919573836873923,0.15129974508133515,0.40434487166636496,0.04756619062658024,0.39860262922861667
Elmbridge,E07000207,2031,0.684280054566548,0.405954138045372,0.01766855804799103,0.398511601920913,0.0009813106897118007,0.39846471660862354,0.11683333749700964,0.40342385806070735,0.005210281409202128,0.39849023696990776,0.011621084837131146,0.39858038803807044,0.0318381649397097,0.40028486195273605,0.00893991036128422,0.39876511683291177,0.018520786972160135,0.3984655319524968,0.011529874855080835,0.39906952957230163,0.003493998484948052,0.39849243363594383,0.0020653741473629222,0.3984833056037167,0.02221407199058434,0.39975230885169566,0.007102024837691456,0.39873511168235815,0.008268308903383592,0.39871618355308036,0.0179514950017996,0.399750919012878,0.00812980407953312,0.39864034223674083,0.022182285012382508,0.4012410785429498,0.613515416729574,0.4049437767887401,0.2808849354304095,0.4033185397012399,0.0796602957425081,0.4007220312167022,0.019312141064829036,0.39883488885472607,0.006891757787052165,0.398465226474942,0.30402882316208135,0.4059675586445868,0.2827915201921254,0.40432094009241415,0.14650989637045964,0.40348234744682154,0.05810634530098824,0.4049678513405594,0.05174678784795583,0.4021760454529566,0.05919137339746894,0.4009946446792318,0.036721084714244956,0.40106737479404336,0.024580916496910188,0.39887077724205994,0.03722573683657138,0.40095673434409945,0.0012697016297970182,0.39847433491487827,0.005291757983144886,0.3984653768097689,0.03843605842509179,0.4000739847641999,0.008153803155167672,0.3987079145760961,0.003520208833574342,0.39846489243780747,0.07325681378698667,0.40058477449863494,0.08770061013164376,0.40439883576810093,0.025180644466281876,0.40127468482256845,0.0368308038659963,0.39847365713257116,0.10108080044924828,0.4008769261247323,0.08865300341992843,0.40005867054024735,0.02884286947026138,0.3991650448912137,0.1204847592852174,0.4007709809440017,0.04937731491488373,0.3991060556883555,0.037612409593634655,0.39883759658283274,0.11383671324694378,0.40112998106372383,0.12011195259140672,0.40367192033556293,0.06027362191482316,0.398667411411269
Epsom and Ewell,E07000208,2031,0.600965539364168,0.40610746785042157,0.014213825883171965,0.39847810050133753,0.0002653126186241417,0.3984955587692692,0.11481776392713439,0.40531064917937903,0.008658884639846154,0.3987212276399793,0.019575466067573544,0.3991554920144707,0.0542528464169032,0.40343762895948626,0.027352632124807208,0.4015214033325202,0.0314890625456381,0.39880605909782346,0.014848002451892217,0.39891527972288954,0.004666134238596256,0.3984696153514854,0.004116886432592309,0.3985311970810426,0.024729138316589294,0.4006897998643136,0.006884427931529824,0.39867536525642466,0.009388934983945274,0.3986825546345279,0.020688390160881864,0.4004507462537098,0.010604018552142769,0.39862819316516873,0.031114769905969286,0.40258238697368687,0.5631521776870518,0.4044967748488464,0.31562030795261453,0.40221262282591597,0.0941897949554622,0.40014147390613136,0.02117349291816617,0.39889532045595955,0.006135393714990722,0.3984779915031293,0.2221464163035325,0.40582647164336744,0.3054161347404971,0.40565762665438376,0.14353364429801974,0.4000283216161525,0.07236999693085089,0.40535060282142593,0.06826900536366054,0.40291239489632086,0.07949495956135566,0.39905067518370163,0.03518277539072745,0.4036439790044783,0.030308423887248526,0.39964810659809097,0.04416456628518661,0.4021634138001912,0.0008803403802685426,0.3984645191842624,0.003106427338234019,0.3984703556402397,0.028031985438101814,0.399554265927564,0.006776227204522534,0.39860855586071126,0.003950472024056642,0.3984697835352542,0.09089639971531327,0.39919771778709195,0.09878376257426869,0.40416645025746106,0.027809061702351423,0.40085267804011715,0.03366340589112371,0.398564027784972,0.08564018063585088,0.40292170471446487,0.0692228490255535,0.39849179201751694,0.02188599315246581,0.39874018949837353,0.09434484661590137,0.39948995301739343,0.05601100300298756,0.39901625370505145,0.050299738665245064,0.3996929589880897,0.11734462705824411,0.4010815686296487,0.16827888298871096,0.40405710404353384,0.04315969964589428,0.4007452398733337
Guildford,E07000209,2031,0.7118815992902743,0.4059873936669265,0.009283701907649815,0.39846908780143114,0.0029321719088299253,0.39847012729842646,0.10417116037181451,0.40456570582653917,0.004267059813486157,0.3985167479629781,0.01843254102588343,0.3987650968516818,0.027718461265612948,0.40090597250624566,0.009194954699546232,0.39889171131268314,0.025771126311353587,0.39952556110065773,0.012785079504117947,0.3987192981208151,0.0025202167506172867,0.39846428983560706,0.002477099295938562,0.39848895815039076,0.016718050244182492,0.399446278051052,0.006402796508693298,0.39871801144542746,0.006686217940934158,0.39863735147657586,0.01269915992583015,0.399202768174016,0.003495339201490255,0.39860933466304926,0.02145569074063114,0.4009411031413087,0.5559572877393273,0.4011570774874547,0.31894333520568563,0.4001761746031933,0.09306486841751027,0.39879306844822177,0.024369356849004743,0.3984668252322137,0.0077367941240922555,0.3984781512674594,0.21146769028746437,0.40563577904275155,0.28231755443907236,0.4041926344196353,0.16097484207834736,0.3984715942252575,0.06503094761140238,0.4042481301747858,0.06849076159065337,0.4029055902864808,0.07877319112178899,0.3984759210553419,0.047357624047502433,0.4022789692432379,0.03154043018782621,0.3986834970531735,0.054553319600128436,0.4024120637230774,0.0044488486158932306,0.3984888043686221,0.0016375019385732048,0.3984960678107118,0.036776176463388044,0.4013759805279531,0.0056417654524199,0.39853030024389,0.004317898518446356,0.39847857703896333,0.08367401044402789,0.4004766294903042,0.09606453588589403,0.4046917590522941,0.027650903877609045,0.3993471636469635,0.0365217364275392,0.40021214089369267,0.08338799772371364,0.3991230830906908,0.04341273612077012,0.3991782980528806,0.018920377887179596,0.3986361887330427,0.095704554895234,0.4000547743341775,0.057038868489316275,0.3993338463387117,0.07582575984063245,0.4010232290183392,0.11479762931225006,0.398480069698969,0.1590362165061796,0.40512049752279833,0.05525772131926121,0.398519361301801
Mole Valley,E07000210,2031,0.8154257396531293,0.40576152947197835,0.012307523513384822,0.398586247930165,0.0007768782806816532,0.3984715834647906,0.07553325973271718,0.4041349066231121,0.0031381790196023662,0.39847164276531194,0.006281900126493822,0.3985253954259839,0.011538354670756423,0.39861149027469767,0.0038431696834581586,0.3985239012488055,0.00991986896076262,0.3984809138521432,0.007799759989315036,0.39885365409614143,0.002344709556860017,0.3984734830007546,0.0012461326017835783,0.39846820915648196,0.013921955419426535,0.39925456987090685,0.0037903540597526986,0.3985461407066967,0.006267851191189611,0.3985923757320388,0.011229936637812354,0.39913445793874447,0.0034825091342653713,0.39850720828761377,0.010408574201935972,0.3992376340249432,0.5369804714369049,0.40230139089569233,0.32209943083047565,0.40082567532795904,0.10298352774454655,0.39958120419355053,0.028692852092502056,0.3984645289677017,0.009280717707278258,0.3985324102461382,0.2415422312166644,0.40580610790802085,0.2543947354792513,0.40345238878536926,0.1461691692159145,0.39961655466245294,0.07318242567443178,0.4047813560918349,0.090292245813689,0.4009703301730414,0.07541149676444037,0.3999483928558735,0.047673576858529576,0.3991308903190946,0.0255816183845895,0.3996048189462859,0.04647179795574097,0.40183286343277524,0.00734032389794597,0.3984651020295834,0.002372192332218609,0.3985097479817876,0.03723456327084129,0.4001730179808153,0.0077828903456554355,0.3987559069495224,0.00571224192464774,0.39847573144559567,0.10923746328731809,0.40302617975782956,0.09727141325625066,0.40338837539580263,0.02678589815553778,0.3999269666086351,0.02990201013893312,0.4002516112136164,0.0746600570610878,0.4005916800100718,0.05742447595250455,0.39939489991049176,0.02430492916483873,0.3985795804622428,0.08917287738970137,0.4030642332241132,0.06963125340892828,0.3998369591048436,0.05090899602186763,0.3985592637958731,0.10952460457389973,0.39871988518203294,0.14152579169042756,0.40428734877011036,0.05931180837345265,0.3985127697946669
Reigate and Banstead,E07000211,2031,0.6878797371540379,0.40607780939837346,0.011579026317950297,0.39846552975230637,0.0023718400338064716,0.39848045590512404,0.08027932921931935,0.40412486355901267,0.007844485184613947,0.3986827516666124,0.005973938882459104,0.39847031473375605,0.04536780699501497,0.40338047783380804,0.018151656677972583,0.39957751874216635,0.022386293221378528,0.39905087051238847,0.028448053975796084,0.40161608000946075,0.008821361003861938,0.3987346316270175,0.005250263399361743,0.3986271493465765,0.016947742781843633,0.399450225876872,0.006855456591065234,0.3986725348660803,0.011388831897556684,0.3989514779630186,0.01585452011274402,0.3997140728985498,0.004098357423062832,0.3985301273718146,0.018987314445062964,0.4008585649139412,0.5603219470799008,0.4047312703559051,0.3099690919651832,0.40349226089549284,0.09832137856854195,0.39957890133579,0.024909695673120458,0.39858773081530197,0.006687851785879134,0.39850795996301724,0.20801370118147133,0.40555316955844756,0.28560872238070534,0.4056922681205146,0.14536729811586468,0.40026418915281897,0.06872767138786795,0.405316096984431,0.07577833363848363,0.40195928967807376,0.08474051798030702,0.3996143404779251,0.04583870333922935,0.4013734145728043,0.035410072317708985,0.39928290635520053,0.051364104877825945,0.4018553279869558,0.0018132262236956465,0.398469563406822,0.002541539819474997,0.39847011711506575,0.03656077405904856,0.39954067921009156,0.00904788040687654,0.3987068440712066,0.007312847824590019,0.3985054061446123,0.10458616245803132,0.402131807394569,0.09155111949910832,0.4045333100044979,0.030588700594127438,0.4037220491291158,0.03154647158697399,0.39988660419804095,0.07204913980060779,0.4016535482128896,0.07319529774952249,0.400902336748333,0.020962020651192403,0.3986833362606214,0.07767178271901987,0.39978252358766014,0.054969322981301194,0.3986969760255735,0.05372972454420959,0.39846772335897185,0.10402356842334837,0.4008227103790721,0.18251468997342002,0.4053275547459856,0.04551056150708163,0.3984930855402828
Runnymede,E07000212,2031,0.6526613015330547,0.4060523327064547,0.012367716197432793,0.3984772116442011,0.005650204347915633,0.39858278580605316,0.10967757256444965,0.4040800103739037,0.006252856258630091,0.39861838270916616,0.007349433121946802,0.39914186120796163,0.06619725022850531,0.4044963267234963,0.014187250108183003,0.3995707848468996,0.021509429027958285,0.39846520507160743,0.017411962061836705,0.3997077842960958,0.005661071196119971,0.3986098745011281,0.0021546371135309494,0.3984820174507363,0.019002965513078562,0.3999029968971402,0.006380769107030615,0.3986518481216925,0.00865050261506467,0.39872083896026816,0.015519480327456092,0.3996144280022595,0.005914499192892303,0.3984910686814244,0.022259603495420555,0.40122402659281237,0.5340094899715566,0.40198754896998123,0.32782023702720897,0.40035685060222875,0.10335660672723468,0.3988762602373796,0.02705640125594372,0.39854436826086453,0.00782216156778437,0.39846589799671667,0.19885161617262348,0.4054429823509706,0.24603366625673218,0.40525269904684585,0.1548465284777143,0.39988350982580984,0.07301432803605756,0.4050230451638634,0.08442187915208166,0.40188154620579597,0.08534562713861527,0.3987313313399616,0.05565129875463781,0.40157158783821684,0.03935451731975548,0.39959242983200977,0.06298048215305485,0.40323002938943275,0.0026416155692020335,0.39846424107822376,0.0024440438309106527,0.39849554210222593,0.047437123470273734,0.40015677338793004,0.00574265352158658,0.3984697973702499,0.00624821520764357,0.3984899935872242,0.097977008676422,0.402932112995934,0.11364583521054072,0.4045850805119224,0.04940594959242173,0.4041927728219271,0.03737853311048234,0.4008021968386764,0.0927194001666014,0.40268482642010206,0.035101302096704395,0.39850460747144056,0.020682962017905315,0.3989851078602594,0.06094356965934944,0.4019413038167958,0.06463488433191533,0.3996645004378491,0.04798291016795664,0.3984819191161138,0.11494318158757189,0.40217052803044906,0.1427455314580217,0.4044098454857174,0.05723240823370912,0.3986272482129256
Spelthorne,E07000213,2031,0.5745411540960035,0.40614333917544354,0.011412348900205482,0.39857952390987883,0.0033530592565088613,0.39848968159455006,0.11105727482460281,0.4054360564150067,0.005659841234023799,0.3985854410746762,0.008989107290516857,0.3985511222515034,0.10469739970546588,0.4054030619794044,0.025387973127330987,0.40153273922358285,0.03371871028512685,0.40087154377811995,0.022925055419909857,0.40027329484492297,0.00690589938957073,0.39855319080853896,0.0032887255179336883,0.3985033071053847,0.019329925063635733,0.39964660185144274,0.0060187339387424155,0.3985669481594303,0.007905367732216034,0.39851440932704024,0.014620171569760365,0.39937336796471246,0.00683900469923493,0.39863103785602777,0.031891034601670754,0.4028327899623324,0.5277864373825549,0.40486460298172755,0.33032019165854987,0.4031610363686165,0.10592344922081676,0.400651894148777,0.027470223758381707,0.3987777211988156,0.008680218793136154,0.3984642779554051,0.1729959120971385,0.4052148664018415,0.22729172660635388,0.40544023087675274,0.15156499065202844,0.39864747610902196,0.08346573910735522,0.40552055268656473,0.09298059632007827,0.39981892269837344,0.08281065655564745,0.3989236739145349,0.05795823032198588,0.4010100102679827,0.06205360893872219,0.3985225993543301,0.0692716425787232,0.40197303263223094,0.0009820504644946267,0.3984642608915253,0.003380033682693139,0.39846495521220826,0.04346997109264161,0.399588449815791,0.00646800997297825,0.3984834253658098,0.00903918110931018,0.3985226962181939,0.10351256049109914,0.4033397701686102,0.11467342435038441,0.4036635471948276,0.08738691077095062,0.4053984870527433,0.039923179068141024,0.39866301099160617,0.09456217699637781,0.4029671873063445,0.02797832497865227,0.39928600238475837,0.02002825974884792,0.398901742127941,0.05421442402893151,0.39945707124713,0.0694347536784381,0.3999167777093406,0.052198252261382805,0.3987384925365195,0.10019483448550481,0.4020481000269221,0.12680132534792943,0.40450831116804437,0.04563287469581101,0.3990153754465541
Surrey Heath,E07000214,2031,0.7087576394459596,0.40603831217037195,0.00890456826385963,0.39847127814800887,0.002553917396901445,0.398470618130351,0.07807479798864003,0.4041964050679747,0.006971209041074178,0.39863493741072353,0.006869254929655559,0.3984703434225008,0.04493385047168852,0.4027411849581722,0.020624342754405278,0.4002985234059523,0.03563177936162831,0.39975252756144863,0.014826974693918804,0.39941326862574833,0.0035109979085177767,0.3984688709544401,0.0030866784068088737,0.3985294947538388,0.013142051275761235,0.3988114712741541,0.003803924824555882,0.39851069389667954,0.006202062608864828,0.3985152749684087,0.012141291356789985,0.3992131751162549,0.005772302939851426,0.3986469878734528,0.022898266295171554,0.401495637550274,0.5413038582154089,0.39903710539068776,0.32286391105638823,0.3996960325892564,0.10355641206129124,0.39864077408976495,0.024792880817990096,0.39846450401979416,0.007407608408063971,0.3984642187931436,0.21450252156755045,0.40532784806846484,0.2547155824194052,0.405052055111579,0.1498524036900024,0.3999811955613987,0.07717578120903301,0.4046709479543091,0.07570057065542546,0.401882915386833,0.0804020828245518,0.398715379687857,0.05419709667394179,0.4001881279920583,0.03900119483390935,0.39854820335059976,0.05506553777950507,0.4010128215774242,0.0030094463808648386,0.39848873539961566,0.00351563795623705,0.3984718609221198,0.0457055865013114,0.40226147664069206,0.0065455711641203285,0.3985395953190297,0.008252747592181836,0.3985193265886162,0.08716871123615721,0.4008707288910526,0.12126918281199828,0.40267387302119306,0.03769850709891376,0.40241302547911506,0.035282035165998815,0.39933807879736716,0.0959109477359883,0.39989221709741296,0.03455825049686867,0.39919761200437204,0.01791476179829682,0.398532942433472,0.07302238129325689,0.3999517376879633,0.06079662718515916,0.39876124929303863,0.053017406564312974,0.4005447304560224,0.09698190764037995,0.40037686693319435,0.1743925597245708,0.4054851790328352,0.045381157733709765,0.39924685084291456
Tandridge,E07000215,2031,0.776584563911948,0.40596210429667096,0.012265271914068426,0.39851194511196136,0.004078316507830887,0.39846986491533376,0.05709055239614935,0.40279015461157625,0.003809571114048116,0.39855725936569075,0.005427300630462165,0.3984663780391409,0.020455868290335077,0.39998719975714775,0.006137291444637816,0.39873651726050946,0.012250175264864605,0.3985982887588018,0.016227090751990136,0.39997416529917884,0.012468624927940097,0.39927655456565087,0.004288691930508959,0.3985874600829024,0.01752667902103955,0.3995315606075658,0.005936688993895489,0.3986589256000139,0.014600298561702307,0.39935984860134816,0.015769535929604395,0.39984448648999016,0.001603720336703418,0.398479394200576,0.012192277044881461,0.39954185582374774,0.539799131174763,0.4039776210181062,0.3156477722750388,0.4031704067343586,0.10666101651203808,0.3991378873244575,0.029530053306224855,0.3984689277155272,0.0084569117179671,0.3984645702676443,0.2365241870835586,0.4057068169469388,0.2426962391047507,0.40516301892605144,0.1569509391740325,0.3984699269495704,0.08312501732929345,0.40475346839848214,0.0824673753852947,0.4034408100203187,0.0708133511249125,0.40289812704953504,0.04333039984717235,0.40073368209749344,0.0378990166841327,0.398599272823713,0.04687411140558684,0.40092353852663015,0.004679809789211814,0.39849449268912696,0.0015943283357398308,0.3984687404228214,0.03376770068784296,0.40009472133295243,0.006819731279568142,0.3986114018062488,0.005675702097447825,0.3984670375473986,0.12827080921606493,0.40363869538154423,0.09802219391809874,0.4040886504598255,0.02808132264311558,0.4016128361932596,0.02997969515300547,0.3988863133460584,0.06758507393597113,0.4013635370538396,0.07763653334089016,0.39887381675966255,0.027137794968210116,0.3995409411984133,0.0847845624731296,0.3997285749021001,0.06446484938993735,0.39980709101516165,0.05637140132956492,0.3985473608235158,0.11446875864403627,0.400733981168923,0.12064687386659767,0.3994361944247027,0.049971690830720894,0.39870877111871683
Waverley,E07000216,2031,0.8300864338684342,0.40565326734090634,0.01164946735193062,0.3986030272495133,0.0026170600122294996,0.39848600039544685,0.06851891106495334,0.4026834574078501,0.002431917370325859,0.39847952158837985,0.007337445445183083,0.3985328317759832,0.007980485855488162,0.3986430640921248,0.010806685789807147,0.39942987258314694,0.008948278322991499,0.39859712598279673,0.0062206634014725926,0.39861684897625854,0.0018081529587706813,0.3984692836852616,0.0013108485688801408,0.39847827188773977,0.01440479203045264,0.3993312936529399,0.003485661749012464,0.39852627845418415,0.004081450618971888,0.39848990522404015,0.008829782518173235,0.3989038340887659,0.0009347963760271485,0.39846645278919524,0.007776998186978301,0.3989038471409403,0.5575367530994897,0.40227257410753164,0.3150604873817566,0.4001318068792386,0.09603586070851788,0.3994700661994265,0.025157363507688726,0.39846458472959195,0.006336114963496689,0.39847591551177286,0.2589321695732192,0.40588323294182066,0.27243397700607375,0.4038628025160366,0.15309981490153726,0.3984900447861993,0.05915137655731684,0.4047381676477869,0.07115323287945197,0.40374250218125934,0.07301339862856548,0.39970098666727005,0.040058554271095836,0.4017880045062827,0.024534714793632673,0.3991647876753132,0.04830404428356694,0.40187533684814525,0.006204748088952473,0.398467198380143,0.001776323226518925,0.3984694082606514,0.04091646327841825,0.3998849893537125,0.004995459510600181,0.3984964920177436,0.00528477552574147,0.398497301379362,0.0822371311952459,0.3993354793085467,0.08783119582844812,0.40494930198485585,0.020814110265971797,0.40001157487257677,0.029710560180763457,0.40025156998165956,0.09333097658995948,0.4014933710230812,0.05504637102603885,0.3984653212531993,0.020370559691591184,0.398618676920518,0.11720684617064821,0.3984796616152121,0.06950909873713629,0.40112302303459374,0.05100458119421325,0.3990075658570817,0.12349976931073323,0.39850159006817537,0.13102248871301736,0.40327347851306466,0.05899700018250864,0.39848665135827044
Woking,E07000217,2031,0.5958952888012696,0.40606427138321716,0.009250055088306813,0.39850618758392337,0.00024702131045495346,0.3984871256956191,0.1273119294163818,0.40511719778280575,0.008586861556128256,0.39868982271565945,0.010257274543641531,0.398495334835773,0.04095918539319876,0.40131476343528316,0.08345520495625047,0.4029179222314583,0.02431947604154805,0.3985756377110086,0.015336846998532883,0.39882106406840906,0.0034822084164034817,0.3984723776754401,0.0032788705795470663,0.39853580245107895,0.018343173240056965,0.3993779601971358,0.0061767805815217125,0.39860319460240906,0.007431903128962636,0.3986142960189404,0.013745832863090057,0.39913722104885146,0.006781429101790859,0.39848612830649477,0.023948962874751345,0.4015221699407199,0.5479883696309553,0.40347806419434173,0.3171975727184657,0.4032506788411836,0.10053606081473812,0.398527664348766,0.02717004827637802,0.39847667289052285,0.007113806901114253,0.39846861007366763,0.19447611006764642,0.4053466535364256,0.27968178687135925,0.40501073136023646,0.14515641721922706,0.3987609469934861,0.06813972336551721,0.40493980864324286,0.07368062955457422,0.4009476351332972,0.07853443956773065,0.3989496921666891,0.04793990548058469,0.40278078719411026,0.046978210190249545,0.3984746237704924,0.06591454113200901,0.39946014397250457,0.001848293995424394,0.3984643470718208,0.004161346705042361,0.39846696644927015,0.05349775150202629,0.3988960755431152,0.007249099265310421,0.398657632450755,0.004647147655784278,0.398470196375133,0.08010014966958034,0.4010598340551167,0.10224309315291791,0.404776412205636,0.04646725806020058,0.39924769068721416,0.03642986972651735,0.3987129365216509,0.09446975370377508,0.40017687709967614,0.056170835589347906,0.39850378998057306,0.016439256662340584,0.39859267584479197,0.08992802423679702,0.40128980232083883,0.0635663716909265,0.39899970675767477,0.05223035551840434,0.3984698547315586,0.1011951896124581,0.401622501592093,0.13954269718169465,0.4040838213978203,0.049716656030171835,0.40044670250029096
North Warwickshire,E07000218,2031,0.9042485358151584,0.40518776078058694,0.007224179838138736,0.3984645860169824,0.0,0.3984745255898003,0.03213107421427264,0.4019753211248061,0.00016112815514586747,0.39846422249566243,0.0016483945178367015,0.3984687732747734,0.008396221352771627,0.39855800644033357,0.0032415243730744003,0.3985642653095604,0.003052909998809944,0.3984890378763942,0.002955999209205612,0.3985496846586035,0.003999309926960404,0.39852033346218535,0.0013854156874375106,0.39848112627071064,0.0063087577614285295,0.39873364881276835,0.0024510268126815837,0.3985108597315638,0.012224373454543747,0.3992604223132189,0.004839882961859998,0.3986354823852064,0.0008604685852709182,0.3984721057923758,0.004497737691658121,0.3986688477070526,0.4585928668746687,0.39917678427703,0.34653008472113966,0.3985119208766434,0.1409008785451607,0.3984648230374094,0.042170403693407854,0.3986620827634244,0.01175031644688973,0.3985233411081387,0.15350457656944538,0.4044168856860209,0.1732523530480794,0.40464473836351383,0.13742912269907892,0.403136972236869,0.08786163109426948,0.4039292149920529,0.10714379502429505,0.4022573260820947,0.08539459815854278,0.3984692903538125,0.06796332159293023,0.39866611699607857,0.07708341507510585,0.40244361452927074,0.1106502508135554,0.4029667828217093,0.010852888717352745,0.39846657204617314,0.0,0.3994601982012158,0.09575794594871478,0.40363396616321234,0.006853263440096659,0.3984643685895809,0.009239974829992989,0.39847197728741346,0.1156063508735663,0.4028259177727758,0.17368448756329313,0.3984688846840354,0.09384131267908724,0.39869219396393313,0.029335436965140183,0.40198175840689093,0.03251105347059857,0.39905850066692883,0.019617657763178475,0.39898450643773953,0.011845706481463688,0.3984642198434348,0.042761145283070845,0.3984775336239751,0.05334242896191482,0.39867873737766424,0.05301206766363187,0.39923441808878746,0.08877992049642437,0.3984699497782544,0.12917219694312898,0.4032735545422331,0.03713893926574463,0.39894193569528547
Nuneaton and Bedworth,E07000219,2031,0.7473343358283806,0.40604098374951386,0.0048333473411055206,0.39847176886882935,0.0008139375473410967,0.39846487252046375,0.07642977216686031,0.4052924843894226,0.0013821470485737702,0.3984776243181249,0.002886792876307151,0.39846720248186823,0.060897584518478265,0.40084823732498087,0.00972513032185185,0.3988735610694037,0.02246445932539798,0.40013465512331425,0.019570702303046916,0.40080173869416574,0.004505729960780719,0.3985050063668514,0.003784330054440621,0.3985629006721504,0.007024420348484939,0.3986592387492133,0.003113770815746264,0.39853423076009653,0.0105131310556289,0.3988313520124301,0.00450405397473902,0.3985738071794391,0.001893455924781129,0.39848753931122083,0.017217728501164542,0.4004445885029995,0.44623401872292,0.39901111687907076,0.35424055300588997,0.39847597310325344,0.14405026998551893,0.3984715728694691,0.04255896644094592,0.3988705353638188,0.012903017373519732,0.3984825576487569,0.11354508481308034,0.4032933239631253,0.1881529667873476,0.4053350599221687,0.1271259088182315,0.4013167883549329,0.08219478741895303,0.40407463728274345,0.08857005770879312,0.403738791312402,0.09800393162802334,0.3984858931972045,0.07157950237926092,0.4007023167612845,0.09161967739668242,0.3997686453386863,0.13952448402723627,0.3999710217665973,0.003562960925926534,0.3985003601754021,0.0,0.39866654371271365,0.09055820663274528,0.40510823598284723,0.011558730261116645,0.39879868596503243,0.010839251982000586,0.39857099630414905,0.08854165635488087,0.4027051641029398,0.17726313105010028,0.40121798727543573,0.1000526792647598,0.40206319658290485,0.03819971624528684,0.3989464420637014,0.036181653946379067,0.400008540228907,0.018085866438621423,0.3998714607903425,0.008249028148474113,0.3984715414946968,0.03303313503958338,0.39895161212718755,0.0497514441249145,0.39875568160840974,0.05142418123782886,0.3984644101015557,0.08680255899893416,0.39847476405570925,0.17042080097727919,0.40463490391964196,0.02667736173439872,0.4010412665639734
Rugby,E07000220,2031,0.6570513217077973,0.40610657693448476,0.00851226334091687,0.39850628750985206,0.0,0.3985145833841968,0.14382515233944204,0.4058228776418243,0.0037958352243602778,0.39854460249201806,0.009375901258447339,0.39881102170699523,0.062276818633748565,0.4036515117734117,0.010661961503524608,0.39874652093541274,0.013881222464242393,0.39869397035516446,0.02300670232029911,0.40032359090407527,0.006350734646300274,0.3984839612326392,0.004998469424152663,0.39856523258272536,0.011553290508279468,0.398933155782628,0.004995562903266415,0.3985811492468063,0.011637170017561704,0.3985777201293151,0.007740653834438782,0.3987295416282169,0.001578477797828326,0.3984686340849994,0.01802893623855706,0.40097645414983013,0.49965366093627384,0.4023778715470514,0.3442390056662632,0.39938602083226216,0.11536091520924407,0.3997468620218397,0.03295282422878368,0.3985261099387547,0.00789115902711121,0.3985098184651545,0.1459065253508074,0.40371913255778374,0.22934233908288437,0.405100938102025,0.13032362062708414,0.3995594678387454,0.06997341532900059,0.4045157989534884,0.06573380201124124,0.40436324887255837,0.06296761132028506,0.40113155574769105,0.06182621295975188,0.39893153820016575,0.0756508158142612,0.39859327325403554,0.1583248883126207,0.4000523713591007,0.010301971697506712,0.398495357187101,0.0011643120357030037,0.3984661729589111,0.08082707218842966,0.4042519568566145,0.012722397764588722,0.3987507150647932,0.006530951689659559,0.39846576687340385,0.07614950488595595,0.3994221221672565,0.20448322730362412,0.40251657930398965,0.10627179867933023,0.40210971883252733,0.0272184617223159,0.4018329310979005,0.04776889911496074,0.4003438707494248,0.024772033565886788,0.398464444615751,0.010803702944160283,0.3984655371506513,0.05195272093947356,0.3989998645395194,0.03922640643508302,0.3988381508087835,0.042204067903217624,0.4003602568481257,0.09776033641932025,0.398559085403038,0.1295804807113461,0.40256223378593664,0.03018671090056757,0.4002620135962822
Stratford-on-Avon,E07000221,2031,0.8652595244601216,0.4055678807914297,0.010135899898706613,0.3985696479962987,0.0007414921911722827,0.3984710236991442,0.06030524718046992,0.4036359681137001,0.0004659257794418087,0.398466028980389,0.003081177576458094,0.3984645988369417,0.013594932464568332,0.39945541741843216,0.002989013562525955,0.39854314361139553,0.005610487837068218,0.39852555502936676,0.0026385061024693235,0.3985052713236141,0.001706861297462503,0.398472207191083,0.0005797049603484886,0.39846526837077434,0.009884165672768286,0.39896933709812904,0.002730822698836066,0.39851234298982535,0.005183918472724897,0.39850594228852554,0.005544933404427077,0.39860321943605875,0.0014912725246586933,0.39848029915585825,0.007459073758043333,0.39899102329282876,0.5104231635243637,0.40321931188423576,0.33733444391104794,0.3998806434243003,0.11343766087162144,0.4004750392163484,0.029909469144834666,0.3986529371946523,0.00904916882496827,0.3984650533892325,0.21694789655897218,0.40535368679511435,0.2439402512229254,0.4053024152636146,0.14782581710700815,0.40121876873355694,0.0696149475640504,0.40433020907655315,0.09743839185599912,0.402848326606512,0.06292107986094297,0.4015459710184001,0.056153885570960016,0.4010154369485991,0.038857379141088,0.3996516717698425,0.06690233038100946,0.40303396158981786,0.021481243727082017,0.39850437065481076,0.0006172462950005788,0.3984642658133631,0.10267845506073048,0.39906004814523827,0.012257094770513843,0.3988983293625471,0.00649416083136975,0.39850108535968765,0.08855972536898027,0.40114295422014373,0.12462498009332768,0.4043357354944875,0.026631305759832413,0.39926801038428616,0.04162112085075487,0.4022992123664611,0.060557711506841194,0.4012299452411159,0.03604792279398139,0.39868347632427703,0.018601450706912714,0.3985306718421941,0.08586875948651082,0.39846447502851845,0.05468173733385986,0.39846716054882936,0.04004053152662228,0.3984646763392105,0.09769775157857623,0.39848422158231406,0.12561879226458084,0.40354826723566556,0.05579754409045798,0.398507357672261
Warwick,E07000222,2031,0.6841510871646594,0.4060567264631976,0.012927622931729665,0.3985632141728444,0.000441053709541471,0.3984645083748084,0.10213503350221931,0.4053356333754792,0.0012660794349176746,0.3984724727443132,0.011184791689616835,0.3985730629737517,0.08702760992844505,0.4042670047764232,0.00834096331041323,0.39878448116717974,0.013612034300621079,0.3985692426639979,0.009939721596512796,0.399021254433798,0.0031642205213613522,0.3984658337885274,0.0014946266026157201,0.39847104556474366,0.015630272193154715,0.39925497411952043,0.00433217655332363,0.39856150060065476,0.009408731553945726,0.39860242094032244,0.010340796954455445,0.3988994455537001,0.002380333895270842,0.39847117670160953,0.02126953638341722,0.4005797440905861,0.5355486379301295,0.4033818254356417,0.32352392045317546,0.4009681112234163,0.105594114156348,0.3993949736069907,0.028166930007528013,0.39858062541234995,0.007302786960125068,0.3985177400594916,0.18674450284261024,0.40530043536009935,0.3518688879609577,0.40589404004942436,0.14361769348869083,0.39851167150311434,0.05380221621823367,0.40512530971285665,0.06560411424381885,0.40233772938893814,0.05685062458869439,0.4021707673070146,0.047438982103733096,0.4024853867500138,0.03742972412857459,0.39929647884072844,0.05744148730237919,0.40377435307812554,0.006460590847452707,0.39849979972989236,0.0004615948131668267,0.3984642224922466,0.12506556242825972,0.4021327522476714,0.02741283681107043,0.40015372820098616,0.006715291533474291,0.39846568621370343,0.06498696400508619,0.399873560412265,0.1021271003555313,0.4047915083874278,0.030736529931912948,0.3984790925406936,0.035977179084271116,0.40137947377560595,0.08283922484549189,0.40302183883033316,0.027083198382846146,0.39850180077825725,0.014623134336377158,0.3984903854783327,0.09196205764771481,0.3987248807481594,0.03691230480588992,0.3989836184867859,0.042139997966028964,0.3990716817916888,0.12599772208980528,0.3985142946825674,0.14014436036036582,0.4019002638128498,0.03819958432810733,0.4004276318983983
Adur,E07000223,2031,0.8494023462767721,0.4056977347115258,0.008141971334820641,0.39848381255748394,0.0012858642433733053,0.3984709742482454,0.05059541799367784,0.4034219441202191,0.007000436529924214,0.3985589133780691,0.004374107756873434,0.3984666942413597,0.005539897907534702,0.39850557375473505,0.0018453239877287836,0.3984768504857197,0.007053028456499577,0.3985763384719844,0.007139893047482582,0.39860651740731773,0.00240746764195901,0.398492876633087,0.0016729319161658818,0.3984949133934256,0.011503790887237075,0.39902486572078466,0.00658876740525316,0.3986276156278985,0.006076482835318753,0.39856666809841396,0.011476609874724542,0.39937557472613583,0.003654163675058067,0.3984750335177842,0.013501467359621433,0.4001030803368813,0.48016918459744673,0.40512648212552255,0.33400041008499093,0.4036502813084701,0.1323559564469412,0.4013602092214537,0.041748558154610205,0.39861654912832317,0.0120300210772354,0.39846717175228075,0.14271637303560292,0.40402890614618325,0.21411577055590048,0.40555322223584855,0.15837843038300603,0.4039256184509791,0.07303009224868529,0.404649079408103,0.11829185497245076,0.4017868135804298,0.09286117763113255,0.4024596902373577,0.06650468421132727,0.4033033098360518,0.05482404439216926,0.4000312835226333,0.07981124102590043,0.4000720926994035,0.0023766976993302843,0.39846421962978246,9.809913812841575e-05,0.3984708488690586,0.035135997564833765,0.40485714333440914,0.006680022551579401,0.3993841882553324,0.008911239993572642,0.39847934102721483,0.1301873221843719,0.4037074206663315,0.13232911491285204,0.40416694077843623,0.041797358131482554,0.3995939234736178,0.037296442157991605,0.3985981851589314,0.05119371295931696,0.401996881787625,0.04004350785544708,0.4007491034444927,0.015415203950738435,0.398465394828798,0.06055607363404747,0.3991639233677797,0.05588372505106087,0.3997816207150549,0.050741133649351844,0.39861433998113516,0.10625450015637172,0.4007091195656261,0.17402040434235566,0.40367969469052534,0.05086976341360011,0.39848349528544236
Arun,E07000224,2031,0.8567943146373826,0.4053237613481036,0.0063956222660399645,0.3984670762028457,0.001530085413941458,0.39846703512782355,0.08114063726357745,0.4039043962769349,0.0038689292962441335,0.3984923818473978,0.0025002249165630916,0.3984651392758205,0.0054570940965179005,0.3985276106079186,0.0005960713187522278,0.39846442067632315,0.005275484733546942,0.398466255273103,0.003944894454624148,0.39851236656339023,0.0016028735456323218,0.39846822613798316,0.0012038518419653504,0.3984725661784245,0.005917788513102706,0.3985421496188252,0.003586209642569088,0.3985265341982588,0.00416708599630472,0.39848868262279774,0.006272494350091695,0.39869656348933286,0.0009789861991394075,0.3984677124889038,0.008370612334909655,0.3991418721925427,0.44375593379444456,0.40255351567272324,0.3638193972457516,0.3986698195462288,0.14053578219857576,0.40083543533721544,0.04207579926061594,0.39852720626883875,0.009925246147122202,0.398553549998614,0.14897151861029378,0.40376224173767106,0.15497696297526709,0.4022810084674401,0.12290477541535094,0.40018118322293683,0.0729638575940843,0.4045028415524714,0.11911319759260786,0.4006684572609718,0.11291331191481402,0.3994982057730208,0.0777338305311901,0.3986821982574385,0.08120195055533386,0.40001007066718325,0.10918636805193005,0.39971101519131125,0.007830030971606616,0.3997945304220515,4.2692128701032894e-05,0.39847264638242536,0.07450402034579118,0.4003066286125848,0.00392866521027363,0.39846648852581157,0.011096532654517086,0.39847407961517417,0.11029093129074363,0.4026023828799921,0.16585367204932877,0.39876037337879155,0.040404591459700046,0.3987009052391613,0.05056850939880597,0.40049595476563926,0.031206605662114917,0.39859357959031655,0.01948369073381806,0.40026951979211794,0.01620062548508632,0.39846933919511995,0.04766234028658653,0.3985120893730666,0.06919760604953051,0.40124570841073803,0.048786300972037955,0.3987851407913261,0.0769861652955427,0.3989601815999171,0.1821393172892627,0.40427716439061395,0.04422417388182254,0.3998433140062726
Chichester,E07000225,2031,0.8726053388081603,0.4052618302401932,0.007354097858993908,0.39847381605307514,0.002639854818821223,0.398468463947572,0.05650104289935021,0.402851302943817,0.0016783183477813712,0.39846814158699506,0.0036685199309620525,0.39847092770825365,0.005903130612296914,0.3985083840868355,0.0006619863582246338,0.39846590575339474,0.008734093732115145,0.39859792619636786,0.004475040427456944,0.39850351162742054,0.0023628755555566427,0.39848550902294555,0.0011821356235821937,0.39846875719041025,0.008361624423082525,0.39882831193290835,0.0033072033951693502,0.398515904981392,0.0048544951267021075,0.3985509442342287,0.006685902493471896,0.39868592659920576,0.0014650937351461252,0.39846878520534756,0.007077482987172479,0.39891732060959767,0.504116600900463,0.4031460549530734,0.33610529423867797,0.4004128072238755,0.11692222768257743,0.4005515028722476,0.0337590566919719,0.3984646368535785,0.009165880650172542,0.39846672892174967,0.19684976163578938,0.4051632281689058,0.21130103611867312,0.4025597019878061,0.15848135974726096,0.40317273087398336,0.06299548738497807,0.4039944980949254,0.10422700319700562,0.4026603246785629,0.08911457309508786,0.39926485519262395,0.059640153545433394,0.39967575248345594,0.041508915073724895,0.39880028870862666,0.07621505828084629,0.4025043225276131,0.01844310504970581,0.3985870231276296,0.000400802273262571,0.39846801857532776,0.05963707960410991,0.4001565426897113,0.0024435564241996888,0.3984657938271304,0.0046080046676299944,0.3984642489312824,0.09479923922498523,0.40103211642956355,0.11379488983715547,0.4042795292294094,0.02311676230276216,0.39971147977065835,0.04956837084561516,0.40070175145668196,0.04742188429048677,0.3992902510949318,0.031440662820330784,0.39847311748075753,0.023628249639700116,0.39861227365566415,0.07077567000989465,0.39851145964048995,0.0704211460141353,0.40163814691321964,0.06855759949341989,0.3991626013214846,0.09139014597186512,0.3998705869169216,0.16900439394407485,0.4040689167125012,0.0605568944573404,0.3984965537145976
Crawley,E07000226,2031,0.5139158112886868,0.406126532141116,0.005011895328330851,0.3986908186633525,0.001012009770907471,0.39846540375002054,0.14837708772519242,0.4057063154705359,0.006524482141485544,0.3985528964030317,0.004846929232107538,0.39846474973752977,0.07173320843156894,0.4018035162863225,0.060479995908879314,0.4013835507555233,0.03400133491510593,0.39919240807839407,0.03516206201484828,0.4007399044308256,0.007126647384345763,0.3985708127401408,0.014845303855047454,0.39909835607091054,0.013435222616365095,0.39882328519362137,0.011069460415043197,0.3988433308009428,0.010674335887828013,0.3985989499666213,0.017103111039335817,0.39960379119751743,0.007367555235747336,0.3986235068329149,0.035894300378190636,0.40348057303683693,0.5052239654601487,0.4033358807545918,0.34073106241464957,0.40150009411416987,0.11166434950052506,0.39946043957696337,0.03260721437132233,0.3985152229867572,0.00991163089809384,0.39846496791076114,0.1112234989823695,0.40192027361534294,0.17582939178821722,0.4051133923125198,0.12626916171907565,0.3989935965368603,0.07254114964064762,0.40503102005678854,0.08725979744427537,0.39902916964730034,0.11178627766277272,0.3993518716013993,0.08425908823526118,0.40218912407291196,0.10855183681695602,0.4033866273832399,0.12239270534527069,0.40211808973210816,0.0014338220830862475,0.3984682201356447,0.001802697591185445,0.3984645117471371,0.04492461602222564,0.40191706327159343,0.007721410185743155,0.3984925786388858,0.006700876287054264,0.39851049709175734,0.0921191523247149,0.40343386945192905,0.15506562619707576,0.40072319059782957,0.10225109062208038,0.40510252556043275,0.04195276090064315,0.4042916121711304,0.04931322903955704,0.39998774893706085,0.04183582773992933,0.3994136430046257,0.010504077090308456,0.3985338087058043,0.04421410808102668,0.39846581033189254,0.07547174236522969,0.39857715172021874,0.04897859552115663,0.3988063802352521,0.06576744184466565,0.3988859036632894,0.17366472080517603,0.4057428022575662,0.03651148029326017,0.3984664110297493
Horsham,E07000227,2031,0.8409555974723819,0.40571062573438793,0.00893307665042628,0.39852306200597376,0.0013982511163732128,0.39846630012880063,0.06132687912280943,0.40364045812387017,0.001986267977440663,0.39846641653096926,0.005023757788714028,0.39849296386140654,0.01361098906614322,0.3992850852338744,0.004166096715264134,0.3985821308935915,0.009475185461970792,0.39851080273726996,0.008769161079696608,0.3988596074619541,0.002291884813142561,0.3984816301620854,0.001748382108591462,0.3984888290781353,0.010218988682795305,0.3987648824150913,0.003435829848854016,0.3984940435979465,0.004976839635281866,0.3985323205146545,0.010293603352229064,0.3991138592131621,0.002252614045741397,0.3985039657790724,0.00839040201230612,0.3991414017179011,0.5235558202517208,0.401385685153752,0.3312005773847626,0.40115165230392363,0.10996272058500586,0.39848065766699164,0.02828767481183836,0.3984836557558184,0.007030017968695582,0.39848284723117233,0.21035998038523562,0.405539781865007,0.23078399102506575,0.4043799861854904,0.1689854846221288,0.4019553434412119,0.07133850527065366,0.40485346336448086,0.08530735807701095,0.40290356880863665,0.0789857665746847,0.40139385950316114,0.05763592282548857,0.39992023329974336,0.03986779809597624,0.3986139838117314,0.05716192795588748,0.4024596900242344,0.008696055602750274,0.3986203357820807,0.0016273621847737556,0.398464838921986,0.04799879283591668,0.40316789054950886,0.008265727584991944,0.39863662985243253,0.008294747027624338,0.39854164542715637,0.09735463565007607,0.40197272122491,0.11144767251566012,0.404579350464784,0.04741302447954854,0.40046500075522656,0.033489962009313756,0.39931277915995506,0.07121463279795659,0.4023270884405672,0.04464320998125726,0.40116744405513927,0.024219753767526497,0.39897622404069333,0.07706438658801984,0.39894157461312846,0.07097638807681039,0.40068072186503,0.05650365334941143,0.40011202059975143,0.10216956380541864,0.3989124964756066,0.13619466351812903,0.40395110089691644,0.052299874397955026,0.3987449637410042
Mid Sussex,E07000228,2031,0.8136918942840339,0.4058016562928636,0.010236424467223865,0.39849205691703915,0.0012750597959252513,0.3984651717348429,0.0683681331951389,0.4035072751931085,0.004969263941427132,0.3985270213104551,0.0039515466698834024,0.39846477132650204,0.022396738842666464,0.40017302463199095,0.0025357877223489422,0.3984931937657005,0.01118733215497994,0.3985252058475512,0.00787428653313621,0.39872826757876784,0.002596932764105525,0.3984831759179479,0.001334240281709885,0.3984696316506599,0.015058109816959986,0.39953252108485027,0.005248649935753524,0.3986124564770295,0.005567716695319802,0.39857860524570304,0.009934921183734846,0.39899172313490533,0.0020966340615363732,0.3984948218260481,0.010809132472613836,0.3994922077734969,0.5402345735785996,0.4022572842343956,0.3218742898314113,0.401406386919203,0.10336735058714464,0.3986281023561879,0.027174827514837428,0.3984671137930044,0.007394505415359326,0.39846615623935,0.21032770271751122,0.4056653245853067,0.26326932808368486,0.4055280917966925,0.1607784505847224,0.3993803038955027,0.06742803870995662,0.4051527217507622,0.07722334229306727,0.40279866932972047,0.07445348510948424,0.40370078382361524,0.05155628334702089,0.4010689531195799,0.03589214286893316,0.39908780107116654,0.05972397816551922,0.40155883357442085,0.006031647810928492,0.39846569343444455,0.0015347319937192988,0.39846602787680313,0.04044084530142711,0.40113484419674833,0.005414769448533722,0.3984642220614846,0.005924444157864028,0.3984712321360415,0.09721490635302699,0.40201637680288704,0.11353737837539546,0.40198594001634713,0.035219467545129834,0.4033821302825142,0.029690482208833968,0.40060129603954575,0.06670766020752406,0.40120147402879297,0.06096349243148014,0.40106449896227975,0.018628982728893406,0.39875515664878836,0.07926110666300065,0.3985146980223056,0.06862651752913429,0.4000491665632104,0.052511941932757766,0.39926356624228243,0.10565508331688184,0.3988054780627143,0.16030073169086112,0.4034805445266253,0.05229204884503441,0.39856286981056593
Worthing,E07000229,2031,0.8064523660931027,0.40578667050880285,0.00911385374516785,0.39848895413384,0.0005328222906375649,0.39846663061459187,0.07299757161816123,0.4042912648352501,0.007823182962888364,0.39856040708451185,0.005728031155386282,0.398484450126339,0.01215751718282343,0.39876209663294415,0.003158178106417997,0.3984968995188149,0.017513402206429107,0.3986989849885966,0.010197530368215968,0.3987310199336458,0.002857959730579382,0.39848598327940565,0.001561683214839793,0.3984702524284857,0.011264352728214022,0.3988001802356711,0.006310021353939654,0.3985969389145515,0.0056466219604669465,0.39849464899452325,0.01027817324248792,0.3990086786448498,0.002954298125561583,0.3984963571002361,0.012699572137032211,0.3996877403771524,0.46305892810225857,0.40199975516994474,0.3519208336675863,0.39949173492409507,0.13296617322103832,0.3999218753048628,0.039710377460586366,0.39851535896607904,0.012447410806537856,0.3984925706203892,0.1418207064808028,0.4039401905522375,0.22981914971932582,0.405328507333118,0.15148030020694203,0.4015078855066032,0.0756308444356435,0.4047985170075727,0.09830108804421345,0.4004787841793381,0.11215854245286616,0.39890846447233524,0.05830260285490674,0.4038876510244614,0.05237248920907256,0.39856264214286574,0.08036088383974294,0.3997439325673952,0.0025390578631387523,0.39847155727545286,0.00020037885828640134,0.39846560538615805,0.045468934261649,0.40433035395577344,0.003945940943741011,0.39930470797114087,0.008671397751711662,0.39893947816279784,0.09663986798941515,0.4024918545795495,0.12481588967210566,0.4037642586960368,0.03463999677992502,0.3990795622550495,0.04208376025772578,0.3985281731113104,0.04923932026990108,0.4002989888227631,0.03035721609421005,0.4028255791135573,0.018391015559890977,0.39864649967231247,0.059437548429777165,0.39868173743558466,0.053734361121423935,0.3990332493398635,0.05760907319993913,0.39867786271994876,0.09519350090838641,0.40065054865833527,0.222533926654644,0.40518851886959245,0.05453514893192618,0.3987905847374878
Bromsgrove,E07000234,2031,0.8724961949149916,0.4054205807679511,0.010220018895103967,0.39846873683871253,0.0009114520671882533,0.39846439118930305,0.019884218350213922,0.3993528064703782,0.0008675686013193337,0.3984670916757886,0.004944042799215537,0.39850222769047133,0.025707891874860778,0.40059150192005116,0.0057584087589472865,0.39862427064434675,0.0055840270307743745,0.3985597348493113,0.004385505918092003,0.3986073868822233,0.004684137898724905,0.3985113991293958,0.001551102969953727,0.3984740691910319,0.010940998663315327,0.3989711973857831,0.0019520775737681823,0.3984805517716781,0.013774075894975035,0.39911021162107885,0.0068454276845061335,0.3987192676955433,0.001915088915214136,0.398489848926819,0.006896778377303514,0.39888286731020495,0.5225984526989524,0.40369423378696195,0.32816308551790485,0.3989700621718427,0.10928769093418556,0.401346212167306,0.030018286081038292,0.3991365229882193,0.010105229689127623,0.3984755105452345,0.2013388479487368,0.40535374175349576,0.2873179463312967,0.4056602202821218,0.142251594355582,0.3999491425327887,0.07903190363960633,0.4044761639527987,0.08784845938437025,0.40269703737023915,0.06628002431565205,0.40238659773755914,0.04713798804134228,0.4006699634309881,0.037511336902260606,0.40072890492724067,0.05199459718396815,0.4034800813453309,0.007434490332474453,0.39847317705477225,0.00031028116929133934,0.39846422154807,0.06776624713838153,0.4044141769773639,0.007102224423692752,0.3984699553632997,0.007095419546233602,0.398465305505944,0.1122420787991949,0.40345615234737425,0.11536166276659499,0.4034072253204983,0.026837656347094674,0.39857225683496195,0.0294071744174198,0.4008719840030828,0.04711869597232188,0.3996027174871988,0.03727371084747874,0.39851283711874286,0.02264281329903417,0.39892382008119737,0.07802766976207981,0.39878823680482145,0.050532642417671525,0.398867443552396,0.055031700751658585,0.3984931202672179,0.12193665645821139,0.3987850273311252,0.17427287414807413,0.4038581471318086,0.03948219053454438,0.3991680620444987
Malvern Hills,E07000235,2031,0.9154985265692632,0.40410208276087234,0.004933536296077715,0.3984642309809282,0.0031314497980714506,0.3984908847114836,0.032300551914172804,0.4006698232071741,0.001072916067262869,0.39847057249476264,0.0029427675391945907,0.3984984283199457,0.003952218919491025,0.3984660613679522,0.002441684530773258,0.3985130940637283,0.003916764612249005,0.39847569368749486,0.002781609914492139,0.3984962480898578,0.0011529419695955542,0.3984693613795829,0.0005984698168225305,0.3984664497989655,0.00860134688475056,0.39886441233097214,0.0029533971067187414,0.39851534557880697,0.0037511134916006356,0.3984837899135336,0.004134377452838539,0.39854079333323084,0.0010474454892607926,0.39847564601560514,0.0045234751782383675,0.39862054883291237,0.47320087714239367,0.40131215034510537,0.3471771334507298,0.3986333170103012,0.13232287299604706,0.3993351409412222,0.03853129069697213,0.3984743909646152,0.00879696089129045,0.3987797821787932,0.19449018058206224,0.405238373409812,0.22707520430449613,0.4024272392595533,0.12864368258790204,0.40002068721358897,0.08342324904064702,0.4011171347290416,0.10855755831754665,0.40359385533102415,0.08337818143992293,0.39935289600095053,0.059128801203236825,0.39917830878729543,0.04804146677765431,0.3991577822052876,0.06764013366631749,0.40188738841552796,0.027449748232366886,0.3984778637528408,0.001381565914875968,0.39846746352263546,0.07162305177502581,0.40413440205780077,0.005519024059326014,0.3984683730649757,0.009869379118392918,0.39856455071351365,0.09540466552506155,0.40094322968034746,0.12555557697346043,0.40241832386168663,0.02328014348091828,0.3987356008212835,0.038455438332130054,0.39974181719049223,0.04891556199428582,0.4003773375048776,0.020164902707144106,0.3985403174443549,0.028766765801413685,0.4001363773024889,0.07033122732285402,0.3999575580190245,0.06085249974141349,0.40137013568003227,0.06286052218460214,0.39927086521348787,0.11018356747063685,0.3988917792849574,0.15425491985193718,0.4032726750351954,0.04502885482404734,0.398759009744309
Redditch,E07000236,2031,0.7748519355948087,0.4058728100772836,0.004952753889281736,0.3985527273024503,0.0010968501012924292,0.3984780396329364,0.09520224719977488,0.4052272528773599,0.0029045052532994386,0.3984697256962101,0.0029348927572446573,0.39846711788519507,0.015302947392904498,0.39906305040630724,0.04156555713241028,0.3998709601109133,0.003985831722100125,0.3984643357128396,0.005743969352311973,0.39866794933547683,0.0060214361549546305,0.398469377880143,0.002167050341705945,0.3984671692879752,0.007625104303105701,0.39866969474439573,0.0018531528377468132,0.3984772859213784,0.017982905286178852,0.3988681298386873,0.00516644280170403,0.3985639449855346,0.0008268023612109272,0.3984647051938566,0.009191553266239216,0.39924503539681494,0.46253490833152167,0.39883163561169593,0.35488999790936854,0.3989941964479279,0.1330434790408348,0.3986297411553836,0.03971642096796499,0.39852638622466874,0.009907824241711827,0.398542853465727,0.12340815311966846,0.40288363616623774,0.18147320565124492,0.40500621857324287,0.12044886931319809,0.3988672624272673,0.07912600273798365,0.4040182070803339,0.11218385318751456,0.40028788411874067,0.08635022336798936,0.3990894206513739,0.08097547737017508,0.3988461408539857,0.10810820329516918,0.3985875918693461,0.10822080119718325,0.4014879722940749,0.0055318395406617205,0.39849121934556664,0.0005108390798461704,0.39846616302565774,0.1422215281351491,0.4049266517469747,0.004719542080186712,0.39846654682715527,0.006235997864111081,0.39847433097483675,0.10498133346526561,0.40374770947226357,0.1719134670259146,0.4007308522402945,0.046906561211324874,0.3984772911158669,0.040109408759548465,0.39851724614658574,0.041949730140428576,0.3994920416839688,0.02341365097249709,0.39848043901489816,0.011293932433809578,0.39851271423288503,0.03678038057398236,0.3998271795122137,0.06638564306263306,0.40040490047848537,0.0403392972743134,0.3992691580919191,0.07362304650158419,0.39856781186465984,0.15091820961212044,0.4037367096880991,0.03214323763475141,0.39858488155454413
Worcester,E07000237,2031,0.7623403132683482,0.40600668920978633,0.005008446203657188,0.39847549995450404,0.0006916251948104676,0.39846710957549747,0.09737520001774058,0.40536286418857265,0.005871231933250121,0.3984889533874462,0.00351849525885007,0.3984669559199697,0.01744304840678379,0.3995285428728331,0.03003533867266106,0.3997934239906266,0.011445853715417453,0.39862226244075705,0.013667050765099997,0.39996790755468986,0.002744901252214993,0.398474694050886,0.001962554053933724,0.39848969277541324,0.009274335974314096,0.39878141052040045,0.006110887038120405,0.3986947908984997,0.007257979887532379,0.3985487710221026,0.006973935982453494,0.3986961697159762,0.00243717620699474,0.39851072900934914,0.014898464678797296,0.4003440504332591,0.47339199240993723,0.39847727195875843,0.3527733244760646,0.39863383347615367,0.12653330186948955,0.39848771389553705,0.03650180564248115,0.3985082275549085,0.010857078741268227,0.39846897546585686,0.1187493871221279,0.4021005489232728,0.21682730381982296,0.4040590689171524,0.13748626790836083,0.4009986577208796,0.0768777138662502,0.4037050190194198,0.08503719287095124,0.40155916656048257,0.1067257865557405,0.4007909199509062,0.0635977803198231,0.40383755432874674,0.07984857294688064,0.39847015595599616,0.1147587617218091,0.39876274295151914,0.005309021164650984,0.3985793094630664,0.0006769852714915162,0.3984642188034382,0.07682764925466401,0.4045257351940287,0.0036698584699838555,0.39876932306623736,0.009567073433027679,0.39852973695445654,0.08011359892428538,0.4014309119381611,0.13485105881374881,0.4044220085057328,0.046196204376393005,0.39847016714007477,0.04496326299913278,0.3999514839256882,0.03966821701397516,0.3990147244037979,0.021931486009943796,0.3984964196955901,0.026629956859340775,0.3993347776626911,0.044311123178257694,0.39947654285636974,0.065580203655351,0.40219070237410737,0.05279233000496264,0.4010461133185583,0.10733883184801352,0.39846569845250995,0.20058320460641532,0.40555415751839285,0.03917203614022091,0.39913739717578756
Wychavon,E07000238,2031,0.873064919397172,0.40547962990508774,0.0048073335842181725,0.39846477410681347,0.0056406689904579255,0.39850437398618344,0.07474173467788425,0.4046691840493576,0.00033504159455277627,0.398467321422362,0.0017266590305739533,0.39846441895880874,0.0051858722500040255,0.3984854214924202,0.0017277055605080804,0.3984785866497046,0.004114632075900071,0.39849798916745194,0.0021011207034087875,0.3984888695383303,0.0018767481614530013,0.3984748406945796,0.000987996763112467,0.3984738339725114,0.005292009703833783,0.3985432262711407,0.0016616054265062158,0.3984769974411606,0.004341174072180348,0.39849350309514675,0.0045225957687834994,0.39857515740861593,0.0010713198618849118,0.39847120608578057,0.006449128351132982,0.3988543564573701,0.484732223520673,0.40205770403764063,0.3441721679183041,0.4000825486379392,0.1257123741667544,0.39923614732314705,0.03580863457801478,0.3984878263143193,0.00960199381182111,0.3984646787625403,0.18481965664076938,0.4048059005918452,0.19777332239728063,0.4041178011764205,0.12835752081593488,0.399444466828451,0.07723328122645068,0.4038383045708565,0.10246351550190358,0.40299661529425657,0.08388724758262761,0.3986275375984752,0.06899495624270874,0.398754573916926,0.0724388505400036,0.39859856452504894,0.08429122839015069,0.4017986352050787,0.02903397805774449,0.39862865071439935,0.0013869275787163488,0.39846638347830954,0.08801208844161401,0.4042043042457654,0.006386766294646844,0.39846684821646283,0.007742865566975191,0.39846436059043794,0.0987382646451338,0.401848971658897,0.159763094214745,0.4008312998901456,0.0352103235734042,0.398739241801788,0.03704623241464278,0.4002482634696062,0.044275661224377094,0.4003989272159775,0.024949238483204128,0.398591536508707,0.020839451557724875,0.3988098653443484,0.061852287009246165,0.39893728538120854,0.060348681288278305,0.39997302254629297,0.0502703136740541,0.3989241237281618,0.08448579184751281,0.3988559869638373,0.14665558925216082,0.4043374321717113,0.04308978572804811,0.3985844975529572
Wyre Forest,E07000239,2031,0.9022468152615843,0.40474935334761214,0.004664982350608747,0.39846422435115286,0.005032393344951022,0.3984846755090789,0.03323166741032124,0.4011504944204515,0.00943803664787407,0.39870767325344547,0.0030686083756573113,0.3984900315343651,0.005514695086598964,0.3985490464305635,0.0013975965493558604,0.39846424148665227,0.004422672571602809,0.39849956632491057,0.0022423846085565524,0.3984908333270164,0.0022380593465403525,0.398483391020047,0.001062100139254521,0.3984736398262594,0.00633533175065687,0.3986365231812826,0.0014489066685572788,0.3984708106258603,0.007187418652840394,0.39855036353463646,0.003656406740746021,0.39850714843979496,0.0011030695820624797,0.3984772212487178,0.005319184101986452,0.3987340247686521,0.43009521878149193,0.398949556060665,0.3631547301198783,0.3999330851504249,0.14394239370849937,0.3992708065786171,0.04838601922707125,0.3985184674451839,0.014392097959055161,0.398472502359842,0.13969384096067294,0.4027151926016899,0.1734926159948924,0.4042938047194836,0.1186156934976661,0.399171749000954,0.08508183395389346,0.4016919569598974,0.12252346885846954,0.40130495560617135,0.11091477652424042,0.39906924665888566,0.0807145852717997,0.3986150184552449,0.07284707333590146,0.40157684081579864,0.09632059431705597,0.4015153613702154,0.008176769269976653,0.39847575337323987,0.00010070342656141179,0.3984672114830928,0.08121104057228923,0.405578319229837,0.005932126475519495,0.3984901556598326,0.010863253958851841,0.3984672280032112,0.10917022732698056,0.403490693718989,0.1681828641228198,0.40113382586385954,0.04229907335166572,0.39887729429154034,0.03689659340390983,0.3998377163220798,0.04093099496848729,0.4011062707520634,0.01941769099726791,0.39848421781978405,0.017918192931755984,0.39846576057382077,0.0500207573071689,0.3985577652380263,0.06365189383950809,0.40169271129381723,0.05034880521785198,0.39856757084063094,0.08769798807320786,0.39851853823486144,0.16963981939685802,0.4047664639387299,0.037390406319290914,0.40013822836900714
St Albans,E07000240,2031,0.6593834810016279,0.40606177472452587,0.02223667527905715,0.39872502220552747,0.0007497957606650008,0.39846674791641873,0.10518027575563682,0.4050495072453639,0.023157928537510808,0.39873380776372136,0.01368946417162642,0.39887404845025226,0.03614053221473901,0.40191678907520184,0.013609509958160793,0.39886281731956896,0.013283815786575177,0.39846422025654565,0.015928154021251917,0.39916893928731567,0.005749778518948798,0.3984716704628296,0.0038693104119536803,0.3985160484132461,0.02374434459696051,0.4003570731477909,0.005907632489558945,0.39859658800326775,0.010340350964557654,0.3985975046657395,0.017641560765196074,0.3997909415746147,0.008541830410211393,0.39884042005653747,0.019532481376597577,0.40095247824032104,0.599241982080378,0.4048995634551006,0.2875969066319346,0.4035690991215947,0.08503004101964429,0.40034497789764034,0.022517848510245964,0.3985525268236582,0.005821023429841615,0.39848682576488254,0.26130651834881924,0.40592196356705934,0.32398409476142254,0.4042998563872934,0.14850401646948574,0.40149989154771526,0.05791708689191921,0.4048301580241524,0.0489516791363811,0.40215686156167635,0.05069999236748579,0.40185325893576296,0.03632252709184014,0.4021788645609849,0.026511779336601315,0.39882689373705077,0.046682804837871794,0.399924480027295,0.002445445481811588,0.3984657429201534,0.0013186947479073147,0.398464503016271,0.044278479367679924,0.398777462238184,0.005491441144133857,0.39858813519150743,0.0030856446475216737,0.39848455726100535,0.08017992723763867,0.401473545527225,0.107173599535066,0.4039898229106247,0.029472548541592536,0.3987842202947086,0.03791226795186156,0.39847089780615674,0.09678363990138905,0.40207864005976546,0.067961193724134,0.3985512281019707,0.021535512548562452,0.3988241173372467,0.12370980500090367,0.3996432135133953,0.053415153715917096,0.39956549313382816,0.04066378795235076,0.39873152684912694,0.11339910470591263,0.3992910255540874,0.12145034412248168,0.40129505131678256,0.049659403501365385,0.39874297778701706
Welwyn Hatfield,E07000241,2031,0.5794489382813843,0.4061077175100035,0.01077261592972828,0.3987660342259276,0.0030305553465697632,0.3985015047055571,0.13973546689796557,0.40571145050270985,0.005751466328976301,0.39849778765618254,0.004932102208454303,0.40018814947978504,0.05486657879449863,0.4023895525718682,0.013263262013347599,0.3990416968640331,0.019097458374487626,0.39846665769419726,0.05691430855283741,0.4020939141096565,0.011269824799030048,0.39877330334125094,0.008292771390512876,0.3988332481738422,0.015068692460568744,0.3992192136199624,0.010467736052231058,0.39904169177393023,0.014451547552051802,0.39905105795706536,0.016588018516108916,0.3997394394449355,0.003810471993588249,0.39848839278814835,0.03109594064148835,0.40291908833733553,0.5239429319997349,0.4007787878929491,0.33187047180973417,0.39915222351045826,0.10678678417687204,0.39889087627339975,0.030123942422106142,0.3984760539430802,0.007327891244898382,0.3984828278659262,0.17571412659961272,0.4053927699065807,0.22963556735806323,0.40453449766785554,0.1369291669614218,0.39849069149417893,0.07497842109236696,0.40467550363112453,0.07824496064264608,0.40190252029460805,0.0845432530771992,0.3985382396939974,0.05779560561671726,0.40461715157765016,0.0563145543282636,0.39858282020300234,0.10602322990795876,0.3984918462716066,0.003632884379677598,0.3984831928356068,0.00026247595681593017,0.3984684760210205,0.04891463124551909,0.4014496828450591,0.0042238231143768845,0.39849533719177704,0.009789848127277054,0.3984821015024528,0.10566882099407904,0.40378263433787714,0.16449699424667852,0.4045514061283404,0.05490871409349485,0.3994771739091224,0.03775013194343235,0.39938831779288847,0.06787178234472502,0.40062868882783137,0.03281539335761119,0.399538430345713,0.020392884026337654,0.3989803261208532,0.06707520486361385,0.3994815390299079,0.06340400776898647,0.3996960450491328,0.045154627070763675,0.39856824169496846,0.09659798480111399,0.39847949218112877,0.13763320912030297,0.4029355055550274,0.03937778746339915,0.3999714378320177
East Hertfordshire,E07000242,2031,0.7923803163923484,0.4059354560474913,0.013305904148784103,0.398516633169629,0.0015017117264900653,0.398480898100842,0.08380306869661602,0.40464505505920517,0.0028156987118678617,0.39847253267584254,0.006679601211915076,0.3985839382549757,0.011885867367416092,0.3987566540179191,0.0036179271547740754,0.39852437051868883,0.008855880516011827,0.39868250704917746,0.011678096360638213,0.399171947015776,0.0043958329317345946,0.3985330822191445,0.002606283182360003,0.3985161647890982,0.012714944808738804,0.39902387114789223,0.004939540287024535,0.3986257630180397,0.010346169320231136,0.3989184781890642,0.012131226711446064,0.3993365558751099,0.0024421036434789656,0.39849458646319724,0.012913010727354957,0.39995725187536574,0.5540700789756938,0.4032842650666764,0.31389849390928193,0.40241130016930593,0.09946153292173848,0.3987504038899039,0.025463188377447238,0.39848621706192455,0.007127321639457923,0.3984648171164689,0.21732394303489055,0.40555439596066967,0.24253356803985548,0.4044112607808713,0.1613172514547685,0.39907078579414734,0.07796993466582602,0.404805692227816,0.08090310560448133,0.4025970027314135,0.07399196088641924,0.39886853146756274,0.048396642290733594,0.40005151321787846,0.03998432865009727,0.39956954854444293,0.05807159834215292,0.4016546339787204,0.005883563448495978,0.39846735878190365,0.0006291034723248405,0.39846425314023365,0.06116332381430256,0.4025916718796024,0.004744292356890167,0.3985605162692227,0.005265632397319045,0.39846711135321455,0.11331713678934285,0.40278592463379304,0.11697524778460622,0.40434710846138044,0.04580878244037384,0.39862302328407295,0.034062932946457236,0.39933288761017377,0.06089045636828727,0.40038929138918117,0.05315508646783029,0.39897692227910625,0.022580808874817615,0.3988762815619956,0.08813166712720699,0.3993509021289242,0.06426816016242265,0.40032747549750847,0.05102182423808077,0.3989494853793308,0.10634388173019778,0.3985041270062885,0.11625292066153303,0.40342875754790886,0.04942345926881708,0.3988077747151242
Stevenage,E07000243,2031,0.6749675217816087,0.4060690164127472,0.00977264826032101,0.3985297370128374,0.0008107641191175712,0.39846422105661494,0.09365781753858915,0.40535815206480863,0.011423012420619494,0.3988083504758514,0.0044586006008367485,0.3985982393299438,0.03734081056132288,0.4014171688577316,0.015326359212135876,0.3995727637477184,0.023032350205235086,0.39873240105369295,0.043831403614214004,0.402031414396261,0.009755548934281821,0.3985038989382237,0.009308558186427285,0.39900818686607425,0.010310480955328216,0.3986324378284973,0.007703084014901718,0.39870912365753824,0.015126228605325143,0.3986477574419403,0.011502787873862719,0.39899168953786673,0.004332755074233585,0.39857051581485325,0.01613251171346053,0.40028514521721986,0.48281322767118484,0.4001404427009009,0.34371883189325003,0.40033536749386117,0.12561844050306795,0.3984864444292186,0.038121227687249654,0.3985571594157911,0.009657183924849475,0.398467958904019,0.1217537274745859,0.40350197425659784,0.22404532145073475,0.4054399624960295,0.14122264831862652,0.4012448375917901,0.07858504813547729,0.4043863319859334,0.10516345308933084,0.4010364296954652,0.10451844728010495,0.39904117537265543,0.06062813304633963,0.4043371621523727,0.07384252306307754,0.3984683497940988,0.0903912005557741,0.40242371323552933,0.001232274393557685,0.39846467307644445,0.00020427022986167082,0.3984643014495818,0.05507485438005277,0.4043010141318355,0.005408741040006881,0.39850653662764357,0.011219814743888556,0.39887587931922236,0.11854641891068685,0.4026064205522982,0.14602305241856328,0.4045859303285045,0.04577749054975022,0.3990822136769495,0.03382085239047394,0.4009028775731097,0.04977708710608787,0.39846444202224773,0.02118555405434308,0.40051259042621934,0.009487357837117016,0.3985769233773123,0.043096930663181876,0.40054158838004483,0.058872671653837694,0.3993300636477207,0.06822235475348726,0.40038789740698655,0.08334896851339835,0.3988880637667977,0.21206838049032584,0.4057717684698634,0.03701811747237449,0.3998700694835053
East Suffolk,E07000244,2031,0.9142843348298912,0.40384784353586056,0.00475046132373623,0.3984694610690279,0.0005939128941222741,0.3984642187836146,0.032896302501005614,0.4006742170828685,0.0012901299547032757,0.3984653585601165,0.002802258927385448,0.39846666539821646,0.0044360830759115205,0.39846739810528425,0.001397789058510901,0.39847082125728195,0.005562517888512586,0.39851905262414655,0.003770542066194066,0.3985087051018132,0.0021321843842269927,0.3984743270121268,0.0012190367519056278,0.39846990356041345,0.00528829078992657,0.3985143926292816,0.002927833932792584,0.3984833862594331,0.0049655107403942245,0.3984911821508492,0.005457762101495123,0.3985744000927043,0.000629748807883676,0.3984659908260179,0.005368193900102125,0.3987076345186308,0.4288134893055442,0.39946817431497117,0.3607078686390742,0.39852562741229464,0.150629723246321,0.3985075519151718,0.047730138901200425,0.39879253593992225,0.012077987634787714,0.3984646387121397,0.15048597551499387,0.404554785945436,0.16998760762774534,0.4022584553739277,0.13390392635856818,0.40162492281570417,0.07927388763003362,0.40375800524220257,0.11131386574022972,0.4031122938066749,0.1076931365647133,0.39855401973633403,0.07905961277792187,0.39848986711719814,0.07548881303936006,0.3985821667998992,0.09284472583030201,0.4020746229493842,0.018570412174802466,0.39846763299265386,0.0067552356930505875,0.3984934299705998,0.06143471042153248,0.4022710802782231,0.014899603852301949,0.39847451497332437,0.007660708677706192,0.3984695375687429,0.09879794336485626,0.40146333037610066,0.14625212516407649,0.39962417780622805,0.06650984038809349,0.3987542151402924,0.0491413592298251,0.4005067995250922,0.03740769958759288,0.398576558852576,0.02278258312206649,0.39891582222701377,0.012800533720270561,0.39846545107520315,0.049974014108165724,0.39847071555180474,0.06164352310161614,0.4015971678893909,0.0505267448612885,0.3993632872826586,0.07742444860058861,0.4011252525192668,0.16865459858847043,0.4046638167084423,0.04910614189358012,0.3985247128042717
West Suffolk,E07000245,2031,0.7812191157029282,0.4057239624807334,0.007737089034368127,0.39846426871566987,0.0018780506706702893,0.39847299783495166,0.098751856488549,0.40268536398901394,0.0018704121286421543,0.39846881050611394,0.00428104410696642,0.3985160240265615,0.01068676541950675,0.39886014488697097,0.0039338880967877965,0.39854634405778544,0.013504942681386467,0.3989234733826759,0.009682746363936845,0.398784161633622,0.0036886029052392993,0.3984831399190484,0.005602222143989698,0.39846433685287064,0.008131730268009008,0.3986169221473046,0.006382075568353296,0.39863166161581537,0.005986621070741577,0.3985209161757267,0.015066219521160829,0.39934206161497826,0.0020746229299869745,0.3984989369716377,0.018696619815149917,0.40066153745982336,0.47804514310791346,0.3985221781826223,0.3527768168099586,0.3986414481095081,0.12488277648753526,0.39846425362879967,0.034778911728447964,0.39848526816576907,0.009515778696624507,0.3984652831232633,0.1463050505348371,0.4042936390537864,0.1980891415648145,0.40550135193366194,0.14579624122611,0.3984698461362164,0.07740039946069999,0.4028968982256544,0.11526681787114001,0.40060760288107194,0.0993907287878264,0.39924411442626845,0.058611959019557736,0.4003084544130044,0.06618149641123039,0.4016493098056877,0.09364619865423363,0.40258813124233567,0.01649873869056212,0.39855610992452606,0.0006803134397756309,0.3984648017497367,0.06365158128126858,0.405225441032832,0.005376407314053783,0.39849646418480145,0.00564251352118271,0.39847223174333174,0.10419212224317187,0.4031113114610352,0.13200593126146254,0.4024707167966803,0.038396616407008866,0.399239754626601,0.038275240402046995,0.400150147388156,0.035522073981300695,0.4000028657841283,0.015807007223211378,0.39885913954154706,0.01213299720867237,0.39846620565478574,0.06862630292191518,0.40028545919695346,0.05632444170061679,0.39994144253577546,0.1042499093657252,0.40375075802481264,0.0934817988713792,0.401456463970905,0.17394702615894264,0.4052589089259586,0.03486472419595721,0.4054427211625322
Bolton,E08000001,2031,0.581052933370799,0.40613048908696836,0.0035794172402148217,0.3985544423914946,0.0027064392522020975,0.398516686960447,0.03269504837171633,0.4007343843882102,0.0044067448827290745,0.3985313336734892,0.0024855180967930934,0.3985626834729794,0.09883690081740171,0.4019429366074801,0.14496042833945033,0.4058886839155579,0.011732171136436029,0.39847365047213806,0.0501696553034483,0.40424037953282527,0.001882737396806139,0.3984656103641513,0.006820310359088755,0.3987624831346122,0.009165688223288782,0.3985563988918458,0.005894698259859998,0.39862863514206576,0.006039187927888011,0.39846590217441286,0.0059836821398443485,0.3985936224173766,0.009524482339646312,0.3990870650178029,0.02097402945902216,0.40119302539867413,0.5063345574142906,0.40509969166257737,0.31548178828106677,0.4024448080475595,0.12169633257450485,0.4017742106250555,0.042259159094168997,0.3996751761862267,0.014591086052193461,0.3984695193446816,0.11423562687713806,0.4011703222894022,0.18834366052051932,0.40433801582131706,0.12466233046492525,0.3996724394225059,0.07923249077814853,0.40432534657831987,0.08758090752664671,0.4030334108675779,0.1005265284369638,0.3986344785795359,0.08996294375939828,0.4008139842685248,0.09479588503567271,0.39902942506129585,0.12052166718656743,0.398800713130507,0.002291465178279384,0.3984708703746483,0.000706185977186944,0.39846463272461285,0.06253667108060945,0.40470232448559457,0.009263958882615136,0.39847666028307555,0.0063917492506581075,0.39861850632586676,0.09107817554488185,0.3990709619349875,0.18537173418472108,0.3986411637721154,0.0699763140836045,0.4015550713510271,0.03460768115800694,0.40047989425858826,0.0319745434355434,0.3989580720210161,0.02662116621538857,0.3993801911236818,0.01593992556400306,0.3985123861299981,0.05344151951521263,0.39849124567086497,0.054432372245009464,0.39883924675200133,0.049962996668860504,0.39897754665530544,0.0978913424515887,0.3986862019965792,0.1764775915077843,0.4047745443575205,0.031070953128397694,0.40004753308986213
Bury,E08000002,2031,0.7102051659011419,0.4060434670616361,0.009918971501378437,0.3985748867717889,0.0009645502875605463,0.3984688941834355,0.045193032358197494,0.4017851195938201,0.0032492673376534886,0.3984988380410871,0.004954813423942134,0.3984780180434196,0.01169791123607472,0.398706644680056,0.10747626104890973,0.40530097263142073,0.012352832071195252,0.3986502292843961,0.01980693719087223,0.400497999628529,0.004016346382691424,0.3984735213611212,0.0038045224934290522,0.3985743300993317,0.011712825558751194,0.3989873848071491,0.005256777429851089,0.3985780184039821,0.009635279794741491,0.3985566953170207,0.007839574318731113,0.39874678532521857,0.004831029262024417,0.3985394657024414,0.026044290581753504,0.40206376917933107,0.49319265456685146,0.402284982476623,0.3265059947458048,0.39902873945324835,0.12786120125863742,0.3995832621821833,0.04076249451517,0.3988542259398641,0.011764936538002813,0.3984737097757261,0.14403628559807347,0.40418899392851976,0.24067815415647242,0.40549037881378025,0.14511319030125014,0.4013904156894671,0.0823558423309807,0.4044629652881072,0.08082719795588167,0.4018761896188971,0.09461010834866712,0.39855382054131755,0.06938961205490823,0.4031251700645391,0.06037579883605293,0.40098967484621295,0.08305296325734046,0.4005982127342766,0.0021187005470704734,0.3984720357919283,0.00012772188589853933,0.39846681595300176,0.05383338924903169,0.404204811186987,0.005646131850748692,0.3984839091593054,0.006509663303431515,0.3984773398483185,0.08592041175815113,0.4007241351298107,0.16067417410611617,0.40040691628640823,0.044871513373181515,0.398756737264309,0.03688362107527565,0.39946250062162136,0.041797442413105124,0.3989311969597211,0.029919379400288548,0.40047059912955335,0.016925016593028003,0.3984903868850559,0.06957459215593664,0.399249561820736,0.050933494257612066,0.3986940200681237,0.05990211282203324,0.39846459969004794,0.12071131776612876,0.40031344101066746,0.17645138577394315,0.40413327077094857,0.0371887631355573,0.3989267484534963
Manchester,E08000003,2031,0.3804849561297523,0.4061299769140919,0.010828760165498164,0.40026043928866195,0.001149633212272962,0.3984644875973623,0.0779576574496077,0.40334899798473534,0.022135301131376184,0.3995403439880252,0.01901274120249863,0.39926231106443943,0.031032890533850388,0.39934493543302185,0.15327965009681588,0.4055170754728369,0.020506654235894428,0.39856790963100525,0.12215628470524731,0.4055721589822014,0.01878754848717743,0.39846622159155537,0.011325628215869465,0.39878037584003573,0.012713766615197464,0.39860568746402397,0.012914494418365507,0.3987035277250669,0.018532444646125565,0.3984753621173412,0.014801485358697242,0.3987618643616012,0.035387813265381096,0.40110105203224183,0.03611167421812489,0.4026379430114992,0.5287738889070188,0.40450136280580196,0.31169240276757215,0.398833747877529,0.1110073724613887,0.4004398384315571,0.0367716714262416,0.4011922841234399,0.01204525521730071,0.398829612383607,0.09890754451272343,0.4025926889825498,0.2766294909735443,0.40565493222304844,0.14535879688431197,0.4020147151075399,0.05670683697619605,0.40487595576553054,0.057893745998264246,0.40128767805621535,0.10378704254942706,0.39898029740291285,0.07300726154278614,0.40438991418716974,0.06573197340070247,0.3986029465062124,0.12208140639303355,0.4029276787550889,0.0010977317610844292,0.3984671033417749,0.0004236479837699675,0.3984644049503432,0.03603746616843195,0.4010033591663598,0.004344434002354104,0.3984667470606377,0.0029808076974537634,0.3984921459738179,0.054157761457208076,0.3991982782206023,0.1518759523561416,0.3988185559872058,0.06616531030339279,0.4002393288790843,0.04820483793462138,0.4046799435151693,0.06368108089365743,0.4022701708516179,0.02128521641943859,0.40201950879423703,0.01454890180238802,0.39848109543538746,0.07822940994214733,0.398646486959768,0.0646763840257017,0.39855357123579493,0.04526588530602127,0.3989019873266812,0.10384298940336933,0.39959903654940415,0.20616367751111042,0.4054244732661519,0.037269213010120206,0.4008659854292738
Oldham,E08000004,2031,0.5489608312353234,0.40612606449451577,0.004004816494547425,0.3985581983528327,0.0011737239169821584,0.39847559506410074,0.032903307702076834,0.4018996932799439,0.10699259953174645,0.40394781337211033,0.003533633599452777,0.3984655367536625,0.006931734965308894,0.3984642230706151,0.169972311448209,0.40553771908367703,0.012319097552895453,0.398676314027179,0.04260884055477865,0.4040294608379063,0.0035096424061550405,0.3984649083009719,0.00895998539214693,0.3991989725617675,0.010011776623717383,0.39880104725194176,0.006595317703574632,0.3987577021110963,0.010739111770376647,0.39852422845837526,0.005014561236894588,0.39856090356397367,0.0035783435791530427,0.39858086669800147,0.02092229683710989,0.4016617461777927,0.48678479550614506,0.4040327448151502,0.32388095987346854,0.3995819500974735,0.13326338243634783,0.4002101943184128,0.04284536955401452,0.3999526165486187,0.01347108847251996,0.3985080940113166,0.10361103347100764,0.40000166489734207,0.17543901969782105,0.4047863083100689,0.12492117510946854,0.40175741583886315,0.07741461049106757,0.4044163388395945,0.09577263960179394,0.404056763693154,0.11261917299731128,0.39951674411814475,0.08342480079784387,0.3993409545287302,0.09385772497527067,0.39858828320526135,0.13284133285394117,0.39846859570917,0.0018706787950591233,0.3984685187085934,0.0006210565839279911,0.3984659592827977,0.05287975188986582,0.40534541910968996,0.005408894227694,0.39847762064136644,0.004638906150944089,0.3986002597492077,0.08608907037563368,0.39856702109297387,0.17736553133213584,0.4002206648232404,0.07174404152833302,0.40048937214882213,0.052175520121076624,0.3990361699205935,0.033634977249135556,0.39984997105949144,0.021491106934050652,0.3999221261356868,0.017171739462238073,0.3985269162083242,0.04583380026225031,0.3984743969232095,0.054285822460510724,0.399000027962449,0.05940238962361888,0.3990512986364529,0.10549925158996876,0.39969986608365815,0.17837916048352032,0.40485439956729774,0.031311973952654726,0.3994275183882466
Rochdale,E08000005,2031,0.6139253170395946,0.40609292322747376,0.005504681592505167,0.39874831831724733,0.0008556391969241563,0.398464226215772,0.04209689676506745,0.402367557954779,0.025626423448238622,0.39881855701472346,0.0032879916153068928,0.3984841764803256,0.0054134173083471935,0.3984647489272197,0.16749152406361478,0.4053933216987015,0.01856543795589205,0.398745265973174,0.04761240300751446,0.4042274600273647,0.0025688221707279024,0.3984852789328851,0.007286093452846587,0.39888725585503293,0.00910931451468766,0.3985690953240328,0.00790507020108977,0.39881194211595367,0.006629477811607776,0.39850188205795806,0.006536393573867816,0.39867136736648623,0.0057687214236245565,0.3987192044639389,0.022723677835289724,0.40185898049259455,0.49276265341937364,0.4048788159483504,0.32747622017792555,0.3986767496075088,0.12719347149934546,0.401964038653737,0.04158703410178455,0.4012604322875878,0.011325778766456573,0.3988644457963985,0.11472666528126618,0.4024523023983465,0.1854857269029333,0.40492998047501005,0.12866220973844866,0.4027786851831875,0.07785723054016902,0.40443152168352364,0.09321918116802896,0.4028663068625601,0.10698782910688903,0.3986861802713688,0.07413603201445151,0.4016387346303554,0.08363710257674972,0.4010728567460077,0.13541690784762173,0.3993273530701654,0.00242038925285272,0.3984815597751267,0.0007925135477149028,0.3984658583896052,0.057564584826407916,0.4052243221610086,0.004082704579995433,0.39847249883551666,0.005710137333758802,0.39856740579740135,0.09088736194579017,0.39907292202818534,0.20281148987348252,0.4015589463896219,0.06981602236146545,0.3994490535880489,0.03484937461853832,0.40049814617261364,0.03556897819142102,0.4000479022135491,0.02105200040261379,0.39970222379610476,0.01616702112833364,0.39847579264636956,0.04275162603366052,0.3984642210796749,0.05042186800305479,0.3985262867397048,0.053612128367834244,0.3984660341476176,0.10011954389601047,0.39869893407298684,0.1801354569758189,0.4041811222193393,0.03098362121835152,0.39955230221922117
Salford,E08000006,2031,0.6350821700526659,0.4061276556803559,0.009080489461521346,0.3986098979710019,0.0013532148315080206,0.39846815762593824,0.09978758119432296,0.405200579373572,0.003352662187600955,0.3984725083799335,0.013665043707528357,0.3985717963514439,0.016747400836840454,0.39891926671501177,0.02214267668901515,0.40060689879026146,0.014089764195873489,0.3989514606928071,0.07679784145459667,0.40514292379308253,0.0070084458522231,0.3987020065672516,0.009954165514462043,0.399231414222575,0.009613869689596433,0.39889137982673095,0.010934715596388367,0.3990078430425803,0.0121238617184668,0.39881421651378973,0.010263649503610583,0.3989540245308018,0.01757983877938374,0.39999169009801777,0.028961288655742656,0.40264014170499335,0.5357110446096751,0.4056401980238793,0.31484036658023573,0.3994122493552604,0.10614554207980209,0.4039284074707171,0.033391082319565335,0.402789060957543,0.010397943981797608,0.39903288604764625,0.12427181588211367,0.4040640989522466,0.2587989900583114,0.4059248099924255,0.165428561440625,0.40468355366544584,0.07662917646061906,0.40512410086217493,0.06598500708752031,0.4036857699827227,0.08510021032233217,0.4010367986793582,0.06964289378437671,0.40424227726545203,0.048368342029733835,0.40281337644140314,0.10644685713145119,0.4022518856638447,0.0008198398919384946,0.39846468178496836,0.0004271894475207823,0.3984643263916837,0.03575945126014535,0.40442691618355137,0.005884316315156811,0.3984676816715429,0.006629398317701013,0.3985397379722379,0.08024770993612418,0.3992615988229585,0.1639765774595623,0.4005595774611565,0.04763322351865845,0.3987092673093132,0.044429334853758995,0.4021270696593452,0.07018033277799773,0.40410036227932494,0.03205114808833032,0.40017314207677707,0.020564840653426286,0.39873917404065595,0.07888357682903546,0.4015258893777525,0.06148728206949311,0.3984702298214869,0.04050449009746715,0.39985398017223955,0.09992894136809105,0.40023979561728895,0.17062592613254735,0.40390913329248174,0.040099316528817264,0.3990557719590752
Stockport,E08000007,2031,0.7783020963577236,0.4059416034396636,0.014411385672549855,0.3984678867678423,0.00040305122370925053,0.39846477418101695,0.033395733855683174,0.4011065523333714,0.004023194374450451,0.3984973471827515,0.009518492964801228,0.3986281152681112,0.02011133505999485,0.3997324975798291,0.050550364969562,0.40304022632204745,0.012357093627158533,0.398904680573456,0.010235513845752275,0.39906912721893667,0.003437776051952529,0.398473426447453,0.002464685527249988,0.39850149367705506,0.010773875813062439,0.3988881105081871,0.005609484136931742,0.3985792847123013,0.008868316002541843,0.39856949408235354,0.008536223057966696,0.3987444793385638,0.007601862653139668,0.3988079128466994,0.018230934263617327,0.400778767462393,0.509360111856457,0.4035740233119808,0.32093268011746345,0.4000567272188332,0.12018882485604343,0.4002244942496021,0.037481334869329586,0.3990482469146124,0.01223525164074308,0.398464623306232,0.15912273635830587,0.4047829065087195,0.29330818984085383,0.4058503592018841,0.15697636155513583,0.40275438414397685,0.07769863735096827,0.4048405242296797,0.0673256653105283,0.40387038752455423,0.08042275430860935,0.4003556216211157,0.0629852398634485,0.403773574717617,0.04036265243071102,0.4016314499866866,0.0624336436781503,0.4019338660389927,0.001524462803723911,0.39846581131305914,0.00080773445678777,0.3984645121816718,0.04677147548526239,0.40430899077727245,0.006539894278145249,0.398464555845359,0.004200048987884217,0.39847249952164776,0.08128528109150468,0.3993077786843729,0.12829890976777492,0.4037041964703794,0.033980522870109775,0.4016137718395402,0.03511380577547152,0.3992782944030408,0.06538754554065873,0.40287096396370886,0.03905336287525074,0.3997224390230718,0.021367611474727988,0.39898132300874306,0.0886405108169579,0.3999788136985118,0.053348893211524834,0.3985689592588829,0.04860822967256104,0.39847600552276485,0.11349222032684358,0.39918656662539875,0.1888489680237928,0.40498849611831794,0.04276065819661523,0.3985654078412786
Tameside,E08000008,2031,0.7621954144364906,0.4059874708715927,0.0059602237584975015,0.398491586382234,0.0007873329510235186,0.39846954176496807,0.03265689760292845,0.4009819630918902,0.030836545539600024,0.39993980137710433,0.0077504420809825225,0.3986257676111324,0.015636649119169177,0.39848089006753534,0.05500968701444453,0.4037559213883928,0.0074504472340537475,0.39869864933277327,0.029993939812410275,0.40266445757480235,0.0035785597703379135,0.39851421953336874,0.0036794895899929236,0.3985625348912065,0.007707703140884203,0.3986671916213213,0.00508831947944377,0.39857209636064544,0.010017212968701006,0.39868915457969906,0.00554275804255655,0.39861444920834826,0.0039260250723726076,0.39860853865483775,0.011028569503563013,0.3996565668742368,0.46649433565684006,0.403032886185023,0.33718253862817016,0.3984645626682944,0.13704955383841644,0.4004259960658103,0.04550114709490671,0.39998458801540554,0.013901866091231146,0.3985237881175032,0.10974735265449165,0.4019774326956142,0.18220338071104258,0.4054137015429151,0.14215603852470693,0.40358824422275547,0.08689373691399549,0.40482520958858864,0.10282402410209013,0.40318956313059306,0.1061714605610149,0.3990089111804569,0.08936919366794727,0.40048766575075617,0.08111873210185916,0.4018745511154834,0.09977104605469167,0.40024972259076785,0.0013769044531160464,0.39846546730101245,0.0013158721645135513,0.39847524358841047,0.05891439422125622,0.4056056054269277,0.0077598672176768385,0.3984663229468257,0.007426482504645504,0.39847956487734826,0.0989194499863375,0.4004659934862916,0.16116129173218652,0.401003957914451,0.05830864745302128,0.3988042094248955,0.04232970635598304,0.39859789577839716,0.041355506829161115,0.40131603089101225,0.023768761912003722,0.40123055784820816,0.017403317625729865,0.39846948912870456,0.052157000074381954,0.39854211601097134,0.05790560161699043,0.3996977140920541,0.05645851863180054,0.39850774830126456,0.09398971837763337,0.3998168844495205,0.1838490468948777,0.40532010077849184,0.03539815423708281,0.39933076944351875
Trafford,E08000009,2031,0.638585666893178,0.40608361757425787,0.019104701659203083,0.3986239976923096,0.00021431915315607303,0.39846423892564237,0.04163502864100255,0.4003170900753035,0.0033583482674555687,0.39848955841044686,0.030902682856317032,0.40203708462632415,0.058816965925773346,0.40356916208319416,0.06645324472173719,0.4040410232597086,0.012218655944070345,0.39864420330028877,0.022793189171233408,0.4007302742207134,0.01256618699877754,0.3987078633512066,0.00446275119085475,0.39846598639155695,0.013915316026099744,0.39912817053891186,0.006090157475650337,0.3986010348261787,0.01452958239617197,0.3985734247573285,0.013718853854987167,0.399386613038008,0.015224156378582099,0.3996064611283842,0.023960600595160253,0.4017939249481724,0.5520039981168381,0.4045753406562639,0.30319715335110864,0.40037468704239804,0.1042058123636791,0.4012913688958864,0.03072859048226806,0.39971603448883525,0.010150799763067805,0.3984836497397015,0.18143965808355134,0.40544273161269856,0.3512959757514835,0.4060002938385866,0.15356723273325312,0.40047077875116344,0.06790004163375674,0.40535804869743536,0.05068128656733917,0.40407708602295656,0.0604176751247234,0.4016409404287349,0.053427579900549915,0.40405996949008127,0.028552665469679273,0.4024525764009874,0.05348661788648412,0.4033555582384726,0.001318242395843345,0.398464338434322,0.0009002346843973029,0.39846422029218975,0.03271325303359163,0.4044826751889169,0.006191792121825107,0.39846523449562893,0.0062993594327815615,0.3984647581552286,0.06497139809136415,0.3984642586307398,0.12170003455457623,0.4037329211429674,0.03492788666183411,0.40037350819756123,0.03056367743807531,0.4008595888016972,0.08082716350661467,0.40378663091069034,0.04450436734949492,0.3992280159415878,0.02421011817819707,0.3992170893184324,0.10344018451778725,0.40003406295894,0.04856544096993953,0.39914140131636056,0.04933697431237069,0.39848636607706944,0.12416761196502901,0.4018258648941151,0.1846599182053268,0.40490525669011945,0.040851183199437036,0.39882175740264336
Wigan,E08000010,2031,0.8821810723542773,0.40560015046102166,0.0036400767420969454,0.3984769516162654,0.0010171681386052095,0.39846836767794,0.04087200214675013,0.4031959526671426,0.0006007474337705564,0.3984651575443342,0.004664179303526583,0.39851285703747524,0.0060572661050187215,0.39857753056058887,0.005968861066973308,0.3986677442492905,0.0068338600660389215,0.3987109643990929,0.014457283052767389,0.3997449758277983,0.001321365808533731,0.3984700329321434,0.002499018415601073,0.3985215126313528,0.005347863736127612,0.39858013970243517,0.003987292877368431,0.3985613652710093,0.0037701143777739907,0.3984689151049522,0.004531820396666331,0.39857880180882155,0.0033276122871299663,0.3985429036954487,0.008250973248612903,0.39910350250185156,0.4712318409761629,0.40127310912276165,0.3420324653525393,0.40077977994532066,0.1335853213987519,0.4004686491098393,0.04087758482281578,0.4010148539972128,0.012298949172048379,0.3985558157502163,0.11915551598456764,0.4033945324586672,0.1898819198846553,0.4052061402069135,0.13788980165226938,0.4030345570648561,0.07907553292651803,0.40414418769201393,0.10544286614887755,0.4022763310738734,0.11035096276552481,0.39921838203195287,0.07296388483159144,0.4016617493321377,0.08204254336208372,0.4021108875709328,0.1034998409206187,0.40185652147995105,0.002674651508531939,0.39847433686168515,0.0006686476708152658,0.3984647387858864,0.060215137983806954,0.4052648195120553,0.008385717792919745,0.39857166630614344,0.012875053330061836,0.3985489853235496,0.12596963706724873,0.4027656738477302,0.15942008207802738,0.4018632500051213,0.057756008904226414,0.39852577803399325,0.03213768049808796,0.4004564636299095,0.03178083225230177,0.3992799396829984,0.019491070752060247,0.3993930205138946,0.010172430591719295,0.3985301248420854,0.04514381283123636,0.398571835936364,0.04956380992086079,0.39867612274005604,0.06465881362454073,0.39857104871323623,0.08816910434259767,0.39861927206336806,0.19663862855906356,0.40551049735198613,0.03444130990458105,0.4000029789466477
Knowsley,E08000011,2031,0.8866166675049891,0.40561860386190013,0.005934797072293649,0.39847358156311824,0.0002662856228167164,0.39846493479578216,0.040479108429379185,0.4038835016955623,0.000341726886187662,0.39846527276949506,0.00506861498942518,0.39852099426879284,0.008836099884738435,0.39889029863017206,0.0018339642910505383,0.39848725400667395,0.006607443708535277,0.39867090941190053,0.010331498848460852,0.39933642732195024,0.0008129765817547971,0.3984642655052896,0.001629785398200273,0.3984804981591096,0.004865267095672587,0.39853796485746323,0.004889124673275846,0.3984897111558781,0.004893614598528377,0.39846485415755983,0.006529097719185861,0.3987076864572569,0.0030352312432665174,0.3985423996669965,0.006414261590376724,0.39888800800894747,0.48539987656257066,0.4027511453460336,0.30448049637224506,0.39898743912147516,0.13242080452946237,0.40063696096281565,0.057219889892590414,0.4009143666186176,0.02055792553149058,0.3984868079499311,0.10026386512027141,0.4031591178333695,0.18768865727095996,0.40557137632030565,0.12701995657483245,0.4029722803568235,0.0869217839409675,0.4048283004443003,0.09677157798208258,0.4013390402674601,0.12176599436282998,0.3985891997036348,0.07891711726728357,0.4037612143400772,0.08658021776756164,0.40171847762198537,0.11438375114840538,0.40003700613466475,0.0017698167749352345,0.39846519049581425,0.0017126288983975446,0.39847299543521075,0.06216474834211683,0.4039724111711746,0.007459887693849476,0.3986162295281277,0.007753258585083411,0.39849949457582673,0.09663260538435214,0.39921587998325575,0.16065674159398002,0.39854466578466263,0.06349203064676434,0.3985606550006117,0.03755199302183254,0.39963628822699193,0.03169409427334369,0.3996894527093306,0.02523949270364123,0.3998908223054473,0.01624151219807432,0.39849029879550263,0.041005283554554905,0.39884264536444936,0.04216500415988811,0.3996210430349176,0.07162222141469504,0.3987542854329164,0.08807303217413265,0.3987801244503809,0.21061297512594646,0.4048540729603087,0.03429647038510297,0.40037986809488973
Liverpool,E08000012,2031,0.6983126316232919,0.406057104675594,0.013669253989348124,0.3984723227259222,0.0016468001991756381,0.3984862375951257,0.07773434412939739,0.4050478616791769,0.005536808089415923,0.39860925472232317,0.01924069480857435,0.3985281659959909,0.015117616789998123,0.3987505247740465,0.010738252055911945,0.3990142559419572,0.02161886061512175,0.40060414961190943,0.03391319388492908,0.4009280271869722,0.002999741832949914,0.3984645178896397,0.006305498718615882,0.39848675941033734,0.010100004909025628,0.39883046332975175,0.01027087935360127,0.39863259514930394,0.009504898849759996,0.39852366883373075,0.014113155585037673,0.399287295384708,0.02200298521599664,0.3996612849173901,0.025898423994186626,0.401875934432706,0.486322966428977,0.4016259147979488,0.31368770493066633,0.39946346333711796,0.12791049189055448,0.4001818440920775,0.05298732247719795,0.40050870621314444,0.019119837524040534,0.3985060075633249,0.09554994546928697,0.4016793644451006,0.237072513737294,0.40538854790337014,0.1282363777866229,0.4010363591386351,0.08060790770805504,0.4048172267659072,0.0687933308782589,0.40199881268433785,0.10711620319554438,0.3985015254488517,0.08147214185091256,0.40259642884413543,0.07389956961753555,0.39846601504654094,0.12739326566636444,0.39914886271478295,0.0013801325886456453,0.3984688297721729,0.001429114737902179,0.39847367883334117,0.04802904814286868,0.40069901139006636,0.0037222879645998075,0.39847253104662017,0.004850854351763953,0.3984814151384317,0.06528350255937537,0.3984702652599947,0.14696846136367647,0.3989091388353998,0.06037875866903952,0.3987843979325021,0.062244328473484156,0.40010283303641764,0.03344205822955626,0.3989055154141149,0.026614802753316624,0.399652192066171,0.017107614468390875,0.3984718792399899,0.05490400830948705,0.3989295496072461,0.04628440776130166,0.3987576751326696,0.07459760693824147,0.39868964715425464,0.1074559784833522,0.39848399456008604,0.20612182744389163,0.4043665093435852,0.039432702718598556,0.4005212531110931
St. Helens,E08000013,2031,0.906454912217689,0.4053207901049763,0.005251472066867168,0.39846473838235086,0.0011777144630445158,0.39847289461211893,0.03721384473495304,0.4032157903962536,0.0011744522693308418,0.3984674520835833,0.004263541834056472,0.39848961814903633,0.0031995935888080723,0.398465707274147,0.0018236412188229328,0.3984802089058681,0.007512313957389161,0.3987652277584261,0.005162691446701784,0.3987171235928602,0.0007756847030191139,0.39846687147547477,0.0010378368337583266,0.3984739965569601,0.004922077637442568,0.398622242998545,0.0035614452976005517,0.398559281834187,0.0025474835544045237,0.39846421993340647,0.0036424762543125766,0.39851781166424743,0.003408242331039757,0.3985690244794171,0.006390282767358757,0.3988980175313609,0.45456318260608164,0.39895851852349784,0.3350506006063507,0.4009278647053566,0.14273665560479765,0.3990548130430032,0.050931720260786184,0.40052364334885227,0.016698020911897885,0.39848554970765376,0.11437468805338513,0.40298450265011804,0.19371835442174223,0.40484917751608723,0.13942623351470695,0.4034940528778848,0.07583033574206688,0.40461045529827633,0.09235095760670653,0.4027468102703784,0.11268343114084448,0.3986261945339479,0.07398059842910931,0.40131249370721106,0.08609377580816002,0.39880969064132943,0.11172726410223954,0.401172626232778,0.0024658538441733966,0.39846437382284067,0.0007810213246178931,0.39846438902369585,0.0624499504214624,0.40465173143059924,0.00560208212452859,0.39846465364362543,0.013071451574167475,0.39847240354071695,0.1024431985331693,0.4016953334158042,0.17524406653981925,0.3984644330496626,0.06252221186589274,0.39861380732370966,0.032452453509835166,0.4001847082228795,0.03390791315858699,0.3995338099500031,0.017738368742304722,0.3991768113404793,0.012876564306225385,0.39850828840515823,0.04722550303030876,0.3988167874734486,0.05563997123583886,0.3989726272019993,0.059770711751681416,0.3985076967566687,0.08698043108446679,0.39878071824166184,0.19577810119825578,0.4043950199717186,0.03304114219968768,0.3997221302657431
Sefton,E08000014,2031,0.8878206712770034,0.4053457918225982,0.007618528896518317,0.3984738426647378,0.0,0.39846821924273845,0.046622685504780215,0.40338879870803973,0.0018937502069975853,0.3984725592157543,0.005161548857570031,0.39850190084780496,0.00476120058300572,0.3985401329848185,0.0013992961168321633,0.3984765608166072,0.007457129773758897,0.3988127267023699,0.005457581089500008,0.39865962907146335,0.0013833872292181512,0.3984687877288295,0.0009900741380547001,0.39846916549445177,0.005953104506129292,0.39860446366374724,0.004065431276095599,0.39853721192967706,0.0033598592350798026,0.39846574125294004,0.0052541349783074565,0.39855466697281566,0.0025324618400121013,0.3984894354935208,0.007887886761731133,0.3990177719691833,0.4738239230540251,0.4019636348273885,0.3203820350780723,0.39881702940854785,0.13867089164601876,0.39961124778473234,0.05039646415518295,0.39900517708701855,0.01680457815232672,0.39846927919044306,0.12656880185455988,0.4032409710546519,0.21072937274605064,0.40499125889561166,0.1330438312201856,0.4011401310747112,0.09298807120198482,0.40505400923670415,0.0892845465619716,0.40104710366652896,0.1124988901273859,0.3987538917183788,0.0756286206085357,0.4020179674623461,0.07100271160168592,0.3986024847492995,0.088294612397946,0.40057233003692144,0.005937191047723833,0.3985167546712506,0.001226552652456702,0.3984645111079276,0.05137400153605465,0.40046307021158606,0.005001312739052549,0.39850945132818216,0.006113600333122304,0.3984752138599668,0.09068526119242182,0.4010448415138602,0.1391906861182517,0.40285176729229694,0.04991513605665393,0.3984913998774358,0.04263872631076315,0.3994744052652488,0.02942837577837687,0.39871167536563945,0.03343404190488308,0.4000061626502992,0.016092249206332426,0.3984980111176972,0.05403198028977152,0.39859271309781574,0.043651837519418826,0.3984683546517649,0.10226535431238526,0.399765615722011,0.09276110615406041,0.3996031084009544,0.195412712453912,0.4044582955636439,0.0410422874230667,0.399357785847195
Wirral,E08000015,2031,0.899173868502678,0.4050085522294534,0.008158565633076764,0.3984646838680163,4.928181778152477e-05,0.39846473676268374,0.025884702223210265,0.400597123746551,0.005536564576416769,0.3985794236557684,0.006350515026828027,0.3984838870860791,0.007819748613971667,0.3986450797300856,0.001554695214942281,0.398474363184224,0.00815969823492807,0.3987905294907284,0.004077056649440802,0.39857825830138127,0.0014577619994556312,0.3984748166965652,0.0009068184703325335,0.3984683500347107,0.007000559027955877,0.39868792233937633,0.00429619006197246,0.3985551761726319,0.0035610202607096325,0.3984684349013259,0.00551668076872569,0.39858686236186336,0.002970441220734088,0.3985395731559004,0.007036216453496058,0.39894847047237314,0.46674740921785096,0.3986681518016784,0.32222026248995744,0.39858850319306177,0.14064297008599003,0.3985336261392662,0.05379649562688987,0.39867300385494364,0.016593076146349722,0.39847144450585614,0.12957076897848463,0.40413075912898966,0.22291637172445,0.40480194576209305,0.13979893800797916,0.40175711074287773,0.08021083967923825,0.40492115729304334,0.0850810679916858,0.40250040212989224,0.11458717348112679,0.3988585357834243,0.08080734907896447,0.3987705687337997,0.06213996227381702,0.40059704550126385,0.08502567848420606,0.40107085795110115,0.002526681716866569,0.39848032369711384,0.0020369730194556707,0.3984711458578718,0.059605142684684864,0.40447338208516526,0.006325855489028448,0.3985066638396989,0.008190207816814881,0.3984642364583683,0.07973928020264909,0.399760846385689,0.13579888219140646,0.3995212551713321,0.04360253486982944,0.3984757909578684,0.042423009458271044,0.3989485993800176,0.029882362464571766,0.3988718821713825,0.02528299484280505,0.399691033280661,0.017074192248675353,0.39846851316287646,0.05929426175681085,0.39864153152848264,0.05530774299151642,0.3997507967847344,0.07674555532904657,0.39846537694803097,0.09732941512281035,0.3989715520109508,0.21946149335499765,0.4052142238428658,0.039605601485000363,0.3994733091403297
Barnsley,E08000016,2031,0.8914353692133226,0.40554312571709944,0.0018577220900910033,0.3984692076516798,0.0011611590727868201,0.3984671574910381,0.06440169743647317,0.4049765036199016,6.226339286299204e-05,0.39846476817826215,0.0025204317011576494,0.3984696011328394,0.0022056737615018356,0.39846544018183916,0.002080059711133078,0.3984834289394778,0.004669578890308224,0.398549705819374,0.006387755385209776,0.39852515591450194,0.0006879111872219743,0.3984642455005658,0.0016193462300626016,0.3984875267438238,0.003053564599907202,0.3984837275442993,0.00242839708709236,0.3985028982994449,0.0033722364962533724,0.3984690833820964,0.0027816926471987136,0.39848332007411286,0.001027280007479748,0.39846549577987384,0.007942264474128713,0.39907659038438564,0.450670313271587,0.40396487062241,0.3363008201113383,0.3984674617165323,0.1467848044252682,0.4012888831683625,0.05064447914747716,0.4008662582635382,0.015775382689534573,0.3985288278936551,0.11080812278283947,0.4018966456129718,0.1551469048099845,0.40359718336159867,0.11867725152419206,0.40175685308596704,0.07644805162213286,0.40264197220643977,0.11417387202399976,0.4024523570256206,0.09980769425032482,0.39871500995780496,0.07742809735488843,0.40311574767372266,0.09848555903094192,0.39978443917587125,0.14904701433687517,0.401616971181905,0.0038727013097717145,0.39848602757702045,0.0,0.3989746069044402,0.08889564757699109,0.4041499875125677,0.0054295551550480325,0.39846427248776933,0.009315062464075666,0.3984730956594607,0.1259318056679024,0.40159463787240446,0.2128934051588387,0.40424293507934933,0.06222227251836343,0.4000653868014367,0.028625884390206302,0.4010798254984133,0.03055662850382246,0.39957633108790197,0.013886739403172865,0.3994371586478337,0.008476361342266148,0.3985780519569262,0.03628126624907389,0.3984758417371602,0.03993926797611924,0.4003175837066966,0.05837055986081226,0.3984768351770371,0.0779245125521435,0.4002800842859125,0.16899387203368477,0.4036656692258708,0.030497586706141444,0.3998565787790578
Doncaster,E08000017,2031,0.8140562148433563,0.40590554860055605,0.002591725482782359,0.3984887698764791,0.003591820821955166,0.3985025335247849,0.08982434224674574,0.4053736809482537,0.0008399460952909082,0.39846711691004644,0.002995762295138815,0.3984713577429314,0.008591851474551104,0.39854645177822434,0.011392714504778606,0.39854293176581335,0.009860824653504241,0.3986806086850649,0.011972123928249312,0.39921637390278886,0.0018005060950921914,0.39847263368172425,0.002671690669963589,0.39851202972701444,0.004842234261936779,0.39851716502776297,0.003168255694448785,0.3985054776092565,0.007010881673769176,0.39854075548042206,0.003764575332531689,0.39851025511691934,0.001971133775209216,0.39848475565385055,0.0184527789463107,0.4009253036387582,0.45051571273773217,0.40074340862519087,0.3416071029670677,0.3984799738890297,0.14312337821759014,0.39931070537276053,0.0490467415275484,0.3991229828809633,0.015736426914374255,0.3984699251874187,0.11306899976584406,0.402361671530705,0.143032392065777,0.40346212115450963,0.11405038830080327,0.40086258066193947,0.07497744870909306,0.4029112740583032,0.10454047517785803,0.40267073234015655,0.10221466650580338,0.398494767150238,0.07332540143189847,0.4035365521070277,0.10021649288767831,0.39880275255642805,0.17450838570340244,0.40173890781052507,0.006271647992807133,0.39847697078737,0.0,0.39938722482182926,0.07352295168853296,0.40379638165782167,0.005462812075814005,0.39851168688902366,0.007810491864468916,0.39850823743522856,0.11513827255783982,0.40139203104083254,0.22732564280073753,0.403778765655293,0.09588000919616713,0.402974927802932,0.03321442594391,0.40115539844600334,0.02478390292606919,0.3986158974083906,0.01866733302171053,0.39889133684833583,0.009325389605176496,0.398481666681611,0.030633507956347256,0.3985456175008558,0.04469004567321633,0.3986816156446866,0.05295406941318026,0.3988668427100399,0.07079167730526903,0.4006489463791594,0.1596939394580974,0.40295162887628966,0.026949321707782747,0.400746736827739
Rotherham,E08000018,2031,0.8464472380395707,0.4055970892267265,0.0019278378880276253,0.39848091653137135,0.0012079704062062518,0.3984714989989286,0.03511321739838413,0.40218321472221535,0.0005007180275519666,0.39846430263118315,0.003372011084502996,0.3984803904387736,0.00610286509893096,0.3985426705455606,0.04549921740551821,0.4009751188574322,0.009884499970514438,0.3987915721139657,0.010450411651127423,0.39867922305259856,0.0014235466353031481,0.39846569742771826,0.0025226342994350837,0.3985155668141743,0.006376653309492941,0.3985906761733754,0.00318789614364115,0.3985213528190862,0.005803252568505057,0.3985692877253802,0.0035867328863742193,0.398486670410347,0.0035767651700873704,0.39848870463165936,0.01231026802949009,0.39956924008034667,0.4505160142010125,0.4014600573016867,0.3414633150835253,0.3985440897132486,0.14299024208288624,0.399608206450801,0.04972269263428519,0.3994768386440168,0.015362524164781899,0.39851041167638346,0.11304280144553935,0.40248401840315745,0.17859695365392536,0.4051160956611541,0.12293940228878286,0.40253605251791597,0.07931906448374715,0.4035495836688037,0.12187227358648345,0.39944597691331457,0.10524347103475623,0.3984763252638307,0.08033413494217134,0.4034440376934834,0.08704823435091025,0.4016716877316519,0.11188229587080767,0.40016784627930513,0.0025695896377921357,0.3984694351326097,0.0,0.3987778750860555,0.08139783219826846,0.4050910988835677,0.0053497467823901,0.39847501028869153,0.010936824349063748,0.39846632126591475,0.12343455938768466,0.4031653374002531,0.1648591259432597,0.39970158333284844,0.0649679973960886,0.39989614650648025,0.037816255471319726,0.3992008184432808,0.03919053062887157,0.40095712029841574,0.017673960679225997,0.40025031993242316,0.008218671834399428,0.3984687269258627,0.03611778806957135,0.39847837989045454,0.04486306992286282,0.39899817289525,0.06131782894384197,0.3989942091974482,0.09505867000166235,0.3984752292049855,0.17683558894634643,0.40466627139626854,0.030575559010818543,0.39946193701260224
Sheffield,E08000019,2031,0.6819428003549781,0.4059996322680953,0.004660270428472543,0.3984688124830421,0.0005787248244659244,0.3984642860269973,0.057851617973632585,0.40402895779361225,0.009238714427469208,0.3986082829881572,0.013186143032644874,0.3984647786831625,0.013768524388775016,0.3986022372220538,0.05946145290439664,0.40176736825107967,0.01615969374728221,0.39889391969392957,0.044449505457029304,0.4024938699586338,0.006783179904204573,0.3986046031799137,0.003978334988497784,0.3984962739292732,0.012340287644842962,0.3989479442173187,0.006335283158288074,0.3986833530954238,0.017080862349381554,0.3991418538157098,0.010701721023908983,0.3988267933448432,0.016905873888922784,0.3985024922513076,0.023462134904036036,0.40105446933556305,0.4658955329071723,0.39849018177158313,0.34112230008389144,0.3992066934124689,0.13448680861437062,0.398554200446313,0.04516093671039495,0.3986023627091293,0.01333678662406608,0.3984683170996283,0.10376110094826085,0.4018186991825667,0.2681537969562955,0.40559630160864474,0.1292530077292764,0.4008796596911121,0.06648725667806676,0.40474981382041786,0.08751106123339136,0.40183882363263235,0.09756446953153722,0.39855415054634186,0.08166675380929389,0.40104845164815217,0.0586976157801149,0.40094584192051347,0.10725041395575885,0.40029362231692744,0.0020691519389607893,0.3984659495209884,0.0008438151604808243,0.3984644485059732,0.050083136851769794,0.40461682402167237,0.004392568663189045,0.39849918330606704,0.0048713223563771335,0.3985215424873824,0.07904848982801718,0.3986018837414517,0.14247005643299637,0.3996687912611439,0.05218192104048536,0.3997533692801456,0.040160725173701284,0.40177155566200107,0.04886814864507483,0.4010842270458097,0.02023141299306097,0.40085998342957396,0.008283522185477898,0.398935599067713,0.055395593127543524,0.3984959962740771,0.048847168512545114,0.39931753770013895,0.061557735779184886,0.3991184353095472,0.1297651436068531,0.39920870204047954,0.2161653697932877,0.40511620952994803,0.034835372989720836,0.4004461614192151
Newcastle upon Tyne,E08000021,2031,0.670697477233837,0.40605492889598943,0.006116431927332501,0.3984664880726651,0.0016157975616135634,0.39847929451263325,0.0658383819612478,0.4041982092607612,0.03138488297640141,0.40069027392099543,0.014414404770730749,0.3991268139303824,0.030419620371620493,0.4001733668409776,0.035460568556142213,0.40026850270286357,0.018605277195148803,0.39847739084985323,0.04015793324300221,0.40248466267572647,0.0014810610934128249,0.3984712643154632,0.005774479842235891,0.39877500345643496,0.011503570903711569,0.39890850621817603,0.006074127622917647,0.3985901519353867,0.0031325634447108355,0.39846462767947594,0.009918342124948687,0.39900862578108637,0.018415099464212048,0.39949773382178294,0.02765095432649245,0.4022719643177547,0.48954384702219567,0.39999724562260025,0.3257181634451777,0.399229997603226,0.12636459765439523,0.39953770820993934,0.04410828289658464,0.3994118705818563,0.014265313788194567,0.3984849917610897,0.10277364007821665,0.4023414123570969,0.28745804309434675,0.4057438281927218,0.13237091906319165,0.40259137707843246,0.06336634975968014,0.4049794260060047,0.06653722950583907,0.40313144755555125,0.09690294033263447,0.39908952184143387,0.08721073947367541,0.40301607148789487,0.06383551735336408,0.3984870168463999,0.09969977449519796,0.4039301790282187,0.0013235487176218655,0.39846424302596445,0.0036992462505423263,0.3985079222862959,0.04318777474696889,0.40144589796056895,0.006589785231818621,0.39847323481435615,0.0027049087331935673,0.3985094896008718,0.0610086029420841,0.39857250766237107,0.12315306293194173,0.40286485605876565,0.04405048353063862,0.39853239838186016,0.062253012358292725,0.4025977796825637,0.054601262547880225,0.40124037744282925,0.024224834878606827,0.39923751137751723,0.01609054118375436,0.3985103152259481,0.06498316455181441,0.39865854713928417,0.05864072007489285,0.39980241244213877,0.07325730825063145,0.3985142089042552,0.11250861692602998,0.39900655828740084,0.2141558963735255,0.4052358402982255,0.033839082847687774,0.4014099485018886
North Tyneside,E08000022,2031,0.8993791032241756,0.4050506820097963,0.0046359854896495245,0.39850333138287897,0.0003691779712169489,0.3984649322337794,0.026365069106712324,0.4005689310252877,0.006201046558972245,0.39857236448165445,0.007353635825432858,0.3985916209669761,0.00922312915550999,0.3986603519692087,0.0034383219567919177,0.3985122726632097,0.006238018828992248,0.39852174313363203,0.006837793615370125,0.3986810964260543,0.0005220525073844498,0.3984642857556511,0.0011760191076253396,0.3984742295450359,0.006645705793009549,0.3986481077141179,0.004392864061362217,0.398549911053071,0.002559218195670815,0.39846573953697334,0.004785186393550134,0.3985808014889198,0.002445932455974714,0.39849865065735723,0.00692365303036091,0.3989074203326419,0.4718640526451592,0.4024835256883572,0.33267340262527595,0.39847250233609327,0.1390389558718994,0.39991615767957356,0.04464066998514771,0.39934424447767586,0.011856276146505251,0.39860543905684304,0.1184678431994981,0.4037990523770272,0.2711818838055873,0.40584214088300813,0.15349349447209448,0.40373620843312036,0.07617088882891654,0.40553041324272066,0.07424148999538005,0.4035347481061555,0.09138345449217339,0.39848379860538,0.0869778657239233,0.40191295351106276,0.0515647891415445,0.40127435390387756,0.0769138649027612,0.40252861152149133,0.0016540755144543381,0.3984657708655285,0.006929012795684142,0.3985763594860392,0.04923455784539277,0.4037814121887646,0.011089642154175405,0.398695436115799,0.004296015100125061,0.3984943381189337,0.07152569892980767,0.39851670280836343,0.1218375950407391,0.40230767854420574,0.03266030162001554,0.40006119609037744,0.04797803302108483,0.39868522559559705,0.06421676876920346,0.40246985296520654,0.029178747545806294,0.3986956504336211,0.015334774115234595,0.3985284441325729,0.05030999488659674,0.39850083097457145,0.053709540886139884,0.3998331512377754,0.09702293429905584,0.40026455925993737,0.11317474671189576,0.39993645491342456,0.1950717163879716,0.40491424818777905,0.03500094338161652,0.39966353533891497
South Tyneside,E08000023,2031,0.9094700946558856,0.40450492725990045,0.0027090984558432313,0.3984701833869571,0.0006881386942994838,0.39846977480716356,0.015635878191274877,0.39949770126673345,0.019100319497989404,0.39942231575661846,0.0024478083522427724,0.3984746851084889,0.0051616931476835826,0.39847372486620247,0.003757495436040287,0.39847388176344106,0.005422257294713684,0.3985372129351232,0.00601349968659759,0.3986717050761843,0.0006405526615583801,0.39846495777201846,0.0010788559793756675,0.3984729931091682,0.0058532974224380085,0.39858001633327567,0.003848279447261349,0.3985384382613747,0.0014236608253748867,0.39847244797752235,0.006803059461463534,0.3987483474842748,0.0031450798674954594,0.3984706679944944,0.006437003960386711,0.3986529111147147,0.44721445767552903,0.40174724980063203,0.3315060360142688,0.3985023720628455,0.15045846296016097,0.3995803551187068,0.054564722653081876,0.39944365770301504,0.016331830708060824,0.3985699554183282,0.10066736939051157,0.40236248432367366,0.19370077598779822,0.40537214143399564,0.13930378805106258,0.40338251347537046,0.08633865495759441,0.4047340954064193,0.0978437815497104,0.40327243922502753,0.11346503555858745,0.399511475621527,0.0901827065593408,0.40099260691825234,0.08655899149041302,0.39930826197101876,0.09213736593173305,0.40274669318702433,0.0009464721015715848,0.3984642685648177,0.008357311866890794,0.3984661773478302,0.07629612640183403,0.4042898619952591,0.014704100910987727,0.3990473099406656,0.00754324545913812,0.3984724849786109,0.08776706073195095,0.39884583439312005,0.13020097401052633,0.40160620866225727,0.05097804429559122,0.3987944411317503,0.04259903059625525,0.39963000228775947,0.03780025916367258,0.400265182067674,0.02474033795234898,0.3985544816201989,0.011337578988801944,0.3985389962705637,0.039077933865228315,0.39846516263181614,0.045648941011014965,0.3984760062329573,0.09569527387769283,0.3991753943320753,0.10143393877346818,0.4002450479630685,0.1920624722614548,0.4046381803749831,0.03284400423001044,0.3999151331105659
Sunderland,E08000024,2031,0.9097171610158248,0.4042962941082446,0.0015304292102278488,0.3984706766479956,0.0013927849107088497,0.39848249469981567,0.020203798861252675,0.3999965527238306,0.013597773517079581,0.3989540718172781,0.0013197333903853803,0.3987125516223836,0.00758411597228234,0.3984874058758042,0.0025666000727476174,0.3984644890825805,0.008059442228798508,0.3986124707443241,0.012834318695977065,0.3994683458054378,0.0005649689679195664,0.3984645897828751,0.0012869649379575326,0.39847626119640495,0.004306480053567763,0.3985260366161494,0.003011828291675983,0.39852867677850273,0.0012488136163485847,0.39847128497321577,0.0031768920988695937,0.39850745686676314,0.001968970142869092,0.39847587661693884,0.005320189245098694,0.3986191142248748,0.43652060822924843,0.39978435510660104,0.33133400909754107,0.39856158588099655,0.1578644804954807,0.39850314173123125,0.057018210035455485,0.3994485293742043,0.01725468195714025,0.3985607208865531,0.10134505764702872,0.4027317175365832,0.18032356744900913,0.40528197317405645,0.12587945877762952,0.4029666132468233,0.08708484283921791,0.4044324595329997,0.088279453668759,0.40374516673546296,0.11012406594138402,0.3997249010674477,0.10621383478042845,0.40118662800575017,0.10027649592830296,0.3985084964512254,0.10053099966134527,0.4036896224808947,0.0014184506080874779,0.39846577660184945,0.0035925523992537114,0.3984642378404591,0.1033446448410047,0.40019312686272873,0.01673137472271065,0.3984747436447231,0.006461508992668591,0.39850150511612065,0.08475954407064656,0.39925426358526167,0.15365050293411142,0.3992371493225199,0.046409389039352766,0.39889150411992774,0.038658568949788474,0.4012975639026118,0.03107079534337842,0.39924860560612735,0.03118689890031312,0.39916634696406006,0.013268216227007246,0.39862644033354094,0.02903094332234113,0.39855716936149144,0.05196838220298508,0.3985421506865652,0.08352849482927849,0.3988831152925719,0.0855133226166005,0.3986571002330002,0.18550387079417696,0.4049227764550256,0.034305469935394184,0.3995229089152937
Birmingham,E08000025,2031,0.3267256213761982,0.40612452435948576,0.009252435769385281,0.3999442244567253,0.0008119134130774933,0.39846685019111844,0.0561809093927077,0.40334138820724147,0.053731843116858524,0.4024678844969349,0.00999268568177017,0.3985124945904124,0.05603513484977263,0.3987048432610314,0.20588554588830021,0.4055732454767513,0.02869974247168139,0.39846573747578257,0.08861627312174924,0.40535134168836023,0.03385146992899979,0.39978940301706845,0.007514955982719451,0.39966208003737846,0.012482129899280853,0.39852360289797,0.005141106913157417,0.3985282699826752,0.020872630709782042,0.3985298923405464,0.013468072584023494,0.3988808535122735,0.023208836250362186,0.40033411596854995,0.046886788724360695,0.4041581260309059,0.4956487894216379,0.4044439699373937,0.3265556521413655,0.40023081512585806,0.12493330665243474,0.40048555507869255,0.04011764036870802,0.3997383535021898,0.01303598382673321,0.3986287223143854,0.1020419594415456,0.4016422130290177,0.2389307087111039,0.4052207414859345,0.1165052468857567,0.39896490983488303,0.06886323251762416,0.40492318154242296,0.06861420965937937,0.40340619344143813,0.1044044909674195,0.3986632266573148,0.07501369862047147,0.4007780785708458,0.08907242560500772,0.3986452501997664,0.13650460078844479,0.398729870429868,0.0008261772167425067,0.3984645928892507,0.00015739572819769513,0.39846423488433036,0.06543159788635933,0.40300411461673463,0.005117779734238256,0.39846756809089345,0.005164945704440663,0.398485495782742,0.07020473473133115,0.3995886845696491,0.14787295708760384,0.3994883944615223,0.08005707048656152,0.40247524585499195,0.04958417177294838,0.4004293519806428,0.03558189346614876,0.39882961268641687,0.024571454277957816,0.4008492246172314,0.014960341137376142,0.3984645366473969,0.05329851514040729,0.3985923705213651,0.054263664692302246,0.3984949448082974,0.047424098408269916,0.3984790707146831,0.1132465851881832,0.3992625564219706,0.20390217217970896,0.4051951833691368,0.0287597567602893,0.4012748891178656
Coventry,E08000026,2031,0.4393340094338427,0.40613899201053294,0.009902675381239012,0.4003570239736441,0.0012157566489310323,0.39847193314824303,0.12160040812114925,0.40560533502946833,0.015262922661901435,0.3989369124491285,0.014670829538440344,0.398582102989197,0.0982021229710005,0.3998110347091764,0.04315062266937142,0.4003575674056,0.03554300030605484,0.3999686370346242,0.09896951446883229,0.405290581062513,0.009581166872833738,0.39847523944510566,0.013083288951045713,0.3992813637805916,0.010848181960863568,0.398616584634092,0.006605156391601419,0.3986463660106459,0.014991200617587463,0.39862500270856444,0.009310588077852566,0.3988625839394385,0.007979003359876724,0.39850049359180295,0.04854184144938323,0.4042706368583889,0.5103434668428601,0.4049828962654795,0.32643395240784123,0.4018380544524331,0.11686441704911843,0.4009176239514281,0.0353709831341229,0.39993182577313596,0.011376933707893389,0.3985577126059447,0.0973340921155148,0.4022681453836889,0.22331730254924498,0.4054028569279675,0.12267614522524561,0.4007883827237808,0.0647181948934481,0.4050939018633403,0.07502156419208328,0.40304424268697714,0.09346032852233571,0.3987643738031746,0.07140317616854608,0.4027071886585906,0.08976313327764146,0.3985727825803542,0.16230568770376202,0.39898579207157897,0.0017950623334123325,0.3984643275329618,0.0004056117944499192,0.39846434890499105,0.09532165019472227,0.4018557780589312,0.012358294843200834,0.3987728674284283,0.010109536123748153,0.3985209758615391,0.06963750531305712,0.4008866224979029,0.15553435766270374,0.4016455117385092,0.09887442853771145,0.4038749039170441,0.038780839636986864,0.40139543390465987,0.04160240241421853,0.39947062920435644,0.01728284989909401,0.40190727815913363,0.010129004338875536,0.3985499700906696,0.04399576801760641,0.3984867437300632,0.048106322591465245,0.398679149454224,0.043273962356660034,0.398569135994058,0.11565563569070969,0.3986195668973217,0.1759972252791746,0.4050304075147127,0.021542235263453335,0.40260509358417285
Dudley,E08000027,2031,0.7627981017781984,0.4059863998972601,0.003156863505509852,0.3984690013918145,0.0015156780215617935,0.3984663755351774,0.03022905660783559,0.4019364774339139,0.0025401440139885823,0.398486992691147,0.003405434310567876,0.39846940351459553,0.02982211606576146,0.3999917550264537,0.05891032431288501,0.4028709886446249,0.011544903954510355,0.3990145521965463,0.01700065851226351,0.40021838933067283,0.01384358714639633,0.39885011828594774,0.004478473354174561,0.3985533979543312,0.009775963817012512,0.3988989518889105,0.0021615863457389306,0.3984903666760695,0.020501773682521263,0.3995502395388773,0.0057170044072846204,0.39861598674717,0.008440632949767657,0.3987311957841691,0.012863038262092008,0.39981442165971254,0.4523067702827883,0.40316218808970433,0.35103204222950835,0.3990343658915604,0.14037783464138887,0.40020589258185607,0.04381504867332153,0.3991132820618029,0.01261938477915922,0.39850013998096,0.11674464395962625,0.4021831653264918,0.19644802188260435,0.405228166386475,0.13208812450427887,0.40262051314799413,0.08310083126349266,0.40483494604728765,0.11247006460721076,0.402585407852412,0.09867263422298711,0.3986076313168636,0.07494484338383667,0.4015638927492004,0.08345975568319464,0.3998287377316543,0.10224207075190905,0.39884838057502053,0.0014888084921061903,0.3984680954678633,0.000114124411250284,0.39846575244723426,0.087095234571132,0.4051315434891839,0.004648709926571848,0.3989993688549427,0.009125219136886999,0.3984651146284097,0.11605705734266003,0.40265742940615984,0.15118258393155815,0.403173609569216,0.0535102917815552,0.39952467345196385,0.036610462730386484,0.39882315188351225,0.028962990564920632,0.3988178101859789,0.02351050222377482,0.39912287229996307,0.011157264793384206,0.39847635027598327,0.04310281318950818,0.3985022383106346,0.04754168678561771,0.3987560820964851,0.05875447909245918,0.398550616800396,0.10467634733946518,0.398921778241703,0.18692908830890875,0.40534443310617274,0.03559983677643097,0.3987995360308705
Sandwell,E08000028,2031,0.38269660135084393,0.4061593076266647,0.0027255984381859277,0.39867510460438316,0.0014241124566347074,0.3984773904797284,0.05815644861028746,0.40260057329705334,0.04320584434958796,0.4021818291952315,0.004298385385747033,0.39849911045374453,0.1575501366940344,0.40520205985898816,0.0840944893399822,0.40432910681180534,0.03276801373442373,0.40004583063184,0.05965927250712788,0.4047621550401706,0.03967754271027385,0.39856824852781797,0.014988064957664249,0.3990406521719828,0.012443566315077592,0.398915992059214,0.003728453252488384,0.3985235528615593,0.0268829089292143,0.3990836146308005,0.009459827680342148,0.39876054751939566,0.008789582693227938,0.39892382876388743,0.05572910421852306,0.4046311091102425,0.4776460578860737,0.4052858371492384,0.33570636017345357,0.4000790129831196,0.1310835692901473,0.4027351544503932,0.04341517165807551,0.4008969128706796,0.012591346925070801,0.3988568836304902,0.08414324263825923,0.39971053526116923,0.16250176204475597,0.4050402770724286,0.11045832241630049,0.40093044328879857,0.07196703935553739,0.40492585145671117,0.09368636515348294,0.40364155978354016,0.11099988491406643,0.399576987119597,0.08323006304557201,0.400740782050573,0.12172235130307713,0.39855720839025804,0.1611440657055544,0.3998578476068352,0.0012950454274356267,0.39846523957095037,0.00040233132761026413,0.398464622666817,0.08524598366320912,0.405345626115169,0.0025372487836885504,0.3990707015513143,0.005920749780860213,0.39881271748188596,0.09710815427878527,0.40206985159320147,0.16671297192618506,0.4007262434603913,0.09362549022660716,0.40312092425887963,0.05085313545635484,0.39846796277520957,0.024947535446644187,0.3989680043315187,0.02020845398449711,0.3998772073985117,0.009635863890163687,0.3987269701223528,0.03473586200530837,0.3984720670747763,0.05033638457154449,0.3985508736540584,0.05226194807225126,0.39880663504452096,0.09188666727747652,0.39884082076183225,0.18562942511660196,0.40518026076231295,0.026748396626760984,0.4008550514042883
Solihull,E08000029,2031,0.6999626965804993,0.4060714872504771,0.017232951759749454,0.39851007681462025,0.00034562758159253107,0.3984642194436012,0.03414050604163954,0.4017660910371622,0.006844954455847041,0.398661593026573,0.01177620673198121,0.3991718551388546,0.07037248842653865,0.40409531026899703,0.053649745107856806,0.40419279230164074,0.011662257000112752,0.39872350971345055,0.008268346397779625,0.3987002803887375,0.009463014332671342,0.398464438178608,0.003103407269339442,0.39847544760866876,0.013474269248664128,0.39925937561616964,0.0026957170260479557,0.3984959071062382,0.02244958928067442,0.3998563953651355,0.009053557163003156,0.3989625054985945,0.006415342341883845,0.39876313373890054,0.017726670893686736,0.4004422839405229,0.5097550639902888,0.40396301739262963,0.3258685320811159,0.40102107835560574,0.11727015390846307,0.4004678373157341,0.03687009938713259,0.3985898290730929,0.010435257479498555,0.3985023431620468,0.17992105871971464,0.40515369943733714,0.28783685996414654,0.40579849195597223,0.13480389515208935,0.3987902629507812,0.07967173693430141,0.40520513631443966,0.07122447245150232,0.403130665506786,0.07063186148310518,0.4001034674256836,0.052700776078438594,0.4027968796346574,0.05324100488207151,0.3990955174912146,0.07062914413645194,0.40184375629902774,0.0025049340718309096,0.398467244184324,0.00024618408761598737,0.3984643103958546,0.0936631376309709,0.3990666113897524,0.010684006774732413,0.3986809249250132,0.006063151450437981,0.398523396143835,0.09530601030950314,0.4013153795239881,0.11387790366715933,0.4045515252964524,0.045722509727223117,0.3984669542924299,0.03169782814617084,0.4011641669895504,0.0618960177086314,0.40150450221015377,0.04467219852897086,0.39899776537958603,0.01932423209242201,0.39866389565288374,0.07125144029455002,0.39846434990917834,0.04656694199777578,0.39907616736803153,0.053935365609316166,0.39884247961545616,0.11303761433398174,0.39942943961884003,0.1581763589761671,0.40451055807080716,0.03142269845667478,0.39994130884239343
Walsall,E08000030,2031,0.578781640908641,0.4061127531407757,0.003164293383412148,0.3984852172790114,0.0014349945469981779,0.3984661453485177,0.05459583338388807,0.40446427784454747,0.025524489580856402,0.39898067284459676,0.0026004185732647483,0.39848086367768454,0.09849666396168288,0.4042003501502736,0.08568261640786812,0.4037564284218861,0.009452250544312868,0.3988800173430731,0.03769379505171111,0.40348245934046084,0.02240981791566088,0.3997878856433831,0.00753784781365896,0.3986049179704938,0.010230216823770899,0.3986550611623866,0.0031444788020059122,0.3985177343987994,0.01798837920136731,0.3985191191423873,0.007230961146661885,0.3986977684311824,0.0027313687104614515,0.39851528299438016,0.029988708782778595,0.4023060251389316,0.46641713844042165,0.40473473035832574,0.33632385112387664,0.4007958055584998,0.1381173090164911,0.40110995847896996,0.04467164265564327,0.39986569558999746,0.014783581125271172,0.3985217623048708,0.10208920108265218,0.3999873467946526,0.1715478135453763,0.40475812868406036,0.11363486482979446,0.4007741710413675,0.07327482621001469,0.40464733830429983,0.10644051134441845,0.40350368400801695,0.10818077362463052,0.3995433994973364,0.08149778325996082,0.40007035094726273,0.10359669265946891,0.39877243733603374,0.13960715645069766,0.39950638504495634,0.0015043562844733113,0.39846628010417084,0.00040354209118343906,0.39846449477926527,0.07943249021999232,0.40546855195865483,0.004453564608889182,0.3984674850460928,0.00970724788707747,0.3985024691841733,0.10584634198334708,0.40157050863457483,0.1762561088416812,0.4010685755716796,0.08743898846054998,0.4031329326863044,0.04142864401809854,0.3988214157799195,0.02617652315371166,0.3994503166738409,0.017403585514382147,0.40041137462905346,0.013728122917657251,0.3984736405170455,0.035035379257511046,0.3984687460980958,0.04952317840291942,0.3987354202778501,0.04674864168269837,0.39846634166190564,0.09475408547547709,0.39850404428690633,0.180078708455504,0.4051998851806025,0.030093022730795282,0.3995523698311605
Wolverhampton,E08000031,2031,0.449252612113618,0.40611742563172243,0.0028028513986558257,0.3986165853847744,0.00109239463472623,0.39846513439638126,0.0777626382327421,0.4049746966020857,0.002287263407670881,0.39846857666822355,0.0006345599866613982,0.3987879596038559,0.18982393454821977,0.4053575224906633,0.032759823564348256,0.40078457374069293,0.0180429829635953,0.39933965978580577,0.06808174188653648,0.40505994447027954,0.03702261902612741,0.398480850456984,0.01221906701335429,0.3985657045885815,0.010823410572465136,0.39852991890206296,0.004862699675867166,0.3985616856855623,0.030422057638195665,0.3986463773474245,0.009251959731979509,0.39858447060876534,0.005825147465613356,0.3987275531123946,0.04633897768811979,0.40329285584723407,0.4786186630719218,0.40535170509069507,0.33452929868524217,0.4016083821198993,0.13209271809491163,0.40267205834770936,0.043078958554985114,0.40015251059192913,0.012136149846813993,0.39873942302808135,0.09117065376496014,0.3994895962660572,0.18266194689504456,0.40479452629364443,0.10888141681742924,0.39969030911271963,0.0712447511073595,0.4045488985038789,0.08714905711503595,0.4035833484331522,0.11751114633233417,0.4007414746239164,0.07052504900738965,0.40208631380641197,0.11729179385185584,0.3992590313963099,0.15337091945052045,0.3989724918606179,0.0021698257212833874,0.39846565688712876,0.0003097758563221399,0.39846427698809833,0.09498823528937406,0.40437367241362293,0.0026864321977840833,0.3986023988426248,0.010194927698040597,0.39846663839638274,0.0927019090926875,0.40182395025269557,0.16188652343684495,0.40014455553196737,0.08492007005301216,0.4026180457439275,0.03553876501302944,0.4009755649545146,0.025906451282498466,0.398733416417432,0.022336817489305272,0.3998995276006165,0.013061061955040004,0.3984921704261333,0.03401387976387178,0.39848475555950585,0.04837701801773514,0.39848075639792646,0.051383140610089195,0.39859162136759635,0.08816958738293657,0.3995387505420381,0.20860033641276843,0.40546229261898864,0.023213208465185042,0.40155119835671366
Bradford,E08000032,2031,0.4958525300684009,0.40604283122652346,0.002992403361319146,0.398513390677574,0.00225829010864001,0.3984929855853662,0.04698450399631371,0.4011889673060298,0.026418154383843095,0.39919788100584264,0.000973203608974238,0.39859108563150386,0.026855601831021356,0.39847591590059256,0.3066244300543399,0.40589498579595756,0.013692634510427792,0.3985038578596275,0.01619742334132701,0.39904458151862693,0.002771152775830399,0.3986933691039587,0.0034130559471646504,0.3985252781826161,0.012744911696687206,0.398513790709403,0.0026883231064697977,0.3984787038357747,0.007298289841559141,0.39850144305654717,0.007278440116934848,0.3986739915488102,0.002956746551189715,0.39870095936308375,0.02150899452877142,0.4005039292490883,0.47452789665727124,0.4029497149368069,0.3346827774878278,0.40210131545487343,0.13072989215988828,0.3989867215599224,0.045659103678154005,0.39846460764279085,0.014444476741243717,0.39848321437659784,0.10656077680651488,0.40023653251405655,0.19591975967484032,0.40497327888038065,0.12092020438478679,0.4002312785852276,0.07560195071104214,0.4045841635470806,0.09152528332600873,0.40287503738999114,0.1113456803316456,0.3995647756035243,0.09267559584059465,0.3986180464298997,0.0916063338815083,0.3989442928425617,0.1138312072697294,0.4004031780167943,0.002994808543107321,0.39846457304684857,0.000568622704935624,0.3984642194217234,0.07197274462269032,0.4044991786258225,0.0040274745284250915,0.3984683034626961,0.009995218523796784,0.3985088786344581,0.07101843839601407,0.39874660662823974,0.17648855675431552,0.3984642953842195,0.0647213528276096,0.3997353912143619,0.041771574499140485,0.40066766723477515,0.03587679608976324,0.39971899573532554,0.0323374155809768,0.4015565513757498,0.01438664972243378,0.3984779159943384,0.04956710537891432,0.39852090825965225,0.05139777990066593,0.3984815661081803,0.062286413684431,0.4000800648646341,0.10119519343402206,0.39961770779626876,0.17880062846321287,0.40497931998145387,0.03064614179951386,0.3995085902519387
Calderdale,E08000033,2031,0.7880212032922156,0.4056899214748708,0.006366352228275057,0.3985475039960361,0.0009163474977512617,0.39846809324517163,0.029253360617269464,0.39942257443510576,0.0037617728236981063,0.3984768312626625,0.0017717914736972568,0.3984674736659163,0.012375809573340946,0.39907605296637183,0.10228882550804297,0.40390821748334454,0.006950140846620656,0.39858832432076213,0.005799306786151759,0.39862902013895174,0.002291321224288559,0.398471562395189,0.0013553686795003822,0.3984747683406269,0.009590639209143048,0.39882182828448254,0.0023721735465983412,0.3984831946550938,0.00763324586666983,0.3985352070566989,0.005498683365862345,0.3985750798973791,0.0025912439469182036,0.39852297808918324,0.010483870236260184,0.39941999224081937,0.4687286214430514,0.39884991887958837,0.34047341748217214,0.3985887449532279,0.13242874871080734,0.3988556777184802,0.043855842035972196,0.39846425249863965,0.014513311214147062,0.3985881518738212,0.13969020449557235,0.40377897853526956,0.22018563058814955,0.40503520003504084,0.14646189598017356,0.4020376016844826,0.07879376334124943,0.4042602292447436,0.10204906601645147,0.40171107287795,0.09135270324858791,0.39901859933931966,0.07368652464832635,0.3984655404900137,0.06517282971013882,0.40245077684455616,0.08289827697220487,0.40126802542753365,0.004296400741170603,0.39847394085366933,0.0020149712301996414,0.39847720465741054,0.0624340625524642,0.4055716998892899,0.0045478297878977225,0.3985084800145357,0.009411271187242352,0.3984697600116351,0.10007275527441539,0.4021155074636951,0.16233975316403204,0.40108907899507606,0.039550502309559504,0.3984664432715953,0.0364378317908608,0.3992215096146873,0.0372554381798218,0.39977471679471444,0.046054646324870774,0.4038380186577284,0.016093052532410668,0.39858894674764767,0.0537914323286226,0.39873821818819627,0.04466163375926452,0.39873169656395696,0.056331391211781934,0.39860453694024117,0.1109557630696226,0.39854437772059564,0.1670366781155117,0.4041381906623388,0.04607841917339145,0.39874015283548303
Kirklees,E08000034,2031,0.6441695234068661,0.4059862333494021,0.004566515607046906,0.3985034677318509,0.00040120779941493767,0.39846422922016667,0.0321375854860908,0.4005877205424116,0.003165844235626214,0.3984932263042365,0.003605585805164792,0.3984646200605691,0.055661704085263386,0.3990111937858837,0.15384880028749315,0.40517764746051244,0.011656993719728448,0.39874762021722704,0.013594957010938935,0.39928108806873336,0.009039575468562683,0.39851547191618286,0.004467731399349056,0.39853840802462426,0.011874396694053435,0.398864072225627,0.003236348231228703,0.39850575601549554,0.017396291263645502,0.3988251299473143,0.006824225427536024,0.3986657507130642,0.005923940503997416,0.3985936453411691,0.01748838464572744,0.40053558719803356,0.47565878584679444,0.4018932934810566,0.340347152401529,0.3995414429697812,0.13057908228384685,0.39907277012059567,0.04119696778666071,0.39866845477930735,0.012311827437194577,0.3984648284161465,0.1331694955848053,0.4029684625547895,0.2113141095633937,0.4052043858365682,0.14239125504041272,0.4028671650097118,0.07306508904259745,0.4039567580646014,0.09772340149812031,0.40280506402885785,0.09491386439953178,0.3985358644558279,0.07957595822143781,0.3991523766706494,0.08036566044363691,0.4013321320644611,0.08776625266177884,0.40275935893114506,0.003784349625502788,0.39846525431695456,0.001192283244519577,0.39846490443920396,0.08888033101794068,0.40537068499076395,0.004445690249069663,0.39846983304997224,0.0077103190834177104,0.3984687964250558,0.08922725455396296,0.4001542600848138,0.1639669505285346,0.39980939354862693,0.050289304485719555,0.3984879086638656,0.036801256864283705,0.3999367206344867,0.03462313512239534,0.3997666434856336,0.03072661692429013,0.39905789890477333,0.011962201183745969,0.3984718512019045,0.057442618848914884,0.3989997243593628,0.04741435715016329,0.3989710096975677,0.059560154883135485,0.3993160368212469,0.10812255341752347,0.3985499708635843,0.16784954655363027,0.40476299885076833,0.035761364508953175,0.39869396622649567
Leeds,E08000035,2031,0.6561467094428188,0.4060673259189747,0.007644693864169244,0.39850539179704236,0.0012437666792132415,0.39846575275403706,0.06477233971723262,0.4040395371350793,0.008538484937594126,0.39856160088890336,0.012040391290627062,0.3987002189173373,0.03036030965709946,0.3994519432474598,0.04724258312196117,0.4012766110345917,0.017217315486345697,0.3987904182436595,0.0593234744400144,0.40438263066220537,0.01045767672467901,0.39849608148986804,0.007289428326000075,0.39850049608280386,0.011652499611151224,0.39881960925396004,0.007204696384645437,0.3986724433365743,0.012955888380790828,0.3984854811799851,0.009314229974470734,0.39877307124856026,0.009621103126545794,0.3987501182049942,0.02568587302654257,0.4017882105301349,0.5093592366042854,0.40326418848012174,0.3279136603737469,0.3996986473794515,0.1165343671927852,0.39979381270010533,0.03604750339240004,0.3989253074066669,0.010307938546162299,0.3985130823600364,0.12718720855157972,0.40371140852123155,0.26958349762325184,0.4057513065379239,0.14664469750539832,0.40085656859761554,0.07103177093360458,0.4049611336038065,0.07189287232375063,0.40338854926978446,0.09432072211027437,0.3986102481480023,0.06597990919681385,0.403235250517264,0.05521334561091096,0.3997611418122729,0.09850762480161213,0.4012481000784998,0.00276193771755881,0.3984707212134485,0.0007081096563733757,0.39846422219867467,0.04463489939088339,0.4043227323086859,0.005862173384733743,0.39853257718387464,0.008173868538890988,0.3985066976883292,0.07816393611401962,0.3990882317237215,0.1375342549006846,0.4021845267943182,0.04978907224591056,0.39901662789746994,0.039484139386305905,0.40210075233301734,0.05522045119897934,0.40166014040024495,0.032922569395788415,0.4028077140868,0.014417731396205752,0.39849398114797085,0.0731868024309309,0.39875220230224173,0.060421764862592986,0.39924952639427225,0.0613767540441279,0.4001115297103898,0.10611480246133558,0.3984969315738693,0.18630726071491477,0.40505956989408315,0.04287589235392969,0.39874360871591435
Wakefield,E08000036,2031,0.8360425535997944,0.4058200535201054,0.0026654483681581853,0.3984644263199433,0.0006617029563086886,0.3984652116292712,0.06684120831927576,0.4046876923170284,0.0003174687481649549,0.39846489776853206,0.003666440845737154,0.39847972084379707,0.008191234851769036,0.39863049277274504,0.025069168675037834,0.39968385376955373,0.007918500906455295,0.3987183381647716,0.014203823364640766,0.39931915949676167,0.0010420870097550342,0.39846424319372165,0.002469319413965776,0.3985077674348834,0.006865198720759913,0.39869758413044054,0.0036958008322188207,0.39855624758199937,0.004224040176169105,0.39847534279933144,0.004037345923803837,0.3985357822904212,0.0019798749841337115,0.3984734193175134,0.00939590377176236,0.3992224441669853,0.46647882329707313,0.4043443370339624,0.3452792397768697,0.39878573000906054,0.13404707451950015,0.4020710122787464,0.04163134510381927,0.401472275981671,0.012742856703657546,0.3987085046602916,0.11772967150473423,0.4029592819514166,0.17741719144205348,0.40520658433742096,0.13656571112229665,0.4034499945662149,0.0752785843647894,0.40401295688130545,0.0925676868299905,0.40328167039413126,0.09356371816616466,0.3986922798162842,0.07018787999870457,0.4014068797819013,0.09526900884614142,0.40015514385575146,0.14180277924841267,0.40049169988625577,0.004100791402130544,0.3984683988766009,0.0,0.3989576948478577,0.0801763643613187,0.4039092996942518,0.0071337547102584,0.3985512884309455,0.010128513592289862,0.39849843809319596,0.10100389762500672,0.40073383604754675,0.21005700367806301,0.39943243887659363,0.06067694621758619,0.39846761462216385,0.03071919039735227,0.40119364336695656,0.03219140631433004,0.3999863964109417,0.023965231807557164,0.3997203147980674,0.014355616820077237,0.39847130511495593,0.04355961568320743,0.3987342100304677,0.04851953392607892,0.3984671880207123,0.05998694913508214,0.3984711372289873,0.08439446664348522,0.39849635492626867,0.15716661430199919,0.403583887666577,0.033359162446313206,0.3988646884580168
Gateshead,E08000037,2031,0.8654571317138737,0.4056393505193204,0.004263834604324085,0.39848827958878297,0.0007337484566621588,0.3984654831662097,0.03770365117476482,0.40166803843747895,0.002635273561408108,0.39849286781890253,0.00640428947328546,0.39848253365006375,0.005877863367984931,0.3984881241800083,0.006495286340311546,0.39862569265231734,0.009955238333894556,0.3988591920307369,0.014247523811195206,0.3996207377837335,0.0006588760200837498,0.3984648378221503,0.0021161534950173144,0.3985037409853816,0.006227869080121073,0.39864495891848273,0.0042370212330118395,0.3985844573269023,0.0018604256654045775,0.39846476898011873,0.004169170890297613,0.3985419156418786,0.007909817391280272,0.39901648862729344,0.018261334309790156,0.4006004928941005,0.44861074254937816,0.402300096650044,0.3321012312010141,0.39903336051822286,0.15151721140719304,0.3986959101389665,0.052793893291174676,0.3992630795589341,0.015101330165959215,0.3986596933054649,0.1088254223793057,0.4027009345342787,0.2273362021842873,0.405637549030203,0.1377107945879663,0.40258725549796026,0.07488535975497079,0.4051779361410463,0.0821957623699281,0.4036770099226565,0.10646023888858624,0.40013164380614513,0.08816497808443735,0.4023809019371706,0.07634306046733697,0.39897830455424843,0.09824261196430628,0.4018521225241946,0.0018290427095153869,0.3984645976015264,0.004459008214333204,0.39856727189748636,0.060900135219235985,0.4046228213825368,0.007168002389701639,0.3984860714451649,0.007040329688609126,0.39847831037363673,0.08107386502114,0.398563347876049,0.13480997919280924,0.4037933247735945,0.05009329228657644,0.39849352940845556,0.048871667864947566,0.3988672429297561,0.04326897001269914,0.3999772801836609,0.026402834816475318,0.3986460151571606,0.014721966559372822,0.3984680099854239,0.05061848412853809,0.3986444034573411,0.05642138973392141,0.39947652614637336,0.08027433935010946,0.3984651321973174,0.10587275637497195,0.4007976012212678,0.18864391914838308,0.4048634598539119,0.03740803480098376,0.39897027869844426
City of London,E09000001,2031,0.2749039474522661,0.4061660569542651,0.018774647580177217,0.3988898689992635,0.0,0.398473295574076,0.3079122768151521,0.40598351982711467,0.035355975629976,0.39867360318645173,0.09114849611485454,0.40519755304828664,0.0453251320064314,0.4009998405917878,0.005472412334166454,0.3986155759345853,0.031427200384882725,0.39855479475828604,0.02224199863131049,0.3994632799016426,0.006342745210150057,0.3984643758487486,0.0,0.3991668446948738,0.026511939345838842,0.3999857633802746,0.006380114839227818,0.39849038553454424,0.007167229265383435,0.3985211686096372,0.02989292790050091,0.4009756444474017,0.017101167499462555,0.39923470359923785,0.07405672125976093,0.40539850992395965,0.5925149696764986,0.40399508694972835,0.31334994250145387,0.39938447888852413,0.07304342453958368,0.40057982311810386,0.01768155696497342,0.3992962688369178,0.0034161563977763154,0.39870374097197026,0.2348433927587763,0.4052411820516633,0.4796668493490044,0.4057098485417857,0.15325506397393784,0.4056742723714068,0.029513537014449476,0.4044945992623412,0.012417598582487921,0.40001547328259834,0.02985939132474036,0.39858097861750386,0.022683722738954935,0.39846531142030267,0.007796102938466831,0.39860281247641,0.03023311269944373,0.3989763053657452,0.0,0.39847395527488205,0.0,0.3986217103685419,0.025313254726775813,0.39983855316647166,0.0,0.39848950690038004,0.0,0.3985075238320358,0.027524929861751923,0.3999062293858989,0.06724792157873072,0.401674985938914,0.009078944201766026,0.3991648490556513,0.02164060412886748,0.4024724123258767,0.14010215161959394,0.4053405840057681,0.1726380917792163,0.405076264731073,0.0191167544123374,0.39886041681453666,0.20639926891448734,0.40533580492457916,0.035443575663455185,0.39850169590010304,0.04092820329073777,0.39846605947282515,0.07142050737940592,0.3985693804901682,0.07460947921849082,0.40228185822216095,0.09083145473497622,0.40184213287371773
Barking and Dagenham,E09000002,2031,0.12270452861624648,0.4061785658939241,0.0016259448090837347,0.3992228632131517,0.0007063060331601277,0.39846526871132953,0.1900198480627342,0.4059436447971436,0.16310628552954753,0.4059833071620016,0.00560362260044181,0.3984946183043185,0.06490774744988981,0.4027188212105956,0.10113277590181546,0.4052785909494787,0.02273285710595313,0.3987888217667075,0.16630413384604825,0.4001057434012727,0.02514516582488785,0.3985870546921303,0.03619437269253867,0.40159588850458866,0.007450724028961964,0.3984721269187607,0.010281771900775255,0.398483332282576,0.012841184175700876,0.39849652223299625,0.012209798241440667,0.39854083272914376,0.008328563881477236,0.3985973978141299,0.04781717560725429,0.4042136867848453,0.5502781230882876,0.40567517666677666,0.3205365407433134,0.401172532615387,0.09288648599479243,0.4041316403169292,0.028115514063276947,0.4015493104611837,0.00868117278352698,0.39887682512576284,0.09669489080107452,0.40331588349408964,0.18763260492990952,0.4051590733362096,0.10442685124456652,0.4002830638144857,0.05502350451490656,0.40565084486373876,0.11034048102928518,0.39991510958957804,0.11900657394012104,0.39909035560729916,0.06682681363463461,0.4033288621981067,0.09464072508692084,0.39846515912660074,0.16511012291605764,0.4003730352924912,0.0002028991472007094,0.39846628024634295,0.0,0.398468207145759,0.016160944029133262,0.40335836292914956,0.002471387748633605,0.3984645148564263,0.003089472452447728,0.3989406720144452,0.16833797196464495,0.405434272553735,0.1300291635733517,0.4022873920938897,0.07444829181422219,0.39951264687289606,0.05771609241779762,0.3984761683156798,0.03990358960343665,0.3993125831130065,0.016142007289118077,0.40371941848672493,0.01356361257846217,0.3985314785838731,0.04231215293424209,0.3985287691866948,0.08881039403049606,0.40048858417166533,0.04636234565575992,0.39902796381649214,0.09040326860164552,0.3985011345976677,0.18684152425405198,0.40480345528684925,0.023835241307970545,0.4024494503710878
Barnet,E09000003,2031,0.26832095356826,0.4061087651898479,0.015018261119987941,0.3995423681906367,0.0004947771847756532,0.39846429012768125,0.22945965742903418,0.405513828326443,0.008510242029141413,0.3985379763686175,0.025256945030680877,0.39852504688868384,0.07776978826608036,0.3984688415026875,0.019294683750975927,0.3987175876815907,0.06911721519622305,0.3990842933385828,0.06193801691832779,0.39919525923907134,0.012890480449735637,0.3984659836071777,0.005606561928150788,0.398730747269956,0.01450938382100636,0.39852007902781156,0.010490505010160384,0.3985076702194008,0.009305792797221588,0.3984695713224619,0.02468414864200641,0.3997659658690708,0.023192952307223735,0.3993893960869933,0.12354678127917929,0.40580107319001296,0.5821967670839401,0.4055060045334144,0.29102042513655535,0.40432094312059114,0.09223667796218216,0.4013545470675699,0.026108473525555786,0.39930268215684234,0.008817715267154247,0.3985560207964018,0.20305974599156773,0.4055185624249584,0.2956560236476742,0.4049263488679461,0.1261246167518424,0.4024382711756304,0.06195398214345449,0.40513651602347506,0.07343551214027777,0.3994284124822768,0.07149544289673293,0.399933448854117,0.04650132362499804,0.4021680253056836,0.04926593754847941,0.39936965535311303,0.07297962370036037,0.39894271359420186,0.0008079335885895489,0.3984663232131133,0.0006937086891993273,0.3984645885458483,0.029411931537693142,0.39847023123674363,0.003985220508559373,0.3985124078764317,0.0016328658648955552,0.3984907689022043,0.10817410898100421,0.4042304984413055,0.1035890899538856,0.4045519894982495,0.035160862213888644,0.39862621634682144,0.04798850137946731,0.3995019194915056,0.07437648997501145,0.4003723576187604,0.049893291608857915,0.39972460035138585,0.03571016083017842,0.39923304931951126,0.10516544647259196,0.3994204761215113,0.05869574643017017,0.39922214287307073,0.033907039791048255,0.3987868299406011,0.11132562788167225,0.3985486783914189,0.15256061289417078,0.4041533485741058,0.04704920712149674,0.40245447016268415
Bexley,E09000004,2031,0.5163165685959861,0.40615260836024,0.009349745995163694,0.3985117763540794,0.002346176391804393,0.3984658852065255,0.0906687547846996,0.4052877525178103,0.011071936830988616,0.3992306421561064,0.021405879805596495,0.3997942846974637,0.05806568445531157,0.40314052119497,0.008007722341218715,0.39878541163547054,0.03332545167149403,0.4008438349511015,0.11981905833364248,0.4050329851894835,0.015868851044588128,0.3988860936249685,0.023322976121535,0.40137160691290635,0.011700245811844256,0.39891415390336143,0.00969265379351536,0.3988648332734933,0.012894079438740547,0.39889529853882955,0.013047148390861851,0.39913060998021854,0.0029467665604741566,0.39850207363703805,0.03836902774380091,0.4036905056316881,0.5357534704056963,0.40521141063774757,0.32184461064300596,0.4027187821616729,0.10444460602517536,0.40195425211524727,0.02862139035661071,0.3994384868530173,0.009687194484180414,0.39848439465471946,0.15237994784385833,0.40531027459998087,0.24955952595638742,0.4058932769775665,0.14667075706162902,0.4018266970234636,0.08779320478408437,0.40578569046501284,0.08623281378244174,0.4041009095514926,0.0858488025024482,0.3986350377613661,0.055676839642071485,0.4031306922447792,0.056105324037471815,0.40052615245490286,0.08016024849137127,0.4000970301237585,0.0008564772967046951,0.39846442616746613,0.0010254606882685174,0.3984657239845957,0.02732664202969204,0.40158708902291135,0.0040156928093996735,0.39851652413214933,0.00446756971605522,0.3985710415985513,0.1281491666826835,0.4018977876469654,0.11632857219438986,0.4033049916773198,0.04940733454947588,0.40037191561154795,0.04435850940743047,0.39896830802511557,0.05953756201421734,0.4016223238468571,0.05787242826057426,0.4014569978056923,0.02448848496656375,0.3989783242248847,0.07400015570161603,0.3985837922523082,0.05757063697554998,0.39928905230993944,0.0617437083836887,0.40082309563803237,0.09240875841778062,0.3986613197494513,0.1578796363735906,0.4049780979285173,0.038833095238364534,0.39964036636130357
Brent,E09000005,2031,0.12434859350430827,0.4051888468633634,0.015436024386895397,0.40259355355720716,0.00037598170657646146,0.3984702236491751,0.19005659190287094,0.4048741775907161,0.007222748714023369,0.3985003533877139,0.009539353351502466,0.39847573581642576,0.20276403245443464,0.40106684415833205,0.043389803753292155,0.39857503959110885,0.05289587329698042,0.4043416620964244,0.10427968525177755,0.4028765200750054,0.0490945410876833,0.40306048633944647,0.00859157204628147,0.4027662867094706,0.009556937364598117,0.39852875137037824,0.009669293516466164,0.398469437635515,0.008503164258242824,0.3988412372639499,0.023101072523629695,0.39909821474754903,0.0685557156812564,0.40366739404372765,0.07269437976569826,0.4050618162113835,0.5593695507632583,0.4056811850438585,0.3076792689470116,0.40441138475024596,0.09916909963296883,0.40160086805765655,0.02618161911761474,0.4004287625397731,0.008052219316444731,0.3989001738058395,0.13628289511049552,0.40445270883878076,0.2080482419984344,0.4029231822416929,0.1158445215168018,0.3997212609919268,0.05605193645196138,0.40512534726709,0.09113330332252212,0.4006930074004344,0.09105619834944667,0.3995824924041104,0.07151162681552803,0.402556407492311,0.0915329456701981,0.4023276618421903,0.13843818079810793,0.39861446713972315,0.0008019957885457285,0.39846599268009414,0.0004932195265904722,0.3984651699975805,0.046255431827466574,0.3984703102216216,0.00445372321412385,0.3985530545029472,0.002336540165576814,0.39847171210905863,0.12901179696312903,0.40445067293812975,0.1522562485918617,0.40141961871097287,0.05999976326085743,0.3986245958555083,0.05249740807621128,0.4029659312828678,0.059020078759703,0.39866236744180555,0.031650017145107734,0.4000876747881358,0.020679590614251342,0.39855963965630065,0.0655770784568559,0.40141789911297443,0.07304290632782173,0.39905205988304504,0.034032794831425794,0.3984962534015,0.07546199703994472,0.39891827406463415,0.14967704692704675,0.40485498166107764,0.043222756550356456,0.40117793240725086
Bromley,E09000006,2031,0.5563233079835292,0.40613352040923945,0.015583394388736654,0.3984831285571557,0.0016319645851215064,0.3984650505525388,0.11227087599835439,0.405317794011149,0.006471582743386384,0.3985436771847088,0.021658261126161982,0.4002608063034115,0.05441130250062898,0.4039332419767165,0.00747595905257159,0.3987061426919305,0.023000191306552953,0.39918545343290623,0.04804470080577827,0.40105924142166754,0.028057816724891604,0.399053727982088,0.015544246401474893,0.3993270718465538,0.01890257756449787,0.3995029661526003,0.010335878837434032,0.398947211050162,0.020565354783069978,0.39927566017526206,0.022024781728082532,0.4004280074729325,0.004455621600766485,0.3985022088050113,0.031487029025986324,0.4027359847711376,0.5668451247428621,0.40547402213301265,0.3073390097109838,0.4038897405925155,0.09120573627577944,0.4028081056903687,0.02681428145475273,0.3988293419039658,0.008142494033257883,0.39847737084940077,0.21267484281274207,0.4057249172087906,0.32031114438866126,0.4059160201275823,0.155440546201303,0.39899604303729036,0.06641733538153538,0.40576816419153167,0.06575450609699995,0.40295866311104794,0.06220204857131173,0.40056478359002784,0.03769783526645476,0.4034040218582582,0.03091242609744871,0.39981947100042425,0.04944767844439624,0.4005863158156302,0.001016024125779569,0.3984642425120979,0.0006721133134746718,0.3984670905407235,0.018647338964970395,0.40084967104183133,0.0041635581114812525,0.3984763242105871,0.0033939515594366265,0.3984645243439392,0.09406709098108923,0.3998814419437322,0.0815789541741978,0.4046448967545887,0.030870088108380656,0.3995248136329503,0.03936005849092594,0.39862394715048455,0.08652971574588264,0.403301465547046,0.08953322920764073,0.40022036968598096,0.025016054778472407,0.3987793973836747,0.10030555545142784,0.398464228883647,0.05251048022383831,0.3985444247158945,0.054471180635989436,0.40051789587215303,0.10708355979252665,0.398596034936563,0.15679791297420653,0.4047532778718118,0.05411362703889966,0.39874709753296833
Camden,E09000007,2031,0.26773893928987036,0.40609257992959624,0.018828911572444706,0.40036517747371075,0.00046454301981052604,0.3984654343811865,0.24046360953237134,0.4050014651094239,0.07968712835015346,0.4023851837177794,0.03449624008472646,0.39880692134269435,0.038422430345504965,0.39984646911137883,0.008540120320789824,0.39850885424454546,0.039627061011642664,0.3984704714936242,0.08583721152657109,0.40416493482222826,0.009941390134088235,0.39893280191389363,0.0021127798043605317,0.40076206704852435,0.0227030778144508,0.39881558872733575,0.011381993860942019,0.39860755966622197,0.01300306957317049,0.3985040923966889,0.029370937421805188,0.39978915603508197,0.026327325477277563,0.39983290204831723,0.07012863088113974,0.4048638228187057,0.5762952784404369,0.404568115087701,0.28151708655076435,0.4025811602292404,0.09679101504513798,0.39917776795684273,0.03472288643514421,0.3990896170912168,0.010927990062840787,0.3986320719372118,0.21483600245370837,0.4056171275707742,0.369267962738296,0.4050149428617934,0.15701211405683768,0.40534925713272946,0.0393297889369455,0.4047420165024339,0.031099714619652552,0.40004040986300177,0.0662351604940028,0.3996953171352917,0.04626561569814369,0.3992980581368699,0.03571190421779047,0.4004984453019806,0.040436944050146195,0.40234403204258123,0.0008511472009496632,0.3984653431839493,0.0010368035837287626,0.3984712704719201,0.030642084435393624,0.4002502269103318,0.004313978706590282,0.3985333662682748,0.0012672643312953355,0.39846489887016096,0.04040722077492287,0.4000080179981835,0.10177659065533995,0.3988292231736459,0.030675750169177507,0.398751159635922,0.040613607770692006,0.40190313068414024,0.1070557215697151,0.39946285945751064,0.08172696383591505,0.40141332054241097,0.023005940820228082,0.3985531576426801,0.13992666424095024,0.4045473483038017,0.0373292464430125,0.39861431875767267,0.04236778571329969,0.3992912936159076,0.1020948516550004,0.398504247566715,0.14302503194866745,0.40452097607751314,0.07174236364683151,0.40075856398326126
Croydon,E09000008,2031,0.27614142795881946,0.40611792769925714,0.010545038615031088,0.3987096977362288,0.0004440764185202756,0.398464783054637,0.12926944255100903,0.4054847071972265,0.01103784967619692,0.39868067518133904,0.009436994359203726,0.3984904339482983,0.08328769602302644,0.4008648523854332,0.0484566253989851,0.4015391194012062,0.0340217452427749,0.4006442762895298,0.12592689228984533,0.40480436606910075,0.09848481066437031,0.400168242389136,0.026476360561735524,0.39950710626143315,0.015220881615554932,0.3984805359089089,0.013704396339767722,0.398762836880131,0.026575491398092503,0.3984642239306594,0.030747216707257774,0.40070719804230737,0.006851093695497218,0.39853021812031486,0.052410836544196204,0.40437974156141493,0.543391034397696,0.4054084341465218,0.3152760622175794,0.40432237299623647,0.10232630519075747,0.4012759543562963,0.030200717982337588,0.3987830694564675,0.009099664153031983,0.3985086797305319,0.1513594033637924,0.40490973499665406,0.2616359030795099,0.40547049420476994,0.1451456209524784,0.39929130553048126,0.05722380923225323,0.4058031355233107,0.07329081373527302,0.4022572768441184,0.09813969872139611,0.39864576820656605,0.05817055237751312,0.40330642528539995,0.061265545976318614,0.39946810674946415,0.09360236172837666,0.3989661149705619,0.0006764806305831414,0.39846501302195764,0.000787558459301646,0.3984644852886982,0.021028604623938296,0.39982489479484423,0.004137587586626523,0.39849944510611407,0.0027242737355103464,0.3984890587871352,0.09543013802958855,0.4015668032843465,0.11679699178306402,0.40328588858027997,0.04977144223670016,0.39905350887191904,0.04378625345204756,0.39868973936516267,0.06457422897316367,0.3998993502428186,0.043764075870027064,0.4031741128130431,0.021704356213340437,0.3986115472792465,0.07652484846641468,0.3984742954590598,0.06868658593497234,0.40012905915947033,0.059039255899209664,0.40176097707271685,0.10021304333216,0.3985740695342671,0.18418447699885032,0.4051946350029387,0.04640551637899576,0.3987814068519242
Ealing,E09000009,2031,0.1819641324122525,0.40598608788850915,0.01572678057312471,0.4007894707148164,0.0004706417021777265,0.39846665959389876,0.17525920051742405,0.4021134680987546,0.014676022051378856,0.39955195741596394,0.012445029515843625,0.3984650080342287,0.15588467286311225,0.4004033166392743,0.047532484357396765,0.39869156916171644,0.07855261890156995,0.40070976078170006,0.0716919918390051,0.4019460447523324,0.03139089980432763,0.3992062593234737,0.0032293237243061768,0.40090118749009834,0.015885124166163528,0.39852824677844384,0.007426497064524473,0.3984980059643907,0.013380549989781193,0.39850687552801173,0.022976230998366765,0.39961812652178624,0.05856147860307592,0.403397115971286,0.09234928584853197,0.4053713122251874,0.5572723369699109,0.40546964454781226,0.31122108217790956,0.4038621395475247,0.09839834431715389,0.40079792558817007,0.02557902618968133,0.4001676273026626,0.007957213694584353,0.3987061061056553,0.16712700992715224,0.4052911931159422,0.2433366070153138,0.40382481094305256,0.1317483185219548,0.3997420330634531,0.05539169474526151,0.4050677519907956,0.07885845517474932,0.4018767844079575,0.0729831576955659,0.3985002814866883,0.0670718003254509,0.40009475776925035,0.07284576819245014,0.39996655962013994,0.1108914574333627,0.3990789209716018,0.0005110267387876295,0.398464324013457,0.001031324245331297,0.3984700588883852,0.04509742845855777,0.3985171457744434,0.004158652810003688,0.39851993786807227,0.0015195885759612393,0.3985534903195491,0.09978571735526987,0.40194814681160307,0.14610172555426026,0.39854437364745693,0.06347103585111047,0.3995956859802984,0.04887595193048466,0.4015337801626351,0.07735544513454684,0.3990130917940467,0.037082219742464506,0.3986546808854948,0.022162307962686423,0.3987338524489664,0.076335071209507,0.4001204018133987,0.06614572974136987,0.39850360435137244,0.035768881666642244,0.3985248054422201,0.09209740989795956,0.3985072760102198,0.13245194714210973,0.4039941181983937,0.05031577144577304,0.39905196626283646
Enfield,E09000010,2031,0.22049892179787633,0.406106336077726,0.014203659282218561,0.39925839290020637,0.001164931103045305,0.3984642766411641,0.19579465788627015,0.4004462129992155,0.031155988097881337,0.4003777080040388,0.008030941765087559,0.39846511252868855,0.03470170199642608,0.398556926445966,0.013888579263016454,0.3988833922633415,0.030628886437992553,0.39952408576107473,0.13047959197987247,0.4044310103572655,0.04760493604895333,0.39925736184478916,0.016881336807075153,0.39950023464043055,0.009785384678486164,0.3986454690530728,0.010476169328176743,0.3985771542705356,0.015772850700408646,0.3984650648800962,0.02740213083921106,0.39946734752734586,0.009145478438224719,0.39858692174080934,0.18210791389592096,0.4060289793423675,0.544375935933175,0.4056492215894136,0.31023878407760375,0.40440912871654455,0.10239047998214845,0.4026780687771804,0.03265906557257481,0.39936250857816474,0.01074571363522614,0.39856140512012206,0.1463621406499458,0.40430982802909865,0.21988868722197363,0.40347660683727127,0.12152347594090068,0.39863106999090087,0.06172455056170545,0.4055284771264848,0.0960005970910145,0.399328938128491,0.09923848332155338,0.39869534034186355,0.06476796534241114,0.4016996950296033,0.07082001284406503,0.3997878094845814,0.11939741114775781,0.40098495112754423,0.0004668049455631845,0.39846724928999055,0.00040451639882982914,0.39846428367924147,0.025502568023376027,0.4003883161504463,0.0033200479626855975,0.39846862807875844,0.003732831210395554,0.39847535547850443,0.1178375753809231,0.4044984350009508,0.14217455054154415,0.4015554693555899,0.05219100038860833,0.39849555793072894,0.05631567421072947,0.39869162983305007,0.05166016333426193,0.3988316597358027,0.025021212408868454,0.4031102767679221,0.02266829236686646,0.39848894368852184,0.07753017814678193,0.3986210535465825,0.06777942239518353,0.40014431577365484,0.041837073042771955,0.40039805593706695,0.10426531726527233,0.3991420395623459,0.1636533860021525,0.404464577419936,0.04406589493061297,0.4006336017808011
Greenwich,E09000011,2031,0.30501240553212483,0.4061336900542358,0.012471612250795405,0.39872743984662024,0.0009846590069498284,0.39847122450558614,0.17088895559025907,0.40578493962529816,0.010057612552507977,0.3986429816276001,0.029292781078208097,0.3995544124746252,0.03917989897029972,0.3993555881173843,0.01423173594703453,0.39868884813760536,0.052536785598596036,0.3985460344627792,0.16736270127785158,0.4033492900208581,0.028773220457211313,0.3985777606317413,0.03172416732829175,0.39974873333467226,0.014802173580066857,0.39887492124827,0.012220192232314103,0.39850101269149635,0.019763524207850658,0.3986851022296636,0.024370618948883926,0.40005707005135,0.005891709017713936,0.39850447793626226,0.059244371344716384,0.40473232438179624,0.5529357754555493,0.4050514529093315,0.3101263131474581,0.4017054592584145,0.098872086760454,0.4011157942635574,0.029325906066593133,0.40001773721096245,0.009150227779977593,0.3986393694699018,0.1674118348353879,0.4055807138600535,0.2979240085672341,0.4058337660769908,0.1538645391691742,0.40016081039674267,0.045819302363928394,0.40557078373919375,0.06054462277429895,0.40336289109028967,0.08933667441925486,0.3991707728194714,0.04942494874611336,0.40341220177725096,0.04539853620161971,0.39964136941654516,0.09086298973713891,0.40338908360162834,0.0002515091350696469,0.3984707856912912,0.0008527648013654174,0.3984642314185656,0.02045351988475408,0.3995532327863047,0.0033959483487422427,0.3984650811527151,0.0027203218305494326,0.39852961258101244,0.08508631519122112,0.39980984340107484,0.10772310054357637,0.40058098287312693,0.03864613057431021,0.3998672699136531,0.044705156950458846,0.4023424203666493,0.08896601460411713,0.4043198153420704,0.07897674310790187,0.39854164934923664,0.01973901483252727,0.39849515040333383,0.10096122241954042,0.40173022628597865,0.06275461992818754,0.39896375224854586,0.04942962642294324,0.40099733906828194,0.0826916323105551,0.4016938798302141,0.16576930572564041,0.40479852892782925,0.04740679831765382,0.4011939138862171
Hackney,E09000012,2031,0.3172652635775268,0.40469749358743035,0.021889610930182567,0.39847132531474755,1.6530198939213037e-05,0.39851534193392313,0.17702933461788461,0.4007761153558458,0.02548136822796214,0.3984663332803583,0.012760188676976189,0.39848424054934556,0.03721847768266251,0.3989999387979879,0.011208502100675477,0.3986312600022788,0.015803794248182568,0.4000144696636756,0.11389704711228493,0.3984654742094964,0.06051945775167655,0.4012768902336912,0.016819219791595952,0.4023286458180068,0.01616772222283891,0.39867427535385164,0.009500591624059473,0.3985282424373647,0.016446568040324017,0.3986646138134648,0.028327647186092708,0.3992903231012492,0.0110294867293525,0.3986888197778114,0.10876489532232103,0.4054032175618304,0.611554875477287,0.40580478229283684,0.26102335835822643,0.40481416081134264,0.08963936195560884,0.40169874239548653,0.02783859903522301,0.4013318027983787,0.010466215973713,0.398977509254143,0.18114003649219867,0.40575506141679774,0.3461174224968939,0.4058530584063009,0.19293344783961208,0.4027923130265317,0.048909308853342104,0.40464435426434125,0.032889360675961044,0.403540086015907,0.07039356014245168,0.3987221051664556,0.038400539933160616,0.40350894473458165,0.03385522189507331,0.3984651682555944,0.05618202103180181,0.40479643102821733,0.0008868258205600443,0.3984669497444235,0.0003675171336240228,0.398464818429306,0.03448397999351094,0.39948450147606124,0.004326645267778317,0.39859387137486013,0.0013829532234881925,0.39847965335978375,0.04068007976511978,0.398595937685252,0.10171281291384315,0.40042657130868575,0.025476796044313077,0.39907271247175014,0.03365312200795989,0.40386828541393505,0.10526883815392174,0.3997589533931484,0.052209038317246714,0.3986217959968903,0.022785497500566104,0.39852284031970525,0.16400002999435803,0.40060701730138054,0.04924981796181649,0.3994510297524092,0.042440291711518696,0.3985334544385494,0.1107730013305463,0.3985802932879603,0.13422926601242224,0.403354713539689,0.0760117548156416,0.39973431054660824
Hammersmith and Fulham,E09000013,2031,0.31633655903025293,0.40601860659908884,0.018088400835852836,0.40111163212660705,0.0,0.39848963454849,0.2483189430488597,0.40509893608810305,0.008124524847002157,0.3985407365376998,0.02908864751797724,0.400077781128856,0.0257669293738787,0.3990801712122932,0.013055900395612885,0.39870885032371234,0.04325177085442844,0.3985761575465616,0.08657849344935675,0.40328741079048147,0.03346404270460013,0.3988713354832079,0.007325093085034595,0.4004871306526058,0.019721473716709848,0.39883054764204684,0.01116982024269414,0.3985876493921789,0.019242842985648267,0.39869190689315986,0.029018036546569315,0.4000731125772847,0.03173781521531044,0.3985969968959855,0.05906063872790179,0.4037353283094229,0.6152939395460209,0.40501764589276534,0.2672368445584916,0.4027710225211646,0.08394782151364866,0.39972417016401485,0.025526378882771317,0.3997293386673497,0.008360091193873598,0.3987522232697188,0.22757557957949714,0.40572119711017424,0.32641314857849935,0.40521609519378415,0.15779339811616655,0.40541595194407587,0.044518035608208884,0.4050638094108299,0.037349078263511304,0.4012285854355391,0.07333382095035546,0.39929503926287224,0.04760815121789885,0.3990874274297981,0.02994043334329366,0.39876199779364835,0.055745491554619164,0.3999075985722564,0.00028504993453791483,0.3984680074067206,0.0017632864944727294,0.39847250676386486,0.037415620966153584,0.4005358394007331,0.006646827950716361,0.39870602044278886,0.0017552507217926082,0.3984645897807023,0.04258358694890513,0.3985530222384528,0.11828809071681712,0.40009961859958193,0.02892225491779643,0.3986126904925889,0.05166410010309175,0.40115042878885104,0.08802613960009242,0.39931870221862914,0.08078322711994534,0.40142145813086294,0.0311036767845968,0.39851937147806626,0.12224743285582473,0.4043510834132893,0.043264516026609856,0.3998802562630214,0.03313074497288704,0.39857083738132315,0.09990899926811703,0.4013624376212242,0.14802050844103487,0.40515332349329974,0.0643831215039381,0.39997606173034567
Haringey,E09000014,2031,0.29135544447308614,0.40519817088428217,0.01584728538071367,0.40001598052303156,0.00034318280771236664,0.39848153110696943,0.2271166743552987,0.3985561953076186,0.019122415028335366,0.39850952923922434,0.014442152143753904,0.39846506281814376,0.020901433940184178,0.3985460823520285,0.008814064380219061,0.39848738728593985,0.016842223994204764,0.4007764772406268,0.09765985824761836,0.39915438398167397,0.052906395449079824,0.4014318835190345,0.013750027992506464,0.40022620669786196,0.014964965330382971,0.3984655058564591,0.009262035097700724,0.3984775513696734,0.021224841996315857,0.3985305903795087,0.029945037742508118,0.39946806518592837,0.010344928665911579,0.3985002804730932,0.13565427889209047,0.40586000103191117,0.5647307190649125,0.4055277930294419,0.29889361419373905,0.4041604188067875,0.09604583651791265,0.4008885457776135,0.030736125865387764,0.3998948695611488,0.010027539914584271,0.39877771700225917,0.15419562091857486,0.40511161290581693,0.2630139551745083,0.402587796393062,0.15178247548571822,0.40216064147441305,0.04166814829148624,0.4051315250038572,0.08000096518527244,0.39923688449931527,0.0781257750321372,0.3984846642774157,0.05176399185136815,0.40120233816510803,0.05039369777983538,0.3999354860646657,0.12904522016802267,0.3997603823763799,0.0007007395990478033,0.39846528169666284,0.0005922558920252374,0.39846428662056255,0.029415533396933924,0.39875343137756813,0.0031353433185788426,0.3985053858404337,0.001815890558366659,0.39847358891136253,0.09050996103813214,0.4031690949283936,0.11043792966248855,0.39911917307610284,0.034304624975802805,0.3985389040951346,0.059855432807254694,0.4027821041732878,0.07568758826005895,0.39901211783439633,0.0317547762174597,0.39966662744709996,0.01711085552786651,0.3985557890275413,0.09779810356304419,0.4009693585241168,0.08512959074413073,0.402273486365558,0.04270162258276103,0.39846531573531846,0.10336407084838206,0.39993987630057687,0.14256255043850485,0.4038122597410373,0.07343580952918216,0.3993487333466574
Harrow,E09000015,2031,0.10138668478865043,0.40612657292808424,0.012440592520807092,0.40147453000848304,0.0006154599444343975,0.3984645023085203,0.19242711690975867,0.4059358980134603,0.008137234696643264,0.39854301628544314,0.010328760292155043,0.39847052950338707,0.3083609509223999,0.40471845693493574,0.04581631052765589,0.4003695265952794,0.10587160950569541,0.39908340935916364,0.045250193608961875,0.39958960932446935,0.021476426531971682,0.3991074490422553,0.0,0.4019584668286175,0.009811571677015574,0.39873883681526856,0.004053349428180968,0.3984659633422988,0.00698041099486485,0.39857546007904027,0.014766807900349233,0.3986371587854187,0.032079810622696936,0.4011160386046133,0.08232350536314659,0.40552355933026585,0.5543629539857733,0.4056843370234097,0.31850732374177504,0.4045268378849722,0.09537921669574834,0.40241726372257325,0.02452856492328981,0.3997050962689765,0.0076495910512580645,0.39862309420862424,0.16273896619967143,0.4047612410438603,0.26999546013988684,0.4042492822392669,0.10530848225553191,0.4022013205586899,0.0595714207747946,0.40565196349142535,0.10636224609460876,0.4014290986628064,0.06467455984902881,0.39941479835391586,0.05516141890204507,0.40398124247455286,0.07318911858495403,0.40216367794867697,0.10268968970607806,0.4015057983466739,0.0006474999940619258,0.39846585334237666,0.0013316609318292164,0.39846511399944207,0.02937938619993541,0.400512795004308,0.003688216866574806,0.3984781203279177,0.0017389950592636427,0.39850623450538847,0.1676775475463348,0.40576301153758937,0.11910146219483764,0.405209559084947,0.05159005111200332,0.3986373623943252,0.03862484231519203,0.398801148315634,0.07517533778568697,0.4000721093666985,0.052502399276670886,0.39970770588895477,0.021209936198670842,0.39862084202264164,0.07960725721646278,0.40168543098660753,0.06132595510856931,0.39974640617389307,0.035578343563852366,0.3999177262642996,0.08120530610198928,0.40062257906245374,0.1537473175547044,0.40471826713359366,0.026509719070158422,0.40217722854266036
Havering,E09000016,2031,0.4967836472668097,0.40617331600764806,0.009531304944986663,0.39859514488474396,0.0012933813282039186,0.39846962634929856,0.12169314969432854,0.4058166684287634,0.03211663939227982,0.4031849326243884,0.009155310114639936,0.3985899048933868,0.06484110120199205,0.40466458822206514,0.03687512977432439,0.4035210479915641,0.02239424293817316,0.39997815589611263,0.07575417884071367,0.4046708872662798,0.02456607088857643,0.4001928586592585,0.01540239130649601,0.39991277356488136,0.012917634327647032,0.39929108382498035,0.008635939195004383,0.3988902316868733,0.016196046633421113,0.39926139117795095,0.015418574057355361,0.39984210585790597,0.004813817642394469,0.3986340790071046,0.02959987294640465,0.4027861754012848,0.5378464516030714,0.4056741425127562,0.32388469077378845,0.4036632624836902,0.10132262882372434,0.4036209238872056,0.028487137389513695,0.3999738619915133,0.00892088341878361,0.3985691724999536,0.14961791547509584,0.4050698182865335,0.24857119210179235,0.4059204278732387,0.1374381752175523,0.3991093765222101,0.09180302531992801,0.4057493444921023,0.10004510905978314,0.40351328081082305,0.08077715956849202,0.39863268047472367,0.04877431275488764,0.40384727515477314,0.05532352204182822,0.401568342056131,0.08799116863551276,0.3987522834309393,0.0010765802650765273,0.39846488385399603,0.0005161346249193391,0.3984642438579353,0.02115421210152224,0.4037813753020236,0.00394759058239331,0.3984642983367954,0.005373934394328456,0.3985253330173655,0.15270529599432736,0.404244567998339,0.10008161923022829,0.40478966087216006,0.054374012077882394,0.4001933640310421,0.038137249877487456,0.3987611304261371,0.04945698517283681,0.4007004306512472,0.06362909938034544,0.4040653271706567,0.019390894932523328,0.3987350573932508,0.07325447570384602,0.3991784918476118,0.06179535927664137,0.40068135616770323,0.056042936511703445,0.3990626063006705,0.10278642455523246,0.3996906609601048,0.16050883338813016,0.40512654001345205,0.03571286592115808,0.40004295819796226
Hillingdon,E09000017,2031,0.2195776922422077,0.40616646501939424,0.014890576748728068,0.3990751075691205,0.001867131205163547,0.3984694949175426,0.12113712488482697,0.4053260952505828,0.016748531977237247,0.39912376921979137,0.010274426770492836,0.3984652623693715,0.24046658312309965,0.40591518682027156,0.05932764667545509,0.4028512173086675,0.08623373872110962,0.4021239833757103,0.06222886578116826,0.4020404930868574,0.02070476284262951,0.39866937052736623,0.000290773989612525,0.40077341694372665,0.014300307257172198,0.3984828986730191,0.00722913802251357,0.3985252190766307,0.010664754189383105,0.3984719273591026,0.016744194171687488,0.3990557668051143,0.018391016667759774,0.3992289432807629,0.07777735387051177,0.40530343826936177,0.5383152103212527,0.40501004388593853,0.3255473152106396,0.403079176861466,0.1015253747857352,0.40042197496706805,0.026215681579960792,0.3993022821007369,0.008725498734069026,0.39849071511704626,0.15677450208534705,0.40515635415473217,0.2505713952744806,0.40570043947153595,0.12252379245704736,0.3992184532932355,0.0689664378478767,0.40543110254313613,0.0802891001126107,0.40253843545254997,0.08020418787351724,0.399352892904946,0.06478088172409624,0.40212266327690166,0.0759926207132091,0.39849262596247376,0.10047250358610138,0.3996235040889592,0.0009129235643383013,0.39846430105654423,0.0006485651592113631,0.3984677869325929,0.03975140270739996,0.4005046039919584,0.003225597385077432,0.39846472789694876,0.005164802484069135,0.39846606252750044,0.11541736909743916,0.40393226237769625,0.1320265736794073,0.40294451609165155,0.07517212683281738,0.4038590701326733,0.040460081354449784,0.4012976479253492,0.08320904828014664,0.40305513517462416,0.03674827106242455,0.3984690307159864,0.01620118866288317,0.398597151727094,0.06298584744120395,0.3984671708390312,0.06606479952230171,0.39904881608404424,0.04282024913336713,0.4002961690176604,0.0966875242048087,0.39851485249635304,0.15151406631851128,0.40493091288293476,0.0313481898181418,0.40085634164139883
Hounslow,E09000018,2031,0.18962745237024592,0.406111555874766,0.008355366181954205,0.3997683863555238,0.0013249980883747875,0.3984693755457977,0.16878434611770032,0.4051271694419079,0.010090650728653033,0.3984946771514232,0.009024665850105536,0.3984670204894466,0.2323081098617692,0.4046011442256786,0.06712250176878376,0.4003852023671092,0.0722042804294214,0.3996339502830463,0.06070839275332496,0.4014715820421447,0.011509433794923418,0.3985099329455342,0.005901817052455405,0.3987425456053317,0.015272449564950719,0.398516173257508,0.00803594480684712,0.3984853200840454,0.009953942486485803,0.39847842215301504,0.01960898595048921,0.3992755749217791,0.023455044711637174,0.3994980660475331,0.08594328604135182,0.40544877468871426,0.5482247462786125,0.4052829864730248,0.31792950413022014,0.4037725294438025,0.09818102559274844,0.4006031290113312,0.026921427454934865,0.39944336727512686,0.00909481918255961,0.39851955755398155,0.15505455654555256,0.4050771956155699,0.21494673062919478,0.4034704141438872,0.1179417461676977,0.4016079636045955,0.059714576706265454,0.4052130554980136,0.08662255809984884,0.39850380688730275,0.07983935457035513,0.3986683812381311,0.07168344185246944,0.40121005540300214,0.07653355709366627,0.3993030676012826,0.13769697612388831,0.39909719535362914,0.0006436031649145347,0.39846433977940915,0.0010402014635682577,0.3984833127099478,0.03578068392050965,0.39865700559642114,0.0033710080976457196,0.398472655669672,0.0029207574173056583,0.39847679839113875,0.10122598415480155,0.40462244161811967,0.13819076071068137,0.3997422810608129,0.0884153334580855,0.4031503824810202,0.05706032575467734,0.4029636340152367,0.09019762951581123,0.39914702148852904,0.029197102378300865,0.4003996082275253,0.017811387275099316,0.3985611115495181,0.05860792572736151,0.400787236210873,0.07969078462923063,0.3994001729154225,0.037848951890448346,0.3988175696648086,0.0875421055009542,0.4005236517887429,0.1301786824368687,0.40454906437574795,0.0406584165072974,0.40051035106590777
Islington,E09000019,2031,0.31804800566091984,0.40607360182606633,0.025880847148337383,0.4004607901463943,0.00021475877618008787,0.39846890289575454,0.21855051563606143,0.4051509645030581,0.03240192884736559,0.39963042814789684,0.025644962959766926,0.3986867613651195,0.020218504968485485,0.3985955984412681,0.004574720784960007,0.3984642402321859,0.023459977493167528,0.3985800470370665,0.10562730234581341,0.4047058737640311,0.029618684207775248,0.39945587547390726,0.002737702194041791,0.40274240375684073,0.020168030545724247,0.3989125532493227,0.011533086310954399,0.3985355801062575,0.018000856659998177,0.3985550720312925,0.03521803895013709,0.4007064721711115,0.018315744455989824,0.3994985056062855,0.08928399755511052,0.4054506468629279,0.5797070650062084,0.405423483060787,0.27834788560278945,0.40333886962338944,0.09552885333376193,0.4011232864219347,0.034940388768825104,0.40020566804560415,0.011919212342893837,0.3987941939406701,0.18829346630119037,0.4056101502714724,0.3710007812179441,0.4052859626939214,0.17750470898769333,0.40463310014487247,0.03705058309154996,0.405132917869454,0.03537249853170188,0.40087036499553386,0.059979575955070086,0.3985495379025745,0.04080226138253029,0.4009927614106317,0.033637710069298166,0.39902993757890937,0.056790859136492955,0.40010469280805117,0.0007051716554723128,0.3984653553520784,0.000597613602917775,0.39846799230507113,0.030468392771367148,0.39969493501193915,0.004573714378776961,0.3985618499626832,0.0018444357054745592,0.39846899156448723,0.04120249948851673,0.39893054654769405,0.0940410674901609,0.39847804231378925,0.03135664686367204,0.39850632517947976,0.0410618788152759,0.4007926866933798,0.12375585975133818,0.40233570730438567,0.06190209072881814,0.40324283394113364,0.016007264091196793,0.39850595958566387,0.1552252500132134,0.40413791026881124,0.04157684435616049,0.39857798991563664,0.04397863434694163,0.39851174051318144,0.09895550743590202,0.3985179975991113,0.13628862945642872,0.40439259225501595,0.07640533717061299,0.3984644149968524
Kensington and Chelsea,E09000020,2031,0.2615799181588123,0.40601296369487283,0.016090226519343442,0.39916026746874955,0.0004263318161081969,0.39846569901787726,0.29091704316620903,0.39849687698339437,0.015358052046136494,0.39969327217168227,0.028492158097894404,0.39863200391438935,0.028372298118902517,0.4001319288575308,0.012054577847559478,0.3989921111668003,0.05275551275669449,0.39880935074840945,0.061763055268312606,0.4030218044608163,0.024568449013726346,0.398688563404461,0.005666647800148028,0.3986887216904551,0.023401254258018533,0.39872443391650314,0.010682225535059264,0.3986287262614427,0.01334131073212036,0.3985628088617831,0.028540224373847956,0.39944517029129023,0.04826513917167452,0.39920464095910596,0.07664597748228719,0.4047488320106136,0.6135490690178056,0.40401273889154804,0.24966736729903216,0.4040154825565991,0.09281616840561177,0.3985023330853098,0.03328249059702561,0.3984675246186559,0.010712017282939482,0.3984814783516057,0.2994163173694915,0.4054889909158171,0.31869756784555214,0.40575694193442724,0.10493580928958579,0.40604625434235114,0.04137155942599424,0.40409602083443724,0.02852917797100807,0.39910503957893106,0.08520422787893356,0.40269515593742167,0.048900070856094935,0.3989807659650915,0.03004647404581906,0.4000840086341337,0.0426590755371018,0.39916422417029473,0.0013137925050139276,0.39846476972116507,0.002090266425782805,0.39849526426681603,0.03806662690120377,0.40076888887231465,0.005581516854803348,0.39860411789789246,0.0014676868564724977,0.3984642326245883,0.036649432919242275,0.39914644612601025,0.11937840874011663,0.4024811281218908,0.02689725741264301,0.3985132595480524,0.04985725904792054,0.3984675055464687,0.0881839371036488,0.40044260961785166,0.09464386060556862,0.4059782953591051,0.03774671657710693,0.3986644503582763,0.13869963413685182,0.40323789658530723,0.042620168743605476,0.3984642189234123,0.02508969008927453,0.39853048786764667,0.08607140147377246,0.40288157581024453,0.12558708877053526,0.4052856573338087,0.07928842380049733,0.3987289584980059
Kingston upon Thames,E09000021,2031,0.44339683883104186,0.406109893120308,0.014388905074105007,0.39855808853711494,0.00013890629441273145,0.39846713711763354,0.16369813050203952,0.4055080321898487,0.005518813303670029,0.39846426010132,0.030944579188700416,0.40030988251269267,0.05232928377289592,0.4002832701151419,0.03315732761389345,0.4006278175896981,0.07059047226793913,0.39986419080890884,0.020546995572250093,0.39870665362535673,0.006447282483427471,0.39846423228562045,0.004216454149363502,0.3985125393810558,0.026371359933612837,0.3998331069049674,0.008539192704850429,0.3987024906730423,0.010833257430155951,0.3985977183286757,0.021772827332861455,0.3997444585946267,0.027217180426402532,0.4000989910313498,0.05871837899688348,0.40482011779696664,0.5553280664242117,0.4032460350201892,0.3165510979237689,0.4014879266503928,0.09632028959599703,0.39898978196469564,0.02428956331632015,0.39862792321614854,0.0076064635104666,0.39846556999400384,0.215860325643618,0.4057372932736651,0.3167023376175422,0.4054494205608547,0.1497431417103725,0.4003196133504924,0.05594535942681311,0.4052975231493565,0.06069070086072337,0.4009720430733378,0.06600284128898848,0.39956499233966053,0.04592775673323679,0.40392331369642875,0.03442258086525285,0.39847909136447685,0.05541384672988303,0.4011756417560403,0.0010339033322140923,0.3984652121289569,0.0028899812052046794,0.39846790094818324,0.026788871221106847,0.3997025130080053,0.005687117259170871,0.3985211558488418,0.0022359110249260683,0.39847790922380516,0.07569689786259315,0.40112124269877614,0.10891712322217328,0.40414189678722245,0.03304825831020153,0.39918172171747396,0.04492541087187146,0.398630574965401,0.09432330073345008,0.40087108897632634,0.05742243935255026,0.39874244370417267,0.022714733350387317,0.39906335447570235,0.1041986450333518,0.3986095855203442,0.0511629828319391,0.39851894135542254,0.04538004186137279,0.39985281882028645,0.11536933876263511,0.39870236281390886,0.159419284017984,0.40496856305388734,0.04900756289317365,0.4009787880829666
Lambeth,E09000022,2031,0.36179508863134924,0.4032334247988168,0.018474698372419773,0.398963145749486,0.0002810688754818283,0.3984660725539301,0.14939768821260457,0.39895662467093357,0.008409727472583145,0.3984807163259354,0.016287725345643517,0.39848449677538217,0.02160464569801701,0.39882489955486283,0.014161390904994908,0.398687137889988,0.015491501078603032,0.3987527899834522,0.11908295355994813,0.39858842399975347,0.08733452467870984,0.3992760421528578,0.014139419457914304,0.4038597503683047,0.01673024713003679,0.3987952791164889,0.011076246478475216,0.3985990605431629,0.025200703516540635,0.39853148207282646,0.03184204822644576,0.39943361161540997,0.010904960289285004,0.39883024599832134,0.07799534607991987,0.40531173163362577,0.5949671185012866,0.4054765334403989,0.284986616472116,0.40409255395735805,0.08766882087530048,0.40082237198741516,0.025063337875805836,0.39974498141579295,0.007750423200907075,0.3986828288155602,0.17191457255823028,0.4054071433654817,0.34580220485153745,0.40579146628370927,0.17657573901876056,0.40278993426262544,0.03659044051513227,0.40544260257586895,0.03951712037584487,0.4026838460266808,0.06934626910021202,0.3988054696384892,0.03735025770523537,0.4024793823519083,0.03749921743215501,0.39917564103558995,0.08603904918673488,0.4008168682569564,0.000509956436215037,0.39846440086931867,0.0007893925972318194,0.3984676914614761,0.024206377260279854,0.3987914450485814,0.004569605794050413,0.3985501783669809,0.0014493403793273338,0.39846948509820146,0.053389218026539176,0.3995824718120701,0.0941526273092651,0.3991648570726682,0.029615132930773946,0.39872685414278175,0.03545386178318477,0.40444006373299496,0.08973412102955719,0.39856670430290614,0.06384912849952284,0.3990780890675374,0.024096151334709326,0.3986973594876364,0.1350108368276094,0.3988056606099301,0.07590580060378697,0.3984922331265885,0.06060126212627431,0.3988378618648733,0.0863165308096615,0.39856788472203275,0.158995789254897,0.40508692529651913,0.06150678135287002,0.4007921831891899
Lewisham,E09000023,2031,0.3287628844711765,0.4057683345271883,0.014824800796706006,0.39868927005753163,2.8381457829643186e-05,0.3984716481085199,0.15084061593271247,0.40498718326190386,0.007090437486140716,0.39852370412752414,0.01959259408516345,0.3985697207624364,0.016901223429679528,0.3984649504606355,0.009868515261305555,0.398693416151423,0.033249284412085744,0.3995665808695773,0.13548827841196132,0.4017134822118082,0.10046765948305936,0.3999657242102144,0.02802499985224438,0.40092565047826795,0.017876204490621328,0.39907723856889815,0.012223119584039432,0.3984706912293769,0.027168410879906957,0.39866166759871974,0.029753630547681542,0.39976639988165324,0.005833958048177629,0.3984685892911107,0.06184477550411849,0.4044794629442503,0.5713235542408874,0.4057069784119193,0.30078019128564604,0.40437462301148785,0.09350572939936308,0.4024882629183168,0.02698257991100439,0.40010380495473685,0.007877246643438363,0.3988081883529205,0.16216481580765407,0.4054685303750997,0.31144672331078205,0.40575762862413567,0.18486447183813404,0.4017676782867076,0.03504649167784457,0.40573394800495594,0.05364184073530387,0.40310514702945716,0.07756970314666223,0.40113966942395163,0.04951432567344183,0.40299960854909456,0.04100949252688242,0.3984648885438448,0.08517101525511706,0.4010929747742284,0.0008903023357029818,0.3984689941122245,0.0004507470770312716,0.3984653597932761,0.023336067047597664,0.3985190919998931,0.00312759623149568,0.3984714708774957,0.0014285838986901056,0.3985100091601761,0.064144013585689,0.39949963052628534,0.09974448174849537,0.4006319834301203,0.03341228671896945,0.39925906693646196,0.04334927590715543,0.40329470865796696,0.09122656295539144,0.40288139096842546,0.0511030514285018,0.40006871666465654,0.01930963781921082,0.3984674623638016,0.11166661436806491,0.4013605225369111,0.0605603141609344,0.3984645043160279,0.04875999683850529,0.40064639992434875,0.10135086351852363,0.40061139265455453,0.17049013720732464,0.4046092315135965,0.07595175448889391,0.3988245706692836
Merton,E09000024,2031,0.3401955817626181,0.40604526860128115,0.0182448338030457,0.39867107151833503,0.0007265195235105285,0.39846599990337284,0.1964662025392343,0.4051698586582159,0.011848957078409161,0.3984721973820199,0.020390111658914467,0.3991522172779861,0.04859059414906863,0.3992809313305667,0.05292812010392467,0.40103265887766615,0.05700411713402209,0.40229668589430057,0.06115022317346441,0.3994448562539758,0.030373006072778264,0.3997415371582805,0.016915731807974566,0.39889726956321786,0.020653642088590884,0.3990197715802193,0.009555146409758408,0.39860213385897686,0.015021464752973002,0.3985264470050229,0.026348753641638023,0.4003456690421505,0.010745104878327139,0.39865023736941063,0.06200178433791326,0.4049903876361419,0.5776005051067852,0.40525700172951734,0.30531042785937634,0.4035343249462693,0.08784652561318462,0.4013039015720298,0.022441020959911517,0.3991478071618396,0.007102636184794092,0.39850277012676044,0.1956699339313248,0.4056454137812048,0.28048363090058626,0.4041178913728388,0.13913046682073382,0.4004277215697821,0.04626229488945466,0.4055728331274996,0.0730263429759146,0.4011666748516633,0.07650772118506229,0.39847539633247686,0.05350228450063188,0.40155818283747846,0.04894104595056481,0.3988183178036455,0.08669586084133113,0.39868167124080295,0.0005737634355480956,0.3984651657667575,0.0014679255837879296,0.39847464868607047,0.023827135980010183,0.39907330024605814,0.0043833926108664545,0.39850012379436606,0.0024567203939407367,0.3984747303405954,0.09484513272218553,0.40231532090456046,0.11606573256160102,0.4007249766893562,0.039658416882915826,0.39869121722452944,0.047984514802428935,0.39882987950171594,0.07947173880161218,0.39982359274200385,0.06118209564872368,0.400608074553614,0.02313255902865563,0.39879671581099885,0.0964950946130696,0.4009330384607321,0.0642351416685095,0.39851196184488064,0.04132325360162603,0.3996182466861398,0.09425140038038102,0.39850734307943514,0.15737343593028763,0.4044369573106312,0.05161264855321046,0.3999371352293958
Newham,E09000025,2031,0.1281710490237007,0.40435173706428135,0.004599885390445507,0.39854833403916,0.0005251253541351253,0.3984776238966828,0.19217004180909303,0.4056804835507944,0.19609434359071365,0.4056363892821849,0.02251222507542694,0.3996237045580608,0.08239209200603526,0.4051996414069321,0.07964003911241146,0.4015821194863552,0.029213543601782188,0.4040409786067887,0.11026288526735173,0.400215317556792,0.028736258567739092,0.4018579573448281,0.015088674160338766,0.3994570786358347,0.010224602943524203,0.39849726749806136,0.008159406876499964,0.3985598802161707,0.011404153352598007,0.39849356649926376,0.018441070579110486,0.3988681736829637,0.008734617161198055,0.3985662806342938,0.05429909190413662,0.4035812052809557,0.5434582875247118,0.4052998537066774,0.32013187185989,0.4028638509095609,0.10238824607307295,0.399828642908129,0.02609409922946293,0.40084756321639703,0.008400902585895098,0.3990087948973302,0.11730507633777165,0.40473289921033545,0.2516012694504397,0.40589831886499844,0.14054103485740033,0.4045142849985508,0.052416991298718685,0.40497863753021757,0.09776219016732113,0.3990086877095784,0.08201242484136273,0.3996182248943626,0.05022379072974559,0.4056694293762805,0.07619201149878985,0.3992498403528604,0.13205139657752163,0.4051337844640827,0.0005770824001802028,0.39846446710602307,0.0007639161277533807,0.39846785122163314,0.019905108712898745,0.3996747990391495,0.0028698052978216315,0.3984758192540469,0.00028249597393997794,0.39871249106870044,0.12761533362907684,0.4046149135757722,0.11870268938815798,0.40508620222892205,0.06078776835354861,0.39846757554905743,0.04823816247864343,0.4055545547494632,0.07615401455182091,0.4039449387701988,0.04870503672970419,0.3985483284151074,0.0179025642475399,0.39848383372904156,0.08358730887144539,0.4034380362254292,0.08383512740256976,0.3986668123701167,0.04596200712875942,0.3987257073810418,0.08618326780296576,0.398471527455931,0.1392419710314785,0.4040857157351235,0.03847278184933334,0.3993669504034502
Redbridge,E09000026,2031,0.11814189677068399,0.4061389529843951,0.00605760980019443,0.39926696939244094,0.0006880259338332036,0.3984647083496304,0.1458551241695929,0.4057024938824895,0.14808742642838268,0.40581069291622324,0.008093994884469546,0.39856299241968934,0.1662252518708989,0.39855521016411355,0.1721647221370297,0.40535637985607637,0.0342405056604731,0.4044376676325402,0.04957180134960737,0.3988401449927955,0.02212449485779988,0.3997514135987205,0.007588105363755038,0.39876343804460346,0.011407948780637805,0.3984650709245972,0.005017945299509871,0.3984796811871644,0.008883220966932226,0.3985587815332005,0.015725234976111002,0.39866999190516694,0.008979547722909209,0.3986262710257347,0.07098261355903546,0.404969863547114,0.5449260550883563,0.4054276402508456,0.33074009391356407,0.4016510911291267,0.09302654053907444,0.40303388505498994,0.023625988604099035,0.4005338801454786,0.008116399298948251,0.3986189339646688,0.15157099763387016,0.40444094347565335,0.25745679362661766,0.4032593538272739,0.11087165506855401,0.40222525447871005,0.06622626438747847,0.4056070991907219,0.0987286456916101,0.40104199202469404,0.06532916276163925,0.3993661720344328,0.06527115878903045,0.4021074091819974,0.07038258307402101,0.39979463958699996,0.11389011795021142,0.4033441500343781,0.0005799001782210936,0.3984644603934717,0.00037895110824124473,0.39846519291409915,0.022536983167883884,0.4001627693678945,0.002875437032393291,0.3984765402195374,0.0018727763255010077,0.3984719813805446,0.14138256357858126,0.40551172543080577,0.12270698379495837,0.40315936296729865,0.06152914077374799,0.39860239133162917,0.05031166911509563,0.398547608036851,0.0756476516965583,0.4016067028624613,0.04508778436917904,0.4043699643946798,0.02749931767600633,0.3989281699241382,0.07772107991091093,0.3988824367280633,0.06724634994484147,0.40101461023537416,0.04523656921633745,0.4005813278962238,0.08967014010861529,0.4024403351357987,0.13807555704917007,0.4024960666418748,0.02993130558575885,0.40080176402505646
Richmond upon Thames,E09000027,2031,0.5463904502938384,0.4060870234596174,0.024365000394849304,0.3984819948340923,0.00036456913826158135,0.3984645095365426,0.1783743564649738,0.40531175990956464,0.004743400767146726,0.39846437984222133,0.018942676034088834,0.3995861382317685,0.04610177309863528,0.40148192147117867,0.011618466604337851,0.39885693952546436,0.02433585857543273,0.39846627987721583,0.014283801670355922,0.3988706875769801,0.005085648917518469,0.398469190100428,0.0032271991589455373,0.3984936653694006,0.02797269036786032,0.40025683782198235,0.008369561537667936,0.39873624671679697,0.010205370285006399,0.39863576110238036,0.025952465585497908,0.40089633132540525,0.011288504090102236,0.3988059945251438,0.03709350042287429,0.40303909169423924,0.614055136449859,0.4044676531273987,0.2792473665591011,0.4028990334535975,0.07829014303120418,0.3998467639799473,0.02219074818578165,0.39855162365428165,0.006425489398262471,0.39848107917465264,0.2972975376768261,0.40598646617216955,0.32651492435349905,0.40341352799947416,0.15448992798285932,0.4050278366464534,0.04685340863496901,0.40492666971113356,0.03904569821156678,0.4005178705773903,0.05040840154044357,0.3999754689202429,0.031640977420128724,0.4004876681012177,0.02240302618515555,0.3984642279535554,0.03202952349413435,0.40032687758697255,0.0012892773910224281,0.3984724793046079,0.00242705473311855,0.3986106806921181,0.03940954016035236,0.39866819877896803,0.00842793870334163,0.39870228668056296,0.002740660836647535,0.3984660665393086,0.05651906980476196,0.4004018199401297,0.08438937101298061,0.40176012073742473,0.02306957673549026,0.4013410306593777,0.029997505276149306,0.39964381599120774,0.11542288496610745,0.3985181227425284,0.07477802810740988,0.39850002438273835,0.027790955516639015,0.3989558908793682,0.134668852662452,0.4016705730293566,0.041994562285904036,0.39891661103331894,0.04085651481038588,0.3988123265071713,0.12485545535419695,0.4002879157390473,0.12070705196105225,0.4041011947447594,0.07077836932353845,0.39846759387415553
Southwark,E09000028,2031,0.3130959759302172,0.4057492852122532,0.01763535946579803,0.39867879298504394,0.00011333434275737075,0.39847322581038297,0.15540225122846696,0.40378047168839726,0.022375670044997076,0.39943425275974703,0.026653971151707506,0.398490006635027,0.019770217867515198,0.39846664850067104,0.007386211671514459,0.39850756835992457,0.02790401640417313,0.3984775469877196,0.14983461381712915,0.4006889197597626,0.05577546013169998,0.39903362021520217,0.028466094019434784,0.40045633785917994,0.019711540500464197,0.3995309847377726,0.010446350248921654,0.39854107187874105,0.021889754309575293,0.3985318747917665,0.030029709609718402,0.39994215271792816,0.011791880701574609,0.3986178393416323,0.08151883406283034,0.40525224351508127,0.5806261287231074,0.4047802468230328,0.29471946262444804,0.40131405276368604,0.09135886944169846,0.40020947039652277,0.025660993703388035,0.39986771538816696,0.007963857388483542,0.39874214780390765,0.17108276627586871,0.40546570034829493,0.3545242953930643,0.4058555635226295,0.17194013086152063,0.39852628574056975,0.03861079760001562,0.40533423405271707,0.03107327955791206,0.40392667812793404,0.07100539407612194,0.40003074252894366,0.038910992162793256,0.40299255641826465,0.03749697102825633,0.39861362295554653,0.08600152986237308,0.4034313283780721,0.0008637043118267379,0.39846599692135165,0.0010209822941294796,0.3984643376088043,0.024309478011519947,0.39887231186626665,0.005524945483663446,0.3986580563565432,0.001387120711878062,0.3984820032524406,0.0447177586217441,0.398694159809632,0.08917194477659574,0.3996541701198785,0.02966688929343053,0.3992929849092826,0.03751817183336836,0.4046789510960584,0.10029424444279567,0.40319277147249605,0.06763048836451224,0.4015588819000944,0.019605526756903302,0.39868954854559857,0.1424709399781292,0.40065700275319044,0.06810988890196845,0.39874922552416714,0.0559569066244075,0.3988297229234773,0.0822953447523036,0.39980123344407903,0.165460944306282,0.4044845224236295,0.0640562185783663,0.3995554892337429
Sutton,E09000029,2031,0.43580559786465045,0.4061585935827985,0.012874811628603378,0.3986902355359184,0.00023640380647846349,0.3984727731060463,0.1307338665147748,0.4055869454014159,0.010678660715256916,0.39873587655111037,0.026110058065837105,0.4006214627580049,0.08626112698456279,0.4050834157812927,0.045074974377615984,0.40362121544137713,0.06616176142699781,0.40096289104433586,0.042058900508167074,0.4003886366882903,0.01843709844910002,0.3986861624831617,0.01017148708845561,0.39885729836468037,0.0171756767686011,0.39882350532548294,0.007644111956096489,0.3986096942483631,0.014375418880203134,0.39853765161932336,0.019947021450483327,0.3998739809900508,0.008105033298058895,0.39858719310151397,0.04650587159530595,0.40434229242707687,0.5408466733138555,0.40512780899728473,0.3253905981088985,0.4034399590924416,0.09661402704388644,0.4017833206573423,0.02843029092716498,0.39863409810251915,0.009025675837495355,0.39846421878029914,0.17239030288888646,0.405448517544903,0.2887311453618082,0.40585874199417804,0.13353702049092464,0.3989212382643291,0.06910458950813592,0.4056711341932275,0.08476052342424856,0.4034405334114135,0.08124156058028853,0.39983981435756627,0.05488135624945345,0.40202047300886284,0.0478742541970999,0.3992076739190137,0.06818215248720993,0.39931588460938955,0.0005153806648952736,0.39846620974632213,0.0015990279398438029,0.39846494585908376,0.021575750202934563,0.40069576050485295,0.004149412620337148,0.3984717252009266,0.003962369059166998,0.39848411609820855,0.11097855450398075,0.40031665428928775,0.10631878110487669,0.40420195890599714,0.04088743688532226,0.4002145397479255,0.04283360152045457,0.39896131330550877,0.08341447661651635,0.40342971913479375,0.04742809808722859,0.40015175036680467,0.01831819702577822,0.39851242197043824,0.0753980119806687,0.3985295162094728,0.058206583959243996,0.39860989546595577,0.0479900385945391,0.4026530099098137,0.11496369632518255,0.4017503445036038,0.18352606555072182,0.40485483926243926,0.03813167599227296,0.4011362006621357
Tower Hamlets,E09000030,2031,0.14700909541369356,0.40608254458831333,0.007886181322342867,0.39915860930616254,2.9716096213716625e-05,0.39847034855696545,0.1812484717576366,0.405248866730469,0.3713483983514996,0.4050341408385018,0.034303511631202654,0.3985441706589782,0.038466860653200596,0.4000501789997932,0.011890510852253705,0.3985370172168965,0.020877600934150725,0.3985145531410145,0.0615093779947804,0.4025920182112284,0.010885432449773136,0.39970277418853917,0.0006423653983467226,0.40061151946467843,0.016471102858629016,0.3987799515069533,0.008437272964431503,0.3985514964390973,0.01198101166572034,0.398473612218317,0.021416444809855828,0.3995524196058736,0.01295917378474365,0.3985761027816694,0.041888131981923316,0.4033512095610155,0.5535620019244307,0.4048952504105513,0.31525088764359954,0.4001519706969023,0.0946192664039287,0.4000780616993215,0.027996264813091143,0.4010337614866249,0.008959504307257116,0.39915400189609523,0.15544834236608995,0.40477308732127654,0.3741542808581233,0.40596744554035347,0.15425625993021885,0.40497571332584187,0.045455098340622335,0.40511730306037974,0.03688960174739497,0.402405515596794,0.05982616258776401,0.398465231514565,0.05621484036259483,0.40231132610017256,0.05213784033553037,0.40077250386276647,0.06612970287995967,0.40336032988701453,0.000860628966921094,0.39846882270452144,0.0007364855072178877,0.3984647292193687,0.02133543934299266,0.3984810616607636,0.005296924898711031,0.39864513627874604,0.0005942964230754577,0.39850088481864615,0.032257727892345656,0.39849144673132886,0.11922067123946056,0.40014560875064226,0.04400113907148406,0.39911045509543747,0.056822456634708196,0.40449172195370353,0.11893265629691996,0.4042639402701618,0.08613855846421625,0.40542322639983897,0.018234090194113636,0.398488899604382,0.13684383936934194,0.39852697669307857,0.044504138013999495,0.39870167686006397,0.04629455323341858,0.3994381167307114,0.09050458672238121,0.3984646631084403,0.13035449665268484,0.404952691971146,0.04680415600413945,0.40025923124434515
Waltham Forest,E09000031,2031,0.32080751464576096,0.40436768321277916,0.015058606880228444,0.39846526027264706,1.3683702017541766e-05,0.39849241339254005,0.1982964644013263,0.40511677286997994,0.019154698190670602,0.3984851399462931,0.008892244566900964,0.39848109801514847,0.030312742302043505,0.3988106383914964,0.1043892960811362,0.3985426684995309,0.025862614719617483,0.40171825053501,0.062030101027894524,0.39984883911870084,0.0535672270948071,0.40170987814845716,0.010632095133948916,0.4012086331904083,0.017657269319971025,0.3992053340888245,0.010623840201056722,0.3984887172981539,0.019176003722201268,0.39849536454365775,0.02812420384938008,0.4000789713980723,0.006206380420366808,0.39935903852077587,0.0696148158569665,0.40465671243943985,0.5591465484037847,0.4057875596435002,0.3133769360825527,0.4046026978760059,0.09220530944252525,0.40323215057505246,0.027850020827851152,0.39990279065479517,0.007901717377188033,0.3988689084108739,0.1613058736115791,0.4056168341633165,0.27969477514548835,0.40588511791678306,0.17589269810717045,0.40498794275863764,0.041929941900949785,0.4057213355520984,0.08649005312898472,0.4030740223902423,0.06318634546636437,0.40240649020652436,0.04736964419086753,0.404243524970659,0.052935386509552096,0.4003532671034981,0.09186138650415465,0.4045076930823903,0.0005195490601133546,0.3984642677057945,0.0002787974449056062,0.3984645060517341,0.02322632447939621,0.4000183157913017,0.0032100722787712505,0.39848430480329816,0.0019022056791577202,0.39860973188824395,0.11597611940402275,0.40194283806837805,0.11079630621120051,0.4028856064497777,0.03887807050370262,0.4010018779972999,0.04175927199081153,0.4039997560577872,0.08681354418001463,0.40429587113455456,0.0295682715266552,0.40137247772946594,0.017558500489199408,0.3984904111692817,0.1124146247093698,0.4046826981511203,0.06731693128710597,0.398465628626636,0.049597775024422086,0.3988301145251173,0.10345528229239531,0.3993112693073111,0.13610401231790892,0.4024272755181884,0.061017262664584376,0.3985234222024066
Wandsworth,E09000032,2031,0.42579794051680153,0.40592261828140747,0.024271939719671953,0.3984709897632067,0.00020651418304560437,0.3984657053091856,0.191818839825046,0.4041467556788213,0.0051417091891409646,0.39846531369871463,0.01628524053857544,0.3987045220049965,0.03043586758795183,0.3985373723232905,0.04300475637455148,0.39996154466047873,0.030296873480014114,0.39849705972438215,0.057442267801849134,0.3995069390838055,0.0294271811898148,0.3998068634632707,0.008475853606604522,0.3996539937685426,0.022484402384347346,0.3996383157483835,0.00857685342840736,0.39851766562207736,0.01745601201801006,0.39854055780111175,0.027288026765818874,0.400114564185465,0.015808580513635317,0.39930977988046695,0.04497102165008293,0.40364525394965967,0.638556082770168,0.4054468317832912,0.26206191748138075,0.40421565986968183,0.07457418530103421,0.40062580123297087,0.01966540546027129,0.3994396704020741,0.0055231295768962685,0.3986476572286404,0.23235681990579948,0.4057921730682244,0.3599117350281311,0.40555790388559737,0.17302485821455438,0.40480386352346054,0.03945078475161434,0.4053542553517699,0.030487497326965318,0.40212931769536453,0.05566819413392354,0.398806023773078,0.033385098520972045,0.40137127300178743,0.030122960386794295,0.39893640143056236,0.046201668914474414,0.4002995324984557,0.0006163614675816012,0.39846470314211657,0.0019754254890129996,0.39847342159610455,0.029002389968669773,0.3989246152228452,0.0067500089048336265,0.3986598863020924,0.0014737923874907077,0.3984655979488727,0.04941665295760744,0.39923345346059397,0.09549988584983815,0.3989922593924432,0.026078671997714797,0.3987030362939294,0.04241189887474128,0.4002731383779397,0.0973975178906169,0.39896188020700696,0.0907724808749788,0.40120674808130935,0.03206882116909848,0.3991510891113108,0.14105767316613393,0.4030728949128419,0.04805112402677636,0.39951314091384954,0.04990880997205571,0.39899522795432496,0.08637926399090406,0.398638487554509,0.14510060755537602,0.4048955584301048,0.0562571416000377,0.3998454531201952
Westminster,E09000033,2031,0.2073578914499361,0.40604803604111317,0.01414847345478587,0.39936739487964046,0.00013644509851307857,0.39846484139595967,0.26545509142319323,0.4025791466607644,0.04487914925299652,0.4010286705349187,0.03776991042782041,0.3998433873412592,0.0449730066355476,0.4001247708531927,0.013448269761170417,0.39857643351018196,0.04848400916423695,0.3985465307906828,0.06048700078731151,0.40159411480676693,0.021875440257196455,0.39850009344300386,0.003615404014640111,0.39957655718549734,0.020021022165705338,0.3986518294252085,0.011632996398679984,0.39857740906177075,0.011619671497664352,0.3985979025201894,0.03505475514779843,0.40115635978024256,0.07941440853715553,0.3992346458464376,0.078366959582576,0.4043526429578557,0.5847552539472334,0.4046365498804156,0.27779333880800516,0.4022430384095148,0.09397467478179888,0.39900969126420194,0.030429583579611563,0.40005770503182325,0.01332647103663187,0.3985575998799913,0.24998797155209207,0.40502314534310613,0.34574997313578226,0.4056964682962754,0.11974766630273415,0.4059162560391909,0.04578200949235889,0.40451268010770247,0.03026336038477595,0.3992827716017665,0.06717553909645546,0.400299238559416,0.05464329973161486,0.39909503832243837,0.03486066055486958,0.4008208182691322,0.05159196912175101,0.3996697848165397,0.0006835685109547604,0.3984642199115056,0.0012754442748604267,0.3985826552204026,0.032021138881306754,0.3996903580043568,0.00642109174316946,0.39861856551417574,0.0021335500557140667,0.39846533141904233,0.04031663402170138,0.39998210892026054,0.12073701504078604,0.4022157769824165,0.027332215159543843,0.3984947569972154,0.06132848141620684,0.3986900495215154,0.09855743050274124,0.4013490251118395,0.0988137979178294,0.40557777749331475,0.0320299358859005,0.3985290268081835,0.12718439216542432,0.40445358067042947,0.03725843520186567,0.39893265816890744,0.03843695944111514,0.39852148544418714,0.08487309615809835,0.4021870180736404,0.11921685547571403,0.4048361733035968,0.07091778444586394,0.39983121093017177
Isle of Anglesey,W06000001,2031,0.9607515240436746,0.3987791527319196,0.004274923942242048,0.3985550417796998,0.0006402662554942408,0.39846541981397243,0.014498644017928664,0.3988663718192674,0.00040667994560856374,0.398465980151761,0.0009600906784264646,0.39848565363306815,0.0008100977854682834,0.3984820696192848,0.00017003973043471649,0.3984655159803665,0.003121965902745716,0.3984935929956564,0.001249990947231612,0.3984682319603134,0.0001383599927567286,0.39846490271757884,0.00046030025546418135,0.3984661970079278,0.002959905683477544,0.3984662503907361,0.0016616426435208803,0.39848047559088867,0.0019580071758620726,0.398469690537941,0.0038519981792812796,0.3985674104350771,0.0,0.39852769064450577,0.0022929843860496624,0.3985024012923034,0.47199008553515875,0.399313766413331,0.3312633961927185,0.4028542133539304,0.14558955938822293,0.39887583880388433,0.040008472700700404,0.3994571595417181,0.011257539057701327,0.39859127762087304,0.11917032326395116,0.40214787956747583,0.16980831388165063,0.40116760863719514,0.11601663560185482,0.40065397755082416,0.07121925007042496,0.4031501917877293,0.14429140672561358,0.4024020516309122,0.1325885903617363,0.40103427933191554,0.09408083966970016,0.40090546091559454,0.06616545176129729,0.3995156793797082,0.08649770783682964,0.4027121494910991,0.03621148314590128,0.3988830989469846,0.0016664314044129158,0.3984661621251858,0.04450011074054183,0.40371270445461327,0.0,0.4038752766277251,0.019837599051541366,0.3998224498671932,0.10364578327036633,0.4008478512931644,0.13988228059848795,0.39868975917790855,0.03278061953033928,0.40177217066190324,0.06870481049084796,0.3984645637793607,0.021756482592397042,0.3990075632027763,0.006825531673748442,0.39870808066110214,0.013539928743124402,0.39855844076613517,0.03315699833228092,0.39856555933070387,0.05040999142322722,0.4014797477668351,0.10793883911191249,0.4013036731241081,0.08179745108446967,0.4034440476034875,0.20039689743345068,0.4050213497474883,0.04117312819741686,0.3984664368335233
Gwynedd,W06000002,2031,0.9223749757758619,0.40218047078175323,0.004760304828011101,0.3984643168777481,0.0006444704564087661,0.3984694873481098,0.03248472935842006,0.401400735821256,0.0019391323578826225,0.3984676785796453,0.002524173685267417,0.39879056658299794,0.004453654504215837,0.3984705747855139,0.001756278032987186,0.3984642524925123,0.0050778517709017534,0.3985062912397869,0.004710608653315351,0.3985987326551786,0.0008191516121815144,0.39846506506455376,0.0007828110837762373,0.39846906458375025,0.004709681647628611,0.39851954425998976,0.002001876905622549,0.39847743429152527,0.003943081488246236,0.398499698631135,0.004048672042614998,0.3985352402013698,0.0,0.39895226751694,0.003233351386800476,0.3985083824243646,0.49505394020005666,0.399416086669803,0.324094933689389,0.40128680204788064,0.13085944622002343,0.3988418690210963,0.0397801628460297,0.3984855144235221,0.010246200868420707,0.3985257319321264,0.10402728389158909,0.39848430019473446,0.19042873287694473,0.40363810318217425,0.10930443094468623,0.4008888468474533,0.059892897116957666,0.40339282338690324,0.15254804898308216,0.40066738291272197,0.13977156527588086,0.4023957142528774,0.08071872544383357,0.39855386664127423,0.06847608022576196,0.3984682858587125,0.09478633386698032,0.40335229639780573,0.04248224532033129,0.39925640334164947,0.00223389098141058,0.3985447487433046,0.04515986613035761,0.40037289227437917,0.0064333947481247655,0.3987214813554275,0.014792130796694669,0.3986811196031324,0.0972557036803773,0.39848343798602615,0.12232953638825128,0.4022955732129923,0.024406410620640973,0.3995850657410567,0.07257332245810089,0.40283600787539164,0.026988366748882386,0.3991537750141191,0.005607097918938098,0.39890466205049846,0.017822233086772665,0.3989865572748032,0.03510793120597802,0.39849714077266796,0.05053017014660077,0.4009153698651315,0.10331544721668617,0.40435212287228506,0.10168839591134393,0.4026783923516293,0.18415956389454058,0.4042109668404334,0.04738602187910679,0.3994481598357985
Conwy,W06000003,2031,0.9275293983822821,0.4029409460716172,0.007402199976026228,0.3984643969118185,0.0012389657596011405,0.39847064705994795,0.024974201502422688,0.3996613097896777,0.0019458735197330074,0.39847286899329876,0.0042697725930404135,0.3984785089912406,0.003736292352947576,0.3984779074084287,0.0024991564073446326,0.3985012474623831,0.005361509282999832,0.39855506587083345,0.001822410476280123,0.39847401025608226,0.0005756433662980481,0.3984643805007905,0.0005805792978251616,0.3984655895388767,0.005534383089704498,0.39860191819465246,0.0022020533196464437,0.39848208759472176,0.0031226055312146422,0.3984688238889881,0.003150822570137518,0.3984920683332938,0.00030668429459240754,0.39849296549740526,0.003595725621509699,0.3985470068835241,0.43654588828691954,0.40134662955435957,0.3472521268015285,0.4029442633755019,0.15479605368892002,0.39846568754026906,0.047391060910852545,0.3990602688352634,0.014093904992136419,0.39849892421213234,0.1273051440337003,0.3999036073794719,0.1848978531970693,0.40331549185568955,0.12461209700130604,0.40177386588085784,0.07146164013209377,0.402781181292515,0.12336987337086525,0.40205416754782586,0.13763004676744606,0.40092941276050453,0.08328434405710172,0.3988953494058852,0.06163276821295265,0.3984729349327939,0.08576770945716117,0.4025997617991704,0.026995678492650943,0.398976828345579,0.003428678057569551,0.3984731049466046,0.04147949526169792,0.3991889349652273,0.008240785777313409,0.39853904695504777,0.009099134750137988,0.3984964414403913,0.09054715847265282,0.39939432151476817,0.13401392964213388,0.40407171565413985,0.025582633552395206,0.39995703562007173,0.06925736439588714,0.4033797403463341,0.024206002121022863,0.398838039932008,0.009749281189383341,0.399428522926285,0.018031287792988238,0.3986317570061442,0.04157135555350483,0.3987581689261501,0.0536156420281122,0.40107161645930434,0.09792507719495491,0.40302016002534696,0.08744671625959421,0.4007713414465386,0.21336370803744398,0.4048118369908666,0.04556199580411591,0.3988195609048137
Denbighshire,W06000004,2031,0.9328418870211896,0.40236911154215943,0.00443391561732806,0.3984863160307622,0.0009233206652126263,0.3984686554145409,0.01882948456311595,0.3991093383166842,0.0012156800200461603,0.3984642327610857,0.0033476574241545626,0.39846588642573166,0.004343719250138212,0.39850890215516405,0.0017882510929295731,0.39846440007732414,0.008433035454825877,0.3985375256492863,0.002605235147020324,0.3984957018591083,0.0005425634402236208,0.3984646229636892,0.0006979072290259278,0.3984672482647188,0.0044134447531354315,0.3984977429759277,0.002504240325514051,0.3985025365397427,0.0038386553158284153,0.39848321128095354,0.0031057082319684015,0.3984956622013561,0.0020444504236739602,0.3985015090302292,0.00397435080825026,0.39858282957007835,0.4340182176791725,0.4036967211821969,0.3382751605366905,0.4026365243514943,0.1581307593572232,0.39993474368930515,0.0511980323270701,0.398911666272085,0.018226626404663937,0.3985251960850167,0.12405852458040822,0.402717056370979,0.18165756436192693,0.4018954199021893,0.11909187075557104,0.40153219857658984,0.07179686274612962,0.40280410174461,0.11706885013077173,0.4033081161062087,0.12738151143626242,0.3988247906741573,0.08682265619890006,0.4000418023772003,0.08643481015334586,0.4002831907250631,0.08549227079893384,0.40331316616714397,0.02995185795736266,0.3990343289775712,0.001990999599194042,0.3984656152115535,0.06510213919162045,0.40284428593354654,0.007437870576776445,0.3985016148261133,0.008115109401876389,0.3984818168196158,0.09858982549116746,0.4005445322078053,0.1442934449149393,0.39846427260883294,0.032784148814665404,0.3989287440125477,0.0438375584059334,0.40279523089198926,0.026740694554508337,0.39955055889284724,0.008222132085452749,0.39968017082805757,0.015025582801239168,0.3984764930714712,0.03940517078727887,0.39850751752766717,0.046858332584907236,0.3996594974613233,0.08488930946484219,0.4015239123897114,0.07786791434925755,0.4021873194726859,0.23316645927860336,0.4045860120267025,0.03579200704880492,0.4005845634814343
Flintshire,W06000005,2031,0.904760379585408,0.4051386362801077,0.003600576340381856,0.3984767743754922,0.0009597460430302851,0.39846582090563065,0.05792000342949555,0.40418251690185564,0.0,0.39849572393883537,0.0027007405463460032,0.3984690135457175,0.0031399993113567087,0.3984844796967583,0.001074339415169337,0.3984678033731803,0.003980152131549564,0.3985318330365324,0.0016532863195916764,0.398480548878204,0.0005212783815700291,0.3984650726275483,0.0006360836782672782,0.39846860503090825,0.004794928290859202,0.3985981031189938,0.0022828375499451548,0.39849543874211174,0.002510422317505326,0.3984723625071152,0.003389098759960546,0.3985228770595527,0.0008520256697396034,0.39846809788702636,0.004994472992651877,0.3987213159564401,0.46130546421155083,0.40278742937855844,0.34429127585011465,0.4017778268181043,0.13803081263577222,0.3989654999050142,0.042292854015394066,0.39852753245910855,0.01404174542283751,0.3984983238551811,0.12610602567420193,0.4038583733300551,0.19343199935088773,0.40524740951077515,0.12573360542067347,0.40121413762733293,0.07899615478337285,0.40340404108063443,0.10412356898451769,0.4040963831457267,0.10291275194994032,0.3991231586818188,0.0691980136878172,0.4019067088951166,0.09805337832287697,0.4003657956775809,0.10172983008271252,0.400819510129441,0.011899188457990595,0.3985621651235931,0.002031172051856836,0.39846604020501325,0.12398628763562503,0.40546088404780667,0.007220569178048704,0.39846807030190223,0.009515881681130572,0.398476951826733,0.08714675601154376,0.39978132853920756,0.1566706719380122,0.3989592187064783,0.04821366683769335,0.3991903443909445,0.03401491153141856,0.4014151507860582,0.02704966450189461,0.39924811136993715,0.027169104533639077,0.40024842511512043,0.01130771703141581,0.39853658660112706,0.04523103784426688,0.39846511821401687,0.051542442365350216,0.3991987137063947,0.07667577913439882,0.40172896353190546,0.08703893650062847,0.3984772381032187,0.15535217675987045,0.40471401606765095,0.037626269983634705,0.39846871996516564
Wrexham,W06000006,2031,0.8835236490724672,0.4048477154510341,0.002685366024357136,0.398477305720547,0.000987012857816015,0.3984648762115216,0.06332294501643654,0.40337239955455517,0.0025429500803582777,0.3984787532636428,0.001366074537817119,0.39850939448484174,0.001673227642947861,0.39876302522218077,0.002825282379831512,0.3984951705079066,0.0076394222427519365,0.3985744361621197,0.005752857568897318,0.3985123951488135,0.0008587568190818393,0.3984669035857717,0.001696489430042858,0.39849122853231667,0.004158925535017038,0.39850683425540334,0.004423438640482169,0.3985968634103039,0.0036718121849079466,0.3985055138246616,0.0032026759507892133,0.3984927188827315,0.002503953699450834,0.39850933878037176,0.006896267316980231,0.3989173389480386,0.43710533713756394,0.4039860844471349,0.35571172567889553,0.4035464146108632,0.14487915060639955,0.39867470425451124,0.049069018004336426,0.39846991538039067,0.013102018032246553,0.39846947354916473,0.10937640770964796,0.4028049604271156,0.17170550290210063,0.4033178046897944,0.11556231703329178,0.4011786860554082,0.08200575808294053,0.40237911804120197,0.1108230942464501,0.40227989516910523,0.12226588443797959,0.4011597676405576,0.06707146945682596,0.4014103156819605,0.1097892821422859,0.4000192332426086,0.1115148857991044,0.40035325826888574,0.017551650324570123,0.3987433329798286,0.0013055721344778226,0.39846511811831103,0.13401261021545885,0.4049440438441603,0.003667878384613965,0.39878628298761926,0.009872258098811815,0.39847037553073916,0.09163670347968722,0.4023598185429995,0.13901700633145753,0.4002431305457805,0.03666455569399474,0.39897027221280507,0.034350759665281005,0.40066088029428176,0.02441597226908221,0.3989644117680986,0.018083442412940687,0.3996504986197187,0.009922942393898765,0.39849130895920404,0.03416828736650068,0.3987699541870509,0.05583814701297918,0.4000577844649153,0.07337916134697364,0.40031774429205547,0.08349478031108892,0.3988187718947225,0.19547953894040226,0.40498156620592035,0.03724013282516003,0.3986182676642502
Ceredigion,W06000008,2031,0.9064929480378177,0.40272525536122394,0.005744493129043467,0.3984685118398075,0.0006253372082338088,0.398465942276837,0.04436463924454914,0.4009323185182297,0.0009319064470269915,0.3984652232799464,0.0047065572633739755,0.398467276599079,0.004268547071016093,0.39846873118648124,0.0029634807418202624,0.3985147264463562,0.0032988458655020658,0.39846459888307956,0.004853167536200298,0.39856544456827964,0.0009407265967267542,0.39846473951665023,0.0008986917221602969,0.3984708985048654,0.004842892873931526,0.398497451420348,0.0025712536972137268,0.39849948570548166,0.002707326698278635,0.3984643582860421,0.004376513830283674,0.3984995201643761,0.0012855847042099189,0.3984883598834817,0.004028440649035819,0.3985022437899833,0.42961105570901115,0.404549758328465,0.3519105896368693,0.40356330951342556,0.16012778574129416,0.40098150665710536,0.04496469101011191,0.3986101989152307,0.013324255140627878,0.398511570296972,0.12697660519616782,0.4035526794282966,0.18886684217719463,0.4021184309961324,0.11307741806413518,0.4018260600114568,0.0647411715605104,0.403854122009389,0.1674745936207822,0.4029358250205374,0.10854112824049178,0.39932229088919363,0.08557223080253862,0.3999697670641039,0.05457164607424125,0.39875340774381546,0.09001105355493211,0.4031320587373544,0.0820195803290602,0.39980911309101125,0.0008750410084892857,0.39847443350984924,0.042081402321009875,0.3997080010779941,0.00590391847411692,0.3985069240113137,0.008062138350033984,0.39847844050336584,0.08627844892162577,0.39848394789428615,0.14590367338561785,0.39851386918432924,0.025662461899203293,0.3988078138944553,0.05968014140986,0.40243521985184755,0.024434779123388206,0.3991878937298585,0.009524746613758517,0.3985293866979801,0.012935607512986225,0.39849724394688407,0.042469656187659355,0.39851553337262896,0.04770885778446754,0.40139625164386544,0.09284980180413793,0.4041302303982678,0.10468776517314904,0.40495944063973477,0.16039544266574257,0.40309990172128407,0.04843367953522648,0.3998439838064028
Pembrokeshire,W06000009,2031,0.937779941711927,0.4015376043122344,0.0045854192102816604,0.3985336476764851,0.005571559471958004,0.398512993781025,0.022698467447199056,0.39937122940190567,0.0015161569610657594,0.39847064810655985,0.0019054177716193235,0.39846497316863655,0.001177664265717998,0.3985005582432902,0.000683126480813076,0.39846442074039895,0.0037824219747818674,0.39846433038006346,0.0016035705286935736,0.39847407549035313,0.000529895934717476,0.3984646295219386,0.00034592000058691094,0.39846422049288693,0.004322193829766646,0.39853146125133193,0.0019863146415176336,0.3984898561014054,0.002650263238209438,0.3984719279710106,0.0037972046423702666,0.3985509343848916,0.0010023526427273902,0.3984678072898758,0.003996694046415006,0.39856949684241905,0.4413150841205882,0.40016032795856893,0.3421010048543849,0.4010605574839199,0.14909112976611216,0.3986345014956836,0.051237614261193595,0.39847550480561844,0.016299365580968894,0.3984663600527408,0.12786589352158684,0.4026155422931112,0.1571828627494809,0.40298144465616004,0.10332547275387907,0.3985496339865544,0.06844955154909504,0.4018887919470284,0.1553896760351785,0.4037730217980577,0.14262412785982237,0.40289384980355936,0.07593972057142373,0.39881707159666396,0.07014704698468732,0.3988002924505357,0.0991404364772972,0.401025822569862,0.0600775978425514,0.4003963882890232,0.008259813851363762,0.39865186316374035,0.041514446279300454,0.4039411058677228,0.008715331268640047,0.39848542814180965,0.007301237871870533,0.39846444431361794,0.10074864597628219,0.39899348438075133,0.13660401320576065,0.4019136266355599,0.03203441952966313,0.39936235387445496,0.08603402354764342,0.3984709684074785,0.018968372019277036,0.3990517365461452,0.007299489584551844,0.3988481077332283,0.00933664721962732,0.3985419804263047,0.038220597431961045,0.3985896925892721,0.054185763815252974,0.40143389946229746,0.08103017440504012,0.39911579269700115,0.06792397508384207,0.4027302048145599,0.19524361077455143,0.4053549027394939,0.04677060253617088,0.39877304729665775
Carmarthenshire,W06000010,2031,0.9252722763562105,0.40347168484722534,0.0028235327560170165,0.3984872720782794,0.002814382237831009,0.39847808263259166,0.032108511036719856,0.40016647659197013,0.0008189796351195967,0.3984646883563823,0.0024013869223968587,0.3984728005841856,0.002920525657995162,0.39846450747461104,0.0016882375718404036,0.398473776648524,0.006813712383244075,0.3985898666521341,0.0019943690105451994,0.39849059434165574,0.0008400478982332482,0.3984648673337905,0.00046496669283237896,0.39846477438277644,0.004739075939101556,0.3985703556263837,0.0020519649235421766,0.3984922037910553,0.0028619737415301882,0.39848090898219085,0.0033121783063922994,0.39852535084193924,0.002072377489690108,0.39849004029593615,0.0038077179900362634,0.3985787112833231,0.4527493795539873,0.39859654884106915,0.3310069700969658,0.4032348252681536,0.15075537594945598,0.40022402546351055,0.050048637909377414,0.4001898045922778,0.01556681478839328,0.3990042120986763,0.11219426707630742,0.40203323893316206,0.18698163098391873,0.40406798562951013,0.11808014563496694,0.4020068009854279,0.0722335276944448,0.403737167138877,0.13354023539287452,0.4034401659794681,0.1348181058463811,0.40251713666400685,0.0795029185068965,0.39920535884670993,0.07590525146344818,0.3988439321982281,0.08673768818620697,0.4029049196216168,0.04359490460545723,0.3985333659576442,0.001175686289526079,0.3984969996806576,0.06847555770085778,0.4015371716664408,0.00414478187064779,0.39846745055297367,0.00924069099198363,0.39847066847796253,0.09282395961750331,0.3986150824795166,0.1374511085721717,0.40328960460631885,0.034478943367872716,0.3986732398123568,0.03736982802403932,0.4009866086588487,0.021334183085018332,0.39874270276154283,0.013892811546386885,0.39887525518847544,0.006746512133859128,0.3987130583687113,0.035432822972391476,0.3984710864648389,0.03713416489294624,0.39872197576186613,0.10896681905350691,0.40149601738054785,0.08504434905503744,0.40176303756108955,0.22354443540226665,0.4055229955836277,0.039624725258102594,0.3985147656816235
Swansea,W06000011,2031,0.8355436230487889,0.40569232415207857,0.00470918465075246,0.3984643684204756,0.00042331751961226065,0.39846428350967333,0.04777962199678365,0.40310826313356174,0.015790044119765145,0.3992187936742343,0.007630605640791557,0.39847706396766813,0.011955377181650517,0.3989107425368704,0.005484945841853384,0.3985904962917354,0.013834828814466182,0.39903142097910554,0.011473328502368485,0.39872126443628153,0.0012436089110831466,0.39846809556722096,0.0023468992533374755,0.3985155342852197,0.007449778159895004,0.3987043260243765,0.004434501279905578,0.3986120082441363,0.003303121175280671,0.3984786162708231,0.0075177948385736215,0.3988314543099236,0.006159324995122548,0.3984763619468633,0.012145770245194476,0.39952718918036123,0.468172511409533,0.401500412229196,0.32582505074473467,0.40380289451031715,0.14003607491983971,0.3984654246027632,0.04912209460028505,0.39997869600995495,0.017004029876625915,0.3986236488379602,0.10983714244949994,0.4024520831777363,0.22664941447432785,0.40516441116686464,0.12101212732985567,0.40050467937469925,0.08843727469910068,0.4045890621864356,0.09544668482783858,0.4010259849698281,0.12017243888751805,0.4023532990348917,0.08007680255057359,0.40337657714016345,0.061198768033714324,0.39867204843172127,0.09726521096943808,0.40228142296817077,0.00459648795428072,0.3984710447279741,0.0014011299560520098,0.3984642242542173,0.04760758850287239,0.4026143059273499,0.004862077902381384,0.39847646646070106,0.0065514058447249945,0.3984808238556302,0.07804762823509703,0.39901346739364046,0.14292966254180328,0.4030672725233382,0.04123446187904348,0.398472897158882,0.044593116708868674,0.4022643114535375,0.02335703054032734,0.39898480159100913,0.037523432500280174,0.39859740978679936,0.01344535569593773,0.3984644141052506,0.04043990321672279,0.39848097264624605,0.0405822627329979,0.39846538766575446,0.12497972262123636,0.4034816698984328,0.10530057431685513,0.39880312192954165,0.2122834912434559,0.4053420748751124,0.03069693550321806,0.4008520238668635
Neath Port Talbot,W06000012,2031,0.9304933714281574,0.4042897644457975,0.0027611446717950433,0.3984698056880788,0.0014869219699620087,0.3984691806299321,0.017646946800291996,0.3997212571329387,0.004878147513002307,0.39856254381264233,0.0034166565092436374,0.3984923656493502,0.005357186296055527,0.39862025255140077,0.0022352304897260145,0.39848955049856827,0.005819281546379063,0.3986022284784008,0.0031228699978702867,0.3985467554950032,0.0008345639182874356,0.3984666756092798,0.001198055546738755,0.398478459780084,0.005011042014822498,0.3986009975101357,0.0024026590496430134,0.39851313095401986,0.004744757841309066,0.3985202471372135,0.003453367926009393,0.3985261489668689,0.0010866283674352412,0.39847128420054834,0.0037259380204193726,0.39859392332521826,0.4581270442247306,0.39939478097216324,0.32336866258546637,0.40437922961485945,0.14691835958990218,0.4007737072483209,0.05328603897339157,0.4028274738704952,0.018449850928869416,0.39915676847741716,0.09802711998106184,0.40193900473045424,0.18342528114667456,0.40515547445060696,0.1304606097310761,0.4035530298509628,0.09840563419701187,0.40344784801191236,0.10566903812894779,0.4031750073011654,0.13243904074258572,0.4017018500804732,0.08250404208298578,0.39925038838971405,0.08106968427266947,0.40163017235884557,0.08814014432859718,0.4044271863782187,0.004950154302670845,0.39849342784640385,0.0017382247254020822,0.3988547152540269,0.0777408114185052,0.40549633214405156,0.006821158545606706,0.398484245714808,0.008149467021386692,0.39851161791464146,0.10000647120833217,0.40048984742194027,0.1318438613945183,0.40073737552665284,0.037357920693999014,0.398676642721618,0.03543303843114298,0.40004929630998215,0.02254380544804152,0.3987215506936472,0.03085433560740887,0.39846432903637075,0.016082428320966846,0.3986965689425489,0.035443500137811335,0.39865369208884804,0.03853103934353047,0.39850912328919824,0.13337044808487075,0.40405361671638873,0.08635001887636232,0.3984643233807701,0.2058047522509936,0.4052992332368642,0.027066867638360748,0.40101744366196085
Bridgend,W06000013,2031,0.9335539403514641,0.4030072958736717,0.002816232796937039,0.3984691241413279,0.00033262420085689894,0.39846442227350487,0.0211168206530441,0.3991884696757847,0.0014130861443336362,0.39846919950020926,0.00416867688574471,0.39850071171903806,0.005616344382910199,0.39860600714508404,0.0015876211094700277,0.3984713541733613,0.005564420946248622,0.39848157713209853,0.0024217161515771024,0.39848911609750826,0.0004833220443828598,0.39846632355177947,0.0007096269587911624,0.39846656774535105,0.005272318140972954,0.3986221731565985,0.002943385427590983,0.3985249625978705,0.004240167627935609,0.3985103259521698,0.0033990826333767654,0.39849244679233414,0.0005605426968726341,0.39846422539477194,0.003635067695951677,0.39855509642871856,0.4568527290243185,0.3986793506317804,0.3347714280041658,0.4040419647127625,0.14594528319142686,0.39879744554682106,0.04570357349455101,0.40226255214159684,0.016879835413524114,0.3986984369260793,0.11850087899177941,0.4030868156245411,0.21162532830825675,0.40538175472414084,0.13495421718222378,0.40211307083524994,0.07509881172933275,0.403617984981144,0.10117593377610756,0.40271907199457163,0.12226059075268259,0.40095374170482756,0.07432683133438589,0.40219121635687416,0.07296112770949614,0.4010429900281935,0.08935439014285596,0.40366077533559386,0.002937328329425948,0.39848265512785164,0.0008835137184452224,0.39850464112120554,0.07873454674789926,0.40517186774270714,0.0064503302169895416,0.39846453324861625,0.009914184116736363,0.3984950487424624,0.09550162097415638,0.400022160565565,0.13908147142257166,0.40210953051405696,0.04332211839103711,0.39877937933919483,0.03432777229198436,0.40200424658389305,0.04029640649181565,0.4015889455458793,0.020958906910089725,0.39976874361134757,0.014276303185829842,0.3986852832548872,0.042000318947279625,0.3990743836024738,0.04228715328997129,0.3985249415067004,0.10513689579708774,0.40098253078658036,0.0886432051595874,0.3984690416929721,0.2006414164378585,0.4051931725591601,0.034547414005320354,0.3991513534528192
Vale of Glamorgan,W06000014,2031,0.8963799556475438,0.40485877711257284,0.004933312982003404,0.39846443814949367,0.0005557946161214647,0.3984663619108636,0.025571117442161784,0.39967683681958177,0.001639718486755995,0.3984707827008636,0.005160759997264397,0.3984987693696426,0.008978195441127379,0.3987407285937668,0.003344977696423501,0.3985018230369571,0.007697228110339793,0.39857890636948723,0.0029601518711969976,0.39850269149397016,0.0013345064921296834,0.39847037040801103,0.001269395846533919,0.3984711242588926,0.007655147076324198,0.3987112102328679,0.005229090990654717,0.3986129818747373,0.010183094875093168,0.39883034023266745,0.008540169817886856,0.3988667193719506,0.002666730444149945,0.39848763961234146,0.005440113227586252,0.39869202569014683,0.48988736877499883,0.39962760908940165,0.3244456872898484,0.39868253763942135,0.13031162300135923,0.3988329652113698,0.04063310269912879,0.399350679652939,0.014725863710391692,0.39846455849216067,0.16098715277287212,0.40496170207095383,0.25766512906944605,0.40562810734646004,0.15032537384079847,0.3996332657587227,0.07813669046705485,0.40465304201477503,0.07481654832798768,0.40397682181895117,0.10423904173955446,0.39851558530441133,0.06808297028459886,0.4018290180937988,0.04629072486971375,0.39930022347917965,0.059890797574595034,0.40330263822997336,0.0061129344029830085,0.39847119703977724,0.0009527339970180834,0.3984665201859002,0.032839334430329714,0.40421865429467985,0.0035656833389887677,0.39926217418427273,0.008781689754009114,0.3986596308599917,0.07678626280202608,0.3985085022112771,0.11319502608398357,0.40381060460802265,0.02814280920096679,0.40173604542320185,0.04089067711446437,0.3998773589054373,0.04890440098954585,0.40225156647311394,0.04529787413713601,0.3985471160840538,0.020110776309012035,0.3989523246051375,0.07506516060313029,0.4010160653787099,0.04123409992297555,0.3984765273556098,0.11398729711805955,0.40111068315948356,0.10497996452418262,0.39871161675677824,0.19141535228428808,0.40480359038883723,0.047727272699504435,0.3984646975821174
Cardiff,W06000015,2031,0.6687081470824818,0.40602141015095117,0.0055559463834114475,0.3985099111371362,0.0021997012204500177,0.39847102254868183,0.060398619876812276,0.4027348085300264,0.0239102443512057,0.3996606415358871,0.0156010716935997,0.3986393537665599,0.02595054566890803,0.3986033639468826,0.029061007464023625,0.3998223313893518,0.0175987604109063,0.39870571394664295,0.04317011113460678,0.40319893187718375,0.003635018662214145,0.39846470110420235,0.005983404698862063,0.39848349844831343,0.012537433533766795,0.3988615944064778,0.009319457108926232,0.39871603224219354,0.013172907090226393,0.39856245522711725,0.015765277868016292,0.39956029706588037,0.02284415404936402,0.3995207633589458,0.023242536397920732,0.4012147183915911,0.4988366040289263,0.39878697524161366,0.3251774623332291,0.4006886582074568,0.1222720952219446,0.398475042350496,0.041102629782266975,0.3991523477123033,0.012633285178625386,0.3986180928203558,0.11998354939710243,0.403419055247421,0.3128173179413789,0.4057809385507758,0.14426500901350392,0.39964067950175103,0.07103233832111489,0.40489826174726445,0.06408896595411617,0.40121357735132185,0.09377957873843568,0.39951840695254826,0.0683759739178944,0.4044356558480258,0.050601200866088464,0.3985170531755478,0.07522017515047708,0.4037646296532955,0.001236463669219895,0.39846658636139937,0.00045283583586964884,0.39846422287034494,0.0350241995460987,0.4016663755524597,0.004511652488048967,0.3992812074269099,0.009281170354446089,0.39853523879787384,0.05667856342161781,0.3984927695244403,0.10301809369879944,0.4048588347045852,0.0357944818230482,0.39851197044094555,0.04336948756921055,0.4032870643757109,0.056088124161972175,0.40089322774315905,0.04787441270138992,0.3988294070131672,0.015302371339799892,0.3984753009618094,0.07132821210286355,0.39910178405965274,0.044234158721251304,0.3985119996775488,0.10767952154385219,0.40336113110707145,0.1202940681499105,0.3984938585988807,0.20534228370005358,0.40539524993080595,0.042671447858458667,0.40031520261950854
Rhondda Cynon Taf,W06000016,2031,0.9402595770389865,0.4023333569250308,0.0018684514377045255,0.398469547041906,0.0003527609114093548,0.3984644453672535,0.018856998667670988,0.3998420618975531,0.001609870193992155,0.3984831071466533,0.0030023119259871556,0.3984976300603577,0.005229008584924394,0.3985468505457398,0.002253328939892746,0.39848172120609826,0.004433142378977427,0.3984669542031172,0.0014878545617732497,0.39862216879928136,0.0005520149169699964,0.39846445628926697,0.0008091205731713125,0.3984679599901208,0.004141436314299168,0.3985414974789304,0.003551823040570168,0.39856841348204664,0.002988397439826422,0.39847003806305054,0.0035603903144119375,0.3985256423271293,0.000979468891256715,0.39846546372769315,0.003962649981788635,0.3986116247691149,0.44206650141611037,0.3990256548854405,0.33789265384276623,0.40450551178638916,0.15159173637266254,0.39912784255262906,0.05159431373339318,0.4023272540417823,0.017096139311454484,0.3987645632961924,0.10041599197117135,0.402275417793439,0.1868035721610939,0.40487741332450644,0.12806778230175686,0.402767978671523,0.07639306609164453,0.4042247261470906,0.1218399049998733,0.3993288719777648,0.13117183031074053,0.4003151436338165,0.0837924991248471,0.3989766590401102,0.08233843356281523,0.4009880462047888,0.08919893775754151,0.40442825295802853,0.00336775269533085,0.3984819837624311,0.0006698739486214467,0.39856617144775014,0.06897481786367088,0.4052350215226381,0.007358420653007708,0.3984865698252029,0.010159399164688582,0.39847501607537034,0.12279987479613452,0.4016163694008391,0.12603013281384579,0.402581676054947,0.04373035015395477,0.39876492383827206,0.03393729897654851,0.4010091236700026,0.03131385756252891,0.4004798797346135,0.026183046015494926,0.3986421941629187,0.012386134539642796,0.39848353222478894,0.03364714617031864,0.39846542848157657,0.04216780799677444,0.3984884950559044,0.11292937108775991,0.40411828280187995,0.08976846084779555,0.3999533744322352,0.2009102740363895,0.4048605525741705,0.033723891025002284,0.39931433406620975
Caerphilly,W06000018,2031,0.9526305726464823,0.40181759491806107,0.002174398378429296,0.3984642957960743,0.0002573509341086671,0.3984643183791915,0.016123477586968638,0.39921966582873647,0.00025191655993790554,0.39846429393681015,0.00230772492878889,0.3984672148568786,0.00333281331780938,0.39849605106620306,0.001068456056106587,0.398466263930926,0.0034743479872378635,0.39849223452206134,0.0007879758415211494,0.3984643936264923,0.00043348000933662173,0.3984647443129025,0.0006346413373262694,0.3984690385151932,0.004386803946403783,0.3985683105503438,0.0019689788687515947,0.398482756735503,0.003572683442227151,0.39847928276371364,0.0033468400631377904,0.39850962248451005,0.0006107928579525343,0.3984650059634137,0.0025548238159836534,0.3985105779364764,0.4306305948145279,0.40039736458776654,0.3381498748726255,0.4039630404397756,0.15496576304727971,0.3987242639877708,0.05649844445330898,0.40084473578673185,0.019928534653366387,0.39849322255736924,0.10622421433997209,0.4028073266811718,0.18253084416852072,0.4052037016168222,0.13428854415871472,0.40294036100349084,0.07807782802334096,0.4049933869849596,0.1056811603358696,0.40220604036625424,0.12098786416051532,0.4016142361717787,0.07940793453281803,0.4002174204097655,0.0952761290406885,0.4002300139141466,0.09764331863736819,0.4033327901558852,0.003920667548443474,0.3984899799620787,0.0011469118208789209,0.39847036380206996,0.09803248357161376,0.4054302416074945,0.007598124067851403,0.39847580798706506,0.018733613034786933,0.3988664457299156,0.10260600485306348,0.4012023028774461,0.1322407976536346,0.40157654566263434,0.038104579819081164,0.3984761785970626,0.03197801642279319,0.4000787311084199,0.028401707793373476,0.39954281346836856,0.03336112899136087,0.39850434558236253,0.009796155769426787,0.39847847612981074,0.03597298858230538,0.39851042140621457,0.043867956789956836,0.39847734636095045,0.119808750664268,0.4032339897153863,0.0846872563563531,0.3990365966080147,0.17788180354531846,0.40513229205274953,0.03185977054323108,0.39895445321077666
Blaenau Gwent,W06000019,2031,0.9397676265330119,0.4038587819339664,0.0012916564010460353,0.39846462393060855,0.002917628307171183,0.3985141836147553,0.02799701766652074,0.40164848414587895,0.0004043679192536659,0.398464233183833,0.002427901793305959,0.3984707528472056,0.0034363402643290894,0.3984683805088071,0.0015496396917830946,0.3984780684432997,0.003733059788544879,0.39854203767267526,0.001460370891144272,0.39847033442807445,0.0003953522090364165,0.3984643032357977,0.00021119969363492253,0.3984644403705582,0.0025916690135457804,0.3984804608302494,0.0015324541255421487,0.3984787972984371,0.004185554985117662,0.39851232926830066,0.00297569659697694,0.3985048873548531,0.0009528850592352839,0.3984728257394206,0.0019793601546772843,0.39847470390052614,0.4019806382556572,0.4012657673176184,0.34712188776968356,0.40447724567557913,0.167580448444104,0.39846425348775105,0.06170686066601183,0.40179723064137335,0.021870627688006294,0.3986348627030044,0.08513494075146588,0.40109914957607856,0.13258973123922502,0.4024842811884336,0.10996619667741392,0.4028110684994131,0.06499563556347576,0.40339695023099986,0.10420547930240032,0.4030723793573599,0.16858455653930626,0.404189214568459,0.08210622965494174,0.3988157049195822,0.13753663092830853,0.3984699638417214,0.11476183837981324,0.40452052629417073,0.002660868364898452,0.3984655608869183,0.0006075532379308246,0.39852482550074486,0.13702894477052396,0.4054230543185683,0.006383344272361688,0.3984685065288679,0.01826885367347153,0.39862330758149706,0.10178310884834962,0.4023060945007927,0.1450794665367886,0.3990313379279186,0.034247917056044797,0.39871536587892437,0.023182429908939373,0.40236057926298885,0.02258722828926918,0.40014654609498607,0.01521582263993898,0.39849170555357294,0.0160895421593214,0.3987531882238249,0.0259921578227168,0.39893658987630004,0.04212175118408673,0.398591793413968,0.07879871434493269,0.39935380736624226,0.07016018235192367,0.39941348479717576,0.23146512695158972,0.40528036604440665,0.028250515403300147,0.39949437270832466
Torfaen,W06000020,2031,0.9362452554931218,0.40371886094801734,0.003049302732435359,0.3984656789154583,0.004008833254688038,0.3985387344929428,0.018882777138651496,0.40026575953336235,0.0012618367910510395,0.398466294997351,0.0023106933436872583,0.3984642289568538,0.0035922962608243014,0.39850502368736607,0.0012616068590908178,0.3984686285171237,0.006833553515244978,0.3985127879102092,0.0020199558353762026,0.3984960460907661,0.0005354589270677029,0.39846683911990155,0.0005133103351246289,0.39846449557234964,0.004168946109597671,0.3985625423142648,0.001807042905102113,0.3984706706885116,0.0048005885188968644,0.3985319382385278,0.004264999958234261,0.39858078075798653,0.0008335365824739677,0.3984707416406767,0.003388160139753793,0.3985515110034862,0.42011411667889265,0.40020821824626807,0.35299686040344724,0.40315337802945095,0.15538586373660343,0.3984642365584718,0.05565967092796997,0.39964095832042784,0.01598717935477756,0.39884222699592514,0.11512051094626052,0.4041094932842544,0.17399118470918573,0.404827853769316,0.13823717351436393,0.40364210198486067,0.08364490187920337,0.40431164193090885,0.10216133762310076,0.40361999290690187,0.11906228516290318,0.39918469800522866,0.07657472017229705,0.40128196318304016,0.0906209456312066,0.4000023791301603,0.10082687005010627,0.4023539411878039,0.002656821403749468,0.3984647811350894,0.0001004985671765185,0.39847008449526883,0.08659478003059018,0.40529018706423314,0.007237556721959144,0.39846472321336884,0.012968594657239985,0.39870085828183943,0.09952666163353796,0.40003777177728267,0.14900509592014255,0.39960483666035745,0.04168450922269497,0.39848363728557384,0.031167149640640712,0.40067824316864675,0.026845010960811377,0.3993543383567205,0.02815065831308211,0.3985062545873599,0.020980228695609237,0.39846514583047243,0.039467424768631076,0.39926257597262277,0.03925768554683798,0.3984757781976385,0.11320430381028679,0.40094005445078884,0.07529642246750079,0.40041395689670467,0.1921822505091173,0.40524364246411554,0.033649760482747704,0.3989427733384593
Monmouthshire,W06000021,2031,0.9231451238701194,0.4042535650764468,0.0053629158411448025,0.3984793990876438,0.000699729157834561,0.3984698931057897,0.029079777011365993,0.40058243752586764,0.000677320090831799,0.3984650276438023,0.003821735321775238,0.39850524396561643,0.004116817066944972,0.39849316741141877,0.001419193325919152,0.39847388895759517,0.005522977203260532,0.3984956017693404,0.0019485448710618858,0.39848043620437235,0.0008362211345026779,0.3984658847321466,0.0005614026655376969,0.39846598198861033,0.005506915531512835,0.39858673244817977,0.0033391594406968483,0.3985720558979334,0.003684547452052128,0.3985086999918418,0.004480386060667363,0.3985623959153847,0.0011323203429211837,0.39846622330900366,0.00436801166565004,0.3986544004980333,0.46476380379871735,0.39847467592548214,0.34925481658631996,0.40024168667736615,0.13221211632672125,0.39927198916474016,0.04171060640832713,0.3986827032158075,0.011971807983625016,0.3985020050254665,0.17914347340300463,0.40505221497534183,0.23164616589730036,0.4032562575558073,0.13679802398668905,0.40190563134139645,0.07928783901929526,0.4015854737638476,0.09928233109824403,0.403476366271507,0.07876139545557614,0.3992433600304587,0.06314407956131995,0.3988939309751881,0.05786679625384528,0.39846558499253576,0.07427516569724624,0.40421991788796324,0.030190557221115716,0.398509268816433,0.0012563527037588867,0.39846568435847074,0.06341640660662007,0.4035663609625232,0.005581523658827708,0.3984642500758841,0.008377723150557771,0.39846611963943407,0.08837249687396298,0.40021198388751966,0.1380657389545341,0.402475597247344,0.03581307097428511,0.3984677484638647,0.03368581528121517,0.4023241479858989,0.04472519734730551,0.40033723761512335,0.02993802863429823,0.3985098249852567,0.01776139993676637,0.3985353532643483,0.07224382580076827,0.3995323571028481,0.05091208997286589,0.40036794586657276,0.0923724905886445,0.40164771042548875,0.0848331319753759,0.40145214265043194,0.16189556875779365,0.40348173262179937,0.040406077071908686,0.39890944204065826
Newport,W06000022,2031,0.7374829419088975,0.4060167963906367,0.0033354686782915144,0.3985171149073409,0.001515517356350471,0.39847665838822516,0.0687942733092699,0.40476023709521597,0.02367057928480909,0.4000311521009569,0.004783624150935709,0.39847049047670907,0.01688172777885344,0.39937983739634486,0.038551460994931785,0.40122987261168275,0.013613226182211113,0.3987711542950399,0.02323215711583071,0.4003129629743714,0.0016172517397887165,0.3986581868745943,0.004447015074797556,0.39856626935749095,0.010219532716832735,0.398889425197208,0.005507100674375098,0.39859252765030695,0.0100900790905354,0.3984796548386855,0.01083594336855953,0.3992917782912209,0.006168136580805204,0.3984647064511952,0.01809958236702447,0.40067870179396775,0.4741323273397893,0.4011406044739497,0.3321726172483367,0.39869596811896485,0.13408066874962254,0.399078302003706,0.04637444354782605,0.3995975853288501,0.013279492240718727,0.39871529971776504,0.11066779334914734,0.40134562555097586,0.22580379472383516,0.4056116180701874,0.14030212224639715,0.4035127203306992,0.08464560215224104,0.40444619671164056,0.07021082258919353,0.4039195190169718,0.08954640799129521,0.3990669664154665,0.0794247815704634,0.40200586186943665,0.08682188183191308,0.3988032498900905,0.11287098763467318,0.40258495253396426,0.003919244224434265,0.39847124056362626,0.0006393694660458162,0.3984642210518983,0.06240568549871739,0.40469351276501025,0.007025468042724581,0.3984725547592797,0.01111231259473594,0.3985237779421085,0.06343547345093603,0.39893890036601964,0.16218068148927323,0.39989539379314387,0.06173671016070781,0.40106587316977615,0.03530969209712165,0.4035073934784443,0.03340931721186813,0.3987596913632937,0.049445747067978975,0.3984679924014161,0.013865102473829466,0.3984923075701766,0.05380555861914216,0.399912912797135,0.042114486610423496,0.3985885399149727,0.11339352469888864,0.4040994228538967,0.07770432009912864,0.3987996122046234,0.1720424015797093,0.40371094234772287,0.03640461099624842,0.39847536474301426
Powys,W06000023,2031,0.93702649343959,0.40254206967955314,0.004934027895873813,0.39848314752631836,0.0006192907904503525,0.3984658830281518,0.02845297903635835,0.3997215571890366,0.0006800824389476476,0.3984646574321782,0.0011194057719799318,0.39846461051363574,0.0015462934505954887,0.3984671531822539,0.0006745369912496968,0.39846941744522923,0.006097791632731012,0.3984671764576112,0.000788737144722558,0.3984673762976321,0.0009098630450927944,0.39846629513159276,0.0006089603832264492,0.3984671878537041,0.0033743059210662035,0.3984832935018483,0.0015772939766456051,0.39847723383615735,0.002847877450055547,0.3984874312106542,0.0034519837331323244,0.39852773169974004,0.0013125542579518062,0.3984825230180096,0.0038588719112702674,0.39860357618117087,0.4433202546056344,0.3987076078066761,0.3480961228384335,0.39898041561400277,0.15217348244544723,0.3985770951624065,0.04284187413767249,0.3988162951861937,0.013569139193886073,0.39846495546147603,0.13421955290187126,0.40332086594753974,0.15222413974149152,0.3999210891723862,0.11613265954178997,0.40307673241394143,0.06943415129054076,0.4026641714183918,0.18330310945320072,0.40328894998365183,0.11087093434226769,0.3995805389486374,0.07184469440069408,0.3991298117736836,0.07202494779187141,0.39885637492988674,0.0898650189984802,0.402804857805862,0.1018540162083188,0.40081090657821394,0.0002338424994465238,0.3986768636606618,0.07479483373350937,0.40111067490280977,0.005669187794465069,0.39849227692012884,0.007927802483823923,0.3984814480005902,0.10978209732193789,0.40108629559633446,0.1281368066259665,0.4023188812523734,0.03204187998726621,0.3985563356965608,0.03564889458408693,0.40326281117792284,0.025752620795116976,0.39927547890964765,0.011262694365993586,0.3985935614723578,0.0075090666072168966,0.398719993101793,0.04743003646309435,0.3985935199933507,0.04555451616830075,0.3995564145322939,0.08147302153824287,0.40051234051499207,0.0761968616188069,0.40099997240543284,0.1652952063101676,0.40404057617035255,0.04346297324612397,0.3986857951738608
Merthyr Tydfil,W06000024,2031,0.9207191329673323,0.4028008200837638,0.0017705959726897792,0.3984655253405449,0.0008520181375770604,0.3984647971812865,0.042939815581629404,0.4010368855334113,0.0007978412984435313,0.3984642337409719,0.0032446071257203474,0.3984846407642126,0.007546558587440799,0.39876391843225173,0.002256724661890752,0.39849206669779563,0.0038418529750030017,0.39849509172949776,2.7026714325278922e-05,0.39851922088794167,0.00027038156811465784,0.3984643609159809,0.0003888173391494668,0.39846447134166973,0.0018275281063533794,0.39847195517872536,0.0021217578227659406,0.39848948646406684,0.0018449725236015513,0.3984726719966318,0.0036614743148460083,0.3985084298623961,4.087153227930185e-05,0.39846779566296653,0.0057495541191589505,0.3987318710371679,0.4666883044596779,0.4027990227096611,0.3159136207127542,0.4031093312624988,0.14199307556319396,0.401116943116468,0.05651325806791796,0.4030342921698232,0.018985178597077046,0.3995244673278233,0.09595931256221002,0.40270759153013325,0.16565165093010892,0.40433135205189014,0.11974066116954507,0.4020824939345713,0.06419655107415068,0.40474112979102855,0.11637752296473347,0.40019010984614556,0.13825783335836483,0.40323544442961895,0.0924987404171197,0.39932263006919305,0.10053640388159829,0.398499300537123,0.10662630745432455,0.4048104585117013,0.004066944676586914,0.3985552949591818,0.002437019459856249,0.3984883218748966,0.08559473336493806,0.4050413577467365,0.007845467128536593,0.3985153839690753,0.01988567532942498,0.39918987677222934,0.12167836342873573,0.40338289363835356,0.13468079211620987,0.4024538246872344,0.04169561027449997,0.3990306771772696,0.03491584255304159,0.4004879665296607,0.035843302510883746,0.40038116730734685,0.013819929239573092,0.3991072061110339,0.01468955497072108,0.39855703788796953,0.021770222948559015,0.39905707381990063,0.040765911237381935,0.3989574806211001,0.09919283473289209,0.40032801678190866,0.08372332591506336,0.39847177996201294,0.21198238540395664,0.4046950539236435,0.025380756164342655,0.4001806684011874
