area,mnemonics,total_all_usual_residents_aged_16_years_and_over,economically_active_excluding_fulltime_students,economically_active_excluding_fulltime_studentsin_employment,economically_active_excluding_fulltime_studentsin_employmentemployee,economically_active_excluding_fulltime_students_in_employment_employee_parttime,economically_active_excluding_fulltime_students_in_employment_employee_fulltime,economically_active_excluding_fulltime_studentsin_employmentselfemployed_with_employees,economically_active_excluding_fulltime_students_in_employment_selfemployed_with_employees_parttime,economically_active_excluding_fulltime_students_in_employment_selfemployed_with_employees_fulltime,economically_active_excluding_fulltime_studentsin_employmentselfemployed_without_employees,economically_active_excluding_fulltime_students_in_employment_selfemployed_without_employees_parttime,economically_active_excluding_fulltime_students_in_employment_selfemployed_without_employees_fulltime,economically_active_excluding_fulltime_students_unemployed,economically_active_and_a_fulltime_student,economically_active_and_a_fulltime_studentin_employment,economically_active_and_a_fulltime_studentin_employmentemployee,economically_active_and_a_fulltime_student_in_employment_employee_parttime,economically_active_and_a_fulltime_student_in_employment_employee_fulltime,economically_active_and_a_fulltime_studentin_employmentselfemployed_with_employees,economically_active_and_a_fulltime_student_in_employment_selfemployed_with_employees_parttime,economically_active_and_a_fulltime_student_in_employment_selfemployed_with_employees_fulltime,economically_active_and_a_fulltime_studentin_employmentselfemployed_without_employees,economically_active_and_a_fulltime_student_in_employment_selfemployed_without_employees_parttime,economically_active_and_a_fulltime_student_in_employment_selfemployed_without_employees_fulltime,economically_active_and_a_fulltime_student_unemployed,economically_inactive,economically_inactive_retired,economically_inactive_student,economically_inactive_looking_after_home_or_family,economically_inactive_longterm_sick_or_disabled,economically_inactive_other,total_all_usual_residents,"asian,_asian_british_or_asian_welsh","asian,_asian_british_or_asian_welsh_bangladeshi","asian,_asian_british_or_asian_welsh_chinese","asian,_asian_british_or_asian_welsh_indian","asian,_asian_british_or_asian_welsh_pakistani","asian,_asian_british_or_asian_welsh_other_asian","black,_black_british,_black_welsh,_caribbean_or_african","black,_black_british,_black_welsh,_caribbean_or_african_african","black,_black_british,_black_welsh,_caribbean_or_african_caribbean","black,_black_british,_black_welsh,_caribbean_or_african_other_black",mixed_or_multiple_ethnic_groups,mixed_or_multiple_ethnic_groups_white_and_asian,mixed_or_multiple_ethnic_groups_white_and_black_african,mixed_or_multiple_ethnic_groups_white_and_black_caribbean,mixed_or_multiple_ethnic_groups_other_mixed_or_multiple_ethnic_groups,white,"white_english,_welsh,_scottish,_northern_irish_or_british",white_irish,white_gypsy_or_irish_traveller,white_roma,white_other_white,other_ethnic_group,other_ethnic_group_arab,other_ethnic_group_any_other_ethnic_group,total_all_usual_residents_aged_16_years_and_over_in_employment_the_week_before_the_census_x,"1._managers,_directors_and_senior_officials",2._professional_occupations,3._associate_professional_and_technical_occupations,4._administrative_and_secretarial_occupations,5._skilled_trades_occupations,"6._caring,_leisure_and_other_service_occupations",7._sales_and_customer_service_occupations,"8._process,_plant_and_machine_operatives",9._elementary_occupations,very_good_health,good_health,fair_health,bad_health,very_bad_health,total_all_usual_residents_aged_16_years_and_over_in_employment_the_week_before_the_census_y,"a_agriculture,_forestry_and_fishing",b_mining_and_quarrying,c_manufacturing,"d_electricity,_gas,_steam_and_air_conditioning_supply","e__water_supply;_sewerage,_waste_management_and_remediation_activities",f_construction,g_wholesale_and_retail_trade;_repair_of_motor_vehicles_and_motorcycles,h_transport_and_storage,i_accommodation_and_food_service_activities,j_information_and_communication,k_financial_and_insurance_activities,l_real_estate_activities,"m_professional,_scientific_and_technical_activities",n_administrative_and_support_service_activities,o_public_administration_and_defence;_compulsory_social_security,p_education,q_human_health_and_social_work_activities,"r,_s,_t,_u_other"
Adur,E07000223,52954,30491,29240,23209,7254,15955,705,150,555,5326,2291,3035,1251,780,585,543,473,70,2,0,2,40,33,7,195,21683,14383,1865,2069,2018,1348,64543,1395,369,269,303,89,365,530,359,110,61,1627,535,316,306,470,60294,57390,488,105,53,2258,697,208,489,29825,3733,5345,4216,2823,3820,3115,2411,1807,2555,29272,22573,9108,2800,791,29825,71,13,1749,325,281,3406,4493,1388,1158,1219,1414,464,1698,1512,1465,2952,4717,1500
Amber Valley,E07000032,105066,61153,59008,50208,13248,36960,1367,280,1087,7433,3176,4257,2145,1472,1163,1097,947,150,1,0,1,65,48,17,309,42441,28168,3192,4134,4499,2448,126204,1208,37,282,496,112,281,381,180,149,52,1548,467,169,619,293,122767,119934,453,66,35,2279,300,26,274,60171,7635,10404,7440,5461,7697,5428,4428,5454,6224,56072,44733,18298,5613,1492,60168,402,107,8684,406,521,6578,9230,3126,2400,1676,781,739,2965,2630,3717,5604,8010,2592
Arun,E07000224,139553,74398,71317,57684,17318,40366,1884,446,1438,11749,5405,6344,3081,2434,1873,1793,1541,252,8,8,0,72,55,17,561,62721,44570,4284,5104,4979,3784,164887,2630,523,433,727,108,839,857,500,221,136,2484,784,420,580,700,158002,146178,1018,216,159,10431,914,121,793,73191,9715,10532,8549,6840,9244,8594,5833,5525,8359,71215,60303,24419,7110,1842,73190,955,31,5920,302,782,7194,12307,3107,4199,2174,1887,1164,3555,4443,3746,5855,11942,3627
Ashfield,E07000170,102843,60026,57290,50141,12825,37316,1097,229,868,6052,2268,3784,2736,1505,1137,1099,889,210,5,4,1,33,21,12,368,41312,24591,3269,4864,5867,2721,126299,1968,56,356,873,209,474,1575,959,395,221,2059,449,267,956,387,120147,115972,313,67,54,3741,550,100,450,58430,5645,8128,6422,5599,7766,6339,5161,5640,7730,53556,43876,19912,6947,2009,58442,186,92,7572,664,472,6296,10873,3234,2231,1423,817,651,1899,2445,3153,5004,9323,2107
Ashford,E07000105,106770,64829,62236,50662,13031,37631,1678,338,1340,9896,4091,5805,2593,1851,1380,1301,1079,222,11,6,5,68,47,21,471,40090,24070,3927,5433,3636,3024,132747,7668,336,578,1720,404,4630,3424,2504,572,348,2877,898,438,775,766,116896,109673,776,686,79,5682,1882,298,1584,63616,9171,11751,8251,5811,7322,5812,4895,4350,6253,64334,45779,16551,4748,1335,63614,993,31,4237,470,420,6985,9806,3217,2817,2300,2058,809,3796,3880,3555,5634,10032,2574
Babergh,E07000200,77378,43629,42028,33124,9705,23419,1241,293,948,7663,3522,4141,1601,1195,928,885,774,111,4,4,0,39,32,7,267,32554,23205,2473,3128,2138,1610,92342,875,107,177,234,37,320,503,287,124,92,1351,382,210,383,376,89269,86418,481,40,26,2304,344,37,307,42957,6371,7361,5784,4144,5688,3946,3085,2671,3907,42772,33135,12352,3225,854,42953,829,22,3279,258,296,4831,6630,1798,1757,1445,1845,696,2816,2445,2376,4051,5585,1994
Barking and Dagenham,E09000002,161746,97834,90193,70684,20789,49895,3209,895,2314,16300,6242,10058,7641,5833,4398,3710,2561,1149,108,53,55,580,347,233,1435,58079,16966,12684,13313,7312,7804,218871,56583,22393,1385,11503,15799,5503,46807,35101,5824,5882,9320,1550,2376,2974,2420,98275,67550,1185,184,858,28498,7886,1489,6397,94589,7786,15185,9279,8798,10957,10934,7686,8964,15000,111929,71978,24295,8169,2498,94582,37,16,2904,227,571,12900,13348,7471,5416,3393,3044,1385,4102,7758,4690,8475,15498,3347
Barnet,E09000003,309355,192234,180563,134283,35308,98975,7789,1972,5817,38491,18463,20028,11671,7527,5613,4642,3317,1325,112,63,49,859,558,301,1914,109594,46200,21618,18968,10042,12766,389344,74972,2873,9434,30389,6687,25589,30651,22670,4951,3030,20889,6032,3747,3505,7605,224762,140777,7644,179,1554,74608,38070,7383,30687,186175,31481,50534,25626,16520,14478,14342,10663,8394,14137,213576,120802,39317,11724,3925,186179,115,144,5416,572,430,16660,23169,6860,9775,12632,10230,5938,20382,10223,6760,20952,25008,10913
Barnsley,E08000016,199792,114512,109456,93837,24904,68933,2460,530,1930,13159,4835,8324,5056,3008,2224,2125,1664,461,14,5,9,85,54,31,784,82272,47359,6597,9776,12531,6009,244572,2297,39,542,504,368,844,1715,1311,163,241,2293,605,394,754,540,236934,226488,526,229,314,9377,1333,215,1118,111680,11251,15595,12169,9891,14042,11382,10172,11579,15599,106010,82192,38001,14252,4117,111684,501,131,11963,603,1084,13024,21681,6297,4103,2888,2037,1104,4102,5176,6467,9409,17109,4005
Basildon,E07000066,148662,91388,87012,72392,18286,54106,2115,443,1672,12505,4748,7757,4376,2583,1998,1832,1450,382,23,14,9,143,93,50,585,54691,30890,5341,8233,5872,4355,187567,7995,729,735,3855,864,1812,8913,6402,1279,1232,4938,1143,892,1733,1170,164116,154045,1227,237,281,8326,1605,243,1362,89011,10880,15369,11530,10680,9967,7924,6581,6499,9581,90914,64185,23022,7229,2221,89003,289,54,5362,339,770,11277,13404,5698,3249,3619,7165,1186,5174,4765,4289,7019,11898,3446
Basingstoke and Deane,E07000084,149807,98627,95072,81443,17224,64219,1783,363,1420,11846,5013,6833,3555,2481,1901,1815,1466,349,8,3,5,78,64,14,580,48699,30550,4464,6085,4000,3600,185154,10967,480,1057,4745,709,3976,3611,2514,680,417,4717,1454,711,1461,1091,163840,151572,1330,223,237,10478,2019,344,1675,96973,13857,21125,14431,9512,9272,8282,6553,5349,8592,92794,64764,20776,5419,1404,96974,746,127,6649,862,684,8062,14621,4045,3721,9395,4144,1416,6593,5565,6375,7576,12362,4031
Bassetlaw,E07000171,97370,55821,53777,46066,12670,33396,1406,312,1094,6305,2565,3740,2044,1461,1143,1107,888,219,2,1,1,34,22,12,318,40088,25480,2883,3860,4599,3266,117803,1455,40,237,522,208,448,736,378,202,156,1405,385,176,505,339,113620,108338,317,135,67,4763,587,95,492,54919,6836,7967,5934,4581,6525,5745,4164,6039,7128,51679,40938,17862,5618,1707,54933,790,110,6551,532,389,5427,10459,3223,2370,1212,918,484,2004,2370,2811,4348,8745,2190
Bath and North East Somerset,E06000022,161616,88709,85581,69044,19971,49073,2442,521,1921,14095,6728,7367,3128,5743,4229,3834,3295,539,22,17,5,373,350,23,1514,67164,35641,18304,5248,4583,3388,193409,6389,359,2089,1787,278,1876,1846,980,616,250,5256,1846,595,1505,1310,178308,165478,1427,71,218,11114,1610,552,1058,89812,13076,22044,12201,7921,8841,7631,5875,4102,8121,100186,63514,21853,6121,1735,89817,634,125,4813,445,928,7375,11331,2599,5221,5045,3171,1601,8037,4171,4568,11563,13571,4619
Bedford,E06000055,148118,92580,88412,74069,17331,56738,2254,523,1731,12089,5092,6997,4168,3231,2453,2300,1778,522,17,12,5,136,87,49,778,52307,29260,6327,6928,4999,4793,185224,23263,4486,756,10074,5297,2650,9848,5448,3227,1173,8586,2146,939,3638,1863,140174,118779,1798,208,483,18906,3353,557,2796,90865,11797,18284,12254,8152,8798,8128,6498,6134,10820,90419,64772,21942,6357,1735,90868,555,46,6405,563,522,8242,15323,5475,3952,3934,2552,1456,5704,4643,5335,9795,12858,3508
Bexley,E09000004,195827,121176,114897,95509,23041,72468,2977,668,2309,16411,6530,9881,6279,4170,3086,2700,2093,607,45,26,19,341,223,118,1084,70481,39111,9998,9472,5943,5957,246475,24434,1790,3990,10925,1383,6346,30075,23262,3230,3583,8740,2179,1726,2489,2346,177164,158842,2528,620,302,14872,6062,527,5535,117983,14498,23417,16138,15535,12291,10333,8186,7430,10155,125181,82371,28260,8128,2533,117978,94,102,4321,586,688,13931,15416,6599,4875,5917,7888,2527,8560,6324,8173,11122,15701,5154
Birmingham,E08000025,889622,463374,421469,356901,101471,255430,11448,3665,7783,53120,25167,27953,41905,31350,20948,19087,14419,4668,238,166,72,1623,1295,328,10402,394898,138510,89175,73132,48332,45749,1144922,355384,48232,12487,66519,195102,33044,125760,66822,44718,14220,55205,13130,4680,25119,12276,556608,491211,16964,686,1833,45914,51965,19196,32769,442417,40972,93314,50205,41168,36872,45362,36475,38618,59431,544500,380993,150801,51755,16870,442417,401,77,34819,2158,2553,28968,67404,30275,24881,14608,14229,6586,24242,23685,21205,51826,77989,16511
Blaby,E07000129,83666,52098,50430,42632,10842,31790,1322,305,1017,6476,2599,3877,1668,1413,1016,971,780,191,4,4,0,41,33,8,397,30155,20668,2866,2722,2165,1734,102924,8497,59,518,6870,418,632,1594,980,440,174,2765,857,267,1051,590,88753,84746,561,90,55,3301,1315,177,1138,51446,6656,9936,7193,5417,6194,4448,3623,3398,4581,50473,35496,12636,3328,993,51443,246,92,4784,741,333,5731,9159,2459,1721,1463,1686,538,2538,2163,3068,5545,7063,2113
Blackburn with Darwen,E06000008,119509,65345,61516,52826,15242,37584,1694,537,1157,6996,3182,3814,3829,2766,2042,1932,1525,407,17,10,7,93,79,14,724,51398,21250,7777,9594,7832,4945,154741,55178,1473,400,24389,27525,1391,1406,1061,170,175,2596,1329,231,368,668,93392,87997,589,101,143,4562,2169,841,1328,63556,5966,10409,6781,6291,6744,7201,6277,6470,7417,73950,50010,20507,7826,2445,63561,161,29,7875,305,345,4321,11607,3131,2689,1930,1001,756,2653,3138,3950,6378,11420,1872
Blackpool,E06000009,116338,61973,57545,48004,14349,33655,1303,360,943,8238,3546,4692,4428,2378,1816,1732,1333,399,14,9,5,70,47,23,562,51987,27743,4151,5897,9507,4689,141039,3676,442,542,892,572,1228,711,449,175,87,2210,645,408,638,519,133550,127445,808,236,207,4854,892,216,676,59362,6200,7502,6001,6631,6480,8632,5743,4715,7458,56933,47255,23963,9777,3108,59359,105,53,4004,350,286,4683,9266,2580,5946,1019,1077,642,1984,2787,5545,3920,12140,2972
Blaenau Gwent,W06000019,55141,29768,28166,25171,6172,18999,588,122,466,2407,821,1586,1602,883,630,606,457,149,4,1,3,20,12,8,253,24490,12808,1975,2937,5026,1744,66903,621,26,140,212,71,172,115,76,29,10,569,138,69,219,143,65456,63990,92,133,14,1227,142,38,104,28800,2217,3483,2803,2295,3390,4324,2437,3952,3899,27465,21865,11210,4785,1579,28797,81,47,4859,176,478,2610,4271,1047,993,477,458,398,664,1170,2150,2144,5831,943
Bolsover,E07000033,66278,38647,37305,32577,8292,24285,745,151,594,3983,1534,2449,1342,1006,795,769,636,133,0,0,0,26,21,5,211,26625,15972,1917,2954,4049,1733,80270,722,12,152,266,86,206,419,246,111,62,744,190,102,288,164,78143,74852,198,96,34,2963,242,42,200,38103,3841,5001,3924,3409,4661,4388,3206,3863,5810,33546,27509,12940,4844,1434,38094,209,96,4568,205,420,3712,7885,2349,1560,843,555,304,1217,1713,2137,2931,5973,1417
Bolton,E08000001,232293,129353,121631,103060,28697,74363,3426,984,2442,15145,6675,8470,7722,5189,3808,3598,2963,635,33,24,9,177,132,45,1381,97751,48899,12682,14930,12638,8602,295960,59596,985,1123,26238,27897,3353,11238,9299,603,1336,6643,2338,1242,1737,1326,212941,203486,1430,519,373,7133,5542,1812,3730,125438,13286,21197,15019,12357,12663,12393,12227,11486,14810,142076,96785,38905,13968,4229,125439,245,78,10613,1104,1008,11004,23474,7621,5190,3634,3867,1885,6618,6502,6652,12031,19288,4625
Boston,E07000136,57584,34354,32943,28635,7304,21331,826,185,641,3482,1404,2078,1411,906,688,658,471,187,5,1,4,25,16,9,218,22324,13670,1942,2401,2533,1778,70505,1443,67,111,606,317,342,467,357,57,53,1015,261,176,283,295,66733,52540,161,142,193,13697,847,119,728,33631,2843,3598,2475,2550,3702,3403,2631,6272,6157,29747,26118,10548,3193,896,33627,1764,16,5376,90,215,2346,6789,1790,1209,317,295,459,791,2795,1032,2138,5191,1014
"Bournemouth, Christchurch and Poole",E06000058,334908,187945,179439,147502,41378,106124,4729,1151,3578,27208,12395,14813,8506,9270,6591,6121,5165,956,51,36,15,419,350,69,2679,137693,82995,20405,12560,13135,8598,400195,13551,1219,2569,4678,596,4489,4233,2833,917,483,11093,3213,1839,2660,3381,365510,329609,2611,489,864,31937,5808,1371,4437,186030,24266,36384,24034,16486,20154,19901,16046,11031,17728,190242,136523,52466,16230,4735,186032,380,218,12644,767,1171,16432,28002,7416,11188,7596,12100,3419,9752,9419,7567,16501,32740,8720
Bracknell Forest,E06000036,99934,67711,65109,55208,11711,43497,1258,291,967,8643,3577,5066,2602,1689,1288,1204,939,265,13,7,6,71,47,24,401,30534,17976,3870,3843,2293,2552,124605,8879,219,828,3774,947,3111,2993,2072,554,367,3843,1337,565,970,971,107269,96950,1038,161,164,8956,1621,310,1311,66398,10132,13742,10767,6650,6604,5981,4304,2967,5251,65829,42515,12273,3147,846,66393,205,96,3983,376,498,5659,9899,3301,2759,7114,1795,1110,4368,4427,3681,6312,7706,3104
Bradford,E08000032,421574,229810,214534,180088,54192,125896,6309,1986,4323,28137,13346,14791,15276,9469,6602,6251,5017,1234,32,23,9,319,243,76,2867,182295,79509,27827,34139,22038,18782,546412,175664,12403,1345,14429,139553,7934,10978,7061,2614,1303,15006,6458,1196,4426,2926,334004,309912,2139,849,1583,19521,10760,2734,8026,221137,22188,37854,25366,21385,23080,23590,20131,20912,26631,252136,188664,73124,24904,7580,221136,645,125,20441,832,2016,15209,39036,13189,10826,6819,9191,3074,10742,11245,12475,23439,34053,7779
Braintree,E07000067,126567,77809,74782,61375,16403,44972,1855,431,1424,11552,4856,6696,3027,2025,1500,1435,1230,205,9,9,0,56,36,20,525,46733,29817,3951,5612,4136,3217,155265,2566,221,365,834,229,917,1889,1205,442,242,3014,880,437,844,853,146981,140283,1085,161,67,5385,815,106,709,76282,10693,12192,10303,7892,9669,7290,5565,5335,7343,73375,55346,19655,5431,1461,76281,817,56,5707,269,609,9651,11981,4405,2839,2663,3699,1202,4703,3952,4297,6615,9540,3276
Breckland,E07000143,117855,66847,64384,53414,14401,39013,1611,377,1234,9359,4169,5190,2463,1593,1254,1202,991,211,4,0,4,48,43,5,339,49415,33638,3144,4893,4418,3322,141477,1340,120,254,342,105,519,820,387,233,200,2051,482,456,515,598,136457,125516,654,204,145,9938,809,32,777,65638,8022,8545,7596,5767,8759,7031,4997,6821,8100,60208,52416,21131,6109,1613,65640,2543,90,7760,298,560,6333,10403,3150,3096,1293,1496,880,3086,3462,4042,4969,9233,2946
Brent,E09000005,275142,167044,154555,117912,30428,87484,5924,1659,4265,30719,12958,17761,12489,8938,6443,5254,3751,1503,130,77,53,1059,648,411,2495,99160,33300,22026,19444,10308,14082,339821,111515,2186,3393,66157,15217,24562,59495,31070,21258,7167,17249,3607,3184,3775,6683,117701,51611,9314,237,2520,54019,33861,17924,15937,160997,18700,31402,19463,13311,15838,13901,13423,12932,22027,176793,111300,36871,11158,3692,161000,101,100,7395,517,434,17532,25946,9390,10568,9803,6044,3122,11990,11229,5599,12612,20317,8301
Brentwood,E07000068,62866,38687,37266,29820,6885,22935,1321,291,1030,6125,2700,3425,1421,819,634,586,476,110,0,0,0,48,36,12,185,23360,14925,2354,3090,1440,1551,77048,3913,293,510,2015,267,828,1747,1164,368,215,2368,809,321,633,605,68194,63696,1008,95,77,3318,826,166,660,37901,7010,8922,6046,4613,3263,2536,1878,1496,2137,41588,24413,8141,2214,691,37900,161,36,1677,117,183,4373,3992,1559,1233,2181,4719,772,3403,2010,1846,3633,4294,1711
Bridgend,W06000013,119482,65649,62636,54787,14000,40787,1512,301,1211,6337,2440,3897,3013,1830,1348,1290,1066,224,11,5,6,47,30,17,482,52003,29482,4755,5313,8077,4376,145490,2152,163,491,588,180,730,429,257,98,74,1684,525,279,487,393,140799,137755,452,57,55,2480,426,80,346,63984,6715,11567,7955,5803,7264,7322,5449,5182,6727,66751,46142,21589,8254,2752,63982,224,110,6783,408,681,5743,9578,2620,2858,1983,1671,787,2472,2640,6222,5690,11072,2440
Brighton and Hove,E06000043,235365,139720,132371,101688,27236,74452,3994,982,3012,26689,12985,13704,7349,10405,6918,6220,5451,769,42,31,11,656,567,89,3487,85240,35982,23218,8464,10400,7176,277103,13217,1729,3065,3633,929,3861,5458,3949,988,521,13228,4198,2334,2410,4286,236571,204831,3944,197,787,26812,8629,3049,5580,139292,19701,36478,23620,10344,10753,12075,10144,5135,11042,139078,91878,32118,10757,3272,139288,214,68,4554,855,614,9324,17003,4660,8580,9579,6647,2396,11843,7229,6326,17558,22398,9440
"Bristol, City of",E06000023,389708,237400,227604,191546,46923,144623,4666,1130,3536,31392,13878,17514,9796,15252,10906,9726,8044,1682,83,58,25,1097,973,124,4346,137056,56502,38164,15014,16350,11026,472467,31269,2616,5466,8302,9064,5821,27890,18149,6803,2938,21116,5556,2621,7714,5225,383142,338452,4288,273,966,39163,9050,2540,6510,238513,24219,64929,35165,20448,19912,19568,16410,13017,24845,240060,154643,54311,18032,5419,238509,318,147,11895,1813,1573,16939,31726,10734,12120,15186,10420,2944,21255,12186,13041,26738,38634,10840
Broadland,E07000144,110505,63209,61329,49934,14947,34987,1703,405,1298,9692,4356,5336,1880,1618,1260,1197,1033,164,3,0,3,60,50,10,358,45678,33068,3198,3776,3481,2155,131723,1831,179,436,554,69,593,684,474,95,115,1842,665,395,304,478,126869,123265,513,60,41,2990,497,97,400,62589,8232,11298,8134,6743,8066,6117,5035,3832,5132,59373,47997,18304,4810,1237,62595,899,261,4269,325,413,6738,9356,2506,2659,1842,3686,1196,3507,2876,3569,5786,9798,2909
Bromley,E09000006,265088,167027,159051,128355,28934,99421,4811,1150,3661,25885,11608,14277,7976,4063,3071,2689,2094,595,30,20,10,352,261,91,992,93998,55371,12008,12270,7260,7089,329991,27307,1748,5075,12326,1784,6374,25149,13193,8169,3787,17740,4747,2431,5489,5073,252295,219493,4954,578,551,26719,7500,1203,6297,162122,27845,43321,25707,17733,12787,11212,8498,5867,9152,176211,106977,34265,9694,2844,162126,168,145,4254,601,562,14372,16726,5746,6110,11706,15519,3671,16260,8322,9942,17115,21770,9137
Bromsgrove,E07000234,81102,48081,46354,38231,10038,28193,1587,351,1236,6536,2848,3688,1727,1197,934,890,743,147,6,6,0,38,27,11,263,31824,21963,3195,2570,2206,1890,99183,3159,64,410,1854,405,426,766,278,375,113,2414,783,141,1022,468,92309,89676,986,85,9,1553,535,124,411,47287,8088,11774,6463,4697,4735,3672,2569,2120,3169,50253,32850,11705,3329,1046,47289,333,15,4144,321,342,4602,6152,1334,1752,2003,1806,934,3576,2262,2569,5653,7452,2039
Broxbourne,E07000095,79437,49525,47218,38360,10138,28222,1487,336,1151,7371,2939,4432,2307,1444,1088,987,769,218,15,7,8,86,58,28,356,28468,16170,3223,4032,2530,2513,99007,3657,316,420,1391,322,1208,6588,3802,1966,820,3930,749,451,1309,1421,80301,67891,1310,155,183,10762,4531,204,4327,48306,6696,7767,6405,5835,5806,4033,3455,3637,4672,49630,33422,11621,3354,980,48301,123,19,2515,236,374,6114,8437,2966,2029,2020,2217,1085,3033,2755,2390,4574,5123,2291
Broxtowe,E07000172,92538,52479,50471,43766,11401,32365,1102,257,845,5603,2450,3153,2008,1936,1444,1351,1117,234,2,2,0,91,75,16,492,38123,24000,5430,3269,3388,2036,110940,6152,112,1289,2390,1232,1129,1867,1129,522,216,2819,803,284,1179,553,98636,93718,653,26,63,4176,1466,498,968,51916,5830,12754,6868,4992,5181,3961,3873,3320,5137,51331,38407,15476,4462,1264,51915,112,29,4698,530,277,4515,8499,2475,1803,2207,1036,672,3124,1969,3215,7035,7673,2046
Buckinghamshire,E06000060,443394,278024,267479,213868,50554,163314,8376,1871,6505,45235,21011,24224,10545,7463,5756,5324,4353,971,37,17,20,395,288,107,1707,157907,95934,19441,21233,9709,11590,553078,68318,1673,3010,24181,29546,9908,14269,6811,5668,1790,19570,6744,1902,5940,4984,442164,401489,6370,623,550,33132,8757,1561,7196,273236,50441,61466,40954,25760,25403,21485,16538,12757,18432,293915,183564,57178,14525,3897,273230,1834,344,18806,1016,2296,23745,37081,11789,10159,21512,10569,5264,23582,14902,14443,28204,34234,13450
Burnley,E07000117,75200,41349,38967,33916,8887,25029,815,225,590,4236,1906,2330,2382,1386,1068,1011,796,215,11,6,5,46,35,11,318,32465,16302,3525,4662,5046,2930,94651,13930,2737,164,378,10102,549,326,180,95,51,1505,826,165,191,323,78112,73752,457,83,106,3714,778,157,621,40038,3652,5577,4284,3490,4778,4775,3536,4088,5858,42648,31570,13808,5073,1546,40037,119,25,5775,130,224,3134,7832,1792,1742,1064,666,487,1297,2118,1927,3453,6870,1382
Bury,E08000002,154871,90612,86358,73055,18903,54152,2358,611,1747,10945,4915,6030,4254,2849,2123,2016,1625,391,12,7,5,95,70,25,726,61410,34232,7503,7328,7258,5089,193851,20593,480,1055,1866,15148,2044,3690,2520,701,469,5123,1670,746,1622,1085,160716,151528,2192,132,134,6730,3729,715,3014,88485,11113,18354,12059,9075,8038,8482,7351,6042,7971,93456,63919,25700,8416,2359,88475,155,30,6403,448,618,6955,14800,4172,3654,3440,3244,1438,5814,4328,5307,10114,14008,3547
Caerphilly,W06000018,143484,79503,75799,66944,16451,50493,1631,330,1301,7224,2530,4694,3704,2326,1640,1568,1289,279,10,5,5,62,47,15,686,61655,33893,5848,6900,10856,4158,175955,1584,38,446,456,155,489,283,129,93,61,1754,535,247,539,433,171955,169356,389,38,46,2126,379,87,292,77439,7248,11986,9388,7980,9026,8644,6628,7859,8680,76930,56471,27645,11275,3631,77441,252,114,10059,623,1242,7296,10959,2986,2931,1842,2648,797,2855,3434,8188,6810,11706,2699
Calderdale,E08000033,166634,96063,91348,76339,21098,55241,2575,658,1917,12434,5722,6712,4715,2692,2034,1929,1601,328,13,9,4,92,69,23,658,67879,39136,7171,8074,8179,5319,206631,21726,681,415,1861,17637,1132,1439,847,400,192,4027,1458,372,1348,849,177836,170983,1564,136,247,4906,1603,327,1276,93381,11521,18183,12703,9120,10426,8829,6895,7165,8539,96309,70657,27913,9057,2695,93381,363,144,9139,343,850,8352,14400,3675,3756,2996,5850,1365,4817,3967,5114,10251,13903,4096
Cambridge,E07000008,124765,67777,65351,56500,10926,45574,1231,287,944,7620,3900,3720,2426,6436,5247,4353,2810,1543,34,25,9,860,776,84,1189,50552,14640,25692,4214,3144,2862,145674,21626,2874,6362,5916,1500,4974,3561,2519,639,403,7410,2987,1010,1152,2261,108570,77195,1885,110,885,28495,4507,1141,3366,70598,7446,29962,8532,4096,3577,4824,3444,2374,6343,80195,46807,13957,3715,1001,70603,177,46,3853,157,212,2468,6076,1652,3653,7118,1062,686,10027,2663,1982,15145,10671,2955
Camden,E09000007,177908,105519,98432,75965,13644,62321,3522,842,2680,18945,9337,9608,7087,6005,4079,3223,2460,763,60,45,15,796,677,119,1926,66384,19146,22035,9675,8120,7408,210136,38042,14356,6728,6952,1610,8396,18892,14191,2703,1998,13938,4243,2059,2558,5078,125064,74348,5325,128,978,44285,14200,4417,9783,102513,18247,35269,19193,6330,3781,6279,5152,2963,5299,116692,61665,21109,8013,2657,102515,73,142,2500,330,141,3557,10171,2913,5197,10522,9289,2231,16479,3993,3936,10381,12548,8112
Cannock Chase,E07000192,82478,50028,47884,40884,10627,30257,969,189,780,6031,1994,4037,2144,1350,993,951,769,182,3,2,1,39,25,14,357,31100,18874,2465,3600,3952,2209,100523,1208,68,246,498,118,278,472,194,212,66,1422,346,113,732,231,97131,95019,315,33,30,1734,290,27,263,48876,5429,6719,5789,4675,6953,4814,4112,4597,5788,43559,35779,14742,4955,1485,48875,133,34,5300,297,742,6494,9259,2988,2051,1149,909,526,1714,2208,2678,4025,6543,1825
Canterbury,E07000106,132778,65185,62113,49421,13988,35433,1936,423,1513,10756,5089,5667,3072,6219,4056,3787,3336,451,22,17,5,247,212,35,2163,61374,32948,15126,5233,4923,3144,157429,6377,431,1357,1994,541,2054,3906,2928,647,331,4316,1408,661,983,1264,140473,129887,1311,391,190,8694,2357,675,1682,66164,8502,14588,8689,5530,6890,6524,5248,3466,6727,74034,54597,20762,6224,1812,66166,617,32,3008,272,333,6011,9980,2478,3864,2340,1599,869,3917,3223,3177,10437,10811,3198
Cardiff,W06000015,296314,159756,151501,130031,33004,97027,3588,814,2774,17882,7981,9901,8255,12978,8939,8157,6924,1233,70,46,24,712,610,102,4039,123580,49949,35981,13684,14833,9133,362310,34983,6887,5017,8837,8615,5627,13896,10587,1350,1959,14506,3572,2611,4299,4024,286931,266533,2335,673,593,16797,11994,6624,5370,160439,16879,43189,22367,15235,11633,14315,14181,7965,14675,181604,115195,44144,16193,5172,160438,166,74,7142,1357,1311,9206,20302,5597,9248,7765,8092,2385,10891,6951,14941,19185,27952,7873
Carmarthenshire,W06000010,155487,83262,79927,64829,18146,46683,2519,469,2050,12579,4506,8073,3335,2612,2025,1918,1589,329,15,7,8,92,60,32,587,69613,43170,6422,6296,9710,4015,187898,2321,137,379,562,241,1002,455,248,138,69,1756,635,255,437,429,182652,176673,649,437,69,4824,714,264,450,81953,8341,13868,8829,7241,12162,10086,6822,6435,8169,84785,59550,29491,10554,3517,81953,3483,158,6364,359,730,7474,12435,2983,3710,1566,1362,725,2932,2868,8186,7767,15527,3324
Castle Point,E07000069,74405,41813,40177,32569,9156,23413,1063,240,823,6545,2573,3972,1636,1091,825,782,669,113,5,1,4,38,27,11,266,31501,21679,2188,3405,2455,1774,89582,1550,189,264,541,164,392,1179,827,190,162,1446,419,155,512,360,84981,82997,528,31,32,1393,426,32,394,41006,5373,5837,5381,5352,5501,3806,3106,3152,3498,40925,31438,12324,3807,1093,41007,77,25,2481,216,429,5927,6122,2526,1406,1252,3270,742,2303,2004,2105,3470,4793,1859
Central Bedfordshire,E06000056,236760,152985,147841,122809,28314,94495,3566,756,2810,21466,8798,12668,5144,4307,3236,3026,2410,616,21,12,9,189,135,54,1071,79468,50740,8367,9096,6167,5098,294251,10321,572,1368,4684,1312,2385,7018,3942,2148,928,8885,2572,1095,3121,2097,265545,245769,3527,436,297,15516,2482,493,1989,151077,22832,29383,22805,15297,16739,12379,9605,9246,12791,148210,101486,33332,8817,2407,151074,1009,77,11657,581,955,17088,23691,7887,5959,7247,4547,2726,9577,8387,9697,15624,17000,7365
Ceredigion,W06000008,61392,29845,28718,20692,6529,14163,1283,222,1061,6743,2502,4241,1127,2119,1401,1286,1109,177,8,4,4,107,89,18,718,29428,16997,6150,2119,2730,1432,71473,1096,76,320,325,145,230,366,252,74,40,867,292,128,190,257,68776,65674,430,57,29,2586,368,138,230,30119,3363,5368,3108,2452,5437,3147,2408,1712,3124,32195,24054,10881,3328,1017,30130,2313,39,1419,152,228,2582,4424,848,2145,625,319,367,1308,1171,2252,3895,4423,1620
Charnwood,E07000130,153100,84588,81592,69337,18009,51328,2123,480,1643,10132,4380,5752,2996,4581,3207,2908,2459,449,26,18,8,273,239,34,1374,63931,33837,16694,5212,4709,3479,183970,22853,2677,1760,15735,654,2027,2840,2081,518,241,4660,1721,529,1355,1055,151459,143345,1038,70,165,6841,2158,609,1549,84800,11078,17495,11622,7932,9048,7449,6172,5826,8178,90255,63617,22344,6051,1704,84801,470,221,8602,726,476,7595,14240,4012,3604,2706,2083,953,4666,3811,4358,11843,10731,3704
Chelmsford,E07000070,147737,90993,87670,72810,18105,54705,2338,489,1849,12522,5413,7109,3323,2851,2191,2065,1742,323,10,3,7,116,84,32,660,53893,33929,5868,6336,3682,4078,181523,9646,841,1133,4728,1124,1820,4756,3373,796,587,4724,1438,722,1354,1210,160701,150758,1536,255,147,8005,1696,384,1312,89862,13598,20713,13126,9815,8348,6873,5736,4399,7254,93611,61388,19993,5089,1442,89862,497,54,4619,289,582,9214,11799,3986,3367,4165,7845,1438,6840,4535,5614,8824,12309,3885
Cheltenham,E07000078,98436,59447,57300,47848,12323,35525,1381,316,1065,8071,3927,4144,2147,2426,1857,1747,1492,255,5,5,0,105,91,14,569,36563,22189,5344,3562,3034,2434,118836,4922,480,864,2005,292,1281,1181,813,217,151,2949,1139,390,641,779,108559,98932,1031,80,158,8358,1225,322,903,59158,7892,14593,7823,6836,4921,4702,4264,2805,5322,60237,39932,13876,3695,1097,59158,153,84,4353,465,291,4072,8042,1454,3268,3384,2554,814,4520,2973,5216,6634,8243,2638
Cherwell,E07000177,130586,86083,83246,70552,16178,54374,1850,394,1456,10844,4746,6098,2837,2114,1724,1620,1244,376,17,11,6,87,57,30,390,42389,25933,4338,5099,3448,3571,161015,9706,288,1411,2795,3153,2059,2845,1731,690,424,4614,1438,730,1225,1221,141831,125422,1245,178,354,14632,2019,376,1643,84972,11634,16522,11364,7778,8701,6661,6674,6628,9010,81759,55298,17966,4699,1296,84973,913,87,8674,351,627,6641,14536,4015,3771,4410,1644,1066,5821,4403,4622,8792,10487,4113
Cheshire East,E06000049,329474,195245,188417,156192,39033,117159,6212,1306,4906,26013,11845,14168,6828,5044,4070,3867,3221,646,13,5,8,190,149,41,974,129185,87692,11483,11513,10915,7582,398772,9531,626,1543,3480,1437,2445,2422,1472,608,342,7059,2473,884,1952,1750,376543,357337,2559,345,418,15884,3217,709,2508,192488,31910,41211,26358,17063,17214,15574,13131,11778,18249,198755,132827,48431,14513,4243,192485,2765,280,19113,876,1133,13406,30000,9797,8105,9476,8196,3190,15702,9998,7422,17293,27137,8596
Cheshire West and Chester,E06000050,295358,171131,164459,139671,35969,103702,4292,945,3347,20496,9157,11339,6672,6097,4629,4426,3804,622,20,11,9,183,151,32,1468,118130,74806,13057,11215,11888,7164,357149,7231,742,1337,2338,656,2158,2107,1515,373,219,5291,1961,904,1181,1245,340361,325620,2651,354,221,11515,2159,595,1564,169088,23721,34739,22261,14966,15809,14821,13851,11667,17253,174349,118810,45293,14499,4199,169088,2137,441,16052,1018,1410,11795,27325,7422,8986,6241,7500,2639,12304,8674,8310,15657,23563,7614
Chesterfield,E07000034,86004,48614,46597,40413,11757,28656,894,223,671,5290,2236,3054,2017,1269,935,901,735,166,6,4,2,28,24,4,334,36121,22116,2706,3670,5262,2367,103568,1950,75,363,679,416,417,839,444,260,135,1498,363,185,594,356,98857,96392,415,30,38,1982,424,83,341,47532,4995,7994,5317,4528,5337,5679,4290,3865,5527,42969,36035,17062,5874,1629,47532,112,108,4245,273,477,4351,8527,2582,2156,1618,916,408,2012,2103,2809,4184,8796,1855
Chichester,E07000225,104709,56792,54703,41470,12090,29380,1847,405,1442,11386,5571,5815,2089,2289,1662,1560,1383,177,7,7,0,95,81,14,627,45628,31131,4722,4313,2892,2570,124071,2168,176,413,624,61,894,783,453,218,112,2047,720,293,450,584,118404,111822,862,294,93,5333,669,147,522,56366,9565,11241,8152,4530,6561,5243,3640,2478,4956,60839,42522,15366,4178,1163,56362,1122,37,3702,147,261,4892,7484,1586,3203,2449,1750,1241,4040,3438,3660,5455,8524,3371
Chorley,E07000118,96370,57743,55853,47547,11471,36076,1521,319,1202,6785,2781,4004,1890,1767,1391,1346,1139,207,4,1,3,41,33,8,376,36860,23867,2996,3041,3788,3168,117733,2204,119,307,747,767,264,653,308,247,98,1773,520,236,649,368,112588,109449,630,57,58,2394,515,236,279,57244,8036,11870,7928,5443,5815,5299,3877,3793,5183,57332,39109,15198,4735,1358,57242,478,44,4948,353,475,5494,8984,2364,2137,1955,1374,897,3422,2714,4344,5778,9021,2460
City of London,E09000001,8004,5555,5273,4205,440,3765,178,28,150,890,366,524,282,123,78,58,39,19,0,0,0,20,12,8,45,2326,993,720,192,124,297,8584,1445,287,545,321,33,259,232,153,54,25,470,179,49,53,189,5955,3649,185,0,59,2062,482,114,368,5346,1104,2349,1027,267,97,152,122,50,178,4937,2726,687,186,47,5352,0,1,107,2,2,118,309,68,178,589,1063,88,1265,194,220,375,340,433
Colchester,E07000071,156342,92402,88573,73490,19523,53967,2253,531,1722,12830,5553,7277,3829,5093,3442,3180,2663,517,24,14,10,238,179,59,1651,58847,32844,10221,6689,5185,3908,192716,9907,767,1834,3027,743,3536,6661,4904,961,796,5602,1659,982,1428,1533,167701,155488,1192,175,244,10602,2845,731,2114,92015,11921,18906,13059,8486,9315,9682,6866,5425,8355,94777,66963,22916,6281,1778,92021,564,66,4375,361,603,9239,13173,4055,4019,3615,4521,1540,5558,4685,6052,10230,15491,3874
Conwy,W06000003,96360,50107,47561,38361,11868,26493,1761,426,1335,7439,2846,4593,2546,1480,1158,1097,869,228,6,0,6,55,39,16,322,44773,29697,3623,3678,5201,2574,114743,1651,179,433,373,195,471,271,162,60,49,1254,457,189,326,282,111176,107926,843,104,19,2284,391,116,275,48722,5936,8308,5596,4093,6521,6327,4194,2984,4763,51092,38345,17780,5819,1706,48723,1166,148,2201,346,407,4205,7396,1519,4087,1053,686,795,2137,2218,4122,4622,9272,2343
Cornwall,E06000052,477425,258345,248064,189408,61604,127804,8879,2065,6814,49777,21864,27913,10281,8277,6183,5704,4892,812,33,19,14,446,368,78,2094,210803,137684,20078,19543,21347,12151,570305,4032,319,1033,784,233,1663,1058,574,302,182,7030,2446,895,1693,1996,552130,533882,2455,717,289,14787,6055,298,5757,254248,32386,39181,28474,20774,39684,28356,20800,17293,27300,260855,191185,82985,26972,8308,254248,7055,1188,16390,1007,2072,27255,40379,8833,21925,5953,2932,4077,12865,12802,14028,23128,39849,12510
Cotswold,E07000079,76315,44563,43200,32604,8775,23829,1730,368,1362,8866,4295,4571,1363,1089,879,799,685,114,7,0,7,73,66,7,210,30663,21566,2766,3045,1650,1636,90830,1195,56,235,387,52,465,402,261,78,63,1393,493,171,288,441,87510,83545,635,71,57,3202,330,33,297,44079,8540,8375,5834,3804,5403,3585,2872,1972,3694,45781,31041,10559,2698,753,44076,1322,98,3154,297,272,3845,6280,1241,2757,2312,1837,900,3937,2678,2102,3986,4436,2622
County Durham,E06000047,433958,227221,216177,187328,47753,139575,5251,1088,4163,23598,9604,13994,11044,8263,6038,5409,4387,1022,57,24,33,572,512,60,2225,198474,111234,28153,18945,26631,13511,522067,7834,300,2838,2148,730,1818,1740,1202,284,254,4949,1962,914,906,1167,505471,494638,1384,798,157,8494,2073,825,1248,222215,22537,37179,26917,21178,26099,23112,19432,20568,25193,224293,176980,81624,30167,9004,222212,2329,810,24271,1837,2157,20087,32612,10228,10094,5391,3926,2978,8805,9727,20085,24092,33805,8978
Coventry,E08000026,276871,150735,141260,122763,29307,93456,3020,746,2274,15477,6310,9167,9475,12951,8881,8170,6119,2051,112,67,45,599,488,111,4070,113185,47809,29016,14150,12567,9643,345321,63915,4257,4571,32096,12658,10333,30723,24109,3459,3155,11731,3182,1663,4597,2289,226246,190889,5662,294,1116,28285,12706,2482,10224,150145,12956,28834,17300,13652,13277,14380,12570,13271,23905,167651,116149,43030,14126,4369,150138,276,68,15807,1503,1369,9303,24769,12327,7150,5580,4110,1704,6699,7515,6700,17612,22609,5037
Crawley,E07000226,93567,61678,57554,49625,13319,36306,1163,333,830,6766,2796,3970,4124,1870,1345,1245,955,290,10,0,10,90,48,42,525,30019,14733,3871,5057,3171,3187,118492,18236,626,563,7335,6122,3590,5331,3296,683,1352,4838,1291,1002,1083,1462,86939,73178,831,103,337,12490,3148,675,2473,58903,5955,8798,7254,5770,5330,6828,5601,5531,7836,58152,41451,13754,3975,1161,58901,69,102,3242,496,342,4552,9564,7573,3594,2571,2717,554,2614,4528,2739,3711,7771,2162
Croydon,E09000008,310396,196811,183994,148697,36691,112006,5373,1483,3890,29924,13352,16572,12817,7325,5411,4816,3626,1190,85,49,36,510,366,144,1914,106260,48038,18293,16421,11112,12396,390724,68487,3549,3950,29563,15345,16080,88441,40219,36108,12114,29745,5740,4453,10380,9172,188985,146268,4935,212,1120,36450,15066,2259,12807,189407,24114,43348,26739,19333,15968,18250,13735,10765,17155,200050,130711,43327,12733,3898,189417,106,162,4985,636,640,16324,24826,10053,8672,11197,10915,3807,14574,11877,13025,18720,29657,9241
Cumberland,E06000063,227862,129953,125249,106670,30552,76118,3559,776,2783,15020,6092,8928,4704,3280,2507,2400,1926,474,17,6,11,90,71,19,773,94629,62126,7014,8139,11127,6223,273254,2715,278,626,656,218,937,606,473,95,38,2050,764,319,397,570,266889,259836,841,264,128,5820,994,296,698,127751,12997,20084,14187,10661,18250,12881,10008,13506,15177,123108,93169,40220,13041,3716,127754,3951,215,10828,1179,9396,12743,18178,6100,8086,2139,1486,1303,5277,5939,7872,9827,18363,4872
Dacorum,E07000096,123783,78594,75473,60801,15163,45638,2097,407,1690,12575,5473,7102,3121,2197,1726,1590,1260,330,11,5,6,125,86,39,471,42992,25360,4679,5495,3624,3834,155081,8948,461,757,3397,2588,1745,4411,2822,1023,566,5266,1687,697,1536,1346,134602,122107,2102,194,202,9997,1854,396,1458,77199,12798,16172,11749,7353,7396,6181,4949,3979,6622,80604,51271,17171,4784,1251,77199,266,64,4199,282,506,7917,11888,3915,3364,5577,2727,1397,6015,4651,3705,7630,9027,4069
Darlington,E06000005,88103,50768,48103,42072,10748,31324,1150,258,892,4881,2028,2853,2665,1561,1193,1150,947,203,11,6,5,32,22,10,368,35774,21930,3229,3899,4179,2537,107796,2966,759,308,1086,195,618,701,456,135,110,1472,516,198,384,374,101725,97320,342,434,104,3525,932,329,603,49296,5230,8463,5973,4961,5042,4895,4657,3847,6228,48749,37324,15383,5016,1328,49295,311,135,4239,184,295,3760,8468,2869,2295,2053,1455,522,2158,2351,4199,4293,7872,1836
Dartford,E07000107,90698,60254,57651,48264,10968,37296,1467,326,1141,7920,2969,4951,2603,1573,1172,1044,770,274,23,12,11,105,81,24,401,28871,15469,3796,4468,2582,2556,116754,11513,1052,1165,5123,760,3413,12282,9812,1141,1329,3638,980,723,1004,931,86936,78557,812,309,158,7100,2385,254,2131,58824,7555,12101,7748,6827,6203,4860,4068,4062,5400,61128,38680,12556,3390,999,58821,97,52,2704,312,527,7002,8687,3843,2398,2821,3238,1175,3760,3038,3460,5062,8286,2359
Denbighshire,W06000004,78908,41792,39880,32942,9630,23312,1281,242,1039,5657,2111,3546,1912,1244,966,910,748,162,8,3,5,48,24,24,278,35872,22395,3193,3301,4908,2075,95820,1650,115,337,332,166,700,268,179,44,45,1052,350,162,313,227,92488,90470,484,62,32,1440,362,119,243,40846,4563,7009,4490,3448,5368,5307,3310,3272,4079,43115,31254,14621,5179,1648,40849,1091,75,3180,271,309,3745,5893,1458,2305,903,538,595,1645,1714,3094,3623,8662,1748
Derby,E06000015,209193,117828,111304,97154,25492,71662,2285,568,1717,11865,5035,6830,6524,6519,4898,4608,3698,910,30,23,7,260,216,44,1621,84846,42246,12921,11841,10617,7221,261364,40901,827,1416,12631,21034,4993,10482,6110,3056,1316,9562,2412,924,4178,2048,192871,173077,1982,408,1163,16241,7548,1032,6516,116200,10517,21692,13293,9880,10981,11704,9862,11558,16713,119809,90551,35857,11542,3605,116208,214,94,14662,684,1116,8010,19177,9121,5754,3575,1638,1194,5236,5827,5149,10865,19867,4025
Derbyshire Dales,E07000035,61061,33639,32612,24888,7826,17062,1316,294,1022,6408,2930,3478,1027,734,617,591,515,76,1,0,1,25,20,5,117,26688,19479,1954,2017,1695,1543,71535,518,10,117,160,100,131,169,57,71,41,723,290,77,172,184,69940,68326,355,38,9,1212,185,47,138,33230,5537,6783,3701,2802,4545,2650,1875,2275,3062,34005,24678,9585,2534,738,33223,1332,327,3107,122,311,3077,4198,1235,2241,1047,469,473,2183,1570,2067,3514,4243,1707
Doncaster,E08000017,250926,142604,135102,116171,31146,85025,3374,833,2541,15557,5873,9684,7502,3660,2757,2612,1948,664,26,12,14,119,70,49,903,104662,58348,8836,13282,13896,10300,308104,9086,190,1031,2279,3150,2436,3742,2527,672,543,4603,1197,716,1805,885,286955,266879,999,856,687,17534,3718,424,3294,137856,14029,17657,14672,12123,16094,14191,12211,14155,22724,136540,105090,45337,16192,4945,137859,800,187,12396,878,1197,14655,29090,11402,5721,3192,2957,1210,4387,6431,7672,10744,20210,4730
Dorset,E06000059,321900,170185,164286,129504,40305,89199,5269,1236,4033,29513,13962,15551,5899,4496,3491,3345,2750,595,12,8,4,134,114,20,1005,147219,107446,9712,11610,10596,7855,379580,4305,463,815,926,242,1859,1082,605,296,181,4436,1635,601,1011,1189,368415,356270,1917,580,161,9487,1342,223,1119,167777,24133,29063,21194,15632,23230,17212,11930,9525,15858,170366,135867,54010,15166,4170,167773,4148,354,12618,593,1580,16532,24022,5099,9737,4939,4304,2952,9271,8444,12932,16042,25727,8479
Dover,E07000108,96135,52668,49987,40692,11526,29166,1497,343,1154,7798,3525,4273,2681,1314,942,886,733,153,4,0,4,52,37,15,372,42153,26880,3474,4378,4627,2794,116411,2402,162,303,550,41,1346,837,546,176,115,1754,546,297,411,500,110419,105111,648,247,243,4170,999,136,863,50926,5998,7795,7505,4774,5860,6303,3913,3737,5041,51455,40711,17036,5611,1597,50923,608,20,2701,280,393,4981,6693,3932,2617,1119,1086,594,2337,3075,4445,5357,8296,2389
Dudley,E08000027,262488,150144,141576,121554,32886,88668,2972,716,2256,17050,6798,10252,8568,4358,3064,2914,2298,616,19,12,7,131,98,33,1294,107986,63665,11042,13644,11861,7774,323488,27047,619,1005,7812,14906,2705,8170,3499,3625,1046,9191,2254,482,5133,1322,274596,266564,1114,428,194,6296,4484,2026,2458,144641,15322,24346,17362,15388,17996,14043,12177,12838,15169,141846,114604,47402,15299,4337,144649,178,40,16462,1126,1302,15028,23873,7079,5663,3825,3908,1680,6352,6547,8676,14724,22682,5504
Ealing,E09000009,295371,182589,169610,133519,31382,102137,5627,1636,3991,30464,13971,16493,12979,7702,5416,4663,3463,1200,97,51,46,656,491,165,2286,105080,37988,21886,21356,10280,13570,367116,111241,3685,4526,54806,16714,31510,39491,22578,12898,4015,19161,5445,2446,4597,6673,158463,89265,8511,248,1430,59009,38760,16105,22655,175025,24147,39697,23951,14223,15555,12912,12773,11767,20000,192559,120388,38868,11619,3681,175032,82,236,8061,556,484,15681,25366,11940,10160,14096,6811,3496,14405,11722,6440,15969,20143,9384
East Cambridgeshire,E07000009,71429,45238,43929,36306,8889,27417,1196,251,945,6427,2806,3621,1309,977,766,721,582,139,3,3,0,42,28,14,211,25214,16756,2373,2783,1857,1445,87763,1688,118,344,537,147,542,705,460,119,126,1883,618,312,327,626,82912,75897,664,265,118,5968,575,87,488,44695,6481,9649,6118,4221,5026,4144,2585,2804,3667,42423,30830,10879,2859,771,44688,1296,64,3884,163,321,4292,5751,1748,1484,2684,826,639,4185,2205,1926,5562,5284,2374
East Devon,E07000040,127388,67569,65374,50766,16230,34536,2375,508,1867,12233,5690,6543,2195,1620,1353,1283,1075,208,10,6,4,60,45,15,267,58199,43583,3672,4310,3866,2768,150823,1459,181,304,273,28,673,348,202,99,47,1720,624,223,387,486,146847,142011,710,147,56,3923,449,89,360,66727,9434,11683,8240,5925,9147,7043,5259,3597,6399,69973,52881,20650,5798,1525,66727,1898,63,3374,472,726,6267,10194,2495,4305,2008,1295,1062,4452,3414,4285,6439,10580,3398
East Hampshire,E07000085,103829,62511,60497,47690,12408,35282,1719,318,1401,11088,5087,6001,2014,1604,1235,1140,994,146,7,4,3,88,68,20,369,39714,27237,3734,4094,2485,2164,125742,2370,199,365,612,223,971,658,446,134,78,2079,868,258,363,590,119993,113814,749,278,83,5069,642,96,546,61732,10897,13136,8701,5745,6989,5778,3536,2617,4333,63828,43139,14273,3599,905,61731,766,85,4064,355,409,5779,7983,2116,2138,4005,2284,942,5182,3937,3738,6785,7891,3272
East Hertfordshire,E07000242,121151,77829,75159,61079,15216,45863,2282,450,1832,11798,5206,6592,2670,1766,1367,1287,1041,246,3,0,3,77,67,10,399,41556,26176,4868,5116,2671,2725,150159,4019,366,786,1442,390,1035,1951,1206,496,249,4245,1427,489,1122,1207,138587,127245,1855,145,283,9059,1357,258,1099,76524,13957,17041,12088,7727,7108,5869,4148,3418,5168,81057,48853,15274,3916,1055,76521,468,50,5596,264,420,7710,10437,3633,2919,4157,4302,1519,7060,4426,4132,8074,7762,3592
East Lindsey,E07000137,121420,57820,54579,43408,13875,29533,2115,474,1641,9056,4149,4907,3241,1268,1000,938,779,159,7,4,3,55,34,21,268,62332,42477,3430,5948,7006,3471,142295,1134,109,271,282,112,360,292,148,108,36,1484,455,160,552,317,139100,136036,476,123,51,2414,285,54,231,55579,7297,6788,5789,4710,8050,6604,4795,4720,6826,53934,50793,25949,8969,2651,55576,2753,123,4355,253,564,4892,9349,2158,4518,833,437,752,2059,2824,3711,4891,7982,3122
East Riding of Yorkshire,E06000011,288142,158311,152548,126999,35445,91554,5212,1138,4074,20337,8600,11737,5763,4487,3572,3421,2837,584,9,4,5,142,103,39,915,125344,89466,9201,9848,9779,7050,342215,3686,129,766,1210,528,1053,894,617,173,104,3197,1092,547,707,851,333162,323838,1063,324,118,7819,1276,368,908,156119,21363,28215,19406,14215,19462,14891,11084,11365,16118,153547,121117,49161,14088,4302,156122,4761,474,15495,1414,1098,14900,24096,6821,7281,3810,2405,1719,7984,6825,11306,16081,23021,6631
East Staffordshire,E07000193,100507,60267,57852,49536,12130,37406,1471,351,1120,6845,2836,4009,2415,1906,1464,1399,1089,310,8,2,6,57,34,23,442,38334,22676,3783,4738,3757,3380,124021,11552,208,351,1084,8638,1271,1376,713,487,176,2723,867,201,1190,465,107051,97019,524,102,214,9192,1319,190,1129,59320,7247,9179,6301,5218,6264,4862,4302,6532,9415,57717,43989,16319,4637,1357,59321,872,96,8142,224,450,5010,11049,4469,2717,1604,758,623,2675,2881,2216,5074,8046,2415
East Suffolk,E07000244,206721,108895,104221,84427,26352,58075,2996,700,2296,16798,7964,8834,4674,2912,2146,2046,1747,299,7,6,1,93,75,18,766,94914,66009,6415,8861,8477,5152,246060,3447,283,740,1034,261,1129,1357,712,422,223,3707,1072,579,1054,1002,236627,229063,1095,146,77,6246,922,112,810,106366,13786,16909,13244,10157,13291,11322,8480,8182,10995,106604,88502,36851,11148,2951,106364,2001,643,7710,1540,847,9551,16068,7316,5953,3830,2728,1377,5351,5565,5817,9109,15626,5332
Eastbourne,E07000061,84573,45099,42639,34596,10555,24041,1078,249,829,6965,3118,3847,2460,1658,1192,1112,923,189,9,4,5,71,54,17,466,37816,23696,3643,3636,4263,2578,101680,3544,466,550,906,170,1452,1308,883,259,166,2802,812,508,659,823,92342,83465,960,77,136,7704,1684,445,1239,43832,4928,7784,5138,3906,4792,6068,3769,2554,4893,43956,35844,15503,4946,1440,43827,89,13,1922,103,306,4175,7140,1774,2815,1203,1142,605,2129,2142,2302,4388,9546,2033
Eastleigh,E07000086,110330,70179,67978,57832,15267,42565,1413,312,1101,8733,3589,5144,2201,2033,1536,1463,1267,196,8,4,4,65,48,17,497,38118,25854,3328,3841,2882,2213,136444,5256,372,865,2634,367,1018,1300,949,179,172,2817,1076,469,575,697,126083,120242,633,198,97,4913,988,199,789,69515,9404,14903,9932,7344,7603,6187,5050,3863,5229,67981,47400,15896,4088,1078,69521,178,77,4554,457,449,7084,10046,3724,2439,3596,2999,1056,4422,3481,4936,7005,9934,3084
Elmbridge,E07000207,108774,68509,65827,51063,11460,39603,2490,507,1983,12274,6078,6196,2682,1491,1153,1005,816,189,24,9,15,124,93,31,338,38774,22798,5179,6187,2125,2485,138755,9052,630,1415,3539,919,2549,1730,1135,388,207,5688,2372,681,854,1781,119500,102867,2326,149,177,13981,2785,884,1901,66980,16432,17652,10820,5545,4189,4495,3001,1828,3018,81741,40971,12067,3038,938,66982,113,345,2967,407,243,4438,7198,2260,2494,6258,5548,1689,8567,3539,2693,7074,6985,4164
Enfield,E09000010,257182,149864,139349,108541,33680,74861,5556,1738,3818,25252,12106,13146,10515,6151,4515,3815,2849,966,123,56,67,577,390,187,1636,101167,40133,18199,18628,10930,13277,329985,37973,8123,2691,11870,3674,11615,60512,36463,16990,7059,19558,3818,2994,5165,7581,171884,103140,5969,374,1121,61280,40058,2535,37523,143864,18297,29475,17729,13804,14397,13986,10695,9440,16041,167119,108918,37822,12150,3975,143860,100,63,4613,438,600,14009,21780,7614,8390,7062,5561,3355,10915,8885,6966,15512,20635,7362
Epping Forest,E07000072,109932,67696,64630,49696,12740,36956,2911,665,2246,12023,5341,6682,3066,1534,1166,1041,810,231,15,6,9,110,72,38,368,40702,23997,4809,5543,2956,3397,134980,9678,703,785,4712,1930,1548,3932,1941,1438,553,4896,1306,588,1481,1521,113469,101994,1657,142,160,9516,3005,330,2675,65796,12368,13155,9395,7991,6959,4587,3561,3371,4409,69924,44362,15163,4214,1317,65798,414,36,2750,224,456,8364,8666,2961,2329,3144,5107,1915,5748,3940,3023,6057,7199,3465
Epsom and Ewell,E07000208,64607,40544,39051,31731,7473,24258,1104,247,857,6216,2772,3444,1493,1173,859,762,651,111,13,9,4,84,69,15,314,22890,13814,3359,2778,1463,1476,80937,9233,528,1293,3189,1474,2749,1569,970,353,246,3550,1416,401,601,1132,64312,56136,1190,81,139,6766,2273,721,1552,39909,7020,10663,5958,4095,3242,3304,2031,1404,2192,43925,26427,8110,1940,536,39907,38,111,1304,207,170,3479,4673,1413,1396,2899,2790,785,3944,2108,2206,4359,6009,2016
Erewash,E07000036,93526,56072,53857,46719,12164,34555,1093,228,865,6045,2414,3631,2215,1406,1109,1054,888,166,1,0,1,54,38,16,297,36048,23099,2907,3495,4238,2309,112908,1788,44,320,921,149,354,871,347,405,119,2048,518,198,979,353,107769,104400,532,38,60,2739,432,62,370,54967,6133,9102,6609,5418,6881,5028,4547,4747,6502,50053,39919,16552,5020,1362,54961,165,43,6862,396,481,5321,9806,3554,2241,1783,989,669,2553,2460,2859,5479,7172,2128
Exeter,E07000041,111331,58300,56171,48024,13363,34661,1163,253,910,6984,3047,3937,2129,4956,3530,3158,2797,361,22,18,4,350,325,25,1426,48075,20560,17633,3185,4077,2620,130707,6375,513,2020,1588,274,1980,1137,893,137,107,3308,1305,484,503,1016,118034,108095,875,100,181,8783,1853,802,1051,59699,5846,14748,7326,5305,5353,5803,5109,3654,6555,66498,43054,15152,4665,1340,59701,226,35,2427,507,707,4570,8731,2678,3338,2077,1130,795,4279,2731,3565,8109,11136,2660
Fareham,E07000087,95636,56075,54388,45869,11797,34072,1196,271,925,7323,3182,4141,1687,1618,1241,1194,1049,145,0,0,0,47,39,8,377,37943,28062,2784,3008,2283,1806,114512,2114,143,562,834,121,454,670,403,181,86,1727,704,231,343,449,109499,106212,484,109,58,2636,502,107,395,55631,7953,11632,9159,6154,5586,4593,3940,2611,4003,55185,40519,14190,3698,921,55630,170,58,4265,393,379,5210,7246,2696,1984,2780,1933,753,3355,2923,6549,5461,7088,2387
Fenland,E07000010,84835,48342,46315,39087,9585,29502,1128,239,889,6100,2376,3724,2027,1050,794,750,563,187,4,0,4,40,27,13,256,35443,22325,2455,4110,3932,2621,102461,1232,72,245,387,85,443,814,455,223,136,1412,382,220,416,394,98280,88028,434,593,167,9058,723,47,676,47108,5028,5248,5157,4115,6175,4963,3505,6615,6302,41264,38407,16256,5064,1471,47111,1295,30,6459,262,515,5137,8070,2862,1653,1127,859,520,2057,2805,2548,3487,5683,1742
Flintshire,W06000005,127578,75111,72141,62742,15188,47554,1695,334,1361,7704,2957,4747,2970,2242,1679,1603,1288,315,9,4,5,67,47,20,563,50225,32708,4549,4584,5511,2873,154960,1455,109,374,395,128,449,292,174,62,56,1446,506,240,331,369,151232,144356,630,123,74,6049,535,92,443,73819,8077,12180,8660,6918,9009,7338,5853,7719,8065,73431,51838,20920,6716,2057,73817,782,163,11555,514,737,6050,11787,3286,3167,1712,2467,752,3348,3530,4948,6390,9831,2798
Folkestone and Hythe,E07000112,91555,49407,46820,37646,10480,27166,1288,321,967,7886,3531,4355,2587,1358,999,940,782,158,5,5,0,54,41,13,359,40790,26200,3005,4259,4545,2781,109759,4271,196,358,490,214,3013,682,385,203,94,2108,676,303,554,575,101614,96590,765,146,137,3976,1084,119,965,47817,6167,7610,6934,4324,5592,5681,3962,3132,4415,47404,38432,16801,5519,1603,47821,453,26,2011,677,430,5226,6855,2777,2520,1376,1798,605,2324,3144,3480,4463,7400,2256
Forest of Dean,E07000080,73046,40756,39208,31092,9092,22000,1176,265,911,6940,2936,4004,1548,1021,781,716,611,105,8,3,5,57,39,18,240,31269,20541,3052,2958,2962,1756,87004,625,16,151,139,35,284,242,117,82,43,925,303,135,257,230,84869,82401,314,103,63,1988,343,27,316,39992,5126,6221,4875,3797,5815,4347,2677,3192,3942,38990,30908,12355,3662,1089,39984,1022,59,4115,257,370,4451,5819,1503,1642,1404,1028,561,2086,2040,2720,3465,5611,1831
Fylde,E07000119,69251,36219,34818,28376,7665,20711,1269,310,959,5173,2368,2805,1401,1120,900,865,710,155,4,4,0,31,20,11,220,31912,23015,2192,2134,2684,1887,81375,1173,75,242,383,174,299,331,189,66,76,1158,396,173,299,290,78332,75793,548,49,55,1887,381,97,284,35712,5208,7685,4893,3623,3503,3423,2478,1953,2946,37427,27421,11815,3641,1070,35716,335,30,3306,337,176,2605,4696,1106,2207,1095,1061,579,2131,1555,3682,3404,5686,1725
Gateshead,E08000037,161749,90504,85417,75707,20118,55589,1718,405,1313,7992,3326,4666,5087,3011,2102,1971,1581,390,12,7,5,119,98,21,909,68234,39133,7125,7097,9512,5367,196149,4925,379,1146,1027,944,1429,2214,1852,109,253,2393,872,547,384,590,183489,177131,710,115,256,5277,3128,926,2202,87518,8448,16612,11006,8949,8581,8793,8710,6950,9469,85811,65777,30117,11120,3326,87512,153,273,7203,681,573,6980,13231,4446,4513,3293,2467,1266,4274,4548,7014,8611,14446,3540
Gedling,E07000173,96462,57258,55102,46739,12649,34090,1409,336,1073,6954,2999,3955,2156,1431,1084,1015,810,205,6,6,0,63,45,18,347,37773,24803,3545,3314,3788,2323,117264,4532,106,472,1755,1451,748,2675,1026,1263,386,4130,859,351,2143,777,104918,100367,887,28,55,3581,1009,186,823,56187,7026,11693,7670,5625,6236,5203,4385,3360,4989,53976,40850,16183,4840,1414,56192,200,39,3941,601,373,5726,8926,2525,2160,2004,1281,952,2947,2422,4047,6500,9156,2392
Gloucester,E07000081,106939,66315,63688,55813,15066,40747,1025,206,819,6850,2639,4211,2627,2641,1933,1846,1539,307,11,6,5,76,58,18,708,37983,21129,4728,4383,4560,3183,132414,8543,802,497,4481,1160,1603,4826,2149,1912,765,5014,869,569,2694,882,112461,103317,800,224,296,7824,1570,332,1238,65621,6245,10844,8019,7174,7208,7580,5648,5576,7327,61882,46736,17259,5172,1367,65618,203,74,6025,761,474,5896,10738,3194,3106,2341,2906,747,2654,3149,4169,5279,11661,2241
Gosport,E07000088,67213,39443,37664,32560,8594,23966,672,163,509,4432,1776,2656,1779,1125,822,790,657,133,0,0,0,32,29,3,303,26645,17053,2132,2840,2846,1774,81949,1169,92,312,337,23,405,984,439,405,140,1210,342,190,319,359,78136,75763,310,42,29,1992,450,49,401,38484,4077,5272,5804,4031,4766,4610,3170,2593,4161,35504,29829,12134,3587,898,38487,39,30,2801,234,331,3777,5517,1825,1884,1245,712,430,1390,2117,5449,3338,5819,1549
Gravesham,E07000109,84556,51478,48660,39975,10487,29488,1494,310,1184,7191,2674,4517,2818,1534,1101,983,760,223,15,7,8,103,68,35,433,31544,17407,3565,4674,3103,2795,106902,11999,690,352,8136,843,1978,6952,5235,847,870,2828,791,535,787,715,81893,73030,699,320,351,7493,3230,127,3103,49761,6005,7846,6125,5188,5590,4639,3797,4387,6184,52013,36416,13291,4088,1092,49757,213,37,2879,244,464,6803,7974,3510,2123,1683,2038,856,2695,2874,2751,4320,6334,1959
Great Yarmouth,E07000145,82719,43238,40277,33941,11044,22897,1031,279,752,5305,2256,3049,2961,1237,862,830,687,143,4,3,1,28,19,9,375,38244,22886,2899,4590,5040,2829,99750,1936,64,246,786,121,719,1104,857,105,142,1575,374,424,354,423,94361,88663,352,135,114,5097,774,75,699,41136,4037,4911,4127,3743,5220,5347,3722,4277,5752,40086,35834,16599,5610,1619,41135,418,799,3675,388,352,3587,6901,1792,3403,656,690,435,1528,2163,1708,3062,7665,1913
Greenwich,E09000011,229749,148221,137841,112911,24263,88648,3698,893,2805,21232,9156,12076,10380,6981,5094,4367,3054,1313,98,47,51,629,425,204,1887,74547,27139,14990,12701,9582,10135,289065,38028,2395,7125,10128,3538,14842,60602,44185,8724,7693,17297,3491,3302,5142,5362,161006,119665,4230,385,882,35844,12132,1462,10670,142934,18826,35907,21127,11610,10735,13290,9173,7183,15083,152415,92418,30949,10134,3152,142937,84,124,3587,468,541,11411,16397,6294,7998,9966,11123,2717,13052,9402,8198,13186,20416,7973
Guildford,E07000209,119356,69090,66635,53922,12113,41809,1985,397,1588,10728,5061,5667,2455,4339,3139,2847,2344,503,22,13,9,270,233,37,1200,45927,23196,12597,4755,2519,2860,143647,9630,476,2315,2873,921,3045,2150,1531,357,262,4386,1773,615,710,1288,124788,111076,1292,467,235,11718,2693,731,1962,69774,12141,18410,11207,5849,5682,5465,4077,2338,4605,78671,46690,13717,3531,1041,69779,265,166,3180,319,336,5367,8237,2217,2979,5574,3285,1199,7084,3695,4734,7974,9244,3924
Gwynedd,W06000002,97968,52292,49852,38931,11791,27140,1967,391,1576,8954,3226,5728,2440,2681,1965,1825,1515,310,17,11,6,123,87,36,716,42995,25358,7449,3431,4112,2645,117392,1968,199,580,484,209,496,513,373,82,58,1333,438,179,371,345,112987,109548,554,111,45,2729,591,314,277,51818,5360,9055,5266,3864,8277,6652,4118,3562,5664,58620,37038,15668,4741,1324,51810,2000,177,2678,444,665,5009,6914,1509,4419,1212,437,763,1858,2217,4345,5902,8579,2682
Hackney,E09000012,209466,140573,130628,103724,25226,78498,3502,1037,2465,23402,10480,12922,9945,5194,3680,3032,2219,813,45,33,12,603,479,124,1514,63699,16378,16079,11029,10428,9785,259147,26885,6554,3459,8832,2461,5579,54645,29478,17903,7264,17487,3691,2735,4749,6312,137709,87927,5582,248,865,43087,22421,2342,20079,134312,18646,40040,27603,9468,6468,9742,7191,4530,10624,146836,73626,25710,9467,3507,134310,90,63,4031,379,255,5260,14554,3873,6768,13449,6789,2925,21080,7204,5553,15069,16077,10891
Halton,E06000006,103948,60121,57286,50827,12125,38702,1031,245,786,5428,2109,3319,2835,1926,1420,1379,1159,220,0,0,0,41,30,11,506,41901,22958,3919,4588,7043,3393,128478,1436,58,418,375,125,460,511,293,84,134,1791,461,342,530,458,123976,120301,685,91,68,2831,764,241,523,58706,5870,8767,7260,5877,5667,5585,6143,5884,7653,59066,41455,18088,7491,2380,58710,96,116,6045,476,797,4879,10421,4060,2425,2399,1269,785,3141,3350,3491,4696,8177,2087
Hammersmith and Fulham,E09000013,154632,101615,95022,76548,12467,64081,2840,647,2193,15634,7369,8265,6593,4157,3076,2485,1635,850,54,36,18,537,454,83,1081,48860,15466,13190,7893,5783,6528,183156,19306,1277,4253,4100,2010,7666,22453,13243,6626,2584,12318,3142,1777,3157,4242,115679,70105,4812,93,1485,39184,13400,5534,7866,98096,18326,29279,18574,6900,4493,6803,5004,2711,6006,108069,51238,16301,5603,1946,98086,53,210,2994,449,180,4055,11022,2995,5879,9031,8797,2955,13898,4775,3116,8940,11869,6868
Harborough,E07000131,80427,49034,47711,38481,9886,28595,1695,326,1369,7535,3201,4334,1323,1281,1059,1001,851,150,1,0,1,57,43,14,222,30112,20669,3124,2561,1809,1949,97623,5298,68,233,4250,279,468,699,411,201,87,2003,762,182,602,457,88851,85474,554,193,22,2608,772,81,691,48772,8799,10831,6993,4486,5046,3500,2903,2358,3856,50282,32717,11016,2850,762,48777,982,40,4131,354,280,4388,8416,2081,1697,1821,1702,701,3512,2197,2514,5639,5964,2358
Haringey,E09000014,216000,140381,129885,97864,25924,71940,4010,1184,2826,28011,13279,14732,10496,5947,4496,3670,2521,1149,75,36,39,751,522,229,1451,69672,23057,14742,11751,9487,10635,264238,23080,4819,3848,5838,2162,6413,46466,24855,16339,5272,18556,3915,2574,5325,6742,150581,84298,5701,235,2004,58343,25555,2525,23030,134383,17168,33738,21842,9189,11265,10419,8084,6027,16651,140184,83809,27408,9562,3275,134385,76,75,3648,308,298,10303,15311,4763,9730,10598,4928,2469,14199,9954,5720,14637,16945,10423
Harlow,E07000073,73102,47280,44829,37877,9496,28381,906,233,673,6046,2319,3727,2451,1546,1152,1054,770,284,6,6,0,92,59,33,394,24276,12545,2686,3770,2901,2374,93330,5555,740,817,1613,1197,1188,5827,4156,909,762,3048,623,587,1051,787,77214,67993,743,182,193,8103,1686,301,1385,45981,4808,6889,5202,4968,5411,4800,3669,4302,5932,44559,32106,11913,3659,1091,45982,96,27,3552,176,334,5330,8502,3079,1842,1535,1188,567,1882,2738,1961,3780,7609,1784
Harrow,E09000015,209623,128235,120858,90532,22624,67908,5474,1310,4164,24852,9805,15047,7377,5307,4181,3334,2351,983,107,50,57,740,399,341,1126,76081,34632,14225,13544,5885,7795,261205,118152,1820,2784,74744,10264,28540,19151,10584,6514,2053,9833,3140,1104,2187,3402,95233,53567,5608,179,1421,34458,18836,6239,12597,125040,17524,31409,14526,12204,12184,8624,9061,7806,11702,134553,88594,27907,7715,2434,125043,60,151,4529,400,324,15627,18374,6669,5137,8668,7192,2445,11147,7030,5137,11040,16448,4665
Hart,E07000089,80326,51045,49395,40835,9264,31571,1240,260,980,7320,3322,3998,1650,1366,1049,989,837,152,9,3,6,51,47,4,317,27915,18988,2798,3254,1316,1559,99404,3595,161,519,1318,217,1380,843,514,225,104,2231,919,299,408,605,91952,86414,769,246,78,4445,783,120,663,50445,9507,11749,8737,4762,4544,3698,2774,1769,2905,54555,32704,9344,2177,628,50456,202,122,2817,273,349,4268,6219,1931,2047,5339,2293,752,4262,2939,4318,4736,5246,2343
Hartlepool,E06000001,74685,39487,36846,32298,9575,22723,872,210,662,3676,1444,2232,2641,1264,903,874,712,162,5,5,0,24,16,8,361,33934,17910,3463,4303,5432,2826,92338,1600,278,217,335,297,473,445,327,57,61,671,240,115,143,173,89068,87761,170,37,19,1081,554,270,284,37749,3348,5838,4497,3391,4736,4381,3613,3622,4323,39817,30749,14415,5625,1732,37749,149,428,3874,584,444,3809,5734,1452,1845,834,628,544,1689,1645,2632,3763,6354,1341
Hastings,E07000062,74702,42628,40074,31074,9693,21381,991,243,748,8009,3629,4380,2554,1144,823,740,588,152,12,6,6,71,50,21,321,30930,17008,2839,3748,4760,2575,90995,2536,343,366,595,125,1107,1262,782,304,176,2639,724,404,758,753,83191,77418,780,128,164,4701,1367,330,1037,40899,4437,6752,5489,3816,5063,5531,3410,2558,3843,38395,31864,14122,5025,1588,40897,150,12,2163,142,243,4358,6056,1549,2123,1272,1362,675,1985,1892,2464,3707,8412,2332
Havant,E07000090,102866,57575,55015,45296,13202,32094,1292,269,1023,8427,3292,5135,2560,1775,1354,1286,1106,180,11,2,9,57,38,19,421,43516,29095,2912,4481,4457,2571,124210,2107,178,424,905,73,527,750,463,155,132,1719,557,372,352,438,119127,115732,485,69,49,2792,507,108,399,56368,6844,9199,6950,5286,7625,6126,4696,4018,5624,55028,44185,18023,5437,1535,56369,179,31,4686,746,533,7098,8602,2282,2613,2270,1250,762,2501,3179,3950,5023,8250,2414
Havering,E09000016,209730,128521,121834,98594,24730,73864,3782,901,2881,19458,7595,11863,6687,3911,2947,2529,1771,758,67,25,42,351,188,163,964,77298,43979,9680,10786,6467,6386,262052,28150,4774,2011,11292,5683,4390,21567,14138,4832,2597,9747,2344,1535,3224,2644,197314,174232,2894,259,433,19496,5274,809,4465,124781,15438,24339,16717,16701,14375,10294,8162,8058,10697,130764,89013,30642,8941,2692,124789,121,67,4677,488,799,16713,15341,7550,4472,5266,10155,2146,8684,6811,7409,12206,16705,5179
"Herefordshire, County of",E06000019,157132,89974,86773,67495,19669,47826,3057,630,2427,16221,6963,9258,3201,2189,1737,1606,1268,338,15,5,10,116,87,29,452,64969,44635,5017,5836,5614,3867,187032,2218,55,339,843,139,842,567,340,150,77,1980,689,280,473,538,181248,170419,727,431,161,9510,1019,224,795,88507,11979,14131,9965,7964,12927,8686,6212,6943,9700,85521,65655,26040,7641,2177,88513,4808,119,9613,360,605,8539,14028,2421,3969,2439,1319,1309,4634,4670,4676,7595,13531,3878
Hertsmere,E07000098,86193,53936,51513,39700,10193,29507,2068,476,1592,9745,4465,5280,2423,1590,1254,1060,803,257,18,10,8,176,114,62,336,30667,16674,4744,4108,2542,2599,107827,11320,381,1059,6660,787,2433,5181,3713,890,578,4038,1240,508,948,1342,83145,68032,2155,167,282,12509,4143,363,3780,52766,9198,12243,7478,5665,4607,4296,2997,2583,3699,57652,34388,11602,3205,981,52767,111,33,1979,232,243,5201,7204,2205,2058,3344,2660,1740,5081,3071,2135,5679,7007,2784
High Peak,E07000037,75662,45411,43740,36118,10051,26067,1195,280,915,6427,2906,3521,1671,1070,876,829,710,119,1,1,0,46,33,13,194,29181,19735,2633,2252,2825,1736,90935,694,7,221,140,77,249,223,119,70,34,1185,377,163,346,299,88614,86183,639,20,12,1760,219,30,189,44614,5873,8839,5598,3694,5209,4453,3120,3593,4235,43301,31083,12007,3535,1007,44614,489,469,4841,201,263,3963,6229,1861,2098,1641,1134,550,3077,1999,2353,4833,6547,2066
Hillingdon,E09000017,241879,147804,138302,113255,27435,85820,4479,1241,3238,20568,8442,12126,9502,6634,4504,3955,3037,918,72,45,27,477,317,160,2130,87441,37565,17415,15604,7110,9747,305907,101938,4050,3184,57341,14243,23120,23955,15844,5752,2359,13359,4201,1897,3151,4110,147387,113377,5585,479,691,27255,19268,4462,14806,142803,18524,30087,18036,14401,13152,12044,10772,10752,15035,156976,103725,33088,9244,2876,142807,125,128,6651,474,763,14047,20721,13119,7008,9963,5289,2096,9027,8965,7023,13674,18171,5563
Hinckley and Bosworth,E07000132,93916,56602,54838,46276,11373,34903,1408,299,1109,7154,3039,4115,1764,1342,1047,997,836,161,8,0,8,42,34,8,295,35972,25021,3036,3022,2907,1986,113641,3147,85,386,2018,221,437,692,423,187,82,1990,681,215,638,456,107180,103225,554,80,48,3273,632,93,539,55889,7756,10160,7534,5742,6364,4821,3701,4050,5761,52913,40394,14967,4164,1202,55883,543,112,6058,1247,420,5503,9730,3476,2110,1689,1459,605,2870,2428,2746,5646,6832,2409
Horsham,E07000227,120663,73310,70802,56549,15228,41321,1983,456,1527,12270,5964,6306,2508,1767,1365,1287,1113,174,6,5,1,72,59,13,402,45586,31669,4269,4631,2612,2405,146776,3974,263,634,1417,401,1259,1312,895,256,161,3130,1160,399,571,1000,137442,129348,1163,233,100,6598,918,209,709,72167,12689,15238,11458,6842,7090,6338,4557,2994,4961,75551,49827,16218,4067,1115,72174,747,110,4463,471,515,6286,9564,3908,2708,4331,3822,1527,5775,4602,3649,7168,8592,3936
Hounslow,E09000018,228675,144652,134463,107745,26063,81682,4590,1295,3295,22128,9800,12328,10189,5952,4331,3801,2813,988,82,52,30,448,292,156,1621,78071,29510,14360,16377,7425,10399,288181,105846,2699,2664,60827,17454,22202,20810,14895,3573,2342,13514,4128,2142,2726,4518,127083,81933,3894,296,980,39980,20928,5461,15467,138800,17914,27755,17668,12160,12138,11345,11117,10067,18636,149624,96314,30323,9017,2903,138799,83,224,5222,415,470,11079,19888,14184,9743,12023,4967,2292,9169,10470,5603,11198,15177,6592
Huntingdonshire,E07000011,148261,92522,89551,76225,17401,58824,2074,410,1664,11252,4897,6355,2971,2328,1840,1740,1409,331,12,3,9,88,52,36,488,53411,35001,4482,5592,4104,4232,180832,5745,417,687,1779,1261,1601,2646,1766,483,397,4057,1220,636,1010,1191,167116,154089,1255,272,128,11372,1268,167,1101,91391,13200,18416,13493,9425,9129,7496,6112,6414,7706,86577,64569,22026,6085,1576,91401,1105,59,9208,359,1039,8163,13170,3545,3522,4871,2318,1391,6548,4630,6774,8554,12107,4038
Hyndburn,E07000120,65631,36566,34663,29731,7315,22416,759,185,574,4173,1753,2420,1903,1277,964,903,698,205,3,2,1,58,44,14,313,27788,14681,3055,3563,4220,2269,82237,12401,455,137,363,10825,621,224,160,40,24,1091,573,119,188,211,67984,65471,365,86,44,2018,537,167,370,35627,3346,4984,3955,3297,4671,4414,3263,3847,3850,36121,28210,12149,4387,1367,35620,123,15,4702,170,244,3085,6678,1829,1377,942,494,411,1334,1518,1941,3364,6097,1296
Ipswich,E07000202,111832,68620,65187,56538,15942,40596,1307,334,973,7342,3004,4338,3433,2496,1839,1735,1415,320,23,12,11,81,62,19,657,40716,21884,4594,5693,5033,3512,139643,7611,2015,749,2366,376,2105,4882,2483,1508,891,6409,820,1151,3016,1422,117757,104208,587,356,663,11943,2984,357,2627,67026,6066,11334,7906,6253,6834,7133,6370,6347,8783,63728,49957,18905,5562,1490,67029,298,15,3934,807,466,5865,11211,5357,3210,2864,3365,672,2651,3984,3397,5294,11031,2608
Isle of Anglesey,W06000001,57148,30023,28540,23005,6768,16237,1039,221,818,4496,1726,2770,1483,842,663,623,516,107,8,2,6,32,25,7,179,26283,17457,2279,2344,2714,1489,68879,430,40,108,94,22,166,104,68,17,19,598,191,78,156,173,67587,66339,381,54,33,780,160,58,102,29202,3167,4716,3179,2482,4547,3638,2522,2065,2886,32788,21937,10216,3059,878,29201,977,54,1767,364,425,2805,4143,1242,2004,543,260,358,1007,1208,2900,2823,5113,1208
Isle of Wight,E06000046,119584,59979,56824,44503,15326,29177,1715,433,1282,10606,5187,5419,3155,1420,1085,1031,847,184,3,0,3,51,39,12,335,58185,39723,3704,4789,6113,3856,140459,1663,153,250,316,98,846,478,296,128,54,1720,584,207,497,432,136219,131697,830,67,75,3550,379,88,291,57913,7243,8981,6602,4850,8084,7591,5104,3588,5870,56014,51903,23077,7386,2079,57913,575,64,4309,349,432,5397,8789,2109,4587,1396,753,958,2477,3134,3459,4896,11027,3202
Isles of Scilly,E06000053,1729,1116,1102,740,208,532,85,14,71,277,113,164,14,12,11,11,10,1,0,0,0,0,0,0,1,601,462,20,59,23,37,2055,6,0,1,0,0,5,4,2,2,0,23,8,8,2,5,2004,1926,9,1,0,68,18,0,18,1113,191,139,124,75,191,150,84,65,94,1054,677,240,66,17,1112,91,1,40,6,14,92,120,82,203,8,17,26,16,71,76,80,105,64
Islington,E09000019,183627,119433,111157,90466,15301,75165,2780,638,2142,17911,8121,9790,8276,5481,3814,3118,2259,859,57,42,15,639,535,104,1667,58713,16858,15859,8586,9703,7707,216590,21532,5972,5125,4051,995,5389,28743,18091,7368,3284,16231,3750,2257,4171,6053,134754,86092,7062,108,958,40534,15330,2991,12339,114972,17439,39312,22879,7333,4945,6756,5601,3496,7211,118690,63421,22469,8901,3108,114970,65,98,2930,376,245,4402,10868,3507,5579,12937,8739,1938,19933,4942,4952,11266,13402,8791
Kensington and Chelsea,E09000020,123089,72707,67804,50057,8811,41246,3393,800,2593,14354,6896,7458,4903,2365,1636,1272,822,450,34,21,13,330,255,75,729,48017,16078,12680,8499,4781,5979,143373,17025,1488,3839,3209,1282,7207,11279,6944,3237,1098,9525,3047,1288,1725,3465,91394,46883,2825,84,1049,40553,14150,6384,7766,69441,18485,19186,12294,4117,2221,5064,3182,1678,3214,85462,38302,13191,4806,1614,69448,98,196,2129,279,103,2297,7482,1804,3479,5660,10747,2491,10611,2960,1668,5084,6703,5657
King's Lynn and West Norfolk,E07000146,128888,70828,68058,55780,15783,39997,2044,457,1587,10234,4350,5884,2770,1571,1162,1112,902,210,8,4,4,42,29,13,409,56489,38526,3453,5709,5491,3310,154326,2886,103,400,1238,166,979,843,518,143,182,2022,526,429,450,617,147563,136966,655,417,139,9386,1012,152,860,69223,8301,9525,7527,6143,9702,7568,5225,6888,8344,64413,56961,23789,7106,2056,69219,2301,124,7672,254,618,7403,11430,2705,3753,1267,1506,888,2937,3517,3928,5400,10566,2950
"Kingston upon Hull, City of",E06000010,213875,122835,114053,102111,27351,74760,1968,501,1467,9974,3947,6027,8782,5320,3735,3534,2742,792,32,24,8,169,127,42,1585,85720,38511,12766,12530,13717,8196,267013,7515,1279,1234,1259,1292,2451,5065,4292,232,541,4513,1172,1144,948,1249,244989,223962,455,451,286,19835,4931,1443,3488,117789,8253,14557,11961,9378,15820,13117,11993,14573,18137,115776,93150,39851,13999,4238,117786,548,217,17904,863,832,10861,21856,5874,6130,2508,1020,1094,3482,6742,5863,9636,18088,4268
Kingston upon Thames,E09000021,135467,85425,81338,65124,14239,50885,2498,635,1863,13716,6487,7229,4087,3960,2810,2484,2028,456,43,26,17,283,220,63,1150,46082,21813,10088,6911,3429,3841,168065,29938,932,4127,7731,4380,12768,4741,3105,1081,555,8996,3540,1090,1564,2802,114831,90288,2633,61,445,21404,9559,3580,5979,84148,14674,23933,13140,7171,5769,5947,5296,2854,5364,90958,54724,16710,4367,1304,84145,76,222,2675,395,229,5679,10694,3090,3924,7294,5019,1631,8902,4387,4269,9535,11337,4787
Kirklees,E08000034,346271,194117,184331,155429,43657,111772,5281,1484,3797,23621,10619,13002,9786,8073,5753,5455,4644,811,39,25,14,259,204,55,2320,144081,75708,20161,20051,16284,11877,433213,84202,1065,1526,22739,54795,4077,9948,4180,4324,1444,13588,3980,1035,6433,2140,318969,305579,2335,168,314,10573,6506,1915,4591,190087,22814,34891,24630,17154,20975,17830,15809,16929,19055,201705,149441,58024,18669,5378,190090,694,206,22717,786,1519,15813,32167,9438,8050,5602,6471,2205,10323,8434,10554,20321,27609,7181
Knowsley,E08000011,124297,71707,67855,59552,15823,43729,1322,298,1024,6981,2681,4300,3852,2174,1635,1551,1224,327,8,5,3,76,46,30,539,50416,24035,5156,6341,10124,4760,154518,2510,32,630,936,186,726,1264,964,130,170,2658,577,653,740,688,147234,142698,855,24,112,3545,852,289,563,69491,6008,10581,7912,7654,7330,8359,6612,6685,8350,73079,46569,21561,10037,3273,69489,114,92,5519,405,593,6453,11246,4502,2946,1857,2132,1082,2668,3264,4819,5955,13004,2838
Lambeth,E09000022,268942,190033,177775,147475,25995,121480,3911,1018,2893,26389,12060,14329,12258,7108,5042,4351,3028,1323,59,37,22,632,485,147,2066,71801,22302,17750,10561,9970,11218,317650,23051,2502,4986,6054,3868,5641,76145,37359,28991,9795,25630,4541,4006,8348,8735,174778,119395,6828,146,1537,46872,18046,2649,15397,182819,25695,55140,34580,12564,9463,13130,8956,6187,17104,178535,96211,30240,9582,3086,182820,83,189,3983,612,320,8899,17876,5809,10146,16161,12290,4034,25135,13750,10605,16026,24293,12609
Lancaster,E07000121,119638,61775,59425,50121,14813,35308,1591,357,1234,7713,3556,4157,2350,4005,2974,2725,2387,338,15,10,5,234,213,21,1031,53858,28643,12813,3963,5179,3260,142939,5155,355,1597,1629,613,961,1215,1019,125,71,2204,823,341,424,616,133063,125552,802,309,90,6310,1302,477,825,62401,6581,12488,7430,4961,7340,7516,5024,4483,6578,66454,48857,19619,6214,1790,62402,1025,141,3373,1489,487,5032,8979,2698,3877,1655,1074,621,2846,2775,3183,8785,11611,2751
Leeds,E08000035,658470,377687,357949,308120,75829,232291,8690,2105,6585,41139,17680,23459,19738,23432,16114,14856,12220,2636,105,71,34,1153,996,157,7318,257351,124465,56606,27929,27288,21063,811953,78503,5876,8117,21087,31405,12018,45376,32211,7889,5276,27388,7410,4294,10028,5656,641801,595737,6892,878,1610,36684,18885,5980,12905,374064,41589,85081,52009,35774,32376,34684,29948,22576,40027,402056,270304,98856,31621,9116,374058,908,262,23901,2600,2737,27964,55492,17431,18732,17111,17039,5125,26529,21157,20735,39412,60051,16872
Leicester,E06000016,291012,156924,146536,128376,38736,89640,3640,1187,2453,14520,6667,7853,10388,12648,8396,7887,6341,1546,75,55,20,434,358,76,4252,121440,39005,31850,22739,14583,13263,368571,159977,7055,2481,126421,12673,11347,28766,21536,4466,2764,13899,3659,1776,5025,3439,150657,122395,1789,457,839,25177,15272,3402,11870,154936,11006,24074,13678,12354,12069,15552,14761,22261,29181,179719,123425,46156,14749,4522,154936,125,82,22695,1555,683,8010,31303,11298,7270,3885,3626,1221,5414,8449,6211,14111,24583,4415
Lewes,E07000063,83221,45525,43563,33025,10236,22789,1426,370,1056,9112,4424,4688,1962,1275,943,864,753,111,2,0,2,77,65,12,332,36421,24569,3071,3288,3204,2289,99909,1899,249,376,482,98,694,722,436,182,104,2461,795,405,531,730,94101,88830,811,100,67,4293,726,186,540,44507,6557,8783,6518,3919,5301,4522,2991,2322,3594,45533,34732,14156,4297,1187,44510,460,15,2093,177,355,4281,5711,1838,2040,1937,1750,821,3001,2423,2657,5076,7166,2709
Lewisham,E09000023,242417,162414,150523,121800,27601,94199,3670,1016,2654,25053,11669,13384,11891,7165,5193,4419,3316,1103,78,44,34,696,529,167,1972,72838,25422,15810,11527,9814,10265,300553,26927,1826,6296,5046,2361,11398,80473,37834,31883,10756,24253,4359,3774,8726,7394,154749,111726,5055,116,1033,36819,14151,1671,12480,155713,20155,41888,27269,11892,10473,13363,9774,6369,14530,159645,96291,31609,9891,3114,155714,94,92,3482,432,361,9286,16638,5808,8977,12202,8868,2970,16024,9441,8704,16881,23231,12223
Lichfield,E07000194,88597,51284,49433,41041,10541,30500,1599,362,1237,6793,2928,3865,1851,1355,1040,998,817,181,5,1,4,37,29,8,315,35958,24896,2957,3106,2757,2242,106436,2496,163,315,1477,231,310,601,201,316,84,1987,608,169,795,415,100917,97952,663,29,42,2231,435,50,385,50472,8452,10500,6694,4780,5392,3775,3261,2983,4635,50143,37056,13924,4162,1151,50471,492,29,4685,217,512,5241,8278,2470,2156,1742,1383,767,3282,2462,2849,5242,6353,2311
Lincoln,E07000138,87064,45851,43552,37986,10106,27880,824,196,628,4742,1889,2853,2299,4739,3163,2976,2653,323,18,14,4,169,147,22,1576,36474,14563,11422,3620,4136,2733,103814,3347,322,788,788,302,1147,1466,1094,236,136,2068,657,373,470,568,95665,85891,652,145,159,8818,1268,320,948,46718,3745,7225,5172,3728,4649,5323,4922,4893,7061,45492,38213,14444,4461,1203,46714,361,62,4355,305,671,3759,8718,1973,2977,1420,457,468,1570,2578,3057,4456,7656,1871
Liverpool,E08000012,403028,208057,194163,167998,44789,123209,4313,1172,3141,21852,9397,12455,13894,16899,11587,10841,8958,1883,82,64,18,664,547,117,5312,178072,67225,44261,19628,30507,16451,486088,27767,1917,8841,6251,3673,7085,16964,12709,1493,2762,16880,3662,4157,4127,4934,408443,375785,6826,501,1169,24162,16034,8312,7722,205750,17700,42403,24736,21341,16279,21874,19228,15241,26948,231830,150332,65142,29077,9707,205739,226,211,11374,688,1110,13365,30822,11930,14025,6298,6480,3445,10697,9993,14937,22228,38386,9524
Luton,E06000032,172695,100863,93542,76783,20943,55840,2771,832,1939,13988,5593,8395,7321,6983,5176,4683,3360,1323,72,40,32,421,249,172,1807,64849,24233,11636,14512,6720,7748,225261,83325,20630,901,12096,41143,8555,22735,11774,8216,2745,9620,2429,1268,3486,2437,101798,71532,4570,238,808,24650,7783,2106,5677,98721,8547,15550,9938,8433,9659,10526,7854,11485,16729,109654,77855,27073,8162,2517,98712,112,42,7377,272,480,9497,17012,10733,5488,3578,1958,1406,4051,6792,4042,9032,13870,2970
Maidstone,E07000110,142136,88057,84728,69236,16951,52285,2355,490,1865,13137,5506,7631,3329,2206,1681,1569,1233,336,17,12,5,95,74,21,525,51873,31642,5022,6661,4483,4065,175781,8213,649,655,2145,568,4196,3606,2567,643,396,4013,1316,611,978,1108,157864,144114,994,1009,273,11474,2085,249,1836,86407,12732,15817,12106,8635,9423,7124,5894,5939,8737,87494,59781,21018,5832,1657,86409,1226,46,4761,504,776,10442,13275,4570,3371,3289,3717,1354,5229,4949,6204,7277,11951,3468
Maldon,E07000074,55426,31877,30705,24096,6839,17257,1091,278,813,5518,2490,3028,1172,704,549,515,461,54,3,2,1,31,28,3,155,22845,15751,1696,2571,1593,1234,66211,741,143,127,224,36,211,236,119,76,41,897,328,107,230,232,64129,62268,439,176,44,1202,208,16,192,31255,5186,4980,4132,3538,4224,2414,2192,1974,2615,30903,23469,8677,2487,672,31264,501,36,2438,137,286,4489,4969,1401,1147,964,1658,431,1946,1692,1727,2582,3437,1423
Malvern Hills,E07000235,67122,36543,35155,27139,8111,19028,1266,302,964,6750,3195,3555,1388,811,647,606,511,95,4,4,0,37,33,4,164,29768,20998,2665,2437,2225,1443,79487,1051,59,295,300,121,276,262,162,68,32,1119,470,160,252,237,76779,74197,391,195,14,1982,276,48,228,35800,5950,7718,4400,3280,4441,3133,2248,1849,2781,36926,27733,10843,3096,888,35798,1000,41,3213,188,306,3136,4905,912,1559,1517,763,815,2718,1864,2110,4044,5013,1694
Manchester,E08000003,437958,237667,219969,187849,48366,139483,5233,1672,3561,26887,12839,14048,17698,21621,14315,12896,10333,2563,128,98,30,1291,1117,174,7306,178670,46637,57182,28875,25709,20267,551938,115109,9673,12644,14857,65875,12060,65893,47858,10472,7563,29026,6149,5992,9987,6898,313632,268572,9442,597,883,34138,28278,15028,13250,234283,20368,55875,31626,18837,15576,23595,21720,15035,31651,280547,173458,64955,24915,8063,234290,205,86,10303,969,861,11817,36174,14042,16420,12331,7419,3535,17909,15445,9945,25443,40867,10519
Mansfield,E07000174,90170,52442,50240,43736,11627,32109,1025,229,796,5479,2067,3412,2202,1440,1127,1076,822,254,4,0,4,47,28,19,313,36288,21272,2702,4117,5559,2638,110482,2234,338,337,839,250,470,1174,755,263,156,1544,345,219,650,330,104712,96475,387,89,182,7579,818,186,632,51367,4976,6575,5462,4363,6299,5826,4337,5093,8436,47123,38004,17302,6249,1804,51369,163,71,5743,342,461,5228,10618,2949,2486,983,670,563,1571,2198,2986,4049,8441,1847
Medway,E06000035,222755,136138,129425,107617,26783,80834,3033,684,2349,18775,6907,11868,6713,4433,3179,2909,2313,596,30,17,13,240,166,74,1254,82184,43599,10373,11940,9062,7210,279773,16484,1962,1273,7693,2125,3431,15723,11266,2552,1905,7859,2158,1394,2425,1882,235747,218953,1866,749,469,13710,3960,452,3508,132610,14826,21929,17307,13910,15896,12828,10137,11111,14666,132845,96739,35907,11171,3113,132608,441,80,7782,888,1805,16803,20232,8550,5661,4370,5636,2059,6151,7022,9151,11735,19013,5229
Melton,E07000133,42948,25734,24947,20462,5548,14914,796,161,635,3689,1585,2104,787,635,521,498,415,83,0,0,0,23,18,5,114,16579,11652,1375,1572,1100,880,51752,599,22,115,306,13,143,192,103,67,22,659,239,76,206,138,50142,48064,269,25,17,1767,160,35,125,25466,3880,4183,3095,2303,3236,2370,1653,2156,2590,24748,18186,6757,1622,439,25474,774,42,3307,133,152,2401,3982,994,1088,714,572,323,1583,1189,1390,2539,3008,1283
Merthyr Tydfil,W06000024,47676,26347,25035,22007,5761,16246,623,127,496,2405,702,1703,1312,836,599,584,441,143,0,0,0,15,11,4,237,20493,10539,1973,2263,4107,1611,58839,871,46,156,308,92,269,91,59,13,19,510,129,86,131,164,57140,54916,113,56,26,2029,227,17,210,25633,2144,3751,2799,2220,3140,3183,2475,2597,3324,26718,17786,8837,4112,1386,25635,72,79,2849,177,415,2744,3749,986,1069,751,443,344,643,1122,2378,2137,4870,807
Merton,E09000024,172772,115210,109214,85927,18287,67640,3399,846,2553,19888,9051,10837,5996,3690,2851,2454,1838,616,53,33,20,344,241,103,839,53872,24084,9494,9999,4372,5923,215187,40019,2470,3615,9607,9667,14660,22887,12218,7632,3037,12765,3756,1722,3009,4278,129617,88673,4337,194,813,35600,9899,1923,7976,112065,17692,29411,16337,9159,9115,8623,7030,5202,9496,118140,68979,20760,5599,1704,112070,50,212,3047,403,323,9377,13827,4669,5665,8314,7647,2319,11686,7097,5169,10466,15393,6406
Mid Devon,E07000042,68203,40656,39471,30444,9098,21346,1393,305,1088,7634,3275,4359,1185,998,808,759,647,112,2,2,0,47,38,9,190,26549,18047,2208,2495,2315,1484,82853,562,24,182,168,15,173,101,63,22,16,899,319,122,194,264,81068,77699,326,142,47,2854,223,33,190,40283,5312,6482,4430,3586,6041,3907,3127,3277,4121,39073,28866,10954,3085,874,40277,2247,36,3668,243,413,4026,6494,1643,1641,1008,689,560,2454,1836,2099,3909,5571,1740
Mid Suffolk,E07000203,86305,50524,49048,39383,10842,28541,1478,340,1138,8187,3707,4480,1476,1235,976,914,772,142,9,7,2,53,41,12,259,34546,24707,2574,3175,2352,1738,102701,821,36,176,204,33,372,553,274,166,113,1463,365,200,480,418,99463,96581,442,93,27,2320,401,44,357,50024,7402,8948,6776,4940,6553,4341,3235,3403,4426,48205,36960,13204,3454,876,50032,1706,49,3853,442,393,5554,7217,2538,1721,1765,1634,616,3359,2670,3190,4424,6599,2302
Mid Sussex,E07000228,123317,77584,75051,60727,15926,44801,1931,435,1496,12393,5845,6548,2533,1926,1522,1428,1221,207,7,3,4,87,69,18,404,43807,29492,4458,4688,2763,2406,152566,5505,599,588,2489,279,1550,1337,871,309,157,3827,1597,555,634,1041,140724,130971,1456,175,150,7972,1173,209,964,76572,13156,17539,11989,7231,6878,6923,4567,3009,5280,80741,50460,16029,4180,1156,76564,474,104,3727,414,427,6649,9481,3817,2812,4465,5286,1252,5997,4810,3722,7900,11123,4104
Middlesbrough,E06000002,113939,58233,53849,47228,14198,33030,1245,376,869,5376,2287,3089,4384,4015,2584,2461,2064,397,24,13,11,99,85,14,1431,51691,23267,7974,7527,7879,5044,143922,15090,595,669,2804,8990,2032,3816,3339,162,315,3001,1110,650,570,671,118547,114421,434,160,320,3212,3468,1452,2016,56434,4409,8996,6109,4856,5906,7578,5394,5577,7609,67207,46382,19821,7969,2545,56431,82,604,3989,439,397,4797,9048,3102,3034,1529,1203,762,2083,2735,3610,5282,11756,1979
Milton Keynes,E06000042,224835,145896,138853,119085,25787,93298,2944,702,2242,16824,6900,9924,7043,5788,4526,4219,3008,1211,36,13,23,271,176,95,1262,73151,37649,10317,10845,7558,6782,287060,35645,3189,2913,15348,7163,7032,27851,21502,2975,3374,11725,2973,2551,2997,3204,206114,178568,2382,156,578,24430,5725,1349,4376,143378,18299,30540,19938,13825,11004,11017,11353,9345,18057,146636,96796,31721,9239,2668,143384,308,80,10045,593,636,9336,27279,10623,6538,10287,7226,1844,8818,8072,6205,14095,15794,5605
Mole Valley,E07000210,72339,43018,41538,32240,8302,23938,1295,256,1039,8003,3891,4112,1480,1010,804,751,640,111,5,5,0,48,36,12,206,28311,19123,2790,2998,1849,1551,87387,2637,243,459,868,247,820,706,450,170,86,2194,878,227,417,672,81046,74983,948,99,53,4963,804,229,575,42341,8321,10140,6392,4063,4156,3429,2168,1285,2387,45952,28806,9411,2501,716,42339,316,138,1834,233,223,4060,4739,1368,1531,2864,2611,969,4346,2723,2101,4547,5186,2550
Monmouthshire,W06000021,78238,43539,42025,33718,9140,24578,1463,321,1142,6844,2917,3927,1514,1019,804,745,620,125,8,6,2,51,40,11,215,33680,22877,2826,2767,3058,2152,92960,1185,52,277,317,94,445,230,132,62,36,1115,376,183,261,295,90106,87566,451,36,19,2034,324,88,236,42830,6573,9315,5427,3794,4895,3538,2824,2485,3979,43165,31887,12655,4060,1188,42821,1255,47,3374,240,351,3520,6410,1523,1922,1639,1320,713,2897,1901,3551,4017,6289,1852
Neath Port Talbot,W06000012,117182,60380,57679,51142,13667,37475,1232,270,962,5305,1923,3382,2701,2061,1512,1436,1199,237,11,8,3,65,48,17,549,54741,29419,6317,5583,9671,3751,142290,2253,508,387,527,224,607,522,274,148,100,1583,493,211,535,344,137511,135111,437,170,33,1760,421,105,316,59189,5200,9256,6815,6706,7075,7272,5112,5355,6398,64583,43219,21961,9388,3138,59195,251,260,6579,369,536,5518,8239,2326,2441,1208,1829,832,1990,2333,6848,5114,10448,2074
New Forest,E07000091,148742,79645,76975,61549,18423,43126,2259,533,1726,13167,6299,6868,2670,2132,1725,1649,1434,215,7,7,0,69,50,19,407,66965,49741,4102,5422,4408,3292,175782,2103,176,435,577,72,843,703,399,162,142,2215,801,327,478,609,170118,163847,833,480,115,4843,643,87,556,78702,11997,13956,9927,7715,9971,8252,5386,4498,7000,81075,62425,23866,6534,1885,78710,880,277,5241,475,552,8115,10984,3464,4412,2890,2567,1432,5419,4304,4118,7164,12222,4194
Newark and Sherwood,E07000175,101968,58015,55900,47025,12237,34788,1570,323,1247,7305,3073,4232,2115,1547,1214,1160,947,213,5,2,3,49,34,15,333,42406,27164,3785,4150,4305,3002,122959,1411,107,300,496,165,343,804,431,225,148,1844,535,218,695,396,118366,111939,569,342,103,5413,534,123,411,57117,7801,9033,7048,4909,6617,5750,4283,4817,6859,54954,43072,17806,5553,1571,57112,1033,90,5527,412,616,5628,10385,2688,2817,2080,871,734,2831,2557,3403,5034,7917,2489
Newcastle upon Tyne,E08000021,248447,123293,115770,100458,27380,73078,2965,790,2175,12347,5671,6676,7523,13599,9305,8694,7433,1261,53,45,8,558,495,63,4294,111555,42993,34156,12432,12946,9028,300127,34128,7248,5382,7304,8753,5441,9921,8555,340,1026,6920,2600,1378,915,2027,240002,223567,1895,332,1031,13177,9156,4175,4981,125078,11448,30729,15060,11029,10037,11694,12573,7906,14602,145219,96614,39307,14525,4461,125084,163,354,6523,775,449,7803,17007,5646,9286,5769,3509,1901,7897,6680,9047,13678,23254,5343
Newcastle-under-Lyme,E07000195,103184,56770,54631,46955,11957,34998,1355,276,1079,6321,2484,3837,2139,2873,2052,1965,1699,266,8,7,1,79,65,14,821,43541,26165,6820,3669,4619,2268,123299,4642,273,639,1707,947,1076,1289,931,227,131,1988,672,248,659,409,114523,110947,365,71,61,3079,857,197,660,56682,6024,10116,6659,5220,6606,5791,4861,4433,6972,54189,43520,17878,5972,1741,56686,451,56,5343,256,465,5067,10415,2750,2236,1780,1393,650,2382,2435,2492,5846,9837,2832
Newham,E09000025,276173,168499,154606,121323,33737,87586,5400,1631,3769,27883,11222,16661,13893,12240,8839,7395,5256,2139,214,112,102,1230,740,490,3401,95434,21237,24072,24928,10675,14522,351030,148187,55677,6213,38642,31216,16439,61302,40874,13586,6842,16419,3324,3317,4253,5525,107947,51819,2039,353,2342,51394,17175,3534,13641,163445,15522,32704,19608,12621,16496,14189,14529,11822,25954,180480,116872,37801,11823,4060,163442,105,84,4060,396,389,17369,23668,9896,13595,9649,8158,2831,11234,14011,7160,14028,19839,6970
Newport,W06000022,127420,74662,70863,62494,15978,46516,1528,377,1151,6841,2750,4091,3799,2635,1924,1846,1487,359,9,6,3,69,51,18,711,50123,26175,5732,6443,7411,4362,159592,12194,2858,711,2023,4803,1799,3737,2687,553,497,4451,1188,640,1528,1095,136473,128245,685,168,406,6969,2737,999,1738,72786,7420,13767,9109,7623,6347,6761,6534,6140,9085,74351,52689,21937,8159,2456,72796,260,47,6144,539,735,4832,12203,3906,3672,2265,3618,1060,3517,3173,6949,5835,11359,2682
North Devon,E07000043,82194,45993,44292,33747,11371,22376,1753,410,1343,8792,3749,5043,1701,1145,874,821,682,139,1,1,0,52,39,13,271,35056,24057,2516,3150,3309,2024,98612,1135,87,191,324,90,443,325,179,80,66,1174,417,136,297,324,95639,92944,387,58,54,2196,339,82,257,45163,5749,6898,5067,3618,7162,4874,3406,3237,5152,46135,33154,13705,4352,1265,45165,2154,48,4163,171,289,4433,7214,1165,3764,965,529,610,2093,2171,2080,3853,7488,1975
North East Derbyshire,E07000038,85275,47285,45662,38454,11199,27255,1237,267,970,5971,2439,3532,1623,1186,902,865,730,135,5,0,5,32,27,5,284,36804,25084,2507,3226,4069,1918,102003,952,20,216,327,110,279,324,170,107,47,1170,372,141,421,236,99367,97657,306,45,15,1344,190,23,167,46563,6028,8011,5492,4610,5813,4639,3731,3527,4712,44381,35060,15945,5166,1449,46559,414,92,4631,268,381,5081,7658,2153,1975,1404,1104,541,2272,2067,2964,4432,7255,1867
North East Lincolnshire,E06000012,127521,70673,67112,58959,17264,41695,1487,335,1152,6666,2835,3831,3561,2368,1738,1671,1345,326,5,0,5,62,42,20,630,54480,31788,4588,6597,7468,4039,156967,2437,318,438,543,336,802,846,644,98,104,1617,502,306,377,432,151030,145362,320,65,127,5156,1037,366,671,68851,6058,8490,7328,5865,8108,7344,5685,10396,9577,67586,54939,24237,7911,2293,68851,341,499,9540,744,429,5790,12557,5520,3453,909,640,706,2504,3621,2842,5731,10533,2492
North Hertfordshire,E07000099,107743,68232,65772,54564,12890,41674,1599,328,1271,9609,4461,5148,2460,1779,1390,1308,1117,191,5,5,0,77,57,20,389,37732,24393,3715,4201,3083,2340,133210,6956,581,709,3811,536,1319,3235,1458,1331,446,4913,1455,509,1820,1129,116620,108298,1684,39,81,6518,1486,291,1195,67161,10803,17135,10326,5895,5838,4991,4105,3290,4778,67385,45317,15363,4089,1056,67164,429,26,5765,247,469,5596,9347,2209,2408,4460,2752,1180,6437,3398,3926,6912,8248,3355
North Kesteven,E07000139,98017,57413,55685,47351,11590,35761,1300,260,1040,7034,3055,3979,1728,1565,1209,1171,952,219,4,3,1,34,23,11,356,39039,27277,3173,3498,3155,1936,118072,1160,85,286,370,92,327,416,239,104,73,1368,450,218,373,327,114729,111304,510,57,28,2830,399,92,307,56892,7665,9946,8580,6036,6556,5561,3753,3915,4880,54648,41825,15872,4509,1220,56893,1524,141,4372,437,800,5080,7791,2112,2263,1700,746,583,2463,2340,8132,5758,8397,2254
North Lincolnshire,E06000013,139465,77987,74356,64702,16945,47757,1873,496,1377,7781,3336,4445,3631,2459,1865,1786,1362,424,12,9,3,67,52,15,594,59019,37661,4697,6365,6541,3755,169684,5622,1840,451,1126,1013,1192,818,663,85,70,1820,717,289,356,458,160052,150554,556,168,226,8548,1372,224,1148,76223,8279,10321,8278,6393,9215,7323,6003,10070,10341,72786,60954,25702,8003,2235,76217,1328,295,13248,578,579,6345,13115,5117,3363,1215,848,782,2467,3432,3862,6074,10924,2645
North Norfolk,E07000147,89143,42793,41014,30794,10499,20295,1498,375,1123,8722,4290,4432,1779,823,643,610,519,91,1,0,1,32,25,7,180,45527,33241,2316,3731,3708,2531,102978,565,23,151,110,14,267,183,96,59,28,978,310,172,247,249,101007,98403,471,86,32,2015,245,27,218,41659,5718,5304,4227,3403,6875,4957,3607,2753,4815,40520,38727,17522,4821,1391,41658,1533,144,2863,178,285,4337,6758,1462,3404,854,916,734,2018,2603,1744,3556,5991,2278
North Northamptonshire,E06000061,289187,181232,174688,149250,34457,114793,3938,790,3148,21500,8265,13235,6544,5429,4169,3969,3048,921,24,6,18,176,104,72,1260,102526,62160,9894,11782,11119,7571,359523,12726,1104,1005,7325,1029,2263,11017,6889,2473,1655,8175,1926,1320,3024,1905,324664,289274,2590,365,736,31699,2941,338,2603,178855,21751,26861,20376,16768,19477,15814,13354,17639,26815,166047,128657,47271,13718,3831,178857,1087,83,20718,711,1349,16708,37186,13241,6884,5223,4142,1909,8051,9274,7539,14942,23283,6527
North Somerset,E06000024,178567,103411,100107,83047,23804,59243,2733,610,2123,14327,6379,7948,3304,3228,2595,2468,2078,390,13,8,5,114,86,28,633,71928,49984,6164,5779,6461,3540,216729,3322,433,725,1067,148,949,1139,733,251,155,3635,1191,497,1007,940,207429,195915,1210,187,169,9948,1204,247,957,102702,14625,20359,13585,10134,10436,10139,7377,6711,9336,103098,73421,28789,8897,2522,102706,721,189,7213,609,1223,9272,15842,4792,4699,4359,4177,1823,7270,4996,6401,9727,14966,4427
North Tyneside,E08000022,171513,100034,95234,83999,22042,61957,1980,480,1500,9255,3953,5302,4800,2834,2032,1940,1587,353,6,3,3,86,64,22,802,68645,43003,6123,6635,8217,4667,208968,5396,1009,1225,1539,528,1095,1281,1020,102,159,2879,1013,663,501,702,198208,193303,797,54,114,3940,1204,350,854,97266,9927,21780,13362,10743,8704,8832,9443,5848,8627,96170,69597,30204,10188,2806,97270,145,538,6377,882,488,7050,12936,3744,4859,5117,3035,1389,4971,4708,10049,10469,16631,3882
North Warwickshire,E07000218,53898,32421,31146,26188,6557,19631,847,181,666,4111,1638,2473,1275,789,608,580,428,152,1,1,0,27,21,6,181,20688,13663,1715,1966,2056,1288,65036,844,11,89,463,125,156,364,113,196,55,1113,268,101,542,202,62514,60598,475,19,55,1367,201,32,169,31754,4243,4816,3928,3331,3752,2721,2218,2814,3931,29587,22596,9157,2864,830,31753,351,34,3538,216,305,3268,5524,2916,1258,927,721,376,1373,1632,1562,2829,3650,1273
North West Leicestershire,E07000134,86165,52662,50940,43589,10259,33330,1253,296,957,6098,2541,3557,1722,1339,1021,967,793,174,10,8,2,44,33,11,318,32164,20824,3521,3174,2838,1807,104707,1543,14,234,784,68,443,642,423,144,75,1592,576,174,530,312,100449,96430,454,129,63,3373,481,65,416,51961,7305,8940,6845,4828,5962,4407,3642,4481,5551,49180,36846,13648,3916,1116,51953,424,354,6201,445,410,5623,8782,3855,2089,1459,900,621,2751,2653,2410,5190,5715,2071
North Yorkshire,E06000065,516182,296779,287500,229666,64338,165328,11145,2343,8802,46689,20311,26378,9279,7299,6036,5773,4844,929,22,10,12,241,182,59,1263,212104,149256,17191,17683,16027,11947,615490,8317,331,1574,2031,1037,3344,2456,1491,536,429,6720,2495,983,1435,1807,595154,574065,2681,550,347,17511,2843,562,2281,293535,44679,52153,38519,25165,38526,26639,20742,18230,28882,293072,213655,80093,22395,6276,293539,10930,860,23741,1798,1815,25550,43876,10406,18810,8626,7700,4266,18960,13792,22290,26109,39955,14055
Northumberland,E06000057,268850,145197,138170,115138,33183,81955,4607,1002,3605,18425,8103,10322,7027,3405,2610,2498,2044,454,7,4,3,105,78,27,795,120248,81177,8490,10331,12235,8015,320566,3374,302,521,1183,514,854,598,400,124,74,2557,1033,440,456,628,313027,308015,910,176,62,3864,1010,268,742,140777,17405,24722,17034,13435,16928,15432,12010,9968,13843,140289,110887,49447,15644,4300,140780,3830,810,10802,1130,1069,12174,19466,5414,7762,4438,3032,2274,7282,6448,11590,12077,24552,6630
Norwich,E07000148,120763,65708,62050,52362,14631,37731,1184,326,858,8504,3850,4654,3658,5347,3670,3338,2885,453,19,14,5,313,265,48,1677,49708,20148,14041,5241,6244,4034,143924,7867,839,1627,2570,528,2303,3578,2807,395,376,4519,1287,966,939,1327,125421,111623,885,214,214,12485,2539,900,1639,65720,5633,14691,8202,5095,5904,6762,6275,4545,8613,63232,52223,20346,6382,1738,65723,249,142,3726,178,382,4460,10169,2590,4345,2701,2946,1055,4147,3371,2769,7349,11837,3307
Nottingham,E06000018,264321,128319,119330,103244,28237,75007,2526,724,1802,13560,5901,7659,8989,14616,9536,8700,7333,1367,71,45,26,765,667,98,5080,121386,35362,47342,14182,14440,10060,323635,48217,2223,4263,11515,21684,8532,32215,18740,9339,4136,19063,3363,2129,10129,3442,213430,185580,2360,269,1130,24091,10710,3673,7037,128866,10297,24432,14343,10112,10634,14291,12113,11229,21415,153956,108292,41863,14787,4734,128863,142,58,9202,1301,601,8346,22866,8055,8392,4870,2289,1703,5833,6591,6393,13733,23419,5069
Nuneaton and Bedworth,E07000219,108590,64690,61677,54317,13306,41011,1183,251,932,6177,2428,3749,3013,1900,1438,1375,1034,341,6,4,2,57,39,18,462,42000,25188,3880,4848,4910,3174,134198,10782,121,357,7154,940,2210,2446,1622,492,332,2449,694,270,1066,419,116939,109807,697,95,127,6213,1582,169,1413,63114,6264,9985,7477,6311,6608,6224,4976,6108,9161,59458,47478,19379,6075,1807,63110,175,42,7381,575,598,4811,11719,5652,2598,1923,1482,543,2273,2996,3249,5505,9398,2190
Oadby and Wigston,E07000135,47210,26511,25369,21501,5965,15536,772,206,566,3096,1351,1745,1142,930,620,578,483,95,4,4,0,38,30,8,310,19769,11743,3313,1978,1505,1230,57747,16131,315,325,12189,2282,1020,1254,725,394,135,1873,730,194,541,408,36592,34512,360,10,18,1692,1897,382,1515,25989,2997,5815,3255,2784,2437,2439,2093,1793,2376,26568,20744,7661,2170,604,25992,38,17,2387,303,108,1954,4485,1115,897,769,945,368,1376,1102,1463,3321,4436,908
Oldham,E08000004,187035,102047,95477,80795,22987,57808,2647,812,1835,12035,5349,6686,6570,3919,2729,2530,2039,491,32,23,9,167,125,42,1190,81069,36927,11645,13831,10553,8113,242087,59565,21754,819,1676,32802,2514,8209,6065,876,1268,6125,1829,1043,2353,900,164897,157914,1279,177,549,4978,3291,521,2770,98207,9616,14988,11314,9555,11144,10613,8596,9362,13019,113590,79548,33754,11724,3472,98205,157,44,8153,484,607,8323,18026,6379,5443,2778,2652,1584,4460,5023,5510,9870,15212,3500
Oxford,E07000178,136718,70771,67786,58211,12808,45403,1325,333,992,8250,4196,4054,2985,6898,5540,4617,3399,1218,47,37,10,876,801,75,1358,59049,16402,29820,5256,3593,3978,162040,24991,2025,4479,6005,6619,5863,7535,5060,1629,846,9005,3197,1072,1916,2820,114561,86672,2351,62,501,24975,5948,1449,4499,73329,6732,26873,8620,4723,4607,5985,4221,3724,7844,88767,52154,15703,4221,1194,73332,121,31,4112,274,218,3029,6823,2239,3913,4425,837,684,6886,3068,2418,17124,13955,3175
Pembrokeshire,W06000009,102551,54182,51697,39755,13058,26697,2196,481,1715,9746,3868,5878,2485,1352,1068,996,816,180,10,6,4,62,42,20,284,47017,30306,3544,4755,5632,2780,123359,1159,146,221,243,77,472,244,147,55,42,1162,400,163,282,317,120375,116816,701,574,34,2250,419,93,326,52768,6112,7598,5388,4142,9059,6845,4140,3831,5653,55187,41206,18605,6375,1987,52770,2823,340,3093,428,382,5481,7742,1910,4558,827,524,554,2095,2388,4092,4238,8703,2592
Pendle,E07000122,75224,40626,38544,31930,8876,23054,1197,375,822,5417,2697,2720,2082,1386,1081,1025,811,214,9,6,3,47,39,8,305,33212,16708,3851,5581,3919,3153,95758,25573,302,161,242,24502,366,244,174,51,19,1488,885,95,231,277,67577,63320,342,97,126,3692,876,235,641,39623,4070,5701,4083,3159,5373,4135,3673,4558,4871,44752,32255,13182,4286,1285,39622,351,20,6547,88,192,3150,7539,1977,1768,1014,825,419,1575,1987,1583,3516,5631,1440
Peterborough,E06000031,167574,103980,98644,84909,21000,63909,2439,641,1798,11296,4829,6467,5336,3122,2325,2166,1600,566,35,17,18,124,85,39,797,60472,28974,7401,10040,7453,6604,215670,30801,442,990,7169,16972,5228,8751,6225,1419,1107,7617,2021,1627,1990,1979,162581,128353,1177,551,938,31562,5920,897,5023,100968,9979,15830,11291,9118,8947,9135,8723,11152,16793,99550,77378,27730,8582,2433,100969,716,61,9869,291,850,7023,20193,7767,4398,4240,4022,1199,4237,6199,5364,7738,13390,3412
Plymouth,E06000026,218624,121278,115976,100575,27935,72640,2259,506,1753,13142,5386,7756,5302,6866,5042,4700,4007,693,26,19,7,316,273,43,1824,90480,47650,15627,9228,11973,6002,264695,5947,537,1430,1403,389,2188,2786,2022,460,304,4656,1349,860,1108,1339,248727,236802,1055,165,168,10537,2579,677,1902,121018,10874,20138,15675,11406,15496,13823,11112,9029,13465,121117,89371,37196,13109,3902,121022,277,175,9938,710,689,11249,17662,5801,6349,3174,1482,1774,4742,5799,12535,11866,21941,4859
Portsmouth,E06000044,170818,97606,92586,77947,21047,56900,2035,440,1595,12604,4562,8042,5020,7770,5199,4819,4188,631,42,28,14,338,268,70,2571,65442,29280,15884,7818,7099,5361,208001,14370,4742,2116,3104,603,3805,7070,5369,950,751,5487,1540,1244,1176,1527,177277,161664,1066,118,324,14105,3797,1007,2790,97787,9806,18084,12207,8982,10663,10674,8481,7288,11602,98505,72447,26740,8000,2311,97783,124,41,6655,989,600,9530,13927,4994,6213,3641,1892,1159,3975,5314,8644,9934,16069,4082
Powys,W06000023,112536,62806,60699,43856,13628,30228,2614,497,2117,14229,4950,9279,2107,1246,1027,946,776,170,5,5,0,76,52,24,219,48484,33173,3819,4004,4770,2718,133169,1247,79,160,176,50,782,221,74,96,51,1135,373,147,295,320,130160,126357,581,105,49,3068,406,100,306,61726,7396,9056,6334,5038,12196,6553,4217,4610,6326,59313,45946,20078,6040,1792,61728,5824,134,5122,307,523,6275,8600,2056,3076,1347,788,595,2835,2525,4607,5193,9116,2805
Preston,E07000123,118670,65664,62664,54699,14504,40195,1506,420,1086,6459,2863,3596,3000,5527,3970,3758,3226,532,39,32,7,173,148,25,1557,47479,21298,9397,6370,6125,4289,147834,29815,758,707,19047,7554,1749,3489,2355,827,307,4367,1321,506,1759,781,107321,97715,923,114,248,8321,2842,1157,1685,66634,6171,12745,7639,6669,6043,7165,6057,5574,8571,71585,48918,19091,6379,1862,66636,482,30,6028,363,444,4736,10995,3161,3023,1860,1416,881,2956,3564,5676,6138,12698,2185
Reading,E06000038,141357,89882,85319,73782,15524,58258,1606,376,1230,9931,4031,5900,4563,4811,3545,3304,2565,739,25,15,10,216,152,64,1266,46664,19262,11606,6925,4249,4622,174223,30841,1132,2694,10777,8279,7959,12532,7665,3293,1574,8962,2117,1249,3555,2041,116886,93167,2040,107,573,20999,5002,1282,3720,88868,9390,22757,11993,7062,6953,8079,6736,5095,10803,89196,60019,18627,5018,1364,88865,211,153,4028,666,1424,5700,12880,4367,4717,10697,2834,932,7004,5455,3852,8596,12127,3222
Redbridge,E09000026,242020,145554,136335,103788,28248,75540,6304,1812,4492,26243,11055,15188,9219,6912,5295,4333,3194,1139,138,63,75,824,471,353,1617,89554,34086,18312,19490,7454,10212,310261,146833,31895,2918,51183,44000,16837,26096,14573,8452,3071,12736,3577,1717,3154,4288,107974,71844,3092,185,1104,31749,16622,2263,14359,141627,18627,34456,17250,14551,12846,9843,10747,9229,14078,159202,105549,33011,9467,3029,141626,73,72,4050,342,317,15238,19334,8494,6955,9390,9157,3483,11397,8396,7397,14332,17900,5299
Redcar and Cleveland,E06000003,112340,57807,54282,47224,14167,33057,1294,313,981,5764,2436,3328,3525,1817,1338,1281,1044,237,1,0,1,56,39,17,479,52716,32033,4444,5597,7268,3374,136530,1160,158,208,175,283,336,265,182,48,35,1185,460,215,270,240,133388,131789,350,87,14,1148,532,321,211,55623,4801,8411,6605,4983,6800,7430,4760,5345,6488,58085,46416,21633,7916,2481,55620,283,1052,4610,537,467,5387,8317,2676,2815,1109,854,919,2557,2547,3698,5188,10322,2282
Redditch,E07000236,70250,43685,41804,36264,8750,27514,750,151,599,4790,1963,2827,1881,1164,888,843,674,169,10,4,6,35,22,13,276,25401,15269,2449,3001,2782,1900,87034,4995,226,236,1042,3148,343,1054,335,550,169,2283,498,120,1330,335,78173,71742,539,53,57,5782,529,64,465,42692,4719,6675,5027,4125,5060,3832,3569,4678,5007,40480,30616,11431,3547,964,42686,207,14,7105,210,284,3791,7651,1982,1753,1599,1022,443,1796,2552,1889,3200,5754,1434
Reigate and Banstead,E07000211,120127,76538,73633,59894,14188,45706,2175,479,1696,11564,5194,6370,2905,1933,1491,1405,1134,271,17,13,4,69,50,19,442,41656,24905,4447,5330,3234,3740,150846,11383,887,950,4637,2029,2880,4415,2878,1000,537,5541,1895,745,1268,1633,127334,115949,1724,278,145,9238,2173,457,1716,75125,13005,18485,11393,7387,6461,6726,4104,2957,4607,81155,49031,15541,3979,1140,75125,159,167,3093,524,486,7055,8434,3504,2778,4702,6078,1427,6225,4282,4018,7249,11472,3472
Rhondda Cynon Taf,W06000016,193843,105703,100541,87154,22638,64516,2458,462,1996,10929,3370,7559,5162,3903,2848,2720,2285,435,20,8,12,108,73,35,1055,84237,44994,9774,8894,14687,5888,237653,3506,247,894,958,405,1002,997,749,116,132,2469,709,524,635,601,229923,226123,516,69,28,3187,758,198,560,103389,9238,16862,11948,9827,13018,12900,8980,9330,11286,105823,75427,36863,14925,4613,103394,291,207,10051,825,1095,11728,14265,4282,4331,2538,2890,1221,3464,4293,9811,9859,18339,3904
Ribble Valley,E07000124,51465,30416,29685,23814,5954,17860,1293,265,1028,4578,1905,2673,731,835,700,674,541,133,2,0,2,24,15,9,135,20214,14898,1813,1241,1267,995,61565,1265,24,139,385,581,136,125,76,35,14,736,323,123,125,165,59256,57916,340,7,15,978,183,51,132,30385,5125,6818,3989,2681,3772,2522,1645,1662,2171,32360,19764,7117,1855,465,30383,860,42,3289,122,186,2763,4455,794,1433,897,621,497,2079,1166,1814,3506,4503,1356
Richmond upon Thames,E09000027,155835,100356,95726,73434,14360,59074,3405,708,2697,18887,9362,9525,4630,2465,1840,1541,1212,329,23,14,9,276,216,60,625,53014,28245,9284,7912,3492,4081,195277,17467,916,2777,7236,1749,4789,3687,2260,936,491,10662,4238,1205,1654,3565,157111,123093,4866,85,400,28667,6350,1721,4629,97566,23031,30417,17549,6935,4478,5468,3749,2187,3752,115959,57054,16331,4574,1360,97565,89,393,3660,622,250,4871,9182,3101,3401,11167,7219,2419,14066,4377,4230,11563,10026,6929
Rochdale,E08000005,174947,97674,91986,78165,20200,57965,2437,676,1761,11384,4811,6573,5688,3395,2473,2337,1802,535,13,5,8,123,84,39,922,73878,35211,9484,11489,10344,7350,223771,41406,5170,867,1190,30525,3654,7927,6476,440,1011,5284,1736,1210,1303,1035,165485,156669,1735,194,163,6724,3669,815,2854,94459,9745,15229,10969,9242,10016,10293,7893,8665,12407,104957,73713,30753,11214,3136,94462,177,59,8089,350,666,8268,18286,6181,3935,2812,2461,1485,4039,4665,5081,9265,15278,3365
Rochford,E07000075,70713,41446,39878,32511,8876,23635,1077,213,864,6290,2702,3588,1568,1039,783,755,654,101,2,0,2,26,19,7,256,28228,19641,2259,3065,1671,1592,85662,1185,77,266,439,97,306,633,402,140,91,1432,493,198,431,310,82116,80339,462,104,31,1180,296,36,260,40658,5903,7360,6021,5392,4730,3317,2677,2329,2929,41866,29571,10588,2837,799,40660,192,28,2568,161,297,5010,5362,1922,1271,1426,4133,661,2769,2019,2532,3624,4853,1832
Rossendale,E07000125,57301,33751,32378,27039,6707,20332,855,199,656,4484,1859,2625,1373,929,740,697,576,121,7,1,6,36,29,7,189,22621,13342,2307,2337,2921,1714,70868,3876,1587,209,226,1632,222,172,89,58,25,1043,425,153,265,200,65510,64073,509,28,14,886,267,77,190,33116,4316,6256,4366,2762,3993,3508,2598,2448,2869,33310,23556,9673,3430,904,33108,164,48,3447,121,233,3173,5450,1301,1217,1156,618,495,1664,1528,1947,3667,5540,1339
Rother,E07000064,79489,38988,37249,27438,8691,18747,1424,351,1073,8387,4013,4374,1739,926,685,630,520,110,3,3,0,52,47,5,241,39575,28552,2490,3302,3163,2068,93114,1390,118,265,427,27,553,561,344,163,54,1702,568,265,421,448,88993,85362,782,168,47,2634,468,126,342,37934,5866,6478,4725,3745,5289,4322,2671,1827,3011,39362,33607,14561,4365,1215,37933,705,25,1717,157,211,4306,5274,1236,1968,1164,1895,671,2403,2175,2094,3522,6392,2018
Rotherham,E08000018,215571,121196,115257,98793,27279,71514,2782,655,2127,13682,5113,8569,5939,3458,2544,2432,1913,519,18,6,12,94,65,29,914,90917,51512,8141,11483,12594,7187,265806,14176,123,756,1312,10001,1984,3016,2260,336,420,3854,1300,583,1183,788,241954,234613,655,227,699,5760,2806,778,2028,117801,11944,17917,13092,11147,14872,12344,11216,11374,13895,117359,90450,39277,14400,4321,117804,338,146,12672,681,1266,12912,20010,7011,4894,3694,2819,1001,4313,5654,6856,11147,18268,4122
Rugby,E07000220,92188,58594,56648,48811,10508,38303,1308,269,1039,6529,2658,3871,1946,1793,1459,1381,1058,323,5,0,5,73,49,24,334,31801,20148,3551,3312,2741,2049,114363,8728,299,787,5322,963,1357,3110,1897,793,420,3202,987,408,1170,637,98013,85684,1071,73,207,10978,1310,149,1161,58106,7546,11798,7302,5262,4954,4137,3762,4483,8862,55844,39851,13777,3887,1004,58105,556,57,5790,608,370,4174,11199,5558,2157,2400,1443,619,3201,2430,2830,5755,6839,2119
Runnymede,E07000212,72719,42374,40532,33042,7610,25432,1096,226,870,6394,2784,3610,1842,2729,1924,1729,1524,205,9,9,0,186,168,18,805,27616,14005,7142,3046,1597,1826,88079,8140,406,961,4030,837,1906,1591,1092,358,141,3113,1192,402,574,945,73557,63965,1131,371,187,7903,1678,461,1217,42457,7078,9235,6344,4175,4010,3716,2756,1872,3271,46128,29446,9344,2487,674,42462,113,135,2271,257,237,3607,5722,2882,1905,3417,1455,747,3020,2536,2014,4423,5219,2502
Rushcliffe,E07000176,97724,57196,55484,46183,11367,34816,1683,352,1331,7618,3557,4061,1712,1920,1494,1419,1190,229,4,4,0,71,56,15,426,38608,25544,5660,2920,2245,2239,119077,6775,129,900,3471,1498,777,1095,574,398,123,3303,1226,291,1075,711,106827,102479,893,45,43,3367,1077,369,708,56978,9946,17011,8403,4947,4264,3644,3103,1975,3685,63235,38139,13096,3629,978,56979,554,55,3911,546,270,4173,7725,1784,1889,3061,1650,975,5242,2215,3817,8201,8356,2555
Rushmoor,E07000092,80872,54036,51888,45008,9781,35227,879,189,690,6001,2372,3629,2148,1512,1129,1074,868,206,3,3,0,52,38,14,383,25324,13875,2639,3474,2431,2905,99759,14658,297,507,2105,1223,10526,2531,1448,652,431,2578,829,412,707,630,77219,70917,658,190,108,5346,2773,180,2593,53014,6008,9262,8137,5072,5452,5980,4017,3118,5968,49428,34814,11769,2965,780,53019,64,67,2819,210,427,4331,7589,2548,2598,3539,1716,606,2786,4052,5367,4076,8060,2164
Rutland,E06000017,34297,18985,18418,14702,3765,10937,639,139,500,3077,1521,1556,567,440,365,337,283,54,0,0,0,28,17,11,75,14872,9733,1639,1112,718,1670,41050,634,19,149,236,60,170,552,251,213,88,744,249,93,236,166,38909,37372,265,86,18,1168,211,13,198,18783,3426,3567,3063,1583,1897,1577,1051,1021,1598,20666,14063,4869,1169,282,18785,433,18,1607,69,141,1407,2609,540,878,671,442,284,1329,871,2232,2458,1937,859
Salford,E08000006,216921,130228,122358,106679,25000,81679,2518,643,1875,13161,5459,7702,7870,7552,5247,4824,3849,975,47,33,14,376,310,66,2305,79141,33800,14446,10104,12153,8638,269922,14938,803,3319,3744,4074,2998,16473,13477,1338,1658,8501,1844,2098,2596,1963,222248,199614,2882,295,515,18942,7762,3214,4548,127607,13594,26141,18314,13174,10448,11882,11281,7786,14987,134447,86140,33249,12406,3681,127603,116,60,7109,782,992,9743,21810,6344,7030,6666,4866,2342,8898,7887,5852,11956,19611,5539
Sandwell,E08000028,266026,148645,136570,118793,32400,86393,3268,929,2339,14509,5700,8809,12075,6549,4500,4208,3077,1131,47,31,16,245,155,90,2049,110832,46250,16527,20218,15403,12434,341832,88024,11074,1204,44378,22148,9220,29779,12668,13103,4008,14680,3274,928,8030,2448,195624,177929,1591,324,375,15405,13725,2016,11709,141072,11162,19323,14486,13569,15431,14996,12778,17351,21976,153337,116762,49048,17472,5214,141069,164,45,16278,831,1188,12216,24550,11279,7138,3091,3614,1664,4952,7274,7023,12595,22321,4846
Sefton,E08000014,232389,127536,121393,103322,29085,74237,3045,731,2314,15026,6537,8489,6143,4122,3203,3083,2613,470,18,6,12,102,74,28,919,100731,61897,9031,9092,13774,6937,279233,4294,423,1216,1009,262,1384,1509,1006,308,195,4056,1225,821,893,1117,267540,256327,2241,47,220,8705,1834,523,1311,124597,14013,23148,15549,14788,12126,13734,10716,8653,11870,129449,90164,40057,14953,4610,124605,621,144,7240,513,816,10299,18935,6305,5867,3406,4877,1910,6546,5406,12101,12152,21836,5631
Sevenoaks,E07000111,96603,57527,55457,43386,10868,32518,1898,376,1522,10173,4780,5393,2070,1201,927,847,728,119,8,4,4,72,59,13,274,37875,24163,3815,5153,2431,2313,120515,3484,236,765,1326,252,905,1932,1332,370,230,3181,1347,337,655,842,111005,103116,1085,460,72,6272,913,158,755,56382,10668,12361,8215,5812,5892,4078,3208,2463,3685,63410,38931,13407,3660,1107,56386,400,81,2389,261,296,6115,7062,2019,2019,2971,5161,1303,5384,3381,2942,5518,6191,2893
Sheffield,E08000019,456247,242684,229974,196367,56503,139864,5442,1339,4103,28165,12349,15816,12710,17373,12032,11243,9433,1810,72,57,15,717,615,102,5341,196190,91847,45118,22547,21855,14823,556523,53560,4258,7393,6798,27671,7440,25512,18237,4647,2628,19704,5214,2431,7524,4535,440216,414698,2750,341,2456,19971,17531,8956,8575,242010,22723,56141,29427,21533,23579,23309,21710,16095,27493,259654,187759,75541,25998,7570,242009,459,189,17290,875,1420,18755,35670,11389,12079,9861,6739,2714,13227,10843,14052,30497,45900,10050
Shropshire,E06000051,272245,155011,149268,118558,33894,84664,5286,1055,4231,25424,10437,14987,5743,3899,3154,3003,2402,601,13,5,8,138,97,41,745,113335,77553,9687,9814,9574,6707,323607,4324,237,909,1614,443,1121,1117,576,300,241,3861,1259,400,1126,1076,312876,301918,1506,349,158,8945,1429,386,1043,152424,21180,26819,18664,13271,21109,15219,10852,10178,15132,150899,112330,43932,12796,3649,152420,6448,224,13817,596,1536,14326,22894,5300,7117,4755,2763,2198,8202,7052,9999,14385,24338,6470
Slough,E06000039,118933,76660,71482,58785,14384,44401,2149,647,1502,10548,4312,6236,5178,3059,2217,2018,1525,493,27,14,13,172,90,82,842,39214,13515,7337,9436,3586,5340,158500,74093,910,594,30209,34317,8063,11992,7815,2771,1406,6311,1945,824,1854,1688,57134,38101,1143,237,357,17296,8970,1826,7144,73701,7303,13888,8098,6736,6230,6884,6122,7650,10790,81941,53816,16804,4625,1314,73699,117,72,4500,317,610,5568,10593,8966,4216,6291,1882,775,3490,5840,2458,5984,9782,2238
Solihull,E08000029,174501,100801,95976,81567,20731,60836,2787,579,2208,11622,4968,6654,4825,2659,1963,1864,1503,361,6,6,0,93,75,18,696,71041,44937,7622,7956,6152,4374,216240,23845,1077,1758,11344,7608,2058,3955,1346,2033,576,7496,2073,423,3695,1305,177668,168398,3919,74,57,5220,3276,888,2388,97939,14975,23824,12966,10523,8318,7498,6395,5550,7890,106508,72191,26816,8293,2432,97944,223,28,9501,1238,693,8487,13196,4457,3918,5171,4682,1709,6974,4891,5027,10647,13480,3622
Somerset,E06000066,474939,272552,263295,211463,60655,150808,7489,1625,5864,44343,19925,24418,9257,7269,5750,5450,4465,985,30,19,11,270,204,66,1519,195118,134020,14844,17805,17392,11057,571547,8658,683,1663,2947,331,3034,2436,1658,457,321,7137,2448,1215,1561,1913,550847,521829,2631,809,507,25071,2469,377,2092,269043,34087,43760,31903,23393,36698,29345,19960,20617,29280,262885,200991,78445,22945,6282,269047,6656,537,24986,2046,2694,26887,43613,10176,13837,7408,4447,3691,14676,13355,15526,25197,40856,12459
South Cambridgeshire,E07000012,130361,83033,80664,67271,15644,51627,2046,433,1613,11347,5408,5939,2369,2016,1603,1492,1182,310,13,3,10,98,82,16,413,45312,29592,5473,4943,2873,2431,162117,9399,420,1956,4205,857,1961,2019,1431,341,247,4591,1832,600,788,1371,144285,128985,1447,478,175,13200,1823,414,1409,82267,12816,26002,11201,6957,7037,5938,3902,3129,5285,84637,54501,17419,4313,1246,82268,1015,49,6735,211,343,5882,8432,2125,2747,7224,1648,1095,9933,3504,3053,13102,11677,3493
South Derbyshire,E07000039,86956,54429,52745,45344,10615,34729,1249,258,991,6152,2508,3644,1684,1478,1162,1101,892,209,7,6,1,54,39,15,316,31049,19931,2941,3339,2862,1976,107206,3841,29,287,2630,401,494,855,465,294,96,1934,616,189,786,343,99836,96634,437,72,50,2643,740,88,652,53905,7651,10303,6889,5007,5736,4688,3607,4674,5350,51669,36956,13642,3853,1088,53904,608,100,7553,359,431,4842,8412,3716,2119,1630,862,622,2952,2369,2353,5158,7630,2188
South Gloucestershire,E06000025,237366,147707,143392,122906,32432,90474,3085,709,2376,17401,7069,10332,4315,5759,4220,4029,3430,599,20,12,8,171,132,39,1539,83900,53153,11240,7439,6581,5487,290424,11094,581,2113,4867,1352,2181,4534,2787,1219,528,7289,1953,905,2711,1720,264856,249160,1327,443,373,13553,2651,751,1900,147612,17918,31300,19437,17372,16114,12405,10669,8855,13542,144395,99207,34595,9529,2698,147615,782,191,10680,996,1179,14447,22013,7297,5463,7264,7394,2093,9239,7287,11824,13387,20512,5567
South Hams,E07000044,74968,40990,39749,28349,9347,19002,1733,438,1295,9667,4845,4822,1241,1023,836,769,649,120,0,0,0,67,49,18,187,32955,23739,2459,2618,2499,1640,88628,614,34,158,175,35,212,149,71,61,17,1048,413,107,210,318,86427,83481,456,81,51,2358,390,147,243,40582,6738,8286,5137,3261,6131,3274,2680,1729,3346,43499,29405,11292,3413,1018,40580,1395,99,2339,177,211,4061,5631,1247,2669,1220,633,813,2844,2069,2521,4392,6106,2153
South Holland,E07000140,78998,46215,44457,37357,8692,28665,1178,255,923,5922,2199,3723,1758,994,777,739,581,158,9,0,9,29,14,15,217,31789,21609,2085,3442,2866,1787,95122,1176,66,205,467,66,372,517,324,118,75,1225,343,219,327,336,91623,80244,274,168,173,10764,581,50,531,45236,5190,4964,4162,4082,5993,4130,3254,6976,6485,39386,35883,14451,4268,1134,45238,2185,35,6565,153,354,4101,9338,3247,1919,829,723,458,1657,2658,1594,3157,4863,1402
South Kesteven,E07000141,118011,69507,66909,55752,14284,41468,1743,367,1376,9414,4106,5308,2598,1678,1286,1228,986,242,3,3,0,55,42,13,392,46826,32061,3933,4523,3687,2622,143405,2529,67,504,865,236,857,875,552,222,101,1951,590,318,531,512,137421,129741,681,107,70,6822,629,97,532,68194,9865,11819,8785,6339,7790,6337,4913,5193,7153,65973,51176,19418,5456,1381,68189,1385,104,6712,347,665,6328,11397,2838,3028,2451,2089,906,3736,3249,4107,7042,8764,3041
South Norfolk,E07000149,117219,68411,66427,53730,15265,38465,1921,435,1486,10776,4902,5874,1984,1679,1322,1238,1046,192,5,4,1,79,65,14,357,47129,33259,3869,4212,3520,2269,141948,2562,150,552,977,133,750,1164,866,163,135,2094,745,369,391,589,135474,130292,519,150,72,4441,654,145,509,67749,9422,14379,8817,6436,8206,6212,4541,4116,5620,66743,50340,18701,4877,1287,67740,1823,199,5067,324,456,6247,9178,2320,2646,2112,3056,1248,4483,3225,3664,7219,11439,3034
South Oxfordshire,E07000179,121491,77479,75136,60639,14114,46525,2182,422,1760,12315,5893,6422,2343,1657,1340,1254,1024,230,6,0,6,80,62,18,317,42355,28043,4445,4661,2455,2751,149088,4263,249,672,1645,436,1261,1467,900,345,222,3402,1289,396,791,926,138785,127890,1313,106,138,9338,1171,209,962,76476,13483,18786,11387,6773,7522,5575,4061,3325,5564,79641,49194,15408,3831,1011,76483,853,133,5119,455,784,6317,9464,2437,2944,6076,1993,1353,8642,4008,4708,8454,8961,3782
South Ribble,E07000126,91498,55005,53348,46223,10961,35262,1241,253,988,5884,2317,3567,1657,1749,1361,1308,1123,185,4,1,3,49,36,13,388,34744,24146,2887,2567,3294,1850,111035,2307,59,327,1165,422,334,539,266,209,64,1908,632,237,750,289,105919,103089,617,25,56,2132,362,96,266,54711,6556,10836,7565,6042,6115,5029,4207,3791,4570,53172,37823,14535,4318,1187,54718,451,30,5309,411,485,4891,8492,2494,1788,1633,1190,947,2663,2442,5802,5382,8195,2113
South Staffordshire,E07000196,93372,51697,49733,41214,11301,29913,1711,378,1333,6808,2640,4168,1964,1269,966,924,754,170,0,0,0,42,30,12,303,40406,26824,2985,3266,3007,4324,110475,3108,59,189,2121,435,304,1031,307,547,177,2242,615,120,1174,333,103570,101832,483,192,29,1034,524,60,464,50699,7795,9821,6626,5573,6343,4038,3345,3039,4119,49718,39468,15421,4538,1327,50699,540,40,4980,291,557,5970,7691,2138,1852,1391,1628,892,2716,2263,3492,5472,6694,2092
South Tyneside,E08000023,121291,65785,61131,54233,14890,39343,1258,321,937,5640,2240,3400,4654,2009,1377,1291,1015,276,7,3,4,79,66,13,632,53497,29986,5055,6476,7827,4153,147777,4317,2185,299,703,495,635,786,606,78,102,1995,655,401,266,673,139483,137429,353,56,46,1599,1196,514,682,62510,5586,10192,7793,6794,7005,6809,6132,5662,6537,64656,48869,22930,8709,2614,62517,61,511,5961,714,448,5323,8724,3339,2965,1970,1625,780,2451,2882,5754,5951,10661,2397
Southampton,E06000045,204369,118233,112189,95146,24396,70750,2324,586,1738,14719,5532,9187,6044,8351,6039,5520,4558,962,49,31,18,470,362,108,2312,77785,31732,21690,9563,8567,6233,248920,26414,2064,4149,9169,4248,6784,7539,5627,1103,809,8309,2444,1535,2173,2157,200829,169481,1643,340,578,28787,5829,1311,4518,118228,10223,23404,14011,9892,12153,12651,9903,10307,15684,118703,87353,30497,9536,2833,118229,219,155,7693,654,774,10594,18430,8511,6380,4169,3461,1364,6171,6767,5288,11874,21202,4523
Southend-on-Sea,E06000033,146410,86264,81513,67001,18242,48759,2083,526,1557,12429,5580,6849,4751,2372,1746,1615,1312,303,20,12,8,111,81,30,626,57774,32958,5769,7715,6375,4957,180685,9864,1615,1170,2828,1765,2486,5153,3590,839,724,5553,1527,1045,1580,1401,158079,147442,1569,106,241,8721,2036,402,1634,83260,10787,15911,11769,9250,8227,8171,6369,5062,7714,84380,62139,24096,7793,2278,83260,144,40,4454,245,540,7621,11188,4155,3956,3078,7547,1413,5117,4590,4669,7612,12923,3968
Southwark,E09000028,256139,172319,160599,133696,26084,107612,3723,956,2767,23180,10349,12831,11720,8899,6352,5410,3869,1541,101,64,37,841,648,193,2547,74921,21910,21545,10658,10004,10804,307640,30540,5547,8405,6145,2006,8437,77299,48320,18156,10823,22151,4653,3569,6401,7528,158220,109253,6024,156,1579,41208,19430,3123,16307,166947,23109,51143,28878,11443,8030,12816,8705,5990,16833,171620,93329,30002,9552,3134,166950,115,178,3605,614,324,7129,15703,5617,9915,14419,12832,2940,22590,11747,8914,14613,24225,11470
Spelthorne,E07000213,83363,53162,50540,42048,9576,32472,1206,319,887,7286,3048,4238,2622,1393,1000,912,713,199,9,7,2,79,51,28,393,28808,17569,2993,3495,2332,2419,102960,13146,433,799,7559,1670,2685,2548,1711,583,254,3763,1489,482,718,1074,81000,71261,1321,277,214,7927,2503,528,1975,51539,7477,10061,7719,6055,5064,4417,3397,3250,4099,51913,35432,11642,3072,897,51538,52,180,2484,363,414,4589,6724,6111,2154,4196,1646,887,3021,3295,2804,4625,5477,2516
St Albans,E07000240,116090,73882,71281,57427,13304,44123,2291,398,1893,11563,5595,5968,2601,1972,1589,1458,1187,271,11,3,8,120,102,18,383,40236,24127,5487,5508,2586,2528,148169,12176,3107,1625,3856,1619,1969,3159,1821,905,433,6354,2556,650,1306,1842,123865,108962,2976,142,149,11636,2615,880,1735,72871,15131,22216,11484,5914,4350,4420,3434,2118,3804,85242,44893,13557,3520,955,72871,190,91,3399,293,268,5185,9074,2322,2738,6285,5042,1384,9369,3552,3122,8553,8223,3781
St. Helens,E08000013,150572,84819,80743,70983,17293,53690,1668,366,1302,8092,3171,4921,4076,2511,1881,1804,1457,347,9,9,0,68,50,18,630,63242,36966,5331,6656,9825,4464,183248,2579,172,660,557,238,952,776,558,103,115,1971,597,417,466,491,176888,171546,945,145,67,4185,1034,377,657,82623,8359,14070,10274,8026,8658,9171,6827,7319,9919,82747,59974,26762,10591,3171,82622,208,69,6948,470,1111,7674,14474,5032,3186,2422,1768,1136,3694,4345,5010,7383,14545,3147
Stafford,E07000197,113614,66303,64069,54446,13232,41214,1702,359,1343,7921,3331,4590,2234,2082,1696,1626,1335,291,8,5,3,62,43,19,386,45229,30951,3652,3849,3848,2929,136870,4165,144,474,1856,518,1173,1440,715,510,215,2552,677,248,1106,521,127805,123203,699,113,69,3721,908,224,684,65768,9092,13873,9161,6026,6473,5498,4732,3950,6963,64032,47929,18200,5203,1503,65761,1138,47,5270,705,557,5355,10362,3515,2637,2466,1261,883,3294,2850,5787,6345,10451,2838
Staffordshire Moorlands,E07000198,80856,45268,43970,35630,9707,25923,1458,295,1163,6882,2645,4237,1298,1382,1067,1027,879,148,0,0,0,40,31,9,315,34206,24501,2438,2461,3041,1765,95844,658,11,122,199,100,226,188,78,90,20,902,308,89,307,198,93931,92567,254,53,13,1044,165,27,138,45035,5913,7590,5325,3938,6543,4484,3139,3743,4360,42805,33976,13660,4144,1262,45037,1323,112,5184,202,396,4543,6685,2000,1876,1191,1230,582,2254,1924,2057,4371,6694,2413
Stevenage,E07000243,71239,46292,44286,37759,9071,28688,822,174,648,5705,2151,3554,2006,1525,1177,1098,844,254,19,10,9,60,39,21,348,23422,12887,2530,3258,2689,2058,89498,6700,800,536,2546,952,1866,4340,2991,799,550,3216,769,503,1193,751,74099,67394,970,72,96,5567,1143,266,877,45460,4848,8727,6034,4467,5145,4603,3636,3369,4631,42673,31339,11298,3298,887,45459,52,11,3373,207,386,4843,7598,2235,1888,2260,1274,495,2273,2491,2803,3663,7679,1928
Stockport,E08000007,238927,142922,137018,115549,29159,86390,3753,848,2905,17716,7914,9802,5904,3622,2788,2627,2145,482,17,11,6,144,122,22,834,92383,57654,9376,9137,9920,6296,294770,21464,963,2306,4433,10953,2809,3416,2030,896,490,7668,2359,1236,2215,1858,257530,245831,4174,90,132,7303,4692,1509,3183,139806,19060,34321,20204,14126,11754,12151,11083,6958,10149,145602,96317,37255,12017,3582,139812,190,103,9220,925,640,10803,20171,6060,5460,7348,6166,2557,11604,7270,6859,15352,22920,6164
Stockton-on-Tees,E06000004,158008,89315,84174,73699,19945,53754,1994,462,1532,8481,3448,5033,5141,3027,2268,2188,1773,415,11,5,6,69,51,18,759,65666,37038,6878,7670,8208,5872,196593,9052,236,690,1812,4875,1439,2203,1823,130,250,2737,1131,469,412,725,180937,177526,528,145,143,2595,1664,558,1106,86442,8985,16671,10903,8413,8868,8858,7330,6993,9421,91479,65521,27307,9392,2896,86447,259,938,6914,850,586,7319,13503,4233,3879,2649,2231,1223,4629,3814,6455,8847,14889,3229
Stoke-on-Trent,E06000021,205899,114783,108821,94864,23906,70958,2364,664,1700,11593,4556,7037,5962,5189,3759,3527,2911,616,35,24,11,197,148,49,1430,85927,42209,11268,11930,13167,7353,258369,25597,1577,1073,2772,15579,4596,6884,5048,916,920,5860,1783,1020,2040,1017,215699,202906,572,295,428,11498,4329,690,3639,112579,8808,14100,10978,9334,13468,13618,11057,12577,18639,110241,90840,38276,14546,4466,112583,249,118,11138,435,990,9407,22886,8860,5257,2958,2288,1008,3322,5115,4331,8519,19709,5993
Stratford-on-Avon,E07000221,112639,67024,65040,51355,13398,37957,2220,519,1701,11465,5341,6124,1984,1488,1196,1126,956,170,6,1,5,64,54,10,292,44127,31532,3621,3963,2764,2247,134724,2566,39,426,1239,245,617,482,242,180,60,2288,922,245,584,537,128672,121330,1183,146,94,5919,716,130,586,66236,12363,14213,9233,5890,7299,4777,4247,2897,5317,66877,46177,16193,4275,1203,66236,1478,39,6581,626,483,5319,9536,2023,3494,3451,2518,1161,5692,3607,2658,6510,7307,3753
Stroud,E07000082,100197,60507,58712,46559,13378,33181,1758,389,1369,10395,5035,5360,1795,1531,1207,1137,967,170,1,1,0,69,57,12,324,38159,26641,3271,3210,2888,2149,121104,1256,99,236,440,65,416,528,257,186,85,2171,786,259,579,547,116701,111896,711,126,59,3909,448,77,371,59918,8984,12574,8210,5380,7354,5190,3714,3617,4895,58893,42058,15125,4014,1012,59923,860,174,5715,891,520,5653,8204,1733,2485,2883,1846,765,4406,3121,3396,6007,8251,3013
Sunderland,E08000024,226074,121329,114043,101224,27250,73974,2341,577,1764,10478,4324,6154,7286,4619,3111,2981,2456,525,18,9,9,112,86,26,1508,100126,55754,10422,11384,14920,7646,274173,8204,2908,937,1906,685,1768,2665,2304,133,228,2505,897,536,438,634,259375,254655,511,228,110,3871,1424,417,1007,117151,10421,17727,13207,12544,12235,12309,13422,11645,13641,118258,90486,43507,16834,5086,117153,147,423,12825,2010,851,9476,18449,5763,5538,3188,4079,1752,3550,5952,9463,10234,18899,4554
Surrey Heath,E07000214,73785,46191,44407,36646,8342,28304,1134,245,889,6627,2985,3642,1784,1256,957,897,763,134,8,8,0,52,41,11,299,26338,16939,2804,3069,1594,1932,90456,8057,474,592,2941,1290,2760,1428,953,292,183,2460,963,263,476,758,76901,70473,837,201,95,5295,1610,360,1250,45363,8378,10390,7054,4490,3889,3743,2736,1824,2859,48670,29656,9208,2249,670,45354,107,143,2573,245,330,3607,6054,2229,1786,4103,1736,763,3565,2653,2718,4102,6407,2233
Sutton,E09000029,165659,106863,101996,82828,19847,62981,2924,727,2197,16244,6913,9331,4867,2947,2230,1985,1550,435,27,14,13,218,154,64,717,55849,29291,8198,8447,5084,4829,209636,36787,1778,3989,12618,6177,12225,12465,7441,3450,1574,10162,3068,1268,2777,3049,143145,120014,3118,130,321,19562,7077,1392,5685,104222,14604,25047,14218,11239,10383,9022,6802,5380,7527,107792,71329,22304,6322,1892,104222,73,155,3004,395,474,10899,13011,4905,4150,7149,5572,1814,7969,5900,6268,10971,16680,4833
Swale,E07000113,121998,71392,67922,56088,14144,41944,1840,378,1462,9994,3991,6003,3470,1725,1279,1200,951,249,9,6,3,70,50,20,446,48881,27486,4270,6737,5476,4912,151677,2312,406,328,776,146,656,3487,2541,452,494,2741,757,415,814,755,142341,134385,855,925,177,5999,796,127,669,69203,8539,10281,9022,6850,8591,6482,4882,6269,8287,68967,52738,21338,6688,1947,69200,798,38,5668,385,733,8499,11191,4379,2857,1960,2030,1160,3305,3649,4656,6543,8672,2677
Swansea,W06000011,197857,100892,96019,83405,23799,59606,2559,605,1954,10055,4234,5821,4873,6483,4594,4333,3677,656,23,12,11,238,188,50,1889,90482,47263,16636,8283,12529,5771,238491,10451,2865,1932,2172,954,2528,2797,2227,235,335,3808,1285,674,669,1180,218052,208703,1111,93,117,8028,3383,1578,1805,100613,9888,20070,11489,11025,10407,10956,9527,6350,10901,113823,73789,33363,13061,4454,100617,428,140,6001,443,713,7533,15738,4110,5597,2661,3622,1347,4123,4069,11063,10843,18333,3853
Swindon,E06000030,187151,120635,115523,100493,23046,77447,2194,440,1754,12836,4930,7906,5112,3267,2343,2238,1760,478,20,6,14,85,49,36,924,63249,35844,6664,8678,6792,5271,233411,27173,1403,1156,17643,2025,4946,6123,4149,1044,930,6495,1694,1051,1972,1778,190142,173231,1545,177,537,14652,3478,344,3134,117865,12567,21222,14798,11300,11519,10317,9729,10909,15504,112213,82155,28667,8185,2190,117866,382,119,12247,737,1748,9660,20013,8369,4972,6318,7663,1099,5897,6539,5480,8701,13590,4332
Tameside,E08000008,185136,108864,103326,89457,21968,67489,2065,501,1564,11804,4857,6947,5538,3215,2329,2235,1822,413,15,10,5,79,56,23,886,73057,39541,7732,9189,10420,6175,231070,21198,5842,1402,3737,8966,1251,5275,4115,612,548,4963,1344,859,1854,906,197676,190305,1536,112,100,5623,1958,540,1418,105654,10510,15922,13385,11631,12334,10883,10159,9628,11202,104704,77895,33204,11821,3447,105659,130,93,10078,840,839,9740,17867,5900,4634,3455,3405,1807,5388,5591,6057,9374,16290,4171
Tamworth,E07000199,63793,38911,37209,32813,8033,24780,669,147,522,3727,1446,2281,1702,1318,952,914,661,253,1,1,0,37,19,18,366,23564,14540,2039,2767,2659,1559,78642,1081,38,201,506,103,233,492,151,257,84,1472,369,119,756,228,75309,71456,449,17,110,3277,288,56,232,38155,4191,4971,4398,3973,4125,3320,3502,3982,5693,35798,27433,10922,3434,1060,38165,65,42,4653,161,319,3602,8168,3538,1696,1119,864,293,1453,2196,1539,2850,4111,1496
Tandridge,E07000215,70827,43472,41831,32855,8104,24751,1479,320,1159,7497,3437,4060,1641,980,745,690,584,106,0,0,0,55,44,11,235,26375,16905,2903,3095,1816,1656,87877,3271,223,460,1300,346,942,1929,931,750,248,3331,1137,359,918,917,78584,73343,998,331,42,3870,762,96,666,42576,8361,9177,6669,4498,4144,3565,2157,1679,2326,45917,28955,9685,2570,750,42572,230,56,1689,222,251,4793,4934,1594,1394,2504,3421,959,3825,2521,2451,4561,4951,2216
Teignbridge,E07000045,113461,62974,60879,47815,14954,32861,1992,490,1502,11072,5067,6005,2095,1562,1258,1195,1006,189,8,4,4,55,47,8,304,48925,34764,3361,3944,4030,2826,134802,1004,111,251,190,34,418,216,136,51,29,1564,568,190,313,493,131668,127937,575,131,39,2986,350,68,282,62138,8403,11561,7544,5507,8125,6677,4663,3910,5748,61426,47053,19026,5739,1559,62140,1118,209,3531,355,633,6397,9702,2313,3733,1770,1055,1021,3867,2951,3572,6063,10773,3077
Telford and Wrekin,E06000020,148670,87567,83442,72723,17201,55522,1692,327,1365,9027,3560,5467,4125,2813,2053,1941,1484,457,17,11,6,95,46,49,760,58290,31490,7137,7460,7886,4317,185543,10067,207,818,4559,3368,1115,5351,3962,748,641,4844,1315,676,2083,770,163638,153936,723,203,187,8589,1643,242,1401,85498,9152,14031,10426,7686,8883,8386,6757,9432,10745,85273,63231,25683,8812,2542,85492,805,82,12160,387,921,6765,13121,3891,3657,3719,2120,1195,3246,4594,6425,7609,11723,3072
Tendring,E07000076,124890,60619,57207,46028,14618,31410,1632,378,1254,9547,4253,5294,3412,1513,1073,1022,875,147,1,0,1,50,34,16,440,62758,42714,3627,6140,6725,3552,148293,1794,131,505,462,88,608,910,454,323,133,2393,605,361,884,543,142656,138604,1142,110,36,2764,540,75,465,58280,7191,7457,6596,5591,8071,7829,5007,4518,6020,58492,52819,25460,8891,2630,58280,628,50,3241,318,562,7023,9502,3626,2967,1608,1632,905,2484,3063,2865,5397,9716,2693
Test Valley,E07000093,106753,66449,64507,53932,12894,41038,1578,365,1213,8997,4150,4847,1942,1722,1355,1289,1117,172,3,3,0,63,47,16,367,38582,26325,3189,3955,2853,2260,130491,4284,248,676,1666,337,1357,1458,974,241,243,2312,835,378,454,645,121457,114873,607,170,89,5718,980,188,792,65861,10383,13522,9305,7023,6516,5275,4160,3896,5781,65696,44842,14925,3958,1071,65861,859,83,5102,285,372,5364,9764,2735,2488,3630,3242,1063,4503,3480,5721,5975,8432,2763
Tewkesbury,E07000083,77353,47119,45648,38113,9995,28118,1167,253,914,6368,2827,3541,1471,1107,876,836,683,153,8,7,1,32,29,3,231,29127,20382,2426,2711,2021,1587,94882,1924,111,229,798,112,674,595,341,151,103,1699,531,192,591,385,90206,85720,537,360,81,3508,458,73,385,46524,6696,9517,6392,5693,4804,3883,3168,2790,3581,47236,32541,11385,2956,766,46525,645,60,4351,374,296,3914,6499,1540,1940,2252,2146,693,2877,2359,3942,4576,6155,1906
Thanet,E07000114,115413,61572,57900,45538,13956,31582,1771,451,1320,10591,4714,5877,3672,1765,1289,1185,964,221,17,11,6,87,61,26,476,52076,32193,4152,5915,6218,3598,140587,3259,254,448,941,272,1344,1481,859,453,169,3420,894,591,1042,893,130719,122796,1145,185,380,6213,1708,247,1461,59190,7096,9544,7433,5135,6913,7762,4916,4083,6308,59000,49262,22148,7823,2354,59184,349,23,3617,339,369,6099,8793,2758,3418,1636,1328,863,2797,3105,3208,6553,10704,3225
Three Rivers,E07000102,75002,47863,45974,36246,8710,27536,1716,385,1331,8012,3615,4397,1889,1230,973,866,700,166,11,6,5,96,66,30,257,25909,15494,3498,3395,1738,1784,93772,14265,227,712,10166,1176,1984,2233,1235,746,252,3390,1346,343,768,933,72316,63706,1977,86,90,6457,1568,296,1272,46948,8784,11673,6916,4805,4157,3421,2369,1887,2936,50330,30357,9788,2586,710,46949,87,38,2180,182,295,4936,6041,1865,1654,3504,2277,1057,4252,2591,2396,5089,6083,2422
Thurrock,E06000034,136364,87752,83356,69303,16656,52647,2217,447,1770,11836,4095,7741,4396,3361,2592,2276,1601,675,46,26,20,270,156,114,769,45251,22845,6137,7452,4430,4387,175993,12205,2502,997,3982,2145,2579,20877,16171,2174,2532,5252,1099,1115,1693,1345,134984,116430,993,428,322,16811,2675,369,2306,85948,9480,12527,9673,10207,9661,7211,7076,8615,11498,89350,58689,20323,5904,1735,85941,150,89,4312,399,796,10722,16044,8982,3277,2655,4138,1164,4201,4714,4350,6936,10021,2991
Tonbridge and Malling,E07000115,105526,65439,63241,51688,12795,38893,1660,330,1330,9893,4400,5493,2198,1552,1185,1112,943,169,3,0,3,70,61,9,367,38535,24153,4119,5005,2958,2300,132201,3876,376,665,1547,289,999,1314,873,278,163,2943,1041,416,670,816,123287,116787,849,462,75,5114,781,169,612,64424,10664,13058,9610,6728,6666,5106,4187,3346,5059,67896,44052,14959,4164,1130,64423,397,57,3277,315,620,7123,9269,2712,2197,2984,4597,1160,4912,3654,3601,6629,7849,3070
Torbay,E06000027,117030,60685,57665,46248,15403,30845,1624,440,1184,9793,4278,5515,3020,1694,1270,1211,1009,202,11,4,7,48,30,18,424,54651,35505,3848,5037,6901,3360,139324,2254,129,435,527,162,1001,447,264,135,48,2084,679,288,581,536,133922,128375,714,41,78,4714,617,136,481,58933,7199,8239,6364,4952,7759,8347,5143,4109,6821,58842,47697,22578,7894,2313,58937,413,61,3465,200,442,6048,9721,2357,5042,1230,766,1066,2470,2772,2876,5156,12091,2761
Torfaen,W06000020,75112,41766,39763,35275,8918,26357,775,143,632,3713,1308,2405,2003,1175,891,861,693,168,6,0,6,24,19,5,284,32171,18673,2811,3455,5109,2123,92276,1202,99,212,254,91,546,228,118,69,41,1005,264,136,343,262,89596,87873,296,265,31,1131,245,46,199,40657,3949,6130,4982,4181,4788,4691,3462,3916,4558,39335,31301,14340,5584,1716,40651,112,17,4705,298,444,3811,6251,1671,1560,923,1179,858,1446,1614,4285,3330,6659,1488
Torridge,E07000046,57560,30748,29541,21604,7662,13942,1217,271,946,6720,2805,3915,1207,670,513,482,413,69,0,0,0,31,26,5,157,26142,18399,1563,2236,2566,1378,68114,356,12,110,66,13,155,75,31,31,13,630,250,65,149,166,66920,65452,288,54,16,1110,133,19,114,30053,3595,3801,2900,2524,5648,3723,2332,2211,3319,29852,23713,10453,3216,880,30057,2129,45,2530,92,250,3366,4662,954,1854,565,339,401,1455,1473,1161,2618,4735,1428
Tower Hamlets,E09000030,252879,160439,148548,126123,25549,100574,3111,1056,2055,19314,9098,10216,11891,10097,6842,5943,4430,1513,71,57,14,828,644,184,3255,82343,14714,24195,21324,10159,11951,310306,137856,107333,10279,10135,3341,6768,22693,15373,4930,2390,15409,4374,2236,3593,5206,122266,71177,3567,110,2225,45187,12082,3588,8494,155392,20628,49021,27819,11184,7508,9276,10470,6949,12537,164359,99697,31182,11172,3896,155389,90,129,3399,546,216,4906,17590,6298,12001,15545,18312,2732,21102,7234,6517,14077,16447,8248
Trafford,E08000009,186150,113807,109051,91640,22339,69301,3245,735,2510,14166,6517,7649,4756,3310,2506,2352,1944,408,17,8,9,137,113,24,804,69033,39957,9188,8034,6920,4934,235053,29588,634,4813,10208,11479,2454,8086,3636,3442,1008,8834,2443,1068,3091,2232,182761,169550,4884,46,134,8147,5784,2457,3327,111558,16656,32126,16379,10964,7641,7792,7937,4475,7588,124806,72803,26515,8406,2522,111558,142,101,5919,676,692,7251,15373,4625,4259,7193,5389,2280,10896,5815,5435,12749,17923,4840
Tunbridge Wells,E07000116,92402,57062,54964,42921,10608,32313,1743,364,1379,10300,4951,5349,2098,1222,934,846,667,179,3,3,0,85,60,25,288,34118,20755,3940,4547,2631,2245,115314,4566,548,681,1692,367,1278,1131,828,174,129,2949,1285,368,478,818,105562,97049,913,333,119,7148,1106,247,859,55895,10209,13095,8175,4905,5128,4438,3608,2098,4239,60833,37512,12586,3415,965,55897,568,81,2190,206,259,4611,7648,1665,2175,3197,5046,1093,5488,3277,2129,5781,7730,2753
Uttlesford,E07000077,73519,46479,44968,35243,9338,25905,1558,335,1223,8167,3786,4381,1511,991,772,732,608,124,2,0,2,38,32,6,219,26049,16857,2847,3334,1428,1583,91344,1722,170,273,572,128,579,709,377,207,125,2016,731,262,498,525,86296,81245,844,105,83,4019,601,79,522,45743,8868,9467,7026,4584,4670,3478,2525,2101,3024,49323,29898,9180,2301,639,45738,697,24,3141,139,234,5060,5824,2412,1454,2238,2460,870,4561,2657,2302,4599,4906,2160
Vale of Glamorgan,W06000014,107457,61271,58633,49275,13528,35747,1901,381,1520,7457,3291,4166,2638,1688,1282,1216,990,226,4,0,4,62,48,14,406,44498,28073,4667,4104,5029,2625,131939,2807,172,579,892,335,829,624,283,219,122,2987,734,477,1005,771,124800,121371,659,48,26,2696,721,268,453,59915,8171,13209,8717,5979,5518,6189,4672,3013,4447,63999,42548,17533,5906,1953,59912,387,69,3083,447,415,4548,7768,2265,2774,2271,2642,1026,4020,2498,6339,6415,10091,2854
Vale of White Horse,E07000180,112425,71537,69442,58367,13100,45267,1670,337,1333,9405,4268,5137,2095,1743,1421,1356,1044,312,1,1,0,64,60,4,322,39145,25671,4440,4199,2429,2406,138913,5490,257,1283,1587,650,1713,2315,1450,503,362,3452,1266,435,734,1017,126104,115517,1146,119,131,9191,1552,350,1202,70864,10709,19019,10630,6325,6780,5179,3833,3345,5044,72726,46700,14989,3585,913,70861,657,146,4769,446,561,5732,8146,1988,2514,5269,1387,956,8120,3202,5378,10062,8243,3285
Wakefield,E08000036,287538,168764,161410,141530,35506,106024,3418,746,2672,16462,6336,10126,7354,4388,3231,3105,2494,611,20,10,10,106,79,27,1157,114386,66992,9408,13012,15585,9389,353370,12633,74,1113,2291,7107,2048,4516,3589,361,566,4938,1708,859,1338,1033,328742,311634,963,280,228,15637,2541,559,1982,164641,17223,24634,20031,15270,17587,15735,13016,16680,24465,157984,121164,51084,17900,5238,164639,631,240,15989,1377,1541,15422,33869,9950,6436,4368,4776,2306,6811,7951,9933,13772,23332,5935
Walsall,E08000030,223097,124002,115347,98711,27489,71222,3085,823,2262,13551,5234,8317,8655,4490,3183,2966,2217,749,31,18,13,186,116,70,1307,94605,46426,12084,15608,12383,8104,284126,53199,6378,891,22726,19739,3465,13024,6439,4889,1696,9317,2386,620,4834,1477,202724,191529,1070,356,220,9549,5862,509,5353,118536,11430,17660,12590,11247,14409,12276,10354,12558,16012,126170,97681,41567,14222,4484,118535,156,56,13295,556,1247,11449,21851,8739,5211,2583,2847,1675,4186,5610,5564,11330,18063,4117
Waltham Forest,E09000031,222184,145653,135670,104023,25292,78731,4456,1201,3255,27191,11137,16054,9983,6182,4704,3679,2522,1157,160,77,83,865,517,348,1478,70349,25673,13724,13640,7844,9468,278428,55545,5166,2626,9134,28740,9879,41647,18759,17587,5301,17983,3875,2777,5135,6196,147024,94766,4230,198,1397,46433,16229,2884,13345,140372,17473,32185,21194,11608,14037,10474,9284,8341,15776,143437,93169,29590,9277,2953,140368,77,49,4065,368,491,14850,17360,6571,8304,9506,5384,2559,12705,9471,7322,15087,17492,8707
Wandsworth,E09000032,273559,195501,186222,153693,21650,132043,4936,1069,3867,27593,12884,14709,9279,5927,4219,3534,2505,1029,58,40,18,627,499,128,1708,72131,26906,16228,12560,7360,9077,327506,38314,1639,4658,9599,12249,10169,33062,17330,11356,4376,20598,5776,2494,5340,6988,222090,157048,8061,120,1730,55131,13442,3860,9582,190442,35827,61870,37329,13285,7838,11073,8031,5178,10011,198576,91919,26746,7868,2397,190441,100,452,4972,932,310,8684,18780,5358,9278,17974,18887,5424,29435,10016,8910,16117,23082,11730
Warrington,E06000007,172722,104700,100663,87137,20500,66637,2216,503,1713,11310,4878,6432,4037,3275,2532,2441,2037,404,7,3,4,84,67,17,743,64747,39954,6261,6215,7098,5219,210973,6954,197,1326,2347,1760,1324,1576,1075,277,224,3335,1204,593,785,753,197305,185940,1366,115,167,9717,1803,393,1410,103191,13604,20853,13972,10010,8742,8344,8503,7152,12011,105613,69138,25599,8265,2359,103190,312,128,7428,1025,2076,8414,17513,6492,4163,5303,2879,1464,7349,5726,5619,8601,14608,4090
Warwick,E07000222,123254,73047,70341,59517,13735,45782,1681,368,1313,9143,4260,4883,2706,3152,2407,2115,1751,364,22,17,5,270,254,16,745,47055,26620,10483,4086,3325,2541,148454,14403,132,1456,10112,883,1820,1616,1000,445,171,4479,1745,450,1166,1118,125534,112650,2114,55,167,10548,2422,302,2120,72748,11452,21877,10382,5851,5590,4920,4299,3013,5364,77332,49195,16306,4393,1227,72753,413,33,8322,1555,477,4335,9094,2273,3258,5057,2029,1015,6847,2910,3310,9099,9463,3263
Watford,E07000103,80963,54034,51350,41942,9575,32367,1325,318,1007,8083,3362,4721,2684,1907,1509,1335,950,385,20,8,12,154,94,60,398,25022,11830,3935,4302,2204,2751,102245,25037,493,1024,9954,8197,5369,6488,3954,1733,801,4844,1408,692,1300,1444,62228,46820,2149,80,343,12836,3648,763,2885,52859,6703,12278,7136,4928,4916,4570,3774,3224,5330,53559,34277,10601,2955,854,52855,34,39,2314,246,269,4916,8168,3085,2597,3890,2047,857,3526,3304,2136,4709,8422,2296
Waverley,E07000216,103639,61348,59371,45862,11591,34271,2048,427,1621,11461,5708,5753,1977,1773,1354,1250,1076,174,3,3,0,101,87,14,419,40518,25621,5778,4721,2405,1993,128226,3625,246,801,796,830,952,887,588,194,105,2846,1324,314,438,770,120088,111321,1294,257,83,7133,780,145,635,60722,12671,15528,9256,4951,5301,4737,3027,1710,3541,70073,41167,12883,3236,870,60719,363,126,2814,258,275,4745,6819,1611,2184,5116,3334,1137,7148,3722,2905,7450,7092,3620
Wealden,E07000065,133648,75662,73127,54322,15970,38352,2602,571,2031,16203,7678,8525,2535,1842,1416,1319,1152,167,12,7,5,85,69,16,426,56144,39413,4469,5490,3752,3020,160152,2250,246,437,712,83,772,646,371,196,79,2709,1060,389,524,736,153809,146968,1092,397,104,5248,738,158,580,74545,12879,13625,10220,7390,9736,7230,4892,3119,5454,77218,55635,20209,5627,1461,74538,1209,43,3876,256,540,8664,10453,2336,3035,3030,3640,1363,5610,4317,3904,6954,11066,4242
Welwyn Hatfield,E07000241,97484,56879,54551,45102,10474,34628,1505,322,1183,7944,3480,4464,2328,5071,3598,3340,2825,515,30,23,7,228,178,50,1473,35534,17483,8656,4172,2810,2413,119835,10595,598,1324,5211,1198,2264,7307,5553,1069,685,4931,1353,863,1337,1378,94298,80551,1569,267,264,11647,2704,534,2170,58149,8411,12148,7923,5630,5136,4982,4603,3191,6125,61896,40200,13130,3664,946,58150,178,31,3366,203,537,5195,10778,2934,2441,3534,2176,1007,4160,3397,2704,5647,7245,2617
West Berkshire,E06000037,130737,83451,80680,67061,15566,51495,1980,380,1600,11639,5046,6593,2771,2059,1628,1530,1284,246,5,5,0,93,70,23,431,45227,29405,4780,5173,3029,2840,161447,5990,398,801,3087,658,1046,2030,1095,627,308,3857,1274,501,1054,1028,148384,138253,1404,190,158,8379,1186,279,907,82307,13269,18327,12023,7806,8216,7031,5211,4027,6397,82413,55946,17685,4319,1086,82306,752,127,5216,579,870,6818,11628,2805,3000,9566,2685,1496,6339,4745,5040,8510,8394,3736
West Devon,E07000047,48362,25755,24906,18051,5822,12229,1006,257,749,5849,2591,3258,849,562,478,441,381,60,0,0,0,37,31,6,84,22045,15401,1622,1802,1833,1387,57094,337,18,97,70,10,142,122,68,26,28,626,223,66,113,224,55847,54196,271,40,34,1306,162,44,118,25384,3458,4444,2889,2122,4264,2456,1751,1529,2471,26007,19802,8236,2380,671,25374,1530,60,1787,90,251,2487,3660,837,1585,690,347,371,1572,1133,1477,2496,3793,1208
West Lancashire,E07000127,98334,53081,51052,42801,11035,31766,1717,385,1332,6534,2728,3806,2029,3442,2495,2409,2115,294,8,3,5,78,61,17,947,41811,24720,7360,3376,4036,2319,117429,1232,36,264,447,119,366,388,245,100,43,1547,509,312,342,384,113795,108998,657,29,71,4040,467,148,319,53546,7088,9972,6289,4921,5499,5222,4121,4357,6077,56460,38918,15404,5114,1534,53545,1085,102,4628,202,412,4573,9040,2700,2394,1423,1470,694,2790,2509,3256,5634,8379,2254
West Lindsey,E07000142,79120,43080,41326,34172,9427,24745,1339,329,1010,5815,2589,3226,1754,1079,812,768,615,153,1,0,1,43,36,7,267,34961,23586,2677,3381,3499,1818,95153,1136,17,186,547,118,268,333,183,106,44,1081,358,169,321,233,92261,89964,372,216,18,1691,342,88,254,42137,5742,7453,5085,3877,5323,4337,3073,3324,3923,41693,34181,13948,4227,1104,42137,1721,125,3946,411,495,4022,6308,1885,1524,897,519,510,1874,1889,3122,4585,6562,1742
West Northamptonshire,E06000062,343503,217286,209093,173987,39591,134396,5822,1102,4720,29284,11250,18034,8193,9095,6903,6494,4875,1619,84,39,45,325,197,128,2192,117122,68969,14698,13293,10425,9737,425723,22463,4660,1892,9661,2916,3334,20661,14304,3647,2710,12116,2720,1797,4619,2980,365758,319509,3872,340,1409,40628,4725,685,4040,215995,28471,37897,27068,20833,21932,18001,14527,16341,30925,209457,149226,49482,13891,3669,215991,1754,94,18801,1271,1311,20805,39165,16404,8321,8118,8723,2505,11883,11681,9518,18396,27628,9613
West Oxfordshire,E07000181,93810,59526,57881,46981,11250,35731,1635,322,1313,9265,4395,4870,1645,1283,1045,1001,834,167,4,1,3,40,33,7,238,33001,22509,2993,3491,2033,1975,114236,1936,211,404,498,134,689,722,475,160,87,2141,818,294,478,551,108773,101648,851,187,105,5982,664,133,531,58923,9428,12007,8946,5521,6745,5105,3476,3170,4525,58560,38834,12766,3198,879,58931,774,84,4665,230,383,5290,7485,1898,2569,3244,1328,981,4552,3011,4996,7096,7086,3259
West Suffolk,E07000245,148130,90755,87626,74292,17801,56491,2044,452,1592,11290,4928,6362,3129,2448,1996,1906,1370,536,0,0,0,90,61,29,452,54927,34831,4541,6102,4395,5058,179948,4731,286,600,1442,493,1910,2873,1312,561,1000,4880,1169,840,899,1972,165156,147935,1387,268,195,15371,2308,234,2074,89619,11402,14748,13094,8094,10962,9252,5825,6778,9464,85843,63799,22468,6150,1688,89626,1592,52,8222,415,539,8116,12872,3785,3971,2673,1656,1104,5583,4550,7893,7573,13025,6005
Westminster,E09000033,177470,105737,98692,77622,13372,64250,4082,972,3110,16988,8097,8891,7045,4551,3053,2467,1741,726,67,44,23,519,412,107,1498,67182,19329,19662,11196,8482,8513,204236,34242,7533,6625,7965,2461,9658,16456,10451,4307,1698,13335,3718,2089,2061,5467,112732,57162,3742,49,1503,50276,27471,15439,12032,101742,22858,31136,17588,6750,3481,6187,5211,2781,5750,115033,58977,19840,7404,2982,101743,70,276,2752,486,203,3527,11175,2707,6443,9139,13677,3151,14989,4088,4012,7534,9759,7755
Westmorland and Furness,E06000064,192172,109616,106291,85103,25572,59531,3695,841,2854,17493,7424,10069,3325,2895,2364,2274,1883,391,7,4,3,83,56,27,531,79661,56685,5424,5889,6913,4750,226593,2196,168,505,538,138,847,588,393,143,52,1952,724,271,398,559,221136,214336,828,104,120,5748,721,165,556,108653,13697,18551,11971,8401,17528,10485,8410,7397,12213,104996,79034,30697,9330,2535,108663,4195,553,11155,987,1076,10018,16164,3518,10406,2202,1400,1227,4912,5036,7330,9374,14140,4970
Wigan,E08000010,268694,158010,150892,130540,31437,99103,3125,706,2419,17227,6731,10496,7118,4886,3722,3562,2939,623,22,11,11,138,101,37,1164,105798,62537,9589,10928,14514,8230,329330,5826,156,1234,1532,1342,1562,3907,3081,331,495,4353,1293,885,1148,1027,312952,302482,1353,247,291,8579,2292,711,1581,154614,16153,25062,19252,15038,18014,16478,12747,14327,17543,152373,110193,46214,16085,4466,154610,349,118,13750,1085,1803,17544,26191,8770,6007,4304,3669,1738,6768,7962,9786,13377,25183,6206
Wiltshire,E06000054,419114,255780,247436,204823,52660,152163,6268,1336,4932,36345,16828,19517,8344,6295,4909,4686,3805,881,29,19,10,194,156,38,1386,157039,104683,14018,15830,12366,10142,510333,10876,934,1494,2810,396,5242,5786,2984,1589,1213,8709,2703,1161,2479,2366,481413,459594,2591,711,260,18257,3549,637,2912,252345,36607,46920,37260,25833,28608,22686,16548,15405,22478,252803,173908,62034,16995,4593,252345,4405,235,20045,1220,1955,20270,34664,8800,11054,11529,7716,4005,16282,13202,30238,23361,31793,11571
Winchester,E07000094,104750,60166,58271,46751,11760,34991,1877,375,1502,9643,4745,4898,1895,3123,2302,2199,1965,234,9,4,5,94,80,14,821,41461,25233,7496,3939,2385,2408,127444,3917,271,793,1102,206,1545,792,499,199,94,2590,1111,316,409,754,119305,112304,902,374,87,5638,840,186,654,60574,11084,16313,8850,5069,5066,4368,3320,2038,4466,67850,41989,13236,3466,902,60575,857,78,3162,315,292,4578,6893,1999,2742,4057,2211,1031,5499,3032,5315,6840,8788,2886
Windsor and Maidenhead,E06000040,123676,78369,74982,60416,12747,47669,2250,530,1720,12316,5744,6572,3387,1727,1320,1203,966,237,12,5,7,105,80,25,407,43580,25997,5929,5943,2440,3271,153497,20072,405,1329,9823,6177,2338,2358,1433,628,297,5238,2195,617,926,1500,122551,105991,2176,287,197,13900,3278,816,2462,76302,15930,18678,12666,6582,5784,5427,3770,2848,4617,85594,48793,14471,3636,1002,76299,267,224,5201,505,514,5249,8999,3883,3295,9040,2833,1479,7412,4450,3355,7928,7529,4136
Wirral,E08000015,262111,142940,136398,117511,32496,85015,3210,836,2374,15677,7097,8580,6542,4083,3105,2952,2412,540,13,7,6,140,101,39,978,115088,68048,11159,11061,17066,7754,320199,7302,1319,1847,1933,364,1839,1389,854,330,205,4930,1605,973,1054,1298,304692,295967,2641,46,128,5910,1886,585,1301,139502,15549,27893,18147,14561,13501,15613,11599,9649,12990,148845,102703,45385,17840,5426,139504,279,236,11144,763,1145,10407,19581,6145,6333,3790,4221,2344,8518,7002,10726,14003,26722,6145
Woking,E07000217,82984,53692,51531,42230,9371,32859,1374,318,1056,7927,3669,4258,2161,1546,1213,1137,909,228,5,5,0,71,52,19,333,27746,16089,3259,4227,2011,2160,103943,14741,685,990,3358,7325,2383,1879,1331,323,225,3614,1470,480,604,1060,81529,69911,1050,91,301,10176,2180,641,1539,52741,8666,13423,7777,4879,4298,4299,3190,2500,3709,55399,34440,10559,2776,768,52739,95,208,2969,285,262,3799,6591,2654,2032,4661,3006,788,5196,3187,2771,4842,6418,2975
Wokingham,E06000041,140821,90628,87529,73249,15711,57538,2080,448,1632,12200,5376,6824,3099,2615,1938,1825,1578,247,14,9,5,99,74,25,677,47578,29831,6752,5844,2437,2714,177502,22868,388,2392,12412,5241,2435,4306,2914,864,528,5574,2212,667,1304,1391,141851,129087,1504,331,179,10750,2903,948,1955,89467,15849,25529,14751,8325,6594,5939,4739,3103,4638,97553,58866,16372,3676,1033,89476,351,213,5361,744,876,6306,11073,3158,2609,13420,3526,1406,8248,4466,4129,10299,9360,3931
Wolverhampton,E08000031,208444,117395,107523,93315,24372,68943,2723,676,2047,11485,4422,7063,9872,5595,3788,3533,2542,991,47,30,17,208,123,85,1807,85454,39930,12134,13784,10986,8620,263726,55901,531,802,42052,6676,5840,24636,11158,9905,3573,14065,2573,939,8495,2058,159707,144303,1170,255,451,13528,9417,966,8451,111309,9649,17783,11566,10249,11420,12262,9025,12623,16732,118244,90690,38056,12953,3784,111301,224,38,12753,472,1112,9218,18688,8111,4832,2640,3094,1531,3852,5325,5885,10326,19591,3609
Worcester,E07000237,85605,51917,49588,42935,11101,31834,927,190,737,5726,2419,3307,2329,2684,2039,1938,1663,275,6,6,0,95,77,18,645,31004,17653,4839,3230,3112,2170,103869,5860,542,388,1336,2578,1016,1212,836,241,135,2283,716,425,628,514,93478,85868,566,95,132,6817,1036,160,876,51629,5584,10280,6689,4794,4867,5125,4140,4106,6044,49220,36463,13209,3882,1098,51638,201,35,5034,310,439,3676,7992,2402,2610,1884,1094,1164,2518,2827,3141,5551,8554,2206
Worthing,E07000229,92355,54618,52269,42835,12335,30500,1238,295,943,8196,3741,4455,2349,1684,1288,1209,1037,172,8,4,4,71,55,16,396,36053,23919,3033,3146,3616,2339,111338,4387,727,572,1097,268,1723,1281,893,250,138,2854,981,533,548,792,101709,94680,942,82,194,5811,1107,246,861,53557,6680,10711,7625,5279,5627,6159,4024,2875,4577,50406,39682,15418,4526,1308,53551,155,19,3469,426,622,4550,7554,2036,2310,2296,2305,889,3078,2704,3189,4715,10443,2791
Wrexham,W06000006,110274,62725,60072,52144,13239,38905,1523,300,1223,6405,2374,4031,2653,2324,1733,1634,1285,349,14,9,5,85,61,24,591,45225,26254,4857,4464,5642,4008,135122,2246,276,304,538,283,845,878,654,87,137,1558,446,392,382,338,129677,122547,427,119,64,6520,763,219,544,61805,5980,9723,6627,5770,7534,7044,4694,7140,7293,61404,45998,19316,6588,1811,61801,947,73,9791,375,590,4965,8977,2454,2566,1322,1419,571,2256,3091,4139,5316,10546,2403
Wychavon,E07000238,110717,64601,62484,50582,13302,37280,2030,443,1587,9872,4319,5553,2117,1462,1176,1108,936,172,9,3,6,59,44,15,286,44654,31043,3576,4023,3251,2761,132495,1510,75,221,607,163,444,461,192,192,77,1600,546,158,481,415,128325,120048,624,637,148,6868,599,96,503,63660,10301,11442,7893,5973,7366,5448,4537,4709,5991,62836,46380,17163,4829,1284,63653,1740,76,6782,393,496,5652,10650,2382,2756,2399,1683,1168,4124,3483,3384,5547,8103,2835
Wyre,E07000128,94352,48640,46551,38055,10962,27093,1597,359,1238,6899,3024,3875,2089,1667,1284,1223,1022,201,7,7,0,54,30,24,383,44045,30900,3295,3067,4565,2218,111946,1109,45,330,221,103,410,273,167,69,37,1135,367,202,302,264,109139,107171,487,71,31,1379,290,105,185,47835,5996,8584,5679,5727,5959,5089,3469,3136,4196,49623,37251,17326,5902,1844,47838,902,124,3643,380,281,4536,6751,1753,2700,1030,974,576,2401,1888,5090,4777,7848,2184
Wyre Forest,E07000239,84565,47037,44913,37316,10564,26752,1100,260,840,6497,2775,3722,2124,1200,876,832,666,166,4,4,0,40,29,11,324,36328,24305,2767,3388,3648,2220,101609,1939,748,244,437,140,370,395,159,169,67,1470,467,113,606,284,97423,93961,475,451,49,2487,382,64,318,45786,5831,7070,5264,4333,6005,4925,3770,3760,4828,44004,36337,15024,4818,1424,45789,354,15,5350,241,487,4309,8078,2062,1933,1500,916,813,2232,2477,2244,4060,6731,1987
York,E06000014,172082,93395,90307,76803,21649,55154,2120,477,1643,11384,5256,6128,3088,7837,5890,5451,4894,557,26,17,9,413,378,35,1947,70850,38636,19183,4626,4712,3693,202821,7634,413,2889,1853,545,1934,1325,978,208,139,3741,1579,494,631,1037,188167,176963,1317,368,222,9297,1954,623,1331,96198,11603,23463,12626,8190,8627,8466,8205,4966,10052,98610,71033,24604,6788,1786,96206,563,58,5002,333,415,6907,13966,4199,6882,3853,3642,1091,6227,4244,6194,13105,14655,4870
