area,district_code,total_population,white_total,white_british,white_irish,white_gypsy_traveller,white_other,mixed_total,mixed_white_black_caribbean,mixed_white_black_african,mixed_white_asian,mixed_other,asian_total,asian_indian,asian_pakistani,asian_bangladeshi,asian_chinese,asian_other,black_total,black_african,black_caribbean,black_other,other_total,other_arab,other_remaining,all_occupations,managers_directors_and_senior_officials,professional_occupations,associate_prof_and_tech,admin_and_secretarial,skilled_trades_occupations,caring_and_leisure,sales_and_customer_service,process_plant_and_machine_operatives,elementary_occupations,very_good_health,good_health,fair_health,bad_health,very_bad_health,all_categories_industry,agriculture_forestry_and_fishing,mining_and_quarrying,manufacturing,utilities_energy,water_and_waste_management,construction,wholesale_and_retail,transport_and_storage,accommodation_and_food,information_and_communication,financial_and_insurance,real_estate_activities,professional_and_scientific,admin_and_support_services,public_admin_and_defence,education,health_and_social_work,other_services,year,white_total_prop,asian_total_prop,black_total_prop,mixed_total_prop,other_total_prop,very_good_health_prop,good_health_prop,fair_health_prop,bad_health_prop,very_bad_health_prop,white_british_prop,white_irish_prop,white_gypsy_traveller_prop,white_other_prop,asian_bangladeshi_prop,asian_chinese_prop,asian_indian_prop,asian_pakistani_prop,asian_other_prop,black_african_prop,black_caribbean_prop,black_other_prop,mixed_white_asian_prop,mixed_white_black_african_prop,mixed_white_black_caribbean_prop,mixed_other_prop,other_arab_prop,other_remaining_prop,managers_directors_and_senior_officials_prop,professional_occupations_prop,associate_prof_and_tech_prop,admin_and_secretarial_prop,skilled_trades_occupations_prop,caring_and_leisure_prop,sales_and_customer_service_prop,process_plant_and_machine_operatives_prop,elementary_occupations_prop,agriculture_forestry_and_fishing_prop,mining_and_quarrying_prop,manufacturing_prop,utilities_energy_prop,water_and_waste_management_prop,construction_prop,wholesale_and_retail_prop,transport_and_storage_prop,accommodation_and_food_prop,information_and_communication_prop,financial_and_insurance_prop,real_estate_activities_prop,professional_and_scientific_prop,admin_and_support_services_prop,public_admin_and_defence_prop,education_prop,health_and_social_work_prop,other_services_prop,PCA_1,PCA_2,PCA_3,PCA_4,TSNE_X,TSNE_Y
Adur,E07000223,61182,58663,56843,426,121,1273,886,206,193,305,182,1058,234,55,269,242,258,313,241,60,12,262,170,92,29356,3153,4232,3644,3419,4053,3412,2800,1952,2691,26107,22373,9181,2757,764,29356.0,70,23,2417,447,292,2877,4966,1509,1186,891,1613,461,1562,1332,1393,2687,4171,1459,2011,0.9588277597986335,0.017292667778104672,0.0051158837566604555,0.014481383413422248,0.0042823052531790395,0.42671047039979076,0.36567944820372006,0.15006047530319375,0.045062273217613025,0.01248733287568239,0.968975333685628,0.007261817499957384,0.0020626289143071443,0.021700219900107395,0.2542533081285444,0.22873345935727787,0.22117202268431002,0.05198487712665406,0.2438563327032136,0.7699680511182109,0.19169329073482427,0.038338658146964855,0.3442437923250564,0.2178329571106095,0.2325056433408578,0.2054176072234763,0.648854961832061,0.3511450381679389,0.1074056410955171,0.14416132988145525,0.12413135304537402,0.11646682109279194,0.13806376890584549,0.11622836898760049,0.0953808420765772,0.06649407276195667,0.09166780215288187,0.00238452105191443,0.0007834854884861698,0.08233410546395967,0.01522687014579643,0.009946859245128763,0.09800381523368307,0.16916473634010082,0.05140346096198392,0.04040059953672162,0.030351546532225097,0.05494617795339964,0.015703774356179315,0.053208884044147704,0.045374029159286004,0.04745196893309715,0.09153154380705818,0.1420833901076441,0.0497002316391879,5.107888749826094,-0.05904471533335618,-0.17567362477958332,3.827024748840257,34.950928,-6.3695188
Amber Valley,E07000032,122309,120023,117988,428,44,1563,980,438,93,282,167,929,416,80,11,201,221,253,120,106,27,124,27,97,59381,6419,8767,6534,6370,8167,5339,4376,6516,6893,53826,42795,18336,5810,1542,59381.0,395,129,11234,391,478,5468,9475,2765,2571,1314,961,716,2862,2274,3088,5590,7079,2591,2011,0.9813096337963683,0.0075955162743543,0.00206853134274665,0.008012492948188604,0.0010138256383422316,0.44008208717265285,0.34989248542625645,0.14991537826325127,0.04750263676426101,0.012607412373578396,0.9830449163910251,0.00356598318655591,0.00036659640235621503,0.013022504020062822,0.011840688912809472,0.2163616792249731,0.4477933261571582,0.0861141011840689,0.2378902045209903,0.4743083003952569,0.4189723320158103,0.1067193675889328,0.28775510204081634,0.09489795918367347,0.44693877551020406,0.1704081632653061,0.21774193548387097,0.782258064516129,0.10809855004125898,0.1476398174500261,0.11003519644330678,0.10727337026995167,0.13753557535238545,0.0899109142655058,0.07369360569879255,0.10973206918037756,0.11608090129839511,0.006651959380946768,0.0021724120509927416,0.1891850928748253,0.006584597766962496,0.008049712871120392,0.09208332631649854,0.1595628231252421,0.04656371566662737,0.04329667738839023,0.022128290193833045,0.016183627759721122,0.01205772890318452,0.04819723480574595,0.0382950775500581,0.05200316599585726,0.09413785554301882,0.11921321634866372,0.04363348545831158,4.76132004425387,1.360454990183763,0.5887617168617126,-2.4309489628734156,31.807976,-12.877148
Arun,E07000224,149518,145118,137024,889,162,7043,1502,426,221,532,323,2116,498,107,367,412,732,538,313,160,65,244,72,172,67443,7843,8944,7456,7698,9014,8231,5511,4696,8050,62774,54975,23299,6608,1862,67443.0,1241,55,5896,292,692,5806,11500,3005,4339,1899,2174,1052,3339,3509,3618,5604,9711,3711,2011,0.9705721050308324,0.014152142216990597,0.003598228975775492,0.01004561323720221,0.0016319105391992938,0.419842426998756,0.36768148316590643,0.15582739201968993,0.04419534771733169,0.012453350098315922,0.9442246998993922,0.006126049146212048,0.0011163329152827355,0.048532918039113,0.17344045368620037,0.1947069943289225,0.23534971644612476,0.05056710775047259,0.34593572778827975,0.5817843866171004,0.29739776951672864,0.120817843866171,0.35419440745672437,0.14713715046604528,0.2836218375499334,0.21504660452729693,0.29508196721311475,0.7049180327868853,0.11629079370727874,0.1326156902866124,0.11055261480064647,0.11414083003425114,0.13365360378393606,0.12204379994958706,0.08171344691072462,0.06962916833474193,0.11936005219222158,0.018400723573980992,0.0008155034621828804,0.08742197114600478,0.004329582017407292,0.01026051628782824,0.08608751093516007,0.17051436027460226,0.04455614370653737,0.06433580949839124,0.02815711044882345,0.03223462775973785,0.015598357131207094,0.04950847382233886,0.052029120887267764,0.053645300475957475,0.08309238912859748,0.14398825675014457,0.05502424269383035,4.703666332377463,0.9310372868393685,0.5864831404530825,0.8320628330920626,37.261257,-3.2874663
Ashfield,E07000170,119497,116733,114744,348,43,1598,1059,556,88,229,186,1099,396,97,62,232,312,472,195,209,68,134,25,109,55336,4889,5883,5423,6354,7930,5728,5224,6168,7737,50253,41200,19484,6764,1796,55336.0,139,207,9108,603,373,5351,10527,3188,2417,996,902,557,2020,2304,2867,4225,7474,2078,2011,0.9768697122103484,0.00919688360377248,0.0039498899553963695,0.008862147166874482,0.0011213670636082914,0.4205377540858766,0.34477853000493736,0.16305011841301456,0.056603931479451364,0.015029666016720084,0.9829611163938218,0.002981162139240832,0.0003683619884694131,0.013689359478467956,0.056414922656960874,0.2111010009099181,0.36032757051865333,0.08826205641492266,0.28389444949954507,0.413135593220339,0.4427966101694915,0.1440677966101695,0.21624173748819642,0.08309726156751653,0.5250236071765817,0.17563739376770537,0.1865671641791045,0.8134328358208955,0.08835116379933497,0.1063141535347694,0.09800130114211364,0.11482579152811913,0.1433063466820876,0.10351308370680931,0.09440508891137776,0.11146450773456701,0.13981856296082115,0.0025119271360416365,0.003740783576695099,0.16459447737458435,0.010897065201677028,0.00674063900534914,0.09670015902848056,0.19023781986410293,0.0576116813647535,0.04367861789793263,0.017999132571924245,0.016300419256903283,0.01006577996241145,0.0365042648547058,0.04163654763625849,0.051810756108139365,0.07635174208471882,0.13506577996241145,0.03755240711291022,5.858079684466567,2.7628660094719186,-1.1702012448150056,-2.520257683919708,32.50512,-13.9737625
Ashford,E07000105,117956,110520,105498,753,531,3738,1682,544,235,507,396,3991,958,161,185,431,2256,1375,948,327,100,388,87,301,57546,7025,9056,6704,6261,7600,5283,5185,4179,6253,56128,41385,15027,4163,1253,57546.0,951,47,4986,382,432,5930,9845,3070,2955,1710,1935,650,3519,3155,2891,5002,7255,2831,2011,0.936959544236834,0.03383465020855234,0.011656889009461154,0.014259554410119028,0.003289362135033402,0.47583844823493504,0.3508511648411272,0.12739496083285293,0.03529282105191767,0.010622605039167147,0.9545602605863193,0.0068132464712269275,0.004804560260586319,0.033821932681867534,0.04635429716862942,0.10799298421448258,0.24004009020295666,0.040340766725131545,0.5652718616887998,0.6894545454545454,0.23781818181818182,0.07272727272727272,0.3014268727705113,0.13971462544589774,0.3234244946492271,0.23543400713436385,0.22422680412371135,0.7757731958762887,0.12207625204184479,0.15736975636881798,0.11649810586313558,0.10879991658846835,0.13206825843672887,0.09180481701595246,0.09010183157821569,0.072620164737775,0.10866089736906127,0.016525909707016995,0.0008167379140166128,0.08664372849546449,0.006638167726688214,0.007507037847982484,0.1030479963855003,0.17108052688284156,0.053348625447468115,0.0513502241684913,0.029715358148264,0.03362527369408821,0.011295311576825496,0.06115107913669065,0.05482570465366837,0.05023807041323463,0.08692176693427867,0.12607305459979842,0.04919542626768151,3.3658529878692436,-0.688618481123274,1.1636404884506772,0.4654632325730226,25.669107,1.7883946
Babergh,E07000200,87740,85845,83666,486,51,1642,827,306,92,216,213,666,180,9,65,161,251,264,133,89,42,138,10,128,42250,5176,6458,5333,4611,6118,3945,3149,3132,4328,40875,31433,11624,3023,785,42250.0,825,27,5033,205,309,4001,6554,1881,2118,1245,1898,603,2586,1885,2409,4103,4657,1911,2011,0.9784020971050832,0.007590608616366537,0.003008889901983132,0.009425575564166856,0.0015728288124002734,0.46586505584682014,0.35825165260998404,0.13248233416913607,0.03445406883975382,0.008946888534305903,0.9746170423437591,0.005661366416215272,0.0005940940066398742,0.019127497233385752,0.09759759759759759,0.24174174174174173,0.2702702702702703,0.013513513513513514,0.3768768768768769,0.5037878787878788,0.3371212121212121,0.1590909090909091,0.26118500604594924,0.11124546553808948,0.37001209189842804,0.25755743651753327,0.07246376811594203,0.927536231884058,0.12250887573964497,0.15285207100591716,0.12622485207100592,0.10913609467455622,0.14480473372781066,0.09337278106508876,0.07453254437869823,0.0741301775147929,0.1024378698224852,0.01952662721893491,0.0006390532544378699,0.11912426035502958,0.0048520710059171595,0.0073136094674556215,0.09469822485207101,0.15512426035502958,0.044520710059171596,0.0501301775147929,0.029467455621301774,0.04492307692307692,0.014272189349112426,0.061207100591715975,0.04461538461538461,0.05701775147928994,0.09711242603550296,0.11022485207100592,0.045230769230769234,3.541007427698654,-0.16377060166309612,2.2376732346148036,-1.3864722878486218,31.537645,1.9517
Barking and Dagenham,E09000002,185911,108386,91949,1730,182,14525,7878,2669,2128,1246,1835,29594,7436,8007,7701,1315,5135,37140,28685,5227,3228,2913,973,1940,75217,5094,10024,6891,9864,9137,8431,7213,7138,11425,87819,62720,24042,8686,2644,75217.0,44,33,3419,175,682,7844,11465,6292,4272,2387,3643,1185,3344,5647,3979,6678,10582,3546,2011,0.5829993921822808,0.15918369542415456,0.1997730096659154,0.04237511497436946,0.015668787753279796,0.47237118836432485,0.3373657287626875,0.12931994341378403,0.04672128061276632,0.014221858846437273,0.8483475725647224,0.015961471038695035,0.0016791836584060672,0.13401177273817652,0.26022166655403123,0.04443468270595391,0.2512671487463675,0.2705616003243901,0.1735149016692573,0.772347872913301,0.14073774905761982,0.08691437802907916,0.15816197004315816,0.2701193196242701,0.3387915714648388,0.23292713886773292,0.3340199107449365,0.6659800892550635,0.06772405174362178,0.13326774532353058,0.09161492747650132,0.13114056662722523,0.12147519842588776,0.11208902242844038,0.09589587460281586,0.09489875958892272,0.15189385378305437,0.000584974141483973,0.00043873060611297976,0.045455149766675085,0.0023266016990839836,0.009067099193001582,0.1042849355863701,0.1524256484571307,0.08365130223220814,0.056795671191353016,0.03173484717550554,0.04843319994150259,0.015754417219511548,0.04445803475278195,0.07507611311272717,0.05290027520374384,0.08878312083704482,0.1406862810268955,0.04714359785686746,3.122456229725956,-2.007063836902555,-6.417952139281264,1.7378005458264572,17.165686,-11.9623575
Barnet,E09000003,356386,228553,162117,8685,151,57600,17169,3097,3112,5882,5078,65918,27920,5344,2215,8259,22180,27431,19392,4468,3571,17315,5210,12105,170658,23035,42157,25491,19743,14030,14116,11647,6962,13477,183453,117508,39172,12197,4056,170658.0,72,146,4908,364,513,12047,24830,6584,9751,10438,10262,4774,19438,8707,6618,19418,19776,12012,2011,0.6413074587666182,0.18496237225929188,0.07696991464311168,0.04817529308109746,0.048584961249880744,0.5147592778616444,0.3297211450505912,0.10991453087382781,0.03422412777157352,0.011380918442363056,0.7093190638495228,0.03799993874506132,0.0006606782671852918,0.25202031913823053,0.0336023544403653,0.125292029491186,0.42355653994356623,0.08107042082587457,0.33647865529900783,0.706937406583792,0.16288141154168642,0.13018118187452152,0.3425942104956608,0.1812569165356165,0.18038324887879317,0.2957656240899295,0.3008951775916835,0.6991048224083165,0.13497755745408946,0.24702621617504014,0.14936891326512675,0.11568751538164047,0.08221120603780661,0.08271513787809537,0.06824760632375863,0.04079504037314395,0.07897080711129863,0.00042189642442780296,0.0008555121939786004,0.028759272931828568,0.002132920812385004,0.003006012024048096,0.07059147534835754,0.14549566970197705,0.03858008414489798,0.057137667147159815,0.06116326219690844,0.06013195982608492,0.027974076808587937,0.11390031525038381,0.05102016899295667,0.03877931301198889,0.11378312179915387,0.11588088457616988,0.07038638680870513,-0.21252463019209608,-7.367131239012513,-1.3280912802543403,1.6500281696576082,13.776801,-3.3532324
Barnsley,E08000016,231221,226285,222164,567,163,3391,1630,644,178,434,374,1661,442,211,60,440,508,1221,995,149,77,424,168,256,103579,9372,12836,10260,10450,14242,10781,10870,11291,13477,96194,77649,37956,15278,4144,103579.0,530,447,13003,556,1047,11094,18143,5220,4664,2179,2352,1174,3852,5480,5948,9397,14209,4284,2011,0.978652458037981,0.0071836035654200955,0.005280662223586958,0.007049532698154579,0.0018337434748573874,0.4160262259915838,0.335821573300003,0.16415463993322404,0.06607531322846973,0.017922247546719373,0.9817884526150651,0.0025056897275559584,0.0007203305565989792,0.01498552710077999,0.036122817579771226,0.26490066225165565,0.26610475617098134,0.12703190848886214,0.30583985550872966,0.8149058149058149,0.12203112203112203,0.06306306306306306,0.26625766871165646,0.10920245398773006,0.3950920245398773,0.2294478527607362,0.39622641509433965,0.6037735849056604,0.09048166134061923,0.12392473377808243,0.09905482771604282,0.10088917637745103,0.13749891387250313,0.1040848048349569,0.10494405236582705,0.10900858282084207,0.13011324689367537,0.0051168673186649805,0.004315546587628767,0.12553702970679384,0.005367883451278734,0.010108226571023084,0.10710665289296092,0.17516098823120516,0.05039631585553056,0.04502843240425183,0.021037082806360363,0.022707305534905724,0.01133434383417488,0.03718900549339152,0.0529064771816681,0.057424767568715666,0.090723023006594,0.1371803164734164,0.04135973508143543,5.659868112305735,2.5716691150500255,-1.5193294672475597,2.2528221314261265,40.391098,-11.327517
Basildon,E07000066,174497,161677,156215,1313,873,3276,2887,1131,461,668,627,4766,2089,436,322,584,1335,4685,3339,931,415,482,112,370,83006,8475,11395,10282,12414,10068,7319,6967,6779,9307,80704,60991,23145,7355,2302,83006.0,147,28,6909,308,770,9082,13619,5072,3327,2704,7876,1120,4688,4062,3866,6564,9183,3681,2011,0.9265316882238663,0.02731279047777326,0.026848599116317186,0.01654469704350218,0.0027622251385410637,0.4624950572216141,0.3495246336613237,0.13263838346791063,0.042149721771721,0.013192203877430558,0.9662165923415205,0.008121130401974307,0.0053996548674208455,0.020262622389084408,0.06756189676877886,0.12253462022660512,0.43831305077633237,0.09148132605958875,0.28010910616869494,0.7127001067235859,0.19871931696905015,0.08858057630736393,0.23138205749913404,0.1596813301004503,0.39175614825077937,0.2171804641496363,0.23236514522821577,0.7676348547717843,0.10210105293593234,0.13727923282654267,0.12387056357371756,0.14955545382261523,0.12129243669132352,0.08817434884225236,0.08393369154037057,0.08166879502686553,0.11212442474038022,0.0017709563164108619,0.00033732501264968796,0.08323494687131051,0.0037105751391465678,0.00927643784786642,0.10941377731730237,0.16407247668843217,0.06110401657711491,0.04008143989591114,0.03257595836445558,0.09488470712960509,0.013493000505987519,0.056477844975062044,0.04893622147796545,0.04657494638941763,0.07907862082259114,0.11063055682721731,0.044346191841553625,3.808379629155206,-0.793699414254032,-0.376969800666093,-0.4018974065214694,19.364122,-9.810764
Basingstoke and Deane,E07000084,167799,155888,148078,1324,163,6323,2813,1047,318,863,585,6715,2437,389,330,1221,2338,1909,1259,470,180,474,138,336,90122,10816,17515,12987,11067,9371,7412,7040,5188,8726,85034,58917,18047,4559,1242,90122.0,669,93,8637,946,553,6861,15247,3713,3789,8435,4553,1105,6272,4813,4889,6861,8648,4038,2011,0.929016263505742,0.0400181169136884,0.011376706654986026,0.01676410467285264,0.002824808252730946,0.506761065322201,0.35111651440115854,0.10755129649163582,0.027169411021519794,0.007401712763484883,0.9498999281535462,0.008493277224674125,0.0010456224982038386,0.0405611721235759,0.049143708116157855,0.18183172002978407,0.3629188384214445,0.05793000744601638,0.3481757259865972,0.6595075955997904,0.2462022001047669,0.09429020429544265,0.30678990401706363,0.11304656949875577,0.3722004976892997,0.2079630287948809,0.2911392405063291,0.7088607594936709,0.12001509065489004,0.19434766205809903,0.14410465813009032,0.12280020416768381,0.10398126983422472,0.08224406915070682,0.07811633119549055,0.05756640997758594,0.09682430483122878,0.007423270677526021,0.0010319344888040656,0.09583675462151306,0.010496882004394043,0.00613612658396396,0.07613013470628703,0.16918177581500632,0.041199707063758015,0.04204300836643661,0.09359534852755154,0.050520405672310864,0.012261157098155832,0.06959454961052795,0.05340538381305342,0.054248685115732005,0.07613013470628703,0.09595881138900601,0.0448059297396862,2.9726452159802625,-2.9694120758012463,1.9979819829906458,-0.5484954876896514,22.00593,-2.0803134
Bassetlaw,E07000171,112863,109892,106663,381,94,2754,996,454,85,228,229,1255,440,287,74,180,274,520,221,239,60,200,52,148,52814,5540,6780,5093,5188,6984,5653,4223,5981,7372,48326,39138,17794,5912,1693,52814.0,880,455,6921,668,437,4515,9852,2896,2650,921,957,587,1874,1776,2783,4448,7921,2273,2011,0.9736760497240017,0.0111196760674446,0.004607355820773858,0.008824858456713006,0.0017720599310668687,0.4281828411436875,0.34677440791047554,0.1576601720670193,0.05238209156233664,0.015000487316481043,0.9706166053943872,0.003467040366905689,0.0008553852873730572,0.02506096895133404,0.05896414342629482,0.14342629482071714,0.350597609561753,0.22868525896414343,0.21832669322709164,0.425,0.4596153846153846,0.11538461538461539,0.2289156626506024,0.0853413654618474,0.45582329317269077,0.22991967871485944,0.26,0.74,0.10489642897716514,0.128375052069527,0.09643276403983791,0.09823152951868823,0.13223766425568978,0.10703601317832392,0.07995985912826145,0.11324648767372288,0.13958420115878364,0.0166622486461923,0.008615139925019881,0.1310447987276101,0.012648161472336881,0.008274321202711403,0.08548869617904344,0.18654144734350742,0.05483394554474193,0.05017608967319272,0.017438557958117166,0.018120195402734122,0.011114477221948726,0.03548301586700496,0.03362744726776991,0.05269436134358314,0.08422009315711743,0.14997917218919227,0.04303783087817624,5.744327410670051,1.873688644087737,-0.8893275712400824,-1.9078456572029503,34.047813,-13.619206
Bath and North East Somerset,E06000022,176016,166473,158640,1146,58,6629,2898,951,292,954,701,4577,1116,170,219,1912,1160,1326,499,672,155,742,375,367,84858,9698,18637,10587,9295,9473,7249,6850,4380,8689,88882,58849,20856,5831,1598,84858.0,558,112,6024,334,792,6210,12476,2684,5620,4399,2868,1270,6627,3315,5555,10783,10928,4303,2011,0.9457833378783747,0.02600331788019271,0.007533406053995092,0.01646441232615217,0.004215525861285338,0.5049654576856649,0.334338923734206,0.1184892282519771,0.03312767021179893,0.00907872011635306,0.9529473247914076,0.006883999207078625,0.00034840484643155345,0.03982027115508221,0.047847935328818,0.4177408783045663,0.24382783482630543,0.03714223290364868,0.2534411186366616,0.37631975867269984,0.5067873303167421,0.11689291101055807,0.32919254658385094,0.1007591442374051,0.3281573498964803,0.24189095928226362,0.5053908355795148,0.4946091644204852,0.11428504089184284,0.21962572768625233,0.12476136604680761,0.10953593061349548,0.11163355252303848,0.08542506304650122,0.08072309033915483,0.05161564024605812,0.1023945886068491,0.006575691154634801,0.001319851988027057,0.07098918192745528,0.003935987178580688,0.009333239058191332,0.07318107897900021,0.14702208395201397,0.0316293101416484,0.06622828725635768,0.05183954370831271,0.03379763840769285,0.014966178792806806,0.07809517075585096,0.03906526196705084,0.06546230172759197,0.12707110702585495,0.12877984397463998,0.05070824200428952,3.6251646632768972,-2.6421213362457823,2.204146159135021,0.1831220298693979,28.242147,-5.1104493
Bedford,E06000055,157479,126846,112588,1683,115,12460,5386,2396,587,1366,1037,17932,8122,3270,3225,905,2410,6202,2741,2843,618,1113,331,782,75810,8273,13687,9331,8489,8362,7054,6005,5243,9366,73860,56663,19812,5596,1548,75810.0,554,38,6440,516,609,5721,12949,4293,3412,2951,2080,997,5017,3729,4899,8827,9398,3380,2011,0.805478825748195,0.11386915080740924,0.03938302884829088,0.034201385581569606,0.007067609014535271,0.4690149162745509,0.3598130544390046,0.1258072504905416,0.035534896716387585,0.009829882079515365,0.887595982529997,0.013268057329360011,0.0009066111662961386,0.09822934897434685,0.17984608521079634,0.050468436314967655,0.4529333035913451,0.18235556546955164,0.13439660941333928,0.4419542083198968,0.45840051596259274,0.09964527571751049,0.2536204975863349,0.10898626067582622,0.44485703676197547,0.19253620497586335,0.2973944294699012,0.7026055705300989,0.10912808336631051,0.1805434639229653,0.12308402585410895,0.1119773117003034,0.11030207096689092,0.09304841049993405,0.0792111858593853,0.06915974145891043,0.12354570637119114,0.007307743041815064,0.0005012531328320802,0.08494921514312095,0.006806489908982984,0.008033240997229917,0.07546497823506133,0.17080860044848964,0.05662841313810843,0.04500725497955415,0.038926263025986015,0.027437013586598075,0.013151299300883788,0.06617860440575123,0.04918876137712703,0.06462208151958844,0.11643582640812558,0.12396781427252342,0.04458514707822187,3.2137695917870928,-2.2097803091185777,-1.4356627116225056,-2.846334335787544,24.332603,-12.813496
Bexley,E09000004,231997,189962,179250,2596,624,7492,5395,1676,983,1369,1367,15243,7047,730,777,2514,4175,19624,15952,2381,1291,1773,303,1470,110159,10269,16225,13957,19352,13475,9844,9176,7712,10149,111323,80446,29015,8688,2525,110159.0,81,77,5080,655,797,11877,15997,6898,4208,4470,8376,2012,7829,5456,8480,10596,11909,5361,2011,0.8188123122281754,0.06570343582029078,0.08458730069785385,0.02325461105100497,0.007642340202675035,0.47984672215588997,0.3467544838941883,0.12506627240869495,0.03744876011327733,0.0108837614279495,0.9436097745864962,0.013665891072951433,0.0032848674998157525,0.03943946684073657,0.05097421767368628,0.16492816374729383,0.4623105687856721,0.047890835137440135,0.27389621465590763,0.8128821850794945,0.12133102323685284,0.06578679168365267,0.2537534754402224,0.18220574606116774,0.31065801668211307,0.25338276181649677,0.17089678510998307,0.8291032148900169,0.0932198004702294,0.14728710318721122,0.12669868099746728,0.17567334489238282,0.12232318739276864,0.08936174075654281,0.08329777866538367,0.07000789767517861,0.09213046596283554,0.0007353007924908541,0.0006989896422443922,0.04611516081300666,0.005945950852858141,0.00723499668660754,0.10781688286930709,0.1452173676231629,0.06261857860002361,0.038199330059277954,0.040577710400421206,0.07603554861609128,0.018264508573970353,0.07106999881988761,0.04952840893617408,0.0769796385224993,0.09618823700287765,0.10810737207127878,0.048666019117820605,3.305484989070354,-2.3335952336731642,-0.4027303391823459,0.4844560726430403,20.241285,-9.180975
Birmingham,E08000025,1073045,621636,570217,22021,408,28990,47605,24720,3223,11186,8476,285640,64621,144627,32532,12712,31148,96360,29991,47641,18728,21804,10910,10894,423691,35160,77424,46762,49752,41640,42626,38152,36206,55969,488568,363904,148782,54105,17686,423691.0,419,81,39056,1962,2709,25686,66500,23981,26715,12873,16916,6275,23868,22365,20528,51328,62912,19517,2011,0.5793195998303892,0.266195732704593,0.08980052094739736,0.04436440223848953,0.020319744279130886,0.45530988914723985,0.3391320960444343,0.1386540173058912,0.05042193011476685,0.016482067387667804,0.9172843915088573,0.03542426757781081,0.0006563326448275196,0.0466350082685044,0.11389161181907295,0.04450357092844139,0.22623232040330485,0.5063261447976474,0.1090463520515334,0.311239103362391,0.49440639269406395,0.19435450394354503,0.234975317718727,0.06770297237685118,0.519273185589749,0.17804852431467283,0.5003669051550175,0.4996330948449826,0.08298500558189813,0.18273694744519,0.11036816925542435,0.11742519902476097,0.09827917043316946,0.1006063381096129,0.09004675577248514,0.08545378589585334,0.1320986284816057,0.0009889282519572047,0.0001911770606408916,0.0921803861776625,0.00463073324663493,0.006393810583656486,0.0606243701187894,0.1569540065755468,0.056600211002829894,0.06305302685211628,0.030382991378150585,0.03992532293581879,0.014810321673106109,0.05633350720218272,0.052786110632512845,0.04845040371402744,0.12114489097007017,0.14848557085234287,0.04606423077195409,3.6129999346867407,-2.460273910581196,-5.2756624507148295,-2.9178875007823573,20.50279,-18.059462
Blaby,E07000129,93915,85451,83161,545,101,1644,1505,645,108,486,266,5718,4399,281,18,435,585,900,371,398,131,341,96,245,48276,5384,7700,6275,6141,6286,4233,4130,3498,4629,44615,33631,11764,3081,824,48276.0,217,93,5516,769,281,4650,9286,2109,1903,1224,1871,469,2443,1856,2942,4905,5756,1986,2011,0.9098759516584145,0.06088484267688868,0.009583133684714902,0.016025129106106584,0.0036309428738753127,0.4750572326039504,0.3581004099451632,0.12526220518554013,0.03280626098067401,0.00877389128467231,0.9732010157868252,0.006377924190471732,0.0011819639325461376,0.01923909609015693,0.0031479538300104933,0.07607555089192025,0.7693249387897866,0.04914305701294159,0.10230849947534103,0.4122222222222222,0.44222222222222224,0.14555555555555555,0.3229235880398671,0.07176079734219269,0.42857142857142855,0.17674418604651163,0.28152492668621704,0.718475073313783,0.11152539564172674,0.15949954428701632,0.1299817714806529,0.1272060651255282,0.1302096279724915,0.08768332090479741,0.08554975557212693,0.07245836440467313,0.09588615461098683,0.004494987157179551,0.0019264230673626647,0.11425967354378988,0.01592924020217085,0.005820697655149557,0.09632115336813324,0.19235230756483554,0.043686303753417845,0.03941917308807689,0.02535421327367636,0.03875631783909189,0.00971497224293645,0.050604855414698814,0.03844560444113017,0.060941254453558705,0.10160328113348248,0.1192310879111774,0.041138453890131745,4.11558345693031,-1.0952380248479197,1.0607214424656806,-4.106058955296016,25.986351,-10.550592
Blackburn with Darwen,E06000008,147489,102009,98144,794,161,2910,1823,315,162,989,357,41494,19791,17801,1525,721,1656,933,614,202,117,1230,585,645,60523,5670,8482,5718,6702,7176,6823,5992,6791,7169,66991,49010,20725,8428,2335,60523.0,139,26,9741,194,417,3871,10759,2692,2961,1721,1179,755,2491,2754,3385,6195,8936,2307,2011,0.691638020462543,0.28133623524466234,0.006325895490511157,0.012360243814792967,0.008339604987490593,0.45421014448535146,0.3322959678348894,0.14051895395588823,0.057143244580951796,0.015831689142919134,0.9621111862678783,0.007783626934878295,0.0015782921114803595,0.02852689468576302,0.0367523015375717,0.017376006169566683,0.47696052441316816,0.4290017833903697,0.039909384489323754,0.6580921757770632,0.2165058949624866,0.12540192926045016,0.5425123422929238,0.08886450905101481,0.1727921009325288,0.19583104772353263,0.47560975609756095,0.524390243902439,0.09368339309023016,0.14014506881681343,0.09447648001586174,0.11073476199130909,0.11856649538192092,0.11273400194967202,0.09900368454967533,0.11220527733258431,0.11845083687193299,0.0022966475554747783,0.00042958875138377145,0.16094707797035837,0.003205392991094295,0.006889942666424335,0.06395915602332998,0.17776712985146143,0.044478958412504335,0.04892354972489797,0.028435470812748873,0.019480197610825638,0.012474596434413364,0.041157906911422106,0.04550336235811179,0.055929150901310246,0.10235778133932555,0.14764634932174545,0.03811774036316772,3.837617848386176,0.37192581205208997,-2.5497174660593336,0.3352459914183528,27.000467,-23.191814
Blackpool,E06000009,142065,137339,133042,1029,237,3031,1753,690,264,448,351,2282,627,223,231,514,687,346,183,111,52,345,170,175,61419,6832,6330,5546,8351,7184,7537,6200,4848,8591,56600,48022,23977,10346,3120,61419.0,73,42,4895,242,315,4434,9967,2929,7438,1266,1706,634,1950,2796,5750,4089,9171,3722,2011,0.9667335374652448,0.01606306972160631,0.0024355048745292648,0.012339422095519657,0.0024284658430999894,0.3984091788969838,0.33802836729665997,0.16877485657973462,0.07282581916728258,0.021961778059339035,0.9687124560394352,0.007492409293791275,0.0017256569510481364,0.022069477715725323,0.10122699386503067,0.2252410166520596,0.2747589833479404,0.09772129710780017,0.30105170902716916,0.5289017341040463,0.3208092485549133,0.15028901734104047,0.255561893896178,0.15059897318881918,0.39361095265259555,0.2002281802624073,0.4927536231884058,0.5072463768115942,0.1112359367622397,0.10306257021442876,0.09029779058597502,0.13596769729236882,0.11696706230970873,0.12271446946384669,0.10094596134746577,0.07893322913105065,0.13987528289291587,0.0011885572868330647,0.0006838274800957359,0.07969846464449112,0.003940148813884954,0.005128706100718019,0.07219264397010697,0.1622787736693857,0.0476888259333431,0.12110259040362104,0.020612514042885752,0.027776420977222032,0.010322538628111822,0.03174913300444488,0.045523372246373275,0.09361923834644002,0.06657548966932057,0.1493186147609046,0.06060014002181735,5.929465300745206,2.3360751190189095,-2.307366343884797,1.5404353834042928,41.37288,-6.0444446
Blaenau Gwent,W06000019,69814,68750,67954,102,72,622,394,163,36,106,89,485,202,39,26,122,96,95,56,33,6,90,12,78,28291,1942,3086,2390,2676,3718,3720,2467,3873,4419,29269,21385,11696,5692,1772,28291.0,84,76,5675,165,421,2243,4290,1090,1301,294,470,325,567,1106,1992,2231,4904,1057,2011,0.9847595038244478,0.0069470306815251955,0.0013607585871028734,0.0056435671928266535,0.001289139714097459,0.4192425587990947,0.30631391984415735,0.16753086773426534,0.08153092502936374,0.02538172859311886,0.9884218181818182,0.0014836363636363636,0.0010472727272727272,0.009047272727272727,0.05360824742268041,0.2515463917525773,0.41649484536082476,0.08041237113402062,0.1979381443298969,0.5894736842105263,0.3473684210526316,0.06315789473684211,0.26903553299492383,0.09137055837563451,0.4137055837563452,0.22588832487309646,0.13333333333333333,0.8666666666666667,0.0686437382913294,0.10908062634760171,0.08447916298469478,0.09458838499876286,0.13141988618288503,0.13149058004312325,0.08720087660386695,0.13689866035134848,0.15619808419638753,0.002969142130006009,0.002686366689053056,0.2005938284260012,0.005832243469654661,0.014881057580149164,0.07928316425718426,0.15163833021102116,0.03852815382983988,0.04598635608497402,0.010391997455021031,0.016613057155986002,0.011487752288713725,0.02004170937754056,0.03909370471174579,0.07041108479728536,0.07885900109575483,0.17334134530416034,0.037361705135908946,6.060765707983722,4.308008146002833,-2.68218726956908,0.22163136226168217,43.86753,-10.177961
Bolsover,E07000033,75866,74452,73058,199,66,1129,518,248,63,136,71,612,207,56,6,166,177,267,175,51,41,17,2,15,34511,3310,3759,3324,3549,4609,3794,2825,3933,5408,30934,25423,12965,5152,1392,34511.0,224,294,5251,185,360,3042,6680,1943,1690,641,592,317,1142,1468,1730,2634,4846,1472,2011,0.9813618748846651,0.008066854717528273,0.0035193630875490997,0.006827828012548441,0.00022407929770911872,0.4077452350196399,0.3351039991564074,0.17089341734110142,0.06790920834102233,0.018348140141829013,0.9812765271584376,0.0026728630527050987,0.0008864771933594799,0.015164132595497771,0.00980392156862745,0.27124183006535946,0.3382352941176471,0.0915032679738562,0.28921568627450983,0.6554307116104869,0.19101123595505617,0.15355805243445692,0.2625482625482625,0.12162162162162163,0.47876447876447875,0.13706563706563707,0.11764705882352941,0.8823529411764706,0.09591144852365913,0.10892179305149083,0.09631711628176523,0.10283677667989917,0.133551621222219,0.1099359624467561,0.08185795833212599,0.11396366375938106,0.15670365970270347,0.006490684129697778,0.008519022920228332,0.1521543855582278,0.0053606096606878964,0.010431456637014285,0.08814580858277071,0.1935614731534873,0.05630088957144099,0.04896989365709484,0.018573788067572657,0.017153950914201268,0.0091854770942598,0.0330908985540842,0.042537162064269364,0.050128944394540874,0.07632349106082119,0.14041899684158674,0.042653067138013964,5.895548356725869,3.5534351835179026,-1.330811780847416,-0.3532371115188451,35.08764,-14.590209
Bolton,E08000001,276786,226645,219794,1694,214,4943,4892,1576,678,1826,812,38749,21665,12026,614,1423,3021,4652,3451,608,593,1848,727,1121,123367,12018,18434,14147,14556,14129,11969,12973,10887,14254,125548,93765,39139,14465,3869,123367.0,198,66,13184,1027,1200,10397,23310,6334,5959,3193,4336,1738,6422,6065,6931,11581,16144,5282,2011,0.8188456063529225,0.13999624258452378,0.016807208457075142,0.017674304336201974,0.006676638269276626,0.45359230596923256,0.3387635212763651,0.14140527338810488,0.052260591214873586,0.013978308151423844,0.9697721105693926,0.0074742438615455885,0.0009442079022259481,0.0218094376668358,0.015845570208263438,0.036723528349118684,0.5591112028697515,0.3103563962940979,0.07796330227876848,0.7418314703353397,0.13069647463456577,0.1274720550300946,0.3732624693376942,0.13859362224039248,0.3221586263286999,0.16598528209321342,0.3933982683982684,0.6066017316017316,0.09741665113036711,0.14942407613056977,0.11467410247472987,0.11798941370058444,0.1145281963572106,0.09701946225489799,0.10515778125430626,0.08824888341290621,0.11554143328442776,0.0016049672927119895,0.0005349890975706632,0.10686812518744883,0.008324754594016229,0.009727074501284785,0.08427699465821492,0.18894842218745694,0.05134274157594819,0.048303030794296695,0.025882124068835263,0.03514716253130902,0.014088046236027463,0.05205606037270907,0.049162255708576845,0.05618196114033737,0.09387437483281591,0.1308615756239513,0.042815339596488526,4.2299918443393585,-0.040065662274758954,-1.9884894029977385,-0.054306279688564905,22.427856,-15.155991
Boston,E07000136,64637,62592,54221,208,63,8100,664,171,114,167,212,928,374,148,72,130,204,278,174,57,47,175,63,112,30807,2410,3077,2128,2655,3957,2975,2556,5194,5855,26298,24225,10252,3058,804,30807.0,1653,18,5523,93,261,1842,6179,1617,1279,310,335,348,816,1987,1049,2000,4489,1008,2011,0.9683617742160063,0.014357101969460216,0.0043009421848167455,0.010272753995389638,0.0027074276343270883,0.4068567538716215,0.3747853396661355,0.15860884632640748,0.047310364032984206,0.012438696102851308,0.8662608640081799,0.0033231083844580778,0.0010065184049079755,0.12940950920245398,0.07758620689655173,0.1400862068965517,0.40301724137931033,0.15948275862068967,0.21982758620689655,0.6258992805755396,0.20503597122302158,0.16906474820143885,0.25150602409638556,0.1716867469879518,0.2575301204819277,0.3192771084337349,0.36,0.64,0.0782289739344954,0.09987989742590969,0.06907521017950466,0.08618171194858311,0.12844483396630635,0.09656896159963645,0.08296815658778849,0.1685980458986594,0.19005420845911644,0.05365663647872237,0.0005842827928717499,0.17927743694614862,0.0030187944298373745,0.008472100496640374,0.05979160580387574,0.20057129873080792,0.05248807089297887,0.041516538449053786,0.010062648099457915,0.010874151978446458,0.0112961339955205,0.026487486610185997,0.06449832830200929,0.034050702762359206,0.06492031031908332,0.14571363651118252,0.032719836400818,4.646249831765544,2.8165985619213374,-2.2857170074872815,0.3927714804116354,35.68473,5.9417405
"Bournemouth, Christchurch and Poole",E06000058,378888,356911,334864,2410,480,19157,6612,1644,916,2271,1781,10837,3135,314,834,2717,3837,2367,1587,526,254,2161,835,1326,181196,20768,29809,22315,20457,22297,17908,17633,10801,19208,173847,131862,52396,16058,4725,181196.0,360,191,15825,503,1111,14501,30778,7529,12180,6058,13591,3342,9302,7880,8037,15835,24741,9432,2011,0.9419960516036401,0.02860211988767129,0.0062472287325014255,0.017451067333882308,0.00570353244230485,0.4588348007854564,0.3480236903781592,0.13828888748126095,0.042381917611536916,0.012470703743586496,0.9382282978109389,0.006752383647463934,0.0013448730916110739,0.05367444544998613,0.07695856786933654,0.2507151425671311,0.28928670296207437,0.02897480852634493,0.35406477807511305,0.670468948035488,0.2222222222222222,0.10730882974228982,0.34346642468239563,0.1385359951603146,0.24863883847549909,0.2693587416817907,0.3863951874132346,0.6136048125867654,0.11461621669352524,0.1645124616437449,0.12315393275789753,0.1128998432636482,0.12305459281661847,0.09883220380140842,0.09731451025408949,0.05960948365306078,0.10600675511600698,0.0019867988255811387,0.0010541071546833264,0.08733636504117089,0.00277599947018698,0.006131481931168459,0.08002936047153358,0.16986026181593414,0.04155168988277887,0.06722002693216186,0.033433409126029275,0.0750071745513146,0.018444115764144904,0.05133667409876598,0.04348881873772048,0.044355283781098924,0.08739155389743702,0.13654274928806376,0.052054129230225836,3.5240961253098657,-0.9472832072858379,0.7216403897594958,2.019151021506028,32.38706,-4.8501573
Bracknell Forest,E06000036,113205,102554,96080,984,118,5372,2303,656,297,808,542,5664,1989,518,134,556,2467,2189,1586,402,201,495,201,294,61914,8081,11578,9382,7540,6545,5792,4618,2784,5594,59320,38814,11394,2859,818,61914.0,135,107,4184,332,356,4477,10044,3537,2920,6180,1770,816,4611,3791,3809,5402,6152,3291,2011,0.9059140497327857,0.05003312574532927,0.019336601740205822,0.020343624398215625,0.004372598383463628,0.5240051234486109,0.34286471445607525,0.10064926460845369,0.025255068239035377,0.007225829247824743,0.9368722819197691,0.009594945102092555,0.0011506133354135383,0.05238215964272481,0.02365819209039548,0.0981638418079096,0.3511652542372881,0.091454802259887,0.4355579096045198,0.7245317496573778,0.1836455002284148,0.0918227501142074,0.35084672166739034,0.1289622231871472,0.28484585323491096,0.23534520191055144,0.40606060606060607,0.593939393939394,0.13051975320606002,0.18700132441774073,0.1515327712633653,0.12178182640436735,0.1057111477210324,0.09354911651645831,0.07458733081370934,0.04496559744161256,0.09035113221565397,0.0021804438414575055,0.0017282036373033563,0.06757760764932003,0.005362276706399199,0.005749911167102755,0.07230997835707595,0.1622250218044384,0.057127628646186646,0.04716219271893271,0.09981587363116581,0.028588041476887295,0.013179571663920923,0.0744742707626708,0.06123009335529929,0.06152081920082696,0.08725005653002552,0.09936363342701166,0.05315437542397519,2.4260490129285333,-3.830775294030594,2.1281952715327965,0.8443750430878215,19.207277,-0.3328555
Bradford,E08000032,522452,352317,333628,2541,433,15715,12979,4663,875,5677,1764,140149,13555,106614,9863,2086,8031,9267,4993,3581,693,7740,3714,4026,218937,20571,32021,23720,25835,25708,22306,19561,21370,27845,234133,186031,71580,23768,6940,218937.0,621,123,24761,764,1798,14553,38656,11917,12328,5619,11161,2934,10412,11010,11033,24284,28243,8720,2011,0.6743528592100327,0.2682523944783444,0.017737514642493474,0.024842473566949692,0.014814758102179722,0.4481426044880678,0.35607290239103306,0.13700780167364657,0.04549317449258496,0.013283516954667606,0.9469540215203921,0.007212254872742445,0.001229006831915576,0.04460471677494983,0.07037510078559248,0.014884159002204796,0.09671849246159445,0.7607189491184382,0.05730329863217005,0.5387935685766699,0.386424948742851,0.07478148268047911,0.4373988751059404,0.06741659603975653,0.35927267123815393,0.13591185761614916,0.47984496124031006,0.5201550387596899,0.09395853601721044,0.1462566857132417,0.10834166906461676,0.11800198230541206,0.11742190675856524,0.10188319014145622,0.08934533678638147,0.09760798768595531,0.1271827055271608,0.0028364323983611725,0.0005618054508831307,0.11309646153916424,0.0034895883290626986,0.008212408135673732,0.0664711766398553,0.17656220739299433,0.054431183399790806,0.05630843576005883,0.025664917304978146,0.05097813526265547,0.013401115389358583,0.04755705979345656,0.050288439140026585,0.05039349219181774,0.11091775259549551,0.12900058007554685,0.039828809200820325,4.194713473558791,-0.6679073812808878,-3.1983648644087395,-1.537995119958585,27.218126,-22.210386
Braintree,E07000067,147084,142087,137010,1051,132,3894,1837,554,221,596,466,1998,625,122,190,335,726,913,540,286,87,249,65,184,74200,8949,10018,9818,9142,10067,7335,5613,5661,7597,69884,52492,18291,5046,1371,74200.0,755,46,7442,185,600,7828,12125,4422,2896,2268,4263,1102,4625,3457,4181,6581,8076,3348,2011,0.9660262163117674,0.013584074406461614,0.006207337303853581,0.01248946180413913,0.0016929101737782491,0.47512985776835004,0.35688450137336486,0.12435750999428898,0.03430692665415681,0.009321204209839276,0.9642683707869123,0.00739687656154328,0.000929008283657196,0.02740574436788728,0.09509509509509509,0.16766766766766766,0.3128128128128128,0.06106106106106106,0.3633633633633634,0.5914567360350493,0.3132530120481928,0.09529025191675794,0.3244420250408274,0.12030484485574305,0.301578660860098,0.25367446924333154,0.26104417670682734,0.7389558232931727,0.12060646900269542,0.13501347708894879,0.13231805929919138,0.12320754716981132,0.13567385444743935,0.0988544474393531,0.07564690026954178,0.07629380053908356,0.10238544474393531,0.010175202156334232,0.0006199460916442048,0.10029649595687332,0.0024932614555256065,0.008086253369272238,0.10549865229110512,0.16340970350404313,0.05959568733153639,0.03902964959568733,0.030566037735849056,0.05745283018867924,0.014851752021563342,0.06233153638814016,0.046590296495956876,0.05634770889487871,0.08869272237196765,0.10884097035040431,0.045121293800539086,3.574297354758664,-0.8659701170090487,1.7504220225473752,-0.2505651176780095,30.76272,-3.0488267
Breckland,E07000143,130491,127116,119033,593,204,7286,1562,379,313,388,482,1040,295,81,101,202,361,596,211,225,160,177,9,168,61301,6381,6642,6679,6259,9208,6477,4630,6597,8428,55097,48663,19565,5623,1543,61301.0,2556,75,8195,163,561,5199,10341,3094,3110,963,1601,781,2585,2705,4152,5070,7022,3128,2011,0.9741361473205049,0.007969898307162946,0.004567364799104919,0.011970174188258194,0.0013564153849690782,0.42222835291322774,0.3729222705014139,0.14993371190350294,0.043091094404978124,0.011824570276877333,0.9364124107114762,0.0046650303659649455,0.0016048333805343152,0.057317725542024606,0.09711538461538462,0.19423076923076923,0.28365384615384615,0.07788461538461539,0.3471153846153846,0.3540268456375839,0.3775167785234899,0.2684563758389262,0.24839948783610755,0.2003841229193342,0.24263764404609475,0.3085787451984635,0.05084745762711865,0.9491525423728814,0.1040929185494527,0.10835059786952904,0.10895417693022952,0.10210273894389978,0.15020962137648652,0.10565896151775664,0.07552894732549224,0.10761651522813657,0.13748552225901697,0.04169589403109248,0.0012234710689874554,0.13368460547136263,0.002659010456599403,0.009151563596026166,0.0848110145022104,0.16869219099199034,0.05047225983262916,0.05073326699401315,0.015709368525798927,0.026117029085985545,0.012740412065056035,0.04216896951110096,0.04412652322148089,0.06773135837914553,0.08270664426355198,0.11454951795239882,0.05102690005057014,4.1221897433366985,1.7345424354538201,0.5925880584368768,-1.0830141176955468,34.240093,5.0831957
Brent,E09000005,311215,112880,55887,12320,320,44353,15775,4291,2820,3642,5022,105986,58017,14381,1749,3250,28589,58632,24391,23723,10518,17942,11430,6512,147461,14130,26814,18590,16144,15599,12019,14074,10162,19929,149695,108169,36731,12339,4281,147461.0,66,111,6724,285,452,13062,25104,8346,11648,9262,6426,2664,12321,9785,5241,11987,15118,8859,2011,0.362707453046929,0.3405555644811465,0.18839708882926595,0.05068843082756294,0.05765146281509567,0.48100187972944747,0.3475700078723712,0.11802451681313561,0.039647831884709925,0.013755763700335781,0.4951009922041106,0.10914245216158752,0.002834868887313962,0.39292168674698796,0.016502179533145887,0.03066442737720076,0.5474024871209405,0.13568773234200743,0.2697431736267054,0.4160015008868877,0.40460840496657113,0.17939009414654114,0.2308716323296355,0.17876386687797147,0.27201267828843106,0.318351822503962,0.637052725448668,0.3629472745513321,0.0958219461416917,0.18183790968459457,0.12606723133574302,0.10947979465757048,0.10578390218430636,0.08150629658011271,0.09544218471324621,0.06891313635469717,0.13514759834803777,0.0004475759692393243,0.0007527414028115909,0.045598497229776006,0.001932714412624355,0.003065217243881433,0.0885793531849099,0.17024162320884845,0.05659801574653637,0.07899037711666135,0.06280982768325184,0.043577623914119665,0.01806579366747818,0.08355429571208658,0.06635652816676951,0.03554160083004998,0.08128929004957243,0.1025220227721228,0.06007690168926021,0.07945850575781745,-8.902618228848702,-8.01618026454332,-0.320932322986439,11.46358,-7.2865844
Brentwood,E07000068,73601,68868,65688,921,121,2138,1196,343,138,444,271,2350,939,113,172,377,749,896,542,230,124,291,105,186,36251,5097,7448,5946,5188,3630,2896,1955,1585,2506,37548,24537,8565,2306,645,36251.0,174,12,2033,117,192,3330,4370,1465,1393,1655,4786,555,3124,1617,1802,3947,4004,1675,2011,0.9356938085080366,0.031928914009320526,0.012173747639298379,0.01624977921495632,0.0039537506283882015,0.5101561120093477,0.3333786225730629,0.11637070148503417,0.03133109604489069,0.008763467887664569,0.9538247081373061,0.013373410001742464,0.0017569843759075332,0.03104489748504385,0.07319148936170213,0.16042553191489362,0.3995744680851064,0.04808510638297872,0.31872340425531914,0.6049107142857143,0.25669642857142855,0.13839285714285715,0.3712374581939799,0.11538461538461539,0.28678929765886285,0.2265886287625418,0.36082474226804123,0.6391752577319587,0.1406030178477835,0.20545640120272543,0.16402306143278805,0.14311329342638823,0.10013516868500179,0.07988745138065156,0.053929546771123556,0.04372293178119224,0.06912912747234559,0.00479986758985959,0.0003310253510247993,0.05608121155278475,0.003227497172491793,0.005296405616396789,0.09185953490938181,0.12054839866486441,0.04041267827094425,0.03842652616479545,0.04565391299550357,0.13202394416705746,0.015309922484896968,0.08617693305012275,0.04460566605059171,0.04970897354555737,0.10887975504124024,0.11045212545860804,0.04620562191387824,2.1587805149913812,-4.148723711802896,3.122421125749305,0.024995953243009177,20.20455,-1.6288323
Bridgend,W06000013,139178,136090,133656,474,63,1897,998,338,120,264,276,1549,337,122,114,356,620,315,152,121,42,226,75,151,61259,5586,9175,6953,6524,7724,6520,5893,5464,7420,64134,41659,21002,9459,2924,61259.0,250,158,8176,386,698,5138,9833,2359,3382,1317,1924,629,2155,2463,5463,5466,8900,2562,2011,0.9778125853223929,0.01112963255686962,0.002263288738162641,0.007170673525988303,0.0016238198565865294,0.46080558708991365,0.29932173188291256,0.15090028596473581,0.06796332753739816,0.021009067525039875,0.9821147769858182,0.003482989198324638,0.0004629289440811228,0.013939304871776031,0.07359586830213041,0.22982569399612654,0.21755971594577148,0.07876049063912201,0.4002582311168496,0.48253968253968255,0.38412698412698415,0.13333333333333333,0.26452905811623245,0.12024048096192384,0.33867735470941884,0.27655310621242485,0.33185840707964603,0.668141592920354,0.09118660115248371,0.14977391077229468,0.1135016895476583,0.10649863693498099,0.12608759529212035,0.10643334040712385,0.09619810966551853,0.08919505705284121,0.12112505917497837,0.0040810329910706995,0.002579212850356682,0.13346610293997616,0.006301114938213161,0.011394244111069395,0.08387339003248502,0.16051518960479277,0.038508627303743125,0.055208214303204425,0.021498881796960446,0.03140762989928011,0.010267879005533881,0.035178504383029434,0.04020633702802853,0.08917873292087693,0.08922770531676978,0.1452847744821169,0.04182242609249253,4.975856478235322,1.305820767388595,-0.7423138154439538,1.5080748701134759,43.304497,-8.770474
Brighton and Hove,E06000043,273369,243512,220018,3772,198,19524,10408,2182,2019,3351,2856,11278,2996,649,1367,2999,3267,4188,2893,879,416,3983,2184,1799,139823,16294,31769,23382,13470,12068,12925,12910,5046,11959,134673,91970,32298,11151,3277,139823.0,151,64,5237,1152,651,8594,19167,5860,9143,8583,9367,2490,10788,7018,6213,17332,18779,9234,2011,0.8907813248759003,0.041255592258083396,0.015319952152584967,0.0380730807077613,0.014570050005669992,0.49264181381210015,0.33643170952083085,0.11814799776126773,0.04079101873292144,0.01198746017287988,0.9035201550642268,0.015489996386215054,0.00081310161306219,0.08017674693649594,0.12120943429686115,0.2659159425430041,0.2656499379322575,0.05754566412484483,0.28967902110303245,0.6907831900668577,0.20988538681948424,0.09933142311365807,0.32196387394312065,0.19398539584934665,0.20964642582628748,0.2744043043812452,0.5483304042179262,0.45166959578207383,0.11653304535019274,0.22720868526637247,0.16722570678643714,0.09633608204658747,0.08630911938665313,0.09243829698976563,0.0923310185019632,0.03608848329673945,0.08552956237528876,0.0010799367772111885,0.00045772154795706,0.0374544960414238,0.00823898786322708,0.00465588637062572,0.06146342161160896,0.13708045171395264,0.04191012923481831,0.06538981426517812,0.06138475072055384,0.06699183968302783,0.017808228975204364,0.07715468842751193,0.05019202849316636,0.044434749647768966,0.12395671670612131,0.13430551482946296,0.06604063709117956,2.1938209448914385,-4.179965044597036,0.46044138548374697,3.530542696804401,20.669062,-5.7769284
"Bristol, City of",E06000023,428234,359592,333432,3851,359,21950,15438,7389,1533,3402,3114,23655,6547,6863,2104,3886,4255,25734,12085,6727,6922,3815,1272,2543,209995,18103,47493,28688,23299,20104,17934,18315,12107,23952,209024,143283,52446,18056,5425,209995.0,208,142,13609,808,1409,13864,30464,9077,12308,11087,12658,2691,17623,10993,11427,22801,29324,9502,2011,0.8397091309891321,0.055238491105330266,0.06009331346880444,0.03605038366874186,0.008908680767991332,0.4881069695540289,0.3345904342018616,0.12247042504798779,0.042163863682005635,0.012668307514116114,0.9272508843355803,0.010709359496318049,0.0009983536897372578,0.06104140247836437,0.08894525470302261,0.16427816529274994,0.2767702388501374,0.2901289367998309,0.17987740435425914,0.46961218621279244,0.2614051449444315,0.2689826688427761,0.22036533229692964,0.09930042751651769,0.4786241741158181,0.20171006607073455,0.3334207077326343,0.6665792922673657,0.08620681444796305,0.22616252767923045,0.13661277649467846,0.11095026072049334,0.09573561275268459,0.08540203338174718,0.08721636229434034,0.05765375366080145,0.11405985856806114,0.000990499773804138,0.0006762065763470559,0.06480630491202172,0.003847710659777614,0.006709683563894378,0.06602061953856045,0.14507012071715994,0.043224838686635396,0.05861091930760256,0.05279649515464654,0.060277625657753756,0.012814590823591038,0.08392104573918427,0.05234886544917736,0.05441558132336484,0.10857877568513535,0.13964142003381033,0.045248696397533275,2.8125365332278465,-2.6761887753985403,-1.3072480729263256,-1.4094516628495652,23.062967,-17.62603
Broadland,E07000144,124646,121795,119582,406,44,1763,1064,267,165,389,243,1265,405,45,96,286,433,331,228,63,40,191,80,111,61541,6900,8808,7477,7745,8752,6200,5690,4074,5895,55219,46106,17475,4499,1347,61541.0,881,175,5416,290,408,5945,10830,2435,2977,1571,3943,876,3210,2512,3571,5459,8202,2840,2011,0.9771272242992154,0.010148741235178024,0.0026555204338687163,0.00853617444603116,0.0015323395857067214,0.4430065946761228,0.3698955441811209,0.14019703801164898,0.036094218827720105,0.010806604303387193,0.9818301243893427,0.003333470175294552,0.00036126277761812885,0.01447514265774457,0.07588932806324111,0.22608695652173913,0.3201581027667984,0.03557312252964427,0.3422924901185771,0.6888217522658611,0.1903323262839879,0.12084592145015106,0.3656015037593985,0.1550751879699248,0.25093984962406013,0.22838345864661655,0.418848167539267,0.581151832460733,0.11212037503452983,0.1431240961310346,0.12149623828017095,0.12585105864383095,0.14221413366698624,0.10074584423392535,0.09245868607919923,0.06619976925951805,0.09578979867080482,0.01431565947904649,0.002843632700151119,0.08800636973724833,0.004712305617393282,0.006629726523780894,0.0966022651565623,0.17598024081506639,0.039567117856388424,0.04837425456199932,0.025527696982499473,0.0640711070668335,0.014234412830470743,0.05216034838562909,0.040818316244454915,0.05802635641279797,0.08870509091499976,0.13327700232365414,0.04614809639102387,4.3982858496946715,0.12453261350773868,1.6571332961531773,1.5994341702639918,33.480785,-3.7281065
Bromley,E09000006,309392,260870,239478,4463,580,16349,10897,3897,1335,3016,2649,16067,6215,1014,1265,2768,4805,18686,9819,6609,2258,2872,870,2002,151368,19784,32394,24488,23079,13956,11546,10194,6297,9630,154998,105574,36098,9904,2818,151368.0,160,170,5147,490,536,12577,18913,6075,5444,8729,15449,3058,15179,7586,10344,15743,16888,8880,2011,0.8431698298598541,0.051930883797900396,0.06039587319646274,0.03522069090344935,0.00928272224233335,0.5009761079795211,0.34123054248332213,0.11667399286342245,0.03201117029528883,0.009108186378445467,0.9179974700042166,0.017108138153103077,0.0022233296277839537,0.06267106221489631,0.07873280637331176,0.17227858343187902,0.38681770087757517,0.06311072384390365,0.2990601854733304,0.5254736166113668,0.3536872524884941,0.12083913090013915,0.2767734238781316,0.12251078278425255,0.3576213636780765,0.2430944296595393,0.30292479108635095,0.697075208913649,0.13070133713862903,0.21400824480735692,0.16177791871465566,0.1524694783573807,0.09219914380846678,0.07627768088367422,0.06734580624702712,0.041600602505153,0.06361978753765657,0.0010570265842185932,0.0011230907457322552,0.034003223931081863,0.003237143914169441,0.003541039057132287,0.08308889593573278,0.12494714867078907,0.040133978119549704,0.03596532952803763,0.05766740658527562,0.10206252312245653,0.02020242059087786,0.10027879076158766,0.050116272924264044,0.06833676866973204,0.10400480947095819,0.1115691559642725,0.05866497542413192,2.048214814259026,-5.06735575077369,1.4851016660389107,-0.9304989461063443,18.437344,-3.2933273
Bromsgrove,E07000234,93637,89696,87640,904,75,1077,1396,631,82,446,237,1925,1078,221,39,309,278,444,110,267,67,176,53,123,46251,6502,9737,6057,5542,5209,4127,2853,2420,3804,45932,31306,11885,3484,1030,46251.0,307,15,4981,299,341,3801,6708,1370,2075,1733,1810,776,3383,2084,2479,5415,6507,2167,2011,0.9579119365208197,0.020558112711855356,0.004741715347565599,0.014908636543246794,0.0018795988765124897,0.49053258861347543,0.3343336501596591,0.12692632185994854,0.03720751412369042,0.010999925243226502,0.9770781305743846,0.010078487334998215,0.0008361576881912237,0.012007224402425971,0.02025974025974026,0.1605194805194805,0.56,0.1148051948051948,0.1444155844155844,0.24774774774774774,0.6013513513513513,0.15090090090090091,0.3194842406876791,0.05873925501432665,0.4520057306590258,0.16977077363896848,0.30113636363636365,0.6988636363636364,0.1405807442001254,0.21052517783399277,0.13095933060906792,0.11982443622840587,0.11262459190071566,0.08923050312425677,0.06168515275345398,0.05232319301204298,0.08224687033793864,0.006637694320122808,0.00032431731205811765,0.10769496875743227,0.006464725087025145,0.007372813560787875,0.08218200687552701,0.1450347019523902,0.029620981167974746,0.04486389483470628,0.037469460119781195,0.0391342889883462,0.016778015610473287,0.07314436444617414,0.04505848522194115,0.053598841106138245,0.11707854965298048,0.14068884997081144,0.046853041015329396,3.5396904521332333,-2.1153934668076775,2.2688204075042036,-4.004230316647002,27.705109,-10.60966
Broxbourne,E07000095,93609,84530,75656,1308,147,7419,2141,787,246,500,608,2190,799,145,158,326,762,3957,2246,1307,404,791,135,656,46222,5069,5608,5598,6990,6320,4031,3897,3886,4823,44661,33072,11544,3357,975,46222.0,151,12,3054,199,389,5557,9007,3040,1972,1678,2566,870,2796,2540,2366,4028,3727,2270,2011,0.9030114625730432,0.02339518636028587,0.04227157645098228,0.022871732418891347,0.008450042196797316,0.47710156074736404,0.35329936224081016,0.12332147549915072,0.03586193635227382,0.010415665160401244,0.895019519697149,0.015473796285342482,0.0017390275641783982,0.08776765645333018,0.07214611872146119,0.14885844748858448,0.36484018264840185,0.06621004566210045,0.34794520547945207,0.5676017184735911,0.33030073287844325,0.10209754864796564,0.23353573096683794,0.11489957963568426,0.3675852405418029,0.28397944885567494,0.1706700379266751,0.8293299620733249,0.10966639262688763,0.12132750638224223,0.12111115918826533,0.151226688589849,0.13673142659339707,0.08720955389208603,0.08431050149279563,0.08407251957942105,0.10434425165505604,0.0032668426290511014,0.00025961663277227295,0.06607243304054346,0.004305309160140193,0.00841590584570118,0.12022413569296006,0.19486391761498853,0.06576954696897581,0.04266366665224352,0.03630305914932283,0.05551468997447103,0.01882220587598979,0.0604906754359396,0.054952187270131105,0.05118774609493315,0.08714464973389295,0.08063259919518843,0.04911081303275497,3.556509954785859,-1.7950241415768602,0.0003549206786180907,-1.3046702200922125,21.495544,-9.123179
Broxtowe,E07000172,109487,101538,98001,615,9,2913,1827,866,151,486,324,4503,1754,775,92,1135,747,933,448,405,80,686,436,250,53185,5334,10903,6540,6266,5961,4208,4523,3981,5469,49831,38276,15614,4521,1245,53185.0,99,54,6241,627,273,4108,9227,2349,2163,1863,1251,597,3041,2112,3390,6941,6622,2227,2011,0.9273977732516189,0.04112817046772676,0.008521559637217204,0.016686912601496066,0.0062655840419410525,0.45513165946642065,0.3495940157278946,0.14261053823741632,0.04129257354754446,0.011371213020723922,0.9651657507534125,0.006056845712935059,8.863676653075696e-05,0.02868876676712167,0.02043082389518099,0.2520541860981568,0.38951809904508106,0.17210748389962247,0.1658894070619587,0.48017148981779206,0.4340836012861736,0.0857449088960343,0.2660098522167488,0.08264915161466886,0.47400109469074986,0.17733990147783252,0.6355685131195336,0.36443148688046645,0.10029143555513773,0.205001410172041,0.12296700197424086,0.11781517345116105,0.11208047381780577,0.07912005264642287,0.08504277521857667,0.07485193193569616,0.10282974522891793,0.001861427094105481,0.0010153238695120804,0.1173451161041647,0.011789038262668045,0.0051330262291999626,0.07723982325843753,0.1734887656294068,0.0441665883237755,0.04066936166212278,0.035028673498166775,0.023521669643696532,0.011224969446272446,0.05717777568863401,0.03971044467425026,0.06373977625270283,0.13050672182006204,0.12450879007238883,0.041872708470433395,4.594003391259114,-1.0948351841711017,0.005556056283568917,-1.0949189298880186,27.861551,-8.700398
Buckinghamshire,E06000060,505283,436670,409793,5377,614,20886,12360,4573,1098,4125,2564,43269,11368,21236,1089,2554,7022,10490,4032,5175,1283,2494,853,1641,254976,38886,50993,38457,29002,26717,21173,17638,12607,19503,262901,170886,53987,13607,3902,254976.0,1833,364,20495,752,2046,18928,40830,11456,10860,17742,9906,4191,23558,12708,13769,25734,26393,13411,2011,0.8642087701347562,0.0856331996128902,0.020760643045580396,0.02446153937496413,0.004935847831809105,0.5203044630434825,0.3381985936593948,0.10684507493820294,0.02692946329086868,0.007722405068050974,0.9384500881672659,0.01231364646071404,0.0014060961366707124,0.04783016923534935,0.025168134230049228,0.05902609258360489,0.2627285123298435,0.49079017310314543,0.1622870877533569,0.3843660629170639,0.49332697807435655,0.1223069590085796,0.3337378640776699,0.08883495145631068,0.3699838187702265,0.2074433656957929,0.34202085004009625,0.6579791499599038,0.15250847138554216,0.19999137173694778,0.15082596009036145,0.11374403865461848,0.10478241089357429,0.08303918800200803,0.06917513805220883,0.04944386922690763,0.07648955195783133,0.0071889118975903615,0.0014275853413654618,0.08038011420682731,0.00294929718875502,0.008024284638554216,0.07423443775100401,0.16013271837349397,0.044929718875502005,0.04259224397590362,0.06958301957831325,0.038850715361445784,0.016436841114457833,0.0923930095381526,0.04983998493975904,0.0540011608935743,0.10092714608433735,0.103511703062249,0.05259710717871486,2.3746908242130695,-4.115027748160673,1.5177324299161057,-2.6304504978974705,20.84388,-4.007603
Burnley,E07000117,87059,76054,74464,527,10,1053,976,228,90,476,182,9578,321,5924,2425,222,686,211,76,120,15,240,55,185,38133,3300,4856,3835,3978,5181,4633,3306,4187,4857,37372,29286,13682,5213,1506,38133.0,92,15,6821,112,268,2826,6386,1445,1842,767,1035,456,1310,1759,2043,3252,6000,1704,2011,0.873591472449718,0.11001734455943671,0.0024236437358572923,0.011210788086240367,0.002756751168747631,0.4292721028268186,0.33639256136642964,0.1571577895450212,0.05987893267783917,0.017298613583891384,0.9790938017724249,0.006929287085491887,0.00013148552344386882,0.013845425618639388,0.25318438087283357,0.023178116517018166,0.03351430361244519,0.6185007308415118,0.07162246815619128,0.36018957345971564,0.5687203791469194,0.07109004739336493,0.48770491803278687,0.09221311475409837,0.2336065573770492,0.1864754098360656,0.22916666666666666,0.7708333333333334,0.08653921800015735,0.12734377048750425,0.10056906091836468,0.10431909369837149,0.13586657226024704,0.12149581727112999,0.08669656203288491,0.10979991083838145,0.12736999449295885,0.0024126085018225684,0.000393360081818897,0.17887394120577976,0.002937088610914431,0.00702803346183096,0.0741090394146802,0.16746649883303175,0.03789368788188708,0.048304618047360554,0.020113812183672933,0.027141845645503895,0.01195814648729447,0.034353447145517,0.04612802559462932,0.053575643143733774,0.08528046573833688,0.1573440327275588,0.044685705294626704,4.640715503335939,2.0201937974949864,-2.0716023832125328,-0.9778321978833119,28.474836,-21.776714
Bury,E08000002,185060,165032,157897,2357,72,4706,3365,1307,444,1005,609,13407,1387,9002,311,1100,1607,1893,1116,593,184,1363,465,898,88036,9415,15320,11204,10825,8896,8552,8537,6723,8564,87128,61634,25430,8539,2329,88036.0,121,49,8021,393,658,6262,15322,4358,4035,3159,3836,1370,5436,4124,5288,9487,12325,3792,2011,0.891775640332865,0.072446774019237,0.010229114881660003,0.018183291905328,0.007365178860909975,0.4708094671998271,0.3330487409488814,0.1374148924673079,0.046141791851291476,0.0125851075326921,0.956765960540986,0.014282078627175336,0.0004362790246740026,0.02851568180716467,0.023196837472961886,0.08204669202655329,0.10345341985529947,0.6714402923845753,0.11986275826061013,0.589540412044374,0.3132593766508188,0.09720021130480719,0.2986627043090639,0.13194650817236256,0.3884101040118871,0.18098068350668647,0.34115920763022745,0.6588407923697726,0.10694488618292516,0.17401971920577947,0.1272661184061066,0.12296106138397928,0.10104957063019673,0.0971420782407197,0.0969716933981553,0.07636648643736653,0.09727838611477123,0.0013744377300195375,0.0005565904857103912,0.09111045481393976,0.004464082875187424,0.007474215093825253,0.07112999227588714,0.17404243718478804,0.049502476259711936,0.04583352264982507,0.03588304784406379,0.043573083738470623,0.015561815620882366,0.06174746694534054,0.046844472715707214,0.060066336498705075,0.10776273342723432,0.13999954564041983,0.0430732882002817,3.719904592033239,-0.9631136031376744,-1.4667721401810452,-0.45892625127853026,25.199356,-18.06895
Caerphilly,W06000018,178806,175845,173899,402,31,1513,1174,454,147,296,277,1346,327,123,32,495,369,242,121,112,9,199,67,132,77488,6258,9830,8366,9934,9890,7909,7123,8357,9821,79382,54272,28488,12844,3820,77488.0,199,140,12546,659,1028,6636,11699,3024,3399,1476,2716,837,2928,3474,7086,7073,9629,2939,2011,0.9834401530149995,0.007527711598044808,0.0013534221446707606,0.006565775197700301,0.0011129380445846337,0.4439560193729517,0.30352449022963435,0.15932351263380423,0.07183204143037705,0.021363936333232667,0.9889334356962097,0.0022861042395291306,0.00017629162046120162,0.008604168443799937,0.0237741456166419,0.36775631500742945,0.24294205052005943,0.0913818722139673,0.27414561664190196,0.5,0.4628099173553719,0.0371900826446281,0.252129471890971,0.1252129471890971,0.38671209540034074,0.23594548551959113,0.33668341708542715,0.6633165829145728,0.08076089200908527,0.12685835226099526,0.1079651042742102,0.12820049556060292,0.1276326657030766,0.10206741689035721,0.09192391079909147,0.107848957257898,0.12674220524468305,0.002568139582903159,0.001806731364856494,0.16190894073921122,0.00850454263886021,0.013266570307660541,0.08563906669419781,0.15097821598182945,0.03902539748090027,0.043864856493908734,0.019048110675201322,0.03505058847821598,0.010801672517034896,0.0377864959735701,0.044832748296510426,0.09144641750980798,0.09127864959735701,0.12426440223002272,0.03792845343795168,6.01248461179599,1.9838555375783353,-1.132382125532781,1.0241319801410738,43.43708,-9.306821
Calderdale,E08000033,203826,182787,176732,1795,80,4180,2797,1097,247,907,546,16875,1130,13904,574,459,808,899,479,320,100,468,111,357,96645,10327,16340,12120,11282,11737,9455,7151,8552,9681,94449,70007,28091,8929,2350,96645.0,335,102,12897,268,849,7597,14100,3784,4263,2588,7678,1266,4766,3889,5137,10492,12615,4019,2011,0.8967796061346442,0.08279120426245916,0.0044106247485600466,0.013722488789457674,0.0022960760648788672,0.4633805304524447,0.3434645236623394,0.13781853149254755,0.04380697261389617,0.01152944177877209,0.9668740118279746,0.009820173207066149,0.00043766788666590073,0.022868147078293315,0.03401481481481482,0.0272,0.06696296296296296,0.8239407407407408,0.04788148148148148,0.5328142380422692,0.3559510567296997,0.11123470522803114,0.32427601001072576,0.08830890239542367,0.39220593493028244,0.19520915266356811,0.23717948717948717,0.7628205128205128,0.10685498473795851,0.16907237829168606,0.12540741890423715,0.11673650990739304,0.12144446168968907,0.09783227275078897,0.07399244658285478,0.08848879921361684,0.10017072792177557,0.0034662941693827925,0.0010554089709762533,0.13344715194785037,0.002773035335506234,0.008784727611361167,0.07860727404418232,0.1458947695173056,0.039153603393864145,0.04410988669874282,0.026778415851828857,0.07944539293289875,0.013099487816234674,0.049314501526204146,0.040240053805163226,0.05315329297946091,0.10856226395571421,0.13052925655750428,0.041585182885819236,3.655506072966996,-0.4365954311385092,-0.901285070393386,-1.9765969496087474,26.05979,-18.377512
Cambridge,E07000008,123867,102205,81742,1767,109,18587,3944,728,470,1501,1245,13618,3413,742,1849,4454,3160,2097,1300,598,199,2003,908,1095,59437,5105,22615,6696,4608,3929,4322,3867,2049,6246,67743,39600,12021,3533,970,59437.0,115,34,2848,89,206,2127,6280,1431,3748,4661,961,551,8581,2303,1627,13596,7306,2973,2011,0.8251188775057118,0.10994050069832965,0.016929448521397952,0.031840603227655466,0.01617057004690515,0.5469011116762333,0.31969774031824455,0.09704763980721258,0.028522528195564598,0.00783098000274488,0.7997847463431339,0.017288782349200137,0.0010664840272002348,0.18185998728046573,0.13577617858716404,0.327067117050962,0.25062417388750186,0.05448670876780731,0.23204582170656485,0.619933237958989,0.28516928946113496,0.09489747257987602,0.38057809330628806,0.1191683569979716,0.1845841784989858,0.3156693711967546,0.45332001997004495,0.5466799800299551,0.08588926089809377,0.3804869020980198,0.11265709911334691,0.0775274660564968,0.06610360549825867,0.07271564850177499,0.06506048421017212,0.034473476117569866,0.10508605750626714,0.0019348217440314955,0.0005720342547571378,0.0479162811043626,0.0014973837845113312,0.00346585460235207,0.03578578999613036,0.10565809176102428,0.024075912310513654,0.06305836431852213,0.07841916651244174,0.016168379965341453,0.009270319834446556,0.14437135117855882,0.038746908491343775,0.027373521543819505,0.22874640375523664,0.12292006662516614,0.050019348217440314,-0.0890104147920049,-6.180281414531131,1.0471332055865723,2.4584460504656014,17.591257,5.464102
Camden,E09000007,220338,146055,96937,7053,167,41898,12322,2494,1800,3880,4148,35446,6083,1489,12503,6493,8878,18060,10802,3496,3762,8455,3432,5023,108966,15366,34721,23711,9192,4665,6117,5923,2390,6881,117692,67334,22963,9174,3175,108966.0,62,190,1959,228,162,3143,10524,2843,6644,10690,10862,2232,19806,4426,3739,10941,11069,9446,2011,0.6628679574108869,0.16087102542457496,0.08196498107453094,0.05592317258030843,0.038372863509698735,0.534142998484147,0.3055941326507457,0.10421715727654784,0.041636031914603924,0.014409679673955468,0.6637020300571702,0.048290027729280066,0.0011434048817226387,0.28686453733182704,0.3527337358235062,0.18318004852451616,0.17161315804322066,0.04200756079670485,0.25046549681205216,0.5981173864894795,0.19357696566998892,0.20830564784053157,0.31488394741113457,0.14608018178867066,0.20240220743385814,0.33663366336633666,0.40591366055588407,0.5940863394441159,0.14101646385110952,0.3186406769083934,0.21759998531652075,0.08435658829359617,0.042811519189471944,0.05613677660921755,0.05435640475010554,0.021933447130297525,0.06314813795128756,0.0005689848209533249,0.0017436631609859957,0.017978084907218767,0.002092395793183195,0.001486702274103849,0.02884385955252097,0.09658058476956115,0.0260907071930694,0.060973147587320815,0.09810399574179102,0.09968246976120992,0.020483453554319696,0.1817631187709928,0.04061817447644219,0.034313455573298096,0.10040746654919883,0.10158214488923151,0.08668759062459849,-1.8028191390137283,-10.47524629989665,-1.0033846460825397,3.0099529276766375,10.483289,-0.6033628
Cannock Chase,E07000192,97462,95256,94042,350,8,856,867,458,51,214,144,982,406,110,48,227,191,280,98,147,35,77,10,67,47476,4464,5264,5092,5455,7216,4674,4244,5275,5792,42634,34133,14091,5121,1483,47476.0,131,68,6812,356,673,5519,8955,2731,2265,829,971,464,1681,2057,2770,3647,5621,1926,2011,0.977365537337629,0.010075721819786172,0.0028729145718331245,0.008895774763497568,0.0007900515072541093,0.4374422851983337,0.350218546715643,0.144579425827502,0.052543555436990824,0.015216186821530442,0.9872553959855547,0.0036743092298647854,8.398421096833795e-05,0.00898631057361216,0.048879837067209775,0.23116089613034624,0.4134419551934827,0.1120162932790224,0.1945010183299389,0.35,0.525,0.125,0.24682814302191464,0.058823529411764705,0.5282583621683967,0.16608996539792387,0.12987012987012986,0.8701298701298701,0.0940264554722386,0.11087707473249642,0.107254191591541,0.11490016008088297,0.1519925857275255,0.09844974302805629,0.08939253517566771,0.11110877074732496,0.12199848344426657,0.002759288903867217,0.0014323026371219141,0.14348302300109528,0.007498525570814728,0.014175583452691886,0.1162482096217036,0.1886216193445109,0.05752380149970512,0.047708315780604936,0.01746145420844216,0.02045243912713792,0.009773359170949533,0.03540736372061673,0.04332715477293791,0.05834526918864268,0.07681776055270031,0.11839666357738647,0.040567865869070685,5.771470564243194,2.095467818040213,-0.38255095698247804,-3.713462968046321,31.434492,-13.874999
Canterbury,E07000106,151145,140620,132269,1260,374,6717,2551,680,305,897,669,5135,1448,306,251,1436,1694,1937,1338,437,162,902,405,497,65620,6964,13470,7768,6449,7446,6692,6144,3317,7370,70764,52338,20211,6133,1699,65620.0,545,28,3341,209,350,5415,11063,2546,4282,1734,1725,778,3810,2569,3725,10669,9546,3285,2011,0.9303648814052731,0.03397399847828245,0.012815508286744517,0.01687783254490721,0.005967779284792749,0.46818617883489366,0.34627675411029146,0.1337192761917364,0.04057692943861854,0.011240861424459956,0.9406129995733181,0.00896031858910539,0.0026596501208931873,0.04776703171668326,0.04888023369036027,0.27964946445959105,0.2819863680623174,0.05959104186952288,0.32989289191820836,0.6907589055240062,0.22560660815694372,0.08363448631905007,0.3516268130145041,0.1195609564876519,0.26656213249705996,0.262250098000784,0.4490022172949002,0.5509977827050998,0.10612618104236514,0.2052727826882048,0.11837854312709539,0.09827796403535508,0.11347150259067358,0.10198110332215787,0.0936299908564462,0.05054861322767449,0.11231331911002743,0.0083053946967388,0.0004266991770801585,0.05091435537945748,0.0031850045717768975,0.005333739713501981,0.0825205729960378,0.1685918927156355,0.03879914660164584,0.06525449558061566,0.026424870466321245,0.02628771715940262,0.011856141420298689,0.05806156659555014,0.03914964949710454,0.05676622980798537,0.16258762572386468,0.14547394087168547,0.05006095702529716,3.0659550182518758,-1.1155281942087023,0.8042968759839045,2.1031527120299933,32.512897,-5.8230433
Cardiff,W06000015,346090,293114,277798,2547,521,12248,10031,3641,1742,2459,2189,27885,7886,6354,4838,4168,4639,8201,5213,1322,1666,6859,4707,2152,159614,14400,35984,21457,19005,12946,13495,17334,7767,17226,174329,107477,42014,16745,5525,159614.0,132,75,8651,1997,1122,9274,23982,5419,11512,6470,8471,2301,10270,6766,12508,18969,22816,8879,2011,0.8469299893091392,0.08057152763731977,0.023696148400705018,0.028983790343552255,0.019818544309283714,0.5037100176254732,0.31054638966742754,0.12139616862665781,0.04838336848796556,0.015964055592475945,0.9477472928621629,0.008689451885614471,0.0017774654230094775,0.04178578982921321,0.17349829657521965,0.14947104177873408,0.2828043751120674,0.22786444324905863,0.1663618432849202,0.6356541885135959,0.16119985367638093,0.20314595781002318,0.2451400657960323,0.17366164888844582,0.36297477818761836,0.2182235071279035,0.6862516401807843,0.3137483598192156,0.09021765008081997,0.2254438833686268,0.13443056373501072,0.11906850276291553,0.08110817346849274,0.084547721377824,0.10859949628478704,0.048661145012342276,0.1079228639091809,0.0008269951257408498,0.0004698835941709374,0.05419950630897039,0.012511433834124825,0.0070294585687972234,0.05810267269788365,0.15024997807209894,0.03395065595749746,0.07212399914794441,0.04053529139047953,0.05307178568296014,0.014416028669164358,0.0643427268284737,0.042389765308807496,0.07836405327853446,0.11884295863771348,0.1429448544613881,0.05562795243525004,3.5064353981142484,-3.052272162171423,-2.075957277841412,2.523422349154425,22.780687,-19.49477
Carmarthenshire,W06000010,183777,180323,175591,754,335,3643,1033,326,118,364,225,1837,563,159,117,298,700,279,115,115,49,305,132,173,80680,7355,12203,7841,8446,13189,8965,7026,6552,9103,82638,55618,30011,11475,4035,80680.0,3338,218,7021,373,691,7223,13411,3096,4304,1357,1567,888,2915,2646,7311,8447,12524,3350,2011,0.9812054827317891,0.009995810139462501,0.0015181442726783004,0.00562094277303471,0.0016596200830354178,0.449664539088134,0.30263852386316026,0.1633011747933637,0.06243980476338171,0.021955957491960366,0.9737582005623243,0.004181385624684594,0.0018577774327179562,0.020202636380273177,0.06369080021774633,0.1622210125204137,0.30647795318454,0.08655416439847577,0.38105606967882416,0.4121863799283154,0.4121863799283154,0.17562724014336917,0.35237173281703776,0.11423039690222653,0.3155856727976767,0.21781219748305905,0.43278688524590164,0.5672131147540984,0.09116261774913237,0.15125185919682696,0.0971864154685176,0.10468517600396629,0.16347297967278135,0.11111799702528508,0.08708477937530987,0.0812097174020823,0.11282845810609816,0.04137332672285573,0.002702032721864155,0.08702280614774417,0.004623202776400595,0.008564700049578582,0.08952652454139812,0.16622459097669806,0.03837382250867625,0.05334655428854735,0.016819533961328705,0.019422409519087754,0.011006445215666832,0.03613039167079821,0.03279623202776401,0.0906172533465543,0.10469757064947942,0.15523054040654438,0.04152206246901339,5.422904595456859,1.818202587704072,0.030018628198654508,0.9723621770780763,41.249935,-0.45284668
Castle Point,E07000069,88011,85273,83943,527,17,786,911,346,104,264,197,1012,378,67,87,220,260,661,327,203,131,154,31,123,41443,4340,4576,4894,6520,6165,3840,3580,3684,3844,38280,31786,12963,3873,1109,41443.0,59,22,3562,213,442,5173,6770,2505,1451,1093,3929,561,2248,1810,1998,3551,4167,1889,2011,0.9688902523548193,0.011498562679665042,0.007510424833259479,0.010350978854915862,0.0017497812773403325,0.4349456317960255,0.36115940052947926,0.1472884071309268,0.0440058629035007,0.012600697640067719,0.9844030349583104,0.006180150809752208,0.0001993597035403938,0.009217454528397031,0.08596837944664032,0.21739130434782608,0.37351778656126483,0.06620553359683795,0.25691699604743085,0.4947049924357035,0.3071104387291982,0.19818456883509833,0.2897914379802415,0.1141602634467618,0.37980241492864986,0.21624588364434688,0.2012987012987013,0.7987012987012987,0.10472214849311103,0.11041671693651521,0.11808990661872934,0.15732451801269212,0.14875853582028328,0.09265738484183095,0.08638370774316531,0.08889317858263157,0.09275390295104119,0.0014236421108510485,0.0005308496006563232,0.08594937625171922,0.0051395893154453105,0.010665251067731583,0.12482204473614363,0.16335689983833215,0.060444465892913156,0.03501194411601477,0.026373573341698237,0.0948049127717588,0.01353666481673624,0.0542431773761552,0.04367444441763386,0.04821079555051516,0.08568395145139107,0.10054774026976812,0.045580677074536106,5.001302200228887,0.48942769147799514,0.7952560513751155,-1.5162374517244812,26.164785,-4.391646
Central Bedfordshire,E06000056,254381,238722,228053,3149,478,7042,4789,1787,522,1474,1006,6402,2533,442,214,1404,1809,3614,2054,1230,330,854,357,497,132061,16698,22151,18600,16229,16582,11493,9392,9004,11912,125019,90360,29202,7672,2128,132061.0,883,101,13253,367,872,12766,22555,7075,5088,6015,4366,2032,8863,6161,8293,13821,12666,6884,2011,0.9384427296063779,0.02516697394852603,0.014207035902838656,0.01882609157130446,0.003357168970953019,0.4914635920135545,0.3552152086830384,0.11479630947279867,0.030159485181676306,0.008365404648932113,0.95530784762192,0.013191075812032407,0.0020023290689588726,0.029498747497088664,0.03342705404561075,0.21930646672914714,0.39565760699781316,0.06904092471102781,0.28256794751640113,0.5683453237410072,0.3403431101272828,0.09131156613171001,0.3077886823971602,0.10899979118813949,0.3731467947379411,0.21006473167675924,0.4180327868852459,0.5819672131147541,0.12644156866902417,0.16773309304033743,0.14084400390728527,0.12289017953824369,0.12556318670917227,0.08702796434980804,0.07111864971490447,0.06818061350436541,0.09020074056685926,0.0066863040564587575,0.0007647980857331081,0.10035513891307805,0.002779018786772779,0.00660300921543832,0.09666744913335504,0.17079228538326985,0.0535737272926905,0.03852765010108965,0.04554713352163015,0.03306047962683911,0.015386828813957186,0.06711292508764889,0.0466526832297196,0.06279673787113531,0.10465618161304245,0.09591022330589652,0.05212742596224472,3.258370549966342,-2.286315842953139,1.8464280129872537,-0.8763501145752353,23.893623,-2.596268
Ceredigion,W06000008,75922,73443,70717,478,74,2174,736,198,75,251,212,1099,367,81,91,322,238,266,164,86,16,378,197,181,32446,3119,5431,3021,3189,6287,3255,2407,1920,3817,35796,24369,10946,3660,1151,32446.0,2316,56,1695,135,229,2761,4795,996,2690,550,379,370,1440,968,1831,4998,4315,1922,2011,0.9673480677537473,0.014475382629540845,0.003503595795685045,0.009694159795579674,0.0049787940254471695,0.4714838913621875,0.3209741576881536,0.1441742841337162,0.04820737072258371,0.015160296093358974,0.9628827798428713,0.0065084487289462575,0.0010075841128494207,0.02960118731533298,0.08280254777070063,0.2929936305732484,0.33393994540491356,0.07370336669699727,0.21656050955414013,0.6165413533834586,0.3233082706766917,0.06015037593984962,0.34103260869565216,0.10190217391304347,0.26902173913043476,0.28804347826086957,0.5211640211640212,0.47883597883597884,0.09612895272144487,0.16738581026937063,0.09310854959008814,0.0982863835295568,0.19376810700856809,0.1003205325772052,0.07418479935893485,0.05917524502249892,0.11764161992233249,0.07138013930838932,0.0017259446464895519,0.05224064599642483,0.0041607594156444555,0.007057880786537632,0.08509523515995808,0.14778401035566788,0.030697158355421316,0.08290698391173026,0.01695124206373667,0.01168094680392036,0.011403562842877397,0.044381433766874194,0.029834186032176538,0.05643222585218517,0.1540405596991925,0.13299019910004314,0.05923688590273069,4.794874459761015,0.37669014888395935,1.3607891902380838,2.0837659949587675,38.005627,1.587901
Charnwood,E07000130,166100,145114,139978,989,74,4073,2577,815,244,1045,473,16138,10225,428,2022,1943,1520,1327,875,339,113,944,442,502,79572,8669,14282,9726,9110,9719,7289,6178,6169,8430,79906,58637,20620,5465,1472,79572.0,445,255,10657,672,567,6152,13694,3287,4041,2003,1935,862,4706,3129,3899,10943,8444,3881,2011,0.8736544250451536,0.09715833835039132,0.00798916315472607,0.01551475015051174,0.005683323299217339,0.48107164358819987,0.35302227573750755,0.12414208308248044,0.03290186634557495,0.008862131246237206,0.9646071364582328,0.006815331394627672,0.0005099439061703213,0.02806758824096917,0.12529433634898995,0.12039905812368323,0.6335977196678647,0.026521254182674432,0.0941876316767877,0.6593820648078372,0.2554634513941221,0.08515448379804069,0.4055102832751261,0.0946837407838572,0.3162592161428017,0.18354675979821497,0.4682203389830508,0.5317796610169492,0.10894535766349972,0.17948524606645555,0.12222892474739858,0.11448750816870255,0.12214095410445885,0.09160257376966773,0.07764037601166239,0.07752727089931132,0.10594178856884331,0.005592419444025536,0.0032046448499472176,0.13392902025838235,0.008445181722213844,0.007125622078117931,0.07731362790931483,0.17209571205951843,0.04130850047755492,0.050784195445634145,0.025172171115467754,0.024317599155481828,0.010832956316292164,0.059141406524908256,0.03932287739405821,0.04899964811742824,0.1375232493842055,0.10611772985472277,0.04877343789272608,3.687274512557365,-1.4315221736338366,0.7354196540888226,-0.6995589133267691,24.637083,-9.272762
Chelmsford,E07000070,168310,157983,151990,1450,212,4331,2646,854,342,844,606,4962,1911,673,466,826,1086,2051,1420,429,202,668,318,350,86451,10585,16438,12942,11866,8925,6922,6370,4723,7680,84476,58430,19261,4778,1365,86451.0,501,43,6041,243,580,7583,12840,3891,3539,3252,8172,1333,6433,3689,5761,8812,9632,4106,2011,0.9386429802150793,0.02948131424157804,0.012185847543223813,0.01572099102845939,0.0039688669716594375,0.5019071950567405,0.3471570316677559,0.11443764482205454,0.02838809339908502,0.008110035054363971,0.9620655386972016,0.009178202718013964,0.0013419165353234209,0.027414342049461016,0.09391374445787988,0.1664651350261991,0.3851269649334946,0.13563079403466344,0.218863361547763,0.6923451974646514,0.2091662603607996,0.098488542174549,0.31897203325774753,0.1292517006802721,0.32275132275132273,0.2290249433106576,0.47604790419161674,0.5239520958083832,0.12243930087564053,0.19014239280054598,0.14970330013533678,0.13725694323952298,0.10323767220737759,0.08006847809741935,0.07368335820291264,0.054632103735063796,0.08883645070618038,0.0057951903390359855,0.0004973915859851245,0.06987773420781715,0.0028108408231252388,0.006709002787706331,0.08771442782616742,0.14852344102439533,0.045008154908560916,0.04093648425119432,0.03761668459589825,0.09452753582954505,0.01541913916553886,0.07441209471261177,0.042671571179049406,0.06663890527582099,0.10193057338839343,0.11141571526066789,0.04749511283848654,2.8638531744732556,-3.1713680749235476,1.7499202258173878,0.521669589121693,22.104296,-3.3483288
Cheltenham,E07000078,115732,109084,102140,1058,68,5818,1878,493,256,661,468,3675,1584,179,315,760,837,721,527,124,70,374,172,202,59183,6495,12307,7941,8448,5350,4780,5042,3025,5795,57758,39722,13631,3637,984,59183.0,132,102,5674,482,222,3510,8908,1434,3643,2908,3255,716,4136,2828,4958,6562,7082,2631,2011,0.9425569419002523,0.03175439809214392,0.006229910482839664,0.0162271454740262,0.0032316040507379116,0.49906680952545535,0.3432240002765009,0.11778073480109218,0.03142605329554488,0.008502402101406698,0.9363426350335521,0.009698947600014668,0.0006233728136115287,0.053335044552821675,0.08571428571428572,0.20680272108843537,0.4310204081632653,0.04870748299319728,0.22775510204081634,0.7309292649098474,0.17198335644937587,0.0970873786407767,0.35197018104366345,0.13631522896698617,0.2625133120340788,0.24920127795527156,0.45989304812834225,0.5401069518716578,0.10974435226331886,0.20794822837639187,0.1341770440836051,0.14274369329030295,0.09039758038625957,0.0807664363077235,0.0851933832350506,0.05111265059223088,0.09791663146511667,0.0022303702076609836,0.0017234678877380328,0.09587212544142744,0.008144230606762077,0.0037510771674298363,0.05930757143098525,0.15051619552912154,0.02422993089231705,0.06155483838264367,0.049135731544531366,0.054998901711640166,0.012098068702161093,0.06988493317337749,0.047783992024736835,0.08377405673926634,0.11087643411114678,0.11966274098981126,0.04445533345724279,2.9377752760595395,-2.8993817675096887,1.4810256137343818,1.410889486227218,22.57802,-4.156805
Cherwell,E07000177,141868,130761,122491,1104,105,7061,2560,835,370,729,626,6039,1681,2382,184,657,1135,1961,1040,600,321,547,145,402,74829,8708,12468,9811,8423,8799,6300,6568,5850,7902,71403,49163,15844,4261,1197,74829.0,867,34,8621,262,473,5519,13217,3380,3253,3655,1827,808,4971,3401,5022,7836,7864,3819,2011,0.9217089125102208,0.04256773902500916,0.013822708433191418,0.018044943186624186,0.0038556968449544645,0.503305889982237,0.3465404460484394,0.11168128119096625,0.030034962077424083,0.008437420700933262,0.9367548428048118,0.008442884346250028,0.0008029917177139973,0.05399928113122414,0.03046862063255506,0.10879284649776454,0.27835734393111444,0.3944361649279682,0.1879450240105978,0.5303416624171341,0.3059663437021928,0.16369199388067313,0.284765625,0.14453125,0.326171875,0.24453125,0.26508226691042047,0.7349177330895795,0.11637199481484452,0.16661989335685362,0.1311122693073541,0.11256331101578265,0.11758810086998356,0.08419195766347272,0.08777345681487124,0.07817824640179609,0.1056007697550415,0.011586417030830293,0.00045436929532667814,0.11520934397092036,0.003501316334576167,0.006321078726162317,0.07375482767376285,0.17662938165684428,0.0451696534765933,0.043472450520520116,0.048844699247617904,0.024415667722407088,0.01079795266541047,0.06643146373732109,0.04545029333547154,0.06711301768031111,0.10471875876999559,0.10509294524849991,0.05103636290742894,2.711273221928757,-1.7557729885805708,0.504769032285002,-1.174284321781916,26.339302,-1.9815587
Cheshire East,E06000049,370127,357940,346264,2241,313,9122,3873,1341,461,1293,778,6060,2147,856,504,1125,1428,1402,664,511,227,852,338,514,181136,24551,35525,23592,18819,18711,16059,13650,11849,18380,181595,123065,47306,14247,3914,181136.0,2611,364,22226,711,1125,10925,29530,9329,9152,7359,7579,2799,14487,8691,6629,16972,22343,8304,2011,0.9670734639731767,0.016372758539636396,0.003787889021876275,0.010463975878549796,0.0023019125867607603,0.49062889224509426,0.33249398179543777,0.1278101840719537,0.03849219322016497,0.010574748667349315,0.9673800078225401,0.006260825836732414,0.0008744482315471867,0.02548471810918031,0.08316831683168317,0.18564356435643564,0.3542904290429043,0.14125412541254126,0.23564356435643563,0.47360912981455067,0.3644793152639087,0.16191155492154066,0.3338497288923315,0.1190291763490834,0.34624322230828813,0.20087787245029692,0.3967136150234742,0.6032863849765259,0.13553904248741278,0.19612335482731208,0.13024467803197598,0.1038943114565851,0.10329807437505521,0.08865714159526543,0.07535774224891793,0.06541493684303507,0.10147071813444042,0.014414583517357124,0.0020095397933044784,0.12270338309336631,0.003925227453405176,0.006210802932603127,0.0603137973677237,0.16302667608868474,0.05150273827400406,0.05052557194594117,0.040626932249801254,0.04184148926773253,0.01545247769631658,0.07997857963077466,0.04798052292200335,0.03659681123575656,0.09369755321968024,0.12334930659835704,0.04584400671318788,3.323605253922255,-1.6601839500644182,1.6501832067667837,-0.5576767953904307,28.962515,-3.9564908
Cheshire West and Chester,E06000050,329608,321025,312013,2337,213,6462,3050,889,411,1059,691,4097,1242,336,576,935,1008,908,586,196,126,528,199,329,160138,18672,29045,19767,16853,17003,14320,14739,11906,17833,159777,108967,42604,14259,4001,160138.0,1978,459,18485,845,1475,10220,27313,6779,9483,4993,7914,2127,11390,7504,7860,15373,18915,7025,2011,0.9739599766995947,0.012429916749593456,0.0027547875051576417,0.00925341617921895,0.0016019028664352806,0.4847485497924808,0.33059573796752506,0.1292565714424407,0.043260479114584596,0.01213866168296886,0.9719274199828674,0.007279806868623939,0.000663499727435558,0.020129273421073124,0.14059067610446668,0.22821576763485477,0.30314864535025626,0.08201122772760557,0.24603368318281668,0.6453744493392071,0.21585903083700442,0.13876651982378854,0.3472131147540984,0.13475409836065574,0.29147540983606557,0.22655737704918033,0.3768939393939394,0.6231060606060606,0.11659943298904694,0.18137481422273288,0.12343728534139305,0.10524048008592589,0.10617717218898699,0.08942287277223394,0.09203936604678464,0.07434837452697049,0.11136020182592514,0.012351846532365835,0.002866277835366996,0.11543169016723076,0.005276698847244252,0.009210805680100914,0.06381995528856362,0.17055914273938727,0.04233223844434175,0.059217674755523364,0.03117935780389414,0.04941987535750415,0.013282294021406536,0.07112615369244027,0.04685958360913712,0.04908266620040215,0.09599845133572293,0.11811687419600594,0.04386841349336198,3.7479654564348293,-0.9040962424983121,0.9350972271506326,1.4201742398239257,30.71847,-4.6786118
Chesterfield,E07000034,103788,100172,98456,386,5,1325,1094,532,97,287,178,1592,487,334,141,367,263,782,433,271,78,148,60,88,47901,4381,6948,5135,5462,5743,5335,4553,4348,5996,43274,35622,16984,6204,1704,47901.0,112,173,5465,212,359,3674,8693,2680,2451,1511,994,462,2071,2014,2639,4443,7810,2138,2011,0.9651597487185416,0.015338960188075693,0.007534589740625121,0.010540717616680156,0.0014259837360773885,0.4169460823987359,0.3432188692334374,0.1636412687401241,0.059775696612325124,0.0164180830153775,0.9828694645210239,0.003853372199816316,4.9914147666014457e-05,0.013227249131493831,0.0885678391959799,0.2305276381909548,0.30590452261306533,0.20979899497487436,0.16520100502512564,0.5537084398976982,0.34654731457800514,0.09974424552429667,0.2623400365630713,0.0886654478976234,0.48628884826325414,0.16270566727605118,0.40540540540540543,0.5945945945945946,0.09145946848708796,0.14504916390054487,0.10720026721780339,0.11402684703868395,0.11989311287864554,0.11137554539571198,0.09505020772008935,0.09077054758773304,0.12517483977369992,0.002338155779628818,0.003611615623890942,0.11408947621135258,0.00442579486858312,0.007494624329345943,0.07669986012818104,0.18147846600279743,0.05594872758397528,0.05116803407026993,0.0315442266340995,0.02075113254420576,0.009644892590968873,0.04323500553224358,0.042045051251539636,0.05509279555750402,0.09275380472223962,0.16304461284733096,0.04463372372184297,5.5306229662801245,1.8987982556562264,-1.492190538994663,-0.4278269268005948,36.406384,-11.400534
Chichester,E07000225,113794,110322,105841,743,238,3500,1092,269,158,361,304,1617,470,36,131,339,641,518,319,129,70,245,102,143,53285,7586,9983,6957,5219,6862,5170,3711,2477,5320,54210,39771,14900,3822,1091,53285.0,1141,49,3830,148,248,4189,8098,1774,3424,2098,1633,1085,3869,2738,3262,5452,7101,3146,2011,0.9694887252403466,0.014209888043306326,0.004552085347206356,0.00959628802924583,0.002153013339894898,0.47638715573756085,0.34949997363657137,0.13093836230381214,0.033587008102360406,0.009587500219695238,0.9593825347618788,0.006734830768115154,0.0021573212958430777,0.031725313174162904,0.08101422387136673,0.20964749536178107,0.2906617192331478,0.022263450834879406,0.396413110698825,0.6158301158301158,0.24903474903474904,0.13513513513513514,0.3305860805860806,0.1446886446886447,0.24633699633699635,0.2783882783882784,0.4163265306122449,0.5836734693877551,0.14236651965844047,0.18735103687716995,0.1305620718776391,0.09794501266773013,0.1287792061555785,0.09702542929529887,0.06964436520596791,0.04648587782678052,0.09984048043539458,0.021413155672328047,0.0009195833724312658,0.07187763911044384,0.0027775171248944357,0.004654217884958243,0.07861499483907292,0.15197522754996715,0.03329267148353195,0.06425823402458478,0.03937318194613869,0.030646523411841983,0.020362203246692315,0.07260955240686873,0.05138406681054706,0.06121797879328141,0.1023177254386788,0.13326452097213098,0.059041005911607394,3.0132785326914098,-1.7311871182765792,2.5914589581503553,1.5172868946534597,31.379602,-1.7639437
Chorley,E07000118,107155,103833,101892,567,57,1317,1016,463,104,273,176,1710,612,525,105,236,232,401,115,240,46,195,113,82,53702,6224,9539,6868,6048,6398,5408,3985,3949,5283,51303,35705,14222,4623,1302,53702.0,478,44,5875,232,474,4488,8899,2126,2457,1515,1382,765,3058,2458,4053,5482,7561,2355,2011,0.9689981802062433,0.015958191404974103,0.003742242545844804,0.009481592086230227,0.0018197937567075732,0.47877373897624936,0.33320890299099437,0.13272362465587234,0.04314311044748262,0.012150622929401335,0.9813065210482217,0.005460691687613765,0.0005489584236225477,0.012683828840542024,0.06140350877192982,0.13801169590643275,0.35789473684210527,0.30701754385964913,0.13567251461988303,0.286783042394015,0.5985037406483791,0.11471321695760599,0.2687007874015748,0.10236220472440945,0.45570866141732286,0.1732283464566929,0.5794871794871795,0.4205128205128205,0.11589884920487133,0.17762839372835276,0.12789095378198204,0.11262150385460504,0.11913895199433913,0.10070388439909128,0.07420580239097241,0.07353543629659975,0.09837622434918625,0.00890097203083684,0.0008193363375665711,0.10940002234553647,0.004320137052623739,0.00882648690923988,0.08357230643179026,0.165710774272839,0.039588842128784774,0.0457524859409333,0.02821123980484898,0.025734609511750026,0.014245279505418793,0.05694387546087669,0.04577110722133254,0.07547204945812074,0.10208185914863506,0.14079550109865555,0.043853115340210795,4.598086697254567,-0.8975411482013751,0.3902500704281151,-2.0530496546192407,28.43048,-9.416747
City of London,E09000001,7375,5799,4243,180,3,1373,289,38,37,111,103,940,216,16,232,263,213,193,98,46,49,154,69,85,4747,845,1894,1097,335,114,128,109,52,173,4112,2374,643,190,56,4747.0,2,9,69,5,6,78,228,78,214,379,1067,65,1265,176,196,326,248,336,2011,0.7863050847457627,0.12745762711864406,0.02616949152542373,0.0391864406779661,0.020881355932203388,0.5575593220338984,0.32189830508474576,0.0871864406779661,0.02576271186440678,0.007593220338983051,0.7316778754957751,0.031039834454216243,0.0005173305742369374,0.2367649594757717,0.24680851063829787,0.2797872340425532,0.2297872340425532,0.01702127659574468,0.22659574468085106,0.5077720207253886,0.23834196891191708,0.2538860103626943,0.38408304498269896,0.12802768166089964,0.1314878892733564,0.356401384083045,0.44805194805194803,0.551948051948052,0.1780071624183695,0.3989888350537181,0.23109332209816727,0.07057088687592164,0.02401516747419423,0.026964398567516326,0.02296187065515062,0.010954286918053507,0.03644406993890879,0.0004213187276174426,0.0018959342742784916,0.014535496102801769,0.0010532968190436064,0.0012639561828523278,0.01643143037708026,0.04803033494838846,0.01643143037708026,0.045081103855066355,0.07983989888350537,0.22477354118390563,0.013692858647566884,0.26648409521803246,0.03707604803033495,0.041289235306509374,0.06867495260164315,0.05224352222456288,0.07078154623973036,-2.7689309699716897,-12.002839182003372,3.8601329511315368,2.238983461062184,11.821171,1.1323165
Colchester,E07000071,173074,159306,151453,1155,79,6619,3152,889,469,929,865,6355,1426,366,385,1690,2488,2575,1803,528,244,1686,978,708,85587,9612,14949,12398,9784,9461,8804,7301,4966,8312,84520,60279,20925,5692,1658,85587.0,542,89,5636,233,535,7077,13718,3721,4036,3019,4870,1247,4918,3818,6796,9735,11517,4080,2011,0.9204502120480257,0.03671839791072027,0.014878029051157309,0.01821186313368848,0.009741497856408241,0.4883460253995401,0.3482845488057132,0.12090204190115211,0.03288766654725724,0.009579717346337405,0.9507049326453492,0.007250197732665436,0.0004959009704593675,0.04154896865152599,0.06058221872541306,0.26593233674272226,0.22439024390243903,0.05759244689221086,0.39150275373721477,0.7001941747572815,0.20504854368932038,0.09475728155339806,0.29473350253807107,0.14879441624365483,0.28204314720812185,0.2744289340101523,0.5800711743772242,0.4199288256227758,0.11230677556170914,0.17466437659924988,0.1448584481288046,0.11431642656010843,0.11054248892939349,0.1028660894762055,0.08530501127507682,0.05802283057006321,0.09711755289938892,0.006332737448444273,0.0010398775514973068,0.0658511222498744,0.0027223760617850843,0.006250949326416395,0.08268779137018473,0.1602813511397759,0.04347622886653347,0.04715669435778798,0.035274048628880554,0.05690116489653803,0.014569969738394849,0.057461997733300615,0.04460957855749121,0.07940458247163705,0.11374390970591328,0.13456482877072454,0.04767079112482036,3.167034536450117,-2.172837244073565,1.1373433356771538,2.596195768329126,31.632286,-5.959924
Conwy,W06000003,115228,112549,109911,840,65,1733,894,294,124,275,201,1252,317,101,134,376,324,199,114,54,31,334,200,134,50093,5822,7811,5255,4847,7239,6107,4456,3048,5508,52335,36977,17874,6237,1805,50093.0,1041,132,2453,297,380,4105,8505,1849,4945,949,928,729,2315,1866,3560,5132,8368,2539,2011,0.9767504426007567,0.010865414656159962,0.0017270107959870865,0.007758530912625404,0.0028986010344707884,0.45418648245218174,0.3209029055437914,0.15511854757524213,0.05412746901794702,0.015664595410837645,0.9765613199584181,0.00746341593439302,0.0005775262330185075,0.015397737874170361,0.10702875399361023,0.3003194888178914,0.2531948881789137,0.08067092651757188,0.25878594249201275,0.5728643216080402,0.271356783919598,0.15577889447236182,0.3076062639821029,0.13870246085011187,0.3288590604026846,0.22483221476510068,0.5988023952095808,0.40119760479041916,0.11622382368794043,0.1559299702553251,0.10490487692891222,0.09676002635098717,0.14451120915097918,0.12191324137104985,0.08895454454714231,0.060846824905675445,0.1099554828019883,0.020781346695147026,0.0026350987163875194,0.048968917812868065,0.005928972111871918,0.007585890244145889,0.08194757750583914,0.1697842013854231,0.03691134489848881,0.09871638751921426,0.01894476274130118,0.0185255424909668,0.014552931547321981,0.046214041882099294,0.03725071367256902,0.07106781386620885,0.10244944403409659,0.16704928832371788,0.05068572455233266,5.07662088561991,0.6685593088820435,0.19381416687769157,2.6242494437400503,41.726734,-4.338957
Cornwall,E06000052,532273,522848,509628,2046,635,10539,4400,1248,490,1553,1109,3434,837,107,280,1004,1206,762,292,368,102,829,189,640,244527,27985,33767,25455,23320,41511,25798,20094,17369,29228,240759,178805,79181,25907,7621,244527.0,7351,1598,19279,868,1862,21957,41126,9146,22376,4244,3728,3462,11558,10635,15518,23774,33071,12974,2011,0.9822929211137894,0.0064515765406098,0.001431596192179577,0.00826643470549887,0.0015574714479224007,0.4523223984684551,0.33592724034471033,0.1487601287309332,0.04867239179894528,0.014317840656956111,0.9747154048595386,0.003913183181345248,0.0012145021115123325,0.020156909847603894,0.081537565521258,0.29237041351193943,0.24373907979033196,0.031158998252766454,0.35119394292370415,0.38320209973753283,0.48293963254593175,0.13385826771653545,0.35295454545454547,0.11136363636363636,0.28363636363636363,0.2520454545454546,0.22798552472858866,0.7720144752714113,0.11444543956291126,0.1380910901454645,0.10409893386006454,0.09536779169580456,0.1697603945576562,0.10550164194547024,0.08217497454268853,0.07103101089041292,0.11952872279952725,0.030062119929496537,0.006535065657371169,0.07884200926687032,0.003549710256945041,0.007614701035059523,0.08979376510569385,0.16818592629852736,0.03740282259218818,0.09150727731497953,0.01735595660192944,0.015245760181902202,0.01415794574832227,0.04726676399743178,0.04349212970346833,0.06346129466275707,0.09722443738319286,0.13524477869519522,0.05305753556866931,4.996800238103487,1.0193374493116227,1.644521334618933,0.08924124133828072,38.110966,-0.38626587
Cotswold,E07000079,82881,81075,78284,503,87,2201,698,167,86,274,171,794,218,16,38,223,299,229,136,47,46,85,4,81,41529,6485,7175,5150,4166,5868,3722,2724,2109,4130,40433,29067,10220,2498,663,41529.0,1316,142,3445,281,271,3335,6550,1272,3028,1836,1462,807,3531,1968,1854,4024,3850,2557,2011,0.9782097223730408,0.00958000024130983,0.002762997550705228,0.008421713058481438,0.0010255667764626393,0.48784401732604576,0.35070764107575925,0.12330932300527261,0.0301395977365138,0.007999420856408587,0.9655750847980266,0.006204131976564909,0.0010730804810360776,0.027147702744372493,0.04785894206549118,0.28085642317380355,0.27455919395465994,0.020151133501259445,0.3765743073047859,0.5938864628820961,0.2052401746724891,0.20087336244541484,0.39255014326647564,0.12320916905444126,0.23925501432664756,0.24498567335243554,0.047058823529411764,0.9529411764705882,0.15615593922319343,0.17277083483830577,0.12400972814178045,0.1003154422210985,0.14129885140504225,0.08962411808615667,0.06559271834139999,0.05078378964097378,0.09944857810204917,0.03168869946302584,0.003419297358472393,0.08295408028124925,0.006766356040357341,0.006525560451732524,0.08030532880637627,0.15772111054925475,0.030629198873076646,0.0729129042355944,0.04421007007151629,0.035204315056948154,0.019432204002022682,0.08502492234342267,0.047388571841363865,0.04464350213104096,0.09689614486262611,0.09270630162055431,0.06157143201136555,3.067357781997812,-1.3838226984923276,4.0324742096978,-0.060603987704552574,32.469177,1.7723373
County Durham,E06000047,513242,503769,495664,1229,467,6409,3094,969,321,1093,711,4856,1368,463,241,1598,1186,701,447,158,96,822,459,363,227894,20169,33042,24335,25774,28753,23446,21042,23243,28090,217373,171564,82404,32568,9333,227894.0,2124,922,29983,2417,2197,18824,33261,10272,12257,4564,5063,2699,8789,9165,19738,23836,31923,9860,2011,0.9815428199562779,0.009461423655897219,0.0013658274264382105,0.006028345302995468,0.0016015836583911684,0.4235292513083497,0.3342750593287377,0.16055583915579785,0.06345544596895811,0.01818440423815666,0.9839112767955154,0.002439610218175394,0.0009270121821707965,0.012722100804138405,0.04962932454695222,0.3290774299835255,0.28171334431630973,0.09534596375617792,0.24423393739703458,0.637660485021398,0.2253922967189729,0.1369472182596291,0.3532643826761474,0.10374919198448611,0.3131868131868132,0.22979961215255332,0.5583941605839416,0.4416058394160584,0.08850167182988583,0.14498845954698236,0.1067821004502093,0.11309643957278384,0.12616830631784953,0.10288116404995305,0.09233240015094737,0.10199039904517013,0.12325905903621859,0.009320122513098194,0.004045740563595356,0.13156555240594311,0.010605807963351383,0.009640446874424074,0.08259980517258024,0.14594943263096,0.045073586843005956,0.05378377666810008,0.02002685459029198,0.0222164690601771,0.011843225359158206,0.03856617550264597,0.04021606536372173,0.08661044169657824,0.10459248598032418,0.1400782820083021,0.04326572880374209,5.942559756215936,1.6529885708118515,-0.4771789420051321,2.283973139025358,40.677593,-10.088056
Coventry,E08000026,316960,234029,211188,7305,151,15385,8230,3672,943,2388,1227,51598,27751,9510,2951,3728,7658,17764,12836,3317,1611,5339,2020,3319,137560,10323,22093,14801,16137,14037,13502,13239,11964,21464,145948,109815,42006,14765,4426,137560.0,259,69,15880,1045,1114,7444,24019,8959,7793,4486,5181,1734,6226,7161,6330,16370,17195,6295,2011,0.7383549974760222,0.16279025744573447,0.05604492680464412,0.02596542150429076,0.01684439676930843,0.46046188793538617,0.3464632761231701,0.13252776375567896,0.0465831650681474,0.013963907117617365,0.9024009844933748,0.031214080306286827,0.0006452191822380987,0.06573971601810032,0.05719213923020272,0.07225086243652855,0.5378309236792124,0.1843094693592775,0.14841660529477887,0.7225850033776177,0.1867259626210313,0.09068903400135105,0.2901579586877278,0.11458080194410693,0.44617253948967195,0.14908869987849332,0.3783480052444278,0.6216519947555722,0.07504361733061937,0.1606062808956092,0.10759668508287293,0.11730881070078511,0.10204274498400698,0.09815353300378017,0.09624164001163128,0.086972957255016,0.15603373073567897,0.0018828147717359698,0.0005015993021227101,0.1154405350392556,0.007596685082872928,0.008098284384995639,0.054114568188426866,0.1746074440244257,0.0651279441698168,0.05665164291945333,0.03261122419307939,0.03766356498982262,0.012605408548996801,0.04526025007269555,0.05205728409421343,0.04601628380343123,0.11900261703983717,0.125,0.04576184937481826,3.8234215838771104,-1.2438105004175557,-3.795180061950946,-0.9641002499270342,21.918974,-14.979137
Crawley,E07000226,106597,85180,76888,967,77,7248,3098,806,615,883,794,13825,5530,4548,427,496,2824,3469,2164,465,840,1025,424,601,55466,5035,6807,6653,6853,5203,6665,5886,4384,7980,50751,38279,12856,3679,1032,55466.0,50,92,3625,507,271,3452,9421,8601,4453,2099,2803,459,2471,4344,2438,3337,4996,2047,2011,0.7990844020000563,0.12969408144694503,0.03254312973160595,0.029062731596574014,0.00961565522481871,0.47610157884368226,0.35910016229349795,0.12060376933684813,0.034513166411812714,0.009681323114158934,0.9026532049776943,0.011352430147922048,0.0009039680676215074,0.08509039680676216,0.030886075949367087,0.03587703435804702,0.4,0.32896925858951176,0.20426763110307414,0.6238108965119631,0.1340443931968867,0.2421447102911502,0.28502259522272433,0.19851517107811492,0.26016785022595224,0.25629438347320854,0.41365853658536583,0.5863414634146341,0.09077633144629142,0.12272383081527422,0.11994735513648,0.12355316770634263,0.09380521400497602,0.12016370389067177,0.10611906393105687,0.0790394115313886,0.1438719215375185,0.0009014531424656546,0.0016586737821368046,0.06535535282875995,0.009140734864601738,0.004885876032163848,0.062236324955828794,0.16985180110337864,0.1550679695669419,0.0802834168679912,0.037843002920708184,0.0505354631666246,0.00827533984783471,0.04454981430065265,0.07831824901741608,0.04395485522662532,0.06016298272815779,0.0900731979951682,0.0369054916525439,3.6812062135821804,-1.5517120756481193,-2.678297022813991,0.40671367380923124,15.779163,-9.382454
Croydon,E09000008,363378,200195,171740,5369,234,22852,23895,9650,3279,5140,5826,59627,24660,10865,2570,3925,17607,73256,28981,31320,12955,6405,1701,4704,172987,17832,33894,23715,25436,16524,16350,15062,9045,15129,174584,128634,43473,12734,3953,172987.0,76,160,5491,442,701,13275,25177,9768,8275,9257,12402,3191,13384,9786,13611,16850,22278,8863,2011,0.5509276841195669,0.1640908365393612,0.20159723483535053,0.0657579710384228,0.017626273467298517,0.48044735784775083,0.35399501345706125,0.11963575120122848,0.035043398334516675,0.010878479159442784,0.8578635830065686,0.02681885161967082,0.0011688603611478808,0.1141487050126127,0.04310127962164791,0.06582588424706928,0.4135710332567461,0.18221611015144146,0.29528569272309524,0.39561264606312113,0.42754177132248555,0.17684558261439337,0.215107763130362,0.1372253609541745,0.4038501778614773,0.2438166980539862,0.26557377049180325,0.7344262295081967,0.10308289062183863,0.1959337984935284,0.13709122650835034,0.1470399509789753,0.09552162879291508,0.09451577286154451,0.08707012665691642,0.052287166087625084,0.08745743899830623,0.0004393393723227757,0.0009249249943637383,0.031742269650320544,0.0025551052969298273,0.004052327631556128,0.07673987062611641,0.145542728644349,0.05646667090590622,0.04783596455224959,0.05351269170515704,0.07169324862561927,0.018446472856341805,0.07736997577852671,0.05657072496777214,0.07868221311428027,0.09740616346893119,0.128784243902721,0.05123506390653633,1.794560555849521,-5.281174974170492,-3.0117217594925756,-2.5688646988244086,12.883244,-5.0043035
Cumberland,E06000063,274549,270356,264953,836,225,4342,1300,403,167,450,280,2354,491,222,341,624,676,304,202,60,42,235,66,169,132841,12451,17480,12891,13337,20343,12897,11704,14778,16960,122809,94729,39756,13486,3769,132841.0,3623,290,19257,2057,2201,11802,21024,6352,9644,1949,1816,1548,5641,5070,8069,10389,16419,5690,2011,0.9847276806690245,0.008574061460795705,0.0011072704690237444,0.00473503818990417,0.0008559492112519076,0.44731177312610865,0.3450349482241786,0.14480475252140784,0.04912055771465203,0.013727968413652937,0.9800152391661365,0.003092219148086227,0.0008322360147361257,0.016060305671041147,0.14485981308411214,0.2650807136788445,0.20858113848768053,0.09430756159728122,0.28717077315208156,0.6644736842105263,0.19736842105263158,0.13815789473684212,0.34615384615384615,0.12846153846153846,0.31,0.2153846153846154,0.28085106382978725,0.7191489361702128,0.09372859282902116,0.13158588086509437,0.09704082323981301,0.10039822042893384,0.15313796192440587,0.09708599001814198,0.08810532892706319,0.11124577502427714,0.12767142674324944,0.02727320631431561,0.002183060952567355,0.14496277504686053,0.015484677170451894,0.016568679850347406,0.08884305297310319,0.15826439126474506,0.047816562657613235,0.0725980683674468,0.014671675160530258,0.01367047824090454,0.011653028808876777,0.04246429942562913,0.0381659276879879,0.06074178905608961,0.07820627667662845,0.12359888889725311,0.04283316144864914,5.740850386427288,1.7389451902532551,0.2879895716276567,1.1200810290388363,37.354893,-7.0767746
Dacorum,E07000096,144847,131537,124537,1821,231,4948,3075,983,393,978,721,6770,2347,2007,287,784,1345,2990,1982,740,268,475,165,310,73437,9630,13742,11076,8780,7816,6262,5537,3843,6751,72910,49326,16778,4576,1257,73437.0,271,65,4821,220,393,6218,12673,3836,3273,5042,2963,1013,6329,4051,3725,7255,7229,4060,2011,0.9081099366918196,0.046738972847211194,0.02064247102114645,0.02122929712040981,0.003279322319412898,0.503358716438725,0.3405386373207591,0.11583256815812547,0.03159195564975457,0.008678122432635816,0.9467830344313767,0.013844013471494712,0.001756159863764568,0.037616792233364,0.04239290989660266,0.11580502215657312,0.34667651403249633,0.2964549483013294,0.1986706056129985,0.662876254180602,0.24749163879598662,0.08963210702341137,0.3180487804878049,0.1278048780487805,0.3196747967479675,0.23447154471544715,0.3473684210526316,0.6526315789473685,0.13113280771273336,0.18712638043493063,0.15082315454062667,0.11955826082220135,0.10643136293693914,0.08527036779824884,0.07539796015632447,0.052330569059193595,0.09192913653880197,0.0036902378909813853,0.0008851124092759781,0.06564810654029984,0.0029957650775494643,0.005351525797622452,0.08467121478273895,0.172569685580838,0.052235249261271564,0.04456881408554271,0.06865748873183818,0.04034750874899574,0.013794136470716397,0.08618271443550254,0.055162928768876726,0.05072374960850797,0.09879216198918801,0.09843811702547763,0.05528548279477648,2.387010983959749,-3.2014147828715758,1.1491531828121104,-0.16365449666168183,20.895765,-2.7987695
Darlington,E06000005,105564,101595,98898,328,350,2019,1146,463,97,350,236,2205,726,145,523,349,462,357,206,105,46,261,112,149,49014,4639,7447,5741,5886,5808,4832,5461,3562,5638,47046,37199,15116,4763,1440,49014.0,303,117,4900,185,295,3743,8107,2525,2698,2165,1880,500,2225,2086,3808,4211,7259,2007,2011,0.9624019552120041,0.020887802659997727,0.0033818347163805844,0.010855973627372967,0.002472433784244629,0.44566329430487667,0.35238338827630633,0.14319275510590732,0.045119548330870375,0.013641013982039332,0.9734534179831684,0.003228505339829716,0.0034450514296963434,0.019873025247305477,0.23718820861678006,0.1582766439909297,0.3292517006802721,0.06575963718820861,0.20952380952380953,0.5770308123249299,0.29411764705882354,0.12885154061624648,0.3054101221640489,0.08464223385689354,0.4040139616055846,0.20593368237347295,0.42911877394636017,0.5708812260536399,0.09464642755131188,0.1519361814991635,0.11712979964907985,0.12008813808299669,0.1184967560288897,0.09858407801852533,0.1114171461215163,0.0726731138042192,0.11502835924429755,0.006181907210184845,0.0023870730811604846,0.09997143673236218,0.003774431794997348,0.006018688537968744,0.0763659362631085,0.16540172195699188,0.051515893418207045,0.05504549720488024,0.04417105316848247,0.038356387970783855,0.010201167013506346,0.045395193210103234,0.04255926878034847,0.07769208797486432,0.08591422858775044,0.14810054270208511,0.04094748439221447,4.620344540428343,0.26554924808041286,-0.5400718581861285,0.10830774966371572,31.530746,-8.753143
Dartford,E07000107,97365,85070,80466,767,244,3593,2161,620,346,693,502,5799,2670,179,431,538,1981,3578,2814,497,267,757,179,578,49611,5124,7220,6153,7269,6242,4415,4526,3710,4952,47273,33941,11837,3314,1000,49611.0,106,44,3202,252,518,5337,8721,3285,2084,1747,2922,733,3005,2515,3041,4041,5852,2206,2011,0.873722590253171,0.05955938992451086,0.03674831818415242,0.022194833872541467,0.007774867765624197,0.48552354542186615,0.3485954911929338,0.12157346068915935,0.034036871565757715,0.010270631130282955,0.9458798636417068,0.009016104384624427,0.0028682261666862583,0.04223580580698248,0.07432315916537334,0.09277461631315743,0.4604242110708743,0.0308673909294706,0.34161062252112434,0.786472889882616,0.13890441587479038,0.07462269424259363,0.3206848681166127,0.16011105969458583,0.28690421101341973,0.23229986117538176,0.23645970937912814,0.7635402906208718,0.10328354598778497,0.14553224083368607,0.12402491382959424,0.1465199250166294,0.12581887081494023,0.08899236056519723,0.09122976759186471,0.07478180242284978,0.09981657293745338,0.002136622926367136,0.0008869000826429623,0.06454213783233557,0.005079518655136965,0.010441232791114873,0.1075769486605793,0.17578762774384712,0.06621515389732116,0.042006813005180305,0.03521396464493762,0.05889822821551672,0.014774949104029348,0.060571244280502305,0.05069440245106932,0.061296889802664734,0.08145370986273205,0.11795771099151398,0.04446594505250852,3.363370138983728,-1.7173970710797837,0.18638544944780125,0.46917603169277133,20.507383,-9.858559
Denbighshire,W06000004,93734,91254,89581,533,34,1106,751,251,80,269,151,1430,240,157,111,346,576,161,104,35,22,138,39,99,41156,4081,6640,4139,4002,6008,5455,3091,3030,4710,43690,29420,13770,5341,1513,41156.0,962,69,3737,239,288,3482,5936,1592,2849,714,751,580,1694,1520,2733,4104,7850,2056,2011,0.9735421511938037,0.015255937013250261,0.0017176264749183862,0.00801203405381185,0.0014722512642157595,0.46610621546077197,0.313866899950925,0.14690507179892034,0.05698039132011863,0.01614142146926409,0.9816665570824292,0.005840839853595459,0.0003725864071711925,0.012120016656804086,0.07762237762237763,0.24195804195804196,0.16783216783216784,0.10979020979020979,0.4027972027972028,0.6459627329192547,0.21739130434782608,0.13664596273291926,0.3581890812250333,0.10652463382157124,0.33422103861517977,0.2010652463382157,0.2826086956521739,0.717391304347826,0.0991592963358927,0.16133735056856838,0.10056856837399164,0.0972397706288269,0.14598114491204198,0.1325444649625814,0.07510448051316941,0.07362231509378948,0.11444260861113811,0.023374477597434152,0.0016765477694625328,0.09080085528234036,0.005807172708718048,0.00699776460297405,0.08460491787345709,0.14423170376129849,0.038682087666439886,0.06922441442317037,0.017348624744873167,0.018247643114005247,0.014092720380989406,0.0411604626299932,0.036932646515696374,0.0664058703469725,0.09971814559238021,0.1907376810185635,0.049956263971231415,4.5588767952573015,1.472664798742618,0.5896464475641431,1.790745855135501,41.119877,-3.6230524
Derby,E06000015,248752,199751,187386,2319,295,9751,7232,3916,533,1772,1011,31095,10907,14620,658,1292,3618,7320,3156,3405,759,3354,861,2493,112422,9700,18421,12570,11887,12221,11246,10570,10860,14947,111837,87060,35193,11413,3249,112422.0,191,104,17788,725,1042,7190,18075,6550,6715,3018,2568,1335,5287,5205,4832,10795,16376,4626,2011,0.803012639094359,0.12500402006818034,0.029426899080208402,0.029073133080337044,0.01348330867691516,0.44959236508651185,0.34998713578182283,0.14147825947128062,0.0458810381424069,0.013061201517977745,0.9380979319252469,0.01160945376994358,0.0014768386641368504,0.04881577564067264,0.021160958353433026,0.041550088438655736,0.35076378839041644,0.47017205338478857,0.11635311143270623,0.4311475409836066,0.4651639344262295,0.10368852459016394,0.24502212389380532,0.07370022123893805,0.5414823008849557,0.1397953539823009,0.2567084078711986,0.7432915921288015,0.08628204443970042,0.16385582893028056,0.11181085552649837,0.10573553219120813,0.10870648093789471,0.10003380121328566,0.09402074327089004,0.09660030954795325,0.13295440394228888,0.0016989557204105958,0.0009250858372916333,0.15822525840138052,0.006448915692658021,0.009268648485171942,0.06395545355891195,0.16077813951006031,0.05826261763711729,0.059730301898204975,0.026845279393712975,0.0228425041362011,0.011874899930618563,0.04702816174770063,0.04629876714522069,0.042980911209549735,0.09602213089964598,0.14566543914892102,0.04114852964722207,4.22952009259288,-0.10970701812544473,-3.0105433583446866,-3.7879825603640436,28.36685,-16.315714
Derbyshire Dales,E07000035,71116,70117,68835,321,15,946,466,130,58,173,105,398,97,84,4,95,118,87,33,36,18,48,10,38,35005,4903,6705,3542,3354,5284,2843,2024,2575,3775,33487,24683,9718,2475,753,35005.0,1224,397,3957,117,358,2966,4830,1384,2591,904,553,555,2272,1270,1790,3892,3971,1974,2011,0.9859525282636818,0.005596490241295911,0.0012233533944541312,0.006552674503627875,0.0006749535969402103,0.4708785645986838,0.34708082569323356,0.13664998031385342,0.034802294842229596,0.01058833455199955,0.9817162742273629,0.004578062381448151,0.00021392814866580143,0.013491735242523211,0.010050251256281407,0.23869346733668342,0.24371859296482412,0.21105527638190955,0.2964824120603015,0.3793103448275862,0.41379310344827586,0.20689655172413793,0.37124463519313305,0.12446351931330472,0.27896995708154504,0.22532188841201717,0.20833333333333334,0.7916666666666666,0.1400657048993001,0.19154406513355235,0.10118554492215398,0.09581488358805886,0.15094986430509927,0.08121696900442794,0.05782031138408799,0.0735609198685902,0.10784173689472933,0.03496643336666191,0.011341236966147692,0.11304099414369376,0.0033423796600485643,0.010227110412798172,0.0847307527496072,0.13798028853020997,0.03953720897014712,0.07401799742893872,0.025824882159691472,0.01579774317954578,0.015854877874589345,0.06490501356949008,0.0362805313526639,0.051135552063990855,0.11118411655477789,0.11344093700899871,0.05639194400799886,4.517370436169704,-0.44346264514284495,3.1013235838353905,-1.079883760658766,39.19179,0.61436546
Doncaster,E08000017,302402,288066,277740,1183,587,8556,3321,1413,440,877,591,7614,1865,2728,117,1121,1783,2337,1309,778,250,1064,231,833,133815,12078,15111,13199,13530,17283,13875,13922,14079,20738,131738,102983,45748,16982,4951,133815.0,712,762,14254,977,1282,13018,26026,9277,6686,2874,3253,1099,4422,6512,7818,11407,17837,5599,2011,0.9525929061315732,0.025178404904729466,0.007728123491246751,0.010982070224403277,0.0035184952480473014,0.4356386531835107,0.3405499963624579,0.15128206824028942,0.056157035998439166,0.01637224621530281,0.9641540480306596,0.004106697770649781,0.0020377274652336615,0.029701526733456916,0.015366430260047281,0.1472287890727607,0.24494352508536907,0.35828736537956396,0.23417389020225898,0.560119811724433,0.3329054343175011,0.1069747539580659,0.2640770852152966,0.1324902137910268,0.4254742547425474,0.17795844625112917,0.21710526315789475,0.7828947368421053,0.09025893958076449,0.11292456002690282,0.0986361768112693,0.10110974106041924,0.12915592422374172,0.10368792736240331,0.10403915853977506,0.10521242013227217,0.1549751522624519,0.005320778686993237,0.005694428875686582,0.10652019579269888,0.007301124687067967,0.009580390838097374,0.09728356312819939,0.1944923962186601,0.06932705601016328,0.04996450323207413,0.021477412846093488,0.024309681276389043,0.00821283114747973,0.033045622688039455,0.04866420057542129,0.05842394350409147,0.08524455404849979,0.133295968314464,0.04184134812988081,5.43175988998183,2.1460367916627185,-2.098008094080215,-0.7073874268895065,35.900833,-14.419363
Dorset,E06000059,365153,357726,348936,1676,507,6607,2895,842,362,1017,674,3338,640,146,481,764,1307,841,468,268,105,353,101,252,170602,20731,26624,20784,18098,25996,17170,12555,10465,18179,164150,131050,51990,14040,3923,170602.0,4217,393,15848,525,1316,15097,26079,5688,10732,4118,4605,2883,9181,7001,14855,17145,21634,9285,2011,0.9796605806333236,0.009141373615991105,0.002303144161488472,0.007928183528548308,0.0009667180606485501,0.44953759109195324,0.35889065679317983,0.14237867414481054,0.03844963617990267,0.010743441790153716,0.9754281209640898,0.004685150086938048,0.0014172858556548867,0.01846944309331723,0.14409826243259438,0.22887956860395448,0.19173157579388855,0.04373876572798083,0.3915518274415818,0.5564803804994055,0.31866825208085614,0.1248513674197384,0.35129533678756475,0.12504317789291883,0.290846286701209,0.23281519861830743,0.28611898016997167,0.7138810198300283,0.12151674657975874,0.15605913178040118,0.1218274111675127,0.10608316432398214,0.15237804949531658,0.10064360324029027,0.07359233772171486,0.06134160209141745,0.1065579535996061,0.024718350312423067,0.002303607226175543,0.0928945733344275,0.0030773378975627484,0.007713860329890623,0.08849251474191393,0.15286456196293127,0.03334075802159412,0.06290664822217794,0.024138052308882663,0.026992649558621823,0.016898981254616006,0.05381531283337827,0.04103703356349867,0.08707400851103739,0.10049706334040633,0.12680976776356667,0.054424918816895464,4.20219574053492,0.07791079199724947,2.1684431213630075,0.5753176024648723,35.90902,-1.5158219
Dover,E07000108,111674,107966,103848,572,234,3312,1029,281,133,360,255,2031,397,40,151,274,1169,386,265,85,36,262,65,197,50396,4949,7228,5911,5596,6197,6463,4347,3970,5735,48433,39477,16745,5538,1481,50396.0,641,42,2951,211,328,4241,7241,5014,2718,826,1209,504,2714,2565,4444,5202,7179,2366,2011,0.9667962103981231,0.018186865340186615,0.0034564894245751026,0.009214320253595287,0.002346114583519888,0.43369987642602575,0.3535021580672314,0.14994537672152874,0.049590773143256266,0.01326181564195784,0.9618583628179241,0.0052979641739066006,0.0021673489802345185,0.030676324027934722,0.07434761201378631,0.13490891186607581,0.19547021171836534,0.019694731659281144,0.5755785327424914,0.6865284974093264,0.22020725388601037,0.09326424870466321,0.3498542274052478,0.1292517006802721,0.2730806608357629,0.2478134110787172,0.2480916030534351,0.7519083969465649,0.0982022382728788,0.14342408127629178,0.11729105484562267,0.11104055877450592,0.12296610842130327,0.12824430510357965,0.08625684578141123,0.07877609334074133,0.11379871418366537,0.012719263433605842,0.0008333994761489007,0.05855623462179538,0.004186840225414715,0.00650845305182951,0.08415350424636876,0.1436820382570045,0.09949202317644258,0.053932851813636,0.016390189697595047,0.023989999206286212,0.010000793713786808,0.05385348043495516,0.050896896579093576,0.08818160171442178,0.10322247797444242,0.1424517818874514,0.04694817048972141,4.305434453522096,1.0591808210517817,0.5378691110196334,1.6726814021498675,38.15844,-4.5930886
Dudley,E08000027,312925,281607,277050,1170,352,3035,5758,3477,250,1277,754,18942,5737,10339,397,876,1593,4671,1402,2658,611,1947,1259,688,141998,13478,19883,15304,18440,19393,13555,13294,13375,15276,132825,111905,47828,15918,4449,141998.0,137,63,19978,1563,1260,12996,25433,6283,5930,3387,4348,1716,6354,6094,8696,14033,17966,5761,2011,0.8999185108252776,0.060532076376128466,0.014926899416793161,0.018400575217703923,0.006221938164096828,0.42446273068626666,0.3576096508748103,0.1528417352400735,0.050868418950227694,0.014217464248621874,0.9838178738454655,0.00415472626745784,0.0012499689283291965,0.010777430958747475,0.0209587160806673,0.04624643649033893,0.30287192482314435,0.5458240946045824,0.08409882800126703,0.3001498608435025,0.5690430314707772,0.1308071076857204,0.22177839527613755,0.04341785342132685,0.6038555053838138,0.13094824591872178,0.6466358500256806,0.3533641499743195,0.09491682981450443,0.14002309891688616,0.10777616586149101,0.12986098395752052,0.13657234608938154,0.0954590909731123,0.0936210369160129,0.09419146748545754,0.1075789799856336,0.0009648023211594529,0.0004436682206791645,0.1406921224242595,0.011007197284468796,0.008873364413583289,0.09152241580867336,0.17910815645290779,0.04424710207186017,0.041761151565515006,0.023852448626036988,0.030620149579571543,0.012084677248975337,0.044747109114212875,0.042916097409822676,0.061240299159143086,0.09882533556810659,0.126522908773363,0.04057099395766137,6.08468046659561,0.6277920810317296,-2.284535433018217,-3.7481849858306946,27.303148,-16.385138
Ealing,E09000009,338449,165818,103035,10428,300,52055,15066,3939,1989,4653,4485,100439,48240,14711,1786,4132,31570,36860,17299,13192,6369,20266,9804,10462,164820,17905,34624,23416,17687,16331,12293,13026,10132,19406,166385,116712,38421,12817,4114,164820.0,70,276,7753,357,667,13053,23686,12046,11110,13812,6724,2921,14572,11178,6238,14891,16071,9395,2011,0.48993496804540715,0.29676258461393,0.10890858002239628,0.044514830890326165,0.0598790364279404,0.4916102573799893,0.3448436839819293,0.11352079633859163,0.037869811995308006,0.012155450304181723,0.6213740365943383,0.06288822685112594,0.0018092125101014365,0.3139285240444343,0.017781937295273748,0.04113939804259302,0.48029152022620697,0.1464670098268601,0.3143201346090662,0.4693163320672816,0.35789473684210527,0.17278893109061313,0.3088410991636798,0.13201911589008364,0.26144962166467545,0.2976901632815611,0.4837659133524129,0.5162340866475871,0.1086336609634753,0.21007159325324595,0.14207013711928165,0.10731100594588036,0.0990838490474457,0.07458439509768232,0.07903167091372407,0.061473122193908505,0.11774056546535615,0.00042470573959470936,0.0016745540589734255,0.04703919427253974,0.002165999271933018,0.004046838975852445,0.07919548598471059,0.14370828782914694,0.07308579055939814,0.06740686809853173,0.08380050964688751,0.04079601990049751,0.01772236379080209,0.0884116005339158,0.06781943938842373,0.03784734862273996,0.0903470452614974,0.09750637058609392,0.05700157747846135,0.41948491687286726,-7.83234513043581,-4.526089329073588,-0.5739851314721214,12.276184,-6.95582
East Cambridgeshire,E07000009,83818,80673,75218,527,239,4689,1182,230,185,370,397,1215,316,103,80,290,426,506,288,95,123,242,66,176,43919,5462,8086,5175,4903,5721,4398,2977,3311,3886,40874,29487,10131,2614,712,43919.0,1465,33,4609,117,386,4055,6478,1956,1487,1945,939,581,3848,1675,1862,4957,4681,2845,2011,0.9624782266338973,0.014495693049225704,0.006036889450953256,0.014101982867641796,0.002887207998281992,0.48765181703214106,0.3517979431625665,0.12086902574625975,0.03118661862607077,0.008494595432961894,0.9323813419607552,0.006532544965477917,0.0029625773183097194,0.058123535755457215,0.06584362139917696,0.23868312757201646,0.26008230452674896,0.08477366255144032,0.3506172839506173,0.5691699604743083,0.18774703557312253,0.24308300395256918,0.3130287648054145,0.15651438240270726,0.19458544839255498,0.33587140439932317,0.2727272727272727,0.7272727272727273,0.12436530886404518,0.18411166010155058,0.11783055169744303,0.11163733236184795,0.13026252874610078,0.10013889205127621,0.06778387486053872,0.07538878389762972,0.08848106741956784,0.03335686149502493,0.0007513832282155787,0.10494319087410915,0.0026639950818552337,0.00878890685124889,0.09232906031558095,0.1474988046175915,0.04453653316332339,0.033857783647168654,0.04428607208725153,0.021380268221043285,0.013228898654340945,0.08761583824768324,0.038138391129124066,0.04239622942234568,0.11286686855347344,0.10658257246294314,0.0647783419476764,2.6209980334533967,-1.545981712218512,2.549741763253463,0.965839500541487,30.281237,3.8361857
East Devon,E07000040,132457,130347,127442,593,90,2222,904,238,89,358,219,930,220,6,71,210,423,146,68,61,17,130,35,95,59908,7280,9181,7317,6136,9190,6415,4822,3176,6391,58004,47716,19960,5285,1492,59908.0,1836,73,3799,508,514,5107,9766,2362,4342,1470,1410,876,3712,2527,4523,5613,8228,3242,2011,0.9840703020602912,0.007021146485274466,0.001102244501989325,0.006824856368481847,0.0009814505839630975,0.43790815132458083,0.3602376620337166,0.15069041273771866,0.03989974104803823,0.011264032855945703,0.9777133344073895,0.004549395076219629,0.0006904646827314782,0.017046805833659386,0.07634408602150537,0.22580645161290322,0.23655913978494625,0.0064516129032258064,0.45483870967741935,0.4657534246575342,0.4178082191780822,0.11643835616438356,0.39601769911504425,0.09845132743362832,0.26327433628318586,0.24225663716814158,0.2692307692307692,0.7307692307692307,0.12151966348400882,0.15325165253388529,0.12213727715830941,0.10242371636509315,0.15340188288709355,0.10708085731454897,0.08049008479668826,0.053014622421045605,0.10668024303932697,0.03064699205448354,0.0012185350871336048,0.0634139013153502,0.008479668825532484,0.008579822394337985,0.08524737931494959,0.1630166254924217,0.03942712158643253,0.07247779929224811,0.024537624357347933,0.023536088669292916,0.014622421045603259,0.061961674567670426,0.04218134472858383,0.07549909861788075,0.0936936636175469,0.1373439273552781,0.05411631167790612,4.657452094690624,0.3352767614403899,2.5968010964343553,0.09858886947404642,36.791187,-1.4896476
East Hampshire,E07000085,115608,111635,107568,656,267,3144,1305,312,153,513,327,1859,481,31,165,316,866,517,396,81,40,292,141,151,58457,8353,11334,8244,6504,7108,5639,3654,2803,4818,58330,40113,12885,3336,944,58457.0,750,83,5040,319,331,4800,8588,2001,2496,3545,2117,824,4958,3073,3769,6156,6446,3161,2011,0.9656338661684313,0.016080202062141027,0.004472008857518511,0.011288146149055428,0.002525776762853782,0.5045498581413052,0.3469742578368279,0.11145422462113348,0.028856134523562383,0.00816552487717113,0.9635687732342008,0.005876293277198011,0.002391723025932727,0.02816321046266852,0.08875739644970414,0.1699838622915546,0.25874125874125875,0.016675632060247445,0.4658418504572351,0.7659574468085106,0.15667311411992263,0.07736943907156674,0.3931034482758621,0.11724137931034483,0.23908045977011494,0.25057471264367814,0.4828767123287671,0.5171232876712328,0.14289135603948203,0.19388610431599296,0.14102673760199805,0.11126126896693296,0.12159365003335786,0.0964640676052483,0.06250748413363669,0.04794977504832612,0.08241955625502506,0.012829943377183229,0.001419847067074944,0.0862172194946713,0.005457002583095266,0.005662281677130198,0.08211163761397267,0.14691140496433275,0.034230288930324856,0.04269805155926579,0.06064286569615273,0.03621465350599586,0.014095831123731974,0.08481447901876593,0.05256855466411208,0.06447474211813811,0.10530817523991994,0.11026908667909746,0.05407393468703491,2.6957411204217547,-2.763801075751727,3.323317086621109,2.140658272762604,21.856878,1.3377185
East Hertfordshire,E07000242,137687,131456,124266,1566,57,5567,2214,622,210,854,528,2681,999,213,282,516,671,984,590,300,94,352,134,218,72225,10639,14636,11160,8968,7589,5740,4345,3573,5575,72332,46399,14325,3678,953,72225.0,459,49,6161,153,413,6355,11268,3553,3058,3438,4288,1231,6970,3702,4121,7559,6241,3206,2011,0.9547451829148721,0.019471700305765977,0.0071466442002512945,0.016079949450565414,0.0025565231285451786,0.5253364515168462,0.33698896773115833,0.10404032334207296,0.026712761553378313,0.006921495856544191,0.9453048928919182,0.011912731256085687,0.0004336051606621227,0.042348770691333984,0.1051846325997762,0.19246549794852666,0.3726221559119731,0.0794479671764267,0.25027974636329725,0.5995934959349594,0.3048780487804878,0.09552845528455285,0.3857271906052394,0.0948509485094851,0.2809394760614273,0.23848238482384823,0.3806818181818182,0.6193181818181818,0.14730356524749047,0.20264451367255107,0.1545171339563863,0.12416753201799931,0.10507442021460713,0.07947386638975425,0.060159224645205955,0.04947040498442368,0.07718933887158186,0.006355140186915888,0.000678435444790585,0.08530287296642437,0.002118380062305296,0.005718241606092073,0.0879889235029422,0.15601246105919003,0.04919349255797854,0.042339910003461406,0.047601246105919,0.059370024229837316,0.017043959847698166,0.09650398061613015,0.05125649013499481,0.05705780546902042,0.10465905157493943,0.08641052267220492,0.044389061959155415,2.1640755420363393,-3.957384912584022,3.2636871637816096,-0.13388372417930033,20.942245,-0.86815906
East Lindsey,E07000137,136401,134314,131717,490,61,2046,937,414,87,261,175,789,231,63,100,198,197,264,160,75,29,97,40,57,56311,6757,6522,5301,5240,8834,6594,4707,4927,7429,52138,48140,24915,8671,2537,56311.0,2532,137,5248,223,561,4435,9851,2404,5039,701,607,708,2152,2052,3687,5410,7436,3128,2011,0.9846995256633015,0.005784415070270746,0.0019354696813073217,0.006869451103730911,0.0007111384813894326,0.3822405994090952,0.35292996385656994,0.1826599511733785,0.06356991517657495,0.018599570384381345,0.9806647110502256,0.00364816772637253,0.00045415965573209047,0.01523296156766979,0.1267427122940431,0.2509505703422053,0.29277566539923955,0.07984790874524715,0.24968314321926488,0.6060606060606061,0.2840909090909091,0.10984848484848485,0.27854855923159016,0.09284951974386339,0.4418356456776948,0.18676627534685167,0.41237113402061853,0.5876288659793815,0.11999431727371207,0.1158210651560086,0.09413791266360036,0.09305464296496244,0.1568787625863508,0.11709967857079434,0.08358935199161797,0.08749622631457442,0.131928042478379,0.04496457175329865,0.002432917192022873,0.09319671112216085,0.003960149881905844,0.009962529523538918,0.07875903464687184,0.17493917707019943,0.04269148123812399,0.08948518051535224,0.012448722274511197,0.01077942142742981,0.012573031912059811,0.03821633428637389,0.036440482321393686,0.06547566194881994,0.09607359130542878,0.1320523521159276,0.05554864946458063,6.215376821482644,3.139470487368446,-0.5981414604110855,0.612070208694133,40.31861,-2.2282155
East Riding of Yorkshire,E06000011,334179,327789,321309,908,227,5345,2301,683,367,785,466,2961,1081,396,69,660,755,598,355,175,68,530,289,241,158757,19073,25851,18198,17718,21761,15246,12083,11767,17060,151003,116859,48307,13877,4133,158757.0,4582,500,17707,1448,912,13219,25124,7417,8252,3464,3113,1781,7920,5579,12241,16998,21525,6975,2011,0.9808785112170424,0.008860520858581779,0.0017894601396257694,0.006885531406820895,0.0015859763779291936,0.4518626245215887,0.3496898368838257,0.1445542658275954,0.04152564942740268,0.012367623339587467,0.980231185305181,0.002770074651681417,0.0006925186629203543,0.016306221380217152,0.02330293819655522,0.22289766970618036,0.36507936507936506,0.1337386018237082,0.25498142519419115,0.5936454849498328,0.29264214046822745,0.11371237458193979,0.3411560191221208,0.15949587136027815,0.29682746631899176,0.2025206431986093,0.5452830188679245,0.4547169811320755,0.12013958439627859,0.16283376481037057,0.11462801640242636,0.11160452767437026,0.13707112127339266,0.09603356072488142,0.07611002979396184,0.07411956638132491,0.10745982854299338,0.028861719483235383,0.0031494674250584225,0.11153523939101898,0.009120857662969191,0.005744628583306563,0.08326561978369458,0.15825443917433563,0.046719199783316644,0.05197881038316421,0.02181951032080475,0.019608584188413738,0.011218402968058101,0.04988756401292541,0.03514175752880188,0.0771052615002803,0.10706929458228613,0.13558457264876508,0.04393507057956499,4.718357717518395,0.2176788805629885,1.324297846370427,1.0138034131656863,34.667477,-2.4320884
East Staffordshire,E07000193,113583,102704,97854,542,72,4236,1619,800,92,451,276,7864,916,5598,157,331,862,1023,333,500,190,373,91,282,54921,5707,8008,5589,5630,6747,4667,4293,6205,8075,52094,40576,15302,4377,1234,54921.0,777,98,9036,320,436,4300,9551,3479,2953,1275,870,501,2419,2443,2207,4928,6844,2484,2011,0.9042198216282367,0.06923571309086747,0.009006629513219408,0.014253893628447919,0.0032839421392285816,0.4586425785548894,0.35723655828777195,0.13472086491816557,0.03853569636301207,0.010864301876161045,0.9527769122916342,0.005277301760398816,0.0007010437762891416,0.04124474217167783,0.01996439471007121,0.042090539165818924,0.11648016276703968,0.7118514750762971,0.10961342828077314,0.3255131964809384,0.4887585532746823,0.18572825024437928,0.2785670166769611,0.05682520074119827,0.49413218035824585,0.1704756022235948,0.24396782841823056,0.7560321715817694,0.10391289306458368,0.14580943537080535,0.10176435243349538,0.10251087926294132,0.12284918337248048,0.08497660275668688,0.078166821434424,0.11298046284663425,0.1470293694579487,0.014147593816572896,0.001784381202090275,0.16452723002130332,0.005826550863968246,0.007938675552156734,0.0782942772345733,0.17390433531800223,0.06334553267420477,0.053768139691556964,0.023215163598623478,0.015840935161413668,0.009122193696400284,0.04404508293730995,0.044482074252107574,0.040184992989930994,0.08972888330511097,0.12461535660312084,0.04522860108155351,4.418940899002282,0.5824639798541081,-1.4220150611003866,-4.3020608020713915,28.265223,-17.63793
East Suffolk,E07000244,239552,232565,227040,992,142,4391,2728,858,422,814,634,2991,949,171,241,771,859,925,477,308,140,343,66,277,107438,11661,15874,12348,12024,14913,11298,8639,8423,12258,104874,85907,35663,10256,2852,107438.0,2048,571,8997,1509,889,8660,16761,7641,6764,3714,3072,1407,5442,4599,6335,10103,13427,5499,2011,0.9708330550360673,0.01248580683943361,0.003861374565856265,0.011387924125033396,0.0014318394336094043,0.437792212129308,0.3586152484637991,0.14887373096446702,0.04281325140261822,0.01190555703980764,0.9762432008255757,0.004265474168512029,0.0006105819878313589,0.018880743018080966,0.08057505850885992,0.2577733199598796,0.31728518890003343,0.05717151454363089,0.2871949180875961,0.5156756756756756,0.33297297297297296,0.15135135135135136,0.29838709677419356,0.15469208211143695,0.31451612903225806,0.23240469208211142,0.1924198250728863,0.8075801749271136,0.10853701669800257,0.14775033042312777,0.11493140229713882,0.11191570952549378,0.13880563673932872,0.10515832387051137,0.08040916621679481,0.07839870436903144,0.11409370986057074,0.01906215677879335,0.005314693125337404,0.08374132057558778,0.014045309853124592,0.008274539734544575,0.08060462778532736,0.15600625477019303,0.07112008786462891,0.06295724045496007,0.03456877454904224,0.028593235168190026,0.013095925091680784,0.05065246933114913,0.04280608350862823,0.058964239840652286,0.09403562985163536,0.12497440384221598,0.051183007874308906,5.094037721100155,0.5581721470426823,1.064530017292823,-0.1643554376755592,35.925663,-3.1920125
Eastbourne,E07000061,99412,93508,86903,978,66,5561,1791,434,302,572,483,2795,671,107,287,621,1109,783,517,159,107,535,229,306,44449,4455,7365,5163,4607,5364,5486,4412,2497,5100,42818,35193,15251,4712,1438,44449.0,88,12,2390,140,291,3640,8153,1929,3245,951,1451,652,2005,1934,2216,4793,8197,2362,2011,0.940610791453748,0.02811531807025309,0.007876312718786464,0.018015933690097775,0.005381644067114634,0.43071259002937273,0.35401158813825295,0.15341206293002857,0.04739870438176478,0.014465054520581016,0.9293643324635326,0.01045899816058519,0.0007058219617572828,0.05947084741412499,0.10268336314847942,0.2221824686940966,0.24007155635062613,0.03828264758497316,0.3967799642218247,0.6602809706257982,0.20306513409961685,0.13665389527458494,0.3193746510329425,0.16862088218872137,0.24232272473478503,0.2696817420435511,0.4280373831775701,0.5719626168224299,0.1002272267092623,0.16569551620958853,0.1161555940516097,0.10364687619518999,0.12067763054286935,0.12342234920920606,0.09925982586784854,0.056176741883956896,0.11473823933046863,0.001979797070800243,0.00026997232783639675,0.05376948862741569,0.0031496771580912957,0.006546828950032621,0.08189160611037369,0.18342369907084524,0.04339805169970078,0.07300501698575897,0.021395306981034444,0.03264415397421764,0.014668496479110891,0.045107876442664625,0.043510540169632614,0.04985488987378794,0.10783144727665414,0.18441359760624537,0.05313955319579743,3.7789137910853094,0.29360768967183415,-0.3992755382541047,2.7976006098455244,39.066654,-5.7978897
Eastleigh,E07000086,125199,118537,114873,602,191,2871,1740,391,254,652,443,3740,1954,160,294,625,707,605,430,129,46,577,201,376,65768,7241,11807,9005,8492,7978,5857,5591,3979,5818,61561,44190,14538,3817,1093,65768.0,172,50,5851,355,381,5810,10851,3764,2773,3008,3281,856,4294,3042,4139,6292,7781,3068,2011,0.9467887123699071,0.029872443070631555,0.004832306967308046,0.013897874583662808,0.004608663008490483,0.4917052053131415,0.35295809071957446,0.11611913833177581,0.030487463957379852,0.00873010167812842,0.9690898200561849,0.005078583058454322,0.0016113112361541121,0.02422028564920658,0.0786096256684492,0.16711229946524064,0.5224598930481283,0.0427807486631016,0.1890374331550802,0.7107438016528925,0.21322314049586777,0.07603305785123966,0.37471264367816093,0.14597701149425288,0.2247126436781609,0.2545977011494253,0.3483535528596187,0.6516464471403813,0.11009913635810728,0.17952499695900742,0.13692069091351416,0.12912054494587033,0.1213051940153266,0.0890554677046588,0.08501094757328792,0.06050054737866439,0.08846247415156307,0.00261525361878117,0.0007602481449945262,0.08896423792725945,0.005397761829461136,0.00579309086485829,0.08834083444836395,0.16498905242671208,0.057231480355187936,0.042163362121396424,0.045736528402870694,0.04988748327454081,0.013015448242306289,0.06529011069212991,0.046253497141466975,0.06293334144264688,0.09566962656611118,0.11830981632404818,0.04664882617686413,2.9778199743052767,-1.9891364884562401,1.8232464708280076,0.6485636004722211,22.897339,-3.9477632
Elmbridge,E07000207,130875,118123,104508,2072,153,11390,3411,521,347,1550,993,7075,2489,555,504,1143,2384,1010,620,272,118,1256,597,659,64730,12074,15800,11443,6968,4760,4868,3435,1947,3435,73880,40555,12360,3213,867,64730.0,137,324,3256,255,242,3825,8248,2750,2437,5541,4975,1391,8770,3650,2775,6292,5712,4150,2011,0.9025635148042025,0.05405921680993314,0.007717287488061127,0.026063037249283667,0.00959694364851958,0.5645081184336199,0.30987583572110794,0.09444126074498567,0.024550143266475644,0.006624641833810888,0.8847387892281774,0.017541037731855776,0.0012952600255665705,0.09642491301440025,0.07123674911660777,0.1615547703180212,0.35180212014134277,0.0784452296819788,0.3369611307420495,0.6138613861386139,0.2693069306930693,0.11683168316831684,0.45441219583699793,0.10172969803576663,0.15274113163295222,0.2911169744942832,0.4753184713375796,0.5246815286624203,0.18652865750038622,0.24409083886914879,0.17678047273289046,0.10764714969874865,0.07353622740614861,0.07520469643133014,0.05306658427313456,0.030078788815078018,0.05306658427313456,0.0021164838560173028,0.00500540707554457,0.05030125135176888,0.003939440753900819,0.003738606519388228,0.05909161130851228,0.12742159740460374,0.042484164993048044,0.03764869457747567,0.08560173026417427,0.07685771666924146,0.02148926309284721,0.13548586435964777,0.05638807353622741,0.04287038467480303,0.09720376950409393,0.08824347288737834,0.06411246717132706,0.7434999359026101,-7.294522449935876,4.1922733446439935,1.6842200953034423,15.7433195,1.846117
Enfield,E09000010,312466,190640,126450,6899,344,56947,17183,4852,2384,4189,5758,34893,11648,2594,5599,2588,12464,53687,28222,17334,8131,16063,1930,14133,137622,14836,26102,17202,17936,14348,13093,11575,8296,14234,146351,109394,39699,12840,4182,137622.0,128,65,5338,380,636,10559,22131,7388,8310,6392,7225,3302,10207,7651,7592,15343,16931,8044,2011,0.6101143804445923,0.11166974966876396,0.17181709369979453,0.05499158308423956,0.051407193102609564,0.468374159108511,0.3500988907593146,0.12705062310779414,0.04109247086082966,0.013383856163550594,0.6632920688208142,0.0361886277801091,0.00180444817456987,0.2987148552245069,0.16046198377898147,0.07416960421861118,0.3338205370704726,0.07434155847877798,0.3572063164531568,0.5256766069998323,0.3228714586398942,0.15145193436027343,0.24378746435430368,0.13874177966594892,0.28237211197113427,0.33509864400861317,0.1201519018863226,0.8798480981136774,0.10780253157198703,0.1896644431849559,0.12499455028992458,0.13032799988373953,0.10425658688291116,0.09513740535670169,0.08410719216404354,0.06028105971428987,0.10342823095144672,0.0009300838528723606,0.00047230820653674556,0.03878740317681766,0.0027611864382148204,0.004621354143959542,0.07672465158186918,0.16081004490561102,0.05368327738297656,0.06038278763569778,0.0464460624028135,0.05249887372658441,0.023993256892066675,0.07416692098647018,0.055594309049425236,0.055165598523491885,0.11148653558297365,0.12302538838267138,0.058449957128947405,0.7736929163602266,-5.544889664252715,-3.9009207622325857,-0.44079608315681656,11.880571,-4.992018
Epping Forest,E07000072,124659,112869,106233,1427,176,5033,2649,881,267,808,693,5922,3041,933,265,598,1085,2404,1186,958,260,815,151,664,61609,9051,10107,9039,9269,7167,4845,3681,3839,4611,61413,42077,15435,4441,1293,61609.0,356,31,3378,159,417,6751,9096,3223,2228,2504,5236,1403,5049,3239,3154,5848,6044,3493,2011,0.9054219911919718,0.04750559526387987,0.019284608411747246,0.02124996991793613,0.006537835214465061,0.4926479435901138,0.33753680039146794,0.12381777488989965,0.03562518550606053,0.010372295622458066,0.9412061770725354,0.012642975484854123,0.0015593298425608448,0.04459151760004962,0.0447483958122256,0.10097939885173927,0.5135089496791625,0.157548125633232,0.18321513002364065,0.4933444259567388,0.3985024958402662,0.10815307820299501,0.30502076255190635,0.10079275198187995,0.3325783314458286,0.26160815402038506,0.18527607361963191,0.8147239263803681,0.14691035400671978,0.16405070687724196,0.14671557726955478,0.15044879806521774,0.11633040627181093,0.07864110763037868,0.05974776412537129,0.062312324498044115,0.0748429612556607,0.00577837653589573,0.0005031732376763135,0.05482965151195442,0.002580791767436576,0.006768491616484604,0.10957814605009009,0.14764076677108864,0.05231378532357286,0.03616354753363957,0.04064341248843513,0.08498758298300572,0.022772646853544125,0.0819523121621841,0.05257348763979289,0.051193819084873964,0.09492119657842199,0.09810254995211738,0.05669626190978591,2.7849683556753435,-3.330641639402064,1.8324481021281087,-2.2365343271942377,19.409182,-3.4322248
Epsom and Ewell,E07000208,75102,64502,59049,1142,132,4179,1922,406,223,758,535,6484,1828,667,325,922,2742,1128,679,304,145,1066,538,528,38005,4923,8696,5898,5055,3588,3275,2539,1527,2504,39208,25355,7988,2016,535,38005.0,39,93,1423,135,174,3168,5154,1641,1381,2259,2684,661,3931,1883,2295,3836,5042,2206,2011,0.8588586189449016,0.08633591648691114,0.015019573380202924,0.025591861734707465,0.014194029453276876,0.52206332720833,0.3376075204388698,0.1063620143271817,0.026843492849724374,0.0071236451758941175,0.9154599857368764,0.017704877368143624,0.002046448172149701,0.0647886887228303,0.05012338062924121,0.14219617520049352,0.28192473781616284,0.10286859962985812,0.4228871067242443,0.6019503546099291,0.2695035460992908,0.12854609929078015,0.39438085327783556,0.11602497398543184,0.21123829344432882,0.27835587929240374,0.5046904315196998,0.49530956848030017,0.12953558742270754,0.22881199842126035,0.15519010656492566,0.133008814629654,0.09440863044336271,0.08617287199052756,0.06680699907906855,0.040178923825812396,0.06588606762268123,0.0010261807656887251,0.002447046441257729,0.037442441783975794,0.00355216418892251,0.004578344954611235,0.0833574529667149,0.13561373503486385,0.04317852914090251,0.036337324036311014,0.05943954742797,0.07062228654124457,0.017392448362057625,0.10343375871595843,0.04954611235363768,0.060386791211682674,0.10093408762004999,0.1326667543744244,0.05804499407972635,1.815230936241455,-5.268473993065229,2.4210198258463658,1.288040452535763,18.102438,0.023221323
Erewash,E07000036,112081,108765,106673,574,29,1489,1269,734,72,276,187,1383,778,89,21,266,229,536,125,337,74,128,34,94,54851,5493,7470,6218,6309,7537,4898,4942,5396,6588,49349,39666,16762,4874,1430,54851.0,152,63,8968,526,406,4761,9778,3331,2523,1481,1185,654,2647,2233,2662,5237,6102,2142,2011,0.9704142539770345,0.012339290334668677,0.00478225569008128,0.011322168788643927,0.001142031209571649,0.4402976418839946,0.3539047653036643,0.14955255574093737,0.04348640715197045,0.012758629919433268,0.9807658713740633,0.005277432997747437,0.000266629890130097,0.013690065738059119,0.015184381778741865,0.19233550253073028,0.5625451916124368,0.064352856109906,0.16558206796818511,0.2332089552238806,0.628731343283582,0.13805970149253732,0.21749408983451538,0.05673758865248227,0.578408195429472,0.14736012608353033,0.265625,0.734375,0.10014402654463911,0.13618712512078177,0.11336165247670964,0.11502069242128676,0.13740861606898688,0.0892964576762502,0.09009863083626551,0.09837559935096898,0.12010719950411114,0.0027711436436892675,0.0011485661154764725,0.16349747497766676,0.009589615503819439,0.00740187052195949,0.08679878215529344,0.17826475360522143,0.06072815445479572,0.045997338243605405,0.02700041931778819,0.021603981695866987,0.011923210151136716,0.04825800805819402,0.0407102878707772,0.04853147618092651,0.09547683725000455,0.11124683232757834,0.03905124792620007,5.414398204366757,1.027331581222118,-0.15852059737476368,-4.946846650867232,29.830564,-13.362265
Exeter,E07000041,117773,109590,104013,629,93,4855,1938,403,278,773,484,4595,946,164,227,1998,1260,667,492,128,47,983,659,324,57139,4777,10975,6645,6483,5828,5559,6367,3357,7148,58775,39301,14075,4331,1291,57139.0,189,48,2761,844,625,3961,9590,2725,4031,1699,1434,859,3772,2488,3783,6847,8671,2812,2011,0.930518879539453,0.03901573365712005,0.005663437290380648,0.0164553845108811,0.008346565002165181,0.49905326348144313,0.333701272787481,0.1195095650106561,0.03677413329031272,0.01096176543010707,0.9491103202846976,0.005739574778720686,0.0008486175745962222,0.04430148736198558,0.04940152339499456,0.43482045701849836,0.2058759521218716,0.03569096844396083,0.27421109902067464,0.7376311844077961,0.191904047976012,0.0704647676161919,0.3988648090815273,0.1434468524251806,0.20794633642930857,0.24974200206398348,0.6703967446592065,0.3296032553407935,0.08360314321216682,0.19207546509389384,0.11629534993612069,0.11346015856070285,0.10199688478972331,0.0972890670120233,0.11143002152645304,0.058751465723936365,0.12509844414497978,0.003307723271320814,0.0008400567038275084,0.04832076165141147,0.014770997042300355,0.010938238331087348,0.06932217924709919,0.16783632895220427,0.04769071912354084,0.07054726194018096,0.029734507079227847,0.025096694026846812,0.015033514762246451,0.06601445597577836,0.043542939148392516,0.0662069689704055,0.11983058856472811,0.15175274331017344,0.049213321899228196,4.521309131178409,-1.7791405838887513,0.5140028199073083,4.136711715468745,33.213223,-6.9018073
Fareham,E07000087,111581,107959,105663,475,85,1736,1359,301,150,657,251,1667,663,77,125,467,335,357,215,109,33,239,106,133,56445,6904,10357,8704,7169,6202,4825,4675,2906,4703,54170,39284,13638,3489,1000,56445.0,149,35,5581,403,366,4506,8331,2886,2357,2513,2368,697,3487,2571,5887,5587,6329,2392,2011,0.967539276400104,0.014939819503320458,0.0031994694437224975,0.012179492924422617,0.0021419417284304675,0.48547691811329885,0.35206710819942466,0.12222511000976868,0.03126876439537197,0.008962099282135847,0.9787326670310025,0.004399818449596606,0.0007873359330857084,0.016080178586315174,0.07498500299940011,0.28014397120575885,0.3977204559088182,0.04619076184763048,0.20095980803839233,0.6022408963585434,0.30532212885154064,0.09243697478991597,0.48344370860927155,0.11037527593818984,0.22148638704930096,0.18469462840323767,0.4435146443514644,0.5564853556485355,0.12231375675436265,0.18348835149260342,0.15420320666135176,0.12700859243511384,0.1098768712906369,0.08548144211179023,0.08282398795287448,0.051483745238727965,0.08332004606253876,0.00263973779785632,0.0006200726370803437,0.09887501107272566,0.007139693506953672,0.006484188147754451,0.07982992293382939,0.14759500398618125,0.051129418017539195,0.04175746301709629,0.04452121534236868,0.04195234298875011,0.012348303658428558,0.06177695101426167,0.0455487642838161,0.1042962175569138,0.0989813092390823,0.11212684914518557,0.04237753565417663,3.5484153036982575,-2.0923886157871237,2.9695374583161063,0.5996161297664391,23.816093,-3.7462106
Fenland,E07000010,95262,92631,86151,390,467,5623,901,293,104,264,240,1075,372,65,65,215,358,497,216,186,95,158,11,147,44514,4098,4195,4342,4507,6318,4723,3421,6421,6489,37577,36042,15760,4590,1293,44514.0,1466,29,6941,133,409,4318,7662,2552,1518,853,976,518,1830,2745,2804,3274,4797,1689,2011,0.9723814322605027,0.01128466754844534,0.005217190485188218,0.009458126010371397,0.0016585836954924314,0.39445949066784236,0.37834603514517856,0.16543847494278935,0.04818290609057126,0.013573093153618442,0.9300450173268129,0.004210253586812191,0.005041508782157161,0.06070322030421781,0.06046511627906977,0.2,0.34604651162790695,0.06046511627906977,0.3330232558139535,0.4346076458752515,0.37424547283702214,0.19114688128772636,0.293007769145394,0.11542730299667037,0.32519422863485015,0.2663706992230855,0.06962025316455696,0.930379746835443,0.09206092465291818,0.09424001437749921,0.09754234622815294,0.10124904524419284,0.1419328750505459,0.10610145122882689,0.07685222626589387,0.14424675383025565,0.14577436312171452,0.03293345913645145,0.0006514804331221639,0.15592847194141168,0.002987824055353372,0.009188120591274655,0.09700319000763805,0.17212562339937998,0.057330278114750416,0.03410163094756706,0.019162510670800197,0.02192568630093903,0.011636788426113133,0.04111066181426068,0.061665992721391026,0.0629914184301568,0.07354989441524015,0.10776384957541447,0.03794311901873568,4.786965016236053,2.743181523682745,-0.3016937736112554,-1.9810095070970133,34.400017,5.910296
Flintshire,W06000005,152506,150161,146185,693,95,3188,851,267,121,258,205,1201,296,87,223,323,272,142,88,42,12,151,50,101,74049,6851,10100,8050,8045,10379,7094,6633,8237,8660,74216,49498,20114,6774,1904,74049.0,685,177,14013,496,775,5675,12053,3015,3849,1424,2949,669,3368,3258,4235,6374,8206,2828,2011,0.9846235557945261,0.007875099996065728,0.0009311109071118513,0.00558010832360694,0.000990124978689363,0.48664314846628987,0.32456427943818605,0.1318898928566745,0.04441792454067381,0.01248475469817581,0.9735217533181052,0.004615046516738701,0.0006326542844014092,0.021230545880754657,0.18567860116569526,0.26894254787676936,0.24646128226477934,0.07243963363863447,0.22647793505412156,0.6197183098591549,0.29577464788732394,0.08450704225352113,0.30317273795534666,0.14218566392479437,0.3137485311398355,0.2408930669800235,0.33112582781456956,0.6688741721854304,0.09251981795837891,0.13639617010358007,0.10871179894394252,0.10864427608745561,0.14016394549555025,0.09580142878364327,0.08957582141554916,0.11123715377655337,0.11694958743534686,0.009250631338708152,0.002390309119636997,0.1892395575902443,0.006698267363502546,0.010466042755472728,0.07663844211265514,0.16277059784737133,0.040716282461613254,0.05197909492363165,0.01923050952747505,0.0398249807559859,0.009034558197950007,0.04548339612958987,0.04399789328687761,0.057191859444421934,0.08607813744952666,0.11081851206633446,0.03819092762900242,4.431738632029699,0.6459340864043228,0.16580154210920733,1.1537685677877356,38.028076,-9.952274
Folkestone and Hythe,E07000112,107969,102215,98029,745,164,3277,1267,387,149,420,311,3699,413,93,226,281,2686,458,277,130,51,330,64,266,48280,5292,6400,6200,5121,6149,5707,4679,3344,5388,45577,38999,16465,5321,1607,48280.0,496,39,2497,857,429,4671,7431,3102,2886,964,2357,529,2134,2946,3674,4311,6818,2139,2011,0.9467069251359187,0.03425983384119516,0.004241958339893858,0.011734849818003316,0.003056432864989025,0.42213042632607506,0.3612055312172939,0.15249747612740694,0.04928266446850485,0.01488390186071928,0.9590471065890525,0.007288558430758695,0.0016044611847576187,0.032059873795431196,0.061097593944309275,0.07596647742633145,0.11165179778318464,0.025141930251419302,0.7261422005947553,0.6048034934497817,0.2838427947598253,0.11135371179039301,0.3314917127071823,0.11760063141278611,0.30544593528018943,0.24546172059984214,0.19393939393939394,0.806060606060606,0.10961060480530241,0.13256006628003314,0.12841756420878211,0.10606876553438277,0.1273612261806131,0.1182062966031483,0.09691383595691798,0.06926263463131732,0.1115990057995029,0.010273405136702569,0.0008077879038939519,0.05171913835956918,0.017750621375310686,0.008885666942833471,0.09674813587406794,0.15391466445733223,0.06425020712510356,0.05977630488815244,0.01996685998342999,0.04881938690969345,0.01095691797845899,0.04420049710024855,0.061019055509527756,0.07609776304888152,0.08929163214581608,0.1412178956089478,0.044304059652029826,4.915524016365258,0.7654161164950151,0.5131654991176862,0.99502808207615,37.609062,-4.7782173
Forest of Dean,E07000080,81961,80699,79227,277,78,1117,528,170,82,181,95,473,159,25,1,129,159,199,99,58,42,62,5,57,39068,4294,5426,4114,4288,6073,4236,2573,3573,4491,36281,29340,11879,3535,926,39068.0,986,70,5275,241,364,3721,6008,1578,1740,1069,1151,514,2031,1763,2289,3640,4808,1820,2011,0.9846024328644111,0.005771037444638303,0.002427984041190322,0.00644208831029392,0.0007564573394663315,0.4426617537609351,0.35797513451519625,0.14493478605678312,0.043130269274411,0.011298056392674566,0.9817593774396213,0.0034325084573538704,0.0009665547280635448,0.013841559374961275,0.0021141649048625794,0.2727272727272727,0.3361522198731501,0.052854122621564484,0.3361522198731501,0.49748743718592964,0.2914572864321608,0.21105527638190955,0.3428030303030303,0.1553030303030303,0.32196969696969696,0.17992424242424243,0.08064516129032258,0.9193548387096774,0.10991092454182451,0.13888604484488584,0.10530357325688543,0.10975734616565988,0.1554469130746391,0.10842633357223302,0.06585952697860141,0.09145592300604075,0.11495341455923005,0.025238046483055186,0.0017917477219207536,0.1350209890447425,0.00616873144261288,0.009317088153987919,0.09524418961810177,0.15378314733285553,0.040391112931299274,0.04453772908774445,0.027362547353332652,0.029461451827582676,0.01315654755810382,0.05198628033172929,0.04512644619637555,0.058590150506808644,0.09317088153987918,0.12306747209992833,0.04658544076993959,4.52357694655805,1.532586383487839,1.8858697351564437,-1.1583120400195843,32.779766,3.1187456
Fylde,E07000119,75757,73844,72021,488,15,1320,742,251,87,233,171,845,297,118,25,209,196,163,63,54,46,163,67,96,34510,4349,7168,4330,4324,3580,3279,2459,1832,3189,33815,25591,11619,3692,1040,34510.0,337,22,4300,109,159,2172,4607,1067,2549,1271,1500,520,2022,1294,3364,3238,4354,1625,2011,0.9747482080863814,0.01115408477104426,0.0021516163522842776,0.009794474438005728,0.0021516163522842776,0.44636139234658184,0.33780376730863154,0.15337196562693878,0.04873477038425492,0.013728104333592936,0.975312821623964,0.0066085260820107255,0.00020313092465196902,0.017875521369373273,0.029585798816568046,0.24733727810650888,0.3514792899408284,0.13964497041420118,0.2319526627218935,0.38650306748466257,0.3312883435582822,0.2822085889570552,0.3140161725067385,0.11725067385444744,0.33827493261455527,0.23045822102425875,0.4110429447852761,0.588957055214724,0.1260214430599826,0.2077079107505071,0.12547087800637496,0.12529701535786728,0.1037380469429151,0.09501593740944654,0.07125470878006375,0.0530860620110113,0.09240799768183135,0.009765285424514634,0.0006374963778614895,0.12460156476383658,0.003158504781222834,0.0046073601854534916,0.06293827875977977,0.13349753694581282,0.030918574326282238,0.07386264850767893,0.03682990437554332,0.043465662126919734,0.015068096203998842,0.0585917125470878,0.037496377861489426,0.09747899159663866,0.0938278759779774,0.1261663286004057,0.04708780063749638,3.822232126764713,-0.7099412946850091,1.5074677352021826,-0.4483209602339465,28.44175,-3.0669158
Gateshead,E08000037,200214,192742,188355,592,87,3708,1558,412,260,523,363,3738,916,617,242,1054,909,1081,903,90,88,1095,289,806,91877,7720,13979,10437,11925,10484,8667,10206,7586,10873,85320,67807,31158,12152,3777,91877.0,153,160,9547,773,555,7204,15415,4735,4993,2926,2759,1305,4319,4355,7352,8338,12984,4004,2011,0.9626799324722547,0.01867002307530942,0.00539922283157022,0.007781673609238115,0.005469148011627558,0.4261440258922952,0.338672620296283,0.15562348287332553,0.06069505628976995,0.018864814648326293,0.9772390034346432,0.0030714634070415376,0.000451380602048334,0.019238152556266926,0.06474050294275013,0.28196896736222576,0.24505082932049224,0.16506153023006956,0.24317817014446227,0.8353376503237743,0.08325624421831637,0.08140610545790934,0.3356867779204108,0.1668806161745828,0.2644415917843389,0.23299101412066753,0.2639269406392694,0.7360730593607306,0.08402538176039705,0.15214906886380705,0.11359752712866114,0.12979309293947341,0.1141090806186532,0.09433264037789653,0.11108329614593423,0.08256691010807927,0.11834300205709808,0.001665269871676263,0.001741458689334654,0.10391066316923714,0.008413422292848046,0.006040684828629581,0.0784091774872928,0.16777866060058558,0.051536293087497416,0.054344395224049546,0.031846925781207486,0.03002927827421444,0.014203772434885771,0.04700850049522731,0.047400328700327614,0.08002002677492735,0.09075176594795216,0.14131937263950717,0.043580003700599716,4.795680605272298,1.4297121760939873,-1.0209136801754024,2.962392229986945,40.972847,-12.565774
Gedling,E07000173,113543,105656,102551,891,32,2182,2619,1500,240,521,358,3343,1366,962,67,411,537,1653,370,1118,165,272,68,204,55598,5972,9295,6956,7160,6912,5150,5178,3746,5229,51154,39934,16473,4657,1325,55598.0,209,75,5059,699,360,5109,9765,2419,2387,1653,1430,919,2988,2206,4030,6000,7726,2564,2011,0.9305373294698924,0.029442590031970268,0.014558361149520445,0.023066151149784664,0.0023955681988321606,0.4505253516288983,0.3517081634270717,0.14508159904177273,0.04101529816897563,0.011669587733281665,0.9706121753615506,0.008433027939728931,0.0003028696903157416,0.020651927008404635,0.020041878552198623,0.12294346395453186,0.40861501645228837,0.2877654801076877,0.16063416093329344,0.2238354506957048,0.6763460375075621,0.0998185117967332,0.19893088965253913,0.09163802978235967,0.572737686139748,0.1366933944253532,0.25,0.75,0.10741393575308464,0.16718227274362388,0.12511241411561566,0.12878161084931114,0.12432101874168136,0.09262923126731178,0.09313284650526997,0.06737652433540775,0.09405014568869384,0.0037591280261879923,0.0013489693873880355,0.09099248174394763,0.012572394690456491,0.006475053059462571,0.09189179466887298,0.17563581423792224,0.04350875930788877,0.042933199035936544,0.029731285298032303,0.02572034965286521,0.016529371560128063,0.053742940393539336,0.039677686247706755,0.07248462174898378,0.10791755099104285,0.13896183315946617,0.046116766790172306,5.018134371053756,-0.4553047140493969,-0.33679772932248087,-4.707232256208964,28.069422,-12.878149
Gloucester,E07000081,121688,108462,102912,850,136,4564,3565,2139,316,551,559,5839,3204,639,490,448,1058,3486,1100,1880,506,336,119,217,61374,5300,8359,7208,8173,7320,6555,5836,5245,7378,56655,43150,15933,4616,1334,61374.0,143,69,6894,826,422,4796,10513,2877,2924,1771,3437,654,2623,2752,4390,4915,9021,2347,2011,0.8913122082703306,0.047983367299980276,0.0286470317533364,0.02929623298928407,0.0027611596870685687,0.4655758990204457,0.3545953586220498,0.13093320623233187,0.03793307474853724,0.01096246137663533,0.9488300049787022,0.007836846084342904,0.0012538953734948645,0.04207925356346001,0.0839184791916424,0.07672546668950163,0.5487240965918821,0.10943654735399898,0.18119541017297483,0.31554790590935167,0.5393000573723465,0.1451520367183018,0.15455820476858345,0.08863955119214587,0.6,0.15680224403927068,0.3541666666666667,0.6458333333333334,0.08635578583765112,0.13619773845602373,0.11744386873920552,0.1331671391794571,0.11926874572294457,0.10680418418222701,0.09508912568840225,0.08545964089027927,0.12021377130380943,0.0023299768631668133,0.0011242545703392317,0.11232769576693714,0.01345846775507544,0.00687587577801675,0.07814383941082544,0.17129403330400494,0.04687652751979666,0.04764232411118715,0.028855867305373612,0.05600091243849187,0.010655978101476195,0.04273796721738847,0.04483983445758791,0.0715286603447714,0.08008277120604816,0.1469840649134813,0.03824094893603155,4.950747830151337,-0.5166913231779902,-1.6348857542202597,-4.254954237753995,27.494905,-13.526524
Gosport,E07000088,82622,79685,78001,313,32,1339,1066,272,142,426,226,1073,428,31,149,214,251,592,321,183,88,206,48,158,40063,3779,4860,5801,4633,5074,4356,3581,2947,5032,37447,29915,11224,3215,821,40063.0,40,21,4219,281,282,3056,5856,2008,2099,1021,1053,421,1452,2198,6076,3297,4960,1723,2011,0.9644525671128755,0.012986855801118346,0.0071651618213066735,0.012902132603906949,0.002493282660792525,0.45323279513930914,0.36207063493984654,0.13584759507153057,0.03891215414780567,0.009936820701508073,0.978866787977662,0.003927966367572316,0.00040158122607768086,0.01680366442868796,0.13886300093196646,0.19944082013047532,0.39888164026095063,0.028890959925442685,0.23392357875116496,0.5422297297297297,0.3091216216216216,0.14864864864864866,0.399624765478424,0.13320825515947468,0.2551594746716698,0.21200750469043153,0.23300970873786409,0.7669902912621359,0.09432643586351497,0.12130893842198537,0.14479694481192124,0.11564286249157577,0.12665052542245964,0.10872875221526096,0.08938421985373038,0.07355914434765244,0.12560217657189926,0.0009984274767241594,0.0005241744252801838,0.10530913810748072,0.00701395302398722,0.007038913710905324,0.07627985922172578,0.14616978259241695,0.0501210593315528,0.05239248184110027,0.02548486134338417,0.026283603324763496,0.010508449192521778,0.03624291740508699,0.054863589845992565,0.15166113371439982,0.08229538476898884,0.12380500711379577,0.04300726355989317,4.25326763063175,0.264640978095909,1.034983738622296,-0.21861886396969615,32.814594,-1.1610157
Gravesham,E07000109,101720,84226,78422,791,320,4693,2066,564,359,627,516,10604,7538,550,477,326,1713,2885,2226,456,203,1939,94,1845,47639,4812,6190,5315,5898,6083,4281,4609,4120,6331,47298,35572,13629,4104,1117,47639.0,392,52,3568,301,389,5689,8840,3147,2229,1316,2237,675,2468,2586,2647,4253,4773,2077,2011,0.8280180888714117,0.10424695241840345,0.028362170664569405,0.020310656704679513,0.019062131340935904,0.4649823043649233,0.349705072748722,0.13398545025560363,0.04034604797483288,0.010981124655918207,0.9310901621826989,0.009391399330373043,0.003799301878279866,0.05571913660864816,0.044983025273481705,0.03074311580535647,0.7108638249717087,0.05186721991701245,0.16154281403244058,0.7715771230502599,0.1580589254766031,0.07036395147313691,0.30348499515972893,0.17376573088092934,0.27299128751210067,0.24975798644724104,0.04847859721505931,0.9515214027849407,0.1010096769453599,0.12993555700161633,0.11156825290203405,0.12380612523352716,0.12768949810029598,0.0898633472574991,0.0967484623942568,0.08648376330317598,0.1328953168622347,0.00822855223661286,0.001091542643632318,0.0748966183169252,0.006318352610256302,0.008165578622557148,0.11941896345431265,0.18556224941749408,0.06605932114444048,0.04678939524339302,0.02762442536577174,0.046957324880874916,0.014169063162534898,0.05180629316316463,0.054283255316022586,0.05556371880182204,0.08927559352631248,0.10019101996263566,0.04359873213123701,3.112838736681167,-0.7040063130497092,-1.2561919961089434,-0.8839661688634464,19.884838,-11.108625
Great Yarmouth,E07000145,97277,94215,90280,390,63,3482,1159,294,277,331,257,1204,446,116,18,189,435,439,285,86,68,260,77,183,41264,3939,4159,3702,4324,5797,4948,4196,4090,6109,39204,35032,16130,5330,1581,41264.0,455,671,3899,253,309,3363,7422,2026,3911,515,812,385,1997,1928,1836,3167,6081,2234,2011,0.9685228779670426,0.012377026429680192,0.004512885882582728,0.011914429926909753,0.002672779793784759,0.4030140732136065,0.3601262374456449,0.16581514643749293,0.05479198577258756,0.016252557130668092,0.9582338268853156,0.004139468237541793,0.000668683330679828,0.036958021546462876,0.014950166112956811,0.1569767441860465,0.3704318936877076,0.09634551495016612,0.36129568106312293,0.6492027334851936,0.1958997722095672,0.1548974943052392,0.28559102674719583,0.23899913718723037,0.25366695427092323,0.22174288179465057,0.29615384615384616,0.7038461538461539,0.09545851105079488,0.100790034897247,0.08971500581620784,0.10478867778208607,0.1404856533540132,0.11991081814656844,0.10168670027142303,0.0991178751454052,0.14804672353625437,0.011026560682435052,0.016261147731678947,0.09448914307871267,0.00613125242341993,0.007488367584335014,0.08149961225281117,0.17986622721985265,0.049098487785963554,0.09477995347033734,0.012480612640558357,0.01967816983326871,0.009330166731291199,0.048395696006203956,0.04672353625436215,0.04449398991857309,0.07674970918960837,0.14736816595579683,0.054139201240791,6.082456690420763,2.6234373463106953,-1.3207247347988744,2.170148899574463,35.25321,-16.702002
Greenwich,E09000011,254557,159002,133130,4291,430,21151,12274,4011,2699,2361,3203,29894,7836,2594,1645,5061,12758,48655,35164,8051,5440,4732,1069,3663,117821,11295,24081,16684,13759,10589,11396,9324,6508,14185,127641,83875,29386,10420,3235,117821.0,110,104,3518,371,575,8771,14359,5839,7942,5924,9028,2151,9599,8116,7712,12018,14104,7580,2011,0.6246223831990477,0.11743538775205553,0.1911359734754888,0.048217098724450715,0.01858915684895721,0.5014240425523556,0.3294939836657409,0.11543976398213367,0.040933857642885485,0.012708352156884312,0.8372850655966592,0.026987081923497816,0.002704368498509453,0.13302348398133357,0.055027764768849935,0.16929818692714257,0.2621261791663879,0.0867732655382351,0.4267746035993845,0.7227212002877402,0.1654711745966499,0.1118076251156099,0.19235782955841615,0.21989571451849438,0.3267883330617566,0.2609581228613329,0.22590870667793744,0.7740912933220625,0.09586576247018783,0.20438631483351866,0.1416046375433921,0.11677884248139127,0.08987362185009463,0.09672299505181589,0.07913699595148573,0.05523633308153895,0.12039449673657497,0.0009336196433572963,0.0008826949355378073,0.029858853684826984,0.0031488444335050626,0.004880284499367685,0.0744434353807895,0.12187131326334015,0.049558228159665936,0.06740733825039678,0.050279661520442026,0.07662471036572428,0.018256507753286765,0.08147104505987897,0.06888415477716196,0.06545522445064972,0.10200218976243623,0.11970701318101187,0.06433488087862096,1.3369320873874242,-4.927161788861115,-2.966813234569163,1.542647978926529,12.348122,-4.018898
Guildford,E07000209,137183,124707,114510,1193,491,8513,2501,432,288,1077,704,6616,1661,487,320,1884,2264,1656,1162,336,158,1703,923,780,70021,9551,17168,11221,7200,6623,5452,4881,2488,5437,73969,45445,13442,3402,925,70021.0,219,220,3820,243,373,4901,9818,2521,3432,5341,3560,1078,7526,3414,4179,7964,7404,4008,2011,0.90905578679574,0.048227550060867604,0.012071466581136147,0.018231121932017817,0.01241407463023844,0.5391994634903742,0.33127282535007985,0.09798590204325609,0.024798991128638388,0.006742817987651531,0.9182323365969833,0.009566423697146111,0.003937228864458291,0.06826401084141227,0.04836759371221282,0.28476420798065294,0.25105804111245467,0.07360943168077388,0.3422007255139057,0.7016908212560387,0.2028985507246377,0.09541062801932366,0.4306277489004398,0.11515393842463015,0.17273090763694524,0.2814874050379848,0.5419847328244275,0.4580152671755725,0.13640193656188856,0.24518358778080862,0.1602519244226732,0.10282629496865227,0.09458590994130332,0.07786235557904057,0.06970765913083218,0.03553219748361206,0.07764813413118922,0.0031276331386298397,0.0031419145684865968,0.05455506205281273,0.003470387455192014,0.005326973336570458,0.06999328772796733,0.14021507833364277,0.03600348466888505,0.04901386726839091,0.07627711686494051,0.05084189029005584,0.015395381385584325,0.10748204110195513,0.04875680153096928,0.059682095371388584,0.11373730737921481,0.10573970665943075,0.057239970865883096,1.5235653224756271,-5.327516363290318,3.3423737319164775,2.6703514160916066,19.08714,2.8536196
Gwynedd,W06000002,121874,117573,115072,570,153,1778,964,287,126,332,219,2170,461,220,176,905,408,289,195,70,24,878,700,178,53961,5549,8572,5060,4827,9016,6301,4219,3724,6693,61396,37383,16593,4998,1504,53961.0,1868,250,3150,581,584,5185,7812,1833,5300,1063,612,623,1977,1882,3465,6818,7922,3036,2011,0.9647094540262895,0.017805274299686563,0.0023713015081149383,0.007909808490736334,0.0072041616751727195,0.5037661847481826,0.30673482449086764,0.13614880942612861,0.04100956725798776,0.01234061407683345,0.9787281093448326,0.004848051848638718,0.001301319180424077,0.015122519626104633,0.08110599078341015,0.41705069124423966,0.21244239631336406,0.10138248847926268,0.1880184331797235,0.6747404844290658,0.2422145328719723,0.08304498269896193,0.34439834024896265,0.13070539419087138,0.29771784232365145,0.22717842323651452,0.7972665148063781,0.20273348519362186,0.10283352791831138,0.15885546969107317,0.0937714275124627,0.0894534941902485,0.16708363447675173,0.11676951872648765,0.07818609736661664,0.06901280554474527,0.12403402457330294,0.03461759418839532,0.004632975667611794,0.0583754934119086,0.010767035451529808,0.01082263115954115,0.09608791534626861,0.14477122366153333,0.03396897759492967,0.09821908415337002,0.019699412538685346,0.01134152443431367,0.01154537536368859,0.03663757157947407,0.03487704082578158,0.06421304275309946,0.12635051240710884,0.14680973295528252,0.05626285650747762,5.509104903510063,-0.2701737914964652,0.8550031582571725,3.8794909669712485,43.174133,-3.372536
Hackney,E09000012,246270,134617,89030,5216,474,39897,15869,4989,2866,3020,4994,25867,7599,1905,6180,3436,6747,56858,27976,19168,9714,13059,1721,11338,118556,11427,29638,25881,10939,7544,8860,8167,3983,12117,128442,75699,26837,11183,4109,118556.0,53,68,3014,151,288,4458,13654,3828,7983,11247,5790,2459,17752,6893,4768,13475,12444,10231,2011,0.5466236244771998,0.10503512405083851,0.23087668006659356,0.06443740609899704,0.053027165306371055,0.5215495188208065,0.30738214155195515,0.10897389044544606,0.04540950988752183,0.016684939294270517,0.6613577779923784,0.038746963607865274,0.00352110060393561,0.2963741577958207,0.23891444697877603,0.13283333977654926,0.2937719874743882,0.07364595817064214,0.26083426759964434,0.4920327834253755,0.33712054592141827,0.17084667065320625,0.19030814796143425,0.18060369273426177,0.31438653979456804,0.31470161950973596,0.1317865073895398,0.8682134926104602,0.09638483079726036,0.24999156516751578,0.21830189952427545,0.09226863254495765,0.06363237626100746,0.07473261581025001,0.0688872768986808,0.033595937784675595,0.10220486521137691,0.00044704612166402373,0.0005735686089274267,0.025422585107459764,0.0012736597051182564,0.0024292317554573365,0.037602483214683353,0.11516920273963359,0.032288538749620434,0.06733526772158305,0.09486656095009953,0.04883768008367354,0.020741253078713856,0.1497351462599953,0.05814130031377577,0.04021728128479368,0.11365936772495698,0.10496305543371909,0.08629677114612504,-1.3362012610745124,-9.02896723099804,-4.0324035021063045,0.5348089494552695,10.469267,-2.599438
Halton,E06000006,125746,123041,121210,654,41,1136,1356,465,253,330,308,943,282,44,60,308,249,260,95,134,31,146,54,92,57577,4705,6864,6354,6818,6127,5466,7090,6235,7918,58684,39693,17504,7732,2133,57577.0,88,94,7218,469,918,4255,10757,3985,2670,2237,1359,672,2589,3065,3723,4413,6881,2184,2011,0.9784883813401619,0.007499244508771651,0.0020676602039031064,0.010783643217279277,0.001161070729884052,0.46668681309942267,0.3156601402827923,0.13920124695815375,0.06148903344838007,0.016962766211251253,0.9851187815443633,0.005315301403597175,0.0003332222592469177,0.009232694792792647,0.06362672322375397,0.3266171792152704,0.2990455991516437,0.04665959703075292,0.264050901378579,0.36538461538461536,0.5153846153846153,0.11923076923076924,0.24336283185840707,0.18657817109144542,0.34292035398230086,0.22713864306784662,0.3698630136986301,0.6301369863013698,0.0817166576931761,0.11921426958681418,0.1103565659898918,0.11841533945846432,0.10641401948694791,0.09493374090348576,0.12313944804348959,0.10828976848394324,0.1375201903537871,0.0015283880716258228,0.0016325963492366743,0.1253625579658544,0.008145613699914896,0.015943866474460288,0.07390103687236223,0.18682807370998836,0.0692116643798739,0.04637268353682894,0.038852319502579155,0.023603174878857876,0.011671327092415374,0.04496587178908244,0.05323306181287667,0.0646612362575334,0.07664518818278132,0.11950952637337826,0.03793181305034997,5.802503846527425,1.0122337031356972,-1.4505085079042481,0.5721332259798614,42.669464,-8.91276
Hammersmith and Fulham,E09000013,182493,124222,81989,6321,217,35695,10044,2769,1495,2649,3131,16635,3451,1612,1056,3140,7376,21505,10552,7111,3842,10087,5228,4859,99618,14537,26933,22021,9597,5423,6501,5430,2517,6659,103036,53374,17188,6531,2364,99618.0,80,252,2338,244,191,3991,10590,3207,6813,9586,9840,2901,16072,5403,3025,8188,9346,7551,2011,0.6806946019847336,0.09115418125626737,0.11784013633399637,0.05503772747447847,0.05527335295052413,0.564602477903262,0.2924714920572296,0.09418443447145917,0.035787674047771695,0.01295392152027749,0.660019964257539,0.05088470641271273,0.0017468725346556971,0.28734845679509263,0.06348061316501352,0.18875864141869553,0.20745416290952812,0.09690411782386535,0.4434024646828975,0.4906765868402697,0.3306672866775169,0.17865612648221343,0.2637395459976105,0.14884508164078056,0.2756869772998805,0.3117283950617284,0.5182908694359076,0.48170913056409237,0.14592744283161677,0.27036278584191614,0.2210544279146339,0.09633801120279467,0.05443795298038507,0.06525929048967054,0.05450822140577004,0.02526651809913871,0.06684534923407416,0.0008030677186853781,0.002529663313858941,0.023469654078580177,0.0024493565419904033,0.0019173241783613402,0.0400630408159168,0.10630608926097693,0.0321929771728001,0.06839125459254351,0.09622758939147544,0.09877732939830151,0.029121243148828524,0.16133630468389246,0.054237186050713725,0.03036599811279086,0.08219398100744846,0.0938183862354193,0.07579955429741612,-1.09426201438248,-11.019442171497168,-0.793388524933487,2.0339448412133025,11.26247,-0.37678927
Harborough,E07000131,85382,81316,79242,486,61,1527,971,308,92,384,187,2563,1849,132,44,226,312,327,179,111,37,205,35,170,44079,6735,8434,5856,4995,5227,3449,2864,2464,4055,43421,29261,9707,2345,648,44079.0,862,60,4548,286,232,3571,8035,1853,1893,1377,1500,595,3087,2096,2256,5119,4734,1975,2011,0.9523787215103886,0.030018036588508115,0.003829847040359795,0.011372420416481226,0.0024009744442622565,0.5085498114356656,0.34270689372467267,0.11368906795343281,0.027464805228268253,0.0075894216579606944,0.9744945644153672,0.00597668355551183,0.0007501598701362585,0.0187785921589847,0.017167381974248927,0.08817791650409676,0.7214202106905969,0.05150214592274678,0.12173234490831057,0.5474006116207951,0.3394495412844037,0.11314984709480122,0.39546858908341914,0.09474768280123584,0.3171987641606591,0.19258496395468588,0.17073170731707318,0.8292682926829268,0.15279384741033145,0.19133827899906986,0.13285237868372696,0.11331926767848635,0.1185825449760657,0.07824587672134123,0.06497425077701399,0.05589963474670478,0.0919939200072597,0.019555797545316365,0.0013611924045463827,0.1031783842646158,0.006488350461671091,0.005263277297579346,0.08101363461058554,0.1822863495088364,0.04203815876040745,0.04294562036343837,0.031239365684339482,0.03402981011365957,0.013498491345084962,0.07003334921391138,0.0475509879988203,0.05118083441094399,0.11613239864788222,0.10739808071870958,0.044805916649651764,2.5381332344001812,-2.1719254492259386,3.125398033187051,-2.790287459169923,24.393248,-6.383173
Haringey,E09000014,254926,154343,88424,6997,370,58552,16548,4856,2609,3738,5345,24150,5945,1920,4417,3744,8124,47830,23037,18087,6706,12055,2229,9826,124296,12571,29694,21564,11841,10908,9561,8543,4868,14746,126485,85567,28444,10650,3780,124296.0,53,65,3084,177,327,7783,14608,4551,10585,10208,5185,2445,14132,7807,5273,14246,13600,10167,2011,0.6054423636663189,0.09473337360645835,0.18762307493154876,0.06491295513207754,0.0472882326635965,0.4961635925719621,0.3356542682974667,0.11157747738559425,0.041776829354400885,0.014827832390576088,0.5729058007165858,0.04533409354489676,0.002397258055111019,0.37936284768340645,0.18289855072463768,0.1550310559006211,0.24616977225672879,0.07950310559006211,0.33639751552795033,0.48164332009199246,0.3781517875810161,0.14020489232699143,0.22588832487309646,0.1576625574087503,0.29344935943920714,0.3229997582789461,0.18490253007051016,0.8150974699294898,0.10113760700263887,0.23889747055416102,0.17348909055802278,0.0952645298320139,0.08775825448928365,0.0769212203128017,0.0687310935186973,0.03916457488575658,0.11863615884662419,0.00042640149320975735,0.0005229452275214005,0.024811739718092297,0.0014240200810967368,0.0026308167599922764,0.06261665701229324,0.11752590590204029,0.03661421123769067,0.08515961897406192,0.0821265366544378,0.041714938533822486,0.019670785865997298,0.11369633777434511,0.06280974448091652,0.042422925918774536,0.11461350325030573,0.10941623221986227,0.08179667889553968,-0.6150271953072979,-8.11718372888556,-3.956701031711903,0.3278482685185397,10.711383,-3.4454122
Harlow,E07000073,81944,72999,68715,875,117,3292,1752,654,308,389,401,3733,1061,629,392,830,821,3090,2256,542,292,370,147,223,40401,3598,5000,4515,5176,5001,4153,3787,3726,5445,36969,29380,11203,3398,994,40401.0,67,6,3841,118,318,3873,8244,2724,1797,1369,1173,420,1811,2199,1876,3246,5610,1709,2011,0.8908400859123303,0.04555550131797325,0.03770867909792053,0.02138045494484038,0.004515278726935468,0.4511495655569657,0.3585375378307137,0.13671531777799473,0.04146734355169384,0.01213023528263204,0.9413142645789668,0.01198646556802148,0.0016027616816668721,0.045096508171344814,0.10500937583712831,0.22234128047147067,0.28422180551834986,0.1684971872488615,0.21993035092418967,0.7300970873786408,0.17540453074433657,0.09449838187702266,0.22203196347031964,0.17579908675799086,0.3732876712328767,0.2288812785388128,0.3972972972972973,0.6027027027027027,0.08905720155441697,0.12375931288829485,0.11175465953813024,0.12811564070196282,0.1237840647508725,0.1027944852850177,0.09373530358159451,0.09222543996435732,0.1347738917353531,0.001658374792703151,0.00014851117546595382,0.0950719041607881,0.0029207197841637582,0.007871092299695553,0.09586396376327319,0.20405435509022055,0.06742407366154303,0.04447909705205317,0.03388529986881513,0.02903393480359397,0.010395782282616768,0.04482562312814039,0.05442934580827207,0.04643449419568822,0.08034454592708101,0.1388579490606668,0.042300933145219176,4.002738901069429,0.12102777577860971,-1.8367568601489563,0.9586152820916616,21.733665,-12.327869
Harrow,E09000015,239056,100991,73826,7336,181,19648,9499,2344,1053,3417,2685,101808,63051,7797,1378,2629,26953,19708,8526,6812,4370,7050,3708,3342,113900,13368,26446,14492,15464,10061,8358,10248,5862,9601,113731,86069,28329,8289,2638,113900.0,35,123,4923,307,395,9356,19927,6279,4967,7212,7137,2033,11262,5807,5322,10882,12431,5502,2011,0.4224574994980256,0.4258751087611271,0.0824409343417442,0.03973545947393079,0.029490997925172343,0.4757504517769895,0.360036978783214,0.11850361421591593,0.03467388394351115,0.011035071280369454,0.7310156350565892,0.07264013624976483,0.0017922389123783307,0.19455198978126764,0.013535282099638534,0.02582311802608832,0.6193128241395568,0.07658533710513908,0.2647434386295772,0.43261619646843924,0.34564643799472294,0.22173736553683784,0.3597220760080008,0.11085377408148227,0.24676281713864617,0.2826613327718707,0.5259574468085106,0.47404255319148936,0.11736611062335382,0.23218612818261633,0.12723441615452152,0.13576821773485515,0.08833187006145742,0.0733801580333626,0.08997366110623353,0.051466198419666376,0.08429323968393328,0.00030728709394205444,0.001079894644424934,0.04322212467076383,0.002695346795434592,0.0034679543459174714,0.0821422300263389,0.1749517120280948,0.05512730465320457,0.043608428446005265,0.06331870061457419,0.06266022827041265,0.01784899034240562,0.09887620719929763,0.05098331870061457,0.04672519754170325,0.09553994732221247,0.10913959613696225,0.04830553116769096,0.7595798953021694,-7.413491328617837,-3.475456888832585,-1.5774283743065045,12.616557,-7.1059294
Hart,E07000089,91033,86355,82534,642,273,2906,1457,311,152,685,309,2448,880,141,136,435,856,506,266,178,62,267,100,167,48047,7371,10655,8096,5645,4595,3586,3177,1836,3086,50079,30120,8432,1891,511,48047.0,188,115,3350,188,278,3280,6818,2098,2120,4975,2212,611,4358,2496,4011,4537,4104,2308,2011,0.9486120417870443,0.026891347093911,0.0055584238682675514,0.016005184932936407,0.002933002317840783,0.5501191875473729,0.3308690255182187,0.092625751101249,0.020772686827853635,0.005613349005305768,0.9557524173469979,0.007434427653291645,0.003161368768455793,0.033651786231254706,0.05555555555555555,0.17769607843137256,0.35947712418300654,0.05759803921568627,0.34967320261437906,0.525691699604743,0.35177865612648224,0.1225296442687747,0.47014413177762526,0.10432395332875773,0.213452299245024,0.212079615648593,0.37453183520599254,0.6254681647940075,0.1534122838054405,0.22176202468416342,0.1685016754427956,0.11748912523154412,0.09563552354985744,0.07463525298145565,0.06612275480258913,0.03821258351197786,0.06422877599017629,0.003912835348721044,0.0023934897079942556,0.06972339584157179,0.003912835348721044,0.005786001207151331,0.06826648906279269,0.1419027202530855,0.04366557745540824,0.044123462443024536,0.10354444606322975,0.04603825420941994,0.012716714883343394,0.09070285345599101,0.051949133140466626,0.08348075842404312,0.09442837221886903,0.08541636314442108,0.048036297791745584,1.7970933776614506,-5.11980133652606,4.560290818695844,-0.08189105913915347,18.610846,1.8178284
Hartlepool,E06000001,92028,89899,88924,193,40,742,550,180,54,173,143,1304,266,291,214,229,304,170,129,36,5,105,57,48,37767,3035,4921,3958,3853,5126,4359,3880,3879,4756,39816,30117,14607,5789,1699,37767.0,139,267,4410,666,539,3764,5657,1575,1938,645,789,588,1511,1603,2552,3641,5829,1654,2011,0.9768657365149737,0.014169600556352415,0.0018472638762115877,0.005976441952449255,0.0011409571000130395,0.43265093232494456,0.3272590950580258,0.15872343199895683,0.06290476811405224,0.018461772504020514,0.9891544956006185,0.002146853691364754,0.00044494377023103704,0.008253706937785737,0.16411042944785276,0.17561349693251535,0.20398773006134968,0.22315950920245398,0.2331288343558282,0.7588235294117647,0.21176470588235294,0.029411764705882353,0.3145454545454546,0.09818181818181818,0.32727272727272727,0.26,0.5428571428571428,0.45714285714285713,0.08036116186088384,0.13029893822649402,0.1048004871978182,0.10202028225699684,0.13572695739666904,0.11541822225752642,0.10273519209892235,0.1027087139566288,0.12593004474806047,0.0036804617788015995,0.007069663992374295,0.11676860751449679,0.017634442767495432,0.014271718696216273,0.09966372759287208,0.14978685095453703,0.04170307411232028,0.0513146397648741,0.017078401779331162,0.020891254269600444,0.015569147668599572,0.04000847300553393,0.04244446209653931,0.06757221913310563,0.09640691609076707,0.15434109142902533,0.04379484735350968,6.64662762337058,1.6866629084677114,-1.6830183990210204,3.046601612456089,39.812603,-13.844758
Hastings,E07000062,90254,84631,80624,702,150,3155,1948,595,277,585,491,2126,487,78,276,366,919,1065,639,303,123,484,161,323,40671,3954,5682,4520,4891,5406,5388,3703,2785,4342,36556,32707,14276,5159,1556,40671.0,142,27,2828,135,258,3978,6747,1694,2273,972,1345,563,1852,1626,2830,3834,7497,2070,2011,0.937698052163893,0.0235557426817648,0.011800031023555743,0.02158353092383717,0.0053626432069492766,0.40503467990338377,0.362388370598533,0.15817581492233032,0.05716090145589115,0.017240233119861722,0.9526532830759414,0.008294832862662617,0.0017724001843296192,0.037279483877066324,0.12982126058325494,0.17215428033866415,0.229068673565381,0.036688617121354655,0.43226716839134527,0.6,0.28450704225352114,0.11549295774647887,0.30030800821355236,0.14219712525667352,0.30544147843942504,0.25205338809034905,0.33264462809917356,0.6673553719008265,0.09721914877922844,0.1397064247252342,0.11113569865506134,0.12025767746059846,0.1329202625949694,0.13247768680386515,0.0910476752477195,0.06847630990140395,0.10675911583191955,0.0034914312409333433,0.0006638636866563399,0.06953357429126404,0.0033193184332816995,0.006343586339160582,0.09780924983403408,0.16589215903223428,0.04165129945169777,0.055887487398883724,0.023899092719628236,0.03307024661306582,0.013842787243982198,0.04553613139583487,0.0399793464630818,0.06958274937916452,0.09426864350520027,0.1843328169949104,0.050896215976986056,4.466005480432932,1.3321112034739768,-0.7456694932153479,1.5426718896408256,39.199715,-4.908329
Havant,E07000090,120684,117162,114919,532,64,1647,1514,404,215,588,307,1427,504,72,155,313,383,388,252,55,81,193,73,120,55555,5595,8036,6163,6341,7638,5565,5438,4538,6241,53474,43275,17188,5172,1575,55555.0,128,27,6457,873,546,5851,9228,2392,2718,2111,1413,670,2488,2980,3576,5008,6592,2497,2011,0.9708163468231082,0.011824268337144941,0.003215007788936396,0.012545159258890989,0.0015992177919193927,0.4430910476948063,0.3585810877995426,0.1424215306088628,0.042855722382420205,0.013050611514368102,0.9808555675048224,0.004540721394308735,0.0005462521978115771,0.014057458903057306,0.10861948142957253,0.21934127540294324,0.35318850735809393,0.050455501051156273,0.26839523475823407,0.6494845360824743,0.14175257731958762,0.20876288659793815,0.38837516512549536,0.14200792602377807,0.2668428005284016,0.20277410832232498,0.37823834196891193,0.6217616580310881,0.1007110071100711,0.14464944649446496,0.1109351093510935,0.11413914139141391,0.13748537485374854,0.1001710017100171,0.0978849788497885,0.08168481684816849,0.1123391233912339,0.0023040230402304024,0.0004860048600486005,0.11622716227162272,0.015714157141571417,0.00982809828098281,0.1053190531905319,0.16610566105661057,0.043056430564305644,0.04892448924489245,0.03799837998379984,0.025434254342543424,0.012060120601206013,0.044784447844478444,0.05364053640536405,0.06436864368643687,0.09014490144901449,0.11865718657186572,0.044946449464494644,4.95553094855627,0.6575775538635151,0.5421363870511035,1.0738510663468404,36.471657,-6.434078
Havering,E09000016,237232,207949,197615,2989,160,7185,4933,1970,712,1154,1097,11545,5017,1492,975,1459,2602,11481,7581,2885,1015,1324,311,1013,112846,11019,15960,14716,19862,14734,9509,9282,8353,9411,109131,84378,31492,9464,2767,112846.0,97,63,6095,437,842,12972,16473,7536,3777,3924,11209,1686,7428,5326,7086,10462,12080,5353,2011,0.8765638699669522,0.048665441424428406,0.048395663316921834,0.020793990692655293,0.0055810345990422875,0.4600180414109395,0.3556771430498415,0.13274769002495448,0.039893437647534905,0.011663687866729614,0.9503051228907088,0.014373716632443531,0.0007694194249551572,0.03455174105189253,0.0844521437851884,0.1263750541359896,0.4345604157644002,0.1292334343871806,0.22537895192724122,0.660308335510844,0.25128473129518336,0.08840693319397265,0.23393472531927834,0.14433407662679912,0.3993513075207784,0.22237989053314414,0.2348942598187311,0.7651057401812689,0.09764634989277422,0.14143168566010314,0.13040781241692218,0.1760097832444216,0.13056732183683958,0.08426528188859153,0.0822536908707442,0.0740212324761179,0.08339684171348563,0.0008595785406660404,0.0005582829697109335,0.054011661910922854,0.00387253425021711,0.007461496198358826,0.11495312195381316,0.14597770412774932,0.06678127713875547,0.033470393279336444,0.03477305354199529,0.09933006043634687,0.014940715665597362,0.06582422061925101,0.04719706502667352,0.06279354164082024,0.09271041950977438,0.10704854403346153,0.047436329156549634,3.9371546392811085,-1.7072915192274143,-0.3058554720700584,-1.040291537144294,21.0782,-8.477865
"Herefordshire, County of",E06000019,183477,180169,171922,709,363,7175,1270,407,146,415,302,1439,490,80,32,277,560,331,160,103,68,268,105,163,90237,10441,13066,9286,8783,14578,8910,6633,7668,10872,83874,64494,25517,7441,2151,90237.0,4893,124,11373,253,636,7865,15054,2781,4734,1935,1565,1446,4559,3995,4899,8323,11624,4178,2011,0.981970492214283,0.007842944892275326,0.0018040408334559644,0.006921848515072734,0.0014606735449129863,0.45713631681355155,0.3515099985284259,0.13907465240874878,0.04055549196902064,0.01172354028025311,0.9542263097425195,0.003935194178798795,0.0020147750167897917,0.039823721061891894,0.022237665045170257,0.19249478804725503,0.3405142460041696,0.05559416261292564,0.3891591382904795,0.48338368580060426,0.311178247734139,0.2054380664652568,0.32677165354330706,0.11496062992125984,0.32047244094488186,0.2377952755905512,0.3917910447761194,0.6082089552238806,0.11570641754490951,0.14479648037944523,0.1029067898977138,0.0973325797621818,0.16155235657213782,0.0987399847069384,0.07350643305960969,0.08497622926294092,0.12048272881412281,0.054223877123574585,0.0013741591586599732,0.12603477509225705,0.0028037279608143003,0.007048106652481798,0.08715936921661846,0.1668273546328003,0.03081884371155956,0.05246185046045414,0.021443532032314905,0.017343218413732726,0.016024468898567106,0.050522512938151756,0.04427230515198865,0.05429036869576781,0.09223489256070126,0.12881633919567362,0.046300298103882,4.394802129485888,0.6803753858529977,1.762000683198328,-0.3049305736747708,35.990067,1.9937493
Hertsmere,E07000098,100031,85063,75750,2130,154,7029,2619,678,385,862,694,7393,3723,454,232,918,2066,3927,2990,558,379,1029,200,829,49428,6790,9603,7224,6694,4767,4461,3486,2628,3775,51558,32887,11433,3208,945,49428.0,95,30,2221,165,221,3849,8195,2316,2097,2811,2850,1344,4591,2697,2236,5126,5517,3067,2011,0.8503663864202098,0.07390708880247124,0.03925783007267747,0.026181883616079017,0.010286811088562546,0.5154202197318831,0.32876808189461265,0.11429456868370805,0.0320700582819326,0.009447071407863562,0.8905164407556752,0.025040264274714036,0.001810422863054442,0.08263287210655632,0.03138103611524415,0.12417151359394021,0.5035844717976464,0.061409441363451917,0.2794535371297173,0.7613954672778203,0.14209320091673033,0.09651133180544945,0.32913325696830853,0.14700267277586865,0.2588774341351661,0.26498663612065676,0.19436345966958213,0.8056365403304179,0.13737153030670876,0.19428259286234523,0.14615197863559115,0.13542931132151817,0.09644331148336975,0.09025248846807478,0.07052682689973294,0.05316824471959213,0.0763737153030671,0.0019219875374281783,0.0006069434328720563,0.04493404548029457,0.0033381888807963098,0.004471149955490815,0.07787084243748482,0.16579671441288338,0.046856033017722745,0.04242534595775674,0.056870599660111675,0.05765962612284535,0.027191065792668122,0.09288257667718702,0.054564214615197865,0.045237517196730595,0.10370640123007202,0.11161689730517116,0.06204985028728656,1.620847567555057,-4.427478498594561,1.1373751221844592,0.4871075435347639,18.75993,-2.4228883
High Peak,E07000037,90892,88954,87131,596,10,1217,944,348,113,284,199,711,148,78,10,228,247,184,87,82,15,99,33,66,45618,5177,8123,5330,4607,5744,4578,3206,4094,4759,43185,30980,12011,3696,1020,45618.0,436,466,6084,198,261,3478,6558,2148,2423,1241,1342,595,2961,1784,2195,5273,6027,2148,2011,0.978677991462395,0.007822470624477402,0.0020243805835497074,0.010385952559081106,0.0010892047704968535,0.4751243233727941,0.3408440786867931,0.1321458434185627,0.04066364476521586,0.011222109756634248,0.9795062616633317,0.0067000921824763365,0.0001124176540683949,0.01368122850012366,0.014064697609001406,0.3206751054852321,0.20815752461322082,0.10970464135021098,0.34739803094233473,0.47282608695652173,0.44565217391304346,0.08152173913043478,0.3008474576271186,0.11970338983050847,0.3686440677966102,0.2108050847457627,0.3333333333333333,0.6666666666666666,0.11348590468674646,0.17806567582971633,0.11683984392125915,0.10099083695032662,0.1259152089087641,0.10035512297777194,0.07027927572449472,0.08974527598754878,0.10432285501337192,0.009557630759787803,0.0102152659038099,0.13336840720768117,0.004340391950545837,0.00572142575299224,0.07624183436362839,0.1437590424832303,0.047086676311982115,0.053114998465517996,0.027204173791047392,0.029418212109255118,0.013043097023104916,0.06490858871498092,0.03910736989784734,0.048116971370950064,0.11559033714761717,0.1321189004340392,0.047086676311982115,4.521066318295373,-0.30382876341245785,1.6828323890455843,-0.034208968409276314,34.076702,-11.536832
Hillingdon,E09000017,273936,166031,142916,5949,344,16822,10479,2719,1409,3602,2749,69253,36795,9200,2639,2889,17730,20082,11275,4615,4192,8091,2925,5166,130290,13353,22237,16961,17313,13565,11542,11242,9716,14361,133627,96647,31492,9404,2766,130290.0,109,150,6978,445,720,10567,20635,14171,7540,7311,4864,1708,8266,7739,7256,12350,13392,6089,2011,0.6060941241749898,0.25280722504526604,0.07330909409497109,0.03825346066234449,0.029536096022428595,0.4878037205770691,0.3528086852403481,0.11496115881081713,0.034329186379300276,0.010097248992465394,0.8607790111485205,0.03583065813010823,0.002071902235124766,0.10131842848624655,0.03810665241938977,0.04171660433483026,0.5313127229145308,0.1328462304882099,0.2560177898430393,0.561448062941938,0.22980778806891744,0.2087441489891445,0.3437350892260712,0.13445939498043707,0.25947132359958014,0.26233419219391163,0.3615127919911012,0.6384872080088988,0.10248676030393737,0.1706731138230102,0.13017883183667203,0.13288049735206078,0.10411389976206924,0.0885869982347072,0.08628444239772814,0.07457210837362806,0.11022334791618697,0.0008365952874357203,0.0011512779184895234,0.05355744876813263,0.0034154578248522527,0.005526134008749712,0.0811036917645253,0.1583774656535421,0.10876506255276691,0.05787090336940671,0.056113285747179366,0.03733210530355361,0.01310921789853404,0.06344308849489601,0.05939826540793614,0.05569115051039988,0.0947885486223041,0.10278609256274465,0.04673420830455138,1.9925370897652959,-4.448178210751839,-2.3793383660385827,-1.038441277273172,14.08373,-7.367777
Hinckley and Bosworth,E07000132,105078,101369,99440,451,86,1392,1027,364,81,390,192,2246,1390,158,81,269,348,262,133,110,19,174,74,100,53774,6390,8305,6536,6548,6814,4795,3868,4498,6020,48612,37653,13974,3812,1027,53774.0,529,144,7390,1217,410,4465,10032,2991,2281,1390,1568,523,2906,2128,2561,5294,5730,2215,2011,0.9647024115419022,0.0213745979177373,0.002493385865737833,0.009773691924094483,0.0016559127505281792,0.4626277622337692,0.3583338091703306,0.1329869239993148,0.03627781267249091,0.009773691924094483,0.9809705136678867,0.0044490919314583354,0.0008483856011206581,0.013732008799534375,0.036064113980409616,0.11976847729296528,0.6188780053428317,0.07034728406055209,0.1549421193232413,0.5076335877862596,0.4198473282442748,0.07251908396946564,0.379746835443038,0.07887049659201557,0.35443037974683544,0.186952288218111,0.42528735632183906,0.5747126436781609,0.11883066165805035,0.15444266746011084,0.12154572841893851,0.12176888459106631,0.12671551307323242,0.08916948711273107,0.07193067281585896,0.08364637185256815,0.11195001301744337,0.009837467921300257,0.0026778740655335294,0.13742700933536653,0.022631755123293785,0.007624502547699632,0.08303269237921672,0.18655855989883588,0.05562167590285268,0.042418269051958196,0.025848923271469485,0.029159073158031762,0.009725889835236359,0.054040986350280804,0.03957302785732882,0.04762524640160672,0.09844906460371183,0.10655707219102169,0.04119091010525533,4.980658784571774,-0.6105827407500998,1.4352192368301586,-2.1411166296874447,25.772379,-9.9102335
Horsham,E07000227,131301,126062,121020,904,234,3904,1774,364,260,725,425,2585,734,165,209,472,1005,651,440,155,56,229,75,154,66299,9358,12684,9836,7854,7385,6421,4561,2861,5339,66403,45684,14580,3560,1074,66299.0,799,94,5031,314,394,5081,10195,4047,2762,3222,4074,1194,5506,3738,2948,6390,6742,3768,2011,0.960099313790451,0.019687588061020098,0.004958073434322663,0.013510940510734877,0.001744084203471413,0.5057311063891364,0.3479333744602097,0.11104256631708821,0.027113274080166946,0.00817967875339868,0.9600038076502039,0.00717107455061795,0.0018562294743856198,0.03096888832479256,0.08085106382978724,0.1825918762088975,0.2839458413926499,0.06382978723404255,0.38878143133462284,0.6758832565284179,0.23809523809523808,0.08602150537634409,0.4086809470124014,0.14656144306651633,0.20518602029312288,0.2395715896279594,0.32751091703056767,0.6724890829694323,0.1411484336113667,0.1913151027918973,0.14835819544789514,0.11846332523869138,0.11138931205598877,0.09684912291286445,0.06879440112218888,0.04315298873286173,0.08052911808624565,0.012051463822983756,0.0014178192732922064,0.0758834974886499,0.004736119700146307,0.005942774400820525,0.0766376566765713,0.1537730584171707,0.06104164467035702,0.04165975354077739,0.04859801806965414,0.06144889063183457,0.018009321407562708,0.08304800977390307,0.05638094088900285,0.044465225719844945,0.09638154421635318,0.10169082489931974,0.056833436401755685,2.621314415366949,-2.968719886306092,3.275840485069907,1.3097864617451758,21.241493,0.1905898
Hounslow,E09000018,253957,130505,96264,4775,183,29283,10349,2273,1730,3390,2956,87257,48161,13676,2189,2405,20826,16813,10787,3381,2645,9033,3638,5395,127032,13071,23472,17382,14694,11217,10631,11266,8691,16608,124442,89064,28552,9085,2814,127032.0,70,280,5020,330,491,7396,18866,14758,10612,10537,5403,1928,9360,9027,5457,9356,11219,6922,2011,0.5138862090826399,0.3435896628169336,0.06620412117011935,0.04075099327838965,0.03556901365191745,0.4900120886606788,0.35070504061711233,0.11242848198710806,0.03577377272530389,0.011080616009796934,0.7376269108463277,0.0365886364507107,0.0014022451247078657,0.2243822075782537,0.025086812519339422,0.02756225861535464,0.5519442566212452,0.15673241115325992,0.23867426109080073,0.6415868673050615,0.20109439124487005,0.1573187414500684,0.3275678809546816,0.16716590974973428,0.2196347473185815,0.2856314619770026,0.40274548876342303,0.597254511236577,0.10289533345928585,0.18477234082750804,0.13683166446249764,0.11567164179104478,0.08830058567919895,0.08368757478430632,0.0886863152591473,0.06841583223124882,0.13073871150576233,0.000551042257069085,0.00220416902827634,0.03951760186409724,0.0025977706404685433,0.0038651678317274387,0.05822155047547075,0.14851376031236224,0.1161754518546508,0.08353800617167328,0.08294760375338497,0.04253259021348951,0.015177278166131368,0.0736822218023805,0.07106083506518043,0.042957679954657095,0.07365073367340512,0.08831632974368663,0.05449020719188866,1.2886331276918268,-5.949863186572091,-3.9288798204127207,0.10480075367466818,13.707835,-7.4100723
Huntingdonshire,E07000011,169508,160691,151694,1130,208,7659,2530,707,356,769,698,4190,1119,998,351,575,1147,1642,862,427,353,455,132,323,88991,11009,14993,12421,10753,10245,7878,6505,6714,8473,82675,60470,19682,5239,1442,88991.0,1027,83,10891,270,905,6789,13947,3493,3792,3864,2518,1339,6306,4143,7087,7876,10006,4655,2011,0.9479847558817283,0.024718597352337352,0.00968685843735989,0.014925549236614202,0.0026842390919602616,0.4877350921490431,0.3567383250348066,0.11611251386365246,0.030907095830285298,0.00850697312221252,0.9440105544181068,0.007032129988611684,0.0012944097678152479,0.04766290582546627,0.0837708830548926,0.13723150357995226,0.26706443914081146,0.23818615751789976,0.2737470167064439,0.5249695493300852,0.26004872107186355,0.21498172959805115,0.3039525691699605,0.14071146245059288,0.27944664031620553,0.2758893280632411,0.29010989010989013,0.7098901098901099,0.12370913912642852,0.16847771122922542,0.13957591217089368,0.12083244373026486,0.1151240013035026,0.08852580598038004,0.07309727950017418,0.07544583160094841,0.09521187535818229,0.011540492858828421,0.0009326785854749357,0.12238316234225934,0.003034014675641357,0.010169567709094178,0.07628861345529324,0.15672371363396298,0.039251160229686145,0.04261105055567417,0.043420121135845195,0.02829499612320347,0.015046465372902877,0.07086109831331258,0.04655526963400793,0.07963726668988999,0.0885033317975975,0.11243833646099044,0.052308660426335245,2.9664960963794385,-1.8770442287777742,1.6072264996861345,-0.5176208610022386,26.592224,-1.4611096
Hyndburn,E07000120,80734,70778,68834,436,97,1411,696,186,39,336,135,9007,279,7548,402,268,510,106,52,45,9,147,91,56,35993,3262,4308,3531,3865,5239,4465,3210,4193,3920,34759,27610,12225,4800,1340,35993.0,103,24,6079,126,256,2883,6633,1771,1701,716,661,369,1273,1442,1942,3558,5004,1452,2011,0.8766814477171947,0.11156390120643099,0.001312953650258875,0.008620903213020536,0.0018207942130948546,0.43053732008819084,0.34198726682686353,0.15142319221145986,0.05945450491738301,0.01659771595610276,0.9725338381983102,0.006160106247704089,0.001370482353273616,0.019935573200712087,0.044631952925502386,0.029754635283668257,0.03097590762740091,0.8380148773176418,0.05662262684578661,0.49056603773584906,0.42452830188679247,0.08490566037735849,0.4827586206896552,0.05603448275862069,0.2672413793103448,0.1939655172413793,0.6190476190476191,0.38095238095238093,0.09062873336482094,0.11968993971049927,0.09810240880171145,0.1073819909426833,0.14555608034895673,0.12405189898035729,0.08918400800155586,0.11649487400327842,0.10891006584613674,0.0028616675464673688,0.0006667963215069597,0.16889395160170034,0.0035006806879115384,0.007112494096074237,0.08009890812102353,0.184285833356486,0.04920401189120107,0.04725918928680577,0.019892756924957632,0.01836468202150418,0.010251993443169505,0.03536798821993165,0.04006334565054316,0.053954935681938154,0.09885255466340677,0.1390270330342011,0.04034117745117106,5.164178713662264,1.7628023940195054,-2.2292447987810164,0.044239506867637245,28.13798,-22.619444
Ipswich,E07000202,133384,118596,110624,610,149,7213,4816,2579,655,637,945,5740,1801,242,1687,666,1344,3096,1025,1554,517,1136,151,985,65479,5197,9236,7132,7332,7722,6625,6794,6093,9348,60771,47800,18053,5233,1527,65479.0,251,31,5183,639,423,5269,11560,4917,3671,2670,4004,670,2449,3367,3517,5148,9005,2705,2011,0.8891321297906796,0.04303364721405866,0.023211179751694355,0.036106279613746774,0.008516763629820668,0.4556093684399928,0.35836382174773584,0.1353460684939723,0.03923259161518623,0.011448149703112817,0.932780194947553,0.005143512428749705,0.0012563661506290263,0.060819926473068234,0.2939024390243902,0.11602787456445993,0.3137630662020906,0.0421602787456446,0.23414634146341465,0.3310723514211886,0.501937984496124,0.16698966408268734,0.13226744186046513,0.13600498338870431,0.5355066445182725,0.19622093023255813,0.1329225352112676,0.8670774647887324,0.07936895798653003,0.1410528566410605,0.10892041723300601,0.11197483162540661,0.11793093969058782,0.10117747674827043,0.10375845690984896,0.0930527344644848,0.14276332870080483,0.003833290062462774,0.00047343423082209566,0.07915514897906199,0.009758853983719971,0.006460086439927305,0.08046854716779425,0.17654515188075567,0.07509277783716917,0.056063776172513326,0.04077643213854824,0.06114937613586035,0.010232288214542067,0.03740130423494555,0.05142106629606439,0.05371187709036485,0.07862062646039188,0.1375250080178378,0.041310954657218346,4.287683239729952,-0.09452549222129787,-2.3874155786309275,-3.0178951037781188,26.620483,-13.806482
Isle of Anglesey,W06000001,69751,68520,67349,476,65,630,480,180,41,180,79,491,135,33,53,153,117,81,50,25,6,179,134,45,30431,2968,4656,3090,3012,5092,3542,2388,2294,3389,33492,21309,10541,3413,996,30431.0,932,62,2335,896,278,2687,4380,1597,2086,467,336,333,1091,978,2754,3401,4553,1265,2011,0.9823515075052688,0.007039325601066651,0.0011612736734957206,0.0068816217688635285,0.002566271451305358,0.4801651589224527,0.30550099640148526,0.1511232813866468,0.048931198119023384,0.014279365170391823,0.9829100992410975,0.00694687682428488,0.0009486281377699942,0.009194395796847636,0.1079429735234216,0.31160896130346233,0.27494908350305497,0.06720977596741344,0.23828920570264767,0.6172839506172839,0.30864197530864196,0.07407407407407407,0.375,0.08541666666666667,0.375,0.16458333333333333,0.7486033519553073,0.25139664804469275,0.09753212184942986,0.15300187308994118,0.10154119154809241,0.09897801583911144,0.16732936807860405,0.11639446616936676,0.07847261016726365,0.07538365482567119,0.11136669843251946,0.03062666359961881,0.002037396076369492,0.07673096513423812,0.029443659426242975,0.009135421116624494,0.08829811705169072,0.14393217442739312,0.05247937958003352,0.06854851960172192,0.015346193026847622,0.011041372284841117,0.010942788603726463,0.03585159869869541,0.03213828004337682,0.09049981926325129,0.11176103315697808,0.14961716670500477,0.04156945220334527,6.604706996186212,0.36467755455523054,0.6127211084177543,2.2772882934179997,44.354057,-3.4629772
Isle of Wight,E06000046,138265,134545,131099,747,94,2605,1709,507,123,738,341,1514,435,80,131,219,649,303,141,115,47,194,52,142,59299,6769,8644,6347,5712,9102,7183,5151,3467,6924,56420,50514,22378,6921,2032,59299.0,735,70,5335,227,351,5034,9379,2380,5393,1090,888,927,2568,2266,4047,5831,9277,3501,2011,0.9730951433840813,0.01094998734314541,0.0021914439662966043,0.012360322568979858,0.0014031027374968358,0.40805699200810036,0.3653419158861606,0.16184862401909378,0.050056051784616494,0.014696416302028713,0.9743877513099707,0.0055520457839384595,0.0006986510089561114,0.019361551897134788,0.08652575957727873,0.14464993394980186,0.28731836195508587,0.052840158520475564,0.428665785997358,0.46534653465346537,0.3795379537953795,0.1551155115511551,0.4318314803978935,0.07197191339964892,0.296664716208309,0.19953188999414861,0.26804123711340205,0.7319587628865979,0.11415032293967858,0.1457697431659893,0.10703384542741025,0.09632540177743301,0.1534933135466028,0.12113189092564798,0.08686487124572084,0.05846641595979696,0.11676419501172026,0.012394812728713806,0.0011804583551156007,0.08996779035059613,0.003828057808732019,0.005919155466365369,0.08489181942359905,0.1581645558947031,0.04013558407393042,0.09094588441626335,0.018381422958228637,0.014974957419180762,0.015632641359888025,0.04330595794195518,0.03821312332417073,0.06824735661646908,0.09833218098112953,0.1564444594343918,0.059039781446567394,4.8251119375765645,1.6404249506353263,1.1065328345901333,-0.3543940099559007,38.445564,-2.6064296
Isles of Scilly,E06000053,2203,2177,2087,10,0,80,18,3,3,9,3,2,0,0,0,0,2,2,1,1,0,4,0,4,1311,261,121,118,110,258,143,56,71,173,1135,754,248,53,13,1311.0,75,5,40,6,11,95,134,131,313,7,13,28,22,78,78,107,105,63,2011,0.988197911938266,0.0009078529278256923,0.0009078529278256923,0.008170676350431231,0.0018157058556513845,0.5152065365410804,0.34226055379028597,0.11257376305038584,0.024058102587380843,0.005901044030866999,0.958658704639412,0.004593477262287551,0.0,0.03674781809830041,0.0,0.0,0.0,0.0,1.0,0.5,0.5,0.0,0.5,0.16666666666666666,0.16666666666666666,0.16666666666666666,0.0,1.0,0.19908466819221968,0.09229595728451563,0.09000762776506484,0.08390541571319603,0.19679633867276888,0.10907704042715484,0.04271548436308162,0.05415713196033562,0.13196033562166284,0.057208237986270026,0.0038138825324180014,0.03051106025934401,0.004576659038901602,0.008390541571319604,0.07246376811594203,0.10221205186880244,0.09992372234935164,0.2387490465293669,0.005339435545385202,0.009916094584286803,0.02135774218154081,0.016781083142639208,0.059496567505720827,0.059496567505720827,0.08161708619374523,0.08009153318077804,0.04805491990846682,4.383959913492694,-0.5437131024637188,5.131719927037822,0.05752202921338019,39.208973,3.5236773
Islington,E09000019,206125,140515,98322,8140,163,33890,13339,4236,1912,2964,4227,19034,3534,951,4662,4457,5430,26294,12622,7943,5729,6943,1893,5050,106765,12270,33384,23561,9682,5426,6140,6065,2892,7345,106386,63382,23113,9771,3473,106765.0,45,119,2175,206,259,3768,10146,3163,5996,10793,9644,1893,20470,4744,4499,10356,10319,8170,2011,0.6816979987871438,0.09234202546998181,0.12756337174044877,0.06471315949060036,0.033683444511825346,0.5161237113402062,0.30749302607640994,0.11213098847786537,0.047403274711946636,0.016848999393571863,0.6997260078995126,0.057929758388784114,0.0011600185033626303,0.24118421520834074,0.24493012503940317,0.23415992434590732,0.18566775244299674,0.04996322370494904,0.2852789744667437,0.4800334677112649,0.3020841256560432,0.21788240663269187,0.22220556263587976,0.14333908089062147,0.31756503486018445,0.3168903216133143,0.2726487109318738,0.7273512890681262,0.11492530323607925,0.3126867419098019,0.2206809347632651,0.09068514962768698,0.050821898562262914,0.05750948344494919,0.056807006041305674,0.027087528684493982,0.06879595373015501,0.00042148644218610966,0.0011145974804477124,0.020371844705661966,0.001929471268674191,0.002425888633915609,0.03529246475905025,0.09503114316489486,0.029625813702992554,0.056160726829953635,0.10109118156699293,0.09032922774317426,0.017730529667962347,0.19172949936777034,0.04443403737179787,0.04213927785322905,0.0969980798950967,0.0966515243759659,0.07652320517023369,-1.2444833865864833,-9.622011295276371,-1.7067108975173946,1.2988946839176765,10.721184,-1.1823148
Kensington and Chelsea,E09000020,158649,112017,62271,3715,119,45912,8986,1695,1148,3021,3122,15861,2577,911,836,3968,7569,10333,5536,3257,1540,11452,6455,4997,81387,18949,19025,20284,6300,2892,4919,3472,1476,4070,91764,45189,14464,5357,1875,81387.0,123,291,1878,196,122,2393,7804,2037,4097,6076,17494,2762,13599,3469,1865,4894,5476,6811,2011,0.7060681126259857,0.09997541743093244,0.06513120158336957,0.056640760420803155,0.07218450793890917,0.5784089404912732,0.28483633681901555,0.09116981512647417,0.033766364742292734,0.011818542820944349,0.5559066927341386,0.03316460894328539,0.001062338752153691,0.40986635957042233,0.05270789988020932,0.250173381249606,0.16247399281255911,0.05743647941491709,0.47720824664270856,0.5357592180392916,0.31520371624891125,0.14903706571179715,0.33618962831070553,0.12775428444246606,0.1886267527264634,0.347429334520365,0.5636570031435557,0.4363429968564443,0.23282588128325163,0.2337596913511986,0.24922899234521484,0.07740793984297246,0.035533930480297835,0.06043962795040977,0.042660375735682605,0.018135574477496405,0.050007986533475865,0.0015112978731247006,0.003575509602270633,0.023074938257952746,0.002408247017336921,0.0014990108985464508,0.029402730165751286,0.09588754960865986,0.02502856721589443,0.050339734847088605,0.07465565753744456,0.21494833327189847,0.03393662378512539,0.16709056728961627,0.04262351481194786,0.022915207588435498,0.06013245358595353,0.06728347279049479,0.08368658385245802,-2.2504241532634426,-12.75432577907175,1.1346232856035459,3.2982704310396205,10.806833,0.9034784
King's Lynn and West Norfolk,E07000146,147451,143409,135955,605,255,6594,1372,362,235,376,399,1863,668,134,51,386,624,561,319,118,124,246,74,172,67268,7047,8130,7219,6720,9987,6979,5295,7243,8648,60322,54681,23441,7077,1930,67268.0,2240,127,8613,226,577,6267,11699,2690,3898,881,1387,841,2530,2897,4682,5571,8879,3263,2011,0.9725875036452788,0.012634705766661466,0.0038046537493811503,0.00930478599670399,0.001668350841974622,0.40909861581135426,0.370841838983798,0.15897484588100455,0.047995605319733334,0.01308909400410984,0.9480227879700717,0.004218703149732583,0.0017781310796393531,0.04598037780055645,0.027375201288244767,0.20719269994632314,0.35856146001073536,0.07192699946323135,0.33494363929146537,0.5686274509803921,0.2103386809269162,0.22103386809269163,0.27405247813411077,0.17128279883381925,0.26384839650145775,0.29081632653061223,0.3008130081300813,0.6991869918699187,0.10476006422072902,0.12085984420526848,0.10731700065410002,0.09989891181542487,0.1484658381399774,0.1037491823749777,0.07871499078313611,0.10767378248201225,0.12856038532437414,0.03329963727180829,0.0018879705060355593,0.12804007849200214,0.003359695546173515,0.008577629779389903,0.0931646548135815,0.1739162751977166,0.03998929654516263,0.05794731521674496,0.01309686626627817,0.020619016471427724,0.012502229886424451,0.037610751025747756,0.04306653981090563,0.06960218826187786,0.08281798180412678,0.13199441041802937,0.048507462686567165,4.503132804251654,1.8853792387009563,0.273802576551677,0.5440226572924425,34.664368,4.7766323
"Kingston upon Hull, City of",E06000010,256406,241321,229920,550,284,10567,3454,871,821,945,817,6471,1086,882,755,2124,1624,2996,2472,236,288,2164,1134,1030,110903,7306,11612,10389,11021,15530,11576,12620,12531,18318,110555,89572,38102,14047,4130,110903.0,426,231,16851,879,707,9306,20353,5900,6959,2007,1148,1019,3540,6394,6328,9240,14899,4716,2011,0.9411675233808882,0.025237318939494397,0.011684593964259807,0.01347082361567202,0.008439740099685655,0.43117165744951363,0.3493365989875432,0.14860026676442828,0.05478420941787634,0.01610726738063852,0.9527558728830064,0.002279121999328695,0.0011768557232897262,0.04378814939437513,0.11667439344768969,0.3282336578581363,0.16782568382012053,0.13630041724617525,0.2509658476278782,0.8251001335113485,0.0787716955941255,0.09612817089452604,0.2735958309206717,0.23769542559351475,0.2521713954834974,0.23653734800231616,0.5240295748613678,0.47597042513863214,0.0658773883483765,0.10470411079952752,0.09367645600209192,0.09937512961777409,0.14003228046130403,0.10437950280876081,0.11379313454099528,0.11299063145271093,0.1651713659684589,0.0038411945574060215,0.0020829012740863637,0.15194359034471566,0.007925845107887073,0.00637494026311281,0.0839111656131935,0.18352073433541022,0.053199642931210156,0.06274852799293076,0.01809689548524386,0.01035138815000496,0.009188209516424262,0.031919785758726095,0.05765398591561995,0.057058871265880995,0.08331605096345455,0.13434262373425426,0.04252364679043849,5.148138604093423,2.3429739381101506,-2.7003349011769795,4.2577957079279685,39.28607,-11.914673
Kingston upon Thames,E09000021,160060,119219,101015,2718,95,15391,6269,1238,700,2500,1831,26152,6325,3009,892,2883,13043,4021,2616,1027,378,4399,2439,1960,81957,10882,20651,13336,9397,6278,6185,6569,2737,5922,84332,53598,16425,4438,1267,81957.0,63,195,3026,301,264,4844,11922,3319,3966,6464,5076,1308,8805,4355,4608,9114,9004,5323,2011,0.7448394352117956,0.16338872922654005,0.025121829314007246,0.03916656253904786,0.02748344370860927,0.5268774209671373,0.33486192677745846,0.10261776833687367,0.027727102336623767,0.007915781581906785,0.8473062179686124,0.022798379452939548,0.0007968528506362241,0.12909854972781185,0.03410828999694096,0.11024013459773631,0.2418553074334659,0.11505812174977058,0.4987381462220863,0.6505844317333996,0.25540910221337976,0.09400646605322059,0.39878768543627374,0.11166055192215664,0.19747966182804275,0.29207210081352686,0.5544441918617867,0.4455558081382132,0.1327769440072233,0.2519735959100504,0.16271947484656588,0.11465768634771893,0.07660114450260502,0.07546640311382798,0.08015178691264932,0.03339556108691143,0.07225740327244774,0.000768695779494125,0.0023792964603389583,0.03692180045633686,0.003672657613138597,0.0032212013616896664,0.05910416437888161,0.14546652512903108,0.04049684590700001,0.048391229547201584,0.0788706272801591,0.0619349170906695,0.015959588564735165,0.10743438632453604,0.05313762094757007,0.056224605585856,0.11120465610015008,0.10986248886611272,0.06494869260709885,0.894500916182268,-6.759441737907627,1.0733338840202673,1.975143982782761,15.970237,-0.35495657
Kirklees,E08000034,422458,334270,323890,2635,158,7587,9790,5167,641,2714,1268,67782,20797,41802,731,1452,3000,7905,2364,4626,915,2711,1214,1497,192397,20521,29941,22423,20707,23698,17826,16711,18843,21727,192366,147731,58042,19030,5289,192397.0,676,187,28916,734,1593,14814,33594,9426,9242,4653,7205,2160,9828,7934,9884,20326,23558,7667,2011,0.7912502544631655,0.16044671896377866,0.01871191929138518,0.023173901310899546,0.006417205970771059,0.4553494075150666,0.3496939340715527,0.13739117261360892,0.04504589805377102,0.012519587746000786,0.9689472582044455,0.007882849193765518,0.0004726717922637389,0.022697220809525236,0.010784574075713316,0.021421616358325218,0.3068218701130094,0.6167124015225282,0.044259537930424,0.29905123339658446,0.5851992409867173,0.1157495256166983,0.27722165474974464,0.06547497446373851,0.5277834525025537,0.12951991828396323,0.4478052379195869,0.5521947620804132,0.10665966725052886,0.15562092964027505,0.11654547628081519,0.1076264182913455,0.12317239873802606,0.0926521723311694,0.08685686367251048,0.09793811753821526,0.1129279562571142,0.0035135682988819993,0.0009719486270575945,0.1502934037433016,0.003815028300857082,0.008279754881832876,0.0769970425734289,0.17460771217846432,0.0489924479071919,0.048036092038857156,0.024184368779138966,0.03744860886604261,0.011226786280451359,0.05108187757605368,0.041237649235694944,0.051372942405546865,0.10564613793354366,0.1224447366642931,0.03984989370936137,4.4249878698702085,-0.39119339820547877,-2.243527432030005,-4.257046692760392,27.763504,-16.813595
Knowsley,E08000011,145893,141858,140135,747,6,970,1913,683,517,375,338,1403,467,81,10,446,399,505,297,127,81,214,98,116,61691,4469,7199,6199,8239,7056,7327,6884,6540,7778,67153,43505,21420,10631,3184,61691.0,93,57,5977,256,576,5490,10059,4079,2922,1334,2237,918,2203,3202,4134,5136,10085,2933,2011,0.97234274434003,0.009616636850294394,0.0034614409190296997,0.013112349461591715,0.00146682842905417,0.4602893901695078,0.2981979944205685,0.14681992967448745,0.07286847209941533,0.02182421363602092,0.9878540512343329,0.005265829209491181,4.229581694370427e-05,0.00683782373923219,0.007127583749109052,0.3178902352102637,0.3328581610833927,0.05773342836778332,0.2843905915894512,0.5881188118811881,0.2514851485148515,0.1603960396039604,0.19602718243596445,0.2702561421850497,0.35703084161003656,0.1766858337689493,0.45794392523364486,0.5420560747663551,0.07244168517287773,0.11669449352417695,0.10048467361527613,0.1335527062294338,0.11437648927720413,0.11876935047251624,0.11158840025287318,0.10601222220421132,0.12607997925143052,0.0015075132515277754,0.0009239597348073463,0.09688609359550016,0.004149713896678608,0.009336856267526868,0.08899191129986546,0.16305457846363328,0.06611985540840641,0.047365093773808174,0.02162389975847368,0.036261367136211115,0.014880614676370946,0.03571023325930849,0.0519038433483004,0.06701139550339595,0.08325363505211457,0.16347603378126468,0.047543401792806084,5.685908553138206,1.992897710961155,-2.581320427597339,2.9150156390949444,44.29875,-11.744377
Lambeth,E09000022,303086,173025,118250,7456,195,47124,23160,8302,4301,3574,6983,20938,4983,3072,2221,4573,6089,78542,35187,28886,14469,7421,1728,5693,166494,18152,42838,33620,16818,10691,12381,10128,5009,16857,160326,97286,31188,10729,3557,166494.0,66,214,3213,348,343,7299,16900,5660,12610,14489,11770,3326,23314,12403,9214,14825,17746,12754,2011,0.5708775727021373,0.06908270259926226,0.2591409698897343,0.07641395511504985,0.024484799693816277,0.5289785737381469,0.32098480299320986,0.1029014867067433,0.03539919362821113,0.011735942933688789,0.6834272503973414,0.04309203872272793,0.0011270047680970957,0.27235370611183357,0.10607507880408826,0.21840672461553157,0.23798834654694814,0.14671888432515046,0.2908109657082816,0.44800234269562783,0.3677777494843523,0.18421990782001987,0.15431778929188256,0.18570811744386873,0.3584628670120898,0.30151122625215887,0.23285271526748416,0.7671472847325158,0.10902494984804258,0.257294557161219,0.2019291986498012,0.10101264910447223,0.06421252417504535,0.0743630401095535,0.06083102093769145,0.030085168234290725,0.10124689177988395,0.0003964106814659988,0.0012853316035412688,0.019297992720458394,0.0020901654113661752,0.002060134299133903,0.04383941763667159,0.1015051593450815,0.033995219046932625,0.07573846504979158,0.08702415702667964,0.07069323819476978,0.019976695856907756,0.14002907011664084,0.07449517700337549,0.05534133362163201,0.08904224776868837,0.10658642353478204,0.07660336108208103,-0.8138723762569667,-9.35596715833532,-3.0407240552981025,-0.10467500164553707,11.119694,-2.592555
Lancaster,E07000121,138375,132342,126624,840,331,4547,1356,373,179,480,324,3732,1212,413,309,1231,567,628,472,109,47,317,164,153,62832,5815,11379,6764,6095,7712,7580,5572,4357,7558,64577,46831,18960,6215,1792,62832.0,984,189,3788,1636,558,4501,9569,2981,4615,1420,1260,578,2489,2555,3316,9173,10112,3108,2011,0.9564010840108401,0.026970189701897018,0.004538392050587173,0.009799457994579945,0.0022908762420957543,0.4666811201445348,0.3384354110207769,0.1370189701897019,0.04491418247515808,0.012950316169828365,0.9567937616176271,0.006347191367819739,0.002501095646128969,0.03435795136842423,0.08279742765273312,0.32984994640943194,0.3247588424437299,0.11066452304394427,0.15192926045016078,0.7515923566878981,0.1735668789808917,0.07484076433121019,0.35398230088495575,0.13200589970501475,0.2750737463126844,0.23893805309734514,0.5173501577287066,0.48264984227129337,0.09254838298955946,0.18110198624904508,0.10765215176979882,0.09700471097529921,0.12274000509294627,0.12063916475681181,0.08868092691622104,0.0693436465495289,0.12028902470078941,0.01566080977845684,0.0030080213903743314,0.06028775146422205,0.026037687802393683,0.008880825057295646,0.07163547237076649,0.15229500891265596,0.04744397759103641,0.07344983447924625,0.022599949070537306,0.020053475935828877,0.0091991341991342,0.03961357270180799,0.04066399286987522,0.05277565571683219,0.14599248790425262,0.1609371021135727,0.04946524064171123,5.14341973808419,-0.12174700275597453,0.13172697704731673,2.772410131131745,44.552063,-3.5623825
Leeds,E08000035,751485,639487,609714,7031,687,22055,19632,8813,2493,4906,3420,58243,16130,22492,4432,5933,9256,25893,14894,6728,4271,8230,3791,4439,355225,33735,65784,46626,42777,36027,32353,33516,23312,41095,361295,254023,95515,31504,9148,355225.0,740,246,29611,2867,2286,25313,56612,15389,21623,12815,20741,4605,24366,18683,17527,37153,47811,16837,2011,0.8509644237742603,0.07750387565952747,0.03445577756043035,0.026124273937603543,0.01095164906817834,0.48077473269592874,0.3380280378184528,0.12710167202272832,0.041922327125624596,0.012173230337265547,0.9534423686486199,0.01099475047968137,0.0010742986174855783,0.03448858225421314,0.07609498137115189,0.10186631869924283,0.27694315196675995,0.3861751626804938,0.15892038528235153,0.5752133781330862,0.2598385664079095,0.16494805545900437,0.24989812550937246,0.12698655256723718,0.44890994295028525,0.17420537897310515,0.4606318347509113,0.5393681652490887,0.094967978042086,0.18518966851995214,0.1312576535998311,0.12042226757688788,0.10142022661693292,0.09107748610035893,0.09435146737982969,0.0656260116827363,0.11568724048138504,0.002083186712646914,0.0006925188260961362,0.08335843479484834,0.008070940952917166,0.006435357871771412,0.07125906115842072,0.15936941375184743,0.04332183827151805,0.060871278766978676,0.036075726652121894,0.0583883454148779,0.01296361461045816,0.06859314518966853,0.05259483425997607,0.04934055880076008,0.10459004856077134,0.1345935674572454,0.0473981279470758,3.673849341822783,-1.8635255906454817,-1.6609663942086426,-0.6008045167432399,23.62281,-17.933413
Leicester,E06000016,329839,166636,148629,2524,417,15066,11580,4691,1161,3388,2340,122470,93335,8067,3642,4245,13181,20585,12480,4790,3315,8568,3311,5257,137494,9556,19628,12808,13883,12636,13388,14859,17406,23330,148108,117551,44278,14972,4930,137494.0,162,101,20584,2024,676,7082,26042,7502,8258,3064,4000,1369,5043,7479,6289,13919,18488,5412,2011,0.5052040540991211,0.37130236266784705,0.062409236021210346,0.035108037557717554,0.025976309654103972,0.449031194006773,0.35638902616124835,0.13424125103459567,0.04539184268688663,0.014946686110496333,0.8919381166134569,0.015146787008809622,0.002502460452723301,0.0904126359250102,0.02973789499469258,0.03466154976728995,0.7621050053074222,0.06586919245529517,0.10762635747530007,0.6062666990527082,0.2326937090114161,0.16103959193587564,0.292573402417962,0.10025906735751296,0.4050949913644214,0.20207253886010362,0.38643790849673204,0.613562091503268,0.06950121459845521,0.1427553202321556,0.09315315577407014,0.10097167876416425,0.09190219209565509,0.0973715216664,0.10807017033470552,0.1265946150377471,0.16968013149664712,0.001178233231995578,0.0007345775088367492,0.14970835090985787,0.014720642355302778,0.004916578177956856,0.051507702154275824,0.18940462856561013,0.05456238090389399,0.06006080265320669,0.02228460878292871,0.02909217856779205,0.009956798114826828,0.03667796412934383,0.054395100877129184,0.04574017775321105,0.10123350837127439,0.13446404934033485,0.039361717602222644,3.494946600180038,-1.0299205161554177,-5.655546527765584,-2.2900714165058123,21.048876,-15.286409
Lewes,E07000063,97502,94159,90218,757,97,3087,1275,325,155,460,335,1400,360,64,153,316,507,416,248,123,45,252,97,155,45532,5294,8202,6162,4843,5863,4975,3446,2630,4117,43719,34634,13900,4066,1183,45532.0,386,20,2771,151,444,3947,6657,2203,2267,1577,2111,748,2957,2048,2799,5359,6267,2820,2011,0.9657135238251523,0.01435867982195237,0.004266579147094419,0.01307665483784948,0.0025845623679514266,0.44839080223995403,0.355213226395356,0.1425611782322414,0.04170170868289881,0.012133084449549752,0.9581452649242239,0.008039592603999618,0.0010301723680158032,0.03278497010376066,0.10928571428571429,0.2257142857142857,0.2571428571428571,0.045714285714285714,0.36214285714285716,0.5961538461538461,0.2956730769230769,0.10817307692307693,0.3607843137254902,0.12156862745098039,0.2549019607843137,0.2627450980392157,0.38492063492063494,0.6150793650793651,0.11626987613107265,0.18013704647281034,0.13533339190020205,0.10636475445840288,0.128766581744707,0.10926381446015988,0.07568303610647456,0.057761574277431255,0.09041992444873935,0.008477554247562155,0.0004392515154177282,0.06085829746112624,0.003316348941403848,0.009751383642273567,0.08668628656768866,0.14620486690679083,0.04838355442326276,0.04978915927259949,0.03463498199068787,0.04636299745234121,0.016428006676623034,0.06494333655451111,0.04497935517877537,0.06147324958271106,0.11769744355618027,0.13763946235614513,0.061934463673899674,3.7883280828284214,-0.9127520887284614,1.6971612091682164,1.3976234724137047,32.279804,-3.9344652
Lewisham,E09000023,275885,147686,114446,5206,208,27826,20472,8539,3559,3045,5329,25534,4600,1596,1388,6164,11786,74942,32025,30854,12063,7251,1456,5795,136057,13137,30809,22475,16031,11032,12823,10372,5550,13828,135428,93850,32289,10755,3563,136057.0,42,100,2906,328,440,7484,15527,5618,9818,8883,8564,2562,12784,8259,8599,15733,17374,11036,2011,0.535317251753448,0.09255305652717617,0.27164216974463995,0.074204831723363,0.026282690251372854,0.4908856951265926,0.3401779727060188,0.1170378962248763,0.0389836344853834,0.012914801457128876,0.7749278875451973,0.03525046382189239,0.00140839348347169,0.18841325514943869,0.054358894023654736,0.24140361870447247,0.180151954257069,0.0625048954335396,0.4615806375812642,0.4273304688959462,0.41170505190680795,0.16096447919724588,0.14873974208675264,0.17384720593982025,0.41710629152012507,0.2603067604533021,0.20079988967039028,0.7992001103296097,0.09655512028047068,0.22644185892677335,0.16518811968513197,0.11782561720455398,0.08108366346457735,0.09424726401434692,0.07623275538928537,0.040791726996773414,0.10163387403808698,0.00030869415024585285,0.0007349860720139354,0.02135869525272496,0.002410754316205708,0.0032339387168613155,0.05500635762952292,0.11412128740160374,0.041291517525742887,0.07216093255032817,0.06528881277699787,0.06294420720727342,0.018830343164997022,0.0939606194462615,0.06070249968763092,0.0632014523324783,0.11563535870995245,0.12769648015170112,0.0811130629074579,0.7166476806211693,-6.734775223870189,-3.4527851411533503,-0.61983319466968,11.673011,-3.7101626
Lichfield,E07000194,100654,97399,95263,598,13,1525,1034,482,99,281,172,1623,877,157,107,225,257,481,113,298,70,117,10,107,49016,6852,9043,6158,5720,5756,3804,3479,3227,4977,47225,35014,13259,3959,1197,49016.0,550,51,5694,251,429,4319,8364,2312,2349,1432,1537,688,3150,2089,2819,5063,5576,2343,2011,0.9676614938303495,0.016124545472609136,0.004778746994654957,0.01027281578476762,0.0011623979176187732,0.46918155264569716,0.34786496314105747,0.13172849563852404,0.039332763725236954,0.011892224849484372,0.9780695900368587,0.006139693426010534,0.0001334715962176203,0.01565724494091315,0.06592729513247074,0.13863216266173753,0.5403573629081947,0.09673444239063463,0.1583487369069624,0.23492723492723494,0.6195426195426196,0.14553014553014554,0.27176015473887816,0.09574468085106383,0.4661508704061896,0.16634429400386846,0.08547008547008547,0.9145299145299145,0.13979108862412273,0.18449077852129916,0.12563244654806593,0.11669658886894076,0.11743104292475927,0.0776073118981557,0.07097682389423862,0.06583564550350905,0.10153827321690877,0.011220825852782765,0.00104047657907622,0.11616614982862739,0.005120776889179043,0.008752244165170557,0.08811408519667048,0.17063815896850007,0.04716827158478864,0.047923127142157664,0.029214950220336218,0.0313571078831402,0.014036233066753712,0.06426472988411946,0.04261873673902399,0.057511832870899296,0.10329280235025298,0.11375877264566672,0.04780071813285458,3.8112674528800796,-0.8182208410908937,1.69426488545068,-4.751746497005921,28.558664,-11.364088
Lincoln,E07000138,93541,89379,83653,719,80,4927,1230,367,189,372,302,1794,522,139,139,452,542,778,504,165,109,360,175,185,44599,3304,6005,4838,4210,4929,4779,5356,4462,6716,41329,34216,13005,3907,1084,44599.0,333,56,4835,231,592,3447,8567,1826,3197,1101,547,430,1623,2109,3344,3969,6362,2030,2011,0.9555061416918784,0.01917875583968527,0.008317208496808885,0.013149314204466491,0.003848579767160924,0.4418276477694273,0.36578612586993936,0.13902994408868838,0.04176778097304925,0.011588501298895671,0.9359357343447566,0.00804439521587845,0.0008950648362590765,0.05512480560310588,0.07748049052396878,0.25195094760312153,0.2909698996655518,0.07748049052396878,0.30211817168338906,0.6478149100257069,0.2120822622107969,0.14010282776349614,0.3024390243902439,0.15365853658536585,0.2983739837398374,0.24552845528455283,0.4861111111111111,0.5138888888888888,0.07408237852866656,0.13464427453530348,0.10847776855983318,0.0943967353528106,0.11051817305320748,0.10715486894324985,0.12009237875288684,0.1000470862575394,0.15058633601650262,0.0074665351241059216,0.001255633534384179,0.10841050247763402,0.005179488329334739,0.01327384022063275,0.07728872844682616,0.19208950873337968,0.040942622031884125,0.07168322159689679,0.024686652167088947,0.012264848987645464,0.009641471781878517,0.03639095046974147,0.047288055786004174,0.07497925962465526,0.08899302674947869,0.14264893831700262,0.045516715621426486,4.855695447227577,0.9621673906567889,-1.31654685494705,1.7683118281749992,38.412754,-8.393894
Liverpool,E08000012,466415,414671,395485,6729,185,12272,11756,3473,3164,2283,2836,19403,4915,1999,1075,7978,3436,12308,8490,1467,2351,8277,5629,2648,196630,15005,34400,22029,24977,17627,20742,20772,14601,26477,217977,142132,65422,31162,9722,196630.0,159,120,12330,581,1171,12708,30032,10918,14598,5447,7178,3219,9635,10013,13872,21362,32804,10483,2011,0.8890601717354716,0.041600291585819495,0.026388516664343987,0.025205021279332784,0.017745998735032107,0.46734560423657046,0.30473290953335547,0.14026564325761393,0.06681174490528821,0.02084409806717194,0.9537319947621126,0.01622732238328699,0.0004461368168982157,0.029594546037702178,0.05540380353553574,0.4111735298665155,0.25331134360665875,0.10302530536514971,0.1770860176261403,0.689795255118622,0.11919077023074423,0.19101397465063374,0.194198707043212,0.26913916298060564,0.2954236134739707,0.24123851650221165,0.6800773227014619,0.3199226772985381,0.0763108376137924,0.1749478716370849,0.11203275186899253,0.12702537761277527,0.08964552713217719,0.10548746376443066,0.10564003458271881,0.07425621726084525,0.13465391852718303,0.0008086253369272237,0.0006102832731526217,0.06270660631643188,0.0029547881808472767,0.005955347607181,0.06462899862686264,0.15273356049432946,0.055525606469002696,0.07424096017901642,0.027701774907186085,0.036505111122412656,0.016370848802319076,0.04900066114021258,0.05092305345064334,0.07054874637644307,0.10864059400905253,0.16683110410415503,0.05331332960382444,4.2917500493153735,-0.5553624906905147,-3.1272361416997216,4.928818214279814,44.249214,-12.632422
Luton,E06000032,203201,111079,90530,6126,198,14225,8281,3831,915,1805,1730,60952,10625,29353,13606,1497,5871,19909,9169,8177,2563,2980,1646,1334,89201,7104,12054,8746,10129,9926,9092,8124,9433,14593,94607,73300,25277,7571,2446,89201.0,98,14,8241,193,511,7231,15850,8987,5477,2933,2348,1297,4194,5625,3895,8915,9608,3784,2011,0.5466459318605715,0.29995915374432214,0.0979768800350392,0.04075275220102263,0.014665282159044493,0.46558333866467194,0.3607265712275038,0.12439407286381465,0.03725867490809592,0.0120373423359137,0.8150055366000775,0.055149938332178,0.0017825151468774476,0.12806200992086714,0.2232248326552041,0.02456030975193595,0.17431749573434835,0.48157566609791314,0.0963216957605985,0.4605454819428399,0.4107187704053443,0.12873574765181575,0.2179688443424707,0.11049390170269291,0.462625286801111,0.2089119671537254,0.5523489932885906,0.4476510067114094,0.07964036277620207,0.13513301420387663,0.09804822815887715,0.11355253864866986,0.11127677940830259,0.10192710844048833,0.09107521216129864,0.10574993553883925,0.16359682066344547,0.0010986423919014362,0.00015694891312877657,0.09238685664958914,0.0021636528738467058,0.005728635329200345,0.08106411363101311,0.17768859093507922,0.10074999159202251,0.06140065694330781,0.032880797300478694,0.026322574859026244,0.014540195737715944,0.04701741011872064,0.06305983116781202,0.043665429759756055,0.09994282575307452,0.10771179695294895,0.0424210490913779,3.20888363429617,-3.1317489286836704,-6.579815312090547,-1.9125214056375353,19.878351,-17.861364
Maidstone,E07000110,155143,145996,138235,955,838,5968,2345,625,319,841,560,4943,1226,340,381,461,2535,1380,867,356,157,479,140,339,78090,9474,12799,10976,9750,9332,6609,5957,4943,8250,74636,54384,19291,5323,1509,78090.0,1066,61,5163,456,688,8308,12733,3798,3600,2579,3775,1073,4890,4178,6204,6951,9039,3528,2011,0.9410414907536917,0.03186092830485423,0.008895019433683763,0.015115087371006104,0.0030874741367641467,0.4810787467046531,0.35054111368221574,0.12434334775014019,0.034310281482245415,0.009726510380745505,0.9468410093427218,0.0065412751034274914,0.0057398832844735475,0.040877832269377246,0.07707869714748129,0.0932632004855351,0.2480275136556747,0.06878413918672871,0.5128464495245803,0.6282608695652174,0.2579710144927536,0.11376811594202899,0.35863539445629,0.13603411513859276,0.26652452025586354,0.23880597014925373,0.29227557411273486,0.7077244258872651,0.12132155205532079,0.16390062748111153,0.14055576898450506,0.12485593545908567,0.1195031374055577,0.08463311563580483,0.07628377513125881,0.0632987578435139,0.10564733000384172,0.013650915610193366,0.0007811499551799206,0.06611601997694967,0.00583941605839416,0.00881034703547189,0.10639006274811115,0.1630554488410808,0.04863618901267768,0.04610065309258548,0.03302599564604943,0.04834165706236394,0.013740555768984504,0.06262005378409527,0.05350236906133948,0.07944679216288897,0.08901267767960046,0.11575105647330004,0.04517864003073377,3.166036268243527,-1.8602608847031432,1.8572675948219668,0.42685738928906447,25.584866,1.7222872
Maldon,E07000074,61629,60429,59011,358,201,859,506,152,56,174,124,484,117,7,90,104,166,150,59,61,30,60,8,52,30292,4100,4530,3931,3775,4474,2593,1954,2230,2705,28471,21961,8269,2260,668,30292.0,436,32,3296,213,386,3507,4752,1379,1149,734,1765,430,2037,1376,1442,2759,3109,1490,2011,0.9805286472277661,0.00785344561813432,0.0024339190965292313,0.008210420418958607,0.0009735676386116926,0.46197407064855833,0.3563419818591897,0.13417384672800142,0.03667104772104042,0.010839053043210176,0.976534445382184,0.00592430786542885,0.0033262175445564215,0.014215029207830677,0.1859504132231405,0.21487603305785125,0.24173553719008264,0.014462809917355372,0.34297520661157027,0.3933333333333333,0.4066666666666667,0.2,0.3438735177865613,0.11067193675889328,0.30039525691699603,0.2450592885375494,0.13333333333333333,0.8666666666666667,0.1353492671332365,0.14954443417403934,0.12977023636603724,0.12462036181169946,0.14769576125709757,0.0856001584576786,0.06450547999471808,0.07361679651393108,0.08929750429156214,0.014393239139046613,0.0010563845239667238,0.10880760596857256,0.007031559487653506,0.012742638320348608,0.11577314142347815,0.1568731018090585,0.04552357057969101,0.037930806813680176,0.02423082001848673,0.05826620890003961,0.014195167040802852,0.06724547735375677,0.045424534530569126,0.047603327611250495,0.09108015317575598,0.10263435890664202,0.04918790439720058,3.8938079183156464,-0.7280122534109849,2.7534893941268996,-1.4874494225792163,30.063084,1.7717127
Malvern Hills,E07000235,74631,72841,71019,366,131,1325,639,192,78,235,134,902,268,43,30,336,225,151,95,41,15,98,11,87,34361,4733,7006,4021,3436,4802,3153,2287,1902,3021,34011,26171,10494,2939,1016,34361.0,977,31,3714,171,247,2736,5109,953,1676,1226,773,571,2806,1481,1887,3980,4316,1707,2011,0.9760153287507872,0.012086130428374269,0.0020232879098497944,0.008562125658238533,0.0013131272527501976,0.4557221529927242,0.3506719727727084,0.14061181010572013,0.039380418324824806,0.013613645804022457,0.9749866146812921,0.00502464271495449,0.0017984376930574814,0.018190304910695898,0.03325942350332594,0.37250554323725055,0.29711751662971175,0.04767184035476718,0.24944567627494457,0.6291390728476821,0.271523178807947,0.09933774834437085,0.3677621283255086,0.12206572769953052,0.3004694835680751,0.20970266040688576,0.11224489795918367,0.8877551020408163,0.13774337184598817,0.20389394953581094,0.11702220540729315,0.09999708972381478,0.13975146241378306,0.09176100811967056,0.06655801635575216,0.05535345304269375,0.08791944355519339,0.02843339832950147,0.0009021856174150927,0.10808765751869852,0.00497657227670906,0.0071883821774686414,0.07962515642734495,0.14868601030237769,0.027734932045051074,0.048776228864119205,0.035679986030674314,0.022496434911673118,0.016617677017548967,0.08166234975699194,0.04310119030295975,0.05491691161491225,0.11582899217135706,0.12560752015366258,0.049678414481534296,3.4112195499365066,-0.21190454236728445,2.938339219200854,0.12034020680203587,32.050316,0.4609709
Manchester,E08000003,503127,335109,298237,11843,509,24520,23161,8877,4397,4791,5096,85986,11417,42904,6437,13539,11689,43484,25718,9642,8124,15387,9503,5884,213705,15977,42788,26590,22286,16083,20847,24065,13372,31697,245334,159452,62651,27014,8676,213705.0,138,66,11132,838,938,9962,33550,11444,19694,8843,9028,3343,15942,14362,8452,24250,30461,11262,2011,0.666052507617361,0.1709031715650323,0.08642748252429307,0.04603410272157924,0.030582735571734375,0.4876184343118139,0.31692196999962235,0.12452323170889258,0.053692208925380666,0.01724415505429047,0.8899701291221662,0.035340739878666344,0.001518908772966408,0.07317022222620102,0.07486102388760961,0.15745586490824087,0.13277742888377178,0.4989649477821971,0.13594073453818065,0.5914359304571797,0.2217367307515408,0.18682733879127955,0.20685635335261862,0.18984499805707872,0.3832736064936747,0.22002504209662796,0.6175992721128225,0.3824007278871775,0.0747619381858169,0.20021992934184973,0.12442385531456915,0.10428394281837113,0.07525794904190355,0.09755036147960974,0.11260850237476895,0.06257223743010225,0.1483212840130086,0.0006457499824524462,0.00030883694812943076,0.052090498584497325,0.003921293371703985,0.0043892281415970616,0.04661566177674832,0.1569921152991273,0.053550455066563724,0.09215507358274257,0.04137947170164479,0.04224515102594698,0.015643059357525562,0.07459816101635432,0.06720479165204371,0.03954984675136286,0.11347418169907116,0.14253761025713016,0.052698813785358324,2.765005494840482,-3.4075557316365797,-5.582945542543828,1.9224530680752399,21.791552,-19.236923
Mansfield,E07000174,104466,101522,97408,447,2,3665,1106,571,105,224,206,1289,521,132,192,206,238,398,152,192,54,151,42,109,48361,4384,5349,4941,5086,6443,5287,4619,4882,7370,43295,35895,16922,6476,1878,48361.0,186,491,5958,395,372,4707,9191,2431,2862,773,897,495,1582,2099,2999,3925,6898,2100,2011,0.971818582122413,0.01233894281392989,0.0038098520092661728,0.010587176689066299,0.0014454463653246032,0.4144410621637662,0.34360461777037504,0.1619857178412115,0.06199146133670285,0.017977140887944405,0.9594767636571384,0.0044029865447883215,1.9700163511357145e-05,0.03610054963456197,0.14895267649340574,0.15981380915438323,0.40418929402637704,0.10240496508921644,0.18463925523661753,0.38190954773869346,0.4824120603015075,0.135678391959799,0.20253164556962025,0.0949367088607595,0.5162748643761302,0.18625678119349007,0.2781456953642384,0.7218543046357616,0.0906515580736544,0.11060565331568827,0.10216910320299415,0.10516738694402514,0.13322718719629453,0.10932362854366122,0.09551084551601496,0.10094911188767809,0.15239552531998926,0.0038460743160811397,0.010152809081698062,0.12319844502801844,0.008167738466946507,0.007692148632162279,0.09733049357953723,0.19004983354355784,0.05026777775480242,0.05917991770228077,0.01598395401253076,0.01854800355658485,0.01023552035731271,0.03271230950559335,0.04340274187878663,0.06201277889208246,0.08116043919687352,0.14263559479746077,0.043423419697690285,6.278498744816135,2.3816932794849794,-2.084605606234933,-1.8315178934524385,34.1709,-14.199743
Medway,E06000035,263925,236579,225654,1946,510,8469,5176,1730,735,1546,1165,13615,7132,1516,1304,1065,2598,6663,4742,1428,493,1892,517,1375,126689,11924,16404,15265,16223,16564,12171,11670,10870,15598,120662,95679,34307,10388,2889,126689.0,446,83,9603,966,1523,13857,22022,7672,5639,3398,6336,1591,5988,6408,9688,11215,14754,5500,2011,0.8963872312209908,0.05158662498815952,0.02524580846831486,0.019611632092450506,0.007168703230084304,0.4571829118120678,0.3625234441602728,0.1299876858956143,0.039359666571942786,0.010946291560102302,0.9538209223980151,0.008225582152262035,0.0021557281077356823,0.035797767341987245,0.09577671685640837,0.07822254865956665,0.5238340066103562,0.11134777818582446,0.1908189496878443,0.7116914302866577,0.21431787483115713,0.0739906948821852,0.29868624420401857,0.1420015455950541,0.33423493044822256,0.22507727975270478,0.27325581395348836,0.7267441860465116,0.09412024721956919,0.12948243336043383,0.12049191326792381,0.12805373789358193,0.13074536857975042,0.09606990346438918,0.09211533755890408,0.08580066146232111,0.12312039719312648,0.0035204319238450062,0.0006551476450204832,0.07579979319435784,0.007624971386623937,0.01202156461886983,0.10937808333793779,0.17382724624868773,0.060557743766230694,0.04451057313578922,0.026821586720236167,0.05001223468493713,0.012558312087079384,0.04726535058292354,0.0505805555336296,0.07647072752961978,0.08852386552897253,0.11645841391123143,0.043413398164007924,4.202833917163526,-0.4769664447848387,-0.7545604796679332,-0.5338433395710634,21.203384,-10.910282
Melton,E07000133,50376,49319,47861,264,3,1191,414,151,45,142,76,518,277,4,0,103,134,95,39,38,18,30,3,27,26184,3248,3935,3190,2583,3563,2564,1640,2530,2931,24349,17892,6295,1449,391,26184.0,660,48,4390,129,210,1970,3998,1098,1302,598,605,266,1622,1053,1539,2584,2619,1493,2011,0.9790177862474194,0.010282674289344132,0.0018858186437986342,0.008218199142448784,0.0005955216769890424,0.4833452437668731,0.3551691281562649,0.1249602985548674,0.02876369699857075,0.007761632523423853,0.9704373567996107,0.005352906587724812,6.0828483951418315e-05,0.02414890812871307,0.0,0.19884169884169883,0.5347490347490348,0.007722007722007722,0.25868725868725867,0.4105263157894737,0.4,0.18947368421052632,0.34299516908212563,0.10869565217391304,0.3647342995169082,0.18357487922705315,0.1,0.9,0.12404521845401772,0.15028261533761075,0.12183012526733883,0.09864802933088909,0.13607546593339445,0.09792239535594256,0.06263366941643751,0.09662389245340666,0.11193858845096243,0.025206232813932174,0.0018331805682859762,0.16765963947448823,0.004926672777268561,0.008020164986251146,0.07523678582340361,0.1526886648334861,0.0419340054995417,0.049725022914757104,0.02283837457989612,0.023105713412771157,0.01015887564925145,0.061946226703330276,0.040215398716773605,0.05877635197066911,0.09868622059272839,0.10002291475710358,0.057019553926061714,3.6095460024037833,-0.016397574568185212,2.614254548983795,-3.15298944997072,31.97888,3.216339
Merthyr Tydfil,W06000024,58802,57391,55635,122,62,1572,462,154,46,151,111,696,168,50,45,120,313,143,118,10,15,110,32,78,25099,1785,3183,2471,2741,3232,2758,2528,2563,3838,25948,16961,9324,4908,1661,25099.0,38,94,3435,149,311,2314,3966,882,1221,567,523,304,715,1176,2163,2083,4211,947,2011,0.976004217543621,0.011836332097547702,0.0024318900717662665,0.00785687561647563,0.0018706846705894358,0.4412775075677698,0.2884425699806129,0.1585660351688718,0.083466548756845,0.02824733852590048,0.9694028680455123,0.002125768848774198,0.001080308759213117,0.027391054346500323,0.06465517241379311,0.1724137931034483,0.2413793103448276,0.07183908045977011,0.44971264367816094,0.8251748251748252,0.06993006993006994,0.1048951048951049,0.3268398268398268,0.09956709956709957,0.3333333333333333,0.24025974025974026,0.2909090909090909,0.7090909090909091,0.0711183712498506,0.1268178015060361,0.09845013745567552,0.10920753814893024,0.12877007052073788,0.10988485597035738,0.10072114426869597,0.1021156221363401,0.15291445874337622,0.001514004542013626,0.003745169130244233,0.13685804215307382,0.005936491493685007,0.012390931909637835,0.09219490816367186,0.15801426351647477,0.03514084226463206,0.048647356468385194,0.022590541455834893,0.020837483565082273,0.012112036336109008,0.02848719072473007,0.046854456352842744,0.08617873222040719,0.08299135423722061,0.16777560858998367,0.03773058687597115,5.562851197184939,2.863284777953823,-2.4192547731276006,3.541193939128494,42.75806,-10.784992
Merton,E09000024,199693,129606,96658,4417,216,28315,9334,2579,1279,2829,2647,36143,8106,7337,2216,2618,15866,20811,10442,8126,2243,3799,1413,2386,104822,12572,25598,15995,12300,9416,8113,7563,4594,8671,103891,67098,21025,5930,1749,104822.0,33,244,3212,292,348,7578,13717,4583,5575,7208,7909,1906,11764,6540,5351,9696,12278,6588,2011,0.6490262553018884,0.1809928239848167,0.10421496997891763,0.04674174858407656,0.019024202150300713,0.5202535892595134,0.33600576885519273,0.10528661495395432,0.029695582719474395,0.008758444211865214,0.7457833742265019,0.034080212335848646,0.0016665895097449192,0.21846982392790457,0.06131201062446393,0.0724344963063387,0.22427579337631076,0.2029991976316299,0.43897850206125666,0.501753880159531,0.3904665801739465,0.10777953966652251,0.3030854938932933,0.13702592671952005,0.2763016927362331,0.2835868866509535,0.3719399842063701,0.6280600157936299,0.1199366545190895,0.2442044608956135,0.1525920131270153,0.11734177939745473,0.08982847112247429,0.07739787449199595,0.07215088435633742,0.043826677605846104,0.08272118448417316,0.0003148194081395127,0.002327755623819427,0.0306424223922459,0.0027856747629314456,0.003319913758562134,0.07229398408730991,0.1308599339833241,0.04372173780313293,0.053185400011447975,0.06876419072332143,0.07545171815076987,0.01818320581557307,0.11222834901070386,0.06239148270401251,0.05104844402892523,0.09249966610062774,0.11713189979202838,0.06284940184312454,0.6101986221339842,-7.244461100190246,-1.0823047252102733,-0.013929583391323155,13.994295,-3.6128435
Mid Devon,E07000042,77750,76696,74554,278,88,1776,484,132,69,169,114,428,116,7,18,167,120,94,64,17,13,48,4,44,38508,4245,5685,3906,3912,6574,3751,3049,3115,4271,36263,27554,10398,2785,750,38508.0,2338,48,3957,269,320,3451,6445,1814,1631,772,740,520,2365,1492,2012,3768,4748,1818,2011,0.986443729903537,0.005504823151125402,0.0012090032154340835,0.00622508038585209,0.000617363344051447,0.46640514469453376,0.35439228295819936,0.1337363344051447,0.035819935691318326,0.00964630225080386,0.972071555231042,0.0036247001147387088,0.001147387086679879,0.023156357567539376,0.04205607476635514,0.3901869158878505,0.27102803738317754,0.016355140186915886,0.2803738317757009,0.6808510638297872,0.18085106382978725,0.13829787234042554,0.34917355371900827,0.14256198347107438,0.2727272727272727,0.23553719008264462,0.08333333333333333,0.9166666666666666,0.11023683390464319,0.14763166095356808,0.10143346837020879,0.10158928014957931,0.1707177729303002,0.09740833073647034,0.07917835255011946,0.08089228212319519,0.11091201828191545,0.060714656694712786,0.0012464942349641633,0.10275786849485821,0.006985561441778332,0.008309961566427755,0.08961774176794432,0.16736781967383402,0.04710709462968734,0.04235483535888646,0.02004778227900696,0.019216786122364184,0.013503687545445103,0.06141580970188013,0.03874519580346941,0.05224888334891451,0.09784979744468682,0.12329905474187182,0.04721096914926769,4.169423843325663,1.050321433776931,2.695663941711692,0.5498700708891264,34.46138,2.785478
Mid Suffolk,E07000203,96731,94667,92747,345,76,1499,953,311,120,298,224,647,170,17,38,158,264,371,164,126,81,93,7,86,48570,6123,7379,6414,5395,6973,4379,3323,3747,4837,46319,34155,12432,3020,805,48570.0,1661,41,4823,355,321,4717,7904,2618,1826,1471,1658,619,2925,2035,3505,4480,5454,2157,2011,0.978662476351945,0.006688652035024966,0.0038353785239478556,0.009852063971219155,0.0009614291178629395,0.4788433904332634,0.35309259699579243,0.12852136336851683,0.031220601461785777,0.008322047740641573,0.9797183812733053,0.00364435336495294,0.0008028140745983289,0.015834451287143354,0.05873261205564142,0.24420401854714066,0.26275115919629055,0.02627511591962906,0.4080370942812983,0.4420485175202156,0.33962264150943394,0.2183288409703504,0.3126967471143757,0.1259181532004197,0.32633788037775446,0.23504721930745015,0.07526881720430108,0.9247311827956989,0.12606547251389746,0.15192505661931233,0.1320568252007412,0.11107679637636401,0.14356598723491867,0.0901585340745316,0.06841671813876879,0.07714638665843113,0.0995882231830348,0.03419806464896026,0.0008441424747786699,0.09929997941115914,0.007309038501132386,0.006609017912291538,0.09711756228124356,0.16273419806464895,0.053901585340745316,0.0375952233889232,0.030286184887790817,0.034136298126415485,0.01274449248507309,0.06022235948116121,0.041898291126209596,0.07216388717315216,0.09223800700020589,0.11229153798641137,0.04441012970969734,3.5089890439506575,-0.37044641018485297,3.076565336030282,-1.5572194897083877,31.824274,2.3541918
Mid Sussex,E07000228,139860,133018,126341,1235,142,5300,1967,378,277,805,507,3761,1410,154,399,525,1273,788,487,201,100,326,87,239,72229,9618,14062,10997,8784,7413,7698,4905,3091,5661,72448,47524,14938,3864,1086,72229.0,459,85,4124,390,377,5509,9702,4673,3173,3593,5583,1012,5588,4108,3222,7269,9393,3969,2011,0.9510796510796511,0.026891176891176892,0.005634205634205634,0.014064064064064064,0.002330902330902331,0.518003718003718,0.3397969397969398,0.1068068068068068,0.02762762762762763,0.007764907764907765,0.9498037859537807,0.009284457742561158,0.0010675246959058172,0.039844231607752335,0.10608880616857219,0.13959053443233183,0.37490029247540546,0.040946556766817334,0.33847381015687317,0.618020304568528,0.2550761421319797,0.12690355329949238,0.4092526690391459,0.14082358922216573,0.19217081850533807,0.2577529232333503,0.2668711656441718,0.7331288343558282,0.1331598111561838,0.19468634481994768,0.15225186559415194,0.12161320245330823,0.10263190685181853,0.10657769040136233,0.06790901161583297,0.042794445444350605,0.07837572166304393,0.006354788242949508,0.0011768126375832422,0.05709618020462695,0.005399493278323111,0.005219510169045674,0.07627130376995389,0.13432277893920724,0.06469700535795872,0.04392972351825444,0.049744562433371636,0.0772958230073793,0.014010992814520484,0.07736504728017832,0.0568746625316701,0.04460812139168478,0.10063824779520691,0.13004471888022817,0.05495022774785751,2.2294048447856953,-3.2842333474534486,3.0443390911515844,0.7923405441896656,20.639145,-0.18102638
Middlesbrough,E06000002,138412,122055,119106,574,85,2290,2362,541,452,904,465,10768,1477,6811,244,904,1332,1731,1470,92,169,1496,950,546,54547,3884,7247,5177,5541,6437,6646,6077,5483,8055,62855,45295,19719,8001,2542,54547.0,82,387,4430,490,380,4620,9124,3002,3705,1266,1358,702,2253,2628,3197,5362,9116,2445,2011,0.8818238303037309,0.07779672282750051,0.012506141086033004,0.017064994364650463,0.010808311418085137,0.4541152501228217,0.32724763748807906,0.14246597115857007,0.05780568158830159,0.018365459642227553,0.9758387612142068,0.004702797918970956,0.0006964073573389046,0.01876203350948343,0.022659732540861812,0.08395245170876671,0.13716567607726599,0.6325222882615156,0.1236998514115899,0.8492201039861352,0.05314846909300982,0.097631426920855,0.3827265029635902,0.1913632514817951,0.22904318374259103,0.1968670618120237,0.6350267379679144,0.3649732620320856,0.07120464920160595,0.13285790235943315,0.0949089775789686,0.1015821218398812,0.11800832309751223,0.1218398812033659,0.11140851009221406,0.10051881863347205,0.14767081599354684,0.0015032907400956972,0.007094798980695547,0.08121436559297486,0.008983078812766972,0.006966469283370304,0.08469760023466001,0.16726859405650174,0.055035107338625405,0.06792307551286048,0.023209342401965278,0.024895961281097036,0.012869635360331456,0.041303829724824465,0.04817863493867674,0.058610006049828585,0.09830054815113572,0.16712193154527288,0.04482372999431683,5.366747440357923,1.2007968419556472,-3.544250465678447,4.066349073906633,38.95462,-16.097351
Milton Keynes,E06000042,248821,199094,183934,2498,72,12590,8235,2243,1597,2228,2167,22782,8106,3851,1989,2722,6114,17131,13058,2524,1549,1579,565,1014,127783,13871,23219,17189,16037,11298,10035,11910,8484,15740,124826,86778,26929,7955,2333,127783.0,276,74,10225,272,611,7339,26365,8348,5762,8212,6704,1523,8459,6933,5742,13401,11945,5592,2011,0.8001495050658908,0.09155979599792621,0.06884869042403977,0.0330960811185551,0.0063459273935881615,0.5016698751311184,0.3487567367706102,0.10822639568203649,0.03197077417099039,0.009376218245244573,0.9238550634373713,0.012546837172390931,0.0003616382211417722,0.06323646116909601,0.08730576771135107,0.11948029145816873,0.3558072162233342,0.16903695900272145,0.26836976560442455,0.7622438853540365,0.14733524020781041,0.09042087443815305,0.2705525197328476,0.1939283545840923,0.2723740133576199,0.2631451123254402,0.3578214059531349,0.6421785940468651,0.10855121573292222,0.18170648677836646,0.13451711103980968,0.1255018273166227,0.08841551693104717,0.07853157305744896,0.09320488640899025,0.066393808253054,0.12317757448173858,0.002159911725346877,0.0005791067669408293,0.08001846881040514,0.002128608656863589,0.004781543710822254,0.057433304899712795,0.20632635014047251,0.06532950392462221,0.04509207015017647,0.06426519959619041,0.05246394277799081,0.011918643325011934,0.06619816407503346,0.05425604344865906,0.04493555480776003,0.10487310518613586,0.09347878825821901,0.043761689739636726,1.9568880528163193,-3.1965461695604716,-0.9632308339368821,1.153062458171597,18.749361,-6.216227
Mole Valley,E07000210,85375,81168,76907,798,128,3335,1257,276,117,518,346,2177,707,152,206,358,754,399,207,131,61,374,148,226,42422,6422,9518,6613,5045,4505,3678,2326,1495,2820,43926,28801,9607,2437,604,42422.0,322,177,2102,134,204,3493,5379,1611,1806,2565,2801,909,4935,2497,2049,4463,4380,2595,2011,0.950723279648609,0.025499267935578333,0.0046734992679355785,0.014723279648609077,0.004380673499267936,0.514506588579795,0.33734699853587113,0.11252708638360176,0.028544655929721816,0.0070746705710102486,0.9475039424403706,0.009831460674157303,0.001576976148235758,0.04108762073723635,0.09462563160312357,0.16444648598989434,0.3247588424437299,0.06982085438677078,0.3463481855764814,0.518796992481203,0.3283208020050125,0.15288220551378445,0.4120922832140016,0.09307875894988067,0.21957040572792363,0.2752585521081941,0.39572192513368987,0.6042780748663101,0.15138371599641695,0.22436471642072509,0.15588609683654708,0.1189241431332799,0.10619489887322615,0.0867002970156994,0.05483004101645373,0.03524114846070435,0.06647494224694733,0.007590401206920937,0.00417236339635095,0.049549761915986985,0.0031587383904577815,0.004808825609353637,0.08233935222290321,0.1267974164348687,0.037975578709160344,0.042572250247513085,0.06046391023525529,0.06602706143038989,0.021427561171090473,0.11633114893215785,0.058860968365470744,0.04830041016453727,0.10520484654188864,0.10324831455376927,0.06117109047192495,2.3149010097374747,-4.521361641879979,3.998867029573761,0.4113556978330655,19.739262,0.9570951
Monmouthshire,W06000021,91323,89526,87762,395,6,1363,624,174,51,232,167,900,245,54,40,193,368,144,80,45,19,129,69,60,42817,5464,8697,4985,4199,5545,3706,2946,2491,4784,42365,30742,12800,4173,1243,42817.0,1216,40,4041,241,343,3249,6916,1512,2410,1356,1359,664,2695,1615,3138,4409,5636,1977,2011,0.9803225912420749,0.009855129594954173,0.0015768207351926679,0.006832889852501561,0.001412568575276765,0.46390285032248174,0.33662932667564577,0.14016184312823712,0.04569495088860419,0.013611028985031153,0.9802962267944507,0.004412126086276612,6.70196367535688e-05,0.015224627482519045,0.044444444444444446,0.21444444444444444,0.2722222222222222,0.06,0.4088888888888889,0.5555555555555556,0.3125,0.13194444444444445,0.3717948717948718,0.08173076923076923,0.27884615384615385,0.2676282051282051,0.5348837209302325,0.46511627906976744,0.1276128640493262,0.2031202559730948,0.11642571875656865,0.09806852418431931,0.1295046360090618,0.08655440596024944,0.06880444683186585,0.05817782656421515,0.11173132167129879,0.028399934605413738,0.0009342083751780834,0.09437840110236588,0.005628605460447953,0.008010836817152065,0.07588107527383983,0.16152462806829063,0.03531307658173156,0.05628605460447953,0.03166966391853703,0.03173972954667539,0.015507859027956185,0.06294228927762337,0.03771866314781512,0.07328864703272064,0.10297311815400426,0.13162996006259195,0.04617324894317677,4.043110088409047,-0.8057096735837157,2.204185912330877,1.2932688120277063,34.879616,-0.4529467
Neath Port Talbot,W06000012,139812,137087,135450,474,125,1038,910,384,75,262,189,1369,280,125,311,280,373,299,97,175,27,147,53,94,58980,4570,7618,5875,7573,7880,6670,5328,5902,7564,62849,39694,22640,11028,3601,58980.0,207,420,8534,332,589,5088,8652,2435,2783,1074,1825,706,1872,2378,5768,5098,8672,2547,2011,0.9805095413841444,0.009791720310130748,0.0021385861013360798,0.006508740308414156,0.0010514118959745944,0.4495250765313421,0.28390982176065,0.1619317369038423,0.07887734958372672,0.025756015220438876,0.9880586780657539,0.0034576582754017524,0.0009118297139772553,0.007571833944867128,0.22717311906501095,0.20452885317750183,0.20452885317750183,0.09130752373995617,0.2724616508400292,0.32441471571906355,0.5852842809364549,0.0903010033444816,0.2879120879120879,0.08241758241758242,0.421978021978022,0.2076923076923077,0.36054421768707484,0.6394557823129252,0.07748389284503221,0.12916242794167515,0.09961003730077993,0.12839945744320108,0.13360461173279078,0.11308918277382163,0.09033570701932858,0.10006781959986435,0.12824686334350627,0.0035096642929806714,0.007121057985757884,0.14469311631061377,0.005629026788741946,0.009986436080027129,0.08626653102746694,0.1466937945066124,0.04128518141742964,0.047185486605629025,0.018209562563580875,0.030942692438114615,0.011970159376059681,0.03173957273652085,0.0403187521193625,0.09779586300440828,0.08643608002712784,0.1470328925059342,0.04318413021363174,6.463256584228408,2.079407350151901,-1.892231868535519,0.4015692305839644,44.533325,-9.003202
New Forest,E07000091,176462,172160,167445,829,423,3463,1620,439,188,603,390,1665,472,34,195,338,626,612,328,141,143,405,72,333,82993,10174,13273,10249,9799,11447,8674,5978,5212,8187,79671,63302,24871,6715,1903,82993.0,863,130,7424,524,627,7409,12666,3990,5243,2613,3015,1402,5688,3871,4437,7760,10870,4461,2011,0.9756208135462593,0.00943545919234736,0.003468168784214165,0.009180446781743378,0.0022951116954358446,0.4514909725606646,0.3587287914678514,0.14094252586959233,0.03805351860457209,0.010784191497319537,0.9726126858736059,0.004815288104089219,0.0024570167286245355,0.0201150092936803,0.11711711711711711,0.203003003003003,0.28348348348348346,0.02042042042042042,0.375975975975976,0.5359477124183006,0.23039215686274508,0.23366013071895425,0.37222222222222223,0.11604938271604938,0.27098765432098765,0.24074074074074073,0.17777777777777778,0.8222222222222222,0.12258865205499259,0.15992915065125973,0.12349234272769993,0.11807019869145591,0.13792729507307847,0.10451483860084586,0.07203017121925946,0.06280047714867519,0.09864687383273288,0.010398467340619088,0.0015663971660260503,0.08945332738905691,0.006313785499981926,0.007554854023833335,0.08927258925451544,0.15261528080681502,0.048076343788030315,0.06317400262672755,0.03148458303712361,0.03632836504283494,0.01689299097514248,0.06853590061812442,0.04664248792066801,0.053462340197366044,0.09350186160278577,0.13097490149771668,0.05375152121263239,3.788499968810417,-0.2524607243192279,2.2797352966664137,-0.13346276837665963,30.525126,1.9345161
Newark and Sherwood,E07000175,114817,111958,108208,641,253,2856,1160,491,133,308,228,1036,366,145,73,220,232,499,166,270,63,164,39,125,54555,6491,7940,6032,5504,7075,5437,4275,4928,6873,51505,39671,16874,5246,1521,54555.0,1044,343,6404,459,572,4660,9166,2521,3367,1630,934,632,2663,2168,3579,5032,6769,2612,2011,0.975099506170689,0.009023054077357883,0.004346046317182995,0.01010303352291037,0.001428359911859742,0.44858339792887814,0.34551503697187697,0.14696429971171515,0.04569009815619638,0.013247167231333339,0.966505296629093,0.005725361296200361,0.0022597759874238552,0.02550956608728273,0.07046332046332046,0.21235521235521235,0.3532818532818533,0.13996138996138996,0.22393822393822393,0.33266533066132264,0.5410821643286573,0.12625250501002003,0.2655172413793103,0.1146551724137931,0.4232758620689655,0.19655172413793104,0.23780487804878048,0.7621951219512195,0.11898084501878838,0.14554119695719916,0.11056731738612409,0.10088901108972596,0.12968563834662267,0.09966089267711484,0.07836128677481441,0.09033085876638255,0.12598295298322792,0.019136651086059938,0.006287233067546512,0.11738612409495006,0.008413527632664284,0.010484831821097974,0.08541838511593805,0.16801393089542663,0.0462102465401888,0.06171753276509944,0.029878104665016954,0.01712033727431033,0.01158463935477958,0.048813124369901935,0.03973971221702869,0.06560351938410779,0.092237191824764,0.12407661992484649,0.04787828796627257,5.1376708300749,0.5939134606652723,0.4396751498621041,-2.1624711365567957,33.72588,-12.782301
Newcastle upon Tyne,E08000021,280177,239533,229520,1826,163,8024,4279,830,859,1609,981,27107,5072,6364,4692,6037,4942,5160,4664,217,279,4098,2602,1496,119335,9556,24317,12916,13505,11237,10739,13609,7466,15990,133933,89096,38018,14793,4337,119335.0,153,231,7315,691,537,7613,17779,5520,10314,4470,3817,1704,7307,5732,8517,12662,18794,6179,2011,0.8549345592250613,0.09674955474575,0.018416929298265026,0.015272488462650396,0.01462646826827327,0.47802995963266076,0.31799897921670944,0.13569279419795344,0.0527987664940377,0.015479500458638646,0.9581978266042674,0.00762316674529188,0.000680490788325617,0.03349851586211503,0.17309182130077103,0.2227100011067252,0.18711034050245323,0.2347733057881728,0.18231453130187775,0.9038759689922481,0.042054263565891474,0.05406976744186046,0.37602243514839917,0.20074783827997195,0.1939705538677261,0.22925917270390278,0.6349438750610054,0.36505612493899464,0.08007709389533665,0.2037708970545104,0.10823312523568107,0.11316881049147358,0.09416348933674111,0.08999036326308292,0.1140403066996271,0.06256337201994386,0.1339925420036033,0.00128210499853354,0.0019357271546486781,0.061298026563874806,0.0057904219214815434,0.004499937151715758,0.06379519839108393,0.14898395273809026,0.04625633720199439,0.08642896048937863,0.03745757740813676,0.031985586793480535,0.014279130179746092,0.06123098839401684,0.0480328487032304,0.07137051158503373,0.10610466334269074,0.15748942053881929,0.05177860644404408,3.791924479452067,-1.2168809573320478,-2.0992341870481797,5.303068044289031,42.870674,-14.472078
Newcastle-under-Lyme,E07000195,123871,117662,115510,364,49,1739,1490,565,156,468,301,3512,937,485,154,978,958,828,515,236,77,379,136,243,57366,5380,9036,6056,6085,7423,5614,5348,4926,7498,55311,42716,17802,6312,1730,57366.0,364,84,7162,304,400,4649,10867,2808,2762,1590,1499,700,2458,2380,2486,6191,8028,2634,2011,0.9498752734699809,0.02835207594998022,0.006684373259277797,0.012028642700874297,0.0030596346198868175,0.44652097746849545,0.3448426185305681,0.14371402507447265,0.05095623673014669,0.013966142196317137,0.9817103227890058,0.003093607111896789,0.00041644711121687546,0.014779622987880539,0.043849658314350795,0.2784738041002278,0.2667995444191344,0.13809794988610477,0.2727790432801822,0.6219806763285024,0.28502415458937197,0.0929951690821256,0.31409395973154364,0.10469798657718121,0.37919463087248323,0.20201342281879195,0.35883905013192613,0.6411609498680739,0.09378377436111983,0.15751490429871354,0.10556775790537949,0.1060732838266569,0.1293972039186975,0.09786284558797895,0.09322595265488268,0.08586967890388035,0.1307045985426908,0.006345221908447512,0.0014642819788725028,0.12484747062720078,0.005299306209252868,0.0069727713279643,0.08104103475926507,0.18943276505247011,0.04894885472230938,0.04814698601959349,0.02771676602865809,0.026130460551546213,0.012202349823937524,0.04284767981034062,0.04148798940138758,0.043335773803298124,0.10792106822856744,0.1399435205522435,0.04591569919464491,4.582698562129684,1.0534906351759254,-0.25324251011300314,0.4282670266078991,36.923046,-10.279437
Newham,E09000025,307984,89216,51516,2172,462,35066,13945,3957,3319,2677,3992,133895,42484,30307,37262,3930,19912,60256,37811,15050,7395,10672,3523,7149,132454,9595,19666,13139,13537,13799,12151,16914,9055,24598,149269,106549,34839,12763,4564,132454.0,94,34,3961,260,601,11223,22662,7987,15665,5525,6776,2215,7109,11612,5509,11320,13685,6216,2011,0.2896773858382254,0.43474661021351757,0.19564652709231647,0.04527832614681282,0.03465115070912775,0.48466478778118344,0.34595628344329576,0.11311951270195854,0.04144046443971115,0.014818951633851109,0.5774300573888091,0.024345408895265423,0.005178443328550933,0.3930460903873745,0.2782926920348034,0.029351357406923337,0.3172934015459875,0.22634900481720752,0.14871354419507823,0.6275059745087627,0.24976765799256506,0.12272636749867233,0.19196844747221226,0.2380064539261384,0.28375761921835785,0.2862674793832915,0.33011619190404795,0.669883808095952,0.07244024340525768,0.14847418726501277,0.09919670225134763,0.10220151901792321,0.10417956422607094,0.09173750887100428,0.12769716278859075,0.06836335633502952,0.18570975583976324,0.0007096803418545307,0.0002566928896069579,0.029904721639210593,0.0019629456264061485,0.004537424313346521,0.08473130294290848,0.17109336071390824,0.06030017968502272,0.11826747399097046,0.041712594561130655,0.051157382940492546,0.016722786778806228,0.05367146330046658,0.08766817159164692,0.04159179790719797,0.08546363265737539,0.10331888806680055,0.04692950005284854,1.042000999689755,-5.364661438899359,-9.333009654916118,1.0157806428148746,12.235926,-9.091992
Newport,W06000022,145736,131025,126756,769,84,3416,2752,1318,360,669,405,7986,1218,3127,1749,600,1292,2535,1499,782,254,1438,926,512,64408,5992,9812,7071,8052,6724,6204,6461,5270,8822,66667,47811,20538,8161,2559,64408.0,207,42,6865,502,583,4470,11157,2924,4237,1852,3218,984,2749,2905,4980,5325,9006,2402,2011,0.8990571993193172,0.054797716418729756,0.017394466706922105,0.018883460503924906,0.00986715705110611,0.45745045836306747,0.3280658176428611,0.1409260580776198,0.05599851786792556,0.017559148048526103,0.9674184315970235,0.005869108948673917,0.0006410990269032627,0.02607136042739935,0.2190082644628099,0.07513148009015777,0.15251690458302028,0.3915602304032056,0.16178312046080642,0.5913214990138067,0.3084812623274162,0.10019723865877712,0.24309593023255813,0.1308139534883721,0.4789244186046512,0.14716569767441862,0.6439499304589708,0.3560500695410292,0.09303192150043472,0.1523413240591231,0.10978449882002236,0.12501552602161223,0.10439696932058129,0.0963234380822258,0.10031362563656689,0.08182213389641038,0.13697056266302324,0.0032138864737299715,0.0006520929077133275,0.1065861383679046,0.0077940628493354865,0.009051670599925475,0.06940131660663272,0.1732238231275618,0.045398087194137376,0.06578375357098497,0.0287541920258353,0.049962737548130666,0.015277605266426532,0.04268103341199851,0.045103092783505154,0.07731958762886598,0.0826760650850826,0.13982735063967208,0.037293503912557445,5.249817984956386,-0.10912275955167512,-3.1051505995376583,0.7823059855086475,24.87063,-19.886393
North Devon,E07000043,93667,91742,89832,316,45,1549,785,294,75,287,129,835,215,67,78,152,323,158,63,70,25,147,61,86,44754,5219,5886,4559,4019,7773,4533,3747,3295,5723,43441,31704,13264,4064,1194,44754.0,1939,50,4863,160,316,3813,7669,1290,4375,644,623,585,1935,1983,2510,4032,5850,2117,2011,0.9794484717136238,0.008914559022921627,0.0016868267372713976,0.008380753093405361,0.0015693894327778193,0.4637812676823214,0.33847566378767335,0.1416080369820748,0.043387745951082024,0.01274728559684841,0.9791807460051013,0.0034444420221926707,0.0004905059841730069,0.01688430598853306,0.09341317365269461,0.18203592814371258,0.25748502994011974,0.08023952095808383,0.38682634730538923,0.3987341772151899,0.4430379746835443,0.15822784810126583,0.36560509554140125,0.09554140127388536,0.37452229299363055,0.1643312101910828,0.41496598639455784,0.5850340136054422,0.11661527461232515,0.13151897037136345,0.10186798945345668,0.08980202886892792,0.1736827993028556,0.10128703579568307,0.08372435983375788,0.07362470393707825,0.127876837824552,0.04332573624703937,0.0011172185726415517,0.10866067837511731,0.003575099432452965,0.007060821379094606,0.08519908834964472,0.1713589846717612,0.02882423917415203,0.09775662510613577,0.014389775215623185,0.013920543415113732,0.013071457299906154,0.04323635876122805,0.044308888590963935,0.05608437234660589,0.09009250569781473,0.13071457299906153,0.047303034365643294,5.015720199947333,1.0941454456800348,1.3311115798454145,-0.670394973899697,36.91819,1.2045658
North East Derbyshire,E07000038,99023,97084,95968,264,70,782,786,315,103,250,118,795,350,79,32,187,147,236,156,65,15,122,40,82,46858,5178,6719,5128,5760,6364,4535,3914,4182,5078,42535,33926,15734,5319,1509,46858.0,429,163,6262,194,393,4513,8115,2053,2148,1178,1308,662,2322,1789,2596,4393,6224,2116,2011,0.9804186906072326,0.008028437837674075,0.002383284691435323,0.007937549862153236,0.001232037001504701,0.42954667097543,0.34260727305777444,0.1588923785383194,0.05371479353281561,0.015238883895660605,0.9885047999670389,0.0027192946314531746,0.0007210250916731902,0.008054880309834781,0.04025157232704402,0.23522012578616353,0.44025157232704404,0.09937106918238994,0.18490566037735848,0.6610169491525424,0.2754237288135593,0.0635593220338983,0.31806615776081426,0.13104325699745548,0.40076335877862596,0.15012722646310434,0.32786885245901637,0.6721311475409836,0.11050407614494857,0.14339066968287165,0.10943702249349098,0.12292458064791498,0.13581458875752273,0.0967817661872039,0.08352895983610056,0.08924836740791327,0.10836996884203337,0.009155320329506167,0.0034785949037517607,0.13363779930854924,0.00414016816765547,0.0083870417004567,0.09631226258056255,0.1731828076315677,0.043813222928848865,0.045840624866618294,0.025139784028340946,0.027914123522130692,0.014127790345298562,0.04955397157369072,0.03817917964915276,0.055401425583678346,0.09375133381706433,0.13282683853344146,0.04515771052968543,5.129787372042798,1.440947867793506,0.1429882442886128,-0.08326135443608795,36.37565,-10.67591
North East Lincolnshire,E06000012,159616,155421,152240,414,26,2741,1186,381,161,369,275,2129,513,195,268,605,548,411,306,71,34,469,265,204,70776,5839,7346,6830,7205,9163,7347,6659,10521,9866,70242,55935,23779,7507,2153,70776.0,362,240,11045,519,387,5848,13435,5532,3808,748,942,669,2430,3044,3431,6243,9309,2784,2011,0.97371817361668,0.013338261828388131,0.00257492983159583,0.00743033279871692,0.0029383019246190857,0.4400686647955092,0.3504347935044106,0.1489762931034483,0.0470316259021652,0.01348862269446672,0.9795330103396581,0.0026637327002142566,0.00016728756088302095,0.017635969399244632,0.12588069516204792,0.2841709722874589,0.24095819633630813,0.09159229685298262,0.2573978393612024,0.7445255474452555,0.17274939172749393,0.0827250608272506,0.3111298482293423,0.1357504215851602,0.321247892074199,0.2318718381112985,0.5650319829424307,0.4349680170575693,0.0824997174183339,0.10379224595908218,0.09650163897366339,0.10180004521306657,0.12946479032440375,0.10380637504238725,0.09408556572849554,0.14865208545269584,0.1393975358878716,0.00511472815643721,0.00339097999321804,0.1560557251045552,0.007332994235334012,0.00546795523906409,0.08262687916807958,0.18982423420368486,0.07816208884367583,0.053803549225726235,0.010568554312196225,0.013309596473380807,0.009452356731095287,0.03433367243133265,0.04300892958064881,0.0484768848197129,0.08820786707358426,0.13152763648694474,0.039335367921329266,5.3282294407652,2.130422618788275,-1.2778606110943997,2.3056284004123886,38.676712,-11.633425
North Hertfordshire,E07000099,127114,113755,107889,1398,33,4435,3376,1481,309,912,674,6821,3464,424,495,808,1630,2491,859,1344,288,671,146,525,64990,8310,14418,9522,7209,6420,5372,4514,3819,5406,63801,43360,14965,3958,1030,64990.0,417,39,6538,156,405,4895,10445,2471,2372,3612,2831,1144,6032,2979,3614,6761,6965,3314,2011,0.8949053605425051,0.0536604937300376,0.01959658259515081,0.02655883694950989,0.0052787261827965445,0.5019195367937442,0.3411111285932313,0.11772896769828657,0.031137404219834165,0.008102962694903787,0.9484330359105094,0.012289569689244429,0.00029009713858731487,0.03898729726165883,0.07257000439818208,0.11845770414895176,0.5078434247177833,0.062160973464301425,0.2389678932707814,0.3448414291449217,0.539542352468888,0.11561621838619028,0.27014218009478674,0.09152843601895734,0.43868483412322273,0.19964454976303317,0.21758569299552907,0.7824143070044709,0.12786582551161718,0.2218495153100477,0.14651484843822127,0.11092475765502385,0.09878442837359594,0.08265887059547623,0.06945683951377135,0.058762886597938144,0.08318202800430835,0.006416371749499923,0.0006000923218956762,0.10060009232189568,0.002400369287582705,0.006231727958147407,0.07531927988921372,0.16071703338975227,0.03802123403600554,0.036497922757347284,0.05557778119710725,0.04356054777658101,0.017602708108939838,0.09281427911986459,0.04583782120326204,0.055608555162332665,0.10403138944452993,0.1071703338975227,0.050992460378519774,2.4456155739331034,-3.274593659837077,1.647458370604293,-3.427775118616997,25.71237,-7.81931
North Kesteven,E07000139,107766,105835,103343,512,74,1906,791,242,91,256,202,750,217,29,68,215,221,251,108,101,42,139,43,96,52428,6382,7451,7661,5920,6575,5208,3905,4315,5011,49563,37834,14941,4198,1230,52428.0,1427,97,5001,252,582,4237,8170,2102,2341,1130,794,485,2278,1789,7916,4779,6888,2160,2011,0.9820815470556576,0.006959523411836758,0.002329120501828035,0.0073399773583505004,0.001289831672327079,0.4599131451478203,0.35107547835124253,0.13864298572833733,0.03895477237718761,0.011413618395412281,0.9764539141115888,0.004837719091037937,0.0006992015873765767,0.018009165209996694,0.09066666666666667,0.2866666666666667,0.28933333333333333,0.03866666666666667,0.2946666666666667,0.4302788844621514,0.40239043824701193,0.16733067729083664,0.32364096080910243,0.11504424778761062,0.3059418457648546,0.2553729456384324,0.30935251798561153,0.6906474820143885,0.1217288471808957,0.1421187151903563,0.14612420843823912,0.11291676203555352,0.12541008621347371,0.0993362325474937,0.07448310063324941,0.08230334935530632,0.0955786984054322,0.027218280308232243,0.001850156404974441,0.0953879606317235,0.004806591897459373,0.011100938429846647,0.08081559472037843,0.1558327611200122,0.04009308003356985,0.044651712825207905,0.021553368429083695,0.015144579232471199,0.009250782024872206,0.04345006485084306,0.03412298771648737,0.15098802166781108,0.09115358205539024,0.1313801785305562,0.04119935912108034,4.259231117094625,-0.13052002366667792,2.2310070733990517,-0.3720719277110318,33.199657,-0.42129448
North Lincolnshire,E06000013,167446,160748,154526,727,90,5405,1244,341,166,451,286,4549,1122,862,1443,530,592,494,365,64,65,411,173,238,78101,7654,9522,7504,7681,10703,7461,6081,10047,11448,73234,59883,24667,7593,2069,78101.0,1198,276,15166,553,614,6201,13119,5086,3906,975,1418,741,2611,3090,3876,6577,9857,2837,2011,0.9599990444680673,0.027166967261087156,0.002950204842158069,0.007429260776608579,0.002454522652078879,0.4373589097380648,0.3576257420302665,0.14731316364678762,0.045345962280376954,0.012356222304504139,0.9612934531067261,0.0045226068131485305,0.0005598825490830368,0.033624057531042376,0.3172125741921301,0.11650912288415036,0.24664761486040887,0.1894921960870521,0.1301384919762585,0.7388663967611336,0.12955465587044535,0.13157894736842105,0.362540192926045,0.13344051446945338,0.2741157556270096,0.22990353697749197,0.4209245742092457,0.5790754257907542,0.09800130600120358,0.12191905353324542,0.09608071599595396,0.0983470122021485,0.13704049884124403,0.09553014686111573,0.0778607188128193,0.12864111855161905,0.14657942920065045,0.01533911217526024,0.0035338856096592875,0.19418445346410418,0.007080575152686905,0.007861615088155081,0.07939719081701899,0.16797480185913113,0.0651208051113302,0.050012163736699915,0.012483835034122483,0.018155977516293005,0.009487714625933086,0.033431070024711594,0.03956415410814202,0.049628045735649995,0.08421146976351135,0.12620837121163622,0.03632475896595434,4.620574241613083,1.654890445121122,-1.095942940039296,1.367416032123606,38.03189,-11.838854
North Norfolk,E07000147,101499,100127,98001,354,46,1726,617,194,76,197,150,531,112,5,67,141,206,157,67,73,17,67,10,57,43183,5228,5182,4092,3988,7633,5021,3424,3333,5282,39504,38336,17412,4839,1408,43183.0,1585,151,3996,201,301,3934,7568,1588,3427,703,1014,617,2111,2002,1823,3974,5670,2518,2011,0.9864826254445856,0.0052315786362427215,0.0015468132690962472,0.006078877624410093,0.0006601050256652775,0.3892058049833003,0.3776983024463295,0.17154848816244495,0.04767534655513848,0.013872057852786727,0.9787669659532394,0.0035355099024239217,0.00045941654099293896,0.017238107603343752,0.12617702448210924,0.2655367231638418,0.21092278719397364,0.009416195856873822,0.3879472693032015,0.4267515923566879,0.46496815286624205,0.10828025477707007,0.3192868719611021,0.12317666126418152,0.31442463533225284,0.24311183144246354,0.14925373134328357,0.8507462686567164,0.12106616029456035,0.12000092629043836,0.09475951184493898,0.09235115670518491,0.17675937290137322,0.1162726072760114,0.07929046152421092,0.0771831507769261,0.12231665238635574,0.03670425862029039,0.003496746404835236,0.0925364147928583,0.0046546094527939235,0.006970335548711298,0.09110066461338953,0.17525415093902694,0.03677373040316791,0.07935993330708843,0.016279554454299145,0.023481462612602182,0.014288030011810202,0.048884977884815786,0.04636083644026585,0.042215686728573745,0.09202695505175648,0.13130166963851517,0.0583099830951995,5.377197520937844,2.5738535215801197,1.315220757271263,-0.4708214866555698,38.72218,-1.1623126
North Northamptonshire,E06000061,316851,295889,277831,2693,313,15052,5359,2245,684,1304,1126,9364,5793,523,790,841,1417,5325,2715,1956,654,914,266,648,157386,16875,20974,17314,17157,19392,14505,12366,16624,22179,144745,114594,41916,12092,3504,157386.0,1039,80,23988,535,1245,12205,31843,10186,5903,4295,4122,1630,7488,7736,7270,14189,17341,6291,2011,0.9338427210266024,0.029553323170827928,0.01680600660878457,0.016913312566474464,0.0028846366273106287,0.45682355428892446,0.36166526222104395,0.13228930948616227,0.03816304824665221,0.011058825757217115,0.9389703571271659,0.009101385992720243,0.0010578291183518144,0.05087042776176201,0.08436565570269115,0.08981204613413071,0.6186458778299871,0.05585219991456643,0.15132422041862453,0.5098591549295775,0.36732394366197185,0.12281690140845071,0.24332897928718045,0.12763575293898116,0.41892144056727,0.21011382720656838,0.2910284463894967,0.7089715536105032,0.10722046433609088,0.13326471223615824,0.11000978486015274,0.10901223742899623,0.12321299226106515,0.09216194578933323,0.0785711562654874,0.10562565920729926,0.14092104761541688,0.006601603700456204,0.0005083044235192457,0.15241508139224583,0.0033992858322849555,0.007910487591018261,0.07754819361315492,0.20232422197654176,0.06471986072458795,0.037506512650426344,0.0272895937376895,0.026190385421829134,0.01035670262920463,0.047577294041401395,0.049153037754311055,0.04619216448731145,0.0901541433164322,0.11018133760309048,0.039971789104494684,3.794532754261029,0.15599784162041955,-0.7558495369525509,-2.5638378635864654,25.233028,-12.744453
North Somerset,E06000024,202566,197076,190553,1113,176,5234,2033,681,256,698,398,2436,817,111,299,619,590,632,383,188,61,389,127,262,97563,11897,16808,12908,11305,11026,9592,8534,6114,9379,93803,70435,27670,8276,2382,97563.0,890,164,7998,432,1049,7585,16703,4686,4857,3585,5085,1562,6443,4340,6126,8663,12883,4512,2011,0.9728977222238677,0.012025710138917687,0.0031199707749572977,0.010036235103620549,0.0019203617586366912,0.4630737636128472,0.3477138315413248,0.13659745465675385,0.04085581983156107,0.011759130357513107,0.9669010939941951,0.005647567435913049,0.0008930564858227283,0.02655828208406909,0.12274220032840723,0.25410509031198686,0.33538587848932677,0.04556650246305419,0.24220032840722497,0.6060126582278481,0.2974683544303797,0.09651898734177215,0.34333497294638465,0.12592228234136743,0.33497294638465325,0.1957697983275947,0.3264781491002571,0.6735218508997429,0.12194171970931603,0.17227842522267664,0.13230425468671525,0.11587384561770343,0.11301415495628465,0.09831595994383116,0.08747168496253703,0.06266719965560714,0.09613275524532866,0.009122310712052726,0.0016809651199737605,0.08197779896067156,0.004427908120906491,0.01075202689544192,0.07774463679878643,0.17120219755440075,0.04803050336705513,0.04978321699824729,0.03674548753113373,0.05212016850650349,0.016010167789018377,0.06603937968287157,0.04448407695540318,0.0627901971034101,0.08879390752641883,0.13204801000379243,0.046247040373912245,4.092217178492871,-0.8030282797488945,1.3800657710286868,0.44086795832336856,31.24205,-4.2638645
North Tyneside,E08000022,200801,194025,190936,596,29,2464,1815,448,385,602,380,3815,1095,319,686,869,846,734,576,91,67,412,177,235,96026,8205,16953,11624,13912,10077,8662,10312,6613,9668,90031,66955,30156,10638,3021,96026.0,127,393,7883,671,553,7054,13861,4270,4992,3917,3196,1267,4986,4125,10539,9789,14087,4316,2011,0.9662551481317324,0.018998909367981234,0.0036553602820703084,0.009038799607571675,0.002051782610644369,0.44835932091971653,0.33343957450411105,0.15017853496745534,0.05297782381561845,0.01504474579309864,0.9840793712150496,0.0030717691019198556,0.00014946527509341579,0.01269939440793712,0.1798165137614679,0.22778505897771953,0.2870249017038008,0.0836173001310616,0.2217562254259502,0.784741144414169,0.12397820163487738,0.09128065395095368,0.33168044077134984,0.21212121212121213,0.24683195592286503,0.209366391184573,0.42961165048543687,0.5703883495145631,0.08544560848103638,0.17654593547580863,0.12105054880969737,0.1448774290296378,0.10494032866098765,0.09020473621727448,0.10738758252973153,0.06886676525107784,0.1006810655447483,0.0013225584737466935,0.004092641576239769,0.08209234998854477,0.0069876908337325305,0.0057588569762356025,0.07345927144731636,0.14434632287088914,0.044467123487388835,0.05198592047987004,0.04079103576114802,0.033282652614916794,0.013194343198717014,0.05192343740237019,0.042957115781142606,0.10975152562847562,0.10194114094099514,0.14669985212338324,0.04494616041488764,4.71639606402484,0.04180415747160137,-0.38414442525544196,3.4268492348986723,41.504765,-13.0366125
North Warwickshire,E07000218,62014,60709,59499,458,45,707,506,269,39,116,82,580,360,35,11,67,107,172,30,124,18,47,7,40,31258,3549,4060,3431,3818,4044,2688,2244,3137,4287,27979,21604,8725,2850,856,31258.0,352,175,3979,211,312,2814,5447,2806,1566,806,809,370,1367,1544,1415,2795,3142,1348,2011,0.9789563646918438,0.009352726803624988,0.002773567259006031,0.008159447866610766,0.0007578933789144387,0.45117231592866125,0.34837294804399005,0.14069403683039314,0.0459573644660883,0.013803334730867223,0.9800688530530893,0.007544186199739742,0.0007412410021578349,0.011645719745013095,0.01896551724137931,0.11551724137931034,0.6206896551724138,0.0603448275862069,0.18448275862068966,0.1744186046511628,0.7209302325581395,0.10465116279069768,0.22924901185770752,0.07707509881422925,0.5316205533596838,0.16205533596837945,0.14893617021276595,0.851063829787234,0.11353893403288758,0.129886748992258,0.10976390044148698,0.12214473094887708,0.12937488003071212,0.08599398553970183,0.07178962185680465,0.10035830827308209,0.13714888988418963,0.011261117154008574,0.005598566766907672,0.12729541237443215,0.006750271930385821,0.009981444750143963,0.09002495361187536,0.17425938959626336,0.08976901913110244,0.05009917461129951,0.025785398937871906,0.02588137436816175,0.011836969735747648,0.04373280440207307,0.04939535478917397,0.0452684112867106,0.08941710922003968,0.10051826732356517,0.04312496001023738,5.572933745800971,0.5629788348802087,0.19412154086536076,-5.499708860838543,30.468372,-12.858782
North West Leicestershire,E07000134,93468,91187,89116,406,77,1588,881,358,59,322,142,1074,520,16,20,198,320,205,91,78,36,121,25,96,46291,5383,6910,5300,5115,5859,4246,3275,4724,5479,42477,33202,12978,3733,1078,46291.0,429,439,6757,401,326,4118,8032,3599,2163,1162,897,463,2480,2062,1969,4576,4481,1937,2011,0.9755959258783755,0.011490563615354988,0.0021932640047930842,0.009425685796208328,0.0012945607052681132,0.45445500064193095,0.3552231779860487,0.13884965977660804,0.03993880258484187,0.011533359010570463,0.9772884292717163,0.004452389046684286,0.0008444186123021922,0.017414763069297158,0.0186219739292365,0.18435754189944134,0.48417132216014896,0.0148975791433892,0.297951582867784,0.44390243902439025,0.3804878048780488,0.17560975609756097,0.3654937570942111,0.06696935300794551,0.40635641316685583,0.1611804767309875,0.2066115702479339,0.7933884297520661,0.11628610313019809,0.1492730768399905,0.1144930980104124,0.11049664081570931,0.1265688794798125,0.09172409323626624,0.07074809358190577,0.10205007452852606,0.11835994037717915,0.009267460197446589,0.009483484910673782,0.14596789872761443,0.008662591000410447,0.007042405651206498,0.08895897690695816,0.17351104966408157,0.07774729429046683,0.04672614547104189,0.02510207167699985,0.01937741677647923,0.010001944222419045,0.053574128880343914,0.04454429586744724,0.04253526603443434,0.0988529087727636,0.09680067399710526,0.04184398695210732,4.961532207409614,0.43807127004483937,1.5580826609664533,-2.5999838741301917,33.211548,-12.1586
North Yorkshire,E06000065,598376,582475,565055,2381,588,14451,5043,1315,662,1821,1245,7356,1631,894,275,1733,2823,2424,1428,372,624,1078,357,721,299201,38816,47407,39274,30046,42547,27090,21484,19813,32724,285526,206349,78814,21734,5953,299201.0,10637,1093,26512,1666,1782,23327,46638,10693,21961,6798,8817,3848,18132,11832,24987,27758,37001,15719,2011,0.9734264074762357,0.012293273794403519,0.004050964610880115,0.00842781127585331,0.0018015428426273782,0.4771682019332326,0.34484838964129577,0.13171317031431742,0.036321643916199846,0.009948594194954342,0.9700931370445084,0.004087729087085283,0.0010094853856388686,0.0248096484827675,0.037384448069603046,0.2355899945622621,0.2217237629146275,0.12153344208809136,0.383768352365416,0.5891089108910891,0.15346534653465346,0.25742574257425743,0.36109458655562165,0.13127106880824907,0.2607574856236367,0.24687685901249257,0.33116883116883117,0.6688311688311688,0.12973218672397485,0.15844532605171774,0.13126293027095498,0.1004207873636786,0.142202064832671,0.0905411412395012,0.071804572845679,0.06621969846357466,0.10937129220824797,0.035551351766872435,0.0036530626568761467,0.08860932951427301,0.005568163208010669,0.0059558624469838,0.07796431161660555,0.15587514747611136,0.03573851691672154,0.07339881885421506,0.022720512297753015,0.02946848439677675,0.012860919582488027,0.060601401733282975,0.03954532237525944,0.08351242141570382,0.09277375409841544,0.12366603052797283,0.05253658911567809,3.6451288082764135,-0.5779903999759332,2.5991937001693244,0.9826246116263416,33.934387,1.5975925
Northumberland,E06000057,316028,311066,307097,833,156,2980,1692,515,230,624,323,2658,939,351,295,452,621,338,193,114,31,274,73,201,146901,15459,22807,16827,16891,19038,15579,12688,11390,16222,138990,108458,48580,15641,4359,146901.0,3739,770,13569,858,1060,11629,21477,6210,8794,3657,3480,2164,7616,5642,13421,13081,22591,7143,2011,0.9842988595947194,0.008410647157846772,0.0010695254850836002,0.005353955978584176,0.0008670117837659955,0.439802802283342,0.3431911096485122,0.15372055640639437,0.049492450036072756,0.013793081625678737,0.9872406498942347,0.0026778882938026014,0.0005015012891154932,0.009579960522847241,0.1109857035364936,0.17005267118133935,0.35327313769751695,0.13205417607223477,0.23363431151241534,0.5710059171597633,0.33727810650887574,0.09171597633136094,0.36879432624113473,0.1359338061465721,0.30437352245862886,0.1908983451536643,0.2664233576642336,0.7335766423357665,0.10523413727612474,0.15525421882764584,0.11454653133743133,0.11498219889585504,0.1295974840198501,0.10605101394816918,0.08637109345749859,0.07753521078821791,0.11042811144920729,0.025452515639784616,0.0052416253122851445,0.09236832969142483,0.005840668205117732,0.007215743936392537,0.07916215682670642,0.1462005023791533,0.042273367778299674,0.05986344544965657,0.02489431658055425,0.023689423489288704,0.014731009319201366,0.051844439452420336,0.03840681819728933,0.09136084846257003,0.08904636455844413,0.15378384081796584,0.04862458390344518,5.054147859270515,0.9775753712005429,0.7999576940009656,0.2980357189730832,35.92645,-3.900638
Norwich,E07000148,132512,120375,112237,874,127,7137,3039,684,660,876,819,5844,1684,255,540,1679,1686,2147,1727,272,148,1107,643,464,62424,4811,12181,7422,5944,6321,5901,6878,4157,8809,59454,46939,18620,5862,1637,62424.0,198,92,4290,128,371,3933,10767,2229,4653,2096,3984,809,3711,2965,2924,7164,8697,3413,2011,0.9084082950978024,0.04410166626418739,0.01620230620623038,0.02293377203574016,0.008353960396039604,0.44866879980680996,0.3542245230620623,0.1405155759478387,0.04423750301859454,0.012353598164694519,0.9323946002076843,0.007260643821391485,0.001055036344755971,0.059289719626168226,0.09240246406570841,0.28730321697467487,0.28815879534565364,0.043634496919917866,0.28850102669404515,0.8043782021425244,0.12668840242198418,0.06893339543549139,0.2882527147087858,0.21717670286278382,0.2250740375123396,0.2694965449160908,0.5808491418247516,0.41915085817524844,0.07706971677559912,0.19513328207099834,0.1188965782391388,0.09521978726130975,0.10125913110342176,0.09453094963475586,0.11018198128924772,0.06659297706010509,0.14111559656542355,0.0031718569780853517,0.0014737921312315775,0.06872356785851595,0.0020504933999743688,0.00594322696398821,0.06300461361014995,0.17248173779315648,0.03570742022299116,0.07453863898500576,0.03357682942458029,0.06382160707420223,0.012959759067025503,0.0594482891195694,0.04749775727284378,0.046840958605664486,0.11476355247981546,0.139321414840446,0.05467448417275407,3.4868524724257397,-0.8621888010887594,-1.2641433952658205,4.1731227251887875,33.380302,-8.007356
Nottingham,E06000018,305680,218698,199990,2819,326,15563,20265,12166,2004,3304,2791,40039,9901,16771,1049,5988,6330,22185,9877,9382,2926,4493,2372,2121,123218,9055,19437,13232,11942,11831,12616,13540,10765,20800,141038,103332,41581,15063,4666,123218.0,197,90,10266,1619,720,7602,21831,6591,9725,4110,2801,1786,5646,7392,5636,13033,18098,6075,2011,0.7154475268254383,0.1309833813137922,0.07257589636220885,0.06629481811044229,0.014698377388118293,0.4613909971211725,0.33803978016226116,0.13602787228474222,0.04927702172206229,0.015264328709761842,0.9144573795828037,0.012889921261282682,0.0014906400607230062,0.07116205909519063,0.026199455530857414,0.1495541846699468,0.24728389819925573,0.41886660506006645,0.15809585653987362,0.4452107279693487,0.4228983547441965,0.1318909172864548,0.1630397236614853,0.09888971132494448,0.6003454231433506,0.1377251418702196,0.5279323391943023,0.47206766080569773,0.0734876397928874,0.1577448100115243,0.10738690775698356,0.09691765813436348,0.09601681572497525,0.10238763816974793,0.10988654255060137,0.0873654823158954,0.16880650554302132,0.001598792384229577,0.0007304127643688423,0.08331574932233927,0.013139314061257283,0.005843302114950738,0.06169553149702154,0.1771737895437355,0.05349056144394488,0.07892515703874434,0.03335551623951046,0.022732068366634745,0.01449463552403058,0.045821227418072034,0.05999123504682757,0.045740070444253274,0.10577188397799023,0.1468778912171923,0.04930286159489685,4.548291037090779,-1.287163131243852,-5.330591842453448,-1.9682231648239925,21.353952,-18.001684
Nuneaton and Bedworth,E07000219,125252,114392,111379,697,75,2241,1396,664,110,409,213,7880,5705,527,51,304,1293,1047,555,351,141,537,76,461,60205,5102,7712,6600,7104,7287,5975,5194,6145,9086,55086,44255,18133,6019,1759,60205.0,118,157,8641,397,486,3836,11698,4748,2662,1482,1747,540,2353,2717,3103,5278,7659,2583,2011,0.9132947976878613,0.06291316705521668,0.008359147957717241,0.011145530610289656,0.004287356688915147,0.43980136045731805,0.3533276913741896,0.14477213936703606,0.048055120876313355,0.014043687925142911,0.9736607455066788,0.00609308343240786,0.0006556402545632562,0.019590530806350093,0.006472081218274112,0.03857868020304569,0.7239847715736041,0.06687817258883248,0.16408629441624364,0.5300859598853869,0.335243553008596,0.1346704871060172,0.29297994269340977,0.07879656160458452,0.47564469914040114,0.15257879656160458,0.14152700186219738,0.8584729981378026,0.08474379204385017,0.12809567311685077,0.10962544639149573,0.11799684411593721,0.12103645876588323,0.09924424881654348,0.08627190432688316,0.10206793455693049,0.15091769786562578,0.001959970102150984,0.002607756830828004,0.14352628519225977,0.006594136699609667,0.008072419234282866,0.06371563823602691,0.1943027987708662,0.07886388173739722,0.04421559671123661,0.024615895689726768,0.02901752346150652,0.008969354704758742,0.03908313263018022,0.045129142097832406,0.051540569720122914,0.08766713728095674,0.1272153475624948,0.042903413337762646,4.75479174285674,1.3475266524601817,-1.273481875974741,-3.6276783101283976,29.689117,-14.638593
Oadby and Wigston,E07000135,56170,41011,39634,387,9,981,1176,383,85,493,215,12520,9938,1080,128,328,1046,671,302,305,64,792,191,601,26399,2717,4547,3179,3580,2864,2357,2462,2022,2671,25383,20568,7524,2082,613,26399.0,50,21,2970,351,139,1858,5045,1027,1086,647,1064,304,1360,1021,1617,3336,3489,1014,2011,0.7301228413743992,0.22289478369236246,0.01194587858287342,0.020936442941071748,0.014100053409293217,0.4518960299092042,0.3661741142958875,0.13395050738828557,0.03706604949261171,0.010913298914011037,0.9664236424373949,0.009436492648313867,0.00021945331740264807,0.02392041159688864,0.010223642172523962,0.02619808306709265,0.7937699680511182,0.08626198083067092,0.08354632587859424,0.45007451564828616,0.45454545454545453,0.09538002980625931,0.4192176870748299,0.07227891156462585,0.32568027210884354,0.1828231292517007,0.24116161616161616,0.7588383838383839,0.10292056517292322,0.17224137277927193,0.1204212280768211,0.13561119739384067,0.10848895791507254,0.08928368498806773,0.09326110837531724,0.07659381037160498,0.10117807492708057,0.0018940111367854843,0.0007954846774499034,0.11250426152505777,0.0132959581802341,0.005265350960263647,0.0703814538429486,0.19110572370165538,0.03890298874957385,0.04113792189098072,0.024508504110004166,0.040304556990795104,0.011515587711655744,0.051517102920565175,0.03867570741315959,0.061252320163642564,0.1263684230463275,0.1321640971248911,0.038410545854009624,3.6375627909313555,-1.3274751727206717,-0.4633887633795312,-3.805866937808626,25.531504,-10.750209
Oldham,E08000004,224897,174326,169955,1484,62,2825,4057,1950,440,1131,536,43165,1555,22686,16310,726,1888,2797,1640,839,318,552,154,398,96300,8867,12481,10140,11303,12652,9957,8835,9326,12739,101526,74987,32778,12179,3427,96300.0,127,26,10913,427,748,8029,18287,5586,5659,2196,3145,1450,4332,4615,5077,9185,12638,3860,2011,0.7751370627442785,0.19193230678933024,0.012436804403793737,0.018039369133425524,0.002454456929172021,0.4514333228099975,0.33342819157214193,0.1457467196094212,0.05415367923982979,0.01523808676860963,0.9749262875302594,0.008512786388719985,0.0003556554960246894,0.016205270584995927,0.37785242673462294,0.016819182207807253,0.036024556932700104,0.5255646936175142,0.043739140507355494,0.5863425098319628,0.2999642474079371,0.11369324276010011,0.27877742174020215,0.10845452304658615,0.4806507271382795,0.1321173280749322,0.27898550724637683,0.7210144927536232,0.09207684319833853,0.12960539979231567,0.10529595015576323,0.11737279335410176,0.13138110072689513,0.10339563862928348,0.09174454828660436,0.09684319833852544,0.13228452751817238,0.0013187954309449637,0.0002699896157840083,0.11332294911734164,0.004434060228452752,0.007767393561786086,0.08337487019730011,0.18989615784008307,0.05800623052959501,0.058764278296988576,0.02280373831775701,0.03265835929387331,0.015057113187954309,0.044984423676012464,0.047923156801661475,0.05272066458982347,0.09537902388369678,0.13123572170301143,0.040083073727933544,4.520076113688787,0.7121097566905543,-3.7034709400340997,-1.0176455191731113,26.665537,-20.402178
Oxford,E07000178,151906,117957,96633,2431,92,18801,6035,1721,703,2008,1603,18827,4449,4825,1791,3559,4203,7028,4456,1874,698,2059,922,1137,69807,5791,23478,8106,5805,4912,5713,4659,3215,8128,83904,48201,14320,4189,1292,69807.0,108,22,3534,321,206,2826,7722,2241,4767,4595,872,643,6544,2450,2222,16452,10536,3746,2011,0.7765131067897252,0.12393848827564415,0.04626545363580109,0.03972851631930273,0.013554434979526813,0.5523415796611062,0.317308072097218,0.09426882414124524,0.02757626426869248,0.00850525983173805,0.8192222589587731,0.020609205049297627,0.0007799452342802886,0.15938859075764897,0.09512933552876189,0.18903702129919797,0.23630955542571838,0.25628087321400117,0.2232432145323206,0.6340352874217416,0.26664769493454754,0.09931701764371087,0.3327257663628832,0.11648715824357912,0.2851698425849213,0.2656172328086164,0.44779018941233606,0.5522098105876639,0.08295729654619165,0.33632730241952813,0.11612015986935408,0.08315784949933387,0.07036543613104702,0.08183993009297062,0.06674115776354807,0.0460555531680204,0.11643531451000616,0.001547122781382956,0.00031515464065208363,0.050625295457475614,0.004598392711332674,0.002950993453378601,0.04048304611285401,0.11061927886888134,0.032102797713696334,0.06828828054493102,0.06582434426346928,0.012491583938573496,0.00921111063360408,0.09374418038305614,0.03509676679989113,0.031830618705860445,0.2356783703640036,0.15093042245047059,0.053662240176486596,0.35381253677361024,-5.630118984920722,-0.5495630201232433,1.186599675538778,17.575676,5.479933
Pembrokeshire,W06000009,122439,120121,117092,834,454,1741,733,234,78,261,160,1192,341,69,103,205,474,179,94,44,41,214,61,153,54217,5616,7080,5468,4811,10202,6322,4394,4073,6251,55535,39889,18684,6383,1948,54217.0,2535,248,4116,406,389,5805,8513,2194,4702,666,685,634,2235,1959,4010,5037,7289,2794,2011,0.9810681237187497,0.00973546010666536,0.001461952482460654,0.005986654579014856,0.001747809113109385,0.45357279951649393,0.32578671828420686,0.15259843677259696,0.05213208209802432,0.015909963328677956,0.9747837597089601,0.006942999142531281,0.0037795223149990425,0.014493718833509545,0.08640939597315436,0.17197986577181207,0.2860738255033557,0.057885906040268456,0.3976510067114094,0.5251396648044693,0.24581005586592178,0.22905027932960895,0.35607094133697137,0.10641200545702592,0.31923601637107774,0.21828103683492497,0.2850467289719626,0.7149532710280374,0.1035837467952856,0.1305863474555951,0.10085397569028165,0.08873600531198701,0.18816976225169227,0.11660549274212885,0.08104469077964475,0.07512403858568346,0.11529594038770127,0.046756552372871976,0.004574211040817456,0.07591714775808325,0.00748842613940277,0.007174871350314477,0.1070697382739731,0.15701717173580243,0.040467012191747975,0.08672556578195031,0.012283969972517845,0.012634413560322409,0.011693749193057528,0.041223232565431506,0.03613257834258627,0.07396204142612096,0.0929044395669255,0.1344412269214453,0.051533651806628916,5.091978753140203,1.6788806371577671,1.0798434630358325,0.6595445756249156,40.78496,0.29776698
Pendle,E07000122,89452,71437,69074,462,26,1875,946,139,65,599,143,16807,236,15320,383,281,587,126,67,51,8,136,52,84,39324,3747,5172,3802,3786,5641,4254,3674,4875,4373,38965,30826,13431,4921,1309,39324.0,260,18,8277,56,214,2842,6885,1684,1879,763,990,500,1490,1732,1749,3599,4902,1484,2011,0.7986070741850377,0.18788847650136387,0.0014085766668157224,0.01057550418101328,0.001520368465769351,0.43559674462281445,0.344609399454456,0.1501475651746188,0.05501274426508072,0.014633546483030006,0.9669219032154206,0.006467236866049806,0.000363957053067738,0.026246902865461875,0.022788123995954066,0.01671922413280181,0.014041768310822872,0.9115249598381626,0.034925923722258584,0.5317460317460317,0.40476190476190477,0.06349206349206349,0.6331923890063424,0.06871035940803383,0.14693446088794926,0.1511627906976744,0.38235294117647056,0.6176470588235294,0.09528532194079951,0.1315227342081172,0.096683958905503,0.09627708269758926,0.14344929305258874,0.10817821177906622,0.09342894924219307,0.12397009459871834,0.11120435357542467,0.006611738378598311,0.00045773573390296,0.2104821483063778,0.0014240667276980978,0.0054419692808463024,0.07227138643067847,0.17508391821788222,0.04282372088292137,0.04778252466687011,0.019402909164886583,0.0251754653646628,0.012714881497304445,0.037890346861967246,0.0440443495066626,0.04447665547757095,0.0915217170175974,0.12465669819957279,0.03773776828399959,4.285878412852344,1.613523607225548,-1.7250535570468248,-0.40904640375138385,28.267612,-22.663364
Peterborough,E06000031,183631,151544,130232,1257,560,19495,4948,1542,827,1384,1195,21492,4636,12078,229,872,3677,4164,2480,1174,510,1483,428,1055,88044,7855,11643,10002,9870,8947,8122,8153,9173,14279,81275,68493,24362,7425,2076,88044.0,727,47,10400,238,667,5257,16112,5482,4252,3227,4432,1086,3887,6553,5541,7056,9551,3529,2011,0.8252637081974177,0.11703906203200985,0.022675909840930996,0.026945341472845,0.00807597845679651,0.44259956107628884,0.37299257750597664,0.13266823139883788,0.0404343493201039,0.011305280698792688,0.8593675764134509,0.008294620704217917,0.003695296415562477,0.12864250646676872,0.010655127489298344,0.04057323655313605,0.21570817048203983,0.5619765494137353,0.17108691606179044,0.595581171950048,0.281940441882805,0.12247838616714697,0.27970897332255457,0.1671382376717866,0.3116410670978173,0.24151172190784156,0.28860418071476734,0.7113958192852327,0.08921675525873426,0.13224069783290174,0.1136022897642088,0.11210303938939621,0.101619644723093,0.09224932988051429,0.09260142655944754,0.10418654309209031,0.16218027349961384,0.00825723501885421,0.0005338239970923629,0.11812275680341647,0.002703193857616646,0.007575757575757576,0.05970878197265004,0.18299940938621598,0.06226432238426242,0.04829403480078143,0.036652128481213936,0.05033846713007133,0.012334741720049067,0.044148380355276906,0.07442869474353732,0.0629344418699741,0.0801417473081641,0.10847985098359911,0.04008223161146699,3.39707027850983,-0.6606717876672407,-2.994446272601451,-0.907248547059288,20.268057,-13.316679
Plymouth,E06000026,256384,246509,238263,1105,153,6988,3287,904,523,1028,832,3906,875,202,359,1251,1219,1678,1106,343,229,1004,399,605,117466,9508,16170,14638,13201,15317,12914,12497,8647,14574,117976,85956,35756,13012,3684,117466.0,222,188,11493,877,642,8733,18796,6354,7066,2756,2342,1604,4561,4947,12772,11951,16819,5343,2011,0.9614835559161258,0.015234960059910135,0.0065448701947079385,0.012820612830753869,0.003916000998502246,0.46015351972041935,0.33526273090364456,0.1394626809785322,0.05075199700449326,0.014369071392910633,0.9665488886815492,0.0044825949559650965,0.0006206669939028595,0.02834784936858289,0.09190988223246288,0.32027649769585254,0.22401433691756273,0.051715309779825906,0.31208397337429594,0.6591179976162098,0.20441001191895114,0.1364719904648391,0.3127471858837846,0.15911165196227564,0.2750228171585032,0.25311834499543656,0.39741035856573703,0.602589641434263,0.0809425706161783,0.13765685389814925,0.12461478214972843,0.11238145505933632,0.1303951781792178,0.10993819488192327,0.10638823148826043,0.07361279008393919,0.12406994364326698,0.0018899085692881345,0.0016004631127304921,0.09784107741814653,0.007465990158854477,0.005465411267941362,0.07434491682699675,0.1600122588663954,0.05409224796962525,0.06015357635400882,0.023462108184495938,0.01993768409582347,0.013655015068189945,0.03882825668704136,0.04211431392913694,0.10872933444571195,0.10174007798001124,0.14318185687773483,0.04548550218786713,4.5526881239548285,0.6344260576594952,-0.2790081267433744,2.627328207123172,39.78255,-8.576743
Portsmouth,E06000044,205056,181182,172313,1071,85,7713,5467,1103,935,2381,1048,12474,2911,539,3649,2611,2764,3777,2958,540,279,2156,1078,1078,96619,8915,15310,12311,10331,11164,9268,10124,6642,12554,97795,71443,25464,7995,2359,96619.0,127,41,8426,1303,656,8065,14303,4664,6629,3541,2614,1145,3887,5547,9324,9763,12147,4437,2011,0.8835732677902621,0.06083216292134831,0.01841935861423221,0.02666100967540574,0.01051420099875156,0.47691850031210986,0.34840726435705366,0.1241807116104869,0.03898934925093633,0.011504174469413233,0.9510492212250665,0.005911183230122198,0.00046914152620017443,0.04257045401861112,0.2925284591951259,0.20931537598204264,0.2333654000320667,0.043209876543209874,0.22158088824755492,0.7831612390786339,0.14297061159650518,0.07386814932486101,0.4355222242546186,0.1710261569416499,0.20175599048838486,0.19169562831534662,0.5,0.5,0.09226963640691789,0.1584574462579824,0.12741800267028225,0.106925138947826,0.11554663161489977,0.09592316211097196,0.10478270319502375,0.06874424285078504,0.12993303594531097,0.001314441258965628,0.0004243471780912657,0.08720852006334158,0.013485960318363882,0.006789554849460251,0.08347219490990385,0.14803506556681398,0.04827207899067471,0.06860969374553659,0.036649106283443214,0.027054720086111428,0.011850671193036566,0.04023018246928658,0.05741106821639636,0.09650275825665759,0.10104637804158602,0.12572061395791717,0.04592264461441332,4.018796225542845,-1.20427945904891,-0.6009027791552151,3.201716589555325,34.75681,-7.246202
Powys,W06000023,132976,130827,127773,502,128,2424,760,208,82,294,176,1142,145,9,67,171,750,132,42,70,20,115,23,92,63653,6697,8979,5658,5984,13499,6450,4118,4928,7340,59511,45459,19857,6375,1774,63653.0,5517,265,5814,271,575,5942,9593,2203,4088,1132,911,753,2825,2300,4305,5871,8266,3022,2011,0.9838391890265913,0.008588015882565275,0.000992660329683552,0.005715317049693178,0.0008648177114667308,0.4475318854530141,0.34185868126579233,0.14932769823125977,0.047940981831307905,0.013340753218625918,0.9766561948221697,0.0038371284215032064,0.000978391310662172,0.018528285445664885,0.05866900175131348,0.14973730297723292,0.12697022767075306,0.00788091068301226,0.6567425569176882,0.3181818181818182,0.5303030303030303,0.15151515151515152,0.3868421052631579,0.10789473684210527,0.2736842105263158,0.23157894736842105,0.2,0.8,0.10521106624982327,0.1410616938714593,0.08888819065872779,0.09400970889039008,0.21207170125524327,0.10133065212951471,0.0646945155766421,0.07741976026267419,0.11531271110552527,0.08667305547264072,0.004163197335553705,0.09133897852418582,0.004257458407302091,0.009033352709220304,0.09334988138815138,0.15070774354704414,0.03460952351028231,0.06422321021790017,0.01778392220319545,0.014311972727129908,0.011829764504422415,0.04438125461486497,0.036133410836881215,0.0676323189794668,0.09223445870579548,0.12986033651202614,0.04747615980393697,5.380220807950419,1.7402498182200055,2.963276540624926,-0.5903815354160786,38.471546,3.058797
Preston,E07000123,140202,112415,106242,1178,111,4884,3326,1627,300,931,468,21732,14421,4425,375,1235,1276,1676,661,865,150,1053,626,427,64180,5404,10417,6881,7558,6763,6196,7099,4995,8867,65276,47840,18585,6644,1857,64180.0,456,32,7054,244,463,4265,11733,2967,4074,1887,1530,764,2867,3142,5023,6057,9108,2514,2011,0.8018073921912668,0.15500492147044978,0.011954180396855965,0.02372291408111154,0.00751059186031583,0.465585369680889,0.3412219511847192,0.13255873667993323,0.04738876763526911,0.013245174819189456,0.9450873993684117,0.010479028599386203,0.0009874127118267135,0.0434461593203754,0.01725565985643291,0.05682863979385239,0.663583655438984,0.20361678630590835,0.05871525860482238,0.3943914081145585,0.516109785202864,0.08949880668257756,0.27991581479254357,0.09019843656043296,0.48917618761274806,0.1407095610342754,0.5944919278252612,0.40550807217473883,0.08420068557182923,0.1623091305702711,0.10721408538485509,0.11776254284823932,0.10537550638828296,0.09654097849797445,0.11061078217513244,0.07782798379557494,0.13815830476784044,0.007105017139295731,0.0004985976939856653,0.1099096291679651,0.003801807416640698,0.007214085384855095,0.06645372390152696,0.1828139607354316,0.04622935493923341,0.06347771891555001,0.0294016827672172,0.023839202243689624,0.01190401994390776,0.0446712371455282,0.04895606107821751,0.0782642567778124,0.09437519476472421,0.14191336865067,0.03917108133374883,4.699309776846392,-0.7746579103577921,-2.7136007081347895,-2.725539861296194,26.361738,-15.352873
Reading,E06000038,155698,116387,101725,2269,90,12303,6180,2718,802,1428,1232,21161,6514,6967,695,1603,5382,10470,6087,3279,1104,1500,680,820,79852,7155,19571,10793,8018,7162,6814,7225,4042,9072,78169,54913,16770,4590,1256,79852.0,109,260,3949,466,890,4955,12396,3644,4719,8887,3290,821,7243,4586,3714,7763,8708,3452,2011,0.7475176302842682,0.13591054477257256,0.0672455651325001,0.03969222469138974,0.009634035119269354,0.5020552608254442,0.35268918033629204,0.10770851263343138,0.029480147464964225,0.008066898739868206,0.8740237311727255,0.01949530445840171,0.0007732822394253654,0.10570768212944745,0.03284343840083172,0.0757525636784651,0.3078304427957091,0.3292377486886253,0.25433580643636877,0.5813753581661891,0.31318051575931233,0.10544412607449857,0.23106796116504855,0.12977346278317153,0.43980582524271844,0.19935275080906148,0.4533333333333333,0.5466666666666666,0.08960326604217803,0.24509091819866755,0.13516255071882982,0.10041075990582578,0.08969092821720183,0.0853328658017332,0.09047988779241598,0.05061864449231077,0.11361017883083704,0.0013650252967990783,0.0032560236437409206,0.04945398988128037,0.0058357962230125736,0.011145619395882383,0.06205229674898562,0.15523718879927867,0.04563442368381506,0.05909682913389771,0.11129339277663677,0.04120122226118319,0.010281520813504984,0.09070530481390572,0.05743124780844563,0.046511045434052996,0.09721735210138757,0.10905174572959976,0.043229975454590994,2.6273069090504815,-4.639583663682579,-1.6712108973098019,-0.9203665688285534,16.56276,-5.550806
Redbridge,E09000026,278970,118646,96253,3900,140,18353,11456,3204,1692,3251,3309,116503,45660,31051,16011,3000,20781,24845,12357,9064,3424,7520,1551,5969,124692,13875,28543,16575,17382,10287,9200,10810,7458,10562,134230,97595,33470,10479,3196,124692.0,56,80,4340,242,326,9184,18770,7279,5969,7078,10527,2694,10387,6377,7405,14081,14277,5620,2011,0.42530021149227515,0.41761838190486433,0.08905975552926838,0.04106534752840807,0.02695630354518407,0.4811628490518694,0.34984048463992545,0.11997705846506793,0.03756317883643402,0.01145642900670323,0.811262073731942,0.03287089324545286,0.0011799807831701027,0.15468705223943496,0.13742993742650403,0.02575040986069028,0.3919212380797061,0.266525325528098,0.17837308910500158,0.4973636546588851,0.3648218957536728,0.13781444958744213,0.2837814245810056,0.147695530726257,0.27967877094972066,0.28884427374301674,0.20625,0.79375,0.11127417957848137,0.22890802938440316,0.13292753344240207,0.13939948031950727,0.08249927822153787,0.0737817983511372,0.08669361306258622,0.05981137522856318,0.08470471241138164,0.000449106598659096,0.00064158085522728,0.034805761396079944,0.001940782087062522,0.002614441985051166,0.07365348218009174,0.15053090815770057,0.05837583806499214,0.047869951560645434,0.0567638661662336,0.08442402078721971,0.021605235299778654,0.08330125429057197,0.05114201392230456,0.05938632791197511,0.11292625028069163,0.11449812337599846,0.04507105507971642,0.8077716097413773,-6.044364108487538,-3.5236957318556525,-1.6179455664805313,13.551231,-5.937039
Redcar and Cleveland,E06000003,135177,133203,131928,415,85,775,853,298,107,273,175,869,91,295,94,155,234,122,80,34,8,130,37,93,56354,4370,7420,6076,6087,7702,6834,5317,5369,7179,57285,45844,21449,8184,2415,56354.0,285,1126,5815,693,444,4976,8830,2651,3027,963,1103,898,2635,2441,3624,5545,8787,2511,2011,0.9853969240329346,0.006428608417112378,0.0009025203991803339,0.006310245086072335,0.0009617020647003558,0.4237777136643068,0.33914053426248547,0.1586734429673687,0.0605428438269824,0.017865465278856612,0.9904281435102813,0.0031155454456731455,0.0006381237659812466,0.0058181872780643075,0.10817031070195628,0.17836593785960875,0.1047180667433832,0.3394706559263521,0.26927502876869963,0.6557377049180327,0.2786885245901639,0.06557377049180328,0.32004689331770225,0.1254396248534584,0.3493552168815944,0.205158264947245,0.2846153846153846,0.7153846153846154,0.07754551584625759,0.13166767221492706,0.10781843347411009,0.10801362813642332,0.13667175355786634,0.12126912020442204,0.09435000177449693,0.0952727401781595,0.12739113461333712,0.0050573162508428865,0.019980835433154702,0.10318699648649608,0.012297263725733755,0.00787876636973418,0.08829896724278667,0.15668807892962344,0.04704191361748944,0.05371402207474181,0.017088405437058595,0.01957270113922703,0.015934982432480392,0.046757994108670195,0.04331547006423679,0.06430776874756007,0.09839585477517124,0.1559250452496717,0.04455761791532101,6.878145594418851,2.0632004523029117,-1.088810983331985,1.855661186839724,35.2949,-16.732496
Redditch,E07000236,84214,77497,73591,629,9,3268,1655,1053,75,317,210,4029,720,2580,192,209,328,862,160,558,144,171,54,117,42922,4183,5625,4935,4907,5366,4003,3704,4768,5431,39391,29354,10913,3522,1034,42922.0,178,6,8192,220,304,3109,8015,1972,1805,1410,1051,405,2039,2276,2072,3277,5085,1506,2011,0.9202389151447503,0.04784240150093809,0.0102358277721044,0.019652314342033392,0.002030541240173843,0.4677488303607476,0.3485643717196666,0.12958652955565583,0.04182202484147529,0.012278243522454699,0.9495980489567338,0.008116443217156794,0.00011613352774946127,0.042169374298359937,0.04765450483991065,0.05187391412261107,0.17870439314966494,0.6403574087862993,0.08140977910151402,0.18561484918793503,0.6473317865429234,0.16705336426914152,0.19154078549848944,0.045317220543806644,0.6362537764350453,0.1268882175226586,0.3157894736842105,0.6842105263157895,0.09745585014677788,0.13105167513163413,0.11497600298215367,0.11432365686594287,0.12501747355668422,0.09326219654256558,0.08629607194445739,0.11108522436046782,0.12653184846931642,0.004147057453054378,0.00013978845347374308,0.1908578351428172,0.005125576627370579,0.0070826149760029825,0.07243371697497787,0.1867340757653418,0.045943805041703555,0.04205302642001771,0.03285028656632962,0.024486277433483992,0.009435720609477657,0.04750477610549369,0.053026420017706535,0.048273612599599273,0.07634779367224268,0.11847071431899725,0.03508690182190951,4.72078826264837,0.39530780130108706,-2.0299548513007726,-5.613511405538418,28.28407,-17.318281
Reigate and Banstead,E07000211,137835,124879,117092,1554,179,6054,3037,736,409,1111,781,6992,2192,1189,532,914,2165,2166,1312,603,251,761,266,495,71236,9835,14701,11262,9125,6869,6728,4531,3093,5092,71052,46908,14866,3844,1165,71236.0,173,135,3270,345,399,5915,9487,4481,3031,3771,6325,1209,6282,4209,3792,6325,8743,3344,2011,0.9060035549751515,0.050727318895781186,0.015714441179671346,0.02203359088765553,0.005521094061740487,0.5154859070627925,0.34031994776363045,0.10785359306417093,0.02788841731055247,0.008452134798853702,0.9376436390425932,0.012444045836369606,0.0014333875191185068,0.04847892760191866,0.07608695652173914,0.130720823798627,0.3135011441647597,0.17005148741418763,0.3096395881006865,0.605724838411819,0.278393351800554,0.11588180978762697,0.3658215344089562,0.13467237405334212,0.24234441883437602,0.25716167270332563,0.3495400788436268,0.6504599211563732,0.13806221573361782,0.20637037452973217,0.15809422202257287,0.1280953450502555,0.09642596440002246,0.0944466281093829,0.06360548037509124,0.04341905777977427,0.07148071199955079,0.002428547363692515,0.001895109214442136,0.045903756527598406,0.004843056881352125,0.0056011005671289795,0.08303385928463136,0.133177045314167,0.06290358807344601,0.04254871132573418,0.05293671739008367,0.0887893761581223,0.016971755853781797,0.0881857487787074,0.059085293952495926,0.053231512156774664,0.0887893761581223,0.12273288786568588,0.04694255713403336,2.16860223741867,-4.245798687526789,2.362547693519611,0.49548154654094884,19.987381,-0.79024965
Rhondda Cynon Taf,W06000016,234410,228241,225716,582,53,1890,1506,550,192,420,344,3030,656,267,106,1065,936,1308,1140,99,69,325,160,165,99327,7756,13826,10216,11314,12922,11742,8940,9766,12845,105154,69544,37208,17396,5108,99327.0,223,335,12477,856,1096,10317,14910,3877,4968,1750,2957,1114,3313,4058,7613,10040,15261,4162,2011,0.9736828633590717,0.012926069706923766,0.005579966724969071,0.006424640587005674,0.001386459622029777,0.4485900772151359,0.2966767629367348,0.15873042958918135,0.07421185103024615,0.021790879228701848,0.988937132241797,0.0025499362515937103,0.00023221068957812139,0.00828072081703112,0.03498349834983498,0.35148514851485146,0.2165016501650165,0.08811881188118811,0.3089108910891089,0.8715596330275229,0.07568807339449542,0.052752293577981654,0.2788844621513944,0.12749003984063745,0.3652058432934927,0.22841965471447542,0.49230769230769234,0.5076923076923077,0.07808551551944587,0.13919679442649027,0.10285219527419534,0.1139065913598518,0.13009554300441975,0.1182155909269383,0.09000573862091878,0.0983217050751558,0.1293203257925841,0.0022451095875240367,0.003372698259284988,0.12561539158536952,0.008617999134172985,0.011034260573660738,0.10386903862997976,0.15011024192817662,0.03903269000372507,0.05001661179739648,0.01761857299626486,0.029770354485688686,0.011215480181622318,0.03335447562092885,0.04085495383933875,0.07664582641175108,0.10108027021857098,0.15364402428342747,0.041902000463116776,5.71738494154058,2.1481077025386353,-1.568516423489379,4.212315210410307,41.87276,-11.02515
Ribble Valley,E07000124,57132,55904,54757,332,6,809,360,93,33,163,71,729,204,295,32,109,89,92,65,12,15,47,9,38,28713,3954,5796,3232,2969,4030,2758,1562,1807,2605,29415,18376,7049,1805,487,28713.0,835,37,3760,78,190,2259,4328,745,1781,642,682,405,1754,902,1579,3559,3899,1278,2011,0.9785059161240636,0.01275992438563327,0.001610305958132045,0.00630119722747322,0.0008226563046978926,0.5148603234614577,0.32164111181124416,0.12338094237905202,0.03159350276552545,0.008524119582720717,0.9794826846021751,0.00593875214653692,0.00010732684602175158,0.01447123640526617,0.0438957475994513,0.149519890260631,0.27983539094650206,0.4046639231824417,0.12208504801097393,0.7065217391304348,0.13043478260869565,0.16304347826086957,0.4527777777777778,0.09166666666666666,0.25833333333333336,0.19722222222222222,0.19148936170212766,0.8085106382978723,0.13770765855187544,0.2018597847664821,0.11256225403127504,0.10340263991920036,0.14035454323825444,0.09605405217149027,0.054400445791105076,0.06293316616166893,0.09072545536864834,0.029080904120084978,0.0012886149131055619,0.13095113711559225,0.0027165395465468603,0.006617211715947481,0.07867516455960714,0.1507331174032668,0.02594643541253091,0.06202765297948665,0.022359210113885697,0.023752307317243062,0.014105109183993313,0.061087312367220425,0.031414341935708565,0.054992512102531955,0.12395082366872148,0.13579214989725907,0.04450945564726779,2.5915302361454837,-0.9099160666452929,2.8929653822491597,-0.14724989278851636,27.190895,4.501668
Richmond upon Thames,E09000027,186990,160725,133582,4766,95,22282,6780,1250,731,2857,1942,13607,5202,1163,867,1753,4622,2816,1643,840,333,3062,1172,1890,99204,17333,29443,20379,9473,5249,6133,4501,2225,4468,107217,57088,16662,4617,1406,99204.0,52,563,3528,423,236,4283,10320,4036,3953,11256,7260,2154,15264,4743,4556,11113,8394,7070,2011,0.859537943205519,0.0727685972511899,0.015059628857158136,0.03625862345579978,0.016375207230333172,0.5733836034012514,0.3052997486496604,0.08910636932456281,0.024691159955077813,0.007519118669447564,0.8311214807901696,0.029653134235495412,0.000591071706330689,0.13863431326800435,0.06371720438009848,0.12883074887925333,0.3823032262805909,0.08547071360329242,0.3396781068567649,0.5834517045454546,0.29829545454545453,0.11825284090909091,0.4213864306784661,0.10781710914454277,0.18436578171091444,0.28643067846607667,0.38275636838667537,0.6172436316133246,0.17472077738800854,0.2967924680456433,0.20542518446836822,0.09549010120559655,0.052911172936575136,0.06182210394742148,0.04537115438893593,0.02242853110761663,0.0450385065118342,0.0005241724124027257,0.005675174388129511,0.03556308213378493,0.004263940970122173,0.0023789363332123704,0.043173662352324504,0.10402806338454094,0.04068384339341156,0.039847183581307205,0.11346316680779,0.07318253296238054,0.021712834159912906,0.1538647635176001,0.04781057215434861,0.045925567517438814,0.11202169267368252,0.08461352364823999,0.0712672876093706,-0.36660306244429763,-9.165921835485477,3.742857075278552,1.0710930977675033,15.036711,1.7171397
Rochdale,E08000005,211699,172874,166481,2131,186,4076,3569,1057,601,1348,563,31630,1105,22265,4342,948,2970,2770,2131,285,354,856,308,548,90753,8295,12413,9382,10711,10805,10074,8456,9076,11541,94233,70158,31303,12453,3552,90753.0,119,41,10334,301,765,7630,16713,5530,4413,2162,2830,1385,3881,4385,4898,8711,12990,3665,2011,0.8166028181521878,0.14941024756848167,0.013084615420951445,0.016858842035153684,0.004043476823225429,0.44512727976986194,0.33140449411664674,0.14786560163250653,0.05882408513975031,0.016778539341234487,0.9630193088607888,0.012326897046403738,0.0010759281326283884,0.02357786596017909,0.13727473917167246,0.029971546000632312,0.03493518811255138,0.7039203288017705,0.09389819791337338,0.7693140794223827,0.10288808664259928,0.12779783393501806,0.37769683384701597,0.16839450826562063,0.2961613897450266,0.15774726814233678,0.3598130841121495,0.6401869158878505,0.09140193712604543,0.13677784756426783,0.10337950260597446,0.11802364660121428,0.11905942503278129,0.11100459488942514,0.09317598316309103,0.10000771324363933,0.1271693497735612,0.0013112514186858837,0.00045177569887496833,0.11386951395546152,0.003316694764911353,0.008429473405837823,0.08407435566868313,0.18415920134871575,0.06093462475069695,0.04862649168622525,0.023822903926041014,0.03118354214185757,0.015261203486386125,0.042764426520335415,0.0483179619406521,0.053970667636331585,0.09598580763170364,0.14313576410697168,0.040384339911628264,4.2062356859269805,0.9378234831074291,-3.3796438452441433,1.5266104003623386,26.39692,-21.303606
Rochford,E07000075,83287,80937,79628,468,49,792,905,296,127,304,178,881,262,42,81,228,268,433,235,95,103,131,40,91,40662,4784,5924,5665,6728,5380,3289,3144,2535,3213,39774,29085,10832,2816,780,40662.0,207,12,3393,173,271,4280,5754,1951,1363,1265,4894,615,2649,1676,2533,3609,4159,1858,2011,0.9717843120775151,0.010577881302003914,0.005198890583164239,0.01086604151908461,0.001572874518232137,0.4775535197569849,0.3492141630746695,0.13005631130908785,0.0338107988041351,0.009365207055122648,0.983826927116152,0.005782275102857779,0.0006054091453846819,0.00978538863560547,0.09194097616345062,0.25879682179341656,0.2973893303064699,0.04767309875141884,0.30419977298524403,0.5427251732101617,0.21939953810623555,0.23787528868360278,0.33591160220994476,0.14033149171270717,0.3270718232044199,0.19668508287292819,0.3053435114503817,0.6946564885496184,0.1176528454084895,0.14568884954011116,0.13931926614529536,0.16546161034872855,0.13231026511238994,0.08088633121833654,0.07732034823668289,0.062343219713737644,0.07901726427622842,0.005090748118636565,0.00029511583296443856,0.083444001770695,0.004254586591903989,0.006664699227780237,0.10525798042398309,0.14150804190644828,0.04798091584280163,0.03352024002754415,0.031110127391667897,0.12035807387733019,0.015124686439427475,0.0651468201268998,0.041217844670699916,0.0622940337415769,0.08875608676405489,0.10228222910825832,0.045693768137327236,3.871918300956195,-1.5248255452708224,2.4370993928985034,-0.2957939763652838,26.039845,-4.1744294
Rossendale,E07000125,67982,63778,62516,541,47,674,602,199,64,218,121,3396,186,1139,1638,233,200,123,49,63,11,83,37,46,32808,3780,5411,3945,3458,4242,3678,2440,2831,3023,31438,22508,9603,3475,958,32808.0,107,23,4507,94,252,2878,5337,1369,1270,817,809,471,1618,1455,1948,3564,4889,1400,2011,0.9381601012032597,0.04995439969403666,0.001809302462416522,0.008855285222558913,0.0012209114177282221,0.46244594157276925,0.3310876408461063,0.1412579800535436,0.05111647200729605,0.014091965520284782,0.980212612499608,0.008482548841293236,0.0007369312302047728,0.010567907428893976,0.4823321554770318,0.06861012956419317,0.054770318021201414,0.33539458186101295,0.05889281507656066,0.3983739837398374,0.5121951219512195,0.08943089430894309,0.36212624584717606,0.10631229235880399,0.33056478405315615,0.2009966777408638,0.4457831325301205,0.5542168674698795,0.11521580102414046,0.16492928554011216,0.1202450621799561,0.1054011216776396,0.1292977322604243,0.11210680321872714,0.07437210436478908,0.0862899292855401,0.09214216044867106,0.0032613996586198487,0.0007010485247500609,0.13737503048037064,0.002865154840282858,0.007681053401609363,0.08772250670568155,0.16267373811265545,0.04172762740794928,0.038710070714459886,0.02490246281394782,0.024658619848817363,0.014356254572055596,0.04931723969763473,0.044348939283101685,0.05937576200926603,0.10863204096561814,0.1490185320653499,0.042672518897829796,4.093936503549563,-0.07037367577142974,-0.6652333291999182,0.04896854256544333,28.139977,-20.619267
Rother,E07000064,90588,87951,85279,596,134,1942,1031,267,107,405,252,1103,276,16,109,217,485,305,181,76,48,198,72,126,37583,4945,6069,4372,4294,5751,4278,2592,1934,3348,36737,33152,14960,4463,1276,37583.0,670,29,2135,162,266,3798,5595,1422,2123,1054,1743,637,2499,1747,2051,3742,5721,2189,2011,0.9708901841303484,0.012176005651962732,0.0033668918620567844,0.011381198392723097,0.0021857199629089948,0.4055393650373118,0.365964586921005,0.16514328608645737,0.04926701108314567,0.014085750872080187,0.9696194471921865,0.006776500551443417,0.0015235756273379495,0.022080476629032075,0.09882139619220308,0.19673617407071622,0.25022665457842247,0.014505893019038985,0.4397098821396192,0.5934426229508196,0.24918032786885247,0.15737704918032788,0.39282250242483024,0.1037827352085354,0.25897187196896215,0.24442289039767218,0.36363636363636365,0.6363636363636364,0.13157544634542212,0.16148258521139877,0.11632919138972407,0.11425378495596414,0.15302131282760822,0.11382806055929542,0.06896735226033048,0.051459436447329907,0.08908283000292685,0.01782720911050209,0.0007716254689620307,0.056807599180480534,0.004310459516270655,0.007077668094617247,0.10105632865923422,0.14887049996008833,0.0378362557539313,0.056488305882979005,0.028044594630551048,0.046377351462097226,0.01694915254237288,0.06649282920469361,0.046483782561264404,0.054572546097969826,0.09956629327089375,0.1522230795838544,0.05824441901923742,4.396935129365479,0.465634123209674,1.9624174691361485,1.2067986585784445,37.569565,-2.734163
Rotherham,E08000018,257280,240758,236438,776,126,3418,2551,787,301,865,598,10551,961,7609,109,592,1280,2112,1672,283,157,1308,581,727,114871,10285,14407,11387,12652,15018,11983,12670,12205,14264,111232,87237,39278,15114,4419,114871.0,365,422,15383,715,1212,10978,20101,6194,5212,2682,3485,1009,4264,5883,6317,10818,15291,4540,2011,0.935782027363184,0.0410097947761194,0.008208955223880597,0.009915267412935323,0.005083955223880597,0.43233830845771143,0.3390741604477612,0.15266635572139303,0.05874533582089552,0.017175839552238805,0.9820566710140473,0.0032231535400692813,0.0005233470954236204,0.014196828350459798,0.010330774334186332,0.05610842574163587,0.09108141408397308,0.7211638707231542,0.12131551511705052,0.7916666666666666,0.13399621212121213,0.07433712121212122,0.3390827126617013,0.11799294394355155,0.3085064680517444,0.23441787534300274,0.4441896024464832,0.5558103975535168,0.08953521776601579,0.125418948211472,0.09912858772013824,0.11014094070740221,0.1307379582314074,0.1043170164793551,0.11029763822026448,0.10624961913798957,0.1241740735259552,0.0031774773441512654,0.003673686134881737,0.13391543557555868,0.006224373427583986,0.010550965866058448,0.09556807201121258,0.17498759478023174,0.05392135525937791,0.04537263539100382,0.023347929416475875,0.030338379573608656,0.008783766137667471,0.03711989971359177,0.05121397045381341,0.05499212159726998,0.09417520523021476,0.13311453717648492,0.039522594910812996,5.2209368319159495,1.8586792805499601,-2.6185598727814337,1.737669916001816,37.98062,-15.671835
Rugby,E07000220,100075,90565,84210,1025,160,5170,1986,879,210,563,334,5225,3061,612,140,432,980,1987,1002,754,231,312,102,210,50485,5736,8914,6103,5621,5300,4019,3420,3973,7399,47711,35306,12580,3508,970,50485.0,445,40,5991,411,313,3403,9127,4283,2384,1751,1257,530,2944,2246,2795,5067,5332,2166,2011,0.9049712715463403,0.05221084186859855,0.019855108668498624,0.019845116162877843,0.0031176617536847365,0.47675243567324505,0.35279540344741445,0.1257057207094679,0.03505370971771172,0.00969273045216088,0.9298294042952575,0.011317838016893943,0.0017666869099541766,0.05708607077789433,0.026794258373205742,0.08267942583732057,0.5858373205741627,0.11712918660287082,0.1875598086124402,0.5042778057372924,0.3794665324609965,0.11625566180171112,0.28348439073514603,0.10574018126888217,0.4425981873111782,0.16817724068479356,0.3269230769230769,0.6730769230769231,0.1136179063088046,0.17656729721699516,0.120887392294741,0.11134000198078638,0.10498167772605725,0.07960780429830643,0.06774289392888977,0.07869664256709914,0.1465583836783203,0.00881449935624443,0.0007923145488759037,0.11866891155788849,0.00814103198969991,0.006199861344953947,0.0674061602456175,0.18078637218975935,0.0848370803208874,0.04722194711300386,0.034683569377042686,0.024898484698425274,0.010498167772605725,0.05831435079726652,0.044488461919381994,0.055362979102703776,0.1003664454788551,0.10561552936515797,0.04290383282163019,3.5038720120320295,-1.4619308266065232,-0.12696606700576923,-2.933030889890006,25.04363,-12.401579
Runnymede,E07000212,80510,71633,64397,1073,220,5943,1671,348,217,638,468,5561,2022,378,235,1173,1753,862,584,195,83,783,365,418,40651,5464,7676,5848,5034,4255,3649,3023,1990,3712,41319,27451,8767,2371,602,40651.0,109,160,2426,259,199,2915,6344,3518,2135,2765,1358,586,3313,2223,1905,3788,4182,2466,2011,0.8897404049186437,0.06907216494845361,0.010706744503788349,0.02075518569121848,0.009725499937895914,0.5132157495963234,0.3409638554216867,0.10889330517948081,0.02944975779406285,0.007477332008446156,0.8989851046305474,0.014979129730710706,0.003071210196417852,0.08296455544232406,0.04225858658514656,0.21093328538032727,0.3636036684049631,0.06797338608164,0.315231073547923,0.6774941995359629,0.22621809744779584,0.0962877030162413,0.3818073010173549,0.1298623578695392,0.20825852782764812,0.2800718132854578,0.4661558109833972,0.5338441890166028,0.13441243757841134,0.18882684312809034,0.14385869966298492,0.12383459201495658,0.10467147179651178,0.0897640894442941,0.07436471427517158,0.04895328528203488,0.09131386681754447,0.0026813608521315587,0.0039359425352389855,0.059678728690561116,0.006371306978918108,0.004895328528203488,0.07170795306388526,0.1560601215222258,0.08654153649356719,0.052520233204595215,0.06801800693709872,0.03340631226784089,0.014415389535312784,0.08149861012029225,0.05468500159897666,0.046862315810189174,0.09318343952178298,0.10287569801480899,0.06066271432437086,2.5162944633435114,-4.14958785589812,1.8605375030940812,1.527358535955419,18.086098,-0.73932123
Rushcliffe,E07000176,111129,103504,100363,810,23,2308,1949,736,159,723,331,4614,2361,1072,40,558,583,627,202,349,76,435,153,282,55346,7869,14585,7928,6135,4861,3838,3651,2365,4114,57689,36222,12779,3468,971,55346.0,564,97,4466,536,287,3648,8336,1664,2265,2573,1790,807,5049,2065,3942,7884,6548,2825,2011,0.9313860468464578,0.041519315390222175,0.005642091623248657,0.01753817635360707,0.003914369786464379,0.5191174220950427,0.3259455227708339,0.11499248620972023,0.031206975676916018,0.008737593247487154,0.9696533467305611,0.007825784510743547,0.00022221363425568093,0.022298655124439636,0.008669267446900737,0.12093628088426528,0.511703511053316,0.23233636757693976,0.12635457303857825,0.32216905901116427,0.5566188197767146,0.12121212121212122,0.3709594663930221,0.08158029758850692,0.3776295536172396,0.1698306824012314,0.35172413793103446,0.6482758620689655,0.14217829653452824,0.26352401257543456,0.14324431756585843,0.11084811910526506,0.08782929208976259,0.06934557149568171,0.06596682687095726,0.04273118201857406,0.07433238174393814,0.01019043833339356,0.0017526108481191053,0.08069237162577242,0.00968453004733856,0.005185559932063744,0.06591262241173708,0.1506161240198027,0.03006540671412568,0.040924366711234776,0.04648935785783977,0.03234199400137318,0.01458099953022802,0.09122610486756044,0.03731073609655621,0.07122465941531457,0.14244931883062914,0.11831026632457631,0.05104253243233477,2.668189760156277,-3.763660455884083,2.7375966830871805,-3.03271456746712,25.097063,-7.303153
Rushmoor,E07000092,93807,79520,75511,718,155,3136,2057,624,342,644,447,9755,1310,635,206,497,7107,1868,1115,538,215,607,134,473,51087,5077,7495,8260,6011,5745,5041,4405,3186,5867,46970,33340,10099,2625,773,51087.0,51,44,3572,213,366,3785,8072,2550,2751,3189,1907,519,3062,3457,5903,3712,5637,2297,2011,0.8476979329900753,0.10399010734806571,0.019913226091869476,0.021928001108659268,0.006470732461330178,0.5007089023207223,0.3554105770358289,0.1076572110823286,0.027982986344302664,0.008240323216817507,0.9495850100603622,0.009029175050301812,0.001949195171026157,0.03943661971830986,0.021117375704766787,0.050948231676063556,0.13429010763710916,0.06509482316760636,0.7285494618144541,0.5968950749464668,0.2880085653104925,0.11509635974304068,0.3130772970345163,0.16626154594069031,0.3033543996110841,0.21730675741370928,0.22075782537067545,0.7792421746293245,0.09937948988979584,0.1467105134378609,0.16168496877874997,0.1176620275216787,0.11245522344236303,0.09867480963845988,0.08622545853152465,0.062364202243232136,0.11484330651633488,0.000998297022725938,0.0008612758627439466,0.06991994049366766,0.004169358153737742,0.0071642492219155555,0.0740892986474054,0.1580049719106622,0.04991485113629691,0.05384931587292266,0.06242292559751013,0.037328478869379685,0.01015914029009337,0.05993697026640828,0.06766887857967781,0.11554798676767083,0.0726603636933075,0.11034118268835516,0.04496251492551921,2.8165311506874207,-2.320832860507289,1.0502965959543356,0.24224918922383543,24.67962,3.133663
Rutland,E06000017,37369,36301,35241,217,58,785,389,123,23,141,102,365,113,38,7,125,82,251,116,107,28,63,5,58,18037,2752,3203,2857,1552,2214,1459,1078,1092,1830,18828,12718,4532,1008,283,18037.0,413,18,2003,45,131,1158,2812,538,949,518,387,216,1198,693,2177,2386,1585,810,2011,0.9714201610960957,0.009767454307045948,0.00671679734539324,0.0104096978779202,0.0016858893735449169,0.5038400813508523,0.3403355722657818,0.12127699430008831,0.02697422997671867,0.007573122106558913,0.9707997024875348,0.005977796754910333,0.0015977521280405498,0.02162474862951434,0.019178082191780823,0.3424657534246575,0.3095890410958904,0.10410958904109589,0.22465753424657534,0.46215139442231074,0.4262948207171315,0.11155378486055777,0.36246786632390743,0.05912596401028278,0.3161953727506427,0.2622107969151671,0.07936507936507936,0.9206349206349206,0.15257526196152355,0.1775794200809447,0.1583966291511892,0.0860453512224871,0.1227476853135222,0.08088928314021179,0.05976603648056772,0.060542218772523144,0.10145811387703055,0.022897377612685035,0.0009979486610855464,0.1110495093419083,0.002494871652713866,0.0072628485890114764,0.06420136386317014,0.15590175749847535,0.02982757664800133,0.05261407107612131,0.028718744802350725,0.021455896213339248,0.011975383933026556,0.06641902755447136,0.03842102345179354,0.12069634639906858,0.13228363918611744,0.08787492376781061,0.04490768974884959,2.346258504777069,-1.856374642991332,3.966375643089919,-1.829148679075008,28.065962,2.2420623
Salford,E08000006,233933,210862,197445,2882,193,10342,4616,1647,1058,929,982,9429,2553,1843,605,2547,1881,6541,5354,666,521,2485,1425,1060,106904,9470,16122,12980,13900,10474,10830,11478,7897,13753,107689,75685,32849,13741,3969,106904.0,107,55,8110,682,957,7735,19032,5544,7051,3645,4743,1719,6456,6643,5490,9334,14597,5004,2011,0.9013777449098673,0.04030641251982405,0.027960997379591592,0.019732145528848003,0.010622699661868996,0.46034120880765006,0.323532806401833,0.14042054776367593,0.05873904066548969,0.016966396361351326,0.9363707069078354,0.013667706841441321,0.0009152905691874306,0.04904629568153579,0.06416375013256974,0.2701240852688514,0.27076041998090994,0.19546081238731572,0.19949093223035316,0.8185292768689802,0.10181929368598074,0.07965142944503899,0.20125649913344887,0.22920277296360486,0.35680242634315423,0.21273830155979204,0.5734406438631791,0.42655935613682094,0.08858415026565891,0.1508082017511038,0.12141734640425055,0.1300231983835965,0.09797575394746688,0.1013058444959964,0.10736735762927486,0.07387001421836414,0.12864813290428795,0.001000898001945671,0.000514480281373943,0.07586245603532141,0.006379555489036893,0.008951956895906608,0.07235463593504453,0.1780288857292524,0.05185961236249345,0.06595637207213949,0.034096011374691315,0.044366908628302025,0.016079847339669235,0.06039063084636683,0.06213986380303824,0.051354486268053584,0.08731198084262516,0.13654306667664445,0.04680835141809474,4.487522644513905,-0.609002221537479,-2.765320215124653,3.6015507873486516,43.421204,-13.014128
Sandwell,E08000028,308063,215471,202822,2045,141,10463,10199,6163,515,2043,1478,59258,31400,13952,6588,839,6479,18357,4396,11382,2579,4778,901,3877,128630,9515,14312,12186,15511,16116,13053,12618,15989,19330,129182,107081,48087,18171,5542,128630.0,132,30,18741,1201,1414,9761,23348,8499,6475,2417,4009,1803,4564,6795,6076,11140,16806,5419,2011,0.6994381019466798,0.1923567581955639,0.05958846080184897,0.033106864504987614,0.015509814550919779,0.41933630458704874,0.34759448554354144,0.1560946949162996,0.05898468819689479,0.01798982675621545,0.9412960444793035,0.009490836353848082,0.000654380403859452,0.04855873876298899,0.1111748624658274,0.014158425866549664,0.5298862600830267,0.23544500320631814,0.10933544837827804,0.23947268072125075,0.6200359535871874,0.14049136569156181,0.20031375625061282,0.050495146582998335,0.6042749289145994,0.14491616825178938,0.18857262452909168,0.8114273754709084,0.07397185726502371,0.11126486822669673,0.09473684210526316,0.12058617740806965,0.12528959029775324,0.10147710487444608,0.09809531213558267,0.12430226230272876,0.15027598538443598,0.0010261991759309649,0.00023322708543885564,0.14569696027365311,0.009336857653735521,0.010992769960351395,0.07588431936562233,0.18151286636088004,0.0660732333048278,0.05033817927388634,0.01879032885019047,0.031166912850812408,0.014016947834875223,0.03548161393143124,0.0528259348519008,0.04723625903754956,0.08660499105962839,0.13065381326284692,0.042128585866438625,5.450753390045789,0.9776520769936538,-4.893544960487838,-5.5751062928243655,30.427794,-16.820377
Sefton,E08000014,273790,266741,259629,2312,120,4680,2820,830,488,760,742,2719,666,127,308,965,653,796,464,223,109,714,327,387,121919,11967,19587,14187,17625,12867,13154,11775,8272,12485,124069,89115,40620,15549,4437,121919.0,488,132,7924,391,853,9076,20109,6255,6297,3070,5485,1773,6217,5256,11196,12486,18882,6029,2011,0.9742539902845246,0.00993096899083239,0.0029073377406041126,0.010299864859929142,0.002607838124109719,0.45315387705905985,0.3254866868768034,0.14836188319514956,0.056791701669162496,0.016205851199824685,0.9733374321907768,0.008667583910984813,0.0004498745974559592,0.017545109300782406,0.11327694005148951,0.3549098933431409,0.24494299374770137,0.046708348657594705,0.24016182420007356,0.5829145728643216,0.28015075376884424,0.13693467336683418,0.2695035460992908,0.17304964539007092,0.29432624113475175,0.2631205673758865,0.4579831932773109,0.542016806722689,0.0981553326388832,0.16065584527432147,0.11636414340668805,0.14456319359574799,0.10553728295015544,0.10789130488275002,0.09658051657247844,0.06784832552760439,0.10240405515137099,0.004002657502112058,0.0010826860456532616,0.06499397140724579,0.003207047301897161,0.0069964484616835765,0.07444286780567426,0.16493737645485937,0.05130455466334206,0.05164904567786809,0.025180652728450856,0.04498888606369803,0.01454244211320631,0.05099287231686612,0.04311058981782987,0.09183146187222664,0.10241225731838352,0.15487331753049155,0.04945086491851147,4.5964575845403175,0.03569853245794452,-0.17468181605982136,2.562476473025423,40.89438,-8.3782425
Sevenoaks,E07000111,114893,110029,104538,950,391,4150,1675,424,176,682,393,2085,712,106,146,500,621,853,569,204,80,251,84,167,56015,8044,10758,8142,7124,6545,4505,3740,2850,4307,58796,38344,13180,3569,1004,56015.0,435,93,3160,214,316,5261,8203,2343,2111,2617,4899,1116,5597,2868,2889,5523,5371,2999,2011,0.9576649578303291,0.018147319680050133,0.00742429913049533,0.014578781997162577,0.0021846413619628696,0.5117457112269677,0.3337366071040011,0.11471543087916583,0.031063685342013873,0.008738565447851478,0.9500949749611466,0.008634087376964255,0.0035536085940979195,0.03771732906779122,0.07002398081534772,0.23980815347721823,0.3414868105515588,0.05083932853717026,0.29784172661870506,0.6670574443141852,0.2391559202813599,0.09378663540445487,0.4071641791044776,0.10507462686567164,0.253134328358209,0.2346268656716418,0.3346613545816733,0.6653386454183267,0.14360439168079978,0.19205569936624117,0.1453539230563242,0.12718021958404,0.11684370257966616,0.08042488619119878,0.06676783004552352,0.050879228778005894,0.07689011871820048,0.007765777024011425,0.0016602695706507185,0.05641346068017495,0.0038204052485941264,0.0056413460680174955,0.0939212710881014,0.14644291707578327,0.041828081763813266,0.037686334017673837,0.04671962867089172,0.08745871641524591,0.019923234847808623,0.09991966437561367,0.05120057127555119,0.05157547085602071,0.09859858966348299,0.09588503079532268,0.05353923056324199,2.599754292036155,-3.45403995899254,3.275475159109955,0.7727250405526825,22.180496,-0.17049651
Sheffield,E08000019,552698,462544,446837,2891,358,12458,13289,5450,1296,3490,3053,44385,5868,21990,3326,7398,5803,20082,11543,5506,3033,12398,8432,3966,244318,20481,47803,27794,27279,26275,23217,23925,18199,29345,258250,184343,75733,26703,7669,244318.0,420,175,22721,688,1684,18544,37244,10214,14624,7927,8706,3476,13167,9932,13309,29847,39820,11820,2011,0.8368837954904849,0.08030606226185005,0.03633449008319191,0.02404387206032951,0.022431780104143675,0.46725336440515436,0.33353296013374395,0.13702419766309992,0.04831390741417555,0.013875570383826249,0.9660421495036148,0.006250216195648414,0.0007739804213220796,0.026933653879414717,0.07493522586459389,0.16667793173369383,0.13220682663061845,0.49543764785400474,0.1307423679170891,0.5747933472761677,0.2741758788965242,0.15103077382730803,0.2626232222138611,0.09752426819173753,0.4101136278124765,0.2297388817819249,0.6801096951121148,0.31989030488788517,0.08382927168689985,0.19565893630432468,0.1137615730318683,0.11165366448644799,0.10754426607945383,0.09502779164858913,0.09792565427025435,0.07448898566622189,0.12010985682593997,0.0017190710467505463,0.0007162796028127277,0.09299765060290277,0.0028160020956294663,0.006892656292209334,0.07590107974033841,0.1524406715837556,0.041806170646452576,0.059856416637333314,0.03244541949426567,0.03563388698335775,0.014227359425011665,0.05389287731562963,0.040651937229348636,0.054474087050483386,0.12216455602943704,0.16298430733715896,0.04837957088712252,3.9764585449778997,-1.2207746922050104,-2.421002201396888,0.9349084951902803,23.825045,-19.028772
Shropshire,E06000051,306129,299874,292047,1410,312,6105,2168,765,231,669,503,3089,752,216,208,1020,893,580,302,164,114,418,179,239,150748,17708,23906,16971,15010,22984,15180,10837,11171,16981,142309,106909,41475,11979,3457,150748.0,5807,245,15942,547,1419,12527,24248,5864,8283,4021,2946,2027,7832,5932,10279,15144,20642,7043,2011,0.9795674372568427,0.010090517396261054,0.0018946261216676629,0.007081981778923265,0.0013654374463053158,0.4648661185317301,0.34922859317477273,0.1354821006830454,0.039130562605960234,0.011292625004491571,0.9738990375957902,0.00470197482942836,0.0010404369835330838,0.020358550591248324,0.06733570734865653,0.33020394949821946,0.24344448041437358,0.06992554224668178,0.2890903204920686,0.5206896551724138,0.2827586206896552,0.19655172413793104,0.30857933579335795,0.10654981549815498,0.352859778597786,0.2320110701107011,0.42822966507177035,0.5717703349282297,0.11746756175869663,0.15858253509167616,0.11257860800806645,0.09957014355082655,0.15246636771300448,0.100697853371189,0.07188818425451747,0.07410380237217078,0.11264494387985247,0.038521240746145886,0.0016252288587576618,0.10575264680128427,0.0036285721866956776,0.009413060206437233,0.08309894658635604,0.1608512219067583,0.03889935521532624,0.054946002600366174,0.026673654045161463,0.01954254782816356,0.013446281211027675,0.05195425478281636,0.03935043914347122,0.06818664260885716,0.10045904423275931,0.13693050654071695,0.046720354498898824,4.43843661520893,0.21263562071379113,1.8994900553682608,0.34320467204658756,35.587803,1.3135455
Slough,E06000039,140205,64053,48401,1607,220,13825,4758,1667,607,1429,1055,55697,21922,24869,549,797,7560,12115,7548,3096,1471,3582,928,2654,67300,5512,10511,7390,7430,6663,6268,6322,6721,10483,67156,50464,16288,4906,1391,67300.0,101,52,5437,358,469,4082,11088,8469,4667,4747,1751,556,3336,5393,2434,4774,6909,2677,2011,0.4568524660318819,0.39725402089797085,0.08640918654826861,0.03393602225312935,0.025548304268749333,0.4789843443529118,0.3599301023501302,0.11617274704896402,0.034991619414428875,0.009921186833565137,0.7556398607403244,0.025088598504363575,0.003434655675768504,0.21583688507954352,0.009856904321597214,0.014309567840278651,0.3935939099053809,0.4465051977664865,0.1357344201662567,0.6230293025175402,0.25555096987205944,0.12141972761040033,0.3003362757461118,0.12757461118116856,0.3503572929802438,0.22173182009247583,0.25907314349525407,0.740926856504746,0.08190193164933135,0.1561812778603269,0.10980683506686478,0.11040118870728083,0.09900445765230312,0.09313521545319466,0.09393759286775631,0.09986627043090639,0.15576523031203565,0.00150074294205052,0.0007726597325408618,0.08078751857355126,0.005319465081723626,0.0069687964338781576,0.06065378900445765,0.16475482912332837,0.12583952451708766,0.06934621099554235,0.07053491827637444,0.02601783060921248,0.008261515601783061,0.04956909361069837,0.0801337295690936,0.03616641901931649,0.07093610698365528,0.10265973254086182,0.039777117384843984,2.1469248730237753,-3.7720506245228265,-5.576922177178096,-2.112011330816975,13.968759,-8.479348
Solihull,E08000029,206674,184244,177248,3935,70,2991,4404,2395,247,1156,606,13561,7098,3413,633,906,1511,3239,852,1930,457,1226,358,868,97941,12312,19446,12723,13260,9681,8093,7649,5895,8882,98197,70683,27056,8241,2497,97941.0,200,32,9837,1435,795,7621,15257,4435,4749,4261,4997,1520,6969,5230,4764,10211,11448,4180,2011,0.8914715929434762,0.06561541364661254,0.015672024541064672,0.0213089212963411,0.005932047572505492,0.47512991474496064,0.34200238056068977,0.1309114837860592,0.03987439155384809,0.012081829354442263,0.9620286142289572,0.021357547599921842,0.0003799309611167799,0.016233907210004124,0.046677973600766906,0.06680923235749577,0.5234127276749502,0.25167760489639407,0.11142246147039304,0.2630441494288361,0.595862920654523,0.14109292991664094,0.26248864668483196,0.05608537693006358,0.5438237965485921,0.13760217983651227,0.29200652528548127,0.7079934747145188,0.12570833460961192,0.19854810549208196,0.12990473856709653,0.13538763132906545,0.0988452231445462,0.08263138011660082,0.07809803861508459,0.06018929763837412,0.09068725048753841,0.002042045721403702,0.00032672731542459233,0.1004380188072411,0.014651678051071563,0.008117131742579716,0.07781215221408808,0.15577745785728142,0.0452823638721271,0.04848837565473091,0.043505784094505874,0.0510205123492715,0.015519547482668136,0.071155083162312,0.05339949561470681,0.048641529083836184,0.10425664430626602,0.11688669709314792,0.04267875557733738,4.255991694899301,-2.3982825097305103,0.025136539276509443,-4.907764792708997,27.46029,-12.005489
Somerset,E06000066,529972,519255,501558,2257,733,14707,4241,1200,650,1407,984,4873,1069,203,442,1247,1912,1013,607,291,115,590,175,415,256755,28124,37894,27908,26186,38505,27439,20712,20333,29654,241500,187101,74426,21227,5718,256755.0,6420,646,29124,1681,2213,21362,45068,9446,15281,6227,4758,3127,13495,10538,16472,25159,33483,12255,2011,0.9797781769602922,0.009194825387001577,0.0019114217354879125,0.008002309555976542,0.001113266361241726,0.4556844512540285,0.35303940585540367,0.14043383424029948,0.04005305940691206,0.010789249243356253,0.9659184793598521,0.004346611972922745,0.0014116378272717644,0.028323270839953396,0.09070387851426226,0.2558998563513236,0.21937205007182434,0.041658116150215474,0.3923660989123743,0.5992102665350444,0.2872655478775913,0.11352418558736427,0.33176137703371844,0.1532657392124499,0.28295213393067675,0.2320207498231549,0.2966101694915254,0.7033898305084746,0.10953632840645752,0.1475881677085159,0.10869505949251232,0.10198827676189363,0.14996786820120347,0.1068684154154739,0.08066834141496758,0.07919222605207299,0.11549531654690269,0.025004381608926797,0.0025160172148546277,0.11343109189694456,0.006547097427508714,0.00861911160444782,0.08319993768378416,0.17552920098926994,0.036789935931140584,0.05951588089813246,0.0242526922552628,0.018531284687737338,0.012178925434752975,0.05255983330412261,0.04104301766275243,0.06415454421530252,0.09798835465716345,0.13040836595197758,0.04773032657591868,4.35121708559131,0.7126653932097345,1.4542238152815805,1.041298191961799,35.959007,-1.8852073
South Cambridgeshire,E07000012,148755,138787,129812,1094,485,7396,2524,552,270,991,711,5540,2210,465,217,1189,1459,1268,760,341,167,636,253,383,79139,9819,21202,10352,8507,8286,6510,4660,3652,6151,78041,50147,15792,3739,1036,79139.0,979,67,6888,130,484,5309,10223,2280,2912,5042,1789,1112,9539,3169,3749,12093,9789,3585,2011,0.9329904877146986,0.037242445632079596,0.008524083224093308,0.01696749689086081,0.004275486538267622,0.524627743605257,0.3371113576014252,0.1061611374407583,0.025135289570098484,0.006964471782461094,0.9353325599659911,0.007882582662641314,0.0034945636118656645,0.05329029375950197,0.03916967509025271,0.21462093862815884,0.3989169675090253,0.08393501805054152,0.2633574007220217,0.5993690851735016,0.2689274447949527,0.13170347003154576,0.3926307448494453,0.10697305863708399,0.21870047543581617,0.2816957210776545,0.3977987421383648,0.6022012578616353,0.12407283387457511,0.26790836376502103,0.13080781915364106,0.10749440857225893,0.10470185370045111,0.08226032676682798,0.05888373621097057,0.04614665335675205,0.07772400459950214,0.012370639002261843,0.0008466116579688901,0.08703673283715993,0.0016426793363575481,0.006115821529208102,0.06708449689786325,0.12917777581217857,0.028810068360732383,0.036796017134409074,0.06371068626088275,0.022605794867258874,0.014051226323304565,0.12053475530395885,0.040043467822439,0.04737234486157268,0.15280708626593714,0.12369375402772337,0.045300041698783156,1.5018792167518538,-3.96533769452678,3.309449445551702,0.48114336075877423,20.534195,3.1574981
South Derbyshire,E07000039,94611,90527,88925,386,72,1144,1062,428,79,365,190,2375,1649,179,4,217,326,425,174,205,46,222,45,177,47886,5804,7715,5671,5218,5955,4224,3422,4677,5200,45075,32550,12348,3647,991,47886.0,570,162,8204,366,390,3748,7752,3012,2101,1230,915,459,2645,2010,1883,4572,5791,2076,2011,0.9568337719715466,0.025102789316252868,0.004492078088171566,0.011224910422678125,0.0023464502013507945,0.4764245172337255,0.34404033357643404,0.13051336525351176,0.03854731479426282,0.010474469142065934,0.9823036221237863,0.004263921261060236,0.0007953428258972461,0.012637113789256244,0.0016842105263157896,0.09136842105263158,0.6943157894736842,0.07536842105263158,0.13726315789473684,0.40941176470588236,0.4823529411764706,0.10823529411764705,0.3436911487758945,0.0743879472693032,0.4030131826741996,0.17890772128060264,0.20270270270270271,0.7972972972972973,0.12120452741928747,0.16111180720878754,0.11842709769034791,0.10896713026771916,0.12435784989349706,0.08820949755669716,0.07146138746188865,0.0976694649793259,0.10859123752244915,0.011903270266883849,0.0033830347074301466,0.17132356012195632,0.007643152487156998,0.008144342814183686,0.0782692227373345,0.16188447562962036,0.06289938604184939,0.04387503654512801,0.02568600426011778,0.019107881217892496,0.009585265004385415,0.05523535062439962,0.04197468988848515,0.03932255774130226,0.09547675729858414,0.12093304932548135,0.04335296328780854,4.05906470368606,-0.21418271326423496,1.3031793675867225,-3.826698720577189,29.638683,-11.874673
South Gloucestershire,E06000025,262767,249574,241611,1223,271,6469,3667,1516,396,1016,739,6440,2699,698,238,1312,1493,2218,987,980,251,868,366,502,136531,14169,23682,16740,19070,16781,11637,12497,8650,13305,129141,91675,30940,8556,2455,136531.0,759,225,13336,912,983,11797,22296,6642,5591,5819,8753,1632,7876,5972,10383,11461,16784,5310,2011,0.9497920210680946,0.024508404784466847,0.00844093816955706,0.0139553292460621,0.0033033067318194447,0.4914658233339803,0.3488832311515525,0.11774690124711246,0.03256116635650595,0.009342877910848774,0.9680936315481581,0.004900350196735237,0.0010858502888922725,0.02592016796621443,0.03695652173913044,0.20372670807453416,0.41909937888198756,0.10838509316770187,0.23183229813664596,0.4449954914337241,0.4418394950405771,0.11316501352569883,0.27706572129806384,0.10799018271066267,0.4134169620943551,0.20152713389691845,0.4216589861751152,0.5783410138248848,0.1037786290293047,0.1734551127582747,0.12260951725249211,0.13967523859050326,0.12290981535328972,0.08523339021907113,0.09153232599189927,0.06335557492437614,0.09745039588078898,0.005559177036716936,0.0016479773824259693,0.09767745054236766,0.006679801656766595,0.007199830075221012,0.08640528524657404,0.1633035720825307,0.04864829232921461,0.04095040686730486,0.04262035728149651,0.06410998234833115,0.011953329280529697,0.057686532728830814,0.04374098190154617,0.07604866294101706,0.08394430568881793,0.1229317883850554,0.038892266225252874,4.200341969992154,-1.6519471484675803,1.1182173833493296,-1.599411698151161,27.500977,-7.532452
South Hams,E07000044,83140,81784,79681,371,45,1687,653,161,75,264,153,458,115,12,64,102,165,121,73,36,12,124,70,54,39999,5559,7530,4858,3713,6396,3665,2659,1875,3744,39414,28574,11075,3156,921,39999.0,1395,117,2904,155,214,3469,5876,1310,3051,1028,679,754,2582,1698,2734,4587,5317,2129,2011,0.9836901611739235,0.005508780370459466,0.0014553764734183306,0.007854221794563387,0.001491460187635314,0.47406783738272795,0.3436853500120279,0.13320904498436373,0.03796006735626654,0.011077700264613905,0.9742859238970948,0.004536339626332779,0.0005502298738139489,0.020627506602758486,0.13973799126637554,0.22270742358078602,0.25109170305676853,0.026200873362445413,0.36026200873362446,0.6033057851239669,0.2975206611570248,0.09917355371900827,0.40428790199081166,0.11485451761102604,0.24655436447166923,0.2343032159264931,0.5645161290322581,0.43548387096774194,0.13897847446186154,0.1882547063676592,0.12145303632590815,0.09282732068301708,0.15990399759994,0.09162729068226706,0.06647666191654791,0.04687617190429761,0.09360234005850146,0.03487587189679742,0.0029250731268281706,0.07260181504537613,0.0038750968774219356,0.0053501337533438335,0.08672716817920448,0.1469036725918148,0.03275081877046926,0.07627690692267307,0.0257006425160629,0.01697542438560964,0.018850471261781545,0.06455161379034476,0.042451061276531914,0.06835170879271982,0.11467786694667367,0.1329283232080802,0.05322633065826646,3.994481723111561,-1.1502298420323713,2.9577199360080404,1.9644341663427773,35.147507,-0.28774935
South Holland,E07000140,88270,86370,79569,282,100,6419,796,247,138,233,178,747,251,48,54,176,218,257,137,72,48,100,13,87,41490,4437,4034,3605,4158,5932,3793,3129,6280,6122,35771,33149,13968,4167,1215,41490.0,2582,19,6552,153,303,3251,8615,2758,1497,615,851,366,1764,2504,1486,2787,3894,1493,2011,0.9784751331143083,0.008462671349269287,0.002911521468222499,0.009017786337373965,0.0011328877308258753,0.4052452701937238,0.37554095389146935,0.15824175824175823,0.04720743174351422,0.013764585929534383,0.9212573810350816,0.003265022577283779,0.001157809424568716,0.07431978696306588,0.07228915662650602,0.23560910307898258,0.3360107095046854,0.0642570281124498,0.2918340026773762,0.5330739299610895,0.2801556420233463,0.1867704280155642,0.292713567839196,0.17336683417085427,0.3103015075376884,0.2236180904522613,0.13,0.87,0.106941431670282,0.09722824777054712,0.0868884068450229,0.1002169197396963,0.14297421065316943,0.09141961918534587,0.07541576283441793,0.15136177392142686,0.1475536273800916,0.06223186309954206,0.000457941672692215,0.1579175704989154,0.00368763557483731,0.007302964569775849,0.07835623041696795,0.2076403952759701,0.06647384912026995,0.036080983369486626,0.01482284887924801,0.020510966497951314,0.008821402747650036,0.04251626898047722,0.06035189202217402,0.03581585924319113,0.06717281272595806,0.09385394070860448,0.03598457459628826,4.738720350109718,2.9111122102985543,-0.13379459207551966,-1.0002411799568474,35.29049,5.7460885
South Kesteven,E07000141,133788,130394,125261,656,78,4399,1142,410,138,304,290,1580,509,93,63,436,479,509,330,117,62,163,48,115,66532,8212,10107,8022,7200,8375,6342,5379,5619,7276,62625,46999,17767,5005,1392,66532.0,1229,97,8571,318,601,5145,11595,2770,3303,1949,2017,783,3432,3054,4357,6427,7708,3176,2011,0.9746315065626214,0.011809728824707747,0.003804526564415344,0.008535892606212814,0.0012183454420426347,0.46809130863754594,0.35129458546356923,0.13279965318264716,0.03740993213143182,0.010404520584805812,0.9606346917802966,0.005030906330045861,0.0005981870331456969,0.0337362148565118,0.039873417721518985,0.2759493670886076,0.3221518987341772,0.05886075949367089,0.3031645569620253,0.6483300589390962,0.22986247544204322,0.12180746561886051,0.266199649737303,0.12084063047285463,0.35901926444833626,0.2539404553415061,0.294478527607362,0.7055214723926381,0.12342932724102687,0.15191186196116155,0.12057355858834846,0.10821860157518187,0.12587927613779834,0.09532255155413936,0.08084831359345879,0.08445560031263151,0.10936090903625323,0.01847231407443035,0.001457945048998978,0.12882522695845608,0.004779654902903866,0.00903324715926171,0.07733120904226537,0.17427703962003246,0.04163410088378525,0.04964528347261468,0.029294174231948536,0.03031623880238081,0.011768772921301029,0.05158420008417002,0.045902723501472974,0.06548728431431491,0.0966001322671797,0.11585402513076415,0.04773642758371911,3.838171681815163,-0.11822639003543134,1.354101152021563,0.20510139720930334,32.40079,-2.7185142
South Norfolk,E07000149,124012,120981,117998,455,183,2345,1214,313,179,422,300,1270,433,64,60,325,388,378,259,68,51,169,70,99,60333,6975,10579,7170,6861,8375,5627,4607,4173,5966,57480,44400,16575,4297,1260,60333.0,1782,140,5587,199,366,5284,9740,2282,2591,1489,3161,986,3926,2324,3249,6416,8101,2710,2011,0.9755588168886882,0.01024094442473309,0.003048092120117408,0.009789375221752734,0.0013627713447085766,0.46350353191626614,0.3580298680772828,0.1336564203464181,0.034649872592974876,0.010160307067058026,0.975343235714699,0.0037609211363767866,0.0015126342152900043,0.019383208933634207,0.047244094488188976,0.2559055118110236,0.3409448818897638,0.050393700787401574,0.30551181102362207,0.6851851851851852,0.17989417989417988,0.1349206349206349,0.34761120263591433,0.14744645799011533,0.257825370675453,0.2471169686985173,0.41420118343195267,0.5857988165680473,0.11560837352692556,0.17534351018513913,0.11884043558251703,0.11371886032519517,0.1388129216183515,0.09326570865032403,0.07635953789799943,0.0691661279896574,0.09888452422389074,0.029536074784943564,0.002320454809142592,0.09260272156199759,0.0032983607644241127,0.006066331858187062,0.08758059436792469,0.16143735600749176,0.03782341338902425,0.04294498864634611,0.02467969436295228,0.05239255465499809,0.016342631727247113,0.06507218271924155,0.03851954983176702,0.053851126249316296,0.10634312896756336,0.13427146006331528,0.04491737523411732,3.7379151379526023,-0.5394131665648644,2.1761894734557705,1.4030533111743024,33.29748,-2.7613688
South Oxfordshire,E07000179,134257,128993,122083,1092,135,5683,1801,506,168,690,437,2405,814,194,179,443,775,768,445,241,82,290,89,201,70087,10095,15018,10215,7444,7969,5674,4186,3394,6092,70571,44779,14409,3517,981,70087.0,723,119,5044,484,700,5271,10157,2544,3101,5025,1961,985,7916,3289,4458,7580,7103,3627,2011,0.9607916160796085,0.017913404887640868,0.005720372122123986,0.013414570562428774,0.002160036348197859,0.5256411211333487,0.3335319573653515,0.10732401290063089,0.026196027022799558,0.00730688157786931,0.9464312016931151,0.008465575651391936,0.0010465684184413108,0.04405665423705162,0.07442827442827443,0.1841995841995842,0.3384615384615385,0.08066528066528067,0.32224532224532226,0.5794270833333334,0.3138020833333333,0.10677083333333333,0.38312048861743475,0.09328151027207107,0.2809550249861188,0.24264297612437535,0.30689655172413793,0.6931034482758621,0.14403527044958409,0.21427654201207072,0.1457474281963845,0.10621085222651847,0.11370154236877024,0.08095652546121249,0.05972576940088747,0.048425528272004796,0.08692054161256724,0.010315750424472442,0.0016978897655770685,0.07196769729051036,0.006905702912094968,0.009987586856335696,0.0752065290282078,0.14491988528543095,0.03629774423216859,0.044245009773567136,0.07169660564726697,0.027979511178963287,0.014053961504986659,0.1129453393639334,0.04692739024355444,0.06360666029363506,0.10815129767289226,0.10134547062936065,0.05174996789704225,2.4897258456105833,-3.6526714560742652,3.503554879643026,-0.19875389390680576,21.035517,1.5250028
South Ribble,E07000126,109057,105847,103890,680,17,1260,1174,514,99,388,173,1612,798,241,26,282,265,268,78,149,41,156,65,91,55761,5626,9185,6976,7633,6887,5539,4656,4104,5155,52009,37211,14240,4473,1124,55761.0,391,24,6800,246,571,4540,9170,2458,2168,1516,1374,847,2842,2378,5670,5413,7082,2271,2011,0.9705658508853169,0.01478126117534867,0.0024574305179860074,0.010765012791476018,0.001430444629872452,0.47689740227587407,0.3412068918088706,0.13057392006015203,0.041015248906535115,0.01030653694856818,0.9815110489669051,0.0064243672470641585,0.00016060918117660397,0.011903974604854177,0.016129032258064516,0.17493796526054592,0.49503722084367247,0.14950372208436724,0.16439205955334987,0.291044776119403,0.5559701492537313,0.15298507462686567,0.33049403747870526,0.08432708688245315,0.43781942078364566,0.14735945485519591,0.4166666666666667,0.5833333333333334,0.1008948906942128,0.16472086225139435,0.12510536037732464,0.13688778895643908,0.12350926274636395,0.0993346604257456,0.08349921988486576,0.07359982783666003,0.09244812682699377,0.007012069367479062,0.0004304083499219885,0.12194903247789673,0.004411685586700382,0.010240131991893976,0.08141891286024282,0.1644518570326931,0.044080988504510324,0.03888022094295296,0.027187460770072273,0.02464087803303384,0.015189828015996843,0.050967522103262136,0.04264629400477036,0.10168397266906978,0.09707501658865515,0.1270063305894801,0.04072739011136816,4.874582527129893,-0.5953144085265367,1.1278316581932397,-3.0225717424011216,28.343557,-9.846825
South Staffordshire,E07000196,108131,103700,102339,469,128,764,1495,796,40,479,180,2122,1435,170,17,204,296,578,142,371,65,236,44,192,53328,6967,8832,6679,6905,7076,4321,4111,3574,4863,49032,38390,14901,4435,1373,53328.0,571,46,6473,332,523,5267,8986,2050,2298,1305,1999,860,2704,2145,3543,5598,6201,2427,2011,0.9590219271069351,0.019624344545042586,0.005345368118300949,0.013825822382110588,0.0021825378476107685,0.45344998196631864,0.35503232190583645,0.13780506977647483,0.04101506505997355,0.012697561291396547,0.9868756027000964,0.004522661523625844,0.0012343297974927675,0.007367405978784956,0.008011310084825637,0.09613572101790764,0.676248821866164,0.08011310084825636,0.13949104618284638,0.24567474048442905,0.6418685121107266,0.11245674740484429,0.3204013377926421,0.026755852842809364,0.5324414715719064,0.12040133779264214,0.1864406779661017,0.8135593220338984,0.13064431443144314,0.16561656165616562,0.12524377437743775,0.12948169816981697,0.1326882688268827,0.08102685268526853,0.07708895889588958,0.06701920192019202,0.0911903690369037,0.010707320732073207,0.0008625862586258626,0.12138088808880888,0.006225622562256226,0.009807230723072307,0.09876612661266126,0.1685043504350435,0.03844134413441344,0.043091809180918095,0.02447119711971197,0.037484998499849986,0.016126612661266127,0.050705070507050705,0.040222772277227724,0.06643789378937894,0.10497299729972998,0.11628037803780378,0.045510801080108014,4.735913378120355,-0.4345776010338459,1.5722581142683483,-5.8165647302496515,28.547174,-11.66549
South Tyneside,E08000023,148127,142099,140821,305,9,964,1325,324,229,440,332,3311,643,434,1534,235,465,420,316,61,43,972,566,406,64622,5031,8545,7097,8480,8174,6738,6862,6120,7575,63345,48861,23700,9394,2827,64622.0,65,516,7406,520,438,5328,9634,3613,3385,1620,1763,882,2542,3009,5705,5738,9616,2842,2011,0.959305190815989,0.02235244081092576,0.0028354047540286374,0.008945026902590344,0.006561936716466275,0.42763979558081916,0.3298588373490316,0.159997839691616,0.06341855299844053,0.019084974380092757,0.9910062702763566,0.00214639089648766,6.333612481438996e-05,0.006784002702341326,0.46330413772274237,0.07097553609181516,0.1942011476895198,0.13107822410147993,0.14044095439444276,0.7523809523809524,0.14523809523809525,0.10238095238095238,0.3320754716981132,0.1728301886792453,0.24452830188679245,0.25056603773584907,0.5823045267489712,0.4176954732510288,0.07785274364767417,0.1322305097335273,0.10982327999752406,0.13122466033239455,0.126489430843985,0.10426789638203708,0.10618674754727492,0.0947045897681904,0.11722014174739252,0.0010058494011327412,0.007984896784376838,0.1146049333044474,0.00804679520906193,0.0067778775030175485,0.08244870168054223,0.1490823558540435,0.05590975209680914,0.0523815418897589,0.025068861997462166,0.027281730679954194,0.013648602643062734,0.039336448887375815,0.04656308996936028,0.08828262820711213,0.08879329021076414,0.1488038129429606,0.0439788307387577,5.776374791069881,1.199926649533784,-2.3901443927985966,4.156386509325427,40.848732,-14.528875
Southampton,E06000045,236882,203528,183980,1746,341,17461,5678,1678,941,1796,1263,19892,6742,3019,1401,3449,5281,5067,3508,1132,427,2717,1312,1405,112608,8705,19206,12661,11778,12826,10940,11547,9521,15424,112653,82880,29278,9223,2848,112608.0,240,84,9556,735,739,8900,19642,7505,7242,3370,4702,1303,6375,5846,4677,11639,15091,4962,2011,0.8591957176991075,0.08397429944022762,0.021390396906476643,0.02396974020820493,0.011469845745983233,0.4755658935672613,0.349878842630508,0.12359740292635152,0.03893499717158754,0.012022863704291589,0.9039542470814826,0.008578672222003852,0.0016754451475963995,0.0857916355489171,0.0704303237482405,0.17338628594409813,0.3389302232053087,0.1517695556002413,0.2654836115021114,0.6923228734951647,0.22340635484507598,0.08427077165975923,0.31630855935188446,0.16572736879182812,0.2955265938710814,0.22243747798520605,0.48288553551711444,0.5171144644828856,0.07730356635407787,0.17055626598465473,0.11243428530832623,0.1045929241261722,0.11389954532537652,0.09715117931230463,0.1025415601023018,0.08454994316567206,0.13697073032111395,0.002131287297527707,0.0007459505541346973,0.08486075589656153,0.006527067348678602,0.006562588803637397,0.07903523728331913,0.1744281045751634,0.06664712986643932,0.06431159420289854,0.02992682580278488,0.04175547030406365,0.011571113952827507,0.05661231884057971,0.051914606422279054,0.041533461210571186,0.10335855356635408,0.13401356919579427,0.044064364876385334,3.5957285969945962,-1.1303785804372417,-1.6733149009618107,1.4692462122942347,21.858677,-12.865106
Southend-on-Sea,E06000033,173658,159023,151136,1496,162,6229,3651,1039,741,977,894,6440,1810,1059,933,1084,1554,3647,2728,524,395,897,297,600,81339,8686,13056,10779,11828,9143,7767,6781,5160,8139,78341,60929,24420,7778,2190,81339.0,130,26,5542,203,499,6558,11469,3957,3860,2590,9046,1321,4695,3925,4777,8157,10391,4193,2011,0.9157251609485311,0.037084384249501896,0.02100104803694618,0.02102408181598314,0.005165324949037764,0.4511223208835758,0.3508562807356989,0.14062122102062674,0.044789183337364244,0.012610994022734339,0.9504034007659269,0.009407444206184012,0.0010187205624343648,0.039170434465454686,0.14487577639751553,0.16832298136645962,0.281055900621118,0.16444099378881988,0.24130434782608695,0.7480120647107211,0.1436797367699479,0.10830819851933096,0.2675979183785264,0.2029580936729663,0.28457956724185157,0.2448644207066557,0.3311036789297659,0.6688963210702341,0.10678764184462558,0.16051340685280124,0.13251945561169917,0.1454160980587418,0.11240610285348972,0.09548924869988566,0.08336714245318974,0.06343820307601519,0.10006270054955188,0.0015982493023027084,0.00031964986046054166,0.06813459717970469,0.0024957277566726908,0.006134818475761934,0.08062553018847048,0.14100247113930586,0.048648249917013976,0.04745571005298811,0.031842043792030886,0.11121356298946385,0.016240671756475984,0.05772138826393243,0.048254834704139465,0.05872951474692337,0.10028399660679378,0.12774929615559572,0.05154968711196351,3.417822799806264,-1.2874942753241778,-0.33362955564403973,1.8344300632582642,21.492577,-7.7792234
Southwark,E09000028,288283,156349,114534,6222,263,35330,17778,5677,3687,3003,5411,27192,5819,1623,3912,8074,7764,77511,47413,17974,12124,9453,2440,7013,147388,15565,38033,25652,14538,9629,12185,9666,5043,17077,154204,90004,29935,10544,3596,147388.0,75,164,2771,262,370,5988,14602,5561,12005,10646,12717,2293,18863,10712,7481,13692,18357,10829,2011,0.5423455424010434,0.09432398025551281,0.26887121335632,0.06166856873280769,0.03279069525431607,0.534904937162441,0.3122071020490282,0.10383893604548308,0.03657517092579167,0.01247385381725596,0.7325534541314623,0.03979558551701642,0.001682134199771025,0.22596882615175026,0.14386584289496912,0.29692556634304207,0.2139967637540453,0.05968667255075022,0.2855251544571933,0.6116938241023855,0.2318896672730322,0.1564165086245823,0.16891663854201822,0.20739115761052987,0.3193272584092699,0.30436494543818204,0.25811911562466944,0.7418808843753306,0.10560561239721009,0.25804678806958503,0.1740440198659321,0.09863760957472793,0.06533096317203571,0.0826729448801802,0.06558200124840557,0.034215811327923576,0.11586424946399979,0.0005088609656145683,0.0011127093114771894,0.018800716476239585,0.0017776209732135587,0.002510380763698537,0.04062745949466714,0.09907183759871903,0.03773034439710153,0.08145167856270524,0.07223111786576926,0.0862824653296062,0.01555757592205607,0.12798192525850138,0.07267891551551008,0.050757185116834476,0.0928976578825956,0.12454880994382175,0.0734727386218688,-0.6826967796332444,-8.385535819567385,-3.381218102002551,1.7737020994797017,11.336535,-2.8683538
Spelthorne,E07000213,95598,83455,77411,1366,192,4486,2382,575,316,905,586,7295,4013,656,259,621,1746,1545,971,419,155,921,322,599,50161,5868,8175,7420,7607,5200,4448,3714,3215,4514,45929,34239,11509,3085,836,50161.0,52,181,2661,383,351,3730,7347,7520,2193,3414,1806,718,3167,2924,2843,3967,4291,2613,2011,0.8729785141948576,0.07630912780602105,0.01616142597125463,0.024916839264419757,0.009634092763446934,0.4804389213163455,0.35815602836879434,0.1203895478984916,0.03227054959308772,0.008744952823280822,0.9275777365047031,0.01636810257024744,0.002300641064046492,0.053753519861002935,0.03550376970527759,0.08512679917751885,0.5501028101439343,0.08992460589444826,0.2393420150788211,0.6284789644012945,0.27119741100323624,0.10032362459546926,0.3799328295549958,0.13266162888329136,0.2413937867338371,0.24601175482787574,0.3496199782844734,0.6503800217155266,0.11698331372979008,0.1629752197922689,0.14792368573194314,0.15165168158529535,0.10366619485257471,0.08867446821235621,0.07404158609278125,0.06409361854827456,0.08999023145471581,0.001036661948525747,0.0036083810131376966,0.05304918163513487,0.007635413967026176,0.006997468152548793,0.07436055900001994,0.14646837184266662,0.14991726640218497,0.04371922409840314,0.06806084408205577,0.03600406690456729,0.014313909212336277,0.06313669982655848,0.05829229879787086,0.05667749845497498,0.07908534518849306,0.08554454656007655,0.05209226291341879,3.5059841325294254,-3.4080089220564127,0.94065757759808,-0.5815781897610053,17.297136,-1.8397189
St Albans,E07000240,140664,124380,114145,2514,165,7556,3904,1019,397,1491,997,9011,2210,1149,2633,1149,1870,2388,1203,911,274,981,459,522,71378,10983,20382,11911,7465,5042,5054,4149,2262,4130,77531,44813,13802,3521,997,71378.0,198,84,3503,179,306,4421,10141,2450,2657,5390,5029,1169,9533,3137,3218,8669,7427,3867,2011,0.8842347722231702,0.06406045612239095,0.016976625149291928,0.027754080646078597,0.006974065859068419,0.5511786953307172,0.3185818688505943,0.09812034351362112,0.025031280213842915,0.007087812091224478,0.9177118507798682,0.02021225277375784,0.001326579835986493,0.06074931661038752,0.29219842414826325,0.12751082010875597,0.24525579846853846,0.12751082010875597,0.20752413716568638,0.5037688442211056,0.3814907872696817,0.11474036850921274,0.3819159836065574,0.1016905737704918,0.2610143442622951,0.25537909836065575,0.46788990825688076,0.5321100917431193,0.15387094062596318,0.28555016952002016,0.16687214547899912,0.10458404550421699,0.07063801171229231,0.07080613074056431,0.05812715402504973,0.03169043682927513,0.05786096556361904,0.002773963966488274,0.001176833197904116,0.04907674633640618,0.0025077755050575807,0.004287035220936423,0.06193785199921544,0.1420745888088767,0.03432430160553672,0.03722435484322901,0.07551346353218079,0.07045588276499762,0.01637759533749895,0.13355655804309452,0.04394911597410967,0.04508391941494578,0.12145198800750932,0.1040516685813556,0.054176356860657346,0.6630606064078612,-6.633804585917382,2.722179350808392,0.5156216668557342,16.419674,2.7683334
St. Helens,E08000013,175308,171877,169346,887,69,1575,1179,445,167,271,296,1764,504,133,122,512,493,248,152,60,36,240,117,123,78580,6896,11526,8570,9323,9228,8586,7187,7162,10102,78620,55983,26198,11364,3143,78580.0,202,70,8324,454,1087,6532,13761,4655,3522,1933,1977,1151,3310,3886,4835,7214,12267,3400,2011,0.9804287311474662,0.010062290368950648,0.0014146530677436283,0.006725306318023137,0.0013690190978164144,0.4484678394596938,0.3193408173044014,0.14943984301914345,0.06482305428160723,0.01792844593515413,0.9852743531711631,0.005160667221326879,0.0004014498740378294,0.009163529733472193,0.0691609977324263,0.29024943310657597,0.2857142857142857,0.07539682539682539,0.27947845804988664,0.6129032258064516,0.24193548387096775,0.14516129032258066,0.22985581000848176,0.14164546225614927,0.37743850720949956,0.2510602205258694,0.4875,0.5125,0.08775769916009163,0.14667854415881904,0.10906082972766608,0.11864342071773988,0.11743446169508781,0.10926444387884958,0.09146093153474166,0.09114278442351743,0.1285568847034869,0.0025706286586917792,0.0008908119114278443,0.10593026215321964,0.005777551539832018,0.013833036396029523,0.08312547722066684,0.1751208959022652,0.05923899210995164,0.04482056502926953,0.02459913463985747,0.025159073555612116,0.014647493000763553,0.042122677526088066,0.049452786968694325,0.0615296513107661,0.09180453041486383,0.15610842453550522,0.04326800712649529,5.369016454850918,1.1581316608852235,-1.149887851038404,1.963915309825522,41.612087,-9.406658
Stafford,E07000197,130869,124308,121160,770,119,2259,1694,819,126,439,310,3288,1359,369,128,503,929,1107,391,582,134,472,229,243,64494,7695,12284,8511,7275,7062,5477,5026,4245,6919,60366,46574,17316,5118,1495,64494.0,1131,48,6312,629,462,4500,10347,2854,3174,1938,1385,779,3238,2663,6054,6530,9364,3086,2011,0.9498658964307819,0.025124361002223598,0.008458840519909222,0.012944241951875539,0.0036066600952097136,0.4612704307360796,0.3558826001574093,0.13231552162849872,0.03910781010017651,0.011423637377835852,0.9746758052579078,0.006194291598288123,0.0009572996106445281,0.01817260353315957,0.038929440389294405,0.15298053527980535,0.41332116788321166,0.11222627737226278,0.2825425790754258,0.35320686540198737,0.5257452574525745,0.12104787714543812,0.25914994096812277,0.0743801652892562,0.4834710743801653,0.18299881936245574,0.4851694915254237,0.5148305084745762,0.11931342450460508,0.19046733029429094,0.1319657642571402,0.11280119080844729,0.10949855800539585,0.08492262846156232,0.07792972989735479,0.06582007628616615,0.10728129748503737,0.017536515024653455,0.0007442552795608894,0.09786956926225696,0.009752845225912488,0.00716345706577356,0.06977393245883338,0.16043352870034422,0.04425217849722455,0.04921388036096381,0.03004930691227091,0.021474865878996496,0.012078642974540267,0.050206220733711664,0.04129066269730518,0.09386919713461718,0.10124972865692933,0.14519180078767016,0.04784941234843551,4.478905068464516,-1.1357263802894522,0.9774584966624935,-2.493838327842399,28.083765,-9.038146
Staffordshire Moorlands,E07000198,97106,95825,94657,256,35,877,602,238,52,179,133,502,136,87,2,108,169,120,52,60,8,57,19,38,47591,5265,7008,5205,4937,7420,4694,3495,4367,5200,42874,34050,14432,4420,1330,47591.0,1134,152,6965,245,376,4156,7149,2076,2195,868,2009,616,2258,1854,2145,4452,6274,2667,2011,0.9868082301814513,0.005169608469095628,0.0012357629806603093,0.006199410952979219,0.0005869874158136469,0.4415175169402509,0.3506477457623628,0.14862109447407987,0.045517269787654725,0.013696373035651762,0.987811114009914,0.002671536655361336,0.0003652491521001826,0.009152100182624577,0.00398406374501992,0.2151394422310757,0.27091633466135456,0.17330677290836655,0.33665338645418325,0.43333333333333335,0.5,0.06666666666666667,0.2973421926910299,0.08637873754152824,0.3953488372093023,0.22093023255813954,0.3333333333333333,0.6666666666666666,0.11063016116492615,0.14725473303775924,0.10936941858754806,0.10373810174192599,0.15591183206908868,0.09863209430354479,0.07343825513227291,0.09176104725683427,0.1092643567060999,0.02382803471244563,0.0031938811960244584,0.14635120085730496,0.005148032190960476,0.007900653484902608,0.08732743585972137,0.1502174780945977,0.04362169317728142,0.04612216595574794,0.01823874261940283,0.042213863965875904,0.01294362379441491,0.047445945661994914,0.03895694564098254,0.045071547141266204,0.09354709924145321,0.13183164884116744,0.056040007564455464,5.082891492519917,1.0421007758012844,1.1717809288116825,-1.2487582539503077,34.193863,-10.455822
Stevenage,E07000243,83957,73598,69781,1002,67,2748,2265,964,292,573,436,4848,1626,489,536,635,1562,2836,1915,678,243,410,132,278,42738,3903,6827,5302,5049,5187,4184,4254,3179,4853,39514,29953,10652,2984,854,42738.0,45,12,3997,157,243,4031,8054,2250,2112,2122,1497,527,2439,2163,2348,3322,5370,2049,2011,0.8766154102695427,0.057743845063544436,0.033779196493443076,0.026978095930059436,0.004883452243410317,0.4706456876734519,0.35676596352894935,0.12687447145562608,0.035542003644722896,0.010171873697249782,0.9481371776406967,0.013614500394032447,0.0009103508247506726,0.03733797114052012,0.11056105610561057,0.13098184818481848,0.3353960396039604,0.10086633663366337,0.3221947194719472,0.67524682651622,0.2390691114245416,0.08568406205923837,0.25298013245033113,0.12891832229580574,0.42560706401766,0.19249448123620308,0.32195121951219513,0.6780487804878049,0.09132388038747719,0.15974074594038093,0.12405821517151013,0.11813842482100238,0.12136740137582479,0.09789882540128222,0.09953671205952548,0.07438345266507558,0.11355234217792129,0.001052927137442089,0.00028078056998455706,0.09352332818568955,0.003673545790631288,0.005685806542187281,0.09431887313397913,0.18845055922130188,0.05264635687210445,0.049417380317282045,0.04965136412560251,0.03502737610557349,0.012330946698488464,0.057068650849361226,0.05061069773971641,0.054939398193645,0.07772942112405822,0.1256493050680893,0.04794328232486312,3.4964350455530115,-1.0324146980516755,-0.8696242414274326,-0.3695730923523408,22.381798,-12.111083
Stockport,E08000007,283275,260819,252044,3938,58,4779,5104,1734,775,1460,1135,13762,2786,6673,705,1722,1876,1958,976,745,237,1632,727,905,137130,15544,27091,18080,17082,13854,12830,13133,8141,11375,135500,94251,37601,12505,3418,137130.0,163,91,11700,918,681,10030,22003,7254,5910,5419,6758,2074,10588,6940,6791,14538,19039,6233,2011,0.9207272085429353,0.04858176683434825,0.0069120112964433855,0.01801782719971759,0.005761186126555467,0.47833377460065307,0.33271908922425203,0.13273673991704174,0.04414438266701968,0.012066013591033448,0.9663559786671984,0.015098593277330256,0.00022237643729942986,0.01832305161817199,0.05122801918325825,0.12512716174974567,0.20244150559511698,0.4848859177445139,0.1363173957273652,0.49846782431052095,0.3804902962206333,0.12104187946884576,0.28605015673981193,0.15184169278996865,0.3397335423197492,0.22237460815047022,0.44546568627450983,0.5545343137254902,0.11335229344417706,0.19755706264128928,0.13184569386713338,0.12456792824327281,0.10102822139575585,0.09356085466345804,0.09577043681178443,0.059367023991832565,0.08295048494129657,0.0011886531028950631,0.0006636038795303726,0.08532049879676219,0.006694377597899803,0.004966090570991031,0.07314227375483118,0.1604535841901845,0.052898709253992565,0.043097790417851674,0.03951724640851746,0.0492817034930358,0.015124334573032888,0.07721140523590753,0.05060891125209655,0.04952235105374462,0.1060161890177204,0.13883905782833808,0.04545321957266827,3.5196728059884985,-1.8377651701985869,-0.4107924772786381,0.006316997959202077,24.565493,-17.65643
Stockton-on-Tees,E06000004,191610,181299,178965,536,143,1655,1997,419,316,823,439,6632,1488,3072,132,866,1074,1133,936,84,113,549,236,313,87122,7894,13885,10330,9887,10139,8523,9129,7280,10055,88811,64282,26385,9296,2836,87122.0,221,617,8672,1085,651,7200,14458,4022,4379,2086,2713,1125,4854,3900,5958,8721,12928,3532,2011,0.9461875684985126,0.03461197223526956,0.005913052554668337,0.010422211784353635,0.0028651949271958667,0.463498773550441,0.33548353426230365,0.13770158133709096,0.0485152131934659,0.014800897656698501,0.9871262389753942,0.0029564421204750163,0.0007887522821416555,0.00912856662198909,0.019903498190591073,0.13057901085645357,0.2243667068757539,0.4632086851628468,0.16194209891435465,0.8261253309796999,0.07413945278022947,0.0997352162400706,0.41211817726589883,0.15823735603405106,0.20981472208312468,0.2198297446169254,0.42987249544626593,0.5701275045537341,0.0906085718876977,0.15937421087670164,0.11856936250315649,0.11348453892243061,0.11637703450334014,0.09782833268290443,0.10478409586556782,0.08356098344849751,0.11541286930970364,0.0025366727118293886,0.007082022910401506,0.09953857808590252,0.012453800417804917,0.0074722802506829505,0.0826427308831294,0.16595119487615068,0.04616514772388145,0.05026284979683662,0.023943435641973324,0.031140240123045844,0.012912926700488969,0.05571497440370974,0.044764812561695094,0.06838685980578958,0.10010100778219048,0.14838961456348568,0.04054085076100181,4.74054434898039,0.2597151789380405,-0.6410975551619059,2.791628021767819,38.98109,-15.797445
Stoke-on-Trent,E06000021,249008,220712,215222,636,183,4671,4491,1892,559,1347,693,18442,2329,10429,1097,1224,3363,3741,2536,834,371,1622,408,1214,108109,8030,11322,9674,10705,15525,11934,11796,11843,17280,104510,86311,38179,15356,4652,108109.0,140,173,14704,1020,696,8619,21274,7059,5852,2238,2890,1087,3164,5262,4282,8300,15734,5615,2011,0.8863650967037203,0.07406187753003919,0.01502361369915826,0.018035565122405707,0.006513846944676476,0.4197053909914541,0.3466193857225471,0.15332439118421898,0.0616687014071837,0.018682130694596157,0.9751259559969553,0.0028815832396969806,0.0008291348001014898,0.021163325963246223,0.05948378700791671,0.0663702418392799,0.1262878212775187,0.5655026569786358,0.18235549289664896,0.6778936113338679,0.22293504410585405,0.099171344560278,0.2999331997327989,0.12447116455132487,0.42128701848140726,0.15430861723446893,0.25154130702836003,0.7484586929716399,0.07427688721568047,0.10472763599700302,0.08948376175896548,0.09902043308142708,0.14360506525821162,0.11038858929413832,0.10911209982517645,0.10954684623851853,0.15983868133087903,0.0012949893163381402,0.0016002367980464162,0.13601087791025723,0.009434922161892165,0.006437946886938183,0.0797250922679888,0.19678287654126853,0.06529521131450665,0.05413055342293426,0.020701329214033986,0.026732279458694466,0.010054667048996846,0.029266758549241968,0.04867309844693781,0.039608173232570834,0.07677436661147545,0.1455382993090307,0.05193832150884755,5.389311009928334,2.8924171030282944,-3.761036404033743,-0.15895746551347786,36.942505,-15.188227
Stratford-on-Avon,E07000221,120485,117307,112780,890,173,3464,1258,417,106,448,287,1466,564,74,13,391,424,264,112,115,37,190,51,139,60765,9491,11245,7947,6589,7484,4953,4391,2962,5703,58094,41966,15315,4049,1061,60765.0,1408,34,5830,399,493,4367,9936,2100,3894,2641,2433,998,5226,3295,2444,6009,5761,3497,2011,0.9736232726065486,0.01216748972901191,0.0021911441258247915,0.010441133751089347,0.001576959787525418,0.4821679047184297,0.34830891812258785,0.1271112586629041,0.0336058430510022,0.008806075445076151,0.9614089525774251,0.007586930021226354,0.0014747628018788308,0.029529354599469766,0.008867667121418827,0.26671214188267395,0.38472032742155526,0.0504774897680764,0.2892223738062756,0.42424242424242425,0.4356060606060606,0.14015151515151514,0.356120826709062,0.08426073131955485,0.3314785373608903,0.22813990461049286,0.26842105263157895,0.7315789473684211,0.1561918867769275,0.18505718752571382,0.13078252283386818,0.10843413149016704,0.12316300501933679,0.08151073808936066,0.07226199292355796,0.04874516580268246,0.09385336953838558,0.023171233440302808,0.0005595326256891302,0.0959433884637538,0.006566279930881264,0.008113223072492388,0.07186702871718917,0.1635151814366823,0.03455936805726981,0.06408294248333744,0.04346251954249979,0.04003949642063688,0.016423928248169177,0.08600345593680572,0.054225294166049536,0.04022052168188925,0.09888916316958776,0.09480786637044351,0.05754957623632025,3.4323390798534663,-2.00847312224944,3.2875094075085576,-1.5683047407721837,28.935242,-0.7255351
Stroud,E07000082,112779,110426,107026,591,57,2752,1216,364,129,428,295,751,177,28,53,193,300,260,96,125,39,126,33,93,57342,7099,10925,7024,5981,7871,5387,3542,4267,5246,53779,39711,14441,3783,1065,57342.0,768,137,7227,880,594,4903,8076,1793,2597,2304,1884,727,4290,2397,2930,6111,7046,2678,2011,0.9791361867014249,0.006659041133544366,0.002305393734649181,0.010782149158974632,0.0011172292714069108,0.4768529602142243,0.3521134253717447,0.12804688816180318,0.03354347883914559,0.009443247413082223,0.9692101497835655,0.005352000434680238,0.000516182783040226,0.024921666998714072,0.07057256990679095,0.2569906790945406,0.23568575233022637,0.037283621837549935,0.3994673768308921,0.36923076923076925,0.4807692307692308,0.15,0.3519736842105263,0.10608552631578948,0.2993421052631579,0.24259868421052633,0.2619047619047619,0.7380952380952381,0.12380105332914793,0.19052352551358515,0.1224931115064002,0.10430400055805518,0.13726413449129782,0.0939451013218932,0.06176973248229919,0.07441317010219385,0.09148617069512748,0.013393324264936696,0.0023891737295525096,0.1260332740399707,0.01534651738690663,0.010358899236161975,0.08550451675909455,0.14083917547347494,0.03126852917582226,0.04528966551567786,0.04017997279481009,0.03285549858742283,0.012678316068501273,0.07481427226116982,0.041801820655017266,0.051096927208677756,0.10657109971748456,0.12287677444107287,0.0467022426842454,4.0972995028431605,-1.1393586585108009,2.9844133619372895,-1.0574036315766415,30.232224,0.07825952
Sunderland,E08000024,275506,264282,261209,608,70,2395,1778,539,239,608,392,7336,1736,669,2075,1536,1320,1273,1062,111,100,837,292,545,121511,9278,14842,12076,15464,14679,12137,14959,11969,16107,117365,90557,43951,18155,5478,121511.0,132,441,14065,2138,983,9345,19613,6325,6813,2825,4684,2028,3841,6028,9471,10845,16641,5293,2011,0.9592604153811533,0.02662736927689415,0.004620589025284386,0.006453579958331216,0.0030380463583370237,0.42599798189513116,0.32869338598796394,0.15952828613532918,0.06589693146428753,0.01988341451728819,0.9883722690156727,0.002300572872916052,0.0002648685873423086,0.009062289524068987,0.2828516902944384,0.2093784078516903,0.2366412213740458,0.09119411123227918,0.17993456924754633,0.8342498036135114,0.08719560094265515,0.07855459544383346,0.34195725534308213,0.1344206974128234,0.3031496062992126,0.2204724409448819,0.34886499402628435,0.6511350059737157,0.07635522709878118,0.12214532017677412,0.09938194895935347,0.1272641983030343,0.12080387783822041,0.09988396112286131,0.12310819596579733,0.09850137024631515,0.13255590028886274,0.0010863214030005515,0.00362930105093366,0.11575083737274815,0.017595114845569537,0.008089802569314712,0.07690661750787994,0.16140925512916526,0.05205290056044309,0.056068997868505735,0.023248923965731496,0.0385479503913226,0.016689847009735744,0.03161030688579635,0.04960867740369185,0.07794356066528957,0.08925117890561349,0.13695056414645587,0.043559842318802416,6.172923458123247,1.9769150200367975,-2.273960223354562,3.2593379458743885,40.554436,-13.653825
Surrey Heath,E07000214,86144,77692,73179,828,162,3523,1626,370,171,696,389,5389,1713,667,298,535,2176,861,528,253,80,576,184,392,44968,6957,9137,7253,5440,4315,3808,2994,1864,3200,46062,28683,8613,2148,638,44968.0,76,125,3056,190,282,3225,6561,2734,1960,3817,1893,706,3792,2524,3013,3766,4856,2392,2011,0.9018852154531947,0.06255804234769688,0.009994892273402674,0.01887537147102526,0.006686478454680535,0.5347093239227341,0.3329657317979198,0.09998374814264488,0.024934992570579496,0.007406203566121842,0.941911651135252,0.01065746795036812,0.0020851567728981104,0.04534572414148175,0.055297828910744105,0.09927630358136946,0.3178697346446465,0.1237706439042494,0.4037854889589905,0.6132404181184669,0.2938443670150987,0.09291521486643438,0.4280442804428044,0.10516605166051661,0.22755227552275523,0.23923739237392375,0.3194444444444444,0.6805555555555556,0.15471001601138587,0.20318893435331792,0.16129247464863902,0.12097491549546344,0.09595712506671411,0.08468244084682441,0.06658067959437823,0.04145169898594556,0.07116171499733144,0.0016900907311866217,0.0027797544920832593,0.06795943782245152,0.004225226827966554,0.006271126134139833,0.07171766589574809,0.1459037537804661,0.060798790250845045,0.043586550435865505,0.0848825831702544,0.04209660202810888,0.015700053371286247,0.08432663227183775,0.05612880270414517,0.06700320227717488,0.08374844333748444,0.10798790250845046,0.05319338196050525,1.9323522431416358,-4.648914423933872,3.2626688614361368,0.2004119175664429,18.842299,0.7648882
Sutton,E09000029,190146,149449,134854,3219,193,11183,7134,2298,838,2286,1712,22035,6454,2595,1183,2240,9563,9120,5471,2742,907,2408,976,1432,97658,10518,18731,13612,14327,11201,8987,7407,5417,7458,92668,67563,22127,6072,1716,97658.0,87,134,3539,334,503,9572,14020,5214,3586,5231,5825,1608,7574,5368,7080,9314,13318,5351,2011,0.7859697285243971,0.11588463601653466,0.04796314411031523,0.03751853838629264,0.012663952962460425,0.48735182438757585,0.3553217001672399,0.11636847475098082,0.03193335647344672,0.009024644220756682,0.9023412669204879,0.021539120368821472,0.0012914104477112593,0.07482820226297934,0.05368731563421829,0.10165645563875653,0.29289766280916724,0.11776718856364875,0.43399137735420923,0.599890350877193,0.3006578947368421,0.09945175438596492,0.32043734230445753,0.11746565741519484,0.32211942809083266,0.239977572189515,0.4053156146179402,0.5946843853820598,0.10770238997317168,0.1918020029081079,0.1393843822318704,0.14670585103114953,0.11469618464437117,0.09202523090786213,0.07584632083393066,0.05546908599397899,0.07636855147555756,0.00089086403571648,0.001372135411333429,0.036238710602306004,0.003420098711831084,0.005150627700751602,0.09801552356181777,0.1435622273648856,0.053390403243973865,0.03671998197792296,0.053564480124516166,0.05964693112699421,0.016465624936001146,0.0775563701898462,0.05496733498535706,0.072497900837617,0.0953736509041758,0.13637387618013885,0.05479325810481476,2.649625758336967,-3.963066118767811,0.2717330482135219,-0.11937740738933844,17.188843,-3.8163936
Swale,E07000113,135835,131155,126130,780,730,3515,1575,533,225,441,376,1489,545,107,206,233,398,1395,993,277,125,221,47,174,62810,6558,8026,7336,7482,8477,6064,4853,5944,8070,60198,48719,19118,6008,1792,62810.0,932,45,6495,305,666,6677,10356,3939,2795,1409,2220,873,3094,3063,4468,5960,6826,2687,2011,0.9655464350130674,0.010961828689218538,0.0102698126403357,0.011594949755217727,0.0016269739021607097,0.44317002245371223,0.35866308388854123,0.14074428534619207,0.04423013214561784,0.013192476165936615,0.9616865540772369,0.005947161755175174,0.00556593343753574,0.026800350730052228,0.13834788448623236,0.15648085963734049,0.36601746138347885,0.07186030893216924,0.26729348556077903,0.7118279569892473,0.1985663082437276,0.08960573476702509,0.28,0.14285714285714285,0.3384126984126984,0.23873015873015874,0.21266968325791855,0.7873303167420814,0.10441012577615029,0.12778220028657858,0.11679668842540997,0.11912115905110651,0.1349625855755453,0.0965451361248209,0.07726476675688584,0.09463461232287852,0.1284827256806241,0.014838401528419042,0.0007164464257283871,0.10340710078013056,0.00485591466327018,0.010603407100780131,0.10630472854640981,0.1648782041076262,0.06271294379875816,0.04449928355357427,0.022432733641139947,0.03534469033593377,0.013899060659130711,0.04925967202674733,0.048766120044578885,0.07113516955898742,0.09488934882980417,0.10867696226715491,0.04277981213182614,4.190025864322564,0.5389871710239704,-0.006115198744183868,0.09978171049109545,18.829523,-10.131366
Swansea,W06000011,239023,224697,218655,1101,85,4856,2160,548,280,781,551,7803,1477,591,1944,2052,1739,1983,1707,172,104,2380,1694,686,102793,8893,17694,11020,13457,11472,10013,11257,6690,12297,116295,69978,33402,14473,4875,102793.0,401,142,7389,404,785,7360,17486,4158,6873,3045,3539,1370,4269,4142,9736,11338,15621,4735,2011,0.9400643452722123,0.03264539395790363,0.008296272743627183,0.009036787254783012,0.009957200771473875,0.48654313601619925,0.29276680486815077,0.13974387402049177,0.06055065830484933,0.02039552679030888,0.9731104554132899,0.0048999319083031815,0.0003782872045465672,0.021611325473860354,0.2491349480968858,0.2629757785467128,0.18928617198513392,0.07574009996155324,0.2228630014097142,0.8608169440242057,0.08673726676752395,0.052445789208270296,0.36157407407407405,0.12962962962962962,0.2537037037037037,0.2550925925925926,0.711764705882353,0.28823529411764703,0.08651367311003667,0.1721323436420768,0.10720574358176141,0.13091358360977887,0.11160293016061405,0.09740935666825562,0.10951134804899167,0.06508225268257566,0.11962876849590925,0.003901043845398033,0.0013814170225599019,0.07188232661757124,0.003930228712071834,0.007636706779644529,0.07160020623972449,0.17010885955269328,0.040450225209887836,0.0668625295496775,0.029622639673907755,0.03442841438619361,0.013327755781035674,0.04153006527681846,0.040294572587627565,0.09471462064537468,0.11029933944918428,0.1519656007704805,0.046063447900148845,4.604638982942787,-0.41074036332108854,-1.4306038126719158,5.536728044292775,42.938416,-14.548577
Swindon,E06000030,209156,187898,177028,1852,180,8838,4226,1506,568,1163,989,13365,6901,1292,936,954,3282,2861,1718,807,336,806,188,618,109499,10444,17031,13782,13094,11704,8890,10481,9633,14440,100931,73591,25056,7556,2022,109499.0,272,79,12360,961,1250,8117,19787,7119,5344,5357,8231,1029,5848,6379,5001,8007,9872,4486,2011,0.898362944405133,0.06389967297137066,0.013678785212951098,0.020205014438983343,0.0038535829715618964,0.48256325422172924,0.3518474248885999,0.1197957505402666,0.03612614507831475,0.009667425271089521,0.9421494640709321,0.009856411457280013,0.0009579665563231115,0.047036157915464775,0.07003367003367003,0.07138047138047138,0.5163486719042275,0.09667040778151889,0.24556677890011222,0.600489339391821,0.282069206571129,0.11744145403704999,0.27520113582584005,0.13440605773781353,0.35636535731187885,0.23402744912446757,0.23325062034739455,0.7667493796526055,0.09537986648279893,0.15553566699239263,0.1258641631430424,0.11958100073973278,0.10688682088420899,0.08118795605439319,0.09571776911204669,0.08797340614982785,0.13187335044155654,0.0024840409501456634,0.0007214677759614243,0.11287774317573676,0.008776335856948465,0.011415629366478233,0.07412853085416306,0.18070484661960384,0.06501429236796682,0.04880409866756774,0.04892282121297911,0.07516963625238586,0.00939734609448488,0.05340688042813176,0.05825623978301172,0.04567164996940611,0.07312395546991297,0.09015607448469849,0.04096841067041708,3.6352683328489244,-1.492816385460273,-0.5057321226437165,-1.3924015024547491,22.40986,-11.030184
Tameside,E08000008,219324,199429,194115,1613,38,3663,3159,1310,506,849,494,14553,3668,4910,4296,951,728,1784,1188,371,225,399,154,245,101892,9069,12129,11311,13599,13334,10164,10505,10325,11456,96404,73918,33009,12492,3501,101892.0,110,44,13449,830,863,8690,18057,5431,4629,2431,4164,1711,5074,4870,5932,8489,12669,4449,2011,0.9092894530466342,0.06635388739946381,0.008134084733088945,0.014403348470755594,0.0018192263500574493,0.43955061917528404,0.33702649960788605,0.15050336488482793,0.05695683098976856,0.01596268534223341,0.9733539254571802,0.008088091501236029,0.0001905440031289331,0.018367439038454787,0.29519686662543804,0.06534735106163678,0.25204425204425207,0.3373874802446231,0.050024050024050026,0.6659192825112108,0.20795964125560537,0.12612107623318386,0.26875593542260207,0.1601772712883824,0.4146881924659702,0.15637860082304528,0.38596491228070173,0.6140350877192983,0.08900600635967496,0.11903780473442468,0.11100969654143603,0.1334648451301378,0.1308640521336317,0.09975267930750206,0.10309936010677972,0.10133278373179445,0.11243277195461862,0.0010795744513798925,0.00043182978055195695,0.13199269815098338,0.008145879951321006,0.008469752286734975,0.0852863816590115,0.17721705335060653,0.0533015349585836,0.045430455776704744,0.023858595375495624,0.04086680014132611,0.01679228987555451,0.049797825148196126,0.047795705256546146,0.05821850586895929,0.0833137047069446,0.12433753385938053,0.043663879401719466,5.1745309860635995,1.0300151062328335,-2.773474372929122,0.37867689975964974,26.074142,-20.276083
Tamworth,E07000199,76813,74761,72984,504,9,1264,803,414,59,197,133,763,386,47,38,150,142,393,91,252,50,93,30,63,38281,3614,4417,4216,4817,4602,3131,3799,3992,5693,35029,27064,10314,3399,1007,38281.0,74,79,5250,190,291,3136,8169,3367,1913,967,1280,295,1486,2063,1557,2991,3445,1728,2011,0.9732857719396456,0.009933214429849114,0.005116321456003541,0.010453959616210798,0.0012107325582909143,0.45602957832658536,0.3523361930923151,0.1342741463033601,0.04425032221108406,0.013109760066655384,0.9762309225398269,0.006741482858709755,0.00012038362247695991,0.01690721097898637,0.04980340760157274,0.1965923984272608,0.5058977719528178,0.061598951507208385,0.18610747051114024,0.23155216284987276,0.6412213740458015,0.1272264631043257,0.24533001245330013,0.07347447073474471,0.5155666251556662,0.1656288916562889,0.3225806451612903,0.6774193548387096,0.09440714714871608,0.11538361066847784,0.11013296413364332,0.12583265849899428,0.12021629529009169,0.08178992189336746,0.09923983177032993,0.10428149734855412,0.1487160732478253,0.001933073848645542,0.0020636869465269977,0.13714375277552834,0.004963297719495311,0.007601682296700713,0.08192053499124892,0.21339567931872208,0.08795486011337217,0.049972571249444896,0.025260573130273505,0.033436953057652624,0.007706172775005878,0.03881821269036859,0.05389096418588856,0.04067291868028526,0.07813275515268671,0.08999242444032288,0.04513988662783104,5.411537467183552,0.7103512635348088,-0.6814746510918058,-4.099395208410854,30.098145,-13.495215
Tandridge,E07000215,82998,77880,74095,865,286,2634,1789,513,181,683,412,2164,746,139,102,418,759,882,400,373,109,283,47,236,41813,6527,7870,6536,5367,4700,4050,2432,1715,2616,41916,28514,9450,2403,715,41813.0,257,43,1912,149,256,4043,5602,1965,1488,2085,3477,744,3974,2251,2459,4166,4676,2266,2011,0.9383358635147835,0.02607291741969686,0.010626762090652787,0.021554736258705028,0.0034097207161618353,0.5050242174510229,0.34355044699872284,0.11385816525699415,0.028952504879635653,0.008614665413624425,0.9513995891114535,0.01110683102208526,0.003672316384180791,0.03382126348228043,0.04713493530499076,0.19316081330868762,0.34473197781885395,0.06423290203327171,0.35073937153419593,0.45351473922902497,0.42290249433106575,0.1235827664399093,0.38177752934600334,0.10117384013415316,0.2867523756288429,0.23029625489100056,0.16607773851590105,0.833922261484099,0.15609977758113505,0.1882189749599407,0.1563150216439863,0.12835720948030516,0.11240523282232798,0.09685982828306985,0.058163728983808866,0.04101595197665798,0.06256427426876808,0.006146413794752828,0.0010283883002893837,0.04572740535240236,0.0035634850405376318,0.006122497787769354,0.09669241623418554,0.13397747112142155,0.04699495372252649,0.03558701839140937,0.04986487456054337,0.08315595628153924,0.017793509195704684,0.09504221175232583,0.05383493171980006,0.05880946117236266,0.09963408509315284,0.1118312486547246,0.054193671824552175,2.2928288795880065,-3.5898028246818683,3.6606124882396025,-1.393626286416489,23.044281,-0.4111413
Teignbridge,E07000045,124220,122163,119480,499,118,2066,925,255,92,323,255,893,165,17,78,347,286,117,48,52,17,122,26,96,58962,7177,9643,6666,6063,8364,6334,5000,3756,5959,55819,43342,18237,5268,1554,58962.0,1017,275,3987,368,506,5379,10246,2303,3930,1351,1265,966,3624,2463,3624,5860,8802,2996,2011,0.9834406697794236,0.00718885847689583,0.0009418773144421189,0.0074464659475124775,0.00098212848172597,0.4493559813234584,0.348913218483336,0.14681210755111898,0.04240862985026566,0.012510062791820964,0.9780375400080221,0.0040847064986943675,0.0009659225788495699,0.016911830914433993,0.08734602463605823,0.3885778275475924,0.18477043673012317,0.019036954087346025,0.3202687569988802,0.41025641025641024,0.4444444444444444,0.1452991452991453,0.3491891891891892,0.09945945945945946,0.2756756756756757,0.2756756756756757,0.21311475409836064,0.7868852459016393,0.12172246531664462,0.16354601268613683,0.11305586649028188,0.10282894067365422,0.14185407550625828,0.10742512126454326,0.08480037990570198,0.06370204538516333,0.10106509277161561,0.017248397272819783,0.004664020894813609,0.06761982293680675,0.006241307961059666,0.00858179844645704,0.0912282487025542,0.17377293850276448,0.039059054984566334,0.06665309860588176,0.022913062650520673,0.0214544961161426,0.016383433397781623,0.061463315355652796,0.04177266714154879,0.061463315355652796,0.09938604524948272,0.14928258878599776,0.05081238763949662,4.566202138613578,0.3132339450843983,2.2715170788110908,0.3009105496641107,37.66009,-0.79148513
Telford and Wrekin,E06000020,166641,154415,149096,729,166,4424,2983,1423,278,799,483,6991,3076,2243,162,647,863,1779,1023,607,149,473,86,387,78372,7471,10919,8841,9051,9288,7307,6775,8431,10289,76439,57198,22609,8023,2372,78372.0,713,82,13240,408,823,4970,13099,3109,3768,3368,2091,977,2767,3568,6444,7292,8535,3118,2011,0.9266327014360212,0.04195246067894456,0.010675644049183574,0.017900756716534346,0.0028384371193163746,0.4587046405146393,0.34324085909230023,0.13567489393366577,0.04814541439381665,0.014234192065578098,0.9655538645856944,0.004721043940031732,0.0010750250947123012,0.02865006637956157,0.02317265055070805,0.09254756115005007,0.43999427835788874,0.32084108139035905,0.12344442855099413,0.5750421585160203,0.3412029229904441,0.0837549184935357,0.26785115655380487,0.09319477036540395,0.4770365403955749,0.16191753268521622,0.18181818181818182,0.8181818181818182,0.09532741285152861,0.13932271729699383,0.11280814576634512,0.11548767416934619,0.11851171336701884,0.0932348287653754,0.08644669014443934,0.10757668555096207,0.1312841320879906,0.009097636911141734,0.001046292043076609,0.16893788597968662,0.005205940897259225,0.01050119940795182,0.06341550553769203,0.16713877405195735,0.03966978002347777,0.04807839534527637,0.04297453172051243,0.02668044709845353,0.01246618690348594,0.0353059766243046,0.0455264635328944,0.08222324299494717,0.09304343387944675,0.1089036900934007,0.03978461695503496,4.525991577826987,0.693830671958131,-1.2777830920291118,-2.585250987292302,29.004059,-15.252338
Tendring,E07000076,138048,134667,131666,998,62,1941,1467,595,176,371,325,1275,323,34,111,367,440,434,239,134,61,205,47,158,54857,5846,5985,5465,6333,7729,7403,4939,4684,6473,53035,49451,25052,8048,2462,54857.0,676,28,3929,232,477,5353,9886,3981,2927,1241,1813,757,2271,2493,2690,5275,7976,2852,2011,0.9755085187760779,0.009235917941585535,0.0031438340287436254,0.01062673852573018,0.0014849907278627723,0.38417796708391283,0.35821598284654615,0.18147311080203987,0.058298562818729714,0.017834376448771443,0.9777154016945503,0.007410872745364491,0.0004603949000126237,0.014413330660072624,0.08705882352941176,0.28784313725490196,0.25333333333333335,0.02666666666666667,0.34509803921568627,0.5506912442396313,0.3087557603686636,0.14055299539170507,0.25289706884798907,0.11997273346966598,0.4055896387184731,0.22154055896387184,0.22926829268292684,0.7707317073170732,0.10656798585412983,0.10910184661939223,0.09962265526733143,0.11544561313961756,0.1408935960770731,0.13495087226789654,0.09003408863043914,0.08538563902510163,0.11799770311901854,0.012322948757679057,0.0005104179958801976,0.07162258235047488,0.0042291776801502085,0.008695335144101937,0.09758098328381064,0.1802140109739869,0.07257050148568095,0.053356909783619226,0.0226224547459759,0.033049565233242796,0.013799515102903915,0.04139854530871174,0.04544543084747617,0.04903658603277613,0.09615910458100152,0.145396211969302,0.051989718723225845,5.615309553707965,2.8747561049372576,-0.6927068213326478,0.3089987255390104,39.7736,-4.176548
Test Valley,E07000093,116398,111645,107743,537,153,3212,1494,378,246,565,305,2368,937,141,166,434,690,487,258,149,80,404,139,265,59611,7942,10859,7868,7445,6593,5098,4511,3702,5593,58222,40262,13530,3457,927,59611.0,897,42,5812,210,357,4436,9541,2439,2466,3007,3495,957,4063,2677,4611,5595,6245,2761,2011,0.9591659650509459,0.020343992164813827,0.0041839206859224385,0.012835272083712778,0.003470850014605062,0.5001975978968711,0.3458994140792797,0.11623911063763982,0.029699823021014107,0.007964054365195278,0.965049935062027,0.004809888485825608,0.0013704151551793631,0.02876976129696807,0.07010135135135136,0.18327702702702703,0.39569256756756754,0.05954391891891892,0.29138513513513514,0.5297741273100616,0.3059548254620123,0.16427104722792607,0.3781793842034806,0.1646586345381526,0.25301204819277107,0.20414993306559573,0.34405940594059403,0.655940594059406,0.13323044404556206,0.1821643656372146,0.13198906242136518,0.12489305665061817,0.11060039254500008,0.08552112865075238,0.07567395279394742,0.06210263206455185,0.09382496519098824,0.015047558336548623,0.0007045679488684975,0.09749878378151683,0.0035228397443424872,0.005988827565382228,0.07441579574239654,0.160054352384627,0.04091526731643488,0.04136820385499321,0.05044371005351361,0.058630118602271394,0.016054083977789336,0.06815856133935012,0.04490781902668971,0.07735149552934861,0.09385851604569627,0.10476254382580397,0.0463169549244267,2.9918719499073885,-2.186225810631338,2.565152357171028,-0.11299261076414352,24.784742,-1.3411583
Tewkesbury,E07000083,81943,79901,77010,480,305,2106,776,294,54,258,170,901,387,55,63,158,238,255,132,79,44,110,31,79,41544,4936,7028,5392,5959,4976,3514,3045,2840,3854,39036,29183,10213,2703,808,41544.0,611,56,5132,385,280,2988,6117,1333,2132,1465,2113,522,2656,1827,3640,3866,4582,1839,2011,0.9750802387025127,0.010995448055355551,0.0031119192609496845,0.009469997437242961,0.0013423965439390796,0.47637992262914464,0.3561378031070378,0.1246354173022711,0.032986344166066654,0.009860512795479785,0.963817724433987,0.00600743419982228,0.003817223814470407,0.026357617551720253,0.06992230854605994,0.1753607103218646,0.4295227524972253,0.06104328523862375,0.2641509433962264,0.5176470588235295,0.30980392156862746,0.17254901960784313,0.3324742268041237,0.06958762886597938,0.3788659793814433,0.2190721649484536,0.2818181818181818,0.7181818181818181,0.11881378779125747,0.16917003658771423,0.129790102060466,0.14343828230310032,0.11977662237627576,0.08458501829385712,0.07329578278451762,0.06836125553629886,0.09276911226651262,0.01470729828615444,0.0013479684190256115,0.1235316772578471,0.009267282880801078,0.006739842095128057,0.07192374350086655,0.14724147891392259,0.03208646254573464,0.05131908338147506,0.03526381667629501,0.05086173695359137,0.012564991334488735,0.06393221644521471,0.04397746967071057,0.08761794723666474,0.0930579626420181,0.11029270171384556,0.04426632004621606,3.8601870161967464,-1.4150909318278722,2.1983729233061386,-1.8299152355205368,27.2132,-0.19099467
Thanet,E07000114,134186,128194,121346,1026,187,5635,2186,720,329,598,539,2504,738,184,178,450,954,910,585,239,86,392,118,274,55200,5489,7794,5669,5717,7174,7447,5352,3970,6588,54640,47109,22377,7785,2275,55200.0,469,19,4120,343,356,5210,8950,2738,3200,1050,1537,731,2734,2517,2870,6533,9059,2764,2011,0.9553455651111145,0.01866066504702428,0.006781631466770006,0.016290820204790366,0.0029213181703009257,0.4071959816970474,0.3510723920528222,0.16676106300210156,0.05801648458110384,0.016954078666925016,0.9465809632276082,0.00800349470334025,0.0014587266174703965,0.0439568154515812,0.07108626198083066,0.17971246006389777,0.29472843450479236,0.07348242811501597,0.38099041533546324,0.6428571428571429,0.26263736263736265,0.0945054945054945,0.2735590118938701,0.1505032021957914,0.32936870997255263,0.2465690759377859,0.3010204081632653,0.6989795918367347,0.09943840579710145,0.14119565217391306,0.10269927536231883,0.10356884057971015,0.12996376811594204,0.13490942028985506,0.09695652173913044,0.07192028985507247,0.11934782608695652,0.008496376811594203,0.00034420289855072465,0.0746376811594203,0.006213768115942029,0.006449275362318841,0.0943840579710145,0.1621376811594203,0.04960144927536232,0.057971014492753624,0.019021739130434784,0.027844202898550725,0.013242753623188407,0.049528985507246374,0.04559782608695652,0.051992753623188406,0.11835144927536231,0.16411231884057972,0.05007246376811594,4.646553818908966,1.8272740416464628,-1.1078652769715398,1.5149420539065295,39.453278,-4.867666
Three Rivers,E07000102,87317,75294,69550,1747,79,3918,2002,516,181,775,530,7993,5231,605,158,590,1409,1610,864,598,148,418,128,290,43999,6612,9317,6639,5574,4319,3642,2634,2096,3166,44267,29873,9772,2672,733,43999.0,75,46,2241,136,301,3938,6658,2175,1681,2820,2416,799,4080,2300,2455,4482,4846,2550,2011,0.8623063091952312,0.09154002084359289,0.018438562937343243,0.0229279521742616,0.004787154849571103,0.5069688605884307,0.3421212364144439,0.11191406026317899,0.030601142961851645,0.00839469977209478,0.923712380800595,0.023202380003718756,0.0010492203894068586,0.05203601880627939,0.019767296384336296,0.07381458776429375,0.6544476416864756,0.07569122982609784,0.17627924433879644,0.5366459627329192,0.37142857142857144,0.09192546583850932,0.3871128871128871,0.09040959040959042,0.25774225774225773,0.2647352647352647,0.3062200956937799,0.69377990430622,0.15027614263960545,0.21175481260937748,0.15088979294983976,0.1266846973794859,0.09816132184822382,0.08277460851382985,0.059864996931748446,0.04763744630559785,0.07195618082229141,0.0017045841950953432,0.0010454783063251437,0.05093297574944885,0.0030909793404395552,0.00684106456964931,0.08950203413713947,0.1513216209459306,0.04943294165776495,0.038205413759403624,0.0640923657355849,0.054910338871337984,0.01815950362508239,0.09272938021318666,0.052273915316257184,0.05579672265278756,0.1018659514988977,0.1101388667924271,0.057955862633241664,1.918840289356024,-4.65526146406919,2.251175716668088,-1.6596080022287676,19.615232,-2.629345
Thurrock,E06000034,157705,135429,127587,1108,308,6426,3099,1056,670,683,690,5927,2234,534,682,828,1649,12323,9742,1336,1245,927,254,673,77420,7245,8731,8486,11476,9645,6392,7731,7988,9726,76012,54788,19389,5888,1628,77420.0,136,63,5677,506,922,7507,15458,7686,3256,2189,4873,999,3676,4077,3825,6122,7516,2932,2011,0.8587489299641736,0.037582828699153484,0.07813956437652579,0.019650613487207126,0.0058780634729399825,0.4819885228749881,0.34740813544275706,0.1229447385942107,0.037335531530389016,0.010323071557655116,0.942095119952152,0.00818140870862223,0.0022742544063679123,0.04744921693285781,0.11506664417074405,0.13969967943310274,0.3769191833980091,0.09009617006917496,0.27821832292896914,0.7905542481538587,0.1084151586464335,0.10103059319970786,0.22039367537915455,0.21619877379799934,0.34075508228460794,0.22265246853823814,0.2740021574973031,0.7259978425026968,0.09358047016274865,0.11277447687935933,0.10960991991733403,0.14823043141307155,0.12458021183156807,0.08256264531128907,0.09985791785068458,0.103177473521054,0.12562645311289072,0.0017566520278997676,0.0008137432188065099,0.07332730560578662,0.006535778868509429,0.01190906742443813,0.09696460862826144,0.19966416946525445,0.09927667269439422,0.04205631619736502,0.028274347713769053,0.06294239214673211,0.012903642469646086,0.04748127098940842,0.052660811159907,0.04940583828468096,0.07907517437354689,0.0970808576595195,0.0378713510720744,3.9953334709047605,-0.9257604247431327,-1.664914809853892,0.7577520192354134,20.439135,-10.432568
Tonbridge and Malling,E07000115,120805,115872,111662,760,350,3100,1677,474,199,667,337,2431,755,165,236,496,779,421,222,143,56,404,130,274,59993,7768,10283,8380,7652,6798,5229,4530,3544,5809,60306,41475,14263,3728,1033,59993.0,402,77,4070,247,635,5685,9643,2850,2408,2367,4286,871,4581,3137,3384,6153,6288,2909,2011,0.9591655974504366,0.020123339265758867,0.0034849550929183393,0.013881875750175904,0.0033442324407102356,0.4992011920036422,0.34332188237241834,0.11806630520259923,0.030859649848930092,0.008550970572410083,0.963666804750069,0.00655896161281414,0.00302057442695388,0.026753659210162938,0.09707939119703826,0.20403126285479226,0.31057178116001644,0.06787330316742081,0.3204442616207322,0.5273159144893111,0.33966745843230406,0.1330166270783848,0.3977340488968396,0.11866428145497913,0.2826475849731664,0.2009540846750149,0.3217821782178218,0.6782178217821783,0.1294817728735019,0.17140333038854533,0.13968296301235145,0.12754821395829513,0.11331321987565215,0.08716016868634674,0.07550880936109212,0.059073558581834544,0.0968279632623806,0.006700781757871752,0.0012834830730251864,0.06784124814561698,0.00411714700048339,0.01058456819962329,0.09476105545646993,0.1607354191322321,0.04750554231326988,0.04013801610187855,0.03945460303702099,0.0714416681946227,0.014518360475388795,0.07635890853932958,0.052289433767272846,0.05640658076775624,0.10256196556264897,0.10481222809327755,0.04848899038221126,3.3455531592826215,-2.3590153987954428,2.5198282641016125,-0.2772286773738509,24.129377,-0.77318686
Torbay,E06000027,130959,127699,124162,657,37,2843,1420,440,195,443,342,1353,403,79,99,261,511,251,140,73,38,236,100,136,56912,6758,7004,5799,5814,8077,7282,5379,3721,7078,54614,45098,21355,7625,2267,56912.0,331,61,3764,261,405,5116,10135,2216,5837,964,1133,954,2390,2257,3034,5024,9874,3156,2011,0.9751067127879718,0.01033147779075894,0.0019166303957727229,0.010843088294809827,0.0018020907306867035,0.41703128460052385,0.3443673210699532,0.16306630319412946,0.0582243297520598,0.017310761383333716,0.9723020540489745,0.005144911079961472,0.0002897438507740859,0.0222632910202899,0.07317073170731707,0.19290465631929046,0.29785661492978566,0.058388765705838876,0.37767923133776793,0.5577689243027888,0.2908366533864542,0.15139442231075698,0.31197183098591547,0.13732394366197184,0.30985915492957744,0.24084507042253522,0.423728813559322,0.576271186440678,0.11874472870396402,0.12306719145347203,0.10189415237559742,0.10215771717739668,0.14192086027551307,0.12795192578015183,0.09451433792521788,0.06538164183300534,0.12436744447568175,0.005815996626370537,0.001071830193983694,0.06613719426482992,0.004586027551307281,0.007116249648580264,0.08989316840033737,0.1780819510823728,0.038937306719145345,0.10256184987348889,0.01693843126229969,0.01990792802923812,0.01676272139443351,0.041994658420016866,0.03965771717739668,0.05331037391059882,0.08827663761596852,0.1734959235310655,0.055454034298566206,5.073817241694452,1.7740384649911054,-0.38195133891593464,1.644640590285823,40.463657,-4.9321966
Torfaen,W06000020,91075,89231,88209,307,155,560,603,237,103,138,125,977,172,64,80,208,453,169,47,88,34,95,14,81,40261,3178,5128,4293,4921,5378,4493,3781,4113,4976,39398,29619,14155,5965,1938,40261.0,115,30,5840,299,355,3536,6388,1631,1842,743,1203,855,1271,1617,3923,3571,5446,1596,2011,0.979752950864672,0.010727422454021411,0.0018556135053527313,0.006620916826791106,0.001043096349162778,0.43258852594015923,0.3252154817458139,0.15542135602525392,0.06549547076585233,0.02127916552292067,0.9885465813450482,0.003440508343512905,0.0017370644731091213,0.006275845838329728,0.08188331627430911,0.2128966223132037,0.17604912998976457,0.06550665301944729,0.46366427840327534,0.2781065088757396,0.5207100591715976,0.20118343195266272,0.22885572139303484,0.17081260364842454,0.39303482587064675,0.20729684908789386,0.14736842105263157,0.8526315789473684,0.07893494945480738,0.1273689178112814,0.10662924418171431,0.12222746578574799,0.13357840093390627,0.11159683067981421,0.09391222274657858,0.1021584163334244,0.12359355207272546,0.0028563622364074412,0.0007451379747149847,0.14505352574451702,0.007426541814659348,0.008817466034127319,0.0878269292864062,0.15866471274931074,0.04051066789200467,0.04575147164750006,0.018454583840441123,0.029880032786070886,0.021236432279377066,0.03156901219542485,0.040162936837137675,0.09743920916022951,0.08869625692357368,0.13526738034326022,0.03964134025483719,5.605071087246433,2.326276018420393,-1.0007608191727893,-0.6853938217141362,43.65105,-7.6939635
Torridge,E07000046,63839,63021,61985,211,54,771,429,141,53,125,110,271,39,3,17,126,86,51,11,34,6,67,31,36,29402,3047,3353,2410,2614,6360,3468,2256,2343,3551,27787,22242,9843,3128,839,29402.0,2190,43,3363,88,198,2927,4896,1042,1924,418,396,381,1390,1109,1126,2630,3912,1369,2011,0.9871865160795126,0.004245053963877881,0.0007988846943091214,0.00672003007565908,0.0010495151866413948,0.435266843152305,0.3484077131534015,0.15418474600166043,0.04899826125095944,0.013142436441673585,0.9835610352104854,0.0033480903190999827,0.0008568572380635027,0.01223401723235112,0.06273062730627306,0.46494464944649444,0.14391143911439114,0.01107011070110701,0.3173431734317343,0.21568627450980393,0.6666666666666666,0.11764705882352941,0.2913752913752914,0.12354312354312354,0.32867132867132864,0.2564102564102564,0.4626865671641791,0.5373134328358209,0.10363240595877832,0.11403986123392966,0.08196721311475409,0.08890551663152166,0.21631181552275355,0.11795115978504864,0.07672947418542957,0.07968845656758043,0.12077409700020407,0.07448472893000477,0.0014624855452010067,0.11437997415141828,0.002992993673899735,0.006734235766274403,0.09955105094891505,0.1665192844024216,0.035439766002312766,0.06543772532480784,0.01421671995102374,0.013468471532548806,0.012958302156315897,0.04727569553091626,0.03771852254948643,0.03829671450921706,0.08944969729950343,0.13305217332154276,0.04656145840419019,5.943669802730383,2.307539396573566,1.8619859932761744,-0.07247280682263448,37.553062,2.6331441
Tower Hamlets,E09000030,254096,114819,79231,3863,175,31550,10360,2837,1509,2961,3053,104501,6787,2442,81377,8109,5786,18629,9495,5341,3793,5787,2573,3214,120873,13279,31026,24655,11926,7246,7199,9518,4488,11536,128468,83209,27062,11228,4129,120873.0,35,112,2711,203,267,3731,12937,4468,11826,9784,18096,2044,16285,5882,4529,10961,9809,7193,2011,0.45187252062212707,0.4112658207921416,0.0733148101504943,0.040771991688180846,0.022774856747056232,0.5055884390151754,0.3274707197279768,0.10650305396385618,0.04418802342421762,0.016249763868774008,0.6900512981301005,0.033644257483517535,0.001524137991099034,0.274780306395283,0.7787198208629582,0.07759734356609027,0.0649467469210821,0.023368197433517382,0.055367891216351994,0.5096891942670031,0.2867035267593537,0.20360727897364325,0.28581081081081083,0.14565637065637066,0.27384169884169884,0.2946911196911197,0.4446172455503715,0.5553827544496285,0.10985910832030313,0.25668263383882256,0.2039744194319658,0.09866554151878418,0.05994721732727739,0.05955837945612337,0.07874380548178667,0.03712988012211164,0.09543901450282528,0.0002895601168168243,0.0009265923738138377,0.022428499334011733,0.0016794486775375808,0.002208930034002631,0.03086710845267347,0.10702969232169302,0.03696441719821631,0.09783822689930753,0.08094446236959453,0.1497108535404929,0.016910310822102537,0.13472818578177095,0.04866264591761601,0.03746907911609706,0.0906819554408346,0.0811512910244637,0.05950874057895477,-0.3828280767240158,-8.898868759917322,-4.321371785853618,2.181559071997838,9.409788,-0.8338417
Trafford,E08000009,226578,193834,182200,5098,40,6496,6031,2658,669,1535,1169,17973,6306,7027,457,2232,1951,6540,1807,3802,931,2200,1259,941,110912,12978,24907,15518,14288,9595,8814,9879,5754,9179,115496,71694,27549,9273,2566,110912.0,136,101,8163,657,677,7212,17093,5340,5098,5315,5791,1837,10177,6187,5333,11557,15137,5101,2011,0.8554846454642552,0.07932367661467574,0.028864232184942933,0.026617765184616334,0.009709680551509855,0.5097405749896283,0.31642083520906705,0.12158726796070228,0.04092630352461404,0.011325018315988313,0.9399795701476521,0.026300855371090726,0.00020636214492813438,0.03351321233632902,0.025427029433038446,0.12418627941912869,0.35085962276748456,0.390975351916764,0.10855171646358426,0.27629969418960243,0.5813455657492355,0.14235474006116208,0.2545183220029846,0.11092687779804344,0.44072293152047753,0.19383186867849445,0.5722727272727273,0.42772727272727273,0.11701168493941143,0.22456542123485285,0.13991272360069243,0.12882285054818235,0.08651002596653203,0.07946840738603578,0.08907061454125793,0.05187896710905943,0.08275930467397577,0.0012261973456433929,0.0009106318522792844,0.07359888920946336,0.00592361511829198,0.006103938257357184,0.06502452394691287,0.15411317080207732,0.0481462781304097,0.045964368147720716,0.04792087420657819,0.05221256491633006,0.016562680323139064,0.09175742931332949,0.05578296306982112,0.048083165031736874,0.10419972590882862,0.13647756780150028,0.0459914166185805,3.2818817353195593,-4.051009716130428,-0.6191985468163749,-2.0365650136226896,24.17624,-16.02372
Tunbridge Wells,E07000116,115049,109239,103115,880,322,4922,1893,414,222,787,470,2903,736,175,513,552,927,638,419,142,77,376,122,254,57234,8005,11764,8487,6302,6209,4756,4320,2393,4998,59156,38656,12788,3550,899,57234.0,716,63,2796,189,250,4452,8934,2002,2644,2953,5345,922,5460,2882,2146,5765,6790,2925,2011,0.9494997783553095,0.025232726925049326,0.005545463237403193,0.016453858790602266,0.003268172691635738,0.5141809142191588,0.33599596693582734,0.11115263931020695,0.030856417700284227,0.007814061834522682,0.9439394355495748,0.008055731011818123,0.002947665211142541,0.04505716822746455,0.17671374440234242,0.19014812263176026,0.25353083017568034,0.06028246641405443,0.3193248363761626,0.6567398119122257,0.2225705329153605,0.1206896551724138,0.4157422081352351,0.11727416798732171,0.21870047543581617,0.24828314844162705,0.324468085106383,0.675531914893617,0.13986441625607157,0.20554216025439423,0.1482859838557501,0.11010937554600413,0.10848446727469686,0.08309745955201454,0.07547961002201489,0.04181081175525037,0.08732571548380333,0.012510046475870985,0.0011007443128210504,0.04885208093091519,0.0033022329384631514,0.004368032987385121,0.07778593143935424,0.15609602683719467,0.034979208162980044,0.04619631687458504,0.05159520564699305,0.09338854527029389,0.016109305657476324,0.09539784044449104,0.05035468427857567,0.03749519516371388,0.10072684068910089,0.11863577593737988,0.05110598595240591,1.9815090415688068,-3.5108077235940414,2.930936548944958,1.377811815834303,21.929193,0.23006104
Uttlesford,E07000077,79443,76761,73325,622,122,2692,977,241,132,382,222,1122,284,40,186,202,410,417,197,159,61,166,40,126,40772,6301,7521,6094,4590,4786,3423,2480,2238,3339,41746,26483,8620,2067,527,40772.0,660,19,3513,80,224,3738,6118,2371,1554,1607,2340,645,3794,2060,2184,4277,3727,1861,2011,0.9662399456213889,0.014123333710962577,0.005249046486159889,0.012298125700187556,0.0020895484813010586,0.5254836801228554,0.33335850861624056,0.1085054693302116,0.026018654884634267,0.00663368704605818,0.955237685803989,0.008103073175180104,0.0015893487578327536,0.035069892262998136,0.1657754010695187,0.1800356506238859,0.2531194295900178,0.035650623885918005,0.36541889483065954,0.4724220623501199,0.381294964028777,0.14628297362110312,0.390992835209826,0.13510747185261002,0.24667349027635618,0.22722620266120777,0.24096385542168675,0.7590361445783133,0.15454233297360934,0.18446482880408124,0.14946531933679977,0.11257725890316884,0.11738447954478563,0.08395467477680761,0.06082605709800844,0.054890611203767294,0.08189443735897184,0.01618757971156676,0.0004660060826057098,0.08616207201020308,0.0019621308741293044,0.005493966447562052,0.09168056509369175,0.15005395859903856,0.05815265378200726,0.03811439222996174,0.0394143039340724,0.05739232806828216,0.01581968017266752,0.09305405670558227,0.05052487000882959,0.05356617286373001,0.10490042185813794,0.09141077209849897,0.045644069459432945,2.121377757801287,-3.1372951694236653,3.707894365062079,-0.3752833983588001,23.262167,0.67469966
Vale of Glamorgan,W06000014,126336,121838,119212,639,21,1966,1695,629,247,431,388,1967,566,216,121,454,610,489,165,252,72,347,174,173,58978,6581,10800,8288,7174,6463,6035,5194,3208,5235,60656,40486,17123,6191,1880,58978.0,402,80,4145,676,296,4424,8630,2811,3058,1575,2528,829,3477,2487,5747,6442,8567,2804,2011,0.9643965298885512,0.015569592198581561,0.003870630699088146,0.013416603343465046,0.002746643870314083,0.48011651469098277,0.32046289260385,0.13553539766970618,0.04900424265450861,0.01488095238095238,0.9784467899998358,0.00524466915083964,0.0001723600190416783,0.016136180830282836,0.061514997458057954,0.2308083375699034,0.28774783934926285,0.10981189628876462,0.3101169293340112,0.3374233128834356,0.5153374233128835,0.147239263803681,0.2542772861356932,0.1457227138643068,0.3710914454277286,0.22890855457227138,0.5014409221902018,0.49855907780979825,0.11158398046729288,0.18311912916680798,0.14052697616060225,0.12163857709654448,0.10958323442639628,0.10232629115941537,0.08806673674929635,0.05439316355251111,0.0887619112211333,0.006816100918986741,0.001356437993828207,0.07028044355522398,0.01146190104784835,0.005018820577164366,0.07501102105869985,0.14632574858421785,0.047661840008138626,0.05184984231408322,0.026704873003492828,0.042863440604971347,0.014056088711044796,0.05895418630675845,0.04216826613313439,0.09744311438163383,0.10922716945301637,0.14525755366407814,0.04754315168367866,4.453896814407525,-1.2551062306700838,0.7435527797904178,0.16991249473652192,29.07464,-8.016587
Vale of White Horse,E07000180,120988,114824,108599,956,109,5160,1574,377,180,621,396,2962,842,350,185,649,936,1230,828,246,156,398,149,249,63181,8057,14651,8954,6904,6923,5030,3943,3362,5357,62738,41117,13063,3163,907,63181.0,601,111,4803,457,484,4923,8635,1974,2520,4016,1356,878,6973,2628,4834,8667,6178,3143,2011,0.949052798624657,0.02448176678678877,0.010166297484048004,0.013009554666578504,0.0032895824379277285,0.5185472939465071,0.33984362085496084,0.10796938539359276,0.02614308857076735,0.007496611234171984,0.9457865951369052,0.008325785550059221,0.0009492788963979656,0.044938340416637634,0.062457798784604994,0.21910871033085752,0.28426738690074277,0.11816340310600945,0.31600270087778526,0.6731707317073171,0.2,0.12682926829268293,0.39453621346886913,0.11435832274459974,0.23951715374841168,0.25158831003811943,0.3743718592964824,0.6256281407035176,0.12752251468004622,0.23188933381871132,0.1417198208322122,0.10927335749671578,0.10957408081543502,0.0796125417451449,0.06240800240578655,0.053212199870214145,0.08478814833573384,0.009512353397382125,0.001756857283043953,0.07601968946360456,0.007233187192352131,0.007660530855795255,0.07791899463446289,0.13667083458634716,0.03124357006061949,0.03988540858802488,0.06356341305139203,0.0214621484306991,0.013896582833446764,0.11036545796995932,0.04159478324179738,0.07651034329940963,0.1371773159652427,0.09778256121302291,0.0497459679333977,2.371862469119627,-3.462015080535219,3.185612980716446,1.0286765339519424,21.26785,1.9631176
Wakefield,E08000036,325837,310957,302331,908,302,7416,2928,1087,368,894,579,8498,1540,4896,32,853,1177,2512,1955,326,231,942,382,560,151828,13859,18471,16178,16765,18414,14824,13378,16322,23617,139288,110920,50595,19507,5527,151828.0,540,690,17348,1462,1301,13083,30557,9138,7234,3147,5190,2072,5939,7297,9214,12584,19139,5893,2011,0.954332994718218,0.026080524925039206,0.007709376160472874,0.008986088136092587,0.002891016060177328,0.4274775424522077,0.34041560657629427,0.15527702501557528,0.05986735699137913,0.01696246896454362,0.9722598301372859,0.0029200178802856985,0.0009711953742800451,0.023848956608148394,0.0037655919039774064,0.10037655919039774,0.1812191103789127,0.5761355613085432,0.138503177218169,0.7782643312101911,0.12977707006369427,0.09195859872611464,0.305327868852459,0.12568306010928962,0.3712431693989071,0.19774590163934427,0.40552016985138006,0.5944798301486199,0.09128092314988012,0.12165740179677002,0.10655478567853097,0.11042100271359696,0.1212819769739442,0.09763679953631742,0.08811286455726217,0.10750322733619622,0.15555101825750192,0.003556656216244698,0.004544616276312669,0.11426087414706115,0.009629317385462497,0.008568906920989541,0.08616987643912849,0.20126063703664673,0.06018652685934083,0.04764602049687804,0.020727402060226045,0.03418341807835182,0.013647021629738914,0.039116631978291225,0.048060963722106595,0.06068709328977527,0.08288326263930237,0.12605711726427274,0.03881365755987038,5.399977920731056,1.7669574483587336,-2.382452556871085,1.056048990323663,37.837837,-15.383102
Walsall,E08000030,269323,212469,207238,1181,287,3763,7224,4312,321,1754,837,41022,16502,14289,5194,993,4044,6369,1999,3197,1173,2239,222,2017,112270,10174,14172,11072,13100,15368,11095,10480,12165,14644,113525,94650,41653,14968,4527,112270.0,126,61,16284,554,1275,9783,21624,6714,5228,1941,3457,1633,3997,5060,5292,10827,13980,4434,2011,0.7889003167200722,0.15231524971873922,0.023648184521930914,0.026822811271224514,0.008313437768033179,0.4215198850450946,0.3514367506674142,0.1546581613898553,0.055576389688218236,0.016808813209417687,0.9753799377791583,0.005558457939746504,0.0013507852910306915,0.017710818990064433,0.12661498708010335,0.024206523328945444,0.40227195163570767,0.3483252888693872,0.09858124908585637,0.31386402888993564,0.5019626314963103,0.18417333961375412,0.2428017718715393,0.04443521594684385,0.5968992248062015,0.11586378737541528,0.09915140687807057,0.9008485931219294,0.0906208247973635,0.12623140643092545,0.09861939966153024,0.11668299634808943,0.13688429678453728,0.09882426293756123,0.09334639707847155,0.10835485882248151,0.13043555713903981,0.0011222944686915472,0.0005433330364300348,0.14504319942994567,0.00493453282265966,0.011356551171283513,0.08713814910483655,0.19260710786496837,0.0598022624031353,0.046566313351741336,0.017288679077224547,0.03079184109735459,0.014545292598200766,0.035601674534604076,0.04506992072681928,0.04713636768504498,0.09643716041685223,0.12452124343101452,0.03949407677919302,5.104906132663089,1.5297157997673232,-3.1749827438744402,-5.341258736436026,30.157465,-16.72771
Waltham Forest,E09000031,258249,134799,92999,3959,369,37472,13766,4568,2403,2602,4193,54389,9134,26347,4632,2579,11697,44791,18815,18841,7135,10504,3776,6728,121021,10590,21634,15236,14957,13762,10438,10300,7995,16109,121652,91954,31133,10053,3457,121021.0,70,51,4216,244,622,11547,16551,6647,9290,5861,5728,2290,8280,8185,6632,13508,13666,7633,2011,0.5219729795662326,0.21060681745137444,0.17344113626771063,0.053305143485550766,0.040673923229131576,0.47106474758856764,0.35606720645578493,0.12055419382069243,0.03892754667007423,0.013386305464880793,0.689908678847766,0.029369654077552505,0.002737409031224267,0.2779842580434573,0.08516427954181911,0.047417676368383316,0.1679383698909706,0.4844178050708783,0.21506186912794867,0.4200620660400527,0.42064253979594113,0.15929539416400615,0.18901641725991575,0.17456051140491066,0.3318320499782072,0.3045910213569664,0.3594821020563595,0.6405178979436406,0.08750547425653399,0.17876236355673808,0.12589550573867345,0.12359012072284975,0.11371580138984143,0.08624949388949026,0.08510919592467422,0.06606291470075441,0.1331091298204444,0.0005784120111385628,0.0004214144652580957,0.034836929128002576,0.0020161790102544187,0.0051396038704026575,0.09541319275167119,0.13676138851934788,0.054924351971971805,0.07676353690681782,0.0484296113897588,0.04733062856859553,0.018922335792961553,0.06841787788896142,0.06763289015955909,0.05480040654101354,0.1116169920922815,0.11292255063170854,0.06307169830029499,1.5271229087373557,-5.452161688415059,-5.673080636463346,-0.9587021539522582,12.013892,-5.637061
Wandsworth,E09000032,306995,219216,163739,7664,163,47650,15241,4642,2034,3887,4678,33338,8642,9718,1493,3715,9770,32756,14818,12297,5641,6444,2350,4094,178582,25675,51734,39143,17899,9291,10838,9133,4317,10552,176198,91935,27299,8749,2814,178582.0,77,497,4131,533,319,7443,18182,5402,9854,16301,19244,4428,30051,10225,7782,14792,17344,11977,2011,0.714070261730647,0.10859460251795632,0.10669880616948159,0.049645759702926756,0.020990569878988258,0.5739442010456196,0.29946741803612437,0.08892327236599945,0.028498835485919968,0.009166273066336585,0.7469299686154295,0.034960951755346324,0.0007435588643164733,0.21736552076490767,0.044783730277761113,0.11143439918411423,0.2592237086807847,0.2914991901133841,0.29305897174395584,0.45237513737941143,0.37541213823421665,0.17221272438637197,0.2550357588084771,0.13345580998622136,0.30457319073551603,0.30693524046978543,0.3646803227808814,0.6353196772191185,0.1437714887278673,0.2896932501595906,0.21918782408081441,0.10022846647478469,0.05202652003001422,0.06068920719893382,0.0511417724070735,0.024173768912880356,0.05908770200804112,0.0004311744744711113,0.0027830352443135365,0.02313223057195014,0.00298462331030003,0.0017862942513803184,0.04167833264270755,0.10181317266017852,0.03024940923497329,0.055179133395303,0.09128019621238423,0.10776002060678008,0.024795332116338713,0.16827563808222554,0.057256610408663804,0.043576620264080365,0.08283029644645037,0.09712065045749292,0.0670672296200065,-0.9315105201626238,-10.216078499210688,0.4816009876178606,-0.02581401039786033,11.772143,-0.42442733
Warrington,E06000007,202228,193992,187968,1357,66,4601,2144,654,357,663,470,4911,1803,1179,152,849,928,694,389,214,91,487,237,250,100856,11178,18256,13081,11716,9610,8628,9885,6872,11630,100734,66223,24446,8466,2359,100856.0,248,85,8815,918,1856,7262,17648,6163,4744,5124,3332,1215,6825,5235,5691,8663,12627,4405,2011,0.9592736910813537,0.02428447099313646,0.0034317700812943807,0.010601894890915205,0.0024081729533002353,0.49812093280851316,0.32746701742587575,0.12088335937654529,0.041863639060862,0.011665051328203809,0.9689471730793022,0.006995133819951338,0.0003402202152666089,0.023717472885479814,0.030950926491549582,0.17287721441661577,0.36713500305436775,0.24007330482590103,0.18896355121156588,0.5605187319884726,0.30835734870317005,0.13112391930835735,0.30923507462686567,0.16651119402985073,0.3050373134328358,0.21921641791044777,0.486652977412731,0.5133470225872689,0.11083128420718648,0.1810105496946141,0.1296997699690648,0.11616562227334021,0.09528436582850797,0.08554771158879987,0.09801102562068692,0.06813674942492266,0.11531292139287698,0.0024589513762195607,0.0008427857539462203,0.08740184024748156,0.00910208614261918,0.01840247481557865,0.07200364876655826,0.17498215277226936,0.06110692472435948,0.04703736019671611,0.05080510827318157,0.033037201554691836,0.012046878718172444,0.06767073847862298,0.05190568731657016,0.056426985008328705,0.08589474101689537,0.12519830253034028,0.04367613230744824,4.349671826522345,-1.7331556751504453,0.2025284021770322,0.6581461076409194,29.727354,-5.809434
Warwick,E07000222,137648,122715,114739,2146,41,5789,2803,861,233,1070,639,9945,6745,480,69,1155,1496,973,474,389,110,1212,231,981,69608,8905,17365,9869,7464,6145,5472,4939,3168,6281,69660,46720,15719,4275,1274,69608.0,339,31,7205,1057,445,3762,10306,2211,3743,3896,1999,923,6705,3005,3407,8639,8339,3596,2011,0.8915131349529234,0.07224950598628385,0.007068755085435314,0.020363535975822387,0.008805067999535046,0.5060734627455539,0.33941648262234103,0.1141970824131117,0.03105747994885505,0.009255492270138324,0.9350038707574461,0.017487674693395266,0.00033410748482255633,0.04717434706433606,0.0069381598793363496,0.11613876319758673,0.6782302664655606,0.048265460030165915,0.15042735042735042,0.48715313463514903,0.3997944501541624,0.1130524152106886,0.3817338565822333,0.08312522297538352,0.3071708883339279,0.22797003210845523,0.1905940594059406,0.8094059405940595,0.1279306976209631,0.24946845190208022,0.14177968049649464,0.107229054131709,0.0882800827491093,0.07861165383289277,0.07095448798988623,0.045512010113780026,0.0902338811630847,0.00487012987012987,0.00044535110906792323,0.10350821744627055,0.015185036202735317,0.006392943339845995,0.05404551201011378,0.1480576945178715,0.03176359039190898,0.053772554878749566,0.0559705780944719,0.028717963452476725,0.013259970118377198,0.0963251350419492,0.04317032524997127,0.048945523503045624,0.12410929778186415,0.11979944833927135,0.051660728651879095,2.2510839815696233,-3.690772689866691,2.0575710723422906,-2.453119174729274,24.458279,-6.826203
Watford,E07000103,90301,64946,55875,2063,61,6947,3104,990,412,939,763,16170,4923,6082,362,822,3981,5229,3142,1558,529,852,294,558,47634,5038,9467,6925,5610,4775,4234,3991,2770,4824,45200,31453,9911,2931,806,47634.0,36,25,2607,132,292,3626,8208,2930,2397,3034,2196,694,3485,2722,2350,4391,5870,2639,2011,0.7192168414524757,0.17906778440991794,0.057906335478012425,0.03437392719903434,0.009435111460559684,0.5005481666869691,0.3483128647523283,0.10975515221315378,0.03245811231326342,0.008925704034285335,0.8603301204077234,0.03176485079912543,0.0009392418316755459,0.10696578696147568,0.022387136672850957,0.05083487940630798,0.3044526901669759,0.37612863327149043,0.24619666048237476,0.6008797093134443,0.29795371964046663,0.10116657104608912,0.3025128865979381,0.1327319587628866,0.31894329896907214,0.24581185567010308,0.34507042253521125,0.6549295774647887,0.10576478985598523,0.19874459419742202,0.14537935088382248,0.11777301927194861,0.10024352353361045,0.08888608976781291,0.08378469160683545,0.05815174035352899,0.10127220052903388,0.0007557626905151782,0.0005248352017466516,0.05472981483814082,0.0027711298652223202,0.00613007515640089,0.07612209766133433,0.17231389343746065,0.06151068564470756,0.05032119914346895,0.06369400008397363,0.046101524121425874,0.014569425200487048,0.07316202712348323,0.05714405676617542,0.049334508964185245,0.09218205483478188,0.12323130537011379,0.055401603896376536,1.842807248538619,-4.421509228475687,-1.4531666565953953,-0.7214105508909371,16.243176,-5.0629654
Waverley,E07000216,121572,116717,110190,1032,167,5328,1623,332,168,746,377,2283,533,246,169,623,712,538,353,147,38,411,162,249,59178,9368,14132,8980,6161,6134,4920,3541,1887,4055,65068,39777,12768,3078,881,59178.0,340,141,3072,206,222,4376,8105,1917,2508,4438,3241,1008,6998,3131,2639,7212,6058,3566,2011,0.9600648175566743,0.018778995163359985,0.004425361102885533,0.013350113512979963,0.003380712664100286,0.535221926101405,0.32718882637449415,0.10502418320007896,0.025318329878590465,0.007246734445431514,0.9440784118851581,0.008841899637584928,0.0014308112785626772,0.04564887719869428,0.07402540516863776,0.2728865527814279,0.23346473937801138,0.10775295663600526,0.3118703460359177,0.6561338289962825,0.2732342007434944,0.07063197026022305,0.4596426370918053,0.10351201478743069,0.20455945779420825,0.23228589032655575,0.39416058394160586,0.6058394160583942,0.15830207171584035,0.23880496130318699,0.15174558112812195,0.10410963533745649,0.10365338470377505,0.08313900435972828,0.0598364256987394,0.031886849842847,0.06852208591030451,0.005745378350062523,0.002382642198114164,0.05191118320997668,0.0034810233532731757,0.003751394099158471,0.07394639899962824,0.13695968096251984,0.03239379499138193,0.04238061441752002,0.07499408563993376,0.054766974213390114,0.017033356990773598,0.11825340498158099,0.05290817533542871,0.04459427489945588,0.12186961370779682,0.1023691236608199,0.06025887998918517,1.7756376242390708,-4.5428119987464886,4.299966829746877,1.6050776667874684,19.668966,2.0640457
Wealden,E07000065,148915,145173,139745,933,368,4127,1428,326,182,562,358,1719,459,52,217,411,580,343,215,110,18,252,79,173,71084,9961,12168,9574,8112,10005,7137,4898,3320,5909,70867,52009,19408,5198,1433,71084.0,1120,52,4403,246,452,7232,11175,2668,3423,2460,3637,1137,5501,3467,3310,7026,9538,4237,2011,0.9748715710304536,0.011543497968639828,0.00230332740153779,0.009589363059463452,0.0016922405399053151,0.47588892992646814,0.3492529295235537,0.13032938253366014,0.034905818755665986,0.009622939260652049,0.9626101272275147,0.006426814903597777,0.0025349066286430673,0.0284281512402444,0.12623618382780685,0.23909249563699825,0.2670157068062827,0.030250145433391506,0.33740546829552065,0.6268221574344023,0.3206997084548105,0.052478134110787174,0.39355742296918766,0.12745098039215685,0.22829131652661064,0.2507002801120448,0.3134920634920635,0.6865079365079365,0.14012998705756569,0.1711777615215801,0.13468572393224917,0.1141185076810534,0.14074897304597378,0.10040234089246525,0.0689043948005177,0.046705306398064264,0.08312700467053064,0.015756006977660234,0.000731528895391368,0.06194080243092679,0.003460694389736087,0.006358674244555737,0.10173878791289179,0.15720837319227957,0.037533059478926344,0.048154296325474084,0.03460694389736087,0.051164819087277026,0.01599516065499972,0.07738731641438298,0.048773282313882164,0.046564627764335155,0.09884080805807215,0.13417928085082437,0.05960553711102358,3.1636589034808784,-1.5481797535138702,2.995667325336926,1.1551823259504859,30.233482,-1.9511262
Welwyn Hatfield,E07000241,110535,92936,84557,1711,155,6513,2797,859,425,819,694,8704,3526,734,465,1914,2065,4989,3931,719,339,1109,566,543,52981,6009,9960,7182,6297,5224,4601,5336,2829,5543,56252,37488,12427,3431,937,52981.0,131,43,3552,145,459,3857,10935,2431,2454,2835,2233,750,4033,2824,2537,5173,5899,2690,2011,0.8407834622517755,0.07874428913918669,0.045135025105170305,0.025304202288867778,0.010033021214999775,0.5089066811417198,0.339150495318225,0.11242592843895599,0.031039942099787398,0.008476953001311802,0.9098411810278041,0.018410519066884738,0.0016678144099165017,0.07008048549539468,0.053423713235294115,0.21989889705882354,0.40510110294117646,0.08432904411764706,0.23724724264705882,0.7879334535979154,0.14411705752655843,0.06794948887552615,0.2928137289953522,0.1519485162674294,0.307114765820522,0.24812298891669646,0.5103697024346258,0.4896302975653742,0.11341801777995886,0.18799192163228326,0.13555803023725488,0.11885392876691644,0.09860138540231404,0.08684245295483287,0.10071535078613088,0.05339650063230215,0.10462241180800665,0.0024725845114286255,0.0008116117098582511,0.06704290217247692,0.0027368301844057303,0.008663483135463657,0.07279968290519243,0.20639474528604593,0.04588437364338159,0.04631849153470112,0.05350974877786376,0.04214718483984825,0.014156018195202054,0.07612162850833318,0.05330212717766747,0.04788509088163681,0.0976387761650403,0.11134180177799588,0.05077291859345803,2.486102774440869,-3.4516672135730295,-0.21795242632477946,1.7696563285220708,19.373184,-5.923555
West Berkshire,E06000037,153822,145854,139044,1284,164,5362,2420,776,262,831,551,3808,1675,473,225,659,776,1376,701,514,161,364,139,225,81679,10688,16533,11596,9536,9129,7166,5953,4198,6880,79432,53069,16456,3818,1047,81679.0,762,136,6414,557,754,6317,12911,3012,3607,8668,2878,1286,6774,4107,4641,7889,6794,4172,2011,0.9481998673791785,0.02475588667420785,0.008945404428495275,0.015732469997789652,0.0023663715203286915,0.5163890730844742,0.3450026654184707,0.10698079598496964,0.024820896880810288,0.00680656863127511,0.953309473857419,0.008803323871817023,0.001124412083316193,0.03676279018744772,0.05908613445378151,0.17305672268907563,0.43986344537815125,0.12421218487394958,0.20378151260504201,0.5094476744186046,0.373546511627907,0.11700581395348837,0.3433884297520661,0.10826446280991736,0.32066115702479336,0.22768595041322315,0.38186813186813184,0.6181318681318682,0.13085370780739236,0.20241432926456004,0.14197039630749642,0.11674971534911054,0.111766794402478,0.08773368919795786,0.07288287075013161,0.05139631973946792,0.08423217718140526,0.00932920334480099,0.0016650546652138248,0.07852691634324613,0.0068193782979713265,0.009231258952729587,0.07733934058938038,0.15807000575423302,0.03687606361488265,0.044160677775193134,0.10612274880936348,0.03523549504768667,0.015744561025477784,0.08293441398645919,0.05028220227965573,0.05681999045042177,0.09658541363141077,0.0831792749666377,0.05107800046523586,3.0823056388486667,-3.594624510760501,2.6145545258570624,-1.020174615639101,21.694382,-1.8572083
West Devon,E07000047,53553,52730,51603,233,21,873,402,126,56,130,90,300,57,4,17,93,129,59,26,23,10,62,27,35,25241,3043,4337,2640,2329,4375,2515,1629,1637,2736,24556,18599,7646,2120,632,25241.0,1462,68,2102,99,227,2053,3684,938,1979,577,406,380,1432,925,1557,2649,3463,1240,2011,0.9846320467574179,0.005601927062909641,0.0011017123223722293,0.007506582264298919,0.0011577315930013257,0.4585364031893638,0.34730080481018805,0.14277444774335704,0.039586951244561464,0.011801393012529644,0.9786269675706429,0.004418736961881282,0.000398255262658828,0.01655604020481699,0.056666666666666664,0.31,0.19,0.013333333333333334,0.43,0.4406779661016949,0.3898305084745763,0.1694915254237288,0.32338308457711445,0.13930348258706468,0.31343283582089554,0.22388059701492538,0.43548387096774194,0.5645161290322581,0.12055782259023018,0.17182362030030507,0.10459173566815895,0.09227051226179628,0.17332910740461946,0.09963947545659839,0.06453785507705717,0.06485479973059705,0.10839507151063746,0.05792163543441227,0.0026940295550889424,0.08327720771760232,0.003922190087555961,0.00899330454419397,0.08133592171467058,0.1459530129551127,0.037161760627550416,0.07840418366942672,0.02285963313656353,0.016084941167148686,0.015054871043144092,0.05673309298363773,0.03664672556554811,0.061685353195198286,0.1049482984033913,0.13719741690107365,0.049126421298680716,4.8045054447561295,0.32700498019046953,2.6577520454398407,0.6957567090802875,36.7353,1.7723533
West Lancashire,E07000127,110685,108603,105775,584,8,2236,866,266,140,248,212,913,411,85,13,190,214,174,115,48,11,129,63,66,51694,5751,8787,5469,5824,6071,5300,3897,4268,6327,52675,36226,14800,5380,1604,51694.0,1394,49,5450,123,449,3801,8782,2672,2538,1174,1885,548,2549,2148,2843,5923,7118,2248,2011,0.9811898631250847,0.008248633509508966,0.0015720287301802412,0.00782400505940281,0.0011654695758232822,0.4759000767945069,0.32728915390522656,0.13371278854406649,0.04860640556534309,0.014491575190856936,0.9739602036776148,0.005377383681850409,7.366279016233437e-05,0.020588749850372456,0.014238773274917854,0.20810514786418402,0.45016429353778753,0.09309967141292443,0.2343921139101862,0.6609195402298851,0.27586206896551724,0.06321839080459771,0.2863741339491917,0.16166281755196305,0.3071593533487298,0.24480369515011546,0.4883720930232558,0.5116279069767442,0.11125082214570356,0.16998104228730607,0.10579564359500135,0.11266297829535342,0.11744109567841529,0.10252640538553798,0.075385924865555,0.08256277324254266,0.12239331450458467,0.02696637907687546,0.0009478856346964832,0.1054280961039966,0.00237938638913607,0.008685727550586142,0.07352884280574148,0.16988431926335745,0.05168878399814292,0.049096606956319885,0.022710566023136147,0.03646458002863002,0.010600843424768832,0.04930939760900685,0.04155221108832746,0.05499671141718575,0.11457809416953611,0.13769489689325648,0.04348667156729988,4.098550702781961,0.056273606256743346,0.4000509865291334,1.4118197150747767,36.425797,-8.6636095
West Lindsey,E07000142,89250,87600,85977,411,161,1051,630,222,58,205,145,728,370,64,0,130,164,224,127,74,23,68,38,30,41968,4997,6610,4669,4436,5819,4425,3055,3523,4434,39293,32075,13100,3790,992,41968.0,1724,126,4686,452,472,3555,6608,1932,1735,673,647,479,2000,1493,3186,4531,5916,1753,2011,0.9815126050420168,0.00815686274509804,0.0025098039215686275,0.007058823529411765,0.0007619047619047619,0.44025770308123247,0.35938375350140056,0.14677871148459384,0.04246498599439776,0.01111484593837535,0.981472602739726,0.0046917808219178085,0.0018378995433789955,0.011997716894977169,0.0,0.17857142857142858,0.5082417582417582,0.08791208791208792,0.22527472527472528,0.5669642857142857,0.33035714285714285,0.10267857142857142,0.3253968253968254,0.09206349206349207,0.3523809523809524,0.23015873015873015,0.5588235294117647,0.4411764705882353,0.11906690812047274,0.15750095310712925,0.11125142966069386,0.10569958063286314,0.138653259626382,0.10543747617232177,0.07279355699580634,0.08394491040792985,0.10565192527640106,0.041078917270301184,0.0030022874571101793,0.11165650019062143,0.010770110560426992,0.011246664125047654,0.08470739611132291,0.1574532977506672,0.04603507434235608,0.041341021730842545,0.016036027449485322,0.01541650781547846,0.011413457872664888,0.04765535646206634,0.03557472359893252,0.07591498284407168,0.10796321006481129,0.14096454441479223,0.04176991993900114,5.253030289055363,0.4024114972801048,1.3985075385055445,-0.34083394386685306,34.588825,-2.245672
West Northamptonshire,E06000062,375101,336933,314924,4011,214,17784,8823,3819,1241,1947,1816,16063,6471,1789,3474,2005,2324,11598,6837,3298,1463,1684,579,1105,192068,22933,30345,23793,23601,21238,17106,14496,13834,24722,179280,134488,45306,12478,3549,192068.0,1674,85,20051,978,1199,14286,34991,12751,8672,6870,9257,2082,11134,9781,9222,17904,21951,9180,2011,0.8982460723911693,0.04282313296952021,0.030919672301593436,0.023521664831605355,0.004489457506111687,0.47795127179079766,0.3585381004049576,0.12078346898568652,0.033265707102886954,0.009461451715671245,0.9346784078733754,0.011904443910213603,0.0006351411111407906,0.05278200710527019,0.2162734233953807,0.12482101724459939,0.40285127311212104,0.11137396501276225,0.14468032123513666,0.5894981893429901,0.2843593723055699,0.1261424383514399,0.22067324039442365,0.14065510597302505,0.4328459707582455,0.2058256828743058,0.34382422802850354,0.6561757719714965,0.11940042068434097,0.1579909198825416,0.12387800154112086,0.1228783555823979,0.1105754212049899,0.08906220713497304,0.0754732698835829,0.07202657392173605,0.1287148301643168,0.00871566320261574,0.00044255159630964035,0.10439531832475998,0.0050919466022450385,0.006242580752650103,0.07437990711622967,0.1821802694878897,0.0663879459358144,0.04515067580232001,0.035768581960555636,0.048196472082804004,0.010839910864902014,0.05796905262719453,0.05092467251181873,0.0480142449549118,0.0932169856509153,0.11428764812462253,0.04779557240144116,3.2477899190918147,-1.63649218258441,-0.5606817784219514,-1.2587246999938142,23.793898,-12.432311
West Oxfordshire,E07000181,104779,101469,96995,708,182,3584,1263,320,136,473,334,1424,354,95,152,310,513,437,270,109,58,186,53,133,56515,7384,10416,8344,6036,7307,4998,3666,3381,4983,53984,35438,11685,2942,730,56515.0,750,89,5130,199,369,4565,8493,1825,2559,2970,1263,893,4497,2308,5186,6644,5689,3086,2011,0.9684097004170683,0.013590509548669104,0.004170683056719381,0.012053942106719858,0.001775164870823352,0.5152177440135906,0.33821662737762337,0.11152043825575736,0.028078145429904847,0.006967044923123908,0.9559077156569987,0.006977500517399403,0.0017936512629473042,0.0353211325626546,0.10674157303370786,0.21769662921348315,0.24859550561797752,0.06671348314606741,0.36025280898876405,0.6178489702517163,0.2494279176201373,0.13272311212814644,0.3745051464766429,0.10768012668250197,0.25336500395882816,0.2644497228820269,0.2849462365591398,0.7150537634408602,0.1306555781650889,0.18430505175617093,0.1476422188799434,0.10680350349464744,0.1292931080244183,0.08843669822171105,0.06486773422985048,0.059824825267628064,0.08817128196054146,0.01327081305848005,0.0015748031496062992,0.09077236132000353,0.00352118906485004,0.006529240024772185,0.08077501548261523,0.1502786870742281,0.03229231177563479,0.045280014155533926,0.052552419711581,0.022348049190480404,0.015801114748296912,0.07957179509864638,0.04083871538529594,0.09176324869503671,0.11756170928072193,0.100663540652924,0.054604972131292576,2.5180978863401666,-2.540417676880631,3.306192773345827,0.605623354533738,22.607773,1.8462971
West Suffolk,E07000245,170756,161522,147381,1311,186,12644,3148,679,496,822,1151,3087,899,258,222,403,1305,2198,825,432,941,801,86,715,88023,9502,11521,12889,9105,11402,9435,6297,7506,10366,81282,60850,21316,5730,1578,88023.0,1678,42,10562,340,563,6752,13682,4064,4444,2111,1868,1101,4912,3967,6309,6630,10258,8740,2011,0.9459228372648691,0.018078427698001828,0.012872168474314227,0.01843566258286678,0.004690903979947996,0.47601255592775654,0.356356438426761,0.12483309517674342,0.03355665393895383,0.009241256529785191,0.9124515545869912,0.008116541399933137,0.0011515459194413144,0.0782803580936343,0.07191448007774538,0.13054745707806933,0.29122125040492386,0.08357628765792031,0.4227405247813411,0.37534121929026387,0.19654231119199272,0.4281164695177434,0.2611181702668361,0.15756035578144853,0.2156925031766201,0.3656289707750953,0.10736579275905118,0.8926342072409488,0.1079490587687309,0.130886245640344,0.14642763823091692,0.1034388739306772,0.12953432625563774,0.10718789407313997,0.07153812071844859,0.08527316724038035,0.11776467514172433,0.019063199391068243,0.00047714801813162467,0.11999136589300524,0.0038626268134464856,0.006396055576383446,0.07670722424820786,0.15543664723992592,0.04616975108778387,0.05048680458516524,0.023982368244663328,0.021221726139758926,0.01250809447530759,0.05580359678720334,0.045067766379241786,0.07167444872362905,0.07532122286220647,0.11653772309510015,0.09929223043977142,2.5319003494766235,-0.9211649686186559,1.4032522987524687,-0.6906245129905269,31.469059,5.1199203
Westminster,E09000033,219396,135330,77334,4960,76,52960,11395,1869,1927,3584,4015,31862,7213,2328,6299,5917,10105,16472,9141,4449,2882,24337,15724,8613,111179,22143,29593,25137,9684,4255,6036,5303,2183,6845,118808,65807,22027,9263,3491,111179.0,77,466,2440,343,206,3210,10977,2875,7269,8995,18921,3322,18640,4801,4498,7007,8053,9079,2011,0.6168298419296614,0.14522598406534304,0.07507885285055334,0.05193804809568087,0.11092727305876132,0.5415230906671042,0.29994621597476706,0.10039836642418276,0.04222045980783606,0.015911867126109865,0.5714475726003103,0.03665114904307988,0.0005615901869504175,0.39133968816965936,0.19769631535998997,0.18570711192015568,0.22638252463749922,0.07306509321448748,0.3171489548678677,0.5549417192812045,0.27009470616804276,0.1749635745507528,0.3145239139973673,0.16910925844668714,0.1640193067134708,0.3523475208424748,0.6460944241278711,0.35390557587212884,0.1991653099955927,0.26617436746148104,0.22609485604295776,0.08710278020129701,0.038271616042597975,0.054290828303906316,0.047697856609611525,0.01963500301315896,0.061567382329396736,0.0006925768355534769,0.004191439030752211,0.021946590633123163,0.003085114994738215,0.0018528678977144965,0.02887235898865793,0.09873267433598072,0.025859200028782413,0.06538105217711979,0.08090556669874707,0.17018501695464072,0.029879743476735714,0.1676575612300884,0.04318261542197717,0.04045728060155245,0.06302449203536639,0.07243274359366426,0.08166110506480541,-1.9172445551486295,-12.268174128597577,-1.4087647239762695,3.915032611832096,10.6818905,0.70853287
Westmorland and Furness,E06000064,225309,221901,217171,716,90,3924,1204,348,147,431,278,1712,401,94,145,529,543,275,171,81,23,217,87,130,110390,12484,16582,10713,10383,18951,10809,9181,8024,13263,102209,78060,32210,10118,2712,110390.0,3836,499,13021,828,744,9527,18104,4243,11213,1832,1753,1283,5025,3972,5409,10488,13198,5415,2011,0.9848741062274476,0.0075984536791694965,0.001220546005707717,0.005343772330443968,0.0009631217572311803,0.45363922435410925,0.34645753165652504,0.14295922488671114,0.04490721631182065,0.012036802790833922,0.9786841879937449,0.0032266641430187338,0.0004055862749604553,0.017683561588275852,0.084696261682243,0.30899532710280375,0.23422897196261683,0.054906542056074766,0.3171728971962617,0.6218181818181818,0.29454545454545455,0.08363636363636363,0.3579734219269103,0.12209302325581395,0.28903654485049834,0.23089700996677742,0.4009216589861751,0.5990783410138248,0.11308995380016305,0.15021288160159435,0.09704683395235075,0.09405743273847268,0.171673158800616,0.09791647794184256,0.08316876528671076,0.0726877434550231,0.12014675242322674,0.03474952441344325,0.004520336987045928,0.11795452486638282,0.00750067940936679,0.006739740918561464,0.08630310716550413,0.1640003623516623,0.0384364525772262,0.10157622973095388,0.016595706132801886,0.01588006159978259,0.011622429567895642,0.0455204275749615,0.0359815200652233,0.04899900353292871,0.09500860585197934,0.11955793097200833,0.04905335628227195,5.0072956865601865,1.0072189757593004,1.5522279922633366,1.5285213511842584,36.748196,-0.2850782
Wigan,E08000010,317849,309193,303519,1459,151,4064,2756,1015,429,783,529,3519,1019,676,109,891,824,1678,1310,216,152,703,304,399,149908,13429,20108,16630,17337,19155,15395,13809,15513,18532,144283,103934,46797,18112,4723,149908.0,274,129,17662,841,1561,15106,26920,8344,6855,3566,4210,1850,6351,8018,9278,12716,19334,6893,2011,0.9727669427935907,0.01107129486013799,0.0052792363669541195,0.008670783925700568,0.0022117420536166546,0.45393567385771233,0.3269917476537601,0.1472302885961573,0.05698303282376223,0.01485925706860805,0.9816490024030298,0.004718735547053135,0.0004883681066518323,0.01314389394326521,0.03097470872406934,0.2531969309462916,0.28957090082409775,0.19210002841716398,0.2341574310883774,0.7806912991656734,0.12872467222884387,0.09058402860548272,0.28410740203193036,0.15566037735849056,0.36828737300435416,0.19194484760522496,0.43243243243243246,0.5675675675675675,0.08958161005416655,0.13413560316994425,0.1109347066200603,0.11565093257197748,0.1277783707340502,0.10269632040985137,0.09211649811884623,0.10348346986151506,0.12362248845958855,0.0018277877097953412,0.0008605277903780986,0.11781892894308509,0.005610107532620007,0.010413053339381487,0.10076847132908184,0.1795768071083598,0.0556608052939136,0.04572804653520826,0.02378792325959922,0.028083891453424766,0.012340902420151026,0.042365984470475224,0.05348613816474104,0.06189129332657363,0.0848253595538597,0.12897243642767564,0.045981535341676226,4.976932477154107,1.2606254624326538,-1.0248789121031283,1.9322737595175132,39.638306,-10.727876
Wiltshire,E06000054,470981,454971,439725,2381,757,12108,5568,1968,656,1667,1277,6178,1547,215,595,1210,2611,3228,1418,1151,659,1036,288,748,239216,29672,39957,34876,26074,29613,21914,17595,15323,24192,234318,160362,57221,14974,4106,239216.0,4105,245,21693,951,1685,17274,35563,8512,12266,10236,7601,3401,16091,10678,29723,22352,25598,11242,2011,0.9660071213063797,0.01311730197184175,0.0068537796641478105,0.0118221329522847,0.0021996641053460757,0.4975105152861793,0.3404850726462426,0.12149322371815424,0.03179321458827426,0.0087179737611496,0.9664901719010662,0.005233300583993266,0.0016638423108286022,0.026612685204111912,0.09630948527031402,0.1958562641631596,0.25040466170281644,0.034800906442214306,0.42262868242149565,0.4392812887236679,0.35656753407682773,0.20415117719950435,0.29938936781609193,0.11781609195402298,0.35344827586206895,0.2293462643678161,0.277992277992278,0.722007722007722,0.12403852585111363,0.16703314159587987,0.1457929235502642,0.10899772590462177,0.12379188683031235,0.09160758477693799,0.0735527723898067,0.06405507992776403,0.10113035917329945,0.017160223396428333,0.0010241789846832988,0.0906837335295298,0.003975486589525784,0.007043843221189218,0.07221088890375225,0.1486648050297639,0.03558290415356832,0.05127583439234834,0.04278977994782958,0.03177463045950104,0.014217276436358771,0.06726556752056718,0.044637482442645975,0.12425172229282322,0.09343856598220855,0.10700789244866564,0.046995184268610796,3.3026361289927,-1.6506534272001838,2.443317573742253,-0.7526284057871119,28.432356,0.77312493
Winchester,E07000094,116595,111577,107070,733,263,3511,1626,321,180,684,441,2639,665,92,222,745,915,457,250,147,60,296,110,186,57318,8238,14540,8176,5891,5488,4388,3704,2006,4887,62025,38219,12354,3135,862,57318.0,922,60,3482,220,322,3812,7444,2004,3047,3703,2159,965,5290,2535,4545,6817,7160,2831,2011,0.9569621338822419,0.02263390368369141,0.003919550581071229,0.01394570950726875,0.0025387023457266607,0.5319696384922167,0.3277927869977272,0.10595651614563231,0.026887945452206356,0.007393112912217505,0.9596063704885416,0.00656945427821146,0.0023571166100540436,0.031467058623192955,0.08412277377794619,0.2823039029935582,0.2519893899204244,0.034861690034103825,0.3467222432739674,0.5470459518599562,0.32166301969365424,0.13129102844638948,0.42066420664206644,0.11070110701107011,0.1974169741697417,0.27121771217712176,0.3716216216216216,0.6283783783783784,0.143724484455145,0.25367249380648316,0.14264279981855613,0.10277748700233784,0.09574653686451028,0.0765553578282564,0.06462193377298579,0.03499773195156844,0.08526117450015702,0.016085697337660073,0.0010467915837956664,0.06074880491294184,0.0038382358072507764,0.005617781499703409,0.06650615862381799,0.129871942496249,0.03496283889877525,0.05315956593042325,0.06460448724658921,0.03766705049024739,0.016835897972713634,0.09229212463798457,0.0442269444153669,0.07929446247252173,0.11893297044558429,0.12491712899961617,0.04939111622875885,1.9023596279004524,-4.095625344122247,4.093432544435147,1.1694253726029793,20.517841,2.5774567
Windsor and Maidenhead,E06000040,144560,124505,112081,2055,219,10150,3315,679,358,1399,879,13848,5860,4238,393,1071,2286,1725,1039,473,213,1167,379,788,73951,12111,16413,13022,7920,6356,5583,4367,2874,5305,78802,46571,14234,3872,1081,73951.0,229,209,5524,499,446,4166,10216,4491,3796,7874,2482,1300,7667,4070,3606,7281,5688,4407,2011,0.8612686773657997,0.09579413392363033,0.011932761483121196,0.022931654676258992,0.008072772551189817,0.5451162147205313,0.32215688987271723,0.09846430547869396,0.026784726065301606,0.007477863862755949,0.9002128428577165,0.016505361230472672,0.001758965503393438,0.08152283040841733,0.02837954939341421,0.07733968804159445,0.42316580011554017,0.3060369728480647,0.16507798960138648,0.6023188405797102,0.27420289855072466,0.12347826086956522,0.4220211161387632,0.10799396681749623,0.20482654600301659,0.265158371040724,0.32476435304198803,0.675235646958012,0.16377060485997486,0.2219442603886357,0.17608957282524915,0.1070979432326811,0.08594880393774255,0.07549593649849225,0.05905261592135333,0.03886357182458655,0.07173669051128449,0.003096645075793431,0.002826195724195751,0.07469811091127909,0.006747711322362105,0.006031020540628254,0.05633459993779665,0.1381455287960947,0.060729401901258945,0.05133128693323958,0.10647590972400643,0.03356276453327203,0.01757920785384917,0.10367675893497046,0.05503644305012779,0.048762018093061625,0.09845708644913524,0.07691579559438007,0.05959351462454869,1.2279687042844105,-6.017103089214954,2.6114022685096496,-0.2680838974823702,17.247555,1.5692177
Wirral,E08000015,319783,310156,303682,2667,77,3730,3286,964,558,949,815,5116,1344,226,851,1653,1042,695,389,189,117,530,208,322,139929,13034,24738,16816,18013,15208,15277,11971,10685,14187,148028,102085,45687,18448,5535,139929.0,204,187,14043,642,1151,9701,20296,6228,6780,3411,4948,2312,8798,6289,10779,14484,22874,6802,2011,0.9698952101894097,0.015998348880334478,0.002173348802156462,0.0102757182214189,0.0016573739066804676,0.462901405015276,0.3192321042707086,0.14286875787643497,0.05768912043479484,0.01730861240278564,0.9791266330491752,0.008598898618759591,0.00024826216484607745,0.012026206167219076,0.1663408913213448,0.32310398749022673,0.2627052384675528,0.044175136825645035,0.20367474589523066,0.5597122302158274,0.2719424460431655,0.1683453237410072,0.28880097382836273,0.16981132075471697,0.29336579427875836,0.2480219111381619,0.39245283018867927,0.6075471698113207,0.09314723895689957,0.17678965761207469,0.12017523172466037,0.12872956999621238,0.10868368958543262,0.1091767968040935,0.08555052919694989,0.07636015407813963,0.10138713204553738,0.001457882211693073,0.001336392027385317,0.10035803871963639,0.004588041077975259,0.008225600125778073,0.06932801635114952,0.145044987100601,0.04450828634521793,0.04845314409450507,0.024376648157279763,0.035360790114986884,0.016522665065854827,0.0628747436199787,0.04494422171243988,0.07703192333254721,0.10350963703020817,0.16346861622680073,0.048610366685962164,4.356910857025307,0.018457283261386334,-0.13314634438683662,2.1690839036122376,40.99201,-8.446586
Woking,E07000217,99198,82926,74335,1089,151,7351,2335,411,299,975,650,11462,2328,5682,450,870,2132,1383,1012,270,101,1092,549,543,51341,6879,11765,7692,6010,4594,4342,3760,2456,3843,51360,34291,10184,2602,761,51341.0,90,191,3038,180,272,3275,7593,2787,2089,4217,2970,688,5509,2937,2714,4222,5321,3248,2011,0.83596443476683,0.11554668440895986,0.013941813343010949,0.023538781023810965,0.011008286457388253,0.5177523740397992,0.3456823726284804,0.10266336014839009,0.02623036754773282,0.0076715256355974915,0.8964016110749343,0.013132190145430865,0.001820900561946796,0.08864529821768806,0.039260164020240795,0.07590298377246554,0.20310591519804572,0.49572500436224043,0.18600593264700752,0.7317425885755604,0.19522776572668113,0.0730296456977585,0.41755888650963596,0.12805139186295503,0.176017130620985,0.278372591006424,0.5027472527472527,0.49725274725274726,0.1339864825383222,0.22915408737656065,0.14982177986404627,0.11706043902534037,0.08948014257610876,0.0845717847334489,0.07323581543016303,0.047837011355446914,0.0748524571005629,0.0017529849438070936,0.003720223602968388,0.059172980658732784,0.0035059698876141873,0.005297910052394772,0.06378917434409147,0.14789349642585847,0.05428410042655967,0.04068872830681132,0.08213708342260571,0.05784850314563409,0.013400596014880894,0.10730215617148088,0.05720574199957149,0.05286223486102725,0.08223447147503944,0.10364036539997273,0.06326327886094933,1.735910549220906,-5.084880135479485,1.148327068401047,1.608363703721553,17.04662,0.3295926
Wokingham,E06000041,154380,136525,129119,1367,291,5748,3182,890,337,1273,682,11438,5331,2865,222,1203,1817,2093,1203,712,178,1142,500,642,81377,11531,20883,13298,9495,6765,6132,5431,2864,4978,83759,51808,14566,3310,937,81377.0,264,249,5348,638,559,5387,11852,3044,2615,10267,3491,1050,8061,3766,4197,9351,7170,4068,2011,0.8843438269205856,0.07408990801917346,0.013557455628967484,0.020611478170747505,0.007397331260525975,0.5425508485555124,0.3355875113356652,0.09435159994817982,0.021440601114133956,0.006069439046508615,0.9457535249954221,0.010012818165171213,0.0021314777513275957,0.0421021790880791,0.019408987585242177,0.10517573002273124,0.466077985661829,0.25048085329603076,0.1588564434341668,0.5747730530339226,0.34018155757286195,0.08504538939321549,0.4000628535512256,0.10590823381521056,0.2796983029541169,0.2143306096794469,0.43782837127845886,0.5621716287215411,0.14169851432222863,0.25662042100347765,0.16341226636518918,0.11667915995920224,0.08313159738009511,0.0753529867161483,0.06673875910883911,0.03519421949690944,0.06117207564791034,0.003244159897759809,0.0030598326308416382,0.06571881489855856,0.007840053086252873,0.006869262813817172,0.06619806579254581,0.1456431178342775,0.0374061466999275,0.03213438686606781,0.12616586996325743,0.042899099254088996,0.012902908684271968,0.09905747324182508,0.04627843248092213,0.05157476928370424,0.11490961819678779,0.08810843358688573,0.04998955478820797,1.8126775977731586,-5.743255604216002,2.9592058680644366,-0.7768738044923064,17.63906,1.834417
Wolverhampton,E08000031,249470,169682,160945,1526,209,7002,12784,8495,554,2160,1575,44960,32162,4415,432,1376,6575,17309,4081,9507,3721,4735,359,4376,104284,8560,14253,10304,11795,12332,10704,9577,11410,15349,104263,88168,39096,13796,4147,104284.0,193,39,14013,609,1020,7586,18153,6322,5367,2239,3483,1509,3673,4932,5674,10168,14942,4362,2011,0.6801699603158696,0.18022207079007496,0.06938309215536938,0.051244638633903876,0.018980238104782138,0.4179380286206758,0.35342125305647976,0.15671623842546198,0.05530123862588688,0.01662324127149557,0.9485095649509082,0.008993293336947938,0.0012317157977864476,0.041265425914357445,0.009608540925266904,0.030604982206405694,0.7153469750889679,0.09819839857651246,0.14624110320284697,0.23577329712866138,0.5492518343058524,0.21497486856548617,0.16896120150187735,0.04333541927409262,0.6645025031289111,0.1232008760951189,0.07581837381203801,0.924181626187962,0.08208354109930574,0.13667484944958,0.09880710367841664,0.11310459897970926,0.11825399869586897,0.1026427831690384,0.09183575620421158,0.10941275746998581,0.14718461125388363,0.001850715354225001,0.00037397875033562194,0.13437344175520693,0.005839822024471635,0.009780982701085498,0.07274366153964175,0.17407272448314218,0.060622914349276975,0.05146522956541751,0.02147021594875532,0.03339917916458901,0.014470100878370603,0.03522112692263434,0.04729392811936635,0.05440911357446972,0.09750297265160524,0.14328180737217597,0.04182808484523033,4.586474477514576,0.5640581730110239,-4.304126316966017,-6.849085261484223,30.715939,-16.921621
Worcester,E07000237,98768,92294,88016,583,113,3582,1395,474,199,439,283,4366,806,1923,449,391,797,473,226,186,61,240,61,179,50101,4878,9078,6085,5463,5195,4591,4859,3968,5984,46851,34497,12625,3780,1015,50101.0,122,34,5929,421,371,3110,8762,2347,2819,1664,1023,919,2672,2190,3459,5394,6542,2323,2011,0.9344524542361898,0.04420460068038231,0.004789000485987364,0.01412400777579783,0.0024299368216426373,0.4743540417949133,0.34927304390085856,0.12782480155515957,0.03827150494087154,0.010276607808196987,0.9536481244717967,0.006316770320930938,0.001224348278327952,0.03881075692894446,0.10284012826385708,0.08955565735226752,0.18460833715071004,0.44044892349977094,0.1825469537333944,0.47780126849894294,0.39323467230443976,0.12896405919661733,0.3146953405017921,0.14265232974910394,0.33978494623655914,0.2028673835125448,0.25416666666666665,0.7458333333333333,0.09736332608131575,0.18119398814394921,0.12145466158360113,0.10903973972575398,0.10369054509890022,0.09163489750703578,0.09698409213388955,0.07920001596774516,0.11943873375780922,0.0024350811361050677,0.0006786291690784616,0.1183409512784176,0.008403025887706831,0.007405041815532624,0.06207460928923574,0.17488672880780823,0.04684537234785733,0.05626634198918185,0.03321290992195765,0.0204187541166843,0.018342947246561946,0.05333226881698968,0.043711702361230315,0.06904053811301171,0.10766252170615356,0.1305762360032734,0.046366339993213705,3.8098333243977107,-0.7094994631489365,-0.47715196754512,-1.1097271227460874,25.28451,-17.02151
Worthing,E07000229,104640,98136,93594,815,99,3628,1836,437,337,658,404,3372,783,171,544,474,1400,869,605,169,95,427,151,276,50611,5437,8604,6735,6159,5668,5968,4665,2785,4590,46272,37777,15082,4355,1154,50611.0,165,26,4266,611,741,3699,7972,2100,2238,1840,2831,747,2807,2387,3115,4086,8468,2512,2011,0.9378440366972477,0.03222477064220183,0.008304663608562692,0.01754587155963303,0.00408065749235474,0.44220183486238535,0.36101873088685016,0.1441322629969419,0.04161888379204893,0.0110282874617737,0.9537172902910247,0.00830480149995924,0.0010088041085840058,0.036969104100432054,0.16132858837485173,0.14056939501779359,0.23220640569395018,0.050711743772241996,0.4151838671411625,0.6962025316455697,0.19447640966628307,0.1093210586881473,0.35838779956427014,0.1835511982570806,0.2380174291938998,0.22004357298474944,0.35362997658079626,0.6463700234192038,0.10742723913773686,0.17000256861156665,0.13307383770326608,0.12169291260793108,0.1119914643061785,0.11791902945999881,0.0921736381419059,0.05502756317796526,0.09069174685345083,0.0032601608346011736,0.000513722313331094,0.08428997648732489,0.012072474363280709,0.01464108592993618,0.07308687834660449,0.15751516468751853,0.04149295607674221,0.04421963604749955,0.03635573294343127,0.055936456501551046,0.014759637233012586,0.05546225128924542,0.04716366007389698,0.06154788484716761,0.0807334373950327,0.1673154057418348,0.049633478887988774,4.24967716198956,-0.6884410094200052,0.6327963644241572,2.106577166001041,35.10501,-5.5931954
Wrexham,W06000006,134844,130647,125477,492,104,4574,1010,264,180,326,240,2321,857,181,206,426,651,625,526,57,42,241,96,145,63614,5339,9079,6279,6674,8472,6711,5408,7723,7929,63642,43813,19009,6531,1849,63614.0,829,67,11643,543,586,4379,9647,2725,3108,1163,1779,543,2475,2802,3843,5637,9264,2581,2011,0.9688751446115511,0.017212482572454096,0.004634985613004657,0.007490136750615526,0.001787250452374596,0.4719676070125478,0.32491619946011685,0.14097030642816885,0.04843374566165347,0.013712141437512978,0.9604277174370632,0.0037658729247514295,0.0007960381792157493,0.03501037145896959,0.08875484704868591,0.18354157690650583,0.3692373976734166,0.07798362774666093,0.2804825506247307,0.8416,0.0912,0.0672,0.3227722772277228,0.1782178217821782,0.2613861386138614,0.2376237623762376,0.3983402489626556,0.6016597510373444,0.08392806614896092,0.14272015594051624,0.09870468764737322,0.10491401263872732,0.133178231206967,0.105495645612601,0.0850127330461848,0.12140409343855126,0.12464237432011821,0.013031722576791272,0.0010532272770144937,0.1830257490489515,0.008535856886848808,0.009211808721350646,0.06883704844845474,0.15164900807998238,0.04283648253529097,0.04885716980538875,0.018282139151759046,0.02796554217625051,0.008535856886848808,0.03890653000911749,0.044046907913352404,0.06041123023233879,0.08861256956015971,0.1456283208098846,0.040572829880215044,4.273299504848826,1.2390310861555363,-0.6171887599354124,2.6235961241627272,38.657913,-10.48099
Wychavon,E07000238,116944,114457,109834,539,462,3622,962,339,83,341,199,1129,463,84,94,188,300,228,91,118,19,168,43,125,58268,8077,9410,6963,6446,7526,5088,4289,4402,6067,54212,41641,15608,4339,1144,58268.0,1491,58,7300,347,457,4583,10199,2313,2896,1803,1630,920,3951,2852,3271,5237,6278,2682,2011,0.9787334108633192,0.009654193460117663,0.0019496511150636203,0.00822615952934738,0.0014365850321521412,0.463572308113285,0.3560764126419483,0.1334655903680394,0.03710322889588179,0.009782459980845534,0.9596092855832321,0.004709192098342609,0.004036450370007951,0.03164507194841731,0.08325952170062002,0.16651904340124005,0.41009743135518156,0.07440212577502214,0.2657218777679362,0.3991228070175439,0.5175438596491229,0.08333333333333333,0.35446985446985446,0.08627858627858628,0.3523908523908524,0.20686070686070687,0.25595238095238093,0.7440476190476191,0.1386181094254136,0.16149516029381478,0.11949955378595456,0.11062675911306377,0.12916180407770989,0.08732065627788838,0.07360815541978444,0.0755474703096039,0.10412233129676667,0.025588659298414224,0.0009954005629161805,0.12528317429807098,0.005955241298826114,0.007843069952632663,0.07865380654904922,0.17503604036520903,0.03969588796595044,0.049701379831125145,0.030943227843756436,0.02797418823367886,0.015789112377291137,0.06780737282899704,0.04894624836960253,0.056137159332738384,0.0898778059998627,0.10774352989634105,0.04602869499553786,3.939079704450192,-0.7217023707637793,2.1646499780614223,-2.3096706116419594,28.30701,-0.7054263
Wyre,E07000128,107749,105852,104251,490,96,1015,664,234,79,226,125,993,235,70,78,315,295,130,78,33,19,110,45,65,48558,5209,7397,5120,6816,6703,5137,3917,3456,4803,46601,36224,17189,5944,1791,48558.0,883,102,4315,230,380,4313,7636,1987,3119,1135,1252,497,2286,1626,5252,4802,6495,2248,2011,0.9823942681602613,0.00921586279223009,0.0012065077170089747,0.006162470185338147,0.00102089114516144,0.43249589323334786,0.3361887349302546,0.15952816267436357,0.05516524515308727,0.016621964008946718,0.9848751086422552,0.004629104787816952,0.0009069266523069947,0.00958885991762083,0.07854984894259819,0.31722054380664655,0.2366565961732125,0.07049345417925479,0.297079556898288,0.6,0.25384615384615383,0.14615384615384616,0.34036144578313254,0.11897590361445783,0.35240963855421686,0.18825301204819278,0.4090909090909091,0.5909090909090909,0.10727377569092632,0.1523332921454755,0.10544091601795791,0.14036821944890646,0.13804110548210388,0.10579101280942378,0.08066641953951975,0.07117261831212159,0.09891264055356482,0.018184439227315788,0.0021005807487952553,0.0888628032456032,0.0047366036492442025,0.007825692985707813,0.08882161538778369,0.15725524115490752,0.04092013674368796,0.06423246426953334,0.023374109312574654,0.02578359899501627,0.010235182668149429,0.04707772148770543,0.03348572840726554,0.10815931463404588,0.09889204662465505,0.13375756826887433,0.046295152189134645,5.287306760429883,1.204854940904087,0.792561486807047,1.2889205511115134,40.512104,-7.261502
Wyre Forest,E07000239,97975,95273,92822,459,375,1617,998,461,75,275,187,1390,299,133,512,168,278,214,85,105,24,100,14,86,46339,5320,6262,5154,4837,6486,4825,3893,4244,5318,42730,34481,14881,4548,1335,46339.0,337,26,7072,212,482,3653,8565,2217,2209,1131,955,815,2198,2055,2207,4155,5754,2296,2011,0.9724215361061496,0.014187292676703241,0.002184230671089564,0.010186272008165348,0.0010206685378923194,0.4361316662413881,0.3519367185506507,0.15188568512375605,0.04642000510334269,0.013625924980862465,0.9742739286051663,0.004817734300378911,0.0039360574349500905,0.01697227965950479,0.3683453237410072,0.12086330935251799,0.21510791366906476,0.09568345323741007,0.2,0.397196261682243,0.49065420560747663,0.11214953271028037,0.2755511022044088,0.07515030060120241,0.4619238476953908,0.187374749498998,0.14,0.86,0.11480610285073048,0.13513455188933726,0.11122380716027536,0.10438291719717732,0.1399684930619996,0.10412395606292756,0.08401130796952891,0.09158592114633463,0.11476294266168886,0.007272491853514318,0.000561082457541164,0.1526144284511966,0.0045749800384125685,0.010401605559032348,0.07883208528453355,0.1848335095707719,0.04784306955264464,0.04767042879647813,0.024407086903040637,0.02060899026737737,0.01758777703446341,0.047433047756749176,0.04434709424027277,0.0476272686074365,0.08966529273398217,0.12417186387276376,0.04954789701978895,4.612462471377839,1.1063139128280037,-0.29149894912886587,-2.303506869656086,31.604239,-9.996117
York,E06000014,198051,186731,178613,1103,269,6746,2413,529,305,873,706,6740,1531,417,370,2449,1973,1194,903,205,86,973,498,475,98721,10375,19864,11950,10260,9902,8993,10228,5587,11562,98402,67709,23752,6369,1819,98721.0,498,64,6571,310,467,6750,16026,4619,7805,3170,4730,1075,6164,4136,6089,12027,13113,5107,2011,0.9428430050845489,0.03403163831538341,0.006028750170410652,0.012183730453267087,0.00491287597638992,0.49685182099560216,0.341876587343664,0.11992870523249062,0.03215838344668798,0.009184502981555256,0.9565256973935768,0.005906892803016104,0.0014405749447065565,0.03612683485870048,0.05489614243323442,0.36335311572700296,0.2271513353115727,0.06186943620178042,0.2927299703264095,0.7562814070351759,0.17169179229480738,0.07202680067001675,0.36179030252797345,0.12639867384997927,0.21922917530045585,0.2925818483215914,0.5118191161356629,0.4881808838643371,0.1050941542326354,0.20121352093272962,0.12104820656192705,0.10392925517367126,0.10030287375533067,0.09109510641099665,0.10360510934856819,0.05659383515158882,0.11711793843255235,0.005044519403166499,0.0006482916502061365,0.06656131927350817,0.0031401626806859735,0.004730503135097902,0.06837450998267845,0.16233628103443037,0.046788423942221005,0.07906119265404524,0.0321106957992727,0.047912804773047275,0.010889273812056198,0.06243858956047852,0.04189584789457157,0.061678872782893204,0.1218281824535813,0.13282888139301668,0.0517316477750428,2.9786634491228186,-1.8034594029759041,1.263756230617554,3.195425731320917,32.420315,-6.3642735
Adur,E07000223,64543,60294,57390,488,105,2311,1627,306,316,535,470,1395,303,89,369,269,365,530,359,110,61,697,208,489,29825,3733,5345,4216,2823,3820,3115,2411,1807,2555,29272,22573,9108,2800,791,,71,13,1749,325,281,3406,4493,1388,1158,1219,1414,464,1698,1512,1465,2952,4717,1500,2021,0.9341679190617108,0.021613497978092124,0.008211579876981238,0.02520800086763863,0.010799002215577213,0.4535271059603675,0.3497358350247122,0.14111522550857566,0.04338193142556125,0.012255395627721054,0.951836003582446,0.008093674329120643,0.001741466812618171,0.03832885527581517,0.2645161290322581,0.192831541218638,0.2172043010752688,0.06379928315412187,0.2616487455197133,0.6773584905660377,0.20754716981132076,0.11509433962264151,0.3288260602335587,0.19422249539028888,0.1880762138905962,0.28887523048555624,0.2984218077474892,0.7015781922525107,0.12516345347862531,0.17921207041072926,0.14135792120704108,0.09465213746856664,0.1280804694048617,0.10444258172673931,0.0808382229673093,0.06058675607711651,0.08566638725901089,0.0,0.0,0.0,0.0,0.0,0.0,0.0,0.0,0.0,0.0,0.0,0.0,0.0,0.0,0.0,0.0,0.0,0.0,-3.1202075704168775,2.322233526496798,0.6130671189711802,2.2040469250579404,-33.543358,5.1510077
Amber Valley,E07000032,126204,122767,119934,453,66,2314,1548,619,169,467,293,1208,496,112,37,282,281,381,180,149,52,300,26,274,60171,7635,10404,7440,5461,7697,5428,4428,5454,6224,56072,44733,18298,5613,1492,,402,107,8684,406,521,6578,9230,3126,2400,1676,781,739,2965,2630,3717,5604,8010,2592,2021,0.9727663148553136,0.009571804380209818,0.0030189217457449844,0.012265855281924504,0.0023771037368070743,0.44429653576748757,0.35444993819530285,0.14498748058698616,0.04447561091566036,0.011822129251053849,0.9769237661586583,0.003689916671418215,0.0005376037534516604,0.018848713416471853,0.030629139072847682,0.23344370860927152,0.4105960264900662,0.09271523178807947,0.2326158940397351,0.47244094488188976,0.3910761154855643,0.13648293963254593,0.3016795865633075,0.10917312661498708,0.39987080103359174,0.1892764857881137,0.08666666666666667,0.9133333333333333,0.12688836815077031,0.17290721443884927,0.12364760432766615,0.09075800634857323,0.12791876485350084,0.09020956939389407,0.0735902677369497,0.09064167123697463,0.1034385335128218,0.0,0.0,0.0,0.0,0.0,0.0,0.0,0.0,0.0,0.0,0.0,0.0,0.0,0.0,0.0,0.0,0.0,0.0,-2.0800244107916996,3.7353867252416713,1.2444031086944944,-2.484156072773255,-31.285742,9.147331
Arun,E07000224,164887,158002,146178,1018,216,10590,2484,580,420,784,700,2630,727,108,523,433,839,857,500,221,136,914,121,793,73191,9715,10532,8549,6840,9244,8594,5833,5525,8359,71215,60303,24419,7110,1842,,955,31,5920,302,782,7194,12307,3107,4199,2174,1887,1164,3555,4443,3746,5855,11942,3627,2021,0.958244130828992,0.01595031749015993,0.005197498893181391,0.015064862602873484,0.005543190184793222,0.43190184793222025,0.36572319224681143,0.14809536227840886,0.04312044005894946,0.011171287002613911,0.9251655042341236,0.006442956418273187,0.0013670713028949,0.0670244680447083,0.1988593155893536,0.16463878326996198,0.276425855513308,0.04106463878326996,0.31901140684410645,0.5834305717619603,0.25787631271878647,0.15869311551925322,0.31561996779388085,0.16908212560386474,0.23349436392914655,0.28180354267310787,0.1323851203501094,0.8676148796498906,0.13273489909961608,0.14389747373310927,0.11680397863125247,0.09345411321064065,0.12629968165484828,0.11741880832342774,0.079695590987963,0.0754874233170745,0.11420803104206802,0.0,0.0,0.0,0.0,0.0,0.0,0.0,0.0,0.0,0.0,0.0,0.0,0.0,0.0,0.0,0.0,0.0,0.0,-2.6002066949606526,3.7056593297424323,0.5142643421481393,0.3719523697585623,-38.057983,3.5853486
Ashfield,E07000170,126299,120147,115972,313,67,3795,2059,956,267,449,387,1968,873,209,56,356,474,1575,959,395,221,550,100,450,58430,5645,8128,6422,5599,7766,6339,5161,5640,7730,53556,43876,19912,6947,2009,,186,92,7572,664,472,6296,10873,3234,2231,1423,817,651,1899,2445,3153,5004,9323,2107,2021,0.951290192321396,0.015582071116952628,0.012470407525000197,0.016302583551730417,0.004354745484920704,0.4240413621643877,0.34739784162978327,0.15765762199225647,0.05500439433408024,0.015906697598555807,0.9652509009796333,0.0026051420343412655,0.0005576502118238491,0.0315863067742016,0.028455284552845527,0.18089430894308944,0.44359756097560976,0.10619918699186992,0.24085365853658536,0.6088888888888889,0.2507936507936508,0.1403174603174603,0.21806702282661486,0.1296745993200583,0.4643030597377368,0.1879553181155901,0.18181818181818182,0.8181818181818182,0.09661132979633749,0.13910662330994353,0.1099092931713161,0.0958240629813452,0.1329111757658737,0.10848879000513435,0.08832791374294027,0.09652575731644703,0.13229505391066232,0.0,0.0,0.0,0.0,0.0,0.0,0.0,0.0,0.0,0.0,0.0,0.0,0.0,0.0,0.0,0.0,0.0,0.0,-1.2200171840148768,5.049992420544943,-1.3128805873559701,-1.2537660372342565,-39.215656,8.465691
Ashford,E07000105,132747,116896,109673,776,686,5761,2877,775,438,898,766,7668,1720,404,336,578,4630,3424,2504,572,348,1882,298,1584,63616,9171,11751,8251,5811,7322,5812,4895,4350,6253,64334,45779,16551,4748,1335,,993,31,4237,470,420,6985,9806,3217,2817,2300,2058,809,3796,3880,3555,5634,10032,2574,2021,0.8805924051014336,0.05776401726592691,0.025793426593444673,0.021672806165111077,0.014177344874083784,0.48463618763512545,0.34485901752958636,0.12468078374652534,0.035767286643012645,0.010056724445750186,0.9382100328497126,0.006638379414180126,0.005868464275937586,0.04928312346016973,0.04381846635367762,0.07537819509650495,0.22430881585811163,0.05268648930620762,0.6038080333854982,0.7313084112149533,0.16705607476635514,0.10163551401869159,0.3121306916927355,0.15224191866527634,0.2693778241223497,0.2662495655196385,0.15834218916046758,0.8416578108395324,0.14416184607645877,0.18471768108651912,0.1297000754527163,0.09134494466800805,0.1150968309859155,0.09136066398390343,0.07694605130784708,0.06837902414486921,0.09829288229376258,0.0,0.0,0.0,0.0,0.0,0.0,0.0,0.0,0.0,0.0,0.0,0.0,0.0,0.0,0.0,0.0,0.0,0.0,-3.932642376984166,1.5516367142471086,1.1903476140372407,0.6199919138815392,-30.559914,-7.302511
Babergh,E07000200,92342,89269,86418,481,40,2330,1351,383,210,382,376,875,234,37,107,177,320,503,287,124,92,344,37,307,42957,6371,7361,5784,4144,5688,3946,3085,2671,3907,42772,33135,12352,3225,854,,829,22,3279,258,296,4831,6630,1798,1757,1445,1845,696,2816,2445,2376,4051,5585,1994,2021,0.9667215351627645,0.009475644885317623,0.005447142145502589,0.014630395702930411,0.0037252821034848716,0.4631911806112062,0.35882913517142795,0.13376361785536375,0.03492451972017067,0.00924822940807,0.9680628213601586,0.005388208672663522,0.00044808388130257985,0.026100886085875276,0.12228571428571429,0.2022857142857143,0.2674285714285714,0.04228571428571429,0.3657142857142857,0.5705765407554672,0.24652087475149106,0.18290258449304175,0.28275351591413767,0.15544041450777202,0.2834937083641747,0.2783123612139156,0.10755813953488372,0.8924418604651163,0.1483111017994739,0.17135740391554344,0.1346462741811579,0.09646856158484066,0.13241148124869054,0.09185930116162674,0.07181600204856019,0.062178457527294735,0.09095141653281189,0.0,0.0,0.0,0.0,0.0,0.0,0.0,0.0,0.0,0.0,0.0,0.0,0.0,0.0,0.0,0.0,0.0,0.0,-3.156661409423687,2.5569764869629017,2.198982342739258,-0.4223596184928512,-33.88333,-1.0743665
Barking and Dagenham,E09000002,218871,98275,67550,1185,184,29356,9320,2974,2376,1550,2420,56583,11503,15799,22393,1385,5503,46807,35101,5824,5882,7886,1489,6397,94589,7786,15185,9279,8798,10957,10934,7686,8964,15000,111929,71978,24295,8169,2498,,37,16,2904,227,571,12900,13348,7471,5416,3393,3044,1385,4102,7758,4690,8475,15498,3347,2021,0.44900877685942864,0.2585221431802294,0.21385656391207605,0.042582160267920374,0.036030355780345504,0.5113925554321952,0.3288603789446752,0.1110014574795199,0.03732335485285853,0.011413115488118571,0.687356906639532,0.012058000508776394,0.0018722971254133808,0.2987127957262783,0.3957549087181662,0.02447731650849195,0.20329427566583602,0.2792181397239454,0.09725535938356043,0.7499092016151431,0.12442583374281624,0.12566496464204072,0.16630901287553648,0.2549356223175966,0.3190987124463519,0.259656652360515,0.18881562262236876,0.8111843773776313,0.08231401114294475,0.16053663745255792,0.09809808751546163,0.09301292962183763,0.11583799384706467,0.11559483660890801,0.08125680575965492,0.09476789055809873,0.15858080749347175,0.0,0.0,0.0,0.0,0.0,0.0,0.0,0.0,0.0,0.0,0.0,0.0,0.0,0.0,0.0,0.0,0.0,0.0,-5.03164577217907,-0.4301729202871778,-7.1882818661513195,0.9662997551548086,-15.141006,13.927283
Barnet,E09000003,389344,224762,140777,7644,179,76162,20889,3505,3747,6032,7605,74972,30389,6687,2873,9434,25589,30651,22670,4951,3030,38070,7383,30687,186175,31481,50534,25626,16520,14478,14342,10663,8394,14137,213576,120802,39317,11724,3925,,115,144,5416,572,430,16660,23169,6860,9775,12632,10230,5938,20382,10223,6760,20952,25008,10913,2021,0.577283841538588,0.19255979288238678,0.0787247267198159,0.05365178351278047,0.09777985534642887,0.5485534642886496,0.3102706090244103,0.10098267855675187,0.030112188707158708,0.010081059423029505,0.6263380820601347,0.03400930762317474,0.0007963979676279798,0.33885621234906255,0.0383209731633143,0.12583364456063598,0.40533799285066424,0.08919329883156378,0.3413140905938217,0.739616978238883,0.16152817200091352,0.09885484976020359,0.28876442146584325,0.17937670544305614,0.16779166068265594,0.36406721240844464,0.19393223010244287,0.8060677698975571,0.16909359473613536,0.2714327917282127,0.13764468913656505,0.08873371827581576,0.07776554317174701,0.07703504767020276,0.057274070095340406,0.04508661205854707,0.07593393312743386,0.0,0.0,0.0,0.0,0.0,0.0,0.0,0.0,0.0,0.0,0.0,0.0,0.0,0.0,0.0,0.0,0.0,0.0,-7.891203890551295,-4.769861371465102,-2.019407205295925,1.2700524762463103,-12.90993,8.950608
Barnsley,E08000016,244572,236934,226488,526,229,9691,2293,754,394,605,540,2297,504,368,39,542,844,1715,1311,163,241,1333,215,1118,111680,11251,15595,12169,9891,14042,11382,10172,11579,15599,106010,82192,38001,14252,4117,,501,131,11963,603,1084,13024,21681,6297,4103,2888,2037,1104,4102,5176,6467,9409,17109,4005,2021,0.9687699327805309,0.00939191730860442,0.007012249971378571,0.00937556220663036,0.005450337732855764,0.43345109006754656,0.33606463536300146,0.1553775575290712,0.05827322833357866,0.016833488706802086,0.9559117728987819,0.0022200275182118227,0.0009665138815028658,0.04090168570150337,0.01697866782760122,0.23595994775794515,0.2194166303874619,0.16020896821941663,0.3674357858075751,0.7644314868804665,0.09504373177842565,0.14052478134110788,0.26384648931530746,0.1718273004797209,0.32882686436982117,0.23549934583515045,0.16129032258064516,0.8387096774193549,0.10074319484240687,0.1396400429799427,0.10896310888252149,0.08856554441260744,0.12573424068767908,0.10191618911174785,0.09108166189111748,0.10368015759312321,0.13967585959885387,0.0,0.0,0.0,0.0,0.0,0.0,0.0,0.0,0.0,0.0,0.0,0.0,0.0,0.0,0.0,0.0,0.0,0.0,-1.732630748713995,5.130465733383181,-1.0269026489322686,1.5542159903449588,-39.84068,10.735204
Basildon,E07000066,187567,164116,154045,1227,237,8607,4938,1733,892,1143,1170,7995,3855,864,729,735,1812,8913,6402,1279,1232,1605,243,1362,89011,10880,15369,11530,10680,9967,7924,6581,6499,9581,90914,64185,23022,7229,2221,,289,54,5362,339,770,11277,13404,5698,3249,3619,7165,1186,5174,4765,4289,7019,11898,3446,2021,0.8749726764302889,0.04262476874930025,0.047519019870233034,0.02632659263089989,0.008556942319277911,0.4847014666759078,0.3421977213475718,0.122740140856334,0.038540894720286614,0.01184110211284501,0.9386348680201808,0.007476419118184699,0.001444100514270394,0.05244461234736406,0.09118198874296435,0.09193245778611632,0.4821763602251407,0.10806754221388368,0.22664165103189493,0.7182766745203635,0.14349826096712667,0.13822506451250982,0.23147023086269744,0.1806399351964358,0.3509518023491292,0.23693803159173754,0.15140186915887852,0.8485981308411215,0.1222320836750514,0.17266405275752436,0.12953455190931457,0.11998517037220119,0.11197492444754019,0.0890227050589253,0.07393468223028614,0.07301344777611755,0.10763838177303929,0.0,0.0,0.0,0.0,0.0,0.0,0.0,0.0,0.0,0.0,0.0,0.0,0.0,0.0,0.0,0.0,0.0,0.0,-3.340056659425981,1.7735349126549875,-0.34390790902781837,-0.6802680535326777,-23.751991,12.184254
Basingstoke and Deane,E07000084,185154,163840,151572,1330,223,10715,4717,1461,711,1454,1091,10967,4745,709,480,1057,3976,3611,2514,680,417,2019,344,1675,96973,13857,21125,14431,9512,9272,8282,6553,5349,8592,92794,64764,20776,5419,1404,,746,127,6649,862,684,8062,14621,4045,3721,9395,4144,1416,6593,5565,6375,7576,12362,4031,2021,0.8848850146364647,0.05923177463084783,0.01950268425202804,0.025476090173585233,0.010904436307074111,0.5011719973643561,0.34978450371042485,0.11220929604545406,0.029267528651824967,0.007582876956479471,0.9251220703125,0.00811767578125,0.001361083984375,0.065399169921875,0.043767666636272455,0.09638004923862496,0.4326616212273183,0.06464849092732744,0.36254217197045685,0.6962060371088341,0.1883134865688175,0.11548047632234838,0.30824676701293197,0.15073139707441172,0.3097307610769557,0.23129107483570066,0.17038137691926697,0.8296186230807331,0.14289544512390046,0.21784414218390685,0.14881461850205727,0.09808915883802707,0.09561424313984306,0.08540521588483392,0.06757551070916647,0.055159683623276584,0.0886019819949883,0.0,0.0,0.0,0.0,0.0,0.0,0.0,0.0,0.0,0.0,0.0,0.0,0.0,0.0,0.0,0.0,0.0,0.0,-4.261172896772999,0.4234312728072282,1.6633287608980243,-0.7571875773270291,-24.520498,1.6387485
Bassetlaw,E07000171,117803,113620,108338,317,135,4830,1405,505,176,385,339,1455,522,208,40,237,448,736,378,202,156,587,95,492,54919,6836,7967,5934,4581,6525,5745,4164,6039,7128,51679,40938,17862,5618,1707,,790,110,6551,532,389,5427,10459,3223,2370,1212,918,484,2004,2370,2811,4348,8745,2190,2021,0.9644915664286987,0.012351128579068445,0.006247718648930842,0.011926691170853035,0.004982895172448919,0.438690016383284,0.34751237235044946,0.15162601971087325,0.04768978718708352,0.014490293116474113,0.9535117056856187,0.0027900017602534763,0.0011881710966379158,0.04251012145748988,0.027491408934707903,0.16288659793814433,0.35876288659793815,0.1429553264604811,0.30790378006872854,0.5135869565217391,0.27445652173913043,0.21195652173913043,0.27402135231316727,0.12526690391459075,0.3594306049822064,0.2412811387900356,0.16183986371379896,0.838160136286201,0.12447422567781642,0.1450681913363317,0.1080500373277008,0.08341375480252736,0.11881134033758808,0.10460860540068101,0.07582075420164242,0.1099619439538229,0.12979114696188931,0.0,0.0,0.0,0.0,0.0,0.0,0.0,0.0,0.0,0.0,0.0,0.0,0.0,0.0,0.0,0.0,0.0,0.0,-2.029509856691528,4.392024274508667,-0.1384080158111343,-1.222215998131772,-37.899204,7.1964326
Bath and North East Somerset,E06000022,193409,178308,165478,1427,71,11332,5256,1505,595,1846,1310,6389,1787,278,359,2089,1876,1846,980,616,250,1610,552,1058,89812,13076,22044,12201,7921,8841,7631,5875,4102,8121,100186,63514,21853,6121,1735,,634,125,4813,445,928,7375,11331,2599,5221,5045,3171,1601,8037,4171,4568,11563,13571,4619,2021,0.9219219374486193,0.0330336230475314,0.009544540326458437,0.02717557094033887,0.00832432823705205,0.5180007135138489,0.3283921637565987,0.11298853724490587,0.03164795847142584,0.008970627013220689,0.9280458532427036,0.008003006034502097,0.00039818740606142183,0.06355295331673284,0.056190327124745656,0.32696822663953673,0.2796994834872437,0.04351228674283925,0.29362967600563467,0.5308775731310943,0.333694474539545,0.13542795232936078,0.3512176560121766,0.11320395738203957,0.2863394216133942,0.24923896499238965,0.34285714285714286,0.6571428571428571,0.14559301652340445,0.2454460428450541,0.13585044314790898,0.08819534137977107,0.09843896138600633,0.08496637420389258,0.06541442123546964,0.04567318398432281,0.09042221529417005,0.0,0.0,0.0,0.0,0.0,0.0,0.0,0.0,0.0,0.0,0.0,0.0,0.0,0.0,0.0,0.0,0.0,0.0,-3.875037202432232,0.1205700172137874,2.460354700226205,0.12827834006299602,-25.120623,-0.9780514
Bedford,E06000055,185224,140174,118779,1798,208,19389,8586,3638,939,2146,1863,23263,10074,5297,4486,756,2650,9848,5448,3227,1173,3353,557,2796,90865,11797,18284,12254,8152,8798,8128,6498,6134,10820,90419,64772,21942,6357,1735,,555,46,6405,563,522,8242,15323,5475,3952,3934,2552,1456,5704,4643,5335,9795,12858,3508,2021,0.756780978706863,0.12559387552369022,0.05316805597546754,0.0463546840582214,0.018102405735757787,0.4881602816049756,0.34969550382239883,0.11846197037101024,0.034320606400898374,0.009367036669114153,0.8473682708633555,0.012826915119779703,0.0014838700472270179,0.13832094396963773,0.19283841293040452,0.03249795813093754,0.43304818810987405,0.22770064050208486,0.11391480032669905,0.553208773354996,0.32768074735987,0.11911047928513403,0.2499417656650361,0.10936408106219427,0.4237130211972979,0.2169811320754717,0.16611989263346258,0.8338801073665374,0.1298299675342541,0.20122159247234908,0.13485940681230396,0.08971551202333132,0.09682496010565124,0.08945138392120178,0.07151268365157101,0.0675067407692731,0.11907775271006438,0.0,0.0,0.0,0.0,0.0,0.0,0.0,0.0,0.0,0.0,0.0,0.0,0.0,0.0,0.0,0.0,0.0,0.0,-4.207895237191548,0.10407600373275322,-1.7349223327485996,-2.760952179767625,-22.852598,10.318386
Bexley,E09000004,246475,177164,158842,2528,620,15174,8740,2489,1726,2179,2346,24434,10925,1383,1790,3990,6346,30075,23262,3230,3583,6062,527,5535,117983,14498,23417,16138,15535,12291,10333,8186,7430,10155,125181,82371,28260,8128,2533,,94,102,4321,586,688,13931,15416,6599,4875,5917,7888,2527,8560,6324,8173,11122,15701,5154,2021,0.7187909524292525,0.09913378638807181,0.1220204888933969,0.035459985799776855,0.024594786489501978,0.5078851810528451,0.3341961659397505,0.114656658890354,0.03297697535246982,0.010276904351354093,0.8965816983134272,0.01426926463615633,0.003499582307918087,0.08564945474249848,0.07325857411803224,0.16329704510108864,0.44712286158631415,0.056601456986166816,0.25972006220839816,0.7734663341645885,0.10739817123857025,0.11913549459684122,0.24931350114416476,0.19748283752860413,0.2847826086956522,0.26842105263157895,0.08693500494886176,0.9130649950511383,0.1228821101345109,0.19847774679402966,0.1367824178059551,0.13167151199749116,0.1041760253595857,0.08758041412745904,0.06938287719417204,0.0629751743895307,0.08607172219726571,0.0,0.0,0.0,0.0,0.0,0.0,0.0,0.0,0.0,0.0,0.0,0.0,0.0,0.0,0.0,0.0,0.0,0.0,-4.724893260251118,-0.27945959056249925,-0.6711710173116101,-0.031222081850698923,-20.660711,11.587383
Birmingham,E08000025,1144922,556608,491211,16964,686,47747,55205,25119,4680,13130,12276,355384,66519,195102,48232,12487,33044,125760,66822,44718,14220,51965,19196,32769,442417,40972,93314,50205,41168,36872,45362,36475,38618,59431,544500,380993,150801,51755,16870,,401,77,34819,2158,2553,28968,67404,30275,24881,14608,14229,6586,24242,23685,21205,51826,77989,16511,2021,0.48615364190748367,0.31040018446671475,0.10984154379075606,0.04821725846826247,0.045387371366783065,0.4755782489986217,0.3327676470536858,0.13171290271302324,0.045203952758353844,0.014734628210480714,0.8825079768885823,0.03047746349315856,0.0012324652178912268,0.08578209440036794,0.1357179839272449,0.03513664092924836,0.18717499943722846,0.548989262319069,0.09298111338720932,0.5313454198473282,0.35558206106870227,0.11307251908396947,0.2378407752920931,0.08477492980708269,0.4550131328683996,0.2223711620324246,0.36940248244010393,0.6305975175598961,0.09260946120967323,0.21091865818899364,0.11347891242877195,0.09305248216049564,0.08334218621797987,0.10253222638370588,0.08244484276146712,0.08728868917785709,0.13433254147105558,0.0,0.0,0.0,0.0,0.0,0.0,0.0,0.0,0.0,0.0,0.0,0.0,0.0,0.0,0.0,0.0,0.0,0.0,-3.7306437334583555,-0.12772122515047665,-5.8123155336205,-1.9235787483600877,-21.063942,17.897118
Blaby,E07000129,102924,88753,84746,561,90,3356,2765,1051,267,857,590,8497,6870,418,59,518,632,1594,980,440,174,1315,177,1138,51446,6656,9936,7193,5417,6194,4448,3623,3398,4581,50473,35496,12636,3328,993,,246,92,4784,741,333,5731,9159,2459,1721,1463,1686,538,2538,2163,3068,5545,7063,2113,2021,0.8623158835645719,0.08255606078271346,0.015487155571101006,0.026864482530799424,0.012776417550814193,0.4903909680929618,0.34487583071003847,0.12277019937040923,0.03233453810578679,0.009647895534569196,0.9548522303471432,0.00632091309589535,0.001014050229288024,0.03781280632767343,0.006943627162527951,0.06096269271507591,0.8085206543485937,0.04919383311757091,0.07437919265623161,0.6148055207026348,0.27603513174404015,0.10915934755332497,0.30994575045207956,0.09656419529837251,0.3801084990958409,0.21338155515370705,0.13460076045627375,0.8653992395437262,0.1293783773276834,0.19313454884733508,0.1398165066283093,0.10529487229327839,0.12039808731485441,0.08645958869494227,0.07042335652917622,0.06604983866578548,0.08904482369863546,0.0,0.0,0.0,0.0,0.0,0.0,0.0,0.0,0.0,0.0,0.0,0.0,0.0,0.0,0.0,0.0,0.0,0.0,-3.480545136962578,1.2229996337359712,0.9169613912698525,-3.24566282567368,-25.183987,7.647437
Blackburn with Darwen,E06000008,154741,93392,87997,589,101,4705,2596,368,231,1329,668,55178,24389,27525,1473,400,1391,1406,1061,170,175,2169,841,1328,63556,5966,10409,6781,6291,6744,7201,6277,6470,7417,73950,50010,20507,7826,2445,,161,29,7875,305,345,4321,11607,3131,2689,1930,1001,756,2653,3138,3950,6378,11420,1872,2021,0.6035375239917022,0.35658293535649893,0.009086150406162556,0.01677641995334139,0.014016970292294867,0.477895321860399,0.3231851933230366,0.1325246702554591,0.05057483149262316,0.015800595834329623,0.9422327394209354,0.006306750042830221,0.0010814630803494946,0.050379047455884875,0.026695422088513537,0.007249266011816304,0.4420058719054696,0.4988401174381094,0.025209322556091197,0.7546230440967283,0.12091038406827881,0.12446657183499289,0.5119414483821263,0.08898305084745763,0.14175654853620956,0.2573189522342065,0.3877362840018442,0.6122637159981559,0.09386997293725219,0.1637768267354774,0.10669330983699414,0.09898357354144377,0.10611114607590157,0.11330165523318018,0.0987632953615709,0.10179998741267543,0.11670023286550443,0.0,0.0,0.0,0.0,0.0,0.0,0.0,0.0,0.0,0.0,0.0,0.0,0.0,0.0,0.0,0.0,0.0,0.0,-2.837591027980247,2.268163411390657,-2.9492934164730573,0.754058015455904,-29.39531,20.675793
Blackpool,E06000009,141039,133550,127445,808,236,5061,2210,638,408,645,519,3676,892,572,442,542,1228,711,449,175,87,892,216,676,59362,6200,7502,6001,6631,6480,8632,5743,4715,7458,56933,47255,23963,9777,3108,,105,53,4004,350,286,4683,9266,2580,5946,1019,1077,642,1984,2787,5545,3920,12140,2972,2021,0.9469012117215806,0.026063712873744142,0.005041158828409164,0.015669424769035514,0.006324491807230624,0.40366848885769185,0.33504917079672997,0.16990336006352852,0.06932125156871503,0.022036458000978452,0.9542867839760389,0.006050168476226132,0.0017671284163234744,0.03789591913141146,0.12023939064200218,0.14744287268770404,0.2426550598476605,0.15560391730141457,0.3340587595212187,0.6315049226441631,0.24613220815752462,0.12236286919831224,0.2918552036199095,0.18461538461538463,0.28868778280542984,0.23484162895927602,0.242152466367713,0.757847533632287,0.10444392035308783,0.1263771436272363,0.10109160742562583,0.11170445739698798,0.10916074256258212,0.14541289040126681,0.09674539267544895,0.07942791684916277,0.12563592870860146,0.0,0.0,0.0,0.0,0.0,0.0,0.0,0.0,0.0,0.0,0.0,0.0,0.0,0.0,0.0,0.0,0.0,0.0,-1.0543948030032324,5.645399674310339,-2.192937623089169,1.8815444669010808,-41.96619,8.241669
Blaenau Gwent,W06000019,66903,65456,63990,92,133,1241,569,219,69,138,143,621,212,71,26,140,172,115,76,29,10,142,38,104,28800,2217,3483,2803,2295,3390,4324,2437,3952,3899,27465,21865,11210,4785,1579,,81,47,4859,176,478,2610,4271,1047,993,477,458,398,664,1170,2150,2144,5831,943,2021,0.9783716724212667,0.009282094973319582,0.0017189064765406633,0.008504850305666412,0.0021224758232067324,0.41051970763642887,0.3268164357353183,0.16755601393061598,0.07152145643693109,0.023601333273545282,0.977603275482767,0.0014055243216817405,0.0020318992911268637,0.018959300904424346,0.04186795491143317,0.22544283413848631,0.3413848631239936,0.1143317230273752,0.27697262479871176,0.6608695652173913,0.25217391304347825,0.08695652173913043,0.24253075571177504,0.12126537785588752,0.38488576449912126,0.2513181019332162,0.2676056338028169,0.7323943661971831,0.07697916666666667,0.1209375,0.09732638888888889,0.0796875,0.11770833333333333,0.15013888888888888,0.08461805555555556,0.13722222222222222,0.13538194444444446,0.0,0.0,0.0,0.0,0.0,0.0,0.0,0.0,0.0,0.0,0.0,0.0,0.0,0.0,0.0,0.0,0.0,0.0,-0.5521150197269292,6.711632299475412,-2.5062227544713664,1.2725330275105713,-41.196712,8.854745
Bolsover,E07000033,80270,78143,74852,198,96,2997,744,288,102,190,164,722,266,86,12,152,206,419,246,111,62,242,42,200,38103,3841,5001,3924,3409,4661,4388,3206,3863,5810,33546,27509,12940,4844,1434,,209,96,4568,205,420,3712,7885,2349,1560,843,555,304,1217,1713,2137,2931,5973,1417,2021,0.9735019309829326,0.008994643079606329,0.005219882895228603,0.00926871807649184,0.003014824965740625,0.41791453843278936,0.3427058676965242,0.16120592998629624,0.06034633113242806,0.017864706615173788,0.9578849033182755,0.002533816208745505,0.0012285169496947903,0.03835276352328423,0.01662049861495845,0.21052631578947367,0.3684210526315789,0.11911357340720222,0.2853185595567867,0.5871121718377088,0.2649164677804296,0.14797136038186157,0.2553763440860215,0.13709677419354838,0.3870967741935484,0.22043010752688172,0.17355371900826447,0.8264462809917356,0.10080571083641708,0.13124950791276277,0.10298401700653492,0.08946802089074352,0.12232632601107524,0.1151615358370732,0.08414035640238302,0.10138309319476156,0.1524814319082487,0.0,0.0,0.0,0.0,0.0,0.0,0.0,0.0,0.0,0.0,0.0,0.0,0.0,0.0,0.0,0.0,0.0,0.0,-1.179626334860349,5.538913816474273,-1.2854353022652865,-0.34618071764266906,-39.768288,8.747618
Bolton,E08000001,295960,212941,203486,1430,519,7506,6643,1737,1242,2338,1326,59596,26238,27897,985,1123,3353,11238,9299,603,1336,5542,1812,3730,125438,13286,21197,15019,12357,12663,12393,12227,11486,14810,142076,96785,38905,13968,4229,,245,78,10613,1104,1008,11004,23474,7621,5190,3634,3867,1885,6618,6502,6652,12031,19288,4625,2021,0.7194924989863495,0.20136504933099067,0.03797134747938911,0.022445600756859033,0.018725503446411676,0.480051358291661,0.3270205433166644,0.1314535748074064,0.04719556696850926,0.014289093120691985,0.9555980295011294,0.00671547517857059,0.002437294837537158,0.03524920048276283,0.016527954896301766,0.018843546546748104,0.44026444727834085,0.46810188603261965,0.05626216524598966,0.8274604022067984,0.05365723438334223,0.1188823634098594,0.3519494204425711,0.18696372121029656,0.26147824777961765,0.19960861056751467,0.326957776975821,0.673042223024179,0.10591686729699135,0.1689838804827883,0.11973245746902852,0.09851081809340072,0.10095027025303337,0.09879781246512222,0.09747444952885091,0.09156714871091695,0.11806629569986767,0.0,0.0,0.0,0.0,0.0,0.0,0.0,0.0,0.0,0.0,0.0,0.0,0.0,0.0,0.0,0.0,0.0,0.0,-3.1035021619326435,2.226302586091808,-2.8446043743560137,0.723588099614863,-29.917631,19.50074
Boston,E07000136,70505,66733,52540,161,142,13890,1015,283,176,261,295,1443,606,317,67,111,342,467,357,57,53,847,119,728,33631,2843,3598,2475,2550,3702,3403,2631,6272,6157,29747,26118,10548,3193,896,,1764,16,5376,90,215,2346,6789,1790,1209,317,295,459,791,2795,1032,2138,5191,1014,2021,0.9465002482093469,0.020466633572087087,0.006623643713211829,0.014396142117580314,0.012013332387773917,0.4219133394794695,0.3704418126374016,0.1496064108928445,0.04528756825757038,0.012708318558967448,0.7873166199631367,0.002412599463533784,0.002127882756657126,0.20814289781667242,0.04643104643104643,0.07692307692307693,0.41995841995842,0.21968121968121967,0.23700623700623702,0.7644539614561028,0.12205567451820129,0.11349036402569593,0.2571428571428571,0.17339901477832512,0.2788177339901478,0.29064039408866993,0.14049586776859505,0.859504132231405,0.08453510154321905,0.10698462727840385,0.07359281615176475,0.075822901489697,0.11007701228033659,0.10118640539977997,0.07823139365466385,0.1864946031934822,0.18307513900865274,0.0,0.0,0.0,0.0,0.0,0.0,0.0,0.0,0.0,0.0,0.0,0.0,0.0,0.0,0.0,0.0,0.0,0.0,-2.2570885228087985,4.9844678728761975,-3.24900201683509,-0.030925045546476026,-36.45981,10.14797
"Bournemouth, Christchurch and Poole",E06000058,400195,365510,329609,2611,489,32801,11093,2660,1839,3213,3381,13551,4678,596,1219,2569,4489,4233,2833,917,483,5808,1371,4437,186030,24266,36384,24034,16486,20154,19901,16046,11031,17728,190242,136523,52466,16230,4735,,380,218,12644,767,1171,16432,28002,7416,11188,7596,12100,3419,9752,9419,7567,16501,32740,8720,2021,0.9133297517460238,0.03386099276602656,0.010577343545021801,0.027718986993840504,0.014512924949087319,0.47537325553792525,0.3411411936680868,0.13110108821949298,0.04055522932570372,0.011831732030635065,0.9017783371179995,0.007143443407841099,0.0013378566933873218,0.08974036278077208,0.08995646077780238,0.18958010478931445,0.3452143753228544,0.04398199394878607,0.3312670651612427,0.6692652964800379,0.21663123080557525,0.11410347271438696,0.2896421166501397,0.1657802217614712,0.23979085910033354,0.3047868024880555,0.23605371900826447,0.7639462809917356,0.13044132666774177,0.19558135784550879,0.1291942159866688,0.08862011503520938,0.10833736494113852,0.10697736924152018,0.08625490512282966,0.05929688759877439,0.0952964575606085,0.0,0.0,0.0,0.0,0.0,0.0,0.0,0.0,0.0,0.0,0.0,0.0,0.0,0.0,0.0,0.0,0.0,0.0,-3.5964061237583747,1.7424744684882312,0.43125840114317965,1.2283397889714276,-31.875397,4.3718204
Bracknell Forest,E06000036,124605,107269,96950,1038,161,9120,3843,970,565,1337,971,8879,3774,947,219,828,3111,2993,2072,554,367,1621,310,1311,66398,10132,13742,10767,6650,6604,5981,4304,2967,5251,65829,42515,12273,3147,846,,205,96,3983,376,498,5659,9899,3301,2759,7114,1795,1110,4368,4427,3681,6312,7706,3104,2021,0.8608723566470046,0.07125717266562337,0.02401990289314233,0.030841459010473096,0.01300910878375667,0.5283014325267846,0.3411981862686088,0.09849524497411821,0.025255808354399903,0.0067894546767786204,0.9038025897509998,0.009676607407545517,0.001500899607528736,0.08501990323392593,0.02466493974546683,0.09325374479108008,0.42504786575064757,0.1066561549724068,0.3503772947403987,0.6922819913130638,0.18509856331440028,0.12261944537253591,0.34790528233151186,0.14702055685662244,0.2524069737184491,0.2526671870934166,0.19123997532387416,0.8087600246761258,0.15259495767944817,0.20696406518268623,0.16215849874996235,0.1001536190849122,0.09946082713334739,0.09007801439802404,0.06482122955510708,0.04468508087593,0.07908370734058255,0.0,0.0,0.0,0.0,0.0,0.0,0.0,0.0,0.0,0.0,0.0,0.0,0.0,0.0,0.0,0.0,0.0,0.0,-4.865998239695464,-0.6048232481848368,2.109642999210165,-0.4562814737913382,-23.279129,0.6076717
Bradford,E08000032,546412,334004,309912,2139,849,21104,15006,4426,1196,6458,2926,175664,14429,139553,12403,1345,7934,10978,7061,2614,1303,10760,2734,8026,221137,22188,37854,25366,21385,23080,23590,20131,20912,26631,252136,188664,73124,24904,7580,,645,125,20441,832,2016,15209,39036,13189,10826,6819,9191,3074,10742,11245,12475,23439,34053,7779,2021,0.6112676881181234,0.32148635095861733,0.0200910668140524,0.027462793642892176,0.019692100466314796,0.46143935345490217,0.34527792215397907,0.13382575785304862,0.045577329926868373,0.013872316127757077,0.9278691273158405,0.006404114920779392,0.0025418857259194502,0.06318487203746063,0.07060638491665908,0.007656662719737681,0.08213976682757992,0.7944314145186264,0.04516577101739685,0.6431954818728366,0.2381125888139916,0.1186919293131718,0.43036118885779023,0.07970145275223244,0.29494868719178996,0.19498867119818739,0.25408921933085504,0.745910780669145,0.10033599081112614,0.17117895241411432,0.11470717247679041,0.09670475768415054,0.10436968937807785,0.10667595201164888,0.09103406485572292,0.09456581214360328,0.12042760822476564,0.0,0.0,0.0,0.0,0.0,0.0,0.0,0.0,0.0,0.0,0.0,0.0,0.0,0.0,0.0,0.0,0.0,0.0,-2.9143244780499695,2.1868371731872345,-3.4422104755259686,-1.1695921910402625,-28.819054,21.168861
Braintree,E07000067,155265,146981,140283,1085,161,5452,3014,844,437,880,853,2566,834,229,221,365,917,1889,1205,442,242,815,106,709,76282,10693,12192,10303,7892,9669,7290,5565,5335,7343,73375,55346,19655,5431,1461,,817,56,5707,269,609,9651,11981,4405,2839,2663,3699,1202,4703,3952,4297,6615,9540,3276,2021,0.9466460567416997,0.016526583582906644,0.012166296332077416,0.019411973078285513,0.005249090265030754,0.4725791388915725,0.3564615335072296,0.12659002350819568,0.034978907029916594,0.009409718867742247,0.9544294840829767,0.007381906504922405,0.0010953796749239699,0.037093229737176915,0.08612626656274357,0.142244738893219,0.3250194855806703,0.08924395946999221,0.3573655494933749,0.6379036527263102,0.2339862361037586,0.12811011116993118,0.291970802919708,0.14499004644990046,0.28002654280026545,0.28301260783012605,0.13006134969325153,0.8699386503067484,0.1401772370939409,0.15982800660706326,0.1350646286148764,0.10345822081224929,0.12675336252326894,0.09556645080097532,0.07295299022049763,0.0699378621431006,0.0962612411840277,0.0,0.0,0.0,0.0,0.0,0.0,0.0,0.0,0.0,0.0,0.0,0.0,0.0,0.0,0.0,0.0,0.0,0.0,-3.2309973005667962,2.2462437862328257,1.5713448244670793,-0.4291199588492152,-33.08524,1.4309913
Breckland,E07000143,141477,136457,125516,654,204,10083,2051,515,456,482,598,1340,342,105,120,254,519,820,387,233,200,809,32,777,65638,8022,8545,7596,5767,8759,7031,4997,6821,8100,60208,52416,21131,6109,1613,,2543,90,7760,298,560,6333,10403,3150,3096,1293,1496,880,3086,3462,4042,4969,9233,2946,2021,0.9645172006757282,0.009471504202096455,0.0057959951087455915,0.01449705605858196,0.005718243954847785,0.425567406716286,0.370491316609767,0.1493599666376867,0.04318016356015465,0.011401146476105658,0.9198208959598995,0.004792718585341902,0.0014949764394644467,0.0738914090152942,0.08955223880597014,0.18955223880597014,0.25522388059701495,0.07835820895522388,0.38731343283582087,0.4719512195121951,0.2841463414634146,0.24390243902439024,0.23500731350560702,0.22233057045343735,0.25109702584105315,0.2915650901999025,0.03955500618046971,0.9604449938195303,0.12221578963405344,0.1301837350315366,0.11572564672902892,0.0878606904537006,0.13344404156129072,0.1071178280873884,0.07612968097748256,0.10391846186660167,0.12340412565891709,0.0,0.0,0.0,0.0,0.0,0.0,0.0,0.0,0.0,0.0,0.0,0.0,0.0,0.0,0.0,0.0,0.0,0.0,-2.5736704410907825,4.309543133266238,0.19901496934664922,-0.45843475761425745,-38.362923,5.0413933
Brent,E09000005,339821,117701,51611,9314,237,56539,17249,3775,3184,3607,6683,111515,66157,15217,2186,3393,24562,59495,31070,21258,7167,33861,17924,15937,160997,18700,31402,19463,13311,15838,13901,13423,12932,22027,176793,111300,36871,11158,3692,,101,100,7395,517,434,17532,25946,9390,10568,9803,6044,3122,11990,11229,5599,12612,20317,8301,2021,0.34636176104478533,0.32815805968436323,0.17507746725481946,0.05075907610183008,0.09964363591420189,0.5202533098307638,0.3275253736525995,0.10850124035889483,0.032834933685675693,0.01086454339196224,0.4384924512111197,0.07913271764895795,0.0020135767750486403,0.4803612543648737,0.019602744025467425,0.030426400035869616,0.5932565125767834,0.13645697888176478,0.2202573644801148,0.5222287587192201,0.35730733675098747,0.12046390452979241,0.20911357180126383,0.18459041103832105,0.21885326685604964,0.3874427503043655,0.5293405392634595,0.4706594607365406,0.11615123263166395,0.19504711267911826,0.12089045137487034,0.0826785592278117,0.09837450387274298,0.08634322378677864,0.08337422436442915,0.08032447809586514,0.13681621396671986,0.0,0.0,0.0,0.0,0.0,0.0,0.0,0.0,0.0,0.0,0.0,0.0,0.0,0.0,0.0,0.0,0.0,0.0,-7.140696919165832,-5.7076872304467425,-7.808763823792874,-0.036968025086469306,-12.492317,11.00086
Brentwood,E07000068,77048,68194,63696,1008,95,3395,2368,633,321,809,605,3913,2015,267,293,510,828,1747,1164,368,215,826,166,660,37901,7010,8922,6046,4613,3263,2536,1878,1496,2137,41588,24413,8141,2214,691,,161,36,1677,117,183,4373,3992,1559,1233,2181,4719,772,3403,2010,1846,3633,4294,1711,2021,0.8850846225729415,0.05078652268715606,0.0226741771363306,0.030734087841345653,0.010720589762226144,0.539767417713633,0.316854428408265,0.10566140587685599,0.028735333817879762,0.008968435261135915,0.9340411179869197,0.01478135906384726,0.0013930844355808428,0.049784438513652225,0.0748786097623307,0.1303347814975722,0.5149501661129569,0.06823409148990545,0.21160235113723486,0.6662850601030338,0.21064682312535776,0.12306811677160848,0.3416385135135135,0.13555743243243243,0.2673141891891892,0.25548986486486486,0.2009685230024213,0.7990314769975787,0.18495554207013007,0.23540275982164058,0.1595208569694731,0.12171182818395293,0.08609271523178808,0.06691116329384449,0.049550143795678216,0.0394712540566212,0.056383736576871325,0.0,0.0,0.0,0.0,0.0,0.0,0.0,0.0,0.0,0.0,0.0,0.0,0.0,0.0,0.0,0.0,0.0,0.0,-5.124018284336967,-1.4837689245199137,2.898828849683835,-0.82772473819811,-20.848534,0.31618243
Bridgend,W06000013,145490,140799,137755,452,57,2535,1684,487,279,525,393,2152,588,180,163,491,730,429,257,98,74,426,80,346,63984,6715,11567,7955,5803,7264,7322,5449,5182,6727,66751,46142,21589,8254,2752,,224,110,6783,408,681,5743,9578,2620,2858,1983,1671,787,2472,2640,6222,5690,11072,2440,2021,0.96775723417417,0.014791394597566843,0.0029486562650353977,0.011574678672073683,0.002928036291154031,0.4588012921850299,0.3171489449446697,0.14838820537493985,0.056732421472266134,0.018915389373840127,0.9783805282707974,0.0032102500727988125,0.000404832420684806,0.018004389235719002,0.07574349442379182,0.22815985130111524,0.2732342007434944,0.08364312267657993,0.3392193308550186,0.5990675990675991,0.22843822843822845,0.17249417249417248,0.31175771971496435,0.1656769596199525,0.28919239904988125,0.2333729216152019,0.18779342723004694,0.812206572769953,0.104948112028007,0.18077956989247312,0.12432795698924731,0.09069454863715928,0.11352838209552388,0.11443485871467866,0.08516191547886971,0.08098899724931233,0.10513565891472869,0.0,0.0,0.0,0.0,0.0,0.0,0.0,0.0,0.0,0.0,0.0,0.0,0.0,0.0,0.0,0.0,0.0,0.0,-2.13118808178982,4.105184757452825,0.03534154540026486,1.3073967281937744,-42.888004,10.875156
Brighton and Hove,E06000043,277103,236571,204831,3944,197,27599,13228,2410,2334,4198,4286,13217,3633,929,1729,3065,3861,5458,3949,988,521,8629,3049,5580,139292,19701,36478,23620,10344,10753,12075,10144,5135,11042,139078,91878,32118,10757,3272,,214,68,4554,855,614,9324,17003,4660,8580,9579,6647,2396,11843,7229,6326,17558,22398,9440,2021,0.8537294796519705,0.047697065712027656,0.019696647095123473,0.0477367621425968,0.031140045398281507,0.5019000155176956,0.33156624071193747,0.11590635972905382,0.03881950033020213,0.011807883711111031,0.8658330902773375,0.016671527786584154,0.0008327309771696446,0.11666265095890874,0.13081637285314368,0.23189831277899675,0.2748732692744193,0.0702882651131119,0.29212377998032835,0.7235251007695126,0.1810186881641627,0.09545621106632467,0.3173571212579377,0.1764439068642274,0.18218929543392803,0.3240096764439069,0.35334337698458684,0.6466566230154132,0.14143669413893117,0.26188151509060104,0.16957183470694656,0.07426126410705568,0.07719754185452143,0.08668839560060879,0.07282543146770812,0.036865003015248546,0.07927232001837865,0.0,0.0,0.0,0.0,0.0,0.0,0.0,0.0,0.0,0.0,0.0,0.0,0.0,0.0,0.0,0.0,0.0,0.0,-5.321418152758054,-1.1834760794834929,0.6007987824537832,2.533252228313171,-29.491863,4.677187
"Bristol, City of",E06000023,472467,383142,338452,4288,273,40129,21116,7714,2621,5556,5225,31269,8302,9064,2616,5466,5821,27890,18149,6803,2938,9050,2540,6510,238513,24219,64929,35165,20448,19912,19568,16410,13017,24845,240060,154643,54311,18032,5419,,318,147,11895,1813,1573,16939,31726,10734,12120,15186,10420,2944,21255,12186,13041,26738,38634,10840,2021,0.8109391767044047,0.06618240004063776,0.05903057779696783,0.04469306851060497,0.019154776947384686,0.5080989783413444,0.3273096322071171,0.11495194373363642,0.03816562849892162,0.011469584119102498,0.8833591723173132,0.011191673061162703,0.0007125295582316739,0.10473662506329245,0.08366113403050945,0.17480571812338097,0.2655025744347437,0.28987175797115355,0.18615881544021234,0.6507350304768734,0.24392255288633918,0.10534241663678738,0.26311801477552565,0.12412388709982951,0.36531540064406137,0.24744269748058345,0.28066298342541435,0.7193370165745856,0.10154163504714628,0.2722241554967654,0.14743431175659188,0.08573117607845275,0.0834839191155199,0.08204164972139884,0.06880128127188036,0.05457564157928499,0.10416622993295963,0.0,0.0,0.0,0.0,0.0,0.0,0.0,0.0,0.0,0.0,0.0,0.0,0.0,0.0,0.0,0.0,0.0,0.0,-4.439333172920554,-0.42978302103075583,-0.8584954807218085,-0.2209242820850014,-27.090284,15.731192
Broadland,E07000144,131723,126869,123265,513,60,3031,1842,304,395,665,478,1831,554,69,179,436,593,684,474,95,115,497,97,400,62589,8232,11298,8134,6743,8066,6117,5035,3832,5132,59373,47997,18304,4810,1237,,899,261,4269,325,413,6738,9356,2506,2659,1842,3686,1196,3507,2876,3569,5786,9798,2909,2021,0.9631499434419197,0.01390038186193755,0.00519271501560092,0.013983890436749847,0.003773069243791897,0.4507413283936746,0.36437827866052247,0.13895826848765971,0.036516022258831035,0.009390918822073593,0.9715927452726828,0.0040435409753367645,0.00047292876904523565,0.023890784982935155,0.0977607864554888,0.2381212452211906,0.3025669033315128,0.037684325505188423,0.3238667394866193,0.6929824561403509,0.1388888888888889,0.16812865497076024,0.36102062975027144,0.21444082519001087,0.16503800217155265,0.25950054288816504,0.19517102615694165,0.8048289738430584,0.13152470881464795,0.18051095240377701,0.1299589384716164,0.10773458594960776,0.12887248558053332,0.09773282845228395,0.08044544568534406,0.06122481586221221,0.08199523877997732,0.0,0.0,0.0,0.0,0.0,0.0,0.0,0.0,0.0,0.0,0.0,0.0,0.0,0.0,0.0,0.0,0.0,0.0,-2.933204244790461,2.884220076662483,2.09717269079436,1.4689466344743056,-34.391586,2.6235695
Bromley,E09000006,329991,252295,219493,4954,578,27270,17740,5489,2431,4747,5073,27307,12326,1784,1748,5075,6374,25149,13193,8169,3787,7500,1203,6297,162122,27845,43321,25707,17733,12787,11212,8498,5867,9152,176211,106977,34265,9694,2844,,168,145,4254,601,562,14372,16726,5746,6110,11706,15519,3671,16260,8322,9942,17115,21770,9137,2021,0.7645511544254238,0.08275074168689449,0.07621116939552897,0.0537590419132643,0.022727892578888517,0.5339872905624699,0.3241815685882342,0.10383616522874867,0.0293765587546327,0.008618416865914524,0.8699855328088151,0.019635743871261817,0.0022909689054479874,0.10808775441447512,0.06401289046764566,0.185849782107152,0.4513860914783755,0.06533123374958802,0.2334200021972388,0.5245934231977415,0.32482404866992726,0.1505825281323313,0.267587373167982,0.13703494926719278,0.30941375422773393,0.2859639233370913,0.1604,0.8396,0.1717533709181974,0.26721234625775653,0.15856577145606396,0.10938058992610503,0.07887270080556617,0.06915779474716571,0.052417315355102946,0.03618879609183208,0.05645131444221019,0.0,0.0,0.0,0.0,0.0,0.0,0.0,0.0,0.0,0.0,0.0,0.0,0.0,0.0,0.0,0.0,0.0,0.0,-5.905946647311441,-2.673676486069914,1.3662218316058115,-1.681056808647537,-19.512419,1.3419333
Bromsgrove,E07000234,99183,92309,89676,986,85,1562,2414,1022,141,783,468,3159,1854,405,64,410,426,766,278,375,113,535,124,411,47287,8088,11774,6463,4697,4735,3672,2569,2120,3169,50253,32850,11705,3329,1046,,333,15,4144,321,342,4602,6152,1334,1752,2003,1806,934,3576,2262,2569,5653,7452,2039,2021,0.9306937680852565,0.03185021626690058,0.00772309770827662,0.02433884839135739,0.005394069548208867,0.5066694897311032,0.3312059526330117,0.11801417581642015,0.03356421967474265,0.010546162144722381,0.9714762374199699,0.010681515345199276,0.0009208202883792479,0.01692142694645159,0.02025957581513137,0.12978790756568534,0.5868945868945868,0.1282051282051282,0.13485280151946819,0.3629242819843342,0.489556135770235,0.1475195822454308,0.3243579121789561,0.058409279204639605,0.4233637116818558,0.19386909693454846,0.23177570093457944,0.7682242990654206,0.1710406665679785,0.2489902087254425,0.13667604204115297,0.09932962547846132,0.10013322900585785,0.07765347770000211,0.054327827944255294,0.0448326178442278,0.06701630469262165,0.0,0.0,0.0,0.0,0.0,0.0,0.0,0.0,0.0,0.0,0.0,0.0,0.0,0.0,0.0,0.0,0.0,0.0,-3.6215467028135833,0.20074825218956074,2.6603515268732054,-3.9839737925691137,-22.978897,5.1344395
Broxbourne,E07000095,99007,80301,67891,1310,155,10945,3930,1309,451,749,1421,3657,1391,322,316,420,1208,6588,3802,1966,820,4531,204,4327,48306,6696,7767,6405,5835,5806,4033,3455,3637,4672,49630,33422,11621,3354,980,,123,19,2515,236,374,6114,8437,2966,2029,2020,2217,1085,3033,2755,2390,4574,5123,2291,2021,0.8110638641712202,0.03693678224771986,0.06654074964396457,0.03969416303897704,0.04576444089811831,0.5012776874362419,0.33757209086226225,0.11737553910329572,0.03387639257830254,0.009898290019897582,0.8454564700315065,0.016313620004732195,0.0019302374814759468,0.1362996724822854,0.08640962537599126,0.11484823625922888,0.3803664205633033,0.0880503144654088,0.3303254033360678,0.577109896782028,0.298421372191864,0.12446873102610807,0.1905852417302799,0.11475826972010178,0.3330788804071247,0.3615776081424936,0.04502317369234165,0.9549768263076583,0.13861632095391876,0.1607874798161719,0.1325922245683766,0.12079244814308782,0.12019210864074856,0.08348859354945555,0.07152320622696974,0.07529085413820229,0.09671676396306877,0.0,0.0,0.0,0.0,0.0,0.0,0.0,0.0,0.0,0.0,0.0,0.0,0.0,0.0,0.0,0.0,0.0,0.0,-4.6110809233300545,-0.14632025055015083,-0.5725704828713619,-1.5734903109207377,-20.20465,9.137252
Broxtowe,E07000172,110940,98636,93718,653,26,4239,2819,1179,284,803,553,6152,2390,1232,112,1289,1129,1867,1129,522,216,1466,498,968,51916,5830,12754,6868,4992,5181,3961,3873,3320,5137,51331,38407,15476,4462,1264,,112,29,4698,530,277,4515,8499,2475,1803,2207,1036,672,3124,1969,3215,7035,7673,2046,2021,0.8890932035334415,0.05545339823327925,0.016828916531458446,0.02541013160266811,0.013214350099152694,0.46269154497926807,0.34619614205877053,0.13949882819542095,0.04021993870560663,0.011393546060933839,0.9501399083498925,0.006620300904335131,0.0002635954418265136,0.04297619530394582,0.018205461638491547,0.2095253576072822,0.38849154746423925,0.20026007802340703,0.18351755526657998,0.6047134440278522,0.2795929298339582,0.1156936261381896,0.2848527846754168,0.10074494501596311,0.41823341610500175,0.1961688542036183,0.339699863574352,0.660300136425648,0.11229678711765159,0.2456660759688728,0.1322906233145851,0.0961553278372756,0.09979582402342245,0.0762963248324216,0.0746012789891363,0.06394945681485477,0.0989483011017798,0.0,0.0,0.0,0.0,0.0,0.0,0.0,0.0,0.0,0.0,0.0,0.0,0.0,0.0,0.0,0.0,0.0,0.0,-2.8357522450335524,1.5635326676123504,0.23427461751132236,-1.2295322989734234,-26.003832,5.400898
Buckinghamshire,E06000060,553078,442164,401489,6370,623,33682,19570,5940,1902,6744,4984,68318,24181,29546,1673,3010,9908,14269,6811,5668,1790,8757,1561,7196,273236,50441,61466,40954,25760,25403,21485,16538,12757,18432,293915,183564,57178,14525,3897,,1834,344,18806,1016,2296,23745,37081,11789,10159,21512,10569,5264,23582,14902,14443,28204,34234,13450,2021,0.7994604739295361,0.12352326434969389,0.02579925435472031,0.03538379758370429,0.015833209782345346,0.5314169068377336,0.3318953203707253,0.10338143986924087,0.02626211854385819,0.00704602244168092,0.9080092454383442,0.014406419337621336,0.0014089794736794493,0.07617535575035507,0.024488421792207032,0.04405866682279926,0.35394771509704614,0.4324775315436635,0.14502766474428408,0.4773284743149485,0.3972247529609643,0.1254467727240872,0.34460909555442004,0.0971895758814512,0.3035258048032703,0.25467552376085845,0.1782573940847322,0.8217426059152678,0.18460598164224334,0.22495571593787056,0.14988508102885417,0.09427747441771948,0.0929709115929087,0.07863165907859872,0.06052643136336354,0.046688576907874514,0.06745816803056698,0.0,0.0,0.0,0.0,0.0,0.0,0.0,0.0,0.0,0.0,0.0,0.0,0.0,0.0,0.0,0.0,0.0,0.0,-5.087796459423374,-1.3369462044917517,1.4950125275655013,-2.8101261154828188,-21.357409,1.8943166
Burnley,E07000117,94651,78112,73752,457,83,3820,1505,191,165,826,323,13930,378,10102,2737,164,549,326,180,95,51,778,157,621,40038,3652,5577,4284,3490,4778,4775,3536,4088,5858,42648,31570,13808,5073,1546,,119,25,5775,130,224,3134,7832,1792,1742,1064,666,487,1297,2118,1927,3453,6870,1382,2021,0.8252633358337471,0.14717224329378453,0.0034442319679665297,0.015900518747820943,0.00821967015668086,0.45058161033692196,0.3335411141984765,0.1458832975879811,0.05359689807820308,0.016333689026000783,0.9441827120032773,0.005850573535436296,0.0010625768127816469,0.04890413764850471,0.1964824120603015,0.011773151471643935,0.027135678391959798,0.725197415649677,0.039411342426417806,0.5521472392638037,0.29141104294478526,0.15644171779141106,0.5488372093023256,0.10963455149501661,0.12691029900332226,0.21461794019933556,0.20179948586118251,0.7982005141388174,0.09121334732004596,0.13929267196163644,0.10699835156601228,0.08716719116839003,0.11933663020130876,0.1192617013836855,0.08831609970527998,0.10210300214795943,0.1463110045456816,0.0,0.0,0.0,0.0,0.0,0.0,0.0,0.0,0.0,0.0,0.0,0.0,0.0,0.0,0.0,0.0,0.0,0.0,-2.121591765442848,4.103442321896717,-2.257737666148962,0.3676938791806575,-30.179253,21.922392
Bury,E08000002,193851,160716,151528,2192,132,6864,5123,1622,746,1670,1085,20593,1866,15148,480,1055,2044,3690,2520,701,469,3729,715,3014,88485,11113,18354,12059,9075,8038,8482,7351,6042,7971,93456,63919,25700,8416,2359,,155,30,6403,448,618,6955,14800,4172,3654,3440,3244,1438,5814,4328,5307,10114,14008,3547,2021,0.8290697494467401,0.10623107438187061,0.019035238404754167,0.02642751391532672,0.019236423851308478,0.48210223315845674,0.3297326297001305,0.13257605067809813,0.04341478764618186,0.012169140215939046,0.9428308320266806,0.01363896562881107,0.000821324572537893,0.04270887777197043,0.023308891370854175,0.05123100082552324,0.0906133152041956,0.735589763511873,0.09925702908755403,0.6829268292682927,0.18997289972899728,0.12710027100271,0.3259808705836424,0.14561780206910013,0.3166113605309389,0.21178996681631856,0.19174041297935104,0.8082595870206489,0.12559190823303384,0.20742498728598066,0.13628298581680512,0.10255975589082895,0.09084025541052156,0.095858055037577,0.0830762276091993,0.06828275978979488,0.09008306492625869,0.0,0.0,0.0,0.0,0.0,0.0,0.0,0.0,0.0,0.0,0.0,0.0,0.0,0.0,0.0,0.0,0.0,0.0,-3.5460641909756982,1.508993534671936,-1.2994328006905544,-0.3855936044798169,-27.761108,18.191057
Caerphilly,W06000018,175955,171955,169356,389,38,2172,1754,539,247,535,433,1584,456,155,38,446,489,283,129,93,61,379,87,292,77439,7248,11986,9388,7980,9026,8644,6628,7859,8680,76930,56471,27645,11275,3631,,252,114,10059,623,1242,7296,10959,2986,2931,1842,2648,797,2855,3434,8188,6810,11706,2699,2021,0.9772669148361797,0.009002301724872836,0.001608365775340286,0.009968457844335199,0.0021539598192719727,0.43721406041317384,0.320940013071524,0.15711403483845301,0.06407888380551846,0.02063595805745787,0.9848855805297898,0.002262219766799453,0.00022098804919891833,0.012631211654211858,0.023989898989898988,0.2815656565656566,0.2878787878787879,0.09785353535353536,0.3087121212121212,0.4558303886925795,0.3286219081272085,0.21554770318021202,0.3050171037628278,0.14082098061573547,0.3072976054732041,0.24686431014823262,0.22955145118733508,0.7704485488126649,0.09359624995157478,0.1547798912692571,0.12123090432469427,0.10304885135396893,0.11655625718307312,0.11162334224357236,0.08558994821730652,0.10148633117679721,0.11208822427975568,0.0,0.0,0.0,0.0,0.0,0.0,0.0,0.0,0.0,0.0,0.0,0.0,0.0,0.0,0.0,0.0,0.0,0.0,-1.2871756682076205,4.856679624029094,-0.32927680431186296,0.45113281363149826,-43.128128,10.698752
Calderdale,E08000033,206631,177836,170983,1564,136,5153,4027,1348,372,1458,849,21726,1861,17637,681,415,1132,1439,847,400,192,1603,327,1276,93381,11521,18183,12703,9120,10426,8829,6895,7165,8539,96309,70657,27913,9057,2695,,363,144,9139,343,850,8352,14400,3675,3756,2996,5850,1365,4817,3967,5114,10251,13903,4096,2021,0.8606453049155257,0.10514395226272921,0.006964105095556814,0.01948884726880284,0.007757790457385388,0.46609172873382987,0.3419477232361069,0.13508621649220107,0.0438317580614719,0.01304257347639028,0.9614644953777638,0.008794619762027936,0.0007647495445241684,0.028976135315684114,0.03134493233913284,0.019101537328546442,0.08565773727331308,0.811792322562828,0.052103470496179694,0.5886031966643502,0.27797081306462823,0.13342599027102153,0.36205612118202135,0.09237645890240874,0.3347405016141048,0.2108269183014651,0.20399251403618215,0.7960074859638179,0.12337627568777375,0.19471841166832654,0.13603409687195467,0.09766440710637067,0.11165012154506805,0.09454814148488451,0.07383729024105547,0.07672867071459932,0.09144258467996702,0.0,0.0,0.0,0.0,0.0,0.0,0.0,0.0,0.0,0.0,0.0,0.0,0.0,0.0,0.0,0.0,0.0,0.0,-2.9106535363464263,2.2919067143074114,-0.7472108712059747,-1.6169121738253964,-27.520695,18.794931
Cambridge,E07000008,145674,108570,77195,1885,110,29380,7410,1152,1010,2987,2261,21626,5916,1500,2874,6362,4974,3561,2519,639,403,4507,1141,3366,70598,7446,29962,8532,4096,3577,4824,3444,2374,6343,80195,46807,13957,3715,1001,,177,46,3853,157,212,2468,6076,1652,3653,7118,1062,686,10027,2663,1982,15145,10671,2955,2021,0.7452942872441204,0.1484547688674712,0.024444993615882038,0.050867004407100784,0.03093894586542554,0.550510042972665,0.32131334349300494,0.09580982193116136,0.025502148633249584,0.0068715076128890535,0.7110159344201897,0.017362070553559917,0.0010131712259371835,0.27060882380031315,0.13289558864329973,0.29418292795708867,0.2735596041801535,0.06936095440673264,0.2300009248127254,0.7073855658522887,0.17944397641112048,0.11317045773659085,0.4031039136302294,0.13630229419703105,0.15546558704453442,0.30512820512820515,0.25316174839139116,0.7468382516086088,0.10547040992662682,0.4244029575908666,0.12085328196266183,0.0580186407546956,0.050667157709850134,0.06833054760758095,0.04878325165018839,0.033627014929601406,0.08984673786792827,0.0,0.0,0.0,0.0,0.0,0.0,0.0,0.0,0.0,0.0,0.0,0.0,0.0,0.0,0.0,0.0,0.0,0.0,-7.1133018103811345,-3.7211809785677046,0.6090315681012659,1.664482905089457,-15.620889,4.5722094
Camden,E09000007,210136,125064,74348,5325,128,45263,13938,2558,2059,4243,5078,38042,6952,1610,14356,6728,8396,18892,14191,2703,1998,14200,4417,9783,102513,18247,35269,19193,6330,3781,6279,5152,2963,5299,116692,61665,21109,8013,2657,,73,142,2500,330,141,3557,10171,2913,5197,10522,9289,2231,16479,3993,3936,10381,12548,8112,2021,0.5951574218601287,0.18103513914798036,0.08990368142536262,0.06632847298892146,0.06757528457760688,0.5553165568964861,0.29345281151254426,0.10045399170061294,0.038132447557772106,0.012644192332584611,0.5944796264312672,0.04257819996161965,0.0010234759802980873,0.36191869762681506,0.3773723778981126,0.1768571578781347,0.18274538667788234,0.04232164449818621,0.22070343304768414,0.7511645140800339,0.14307643446961676,0.10575905145034935,0.30441957239202183,0.14772564212943035,0.18352704835700961,0.36432773712153826,0.311056338028169,0.688943661971831,0.17799693697384722,0.3440441700077063,0.1872250348736258,0.06174826607357116,0.036883127018036733,0.06125076819525328,0.050257040570464234,0.02890365124423244,0.05169100504326281,0.0,0.0,0.0,0.0,0.0,0.0,0.0,0.0,0.0,0.0,0.0,0.0,0.0,0.0,0.0,0.0,0.0,0.0,-8.86269996296164,-6.6000583777498365,-1.9422669209015724,2.897026074900522,-10.958832,5.752446
Cannock Chase,E07000192,100523,97131,95019,315,33,1764,1422,732,113,346,231,1208,498,118,68,246,278,472,194,212,66,290,27,263,48876,5429,6719,5789,4675,6953,4814,4112,4597,5788,43559,35779,14742,4955,1485,,133,34,5300,297,742,6494,9259,2988,2051,1149,909,526,1714,2208,2678,4025,6543,1825,2021,0.966256478616834,0.012017150303910549,0.004695442833978294,0.014146016334570197,0.0028849119107070024,0.43332371696029764,0.3559284939765029,0.1466530047849746,0.049292201784666194,0.01477273857724103,0.9782561695030423,0.0032430429008246595,0.0003397473515149643,0.018161040244618093,0.056291390728476824,0.20364238410596028,0.41225165562913907,0.09768211920529801,0.23013245033112584,0.4110169491525424,0.4491525423728814,0.13983050847457626,0.24331926863572434,0.07946554149085795,0.5147679324894515,0.16244725738396623,0.09310344827586207,0.906896551724138,0.11107701121204681,0.13747033308781406,0.11844258940993535,0.09565021687535805,0.1422579589164416,0.09849414845732056,0.08413127097143792,0.09405434159914887,0.11842212947049677,0.0,0.0,0.0,0.0,0.0,0.0,0.0,0.0,0.0,0.0,0.0,0.0,0.0,0.0,0.0,0.0,0.0,0.0,-1.1793958620219498,4.646985832633783,-0.060970508706356306,-3.461884190092656,-30.479626,9.962486
Canterbury,E07000106,157429,140473,129887,1311,391,8884,4316,983,661,1408,1264,6377,1994,541,431,1357,2054,3906,2928,647,331,2357,675,1682,66164,8502,14588,8689,5530,6890,6524,5248,3466,6727,74034,54597,20762,6224,1812,,617,32,3008,272,333,6011,9980,2478,3864,2340,1599,869,3917,3223,3177,10437,10811,3198,2021,0.8922943040989907,0.04050714925458461,0.024811184724542492,0.0274155333515426,0.014971828570339645,0.47026913719835606,0.3468039560690851,0.13188167364335668,0.03953528257182603,0.011509950517376088,0.9246403223395243,0.009332754337132402,0.0027834530479166814,0.0632434702754266,0.06758663948565156,0.21279598557315352,0.3126862160890701,0.08483612984161831,0.3220950290105065,0.7496159754224271,0.16564260112647208,0.08474142345110088,0.3262279888785913,0.1531510658016682,0.2277571825764597,0.2928637627432808,0.28638099278744167,0.7136190072125583,0.1284988815670153,0.2204824375793483,0.1313251919472825,0.08358019466779518,0.10413517925155674,0.09860347016504444,0.0793180581585152,0.05238498277008645,0.1016716038933559,0.0,0.0,0.0,0.0,0.0,0.0,0.0,0.0,0.0,0.0,0.0,0.0,0.0,0.0,0.0,0.0,0.0,0.0,-3.772719612232781,1.4089789037775116,0.6254217604975029,1.6378224448268623,-31.6173,5.001499
Cardiff,W06000015,362310,286931,266533,2335,673,17390,14506,4299,2611,3572,4024,34983,8837,8615,6887,5017,5627,13896,10587,1350,1959,11994,6624,5370,160439,16879,43189,22367,15235,11633,14315,14181,7965,14675,181604,115195,44144,16193,5172,,166,74,7142,1357,1311,9206,20302,5597,9248,7765,8092,2385,10891,6951,14941,19185,27952,7873,2021,0.7919488835527587,0.09655543595263724,0.038353895835058376,0.04003753691590075,0.03310424774364495,0.5012392702381938,0.3179459578813723,0.1218404129060749,0.04469377052800088,0.014275068311666805,0.9289097378812328,0.008137844987122339,0.002345511638686653,0.06060690549295824,0.19686704970985908,0.14341251464997284,0.25260840979904525,0.2462624703427379,0.16084955549838492,0.761873920552677,0.09715025906735751,0.14097582037996545,0.24624293395836205,0.17999448504067284,0.29636012684406454,0.27740245415690057,0.5522761380690345,0.44772386193096547,0.10520509352464176,0.2691926526592661,0.13941124040912745,0.09495820841565954,0.0725073080734734,0.08922394180965974,0.08838873341269891,0.049645036431291645,0.09146778526418141,0.0,0.0,0.0,0.0,0.0,0.0,0.0,0.0,0.0,0.0,0.0,0.0,0.0,0.0,0.0,0.0,0.0,0.0,-4.125886556812327,-0.25352094487567023,-1.90145060155152,2.6704983618513847,-35.73887,17.688288
Carmarthenshire,W06000010,187898,182652,176673,649,437,4893,1756,437,255,635,429,2321,562,241,137,379,1002,455,248,138,69,714,264,450,81953,8341,13868,8829,7241,12162,10086,6822,6435,8169,84785,59550,29491,10554,3517,,3483,158,6364,359,730,7474,12435,2983,3710,1566,1362,725,2932,2868,8186,7767,15527,3324,2021,0.9720805969196054,0.01235244654014412,0.002421526572927865,0.009345495960574355,0.0037999340067483424,0.4512288582103056,0.3169272690502294,0.1569521761806938,0.05616877241907844,0.018717602103268796,0.9672656198672887,0.0035532050018614635,0.002392527867201016,0.026788647263648907,0.05902628177509694,0.16329168461869883,0.24213700990952175,0.1038345540715209,0.4317104696251616,0.545054945054945,0.3032967032967033,0.15164835164835164,0.36161731207289294,0.14521640091116172,0.2488610478359909,0.24430523917995445,0.3697478991596639,0.6302521008403361,0.10177784827889157,0.1692189425646407,0.10773248081217283,0.08835552084731492,0.14840213292985002,0.12307054043171085,0.08324283430746891,0.07852061547472332,0.09967908435322685,0.0,0.0,0.0,0.0,0.0,0.0,0.0,0.0,0.0,0.0,0.0,0.0,0.0,0.0,0.0,0.0,0.0,0.0,-1.6240674931349568,4.323872910744302,0.15688535541786255,1.7101330242740136,-44.2695,8.516114
Castle Point,E07000069,89582,84981,82997,528,31,1425,1446,512,155,419,360,1550,541,164,189,264,392,1179,827,190,162,426,32,394,41006,5373,5837,5381,5352,5501,3806,3106,3152,3498,40925,31438,12324,3807,1093,,77,25,2481,216,429,5927,6122,2526,1406,1252,3270,742,2303,2004,2105,3470,4793,1859,2021,0.9486392355607153,0.017302583108213705,0.013161126119086423,0.016141635596436783,0.004755419615547767,0.4568440088410618,0.35094103726195,0.13757228014556497,0.04249737670514166,0.012201111830501663,0.9766536049234534,0.006213153528435768,0.0003647874230710394,0.016768454125039713,0.12193548387096774,0.1703225806451613,0.34903225806451615,0.10580645161290322,0.25290322580645164,0.7014418999151824,0.16115351993214588,0.13740458015267176,0.2897648686030429,0.10719225449515905,0.35408022130013833,0.24896265560165975,0.07511737089201878,0.9248826291079812,0.13102960542359654,0.14234502267960786,0.13122469882456225,0.13051748524606155,0.13415109983904794,0.09281568550943764,0.07574501292493781,0.07686679998049066,0.08530458957225771,0.0,0.0,0.0,0.0,0.0,0.0,0.0,0.0,0.0,0.0,0.0,0.0,0.0,0.0,0.0,0.0,0.0,0.0,-2.4496128372232167,3.11746525029254,1.0811722139291546,-0.8619182609909194,-30.444847,0.8778684
Central Bedfordshire,E06000056,294251,265545,245769,3527,436,15813,8885,3121,1095,2572,2097,10321,4684,1312,572,1368,2385,7018,3942,2148,928,2482,493,1989,151077,22832,29383,22805,15297,16739,12379,9605,9246,12791,148210,101486,33332,8817,2407,,1009,77,11657,581,955,17088,23691,7887,5959,7247,4547,2726,9577,8387,9697,15624,17000,7365,2021,0.9024438319665864,0.03507549676976459,0.023850386234881105,0.030195309446696867,0.008434975582071088,0.5036856289358405,0.34489602414265375,0.11327744000870006,0.029964214225270264,0.008180091146674099,0.92552674687906,0.013282117908452427,0.0016419062682407877,0.05954922894424674,0.05542098633853309,0.13254529599844977,0.4538319930239318,0.12711946516810388,0.2310822594709815,0.5616984895981761,0.3060701054431462,0.1322314049586777,0.2894766460326393,0.12324141812042769,0.35126617895329204,0.23601575689364096,0.19863013698630136,0.8013698630136986,0.1511282326230995,0.19449022683797004,0.15094951580981883,0.1012530034353343,0.11079780509276727,0.08193834931855941,0.06357685153928129,0.061200579836771976,0.0846654355063974,0.0,0.0,0.0,0.0,0.0,0.0,0.0,0.0,0.0,0.0,0.0,0.0,0.0,0.0,0.0,0.0,0.0,0.0,-3.9847663830448545,0.30921682881049645,1.5910787251506857,-1.9576905152203021,-24.019701,2.756156
Ceredigion,W06000008,71473,68776,65674,430,57,2615,867,190,128,292,257,1096,325,145,76,320,230,366,252,74,40,368,138,230,30119,3363,5368,3108,2452,5437,3147,2408,1712,3124,32195,24054,10881,3328,1017,,2313,39,1419,152,228,2582,4424,848,2145,625,319,367,1308,1171,2252,3895,4423,1620,2021,0.9622654708771144,0.015334461964657983,0.005120814853161334,0.012130454857078896,0.005148797447987352,0.4504498202118282,0.3365466679725211,0.1522393071509521,0.04656303779049431,0.014229149469030263,0.9548970571129464,0.00625218099336978,0.0008287774805164592,0.038021984413167384,0.06934306569343066,0.291970802919708,0.2965328467153285,0.1322992700729927,0.20985401459854014,0.6885245901639344,0.20218579234972678,0.1092896174863388,0.33679354094579006,0.14763552479815456,0.21914648212226068,0.2964244521337947,0.375,0.625,0.11165709352900163,0.17822636873734188,0.10319067698130747,0.08141040539194529,0.18051728145024734,0.10448554068860189,0.07994953351704905,0.056841196586872075,0.1037219031176334,0.0,0.0,0.0,0.0,0.0,0.0,0.0,0.0,0.0,0.0,0.0,0.0,0.0,0.0,0.0,0.0,0.0,0.0,-2.1173650869611413,3.6730517035693944,0.7303650274442898,2.1102590546996876,-46.692413,8.981677
Charnwood,E07000130,183970,151459,143345,1038,70,7006,4660,1355,529,1721,1055,22853,15735,654,2677,1760,2027,2840,2081,518,241,2158,609,1549,84800,11078,17495,11622,7932,9048,7449,6172,5826,8178,90255,63617,22344,6051,1704,,470,221,8602,726,476,7595,14240,4012,3604,2706,2083,953,4666,3811,4358,11843,10731,3704,2021,0.8232809697233244,0.12422134043594064,0.015437299559710823,0.025330216883187477,0.011730173397836604,0.4905962928738381,0.3458009458063815,0.12145458498668261,0.032891232266130346,0.009262379735826493,0.9464277461227131,0.006853339847747575,0.00046217128067661876,0.046256742748862725,0.11713998162166893,0.07701395878002888,0.6885310462521332,0.02861768695576073,0.08869732639040827,0.7327464788732394,0.1823943661971831,0.08485915492957746,0.36931330472103,0.11351931330472104,0.2907725321888412,0.22639484978540772,0.2822057460611678,0.7177942539388322,0.1306367924528302,0.20630896226415094,0.13705188679245284,0.0935377358490566,0.10669811320754717,0.08784198113207548,0.07278301886792453,0.06870283018867925,0.09643867924528302,0.0,0.0,0.0,0.0,0.0,0.0,0.0,0.0,0.0,0.0,0.0,0.0,0.0,0.0,0.0,0.0,0.0,0.0,-3.6995662004388303,0.8887874491714325,0.5517817999352623,-0.9866452458189591,-24.51138,7.5339575
Chelmsford,E07000070,181523,160701,150758,1536,255,8152,4724,1354,722,1438,1210,9646,4728,1124,841,1133,1820,4756,3373,796,587,1696,384,1312,89862,13598,20713,13126,9815,8348,6873,5736,4399,7254,93611,61388,19993,5089,1442,,497,54,4619,289,582,9214,11799,3986,3367,4165,7845,1438,6840,4535,5614,8824,12309,3885,2021,0.8852927728166679,0.0531392716074547,0.026200536571123218,0.026024250370476468,0.00934316863427775,0.515697735273216,0.33818304016570905,0.11014031279782727,0.02803501484660346,0.007943896916644173,0.9381273296370277,0.009558123471540314,0.0015867978419549348,0.05072774904947698,0.08718639850715322,0.11745801368442878,0.4901513580758864,0.11652498444951274,0.18867924528301888,0.7092094196804037,0.16736753574432295,0.12342304457527334,0.3044030482641829,0.15283657917019475,0.28662150719729046,0.2561388653683319,0.22641509433962265,0.7735849056603774,0.15132091429080144,0.23049787451870646,0.14606841601566847,0.10922303086955554,0.09289799915425875,0.07648394204446818,0.0638312078520398,0.04895283879726692,0.08072377645723443,0.0,0.0,0.0,0.0,0.0,0.0,0.0,0.0,0.0,0.0,0.0,0.0,0.0,0.0,0.0,0.0,0.0,0.0,-4.488265668842912,-0.24404429366692112,1.7092498403423517,-0.553142664879354,-23.773947,1.4252706
Cheltenham,E07000078,118836,108559,98932,1031,80,8516,2949,641,390,1139,779,4922,2005,292,480,864,1281,1181,813,217,151,1225,322,903,59158,7892,14593,7823,6836,4921,4702,4264,2805,5322,60237,39932,13876,3695,1097,,153,84,4353,465,291,4072,8042,1454,3268,3384,2554,814,4520,2973,5216,6634,8243,2638,2021,0.9135194722138072,0.04141842539297856,0.009938065905954424,0.02481571241038069,0.010308324076879061,0.5068918509542563,0.33602612003096705,0.11676596317614191,0.031093271399239286,0.009231209397825575,0.9113201116443593,0.009497139804161793,0.0007369264639504786,0.07844582208752844,0.09752133279154815,0.17553839902478668,0.4073547338480293,0.05932547744819179,0.26026005688744414,0.6883996613039797,0.18374259102455545,0.12785774767146485,0.38623262122753477,0.13224821973550355,0.21736181756527637,0.2641573414716853,0.26285714285714284,0.7371428571428571,0.1334054565739207,0.2466783866932621,0.13223908854254707,0.11555495452855066,0.08318401568680482,0.07948206497853207,0.07207816356198654,0.047415396058014134,0.0899624733763819,0.0,0.0,0.0,0.0,0.0,0.0,0.0,0.0,0.0,0.0,0.0,0.0,0.0,0.0,0.0,0.0,0.0,0.0,-4.104166456249052,0.08055001221218366,1.8148744467765863,0.47298261990564844,-25.021942,0.56646127
Cherwell,E07000177,161015,141831,125422,1245,178,14986,4614,1225,730,1438,1221,9706,2795,3153,288,1411,2059,2845,1731,690,424,2019,376,1643,84972,11634,16522,11364,7778,8701,6661,6674,6628,9010,81759,55298,17966,4699,1296,,913,87,8674,351,627,6641,14536,4015,3771,4410,1644,1066,5821,4403,4622,8792,10487,4113,2021,0.8808558208862528,0.06028009812750365,0.017669161258267865,0.02865571530602739,0.012539204421948266,0.5077725677731888,0.3434338415675558,0.11157966649069963,0.029183616433251562,0.00804893953979443,0.8843059697809365,0.008778052752924256,0.0012550147711008171,0.10566096269503845,0.02967236760766536,0.1453739954667216,0.2879662064702246,0.3248506078714197,0.21213682258396868,0.6084358523725835,0.24253075571177504,0.14903339191564147,0.3116601647160815,0.15821413090593844,0.2654963155613351,0.264629388816645,0.18623080733036157,0.8137691926696384,0.13691568987431155,0.19444052158358047,0.13373817257449513,0.09153603539989644,0.10239843713223179,0.07839052864473003,0.0785435202184249,0.07800216541919691,0.1060349291531328,0.0,0.0,0.0,0.0,0.0,0.0,0.0,0.0,0.0,0.0,0.0,0.0,0.0,0.0,0.0,0.0,0.0,0.0,-4.150165222482382,0.6233719996502104,0.46250618534310123,-0.711253082709658,-26.356375,2.6230168
Cheshire East,E06000049,398772,376543,357337,2559,345,16302,7059,1952,884,2473,1750,9531,3480,1437,626,1543,2445,2422,1472,608,342,3217,709,2508,192488,31910,41211,26358,17063,17214,15574,13131,11778,18249,198755,132827,48431,14513,4243,,2765,280,19113,876,1133,13406,30000,9797,8105,9476,8196,3190,15702,9998,7422,17293,27137,8596,2021,0.9442563670468338,0.023900875688363275,0.006073646093507067,0.017701844663115765,0.008067266508180113,0.4984176421614356,0.3330900865657569,0.12145035258242805,0.03639423028698103,0.010640165307494006,0.9489938732096999,0.0067960365748400585,0.0009162300188823056,0.04329386019657781,0.06568041128947645,0.16189277095792676,0.36512433112999687,0.1507711677683349,0.25653131885426506,0.6077621800165153,0.2510322047894302,0.1412056151940545,0.3503329083439581,0.1252302025782689,0.276526420172829,0.24791046890494403,0.2203916692570718,0.7796083307429282,0.16577656788994638,0.2140964631561448,0.1369332114209717,0.08864448692905531,0.08942895141515315,0.08090893977806408,0.06821723951622959,0.0611882299156311,0.09480590997880388,0.0,0.0,0.0,0.0,0.0,0.0,0.0,0.0,0.0,0.0,0.0,0.0,0.0,0.0,0.0,0.0,0.0,0.0,-3.8631666716553394,1.0315519423781627,1.9739426518533671,-0.41312038966388626,-26.60131,-0.073374875
Cheshire West and Chester,E06000050,357149,340361,325620,2651,354,11736,5291,1181,904,1961,1245,7231,2338,656,742,1337,2158,2107,1515,373,219,2159,595,1564,169088,23721,34739,22261,14966,15809,14821,13851,11667,17253,174349,118810,45293,14499,4199,,2137,441,16052,1018,1410,11795,27325,7422,8986,6241,7500,2639,12304,8674,8310,15657,23563,7614,2021,0.9529944084961739,0.02024645176102971,0.005899498528625308,0.014814545189822736,0.006045096024348382,0.4881688034965799,0.33266227820881483,0.1268182187266379,0.04059650174017007,0.01175699777963819,0.9566901025675679,0.007788788962307667,0.0010400721586785796,0.034481036311445785,0.10261374636979671,0.18489835430784124,0.3233301064859632,0.09072050891992808,0.29843728391647073,0.7190317987660181,0.17702895111532985,0.10393925011865211,0.3706293706293706,0.17085617085617086,0.2232092232092232,0.2353052353052353,0.2755905511811024,0.7244094488188977,0.14028789742619227,0.20544923353520061,0.13165334027252082,0.08851012490537472,0.09349569454958365,0.08765258327024981,0.0819159254352763,0.06899957418622256,0.10203562641937926,0.0,0.0,0.0,0.0,0.0,0.0,0.0,0.0,0.0,0.0,0.0,0.0,0.0,0.0,0.0,0.0,0.0,0.0,-3.3716977617625408,1.8500053994465187,1.2639668427254953,1.4567130999194275,-30.480278,2.929821
Chesterfield,E07000034,103568,98857,96392,415,30,2020,1498,594,185,363,356,1950,679,416,75,363,417,839,444,260,135,424,83,341,47532,4995,7994,5317,4528,5337,5679,4290,3865,5527,42969,36035,17062,5874,1629,,112,108,4245,273,477,4351,8527,2582,2156,1618,916,408,2012,2103,2809,4184,8796,1855,2021,0.954512976981307,0.018828209485555383,0.008100957824810752,0.014463927081724086,0.0040939286266028115,0.4148868376332458,0.3479356558010196,0.16474200525258767,0.05671636026571914,0.01572879653947165,0.9750649928684868,0.004197982945062059,0.00030346864663099223,0.020433555539820143,0.038461538461538464,0.18615384615384614,0.3482051282051282,0.21333333333333335,0.21384615384615385,0.5292014302741359,0.3098927294398093,0.16090584028605484,0.24232309746328437,0.12349799732977303,0.3965287049399199,0.2376502002670227,0.1957547169811321,0.8042452830188679,0.10508709921736935,0.1681814356643945,0.1118614827905411,0.09526213919044012,0.11228225195657662,0.1194774046957839,0.09025498611461752,0.08131364133636287,0.116279559033914,0.0,0.0,0.0,0.0,0.0,0.0,0.0,0.0,0.0,0.0,0.0,0.0,0.0,0.0,0.0,0.0,0.0,0.0,-1.4608330875141544,4.77150108392295,-0.9561804836737584,-0.858314161415838,-39.69488,7.814004
Chichester,E07000225,124071,118404,111822,862,294,5426,2047,450,293,720,584,2168,624,61,176,413,894,783,453,218,112,669,147,522,56366,9565,11241,8152,4530,6561,5243,3640,2478,4956,60839,42522,15366,4178,1163,,1122,37,3702,147,261,4892,7484,1586,3203,2449,1750,1241,4040,3438,3660,5455,8524,3371,2021,0.9543245399811399,0.017473865770405654,0.006310902628333777,0.016498617726946666,0.005392073893174069,0.4903563282314159,0.3427231182145707,0.12384844161810576,0.0336742671534847,0.009373665078866134,0.9444106618019662,0.007280159454072498,0.002483024222154657,0.045826154521806696,0.08118081180811808,0.19049815498154982,0.2878228782287823,0.028136531365313654,0.4123616236162362,0.578544061302682,0.2784163473818646,0.14303959131545338,0.3517342452369321,0.1431362970200293,0.21983390327308255,0.285295554469956,0.21973094170403587,0.7802690582959642,0.1696944966823972,0.19942873363375085,0.14462619309512828,0.08036759748784729,0.1163999574211404,0.09301706702622148,0.06457793705425256,0.043962672533087326,0.08792534506617465,0.0,0.0,0.0,0.0,0.0,0.0,0.0,0.0,0.0,0.0,0.0,0.0,0.0,0.0,0.0,0.0,0.0,0.0,-3.99897566756476,1.1335789713514102,2.937590307452418,0.3769353650265669,-28.251509,-2.781371
Chorley,E07000118,117733,112588,109449,630,57,2452,1773,649,236,520,368,2204,747,767,119,307,264,653,308,247,98,515,236,279,57244,8036,11870,7928,5443,5815,5299,3877,3793,5183,57332,39109,15198,4735,1358,,478,44,4948,353,475,5494,8984,2364,2137,1955,1374,897,3422,2714,4344,5778,9021,2460,2021,0.9562994232713004,0.018720324802731603,0.005546448319502603,0.015059499035954235,0.004374304570511241,0.486966271138933,0.3321838397050954,0.12908870070413564,0.04021812066285579,0.011534573993697604,0.972119586456816,0.0055956229793583685,0.0005062706505133762,0.021778519913312252,0.053992740471869326,0.13929219600725953,0.338929219600726,0.34800362976406535,0.11978221415607986,0.47166921898928027,0.3782542113323124,0.15007656967840735,0.29328821206993794,0.13310772701635645,0.36604624929498025,0.20755781161872533,0.458252427184466,0.541747572815534,0.14038152470127874,0.2073579763818042,0.13849486409055972,0.0950842009642932,0.10158269862343652,0.0925686534833345,0.0677276221088673,0.0662602194116414,0.09054224023478444,0.0,0.0,0.0,0.0,0.0,0.0,0.0,0.0,0.0,0.0,0.0,0.0,0.0,0.0,0.0,0.0,0.0,0.0,-2.66414610532352,1.60753224275658,0.8302904025404182,-1.0323569103730463,-26.919538,4.8738194
City of London,E09000001,8584,5955,3649,185,0,2121,470,53,49,179,189,1445,321,33,287,545,259,232,153,54,25,482,114,368,5346,1104,2349,1027,267,97,152,122,50,178,4937,2726,687,186,47,,0,1,107,2,2,118,309,68,178,589,1063,88,1265,194,220,375,340,433,2021,0.6937325256290774,0.16833643988816402,0.02702702702702703,0.054753028890959926,0.05615097856477167,0.5751397949673812,0.31756756756756754,0.08003261882572227,0.021668219944082013,0.005475302889095993,0.6127623845507977,0.031066330814441646,0.0,0.3561712846347607,0.1986159169550173,0.3771626297577855,0.22214532871972317,0.022837370242214532,0.17923875432525951,0.6594827586206896,0.23275862068965517,0.10775862068965517,0.38085106382978723,0.10425531914893617,0.1127659574468085,0.4021276595744681,0.23651452282157676,0.7634854771784232,0.20650953984287318,0.4393939393939394,0.19210624766180323,0.04994388327721661,0.018144407033295923,0.02843247287691732,0.022820800598578377,0.00935278713056491,0.033295922184811075,0.0,0.0,0.0,0.0,0.0,0.0,0.0,0.0,0.0,0.0,0.0,0.0,0.0,0.0,0.0,0.0,0.0,0.0,-9.82997978868274,-7.939294620011181,2.616770896118695,1.5117754026403287,-12.829429,3.1574657
Colchester,E07000071,192716,167701,155488,1192,175,10846,5602,1428,982,1659,1533,9907,3027,743,767,1834,3536,6661,4904,961,796,2845,731,2114,92015,11921,18906,13059,8486,9315,9682,6866,5425,8355,94777,66963,22916,6281,1778,,564,66,4375,361,603,9239,13173,4055,4019,3615,4521,1540,5558,4685,6052,10230,15491,3874,2021,0.8701975964631894,0.051407252122293946,0.0345638141098819,0.029068681375703107,0.014762655928931692,0.4917962182693705,0.3474698520102119,0.11891072874073766,0.03259200066418979,0.00922601133273833,0.9271739584140822,0.007107888444314584,0.001043523890734104,0.0646746292508691,0.0774200060563238,0.1851216311698799,0.3055415362874735,0.07499747653174522,0.3569193499545776,0.7362257919231346,0.14427263173697644,0.1195015763398889,0.2961442342020707,0.1752945376651196,0.2549089610853267,0.273652267047483,0.2569420035149385,0.7430579964850615,0.12955496386458729,0.20546650002716949,0.1419225126338097,0.09222409389773406,0.10123349453893386,0.10522197467804162,0.07461826876052817,0.05895777862305059,0.09080041297614519,0.0,0.0,0.0,0.0,0.0,0.0,0.0,0.0,0.0,0.0,0.0,0.0,0.0,0.0,0.0,0.0,0.0,0.0,-3.996249895943199,1.000744545554554,0.8492540751189043,1.1880262210046808,-31.110058,4.287798
Conwy,W06000003,114743,111176,107926,843,104,2303,1254,326,189,457,282,1651,373,195,179,433,471,271,162,60,49,391,116,275,48722,5936,8308,5596,4093,6521,6327,4194,2984,4763,51092,38345,17780,5819,1706,,1166,148,2201,346,407,4205,7396,1519,4087,1053,686,795,2137,2218,4122,4622,9272,2343,2021,0.9689131363133263,0.014388677304933635,0.0023617998483567624,0.010928771254019852,0.003407615279363447,0.4452733500082794,0.33418160584959433,0.15495498636082375,0.050713333275232475,0.014868009377478364,0.9707670720299345,0.007582571778081601,0.0009354536950420954,0.020714902496941787,0.10841913991520291,0.26226529376135677,0.225923682616596,0.11811023622047244,0.2852816474863719,0.5977859778597786,0.22140221402214022,0.18081180811808117,0.36443381180223283,0.1507177033492823,0.25996810207336524,0.22488038277511962,0.2966751918158568,0.7033248081841432,0.1218340790607939,0.17051845162349658,0.11485571199868642,0.08400722466237018,0.13384097532941996,0.12985920118221747,0.08608021017199623,0.06124543327449612,0.09775871269652313,0.0,0.0,0.0,0.0,0.0,0.0,0.0,0.0,0.0,0.0,0.0,0.0,0.0,0.0,0.0,0.0,0.0,0.0,-1.9740364379515905,4.120574225146933,0.61838731334249,1.5789666687208028,-44.538895,9.573328
Cornwall,E06000052,570305,552130,533882,2455,717,15076,7030,1693,895,2446,1996,4032,784,233,319,1033,1663,1058,574,302,182,6055,298,5757,254248,32386,39181,28474,20774,39684,28356,20800,17293,27300,260855,191185,82985,26972,8308,,7055,1188,16390,1007,2072,27255,40379,8833,21925,5953,2932,4077,12865,12802,14028,23128,39849,12510,2021,0.968131087751291,0.007069901193221171,0.0018551476841339282,0.01232673744750616,0.010617125923847765,0.45739560410657454,0.3352329016929538,0.14550985875978642,0.047293991811399164,0.014567643629286083,0.9669498125441472,0.004446416604785105,0.0012986072120696212,0.027305163638998063,0.07911706349206349,0.2562003968253968,0.19444444444444445,0.057787698412698416,0.4124503968253968,0.5425330812854442,0.28544423440453687,0.1720226843100189,0.34793741109530585,0.12731152204836416,0.24082503556187768,0.2839260312944524,0.04921552436003303,0.9507844756399669,0.12737956640760204,0.15410544035744628,0.11199301469431422,0.0817076240521066,0.15608382366822945,0.11152890091564142,0.08180988641011926,0.06801626758125924,0.10737547591328152,0.0,0.0,0.0,0.0,0.0,0.0,0.0,0.0,0.0,0.0,0.0,0.0,0.0,0.0,0.0,0.0,0.0,0.0,-2.528249342185873,4.038338120911717,1.3943223188212366,0.4660232127840427,-38.71349,0.5922032
Cotswold,E07000079,90830,87510,83545,635,71,3259,1393,288,171,493,441,1195,387,52,56,235,465,402,261,78,63,330,33,297,44079,8540,8375,5834,3804,5403,3585,2872,1972,3694,45781,31041,10559,2698,753,,1322,98,3154,297,272,3845,6280,1241,2757,2312,1837,900,3937,2678,2102,3986,4436,2622,2021,0.9634481999339425,0.01315644610811406,0.004425850489926236,0.015336342618077727,0.0036331608499394472,0.5040295056699329,0.3417483210393042,0.11625013761972916,0.02970384234283827,0.00829021248486183,0.9546908924694321,0.007256313564164095,0.0008113358473317335,0.037241458119072104,0.04686192468619247,0.19665271966527198,0.3238493723849372,0.04351464435146443,0.3891213389121339,0.6492537313432836,0.19402985074626866,0.15671641791044777,0.3539124192390524,0.12275664034458005,0.20674802584350324,0.3165829145728643,0.1,0.9,0.19374305224710178,0.18999977313459923,0.13235327480205994,0.08629959844824066,0.12257537602940176,0.08133124617164636,0.06515574309762018,0.04473785702942444,0.08380407903990562,0.0,0.0,0.0,0.0,0.0,0.0,0.0,0.0,0.0,0.0,0.0,0.0,0.0,0.0,0.0,0.0,0.0,0.0,-4.34082924540189,1.0431131804250955,3.690392270305758,0.009860630154683176,-25.61628,-3.0029452
County Durham,E06000047,522067,505471,494638,1384,798,8651,4949,906,914,1962,1167,7834,2148,730,300,2838,1818,1740,1202,284,254,2073,825,1248,222215,22537,37179,26917,21178,26099,23112,19432,20568,25193,224293,176980,81624,30167,9004,,2329,810,24271,1837,2157,20087,32612,10228,10094,5391,3926,2978,8805,9727,20085,24092,33805,8978,2021,0.968210976752026,0.01500573681155867,0.003332905546606087,0.009479626178249151,0.0039707547115600105,0.42962493319822936,0.33899863427491106,0.15634774846906624,0.05778377104854358,0.01724682847220759,0.9785685034354098,0.0027380403623551105,0.0015787255846527299,0.017114730617582414,0.038294613224406436,0.3622670411028849,0.27418943068675006,0.09318355884605566,0.23206535613990298,0.6908045977011494,0.1632183908045977,0.14597701149425288,0.39644372600525357,0.18468377449989898,0.1830672863204688,0.23580521317437866,0.3979739507959479,0.6020260492040521,0.10141979614337467,0.16731093760547217,0.12113043673919402,0.09530409738316495,0.11744931710280584,0.1040073802398578,0.08744684202236573,0.09255900816776545,0.11337218459599938,0.0,0.0,0.0,0.0,0.0,0.0,0.0,0.0,0.0,0.0,0.0,0.0,0.0,0.0,0.0,0.0,0.0,0.0,-1.6269802398411326,4.3569482655268175,0.1747386283493577,2.8920994341265143,-41.306087,14.2798815
Coventry,E08000026,345321,226246,190889,5662,294,29401,11731,4597,1663,3182,2289,63915,32096,12658,4257,4571,10333,30723,24109,3459,3155,12706,2482,10224,150145,12956,28834,17300,13652,13277,14380,12570,13271,23905,167651,116149,43030,14126,4369,,276,68,15807,1503,1369,9303,24769,12327,7150,5580,4110,1704,6699,7515,6700,17612,22609,5037,2021,0.6551759087921094,0.1850886566412121,0.08896939369456246,0.03397129048045152,0.03679475039166457,0.48549320776900334,0.3363508156179323,0.12460869741486906,0.040906866364918436,0.012651996258553636,0.8437232039461471,0.025025856810728147,0.0012994704878760287,0.1299514687552487,0.0666040835484628,0.07151685832746617,0.5021669404678089,0.19804427755612924,0.161667840100133,0.7847215441200404,0.11258666145884191,0.10269179442111773,0.27124712300741627,0.14176114568238002,0.39186770096325974,0.195124030346944,0.19534078388163073,0.8046592161183693,0.08628991974424723,0.19204102700722636,0.11522195211295748,0.09092543874254887,0.08842785307536048,0.09577408505111726,0.08371907156415465,0.08838789170468547,0.1592127609977022,0.0,0.0,0.0,0.0,0.0,0.0,0.0,0.0,0.0,0.0,0.0,0.0,0.0,0.0,0.0,0.0,0.0,0.0,-3.9069145435030124,0.8013976875871853,-4.073146864420539,-0.822471475894439,-21.767235,15.769435
Crawley,E07000226,118492,86939,73178,831,103,12827,4838,1083,1002,1291,1462,18236,7335,6122,626,563,3590,5331,3296,683,1352,3148,675,2473,58903,5955,8798,7254,5770,5330,6828,5601,5531,7836,58152,41451,13754,3975,1161,,69,102,3242,496,342,4552,9564,7573,3594,2571,2717,554,2614,4528,2739,3711,7771,2162,2021,0.7337119805556493,0.15390068527833103,0.04499037909732303,0.04082976065894744,0.02656719440974918,0.49076730918543027,0.34982108496776154,0.11607534685885967,0.03354656854471188,0.009798129831549809,0.8417166058960881,0.009558426022843604,0.0011847387248530579,0.14754022935621527,0.03432770344373766,0.030872998464575564,0.4022263654310156,0.3357095854354025,0.1968633472252687,0.6182704933408366,0.12811855186644155,0.25361095479272183,0.26684580405126085,0.20711037618850764,0.22385283174865647,0.302190988011575,0.21442185514612452,0.7855781448538754,0.10109841603993006,0.14936420895370356,0.12315162215846391,0.09795765920241753,0.0904877510483337,0.11591939290019185,0.09508853538868987,0.09390014090963109,0.13303227339863843,0.0,0.0,0.0,0.0,0.0,0.0,0.0,0.0,0.0,0.0,0.0,0.0,0.0,0.0,0.0,0.0,0.0,0.0,-4.101104642175125,1.1737514495171135,-2.825423383428846,-0.1816734873620448,-23.377739,14.435563
Croydon,E09000008,390724,188985,146268,4935,212,37570,29745,10380,4453,5740,9172,68487,29563,15345,3549,3950,16080,88441,40219,36108,12114,15066,2259,12807,189407,24114,43348,26739,19333,15968,18250,13735,10765,17155,200050,130711,43327,12733,3898,,106,162,4985,636,640,16324,24826,10053,8672,11197,10915,3807,14574,11877,13025,18720,29657,9241,2021,0.4836790163900861,0.1752822964547865,0.2263515934521555,0.076127906143467,0.038559187559504916,0.5119982391662657,0.33453537535447014,0.11088901628771204,0.03258822084130998,0.009976351593452155,0.773966187792682,0.02611318358599889,0.0011217821520226473,0.1987988464692965,0.051820053440798985,0.057675179231094956,0.43165856293895194,0.22405712032940558,0.23478908405974858,0.45475514749946294,0.4082721814543029,0.1369726710462342,0.19297360900991764,0.14970583291309464,0.34896621280887546,0.3083543452681123,0.14994026284348866,0.8500597371565114,0.1273131404858321,0.228861657700085,0.14117218476613852,0.10207120116996732,0.08430522631159355,0.09635335547260661,0.07251579931047955,0.05683528063904713,0.09057215414425021,0.0,0.0,0.0,0.0,0.0,0.0,0.0,0.0,0.0,0.0,0.0,0.0,0.0,0.0,0.0,0.0,0.0,0.0,-6.002547266693605,-2.924523072510768,-3.6987330526007147,-2.5466532212632838,-14.670679,7.8326406
Cumberland,E06000063,273254,266889,259836,841,264,5948,2050,397,319,764,570,2715,656,218,278,626,937,606,473,95,38,994,296,698,127751,12997,20084,14187,10661,18250,12881,10008,13506,15177,123108,93169,40220,13041,3716,,3951,215,10828,1179,9396,12743,18178,6100,8086,2139,1486,1303,5277,5939,7872,9827,18363,4872,2021,0.9767066538824684,0.00993581063772168,0.002217716849524618,0.007502177461263147,0.0036376411690222286,0.4505258843420407,0.34096115701874447,0.14718906219122135,0.04772482744991839,0.01359906899807505,0.9735732832750694,0.0031511227514060152,0.0009891752751143735,0.0222864186984102,0.10239410681399631,0.23057090239410682,0.2416206261510129,0.08029465930018416,0.3451197053406998,0.7805280528052805,0.15676567656765678,0.0627062706270627,0.3726829268292683,0.15560975609756098,0.19365853658536586,0.2780487804878049,0.2977867203219316,0.7022132796780685,0.10173697270471464,0.15721207661779554,0.11105196828204868,0.08345140155458666,0.14285602461037486,0.10082895632910897,0.07833989557811681,0.10572128593905332,0.11880141838420051,0.0,0.0,0.0,0.0,0.0,0.0,0.0,0.0,0.0,0.0,0.0,0.0,0.0,0.0,0.0,0.0,0.0,0.0,-2.0774724386291252,4.180717313526676,0.5441704931688089,2.488070142684663,-37.164803,12.210842
Dacorum,E07000096,155081,134602,122107,2102,194,10199,5266,1536,697,1687,1346,8948,3397,2588,461,757,1745,4411,2822,1023,566,1854,396,1458,77199,12798,16172,11749,7353,7396,6181,4949,3979,6622,80604,51271,17171,4784,1251,,266,64,4199,282,506,7917,11888,3915,3364,5577,2727,1397,6015,4651,3705,7630,9027,4069,2021,0.8679464279956925,0.057698879940160305,0.028443200649982913,0.033956448565588306,0.011955042848575905,0.5197541929701253,0.33060787588421536,0.11072278357761428,0.030848395354685615,0.00806675221335947,0.9071707701222864,0.015616409860180383,0.0014412861621669812,0.0757715338553662,0.05151989271345552,0.08459991059454627,0.37963790791238267,0.2892266428252123,0.1950156459544032,0.6397642257991385,0.23192019950124687,0.1283155746996146,0.32035700721610333,0.1323585263957463,0.2916824914546145,0.25560197493353587,0.21359223300970873,0.7864077669902912,0.16577934947343878,0.20948457881578778,0.15219109055816785,0.09524734776357206,0.09580434979727717,0.0800658039611912,0.06410704801875672,0.051542118421223075,0.08577831319058538,0.0,0.0,0.0,0.0,0.0,0.0,0.0,0.0,0.0,0.0,0.0,0.0,0.0,0.0,0.0,0.0,0.0,0.0,-4.731466588904811,-0.5097303474268569,1.1986910651025047,-1.0195551205031566,-22.451845,1.5619125
Darlington,E06000005,107796,101725,97320,342,434,3629,1472,384,198,516,374,2966,1086,195,759,308,618,701,456,135,110,932,329,603,49296,5230,8463,5973,4961,5042,4895,4657,3847,6228,48749,37324,15383,5016,1328,,311,135,4239,184,295,3760,8468,2869,2295,2053,1455,522,2158,2351,4199,4293,7872,1836,2021,0.943680656054028,0.027514935619132437,0.006503024230954766,0.013655423206798026,0.008645960889086793,0.45223384912241643,0.34624661397454454,0.14270473858028127,0.04653233886229545,0.012319566588741697,0.9566969771442615,0.0033620054067338414,0.004266404521995577,0.035674612927009096,0.25590020229265004,0.10384356035064059,0.366149696561025,0.06574511126095751,0.20836142953472692,0.6504992867332382,0.19258202567760344,0.15691868758915833,0.35054347826086957,0.13451086956521738,0.2608695652173913,0.25407608695652173,0.3530042918454936,0.6469957081545065,0.10609380071405387,0.17167721518987342,0.12116601752677703,0.10063696851671536,0.10228010386238234,0.09929811749432002,0.09447013956507627,0.07803878610840637,0.12633885102239534,0.0,0.0,0.0,0.0,0.0,0.0,0.0,0.0,0.0,0.0,0.0,0.0,0.0,0.0,0.0,0.0,0.0,0.0,-2.3823051122643477,2.983959029004648,-0.47157480847367367,0.9043432940613247,-34.83692,7.37838
Dartford,E07000107,116754,86936,78557,812,309,7258,3638,1004,723,980,931,11513,5123,760,1052,1165,3413,12282,9812,1141,1329,2385,254,2131,58824,7555,12101,7748,6827,6203,4860,4068,4062,5400,61128,38680,12556,3390,999,,97,52,2704,312,527,7002,8687,3843,2398,2821,3238,1175,3760,3038,3460,5062,8286,2359,2021,0.7446083217705604,0.09860904123199205,0.10519553933912329,0.031159532007468696,0.020427565650855645,0.5235623618891002,0.33129485927676994,0.10754235400928448,0.029035407780461483,0.008556452027339534,0.9036187540259502,0.009340204288212018,0.0035543388239624553,0.0834867028618754,0.09137496742812473,0.101189959176583,0.4449752453747937,0.06601233388343612,0.29644749413706245,0.7988926884872171,0.09290017912392119,0.10820713238886175,0.26937877954920286,0.19873556899395273,0.2759758108851017,0.2559098405717427,0.10649895178197065,0.8935010482180293,0.12843397252821978,0.20571535427716578,0.13171494628042976,0.11605807153542771,0.10545015639874881,0.08261933904528763,0.06915544675642595,0.06905344757241942,0.09179926560587515,0.0,0.0,0.0,0.0,0.0,0.0,0.0,0.0,0.0,0.0,0.0,0.0,0.0,0.0,0.0,0.0,0.0,0.0,-4.874871407773544,-0.2692789750525697,-0.21404497401092762,0.036997581143754024,-20.556055,11.62167
Denbighshire,W06000004,95820,92488,90470,484,62,1472,1052,313,162,350,227,1650,332,166,115,337,700,268,179,44,45,362,119,243,40846,4563,7009,4490,3448,5368,5307,3310,3272,4079,43115,31254,14621,5179,1648,,1091,75,3180,271,309,3745,5893,1458,2305,903,538,595,1645,1714,3094,3623,8662,1748,2021,0.9652264662909622,0.017219787100814028,0.00279691087455646,0.010978918806094761,0.003777916927572532,0.4499582550615738,0.3261740763932373,0.15258818618242537,0.054049259027342936,0.01719891463160092,0.9781809532047401,0.005233111322549952,0.0006703572355332584,0.015915578237176715,0.0696969696969697,0.20424242424242425,0.2012121212121212,0.1006060606060606,0.42424242424242425,0.667910447761194,0.16417910447761194,0.16791044776119404,0.33269961977186313,0.15399239543726237,0.2975285171102662,0.21577946768060838,0.3287292817679558,0.6712707182320442,0.11171228516868237,0.1715957498898301,0.10992508446359496,0.08441463056358028,0.1314204573275229,0.12992704303971014,0.0810360867649219,0.08010576311021887,0.0998628996719385,0.0,0.0,0.0,0.0,0.0,0.0,0.0,0.0,0.0,0.0,0.0,0.0,0.0,0.0,0.0,0.0,0.0,0.0,-1.8093393840630057,4.437172622340332,0.13169634487134205,2.0363496744311185,-44.23203,9.602451
Derby,E06000015,261364,192871,173077,1982,408,17404,9562,4178,924,2412,2048,40901,12631,21034,827,1416,4993,10482,6110,3056,1316,7548,1032,6516,116200,10517,21692,13293,9880,10981,11704,9862,11558,16713,119809,90551,35857,11542,3605,,214,94,14662,684,1116,8010,19177,9121,5754,3575,1638,1194,5236,5827,5149,10865,19867,4025,2021,0.7379401906919086,0.15649056488269233,0.04010498768001714,0.03658499257740163,0.028879264167980288,0.45839901440137126,0.3464555179749315,0.13719180912443948,0.04416063421129153,0.013793024287966207,0.8973718184693396,0.010276298665947706,0.0021154035598923634,0.09023647930482032,0.02021955453411897,0.03462018043568617,0.30881885528471187,0.5142661548617393,0.12207525488374367,0.5829040259492463,0.2915474146155314,0.12554855943522228,0.25224848358084084,0.09663250366032211,0.4369378791047898,0.21418113365404728,0.13672496025437203,0.863275039745628,0.09050774526678142,0.18667814113597245,0.11439759036144578,0.08502581755593804,0.09450086058519794,0.10072289156626506,0.0848709122203098,0.09946643717728056,0.14382960413080895,0.0,0.0,0.0,0.0,0.0,0.0,0.0,0.0,0.0,0.0,0.0,0.0,0.0,0.0,0.0,0.0,0.0,0.0,-3.1103942852313127,2.264778474391463,-3.537516638473011,-2.5333744246528647,-23.49457,18.21372
Derbyshire Dales,E07000035,71535,69940,68326,355,38,1221,723,172,77,290,184,518,160,100,10,117,131,169,57,71,41,185,47,138,33230,5537,6783,3701,2802,4545,2650,1875,2275,3062,34005,24678,9585,2534,738,,1332,327,3107,122,311,3077,4198,1235,2241,1047,469,473,2183,1570,2067,3514,4243,1707,2021,0.9777032221989236,0.007241210596211645,0.002362479904941637,0.010106940658418957,0.002586146641504159,0.4753617110505347,0.34497798280561964,0.13399035437198575,0.035423219403089394,0.01031662822394632,0.9769230769230769,0.005075779239348013,0.0005433228481555619,0.017457820989419504,0.019305019305019305,0.22586872586872586,0.3088803088803089,0.19305019305019305,0.2528957528957529,0.33727810650887574,0.42011834319526625,0.24260355029585798,0.40110650069156295,0.10650069156293222,0.23789764868603042,0.2544951590594744,0.25405405405405407,0.745945945945946,0.16662654228107132,0.20412278061992176,0.11137526331628048,0.08432139632861872,0.13677399939813423,0.07974721637074933,0.05642491724345471,0.06846223292205839,0.0921456515197111,0.0,0.0,0.0,0.0,0.0,0.0,0.0,0.0,0.0,0.0,0.0,0.0,0.0,0.0,0.0,0.0,0.0,0.0,-2.9658813712754815,2.186612774012673,3.1172113447712517,-1.7290266072062253,-36.603336,-2.8205848
Doncaster,E08000017,308104,286955,266879,999,856,18221,4603,1805,716,1197,885,9086,2279,3150,190,1031,2436,3742,2527,672,543,3718,424,3294,137856,14029,17657,14672,12123,16094,14191,12211,14155,22724,136540,105090,45337,16192,4945,,800,187,12396,878,1197,14655,29090,11402,5721,3192,2957,1210,4387,6431,7672,10744,20210,4730,2021,0.9313575935398437,0.02949004232337133,0.012145249655960325,0.014939760600316775,0.012067353880507881,0.44316204917819957,0.3410861267623919,0.14714836548697843,0.05255368317191598,0.016049775400514114,0.9300378108065724,0.0034813820982384,0.0029830461222142843,0.06349776097297485,0.020911292097732775,0.11347127448822364,0.2508254457407,0.34668721109399075,0.26810477657935283,0.6753073222875468,0.17958311063602353,0.14510956707642972,0.2600477949163589,0.15555072778622636,0.39213556376276343,0.1922659135346513,0.11403980634749865,0.8859601936525013,0.10176561049210771,0.12808292711234912,0.10642989786443825,0.08793958913649025,0.11674500928505106,0.10294074976787372,0.08857793639740019,0.10267960770659239,0.1648386722376973,0.0,0.0,0.0,0.0,0.0,0.0,0.0,0.0,0.0,0.0,0.0,0.0,0.0,0.0,0.0,0.0,0.0,0.0,-1.9568357105430974,4.666563344924081,-2.125757667142768,-0.5120207778029846,-38.41813,9.758748
Dorset,E06000059,379580,368415,356270,1917,580,9648,4436,1011,601,1635,1189,4305,926,242,463,815,1859,1082,605,296,181,1342,223,1119,167777,24133,29063,21194,15632,23230,17212,11930,9525,15858,170366,135867,54010,15166,4170,,4148,354,12618,593,1580,16532,24022,5099,9737,4939,4304,2952,9271,8444,12932,16042,25727,8479,2021,0.9705859107434532,0.011341482691395753,0.0028505189946783287,0.01168660098003056,0.0035354865904420676,0.4488276516149428,0.3579403551293535,0.14228884556615207,0.03995468675904948,0.010985826439749196,0.9670344584232455,0.005203371198241114,0.001574311577975924,0.026187858800537436,0.10754936120789779,0.18931475029036005,0.21509872241579558,0.0562137049941928,0.4318234610917538,0.5591497227356746,0.2735674676524954,0.16728280961182995,0.3685752930568079,0.1354824165915239,0.22790802524797116,0.26803426510369704,0.1661698956780924,0.8338301043219076,0.14383973965442223,0.17322398183302837,0.12632243990535055,0.09317129284705293,0.13845759549878708,0.10258855504628167,0.07110628989670813,0.05677178635927451,0.09451831895909452,0.0,0.0,0.0,0.0,0.0,0.0,0.0,0.0,0.0,0.0,0.0,0.0,0.0,0.0,0.0,0.0,0.0,0.0,-2.792727690822044,3.0585969933045014,2.304361036974618,0.2239730054181228,-35.81152,-0.12497252
Dover,E07000108,116411,110419,105111,648,247,4413,1754,411,297,546,500,2402,550,41,162,303,1346,837,546,176,115,999,136,863,50926,5998,7795,7505,4774,5860,6303,3913,3737,5041,51455,40711,17036,5611,1597,,608,20,2701,280,393,4981,6693,3932,2617,1119,1086,594,2337,3075,4445,5357,8296,2389,2021,0.9485272010377026,0.02063378890311053,0.007190042178144677,0.015067304636159812,0.008581663244882357,0.4420114937591808,0.3497178101725782,0.14634355859841425,0.04819991237941432,0.013718634836914037,0.9519285630190456,0.005868555230530977,0.0022369338610202954,0.039965947889403095,0.06744379683597003,0.12614487926727727,0.2289758534554538,0.01706910907577019,0.5603663613655288,0.6523297491039427,0.21027479091995221,0.13739545997610514,0.3112884834663626,0.169327251995439,0.23432155074116306,0.28506271379703535,0.13613613613613615,0.8638638638638638,0.11777873777638141,0.15306523190511723,0.14737069473353492,0.09374386364528925,0.11506892353611121,0.12376781997408004,0.07683697914621215,0.07338098417311394,0.09898676511015984,0.0,0.0,0.0,0.0,0.0,0.0,0.0,0.0,0.0,0.0,0.0,0.0,0.0,0.0,0.0,0.0,0.0,0.0,-2.84299473021125,3.451374083325731,0.8758050181711541,1.2808847798227452,-42.342968,3.0380545
Dudley,E08000027,323488,274596,266564,1114,428,6490,9191,5133,482,2254,1322,27047,7812,14906,619,1005,2705,8170,3499,3625,1046,4484,2026,2458,144641,15322,24346,17362,15388,17996,14043,12177,12838,15169,141846,114604,47402,15299,4337,,178,40,16462,1126,1302,15028,23873,7079,5663,3825,3908,1680,6352,6547,8676,14724,22682,5504,2021,0.8488599267979029,0.08361052032842022,0.02525596003561183,0.02841218221386883,0.01386141062419626,0.4384892175289346,0.3542758927688199,0.14653402908299534,0.04729387179740825,0.013406988821841923,0.9707497560051858,0.00405686900027677,0.0015586534399627087,0.02363472155457472,0.02288608718157282,0.03715754057751322,0.2888305542204311,0.5511147262173254,0.10001109180315747,0.42827417380660954,0.44369645042839656,0.12802937576499387,0.24523990860624523,0.05244260689805244,0.5584811228375585,0.14383636165814384,0.451828724353256,0.548171275646744,0.10593123664797671,0.16832018583942313,0.12003512143859625,0.10638753880296735,0.12441838759411232,0.09708865397777947,0.0841877475957716,0.08875768281469293,0.10487344528868026,0.0,0.0,0.0,0.0,0.0,0.0,0.0,0.0,0.0,0.0,0.0,0.0,0.0,0.0,0.0,0.0,0.0,0.0,-1.2922515292922017,3.020615533303358,-2.0637932696633148,-3.5269317678367185,-25.035872,20.111162
Ealing,E09000009,367116,158463,89265,8511,248,60439,19161,4597,2446,5445,6673,111241,54806,16714,3685,4526,31510,39491,22578,12898,4015,38760,16105,22655,175025,24147,39697,23951,14223,15555,12912,12773,11767,20000,192559,120388,38868,11619,3681,,82,236,8061,556,484,15681,25366,11940,10160,14096,6811,3496,14405,11722,6440,15969,20143,9384,2021,0.4316428594776583,0.3030132165310147,0.107570904019438,0.0521933121956003,0.1055797077762887,0.5245181359570272,0.32792904694973796,0.10587389272055699,0.03164939692086425,0.010026803517144444,0.5633176198860301,0.05370969879404025,0.0015650341089087042,0.3814076472110209,0.03312627538407602,0.04068643755449879,0.49267805934862147,0.15025035733227857,0.28325887038052516,0.5717252032108582,0.32660606214074095,0.1016687346484009,0.2841709722874589,0.12765513282187776,0.2399144094775847,0.34825948541307866,0.41550567595459237,0.5844943240454077,0.1379631481216969,0.2268075989144408,0.13684330809884301,0.0812626767604628,0.08887301814026567,0.07377231824025139,0.07297814597914584,0.06723039565776318,0.11426939008713041,0.0,0.0,0.0,0.0,0.0,0.0,0.0,0.0,0.0,0.0,0.0,0.0,0.0,0.0,0.0,0.0,0.0,0.0,-7.124127210426924,-5.136579571977594,-4.991839430720511,-0.47038137021936427,-13.02001,10.541551
East Cambridgeshire,E07000009,87763,82912,75897,664,265,6086,1883,327,312,618,626,1688,537,147,118,344,542,705,460,119,126,575,87,488,44695,6481,9649,6118,4221,5026,4144,2585,2804,3667,42423,30830,10879,2859,771,,1296,64,3884,163,321,4292,5751,1748,1484,2684,826,639,4185,2205,1926,5562,5284,2374,2021,0.9447261374383282,0.01923361781160626,0.00803299796041612,0.021455510864487312,0.0065517359251620845,0.48338137939678455,0.3512869888221688,0.12395884370406664,0.0325763704522407,0.008785023301391246,0.915392223079892,0.008008490930142801,0.003196159783867233,0.07340312620609803,0.06990521327014218,0.2037914691943128,0.3181279620853081,0.08708530805687204,0.32109004739336494,0.6524822695035462,0.16879432624113475,0.17872340425531916,0.32819968135953265,0.1656930430164631,0.17365905469994689,0.33244822092405735,0.15130434782608695,0.8486956521739131,0.14500503412014767,0.2158854457993064,0.13688332028191072,0.09444009397024275,0.11245105716523102,0.09271730618637432,0.05783644702986911,0.06273632397359884,0.08204497147331917,0.0,0.0,0.0,0.0,0.0,0.0,0.0,0.0,0.0,0.0,0.0,0.0,0.0,0.0,0.0,0.0,0.0,0.0,-4.355013086017569,1.075273000109939,2.365793773460904,0.6414013407670021,-27.506224,-3.8617113
East Devon,E07000040,150823,146847,142011,710,147,3979,1720,387,223,624,486,1459,273,28,181,304,673,348,202,99,47,449,89,360,66727,9434,11683,8240,5925,9147,7043,5259,3597,6399,69973,52881,20650,5798,1525,,1898,63,3374,472,726,6267,10194,2495,4305,2008,1295,1062,4452,3414,4285,6439,10580,3398,2021,0.9736379729882048,0.00967359089793997,0.0023073403923804725,0.011404096192225323,0.0029769995292495176,0.4639411760805713,0.35061628531457406,0.1369154571915424,0.03844241262937351,0.010111189937874196,0.967067764407853,0.004834964282552589,0.001001041900753846,0.027096229408840492,0.12405757368060315,0.2083618917066484,0.18711446196024675,0.019191226867717615,0.4612748457847841,0.5804597701149425,0.28448275862068967,0.13505747126436782,0.3627906976744186,0.1296511627906977,0.225,0.28255813953488373,0.19821826280623608,0.8017817371937639,0.14138204924543288,0.1750865466752589,0.12348824313995833,0.08879464085003072,0.13708094174771832,0.10554947772266099,0.07881367362536904,0.053906214875537636,0.09589821211803318,0.0,0.0,0.0,0.0,0.0,0.0,0.0,0.0,0.0,0.0,0.0,0.0,0.0,0.0,0.0,0.0,0.0,0.0,-2.816865940884584,2.8627210008591017,2.3409919746665446,0.7832842146942329,-36.01107,0.3483474
East Hampshire,E07000085,125742,119993,113814,749,278,5152,2079,363,258,868,590,2370,612,223,199,365,971,658,446,134,78,642,96,546,61732,10897,13136,8701,5745,6989,5778,3536,2617,4333,63828,43139,14273,3599,905,,766,85,4064,355,409,5779,7983,2116,2138,4005,2284,942,5182,3937,3738,6785,7891,3272,2021,0.954279397496461,0.01884811757408026,0.005232937284280511,0.016533855036503318,0.005105692608674906,0.5076108221596602,0.34307550380938745,0.11351020343242513,0.028622099219035805,0.00719727696394204,0.9485053294775528,0.006242030785129133,0.002316801813439117,0.042935837923878895,0.0839662447257384,0.1540084388185654,0.2582278481012658,0.0940928270042194,0.40970464135021095,0.6778115501519757,0.20364741641337386,0.11854103343465046,0.4175084175084175,0.1240981240981241,0.1746031746031746,0.2837902837902838,0.14953271028037382,0.8504672897196262,0.17652109116827577,0.2127907730188557,0.14094796863863152,0.09306356508779887,0.11321518823300719,0.09359813386898205,0.05727985485647638,0.042392924253223614,0.07019050087474892,0.0,0.0,0.0,0.0,0.0,0.0,0.0,0.0,0.0,0.0,0.0,0.0,0.0,0.0,0.0,0.0,0.0,0.0,-4.460345751265573,0.6206185782936383,3.822065544635937,0.4695273399045398,-24.213379,-2.9036293
East Hertfordshire,E07000242,150159,138587,127245,1855,145,9342,4245,1122,489,1427,1207,4019,1442,390,366,786,1035,1951,1206,496,249,1357,258,1099,76524,13957,17041,12088,7727,7108,5869,4148,3418,5168,81057,48853,15274,3916,1055,,468,50,5596,264,420,7710,10437,3633,2919,4157,4302,1519,7060,4426,4132,8074,7762,3592,2021,0.922935022209791,0.026764962473111834,0.012992894198815922,0.02827003376420994,0.009037087354071351,0.5398078037280483,0.32534180435405136,0.1017188446912939,0.02607902290239013,0.0070258858942853905,0.9181597119498943,0.01338509383997056,0.001046274181561041,0.06740892002857411,0.0910674297088828,0.1955710375715352,0.3587957203284399,0.09703906444389152,0.25752674794725056,0.6181445412608918,0.25422860071758074,0.12762685802152743,0.33616018845700824,0.11519434628975266,0.2643109540636042,0.2843345111896349,0.1901252763448784,0.8098747236551216,0.1823872249229,0.22268830693638597,0.15796351471433798,0.1009748575610266,0.09288589200773613,0.07669489310543097,0.054205216664053105,0.044665725785374526,0.0675343683027547,0.0,0.0,0.0,0.0,0.0,0.0,0.0,0.0,0.0,0.0,0.0,0.0,0.0,0.0,0.0,0.0,0.0,0.0,-5.026770182042735,-1.0564198932796862,3.1790907126874424,-0.5862901010099435,-21.741434,-0.55919665
East Lindsey,E07000137,142295,139100,136036,476,123,2465,1484,552,160,455,317,1134,282,112,109,271,360,292,148,108,36,285,54,231,55579,7297,6788,5789,4710,8050,6604,4795,4720,6826,53934,50793,25949,8969,2651,,2753,123,4355,253,564,4892,9349,2158,4518,833,437,752,2059,2824,3711,4891,7982,3122,2021,0.9775466460522154,0.00796935942935451,0.0020520749147896976,0.010429038265575038,0.002002881338065287,0.37902948100776557,0.35695562036614076,0.18236058891738993,0.06303102709160546,0.018630310270916054,0.9779726815240833,0.003421998562185478,0.0008842559309849029,0.017721063982746227,0.09611992945326278,0.23897707231040563,0.24867724867724866,0.09876543209876543,0.31746031746031744,0.5068493150684932,0.3698630136986301,0.1232876712328767,0.30660377358490565,0.1078167115902965,0.3719676549865229,0.21361185983827494,0.18947368421052632,0.8105263157894737,0.1312905953687544,0.12213246010183702,0.10415804530488133,0.08474423793159287,0.14483887799348674,0.11882185717627161,0.08627359254394645,0.08492416200363447,0.1228161715755951,0.0,0.0,0.0,0.0,0.0,0.0,0.0,0.0,0.0,0.0,0.0,0.0,0.0,0.0,0.0,0.0,0.0,0.0,-0.7475574766884417,6.078054641369884,-0.4154014130345893,-0.39881770025132096,-40.742184,6.672731
East Riding of Yorkshire,E06000011,342215,333162,323838,1063,324,7937,3197,707,547,1092,851,3686,1210,528,129,766,1053,894,617,173,104,1276,368,908,156119,21363,28215,19406,14215,19462,14891,11084,11365,16118,153547,121117,49161,14088,4302,,4761,474,15495,1414,1098,14900,24096,6821,7281,3810,2405,1719,7984,6825,11306,16081,23021,6631,2021,0.9735458702862235,0.010771006530981985,0.0026123927940037697,0.009342080271174554,0.0037286501176161187,0.44868576771912394,0.3539207807956986,0.14365530441389185,0.041167102552488934,0.012571044518796664,0.972013614998109,0.0031906399889543224,0.0009724998649305744,0.023823245148006076,0.03499728703201302,0.20781334780249594,0.32826912642430817,0.1432447097124254,0.2856755290287575,0.6901565995525727,0.1935123042505593,0.116331096196868,0.341570222083203,0.17109790428526744,0.22114482327181734,0.26618705035971224,0.2884012539184953,0.7115987460815048,0.13683792491624977,0.18072752195440658,0.12430261531267815,0.0910523382804143,0.12466131604737411,0.09538236857781564,0.07099712398875217,0.07279703303249445,0.10324175788981482,0.0,0.0,0.0,0.0,0.0,0.0,0.0,0.0,0.0,0.0,0.0,0.0,0.0,0.0,0.0,0.0,0.0,0.0,-2.6503071918501213,3.152798738574056,1.4402628398933637,1.1118424881564288,-34.60126,3.435182
East Staffordshire,E07000193,124021,107051,97019,524,102,9406,2723,1190,201,867,465,11552,1084,8638,208,351,1271,1376,713,487,176,1319,190,1129,59320,7247,9179,6301,5218,6264,4862,4302,6532,9415,57717,43989,16319,4637,1357,,872,96,8142,224,450,5010,11049,4469,2717,1604,758,623,2675,2881,2216,5074,8046,2415,2021,0.8631683343949815,0.09314551567879634,0.011094895219358011,0.021955959071447578,0.010635295635416583,0.4653808629183767,0.3546899315438514,0.13158255456737167,0.037388829311165044,0.010941695358044201,0.9062876572848455,0.004894863196046744,0.0009528168816732212,0.08786466263743449,0.018005540166204988,0.030384349030470915,0.09383656509695291,0.7477493074792244,0.11002423822714681,0.5181686046511628,0.3539244186046512,0.12790697674418605,0.31839882482556003,0.07381564450973191,0.4370179948586118,0.17076753580609622,0.14404852160727824,0.8559514783927218,0.12216790289952799,0.15473701955495617,0.10622049898853675,0.08796358732299393,0.10559676331759946,0.08196223870532704,0.07252191503708699,0.11011463250168577,0.1587154416722859,0.0,0.0,0.0,0.0,0.0,0.0,0.0,0.0,0.0,0.0,0.0,0.0,0.0,0.0,0.0,0.0,0.0,0.0,-2.499005365106129,2.919734576057797,-1.827204118374347,-3.3721205779045307,-25.917866,19.064232
East Suffolk,E07000244,246060,236627,229063,1095,146,6323,3707,1054,579,1072,1002,3447,1034,261,283,740,1129,1357,712,422,223,922,112,810,106366,13786,16909,13244,10157,13291,11322,8480,8182,10995,106604,88502,36851,11148,2951,,2001,643,7710,1540,847,9551,16068,7316,5953,3830,2728,1377,5351,5565,5817,9109,15626,5332,2021,0.9616638218320734,0.014008778346744697,0.005514915061367146,0.015065431195643339,0.0037470535641713405,0.43324392424611885,0.35967650166626025,0.14976428513370724,0.045306022921238726,0.011993009834999594,0.9680340789512608,0.00462753616451208,0.000617004821934944,0.02672138006229213,0.08210037713954163,0.21467943138961415,0.29997098926602844,0.07571801566579635,0.3275311865390194,0.524686809137804,0.31098010316875463,0.1643330876934414,0.2891826274615592,0.1561909900188832,0.2843269490153763,0.2702994335041813,0.12147505422993492,0.8785249457700651,0.12960908561006337,0.15896997160746856,0.12451347235018709,0.09549104037004306,0.12495534287272249,0.10644378842863321,0.07972472406596093,0.07692307692307693,0.10336949777184438,0.0,0.0,0.0,0.0,0.0,0.0,0.0,0.0,0.0,0.0,0.0,0.0,0.0,0.0,0.0,0.0,0.0,0.0,-2.370288828875597,3.766245908777977,0.9834104309849393,-0.43650637655316177,-38.309055,2.9580085
Eastbourne,E07000061,101680,92342,83465,960,77,7840,2802,659,508,812,823,3544,906,170,466,550,1452,1308,883,259,166,1684,445,1239,43832,4928,7784,5138,3906,4792,6068,3769,2554,4893,43956,35844,15503,4946,1440,,89,13,1922,103,306,4175,7140,1774,2815,1203,1142,605,2129,2142,2302,4388,9546,2033,2021,0.9081628638867034,0.03485444531864673,0.012863886703383162,0.027557041699449253,0.016561762391817468,0.4322974036191975,0.3525177025963808,0.15246852871754524,0.048642800944138476,0.014162077104642014,0.9038682289748977,0.010396136102748478,0.0008338567499079508,0.0849017781724459,0.13148984198645597,0.15519187358916478,0.25564334085778784,0.04796839729119639,0.40970654627539504,0.6750764525993884,0.19801223241590213,0.12691131498470948,0.2897930049964311,0.1812990720913633,0.2351891506067095,0.2937187723054961,0.2642517814726841,0.7357482185273159,0.11242927541522175,0.17758715093995256,0.11722029567439314,0.0891129768205877,0.10932651943785363,0.1384376711078664,0.08598740646103303,0.058267932104398616,0.11163077203869319,0.0,0.0,0.0,0.0,0.0,0.0,0.0,0.0,0.0,0.0,0.0,0.0,0.0,0.0,0.0,0.0,0.0,0.0,-2.7832125126052634,3.242663333942323,-0.7937894860101994,2.056980060909227,-43.02654,5.005584
Eastleigh,E07000086,136444,126083,120242,633,198,5010,2817,575,469,1076,697,5256,2634,367,372,865,1018,1300,949,179,172,988,199,789,69515,9404,14903,9932,7344,7603,6187,5050,3863,5229,67981,47400,15896,4088,1078,,178,77,4554,457,449,7084,10046,3724,2439,3596,2999,1056,4422,3481,4936,7005,9934,3084,2021,0.9240640848992994,0.03852129811497757,0.00952771833133007,0.020645832722582157,0.007241065931810853,0.4982337076016534,0.3473952683884964,0.11650200814986368,0.029961009644982557,0.007900677200902935,0.9536733738886289,0.005020502367488083,0.001570394105470206,0.03973572963841279,0.07077625570776255,0.1645738203957382,0.5011415525114156,0.06982496194824962,0.1936834094368341,0.73,0.1376923076923077,0.13230769230769232,0.38196663116790913,0.16648917287894924,0.20411785587504438,0.24742634007809727,0.201417004048583,0.798582995951417,0.13528015536215204,0.21438538444939942,0.14287563835143494,0.10564626339638927,0.10937207796878372,0.08900237358843414,0.07264619146946702,0.05557074012802992,0.07522117528590952,0.0,0.0,0.0,0.0,0.0,0.0,0.0,0.0,0.0,0.0,0.0,0.0,0.0,0.0,0.0,0.0,0.0,0.0,-3.9486601983534557,0.9791442120096635,2.25889779382304,0.22717205716512726,-25.754461,1.03592
Elmbridge,E07000207,138755,119500,102867,2326,149,14158,5688,854,681,2372,1781,9052,3539,919,630,1415,2549,1730,1135,388,207,2785,884,1901,66980,16432,17652,10820,5545,4189,4495,3001,1828,3018,81741,40971,12067,3038,938,,113,345,2967,407,243,4438,7198,2260,2494,6258,5548,1689,8567,3539,2693,7074,6985,4164,2021,0.8612302259378041,0.06523728874635149,0.012468019170480344,0.04099311736514,0.020071348780224135,0.5891030953839501,0.2952758459154625,0.08696623545097475,0.02189470649706317,0.006760116752549458,0.8608117154811715,0.019464435146443516,0.0012468619246861926,0.11847698744769875,0.06959787892178525,0.15631904551480336,0.39096332302253645,0.10152452496685815,0.2815952275740168,0.6560693641618497,0.22427745664739884,0.11965317919075144,0.4170182841068917,0.11972573839662447,0.15014064697609,0.3131153305203938,0.31741472172351887,0.6825852782764812,0.2453269632726187,0.26354135562854586,0.16154075843535384,0.08278590624066885,0.06254105703194984,0.06710958495073156,0.044804419229620786,0.027291728874290832,0.04505822633621977,0.0,0.0,0.0,0.0,0.0,0.0,0.0,0.0,0.0,0.0,0.0,0.0,0.0,0.0,0.0,0.0,0.0,0.0,-6.922247031122743,-3.850778018611573,3.9579641931545337,0.6853887443009639,-15.791063,0.5799874
Enfield,E09000010,329985,171884,103140,5969,374,62401,19558,5165,2994,3818,7581,37973,11870,3674,8123,2691,11615,60512,36463,16990,7059,40058,2535,37523,143864,18297,29475,17729,13804,14397,13986,10695,9440,16041,167119,108918,37822,12150,3975,,100,63,4613,438,600,14009,21780,7614,8390,7062,5561,3355,10915,8885,6966,15512,20635,7362,2021,0.520884282618907,0.11507492764822644,0.1833780323348031,0.05926936072851796,0.12139339666954559,0.50644423231359,0.3300695486158462,0.11461733109080716,0.036819855447974906,0.012046002091004137,0.6000558516208606,0.034726908845500455,0.0021758860626934443,0.3630413534709455,0.21391515023832725,0.07086614173228346,0.31259052484660155,0.09675295604771812,0.30587522713506965,0.6025746959280803,0.28077075621364356,0.11665454785827604,0.19521423458431333,0.15308313733510584,0.264086307393394,0.3876163206871868,0.06328323930301064,0.9367167606969894,0.1271826169159762,0.20488099872101428,0.1232344436412167,0.0959517321915142,0.10007368069843742,0.09721681588166602,0.07434104431963522,0.06561752766501697,0.111501139965523,0.0,0.0,0.0,0.0,0.0,0.0,0.0,0.0,0.0,0.0,0.0,0.0,0.0,0.0,0.0,0.0,0.0,0.0,-7.0248353749614045,-3.381781416715652,-5.272243218668442,-0.09201151093756095,-11.987275,8.877642
Epping Forest,E07000072,134980,113469,101994,1657,142,9676,4896,1481,588,1306,1521,9678,4712,1930,703,785,1548,3932,1941,1438,553,3005,330,2675,65796,12368,13155,9395,7991,6959,4587,3561,3371,4409,69924,44362,15163,4214,1317,,414,36,2750,224,456,8364,8666,2961,2329,3144,5107,1915,5748,3940,3023,6057,7199,3465,2021,0.8406356497258853,0.07169951103867239,0.029130241517261818,0.036272040302267,0.02226255741591347,0.5180323010816418,0.3286560971995851,0.11233516076455771,0.031219439917024746,0.009757001037190694,0.8988710572931814,0.014603107456662172,0.0012514431254351409,0.0852743921247213,0.07263897499483364,0.08111179995866914,0.4868774540194255,0.19942136805125027,0.15995040297582144,0.49364191251271616,0.36571719226856564,0.1406408952187182,0.2667483660130719,0.12009803921568628,0.30249183006535946,0.31066176470588236,0.10981697171381032,0.8901830282861897,0.18797495288467383,0.19993616633229983,0.14278983524834338,0.12145115204571706,0.10576630798224816,0.06971548422396498,0.05412183111435346,0.05123411757553651,0.06701015259286279,0.0,0.0,0.0,0.0,0.0,0.0,0.0,0.0,0.0,0.0,0.0,0.0,0.0,0.0,0.0,0.0,0.0,0.0,-4.9205677901397715,-0.9916575447503364,1.4871416850868797,-2.5564398850889165,-20.579184,1.6594454
Epsom and Ewell,E07000208,80937,64312,56136,1190,81,6905,3550,601,401,1416,1132,9233,3189,1474,528,1293,2749,1569,970,353,246,2273,721,1552,39909,7020,10663,5958,4095,3242,3304,2031,1404,2192,43925,26427,8110,1940,536,,38,111,1304,207,170,3479,4673,1413,1396,2899,2790,785,3944,2108,2206,4359,6009,2016,2021,0.7945933256730543,0.11407638039462792,0.019385447940991143,0.04386127481868614,0.02808357117264045,0.5427060553269827,0.32651321398124467,0.10020139120550552,0.023969260041760875,0.006622434733187541,0.8728697599203881,0.0185035452170668,0.0012594850105734545,0.10736720985197164,0.05718618000649843,0.14004115672045922,0.34539153038015813,0.15964475251814145,0.29773638037474276,0.6182281708094327,0.2249840662842575,0.15678776290630975,0.39887323943661973,0.11295774647887324,0.16929577464788734,0.3188732394366197,0.3172019357677079,0.6827980642322922,0.17590017289333232,0.2671828409631913,0.14928963391716155,0.1026084341877772,0.08123480919090932,0.08278834348142024,0.05089077651657521,0.03518003457866647,0.05492495427096645,0.0,0.0,0.0,0.0,0.0,0.0,0.0,0.0,0.0,0.0,0.0,0.0,0.0,0.0,0.0,0.0,0.0,0.0,-5.909655462247243,-2.6119610107137152,2.3681753582042364,0.16564071240996775,-18.942657,-0.48293912
Erewash,E07000036,112908,107769,104400,532,38,2799,2048,979,198,518,353,1788,921,149,44,320,354,871,347,405,119,432,62,370,54967,6133,9102,6609,5418,6881,5028,4547,4747,6502,50053,39919,16552,5020,1362,,165,43,6862,396,481,5321,9806,3554,2241,1783,989,669,2553,2460,2859,5479,7172,2128,2021,0.9544850674885748,0.01583590179615262,0.0077142452262018634,0.0181386615651681,0.0038261239239026465,0.4433078258405073,0.35355333545895773,0.1465972296028625,0.04446097707868353,0.012062918482304176,0.9687386910892742,0.004936484517811244,0.00035260603698651746,0.025972218355927956,0.024608501118568233,0.1789709172259508,0.5151006711409396,0.08333333333333333,0.19798657718120805,0.3983926521239954,0.46498277841561425,0.13662456946039037,0.2529296875,0.0966796875,0.47802734375,0.17236328125,0.14351851851851852,0.8564814814814815,0.11157603653100952,0.1655902632488584,0.12023577783033457,0.09856823184819982,0.12518420142994888,0.09147306565757636,0.08272236068914075,0.08636090745356305,0.11828915531136865,0.0,0.0,0.0,0.0,0.0,0.0,0.0,0.0,0.0,0.0,0.0,0.0,0.0,0.0,0.0,0.0,0.0,0.0,-1.6540912826767156,3.678924022352864,0.16537840626107564,-3.5756133185589496,-29.854658,9.772945
Exeter,E07000041,130707,118034,108095,875,100,8964,3308,503,484,1305,1016,6375,1588,274,513,2020,1980,1137,893,137,107,1853,802,1051,59699,5846,14748,7326,5305,5353,5803,5109,3654,6555,66498,43054,15152,4665,1340,,226,35,2427,507,707,4570,8731,2678,3338,2077,1130,795,4279,2731,3565,8109,11136,2660,2021,0.9030426832533835,0.04877321031008286,0.008698845509421836,0.0253085144636477,0.014176746463464084,0.5087562257568454,0.32939322301024426,0.11592340119503929,0.035690513897495925,0.010251937539688005,0.9157954487689988,0.007413118254062389,0.0008472135147499873,0.07594421946218886,0.08047058823529411,0.3168627450980392,0.24909803921568627,0.042980392156862744,0.31058823529411766,0.7854001759014951,0.12049252418645559,0.09410729991204925,0.3944981862152358,0.14631197097944376,0.15205562273276904,0.30713422007255137,0.43281165677280087,0.5671883432271991,0.09792458835156367,0.24703931389135497,0.122715623377276,0.08886246000770533,0.0896664935761068,0.09720430827987069,0.08557932293673261,0.061207055394562726,0.10980083418482722,0.0,0.0,0.0,0.0,0.0,0.0,0.0,0.0,0.0,0.0,0.0,0.0,0.0,0.0,0.0,0.0,0.0,0.0,-3.71804385130418,0.7950991141681124,0.8886581535357561,3.3435754333572816,-30.606972,5.902493
Fareham,E07000087,114512,109499,106212,484,109,2694,1727,343,231,704,449,2114,834,121,143,562,454,670,403,181,86,502,107,395,55631,7953,11632,9159,6154,5586,4593,3940,2611,4003,55185,40519,14190,3698,921,,170,58,4265,393,379,5210,7246,2696,1984,2780,1933,753,3355,2923,6549,5461,7088,2387,2021,0.9562229286013693,0.01846094732429789,0.005850915187927902,0.015081388850076849,0.004383820036328071,0.48191455917283776,0.3538406455218667,0.12391714405477156,0.03229355875366774,0.008042825206091939,0.9699814610179088,0.004420131690700372,0.000995442880756902,0.024602964410633886,0.06764427625354778,0.26584673604541154,0.3945127719962157,0.05723746452223273,0.21475875118259224,0.6014925373134329,0.2701492537313433,0.12835820895522387,0.40764331210191085,0.1337579617834395,0.19861030689056167,0.259988419224088,0.21314741035856574,0.7868525896414342,0.1429598605094282,0.20909205299203681,0.16463842102424908,0.11062177562869623,0.10041164099153349,0.08256188096564865,0.07082382125074149,0.04693426327047869,0.07195628336718736,0.0,0.0,0.0,0.0,0.0,0.0,0.0,0.0,0.0,0.0,0.0,0.0,0.0,0.0,0.0,0.0,0.0,0.0,-3.6049292396419994,0.9748989440012625,3.288771278554799,-0.10229535236803601,-27.811615,0.20446321
Fenland,E07000010,102461,98280,88028,434,593,9225,1412,416,220,382,394,1232,387,85,72,245,443,814,455,223,136,723,47,676,47108,5028,5248,5157,4115,6175,4963,3505,6615,6302,41264,38407,16256,5064,1471,,1295,30,6459,262,515,5137,8070,2862,1653,1127,859,520,2057,2805,2548,3487,5683,1742,2021,0.9591942299997072,0.012024087213671543,0.00794448619474727,0.013780853202681995,0.007056343389191986,0.40272884316959623,0.3748450629995803,0.158655488429744,0.04942368315749407,0.014356682054635422,0.8956857956857956,0.004415954415954416,0.006033781033781034,0.09386446886446886,0.05844155844155844,0.19886363636363635,0.31412337662337664,0.0689935064935065,0.35957792207792205,0.558968058968059,0.273955773955774,0.16707616707616707,0.2705382436260623,0.1558073654390935,0.29461756373937675,0.2790368271954674,0.06500691562932227,0.9349930843706777,0.10673346353061051,0.111403583255498,0.10947185191474909,0.08735246667232742,0.1310817695508194,0.10535365543007558,0.07440349834423028,0.14042200900059437,0.13377770230109537,0.0,0.0,0.0,0.0,0.0,0.0,0.0,0.0,0.0,0.0,0.0,0.0,0.0,0.0,0.0,0.0,0.0,0.0,-2.079817791828987,4.980469935999056,-0.7481740601294243,-0.7772876401350862,-36.41858,8.4822
Flintshire,W06000005,154960,151232,144356,630,123,6123,1446,331,240,506,369,1455,395,128,109,374,449,292,174,62,56,535,92,443,73819,8077,12180,8660,6918,9009,7338,5853,7719,8065,73431,51838,20920,6716,2057,,782,163,11555,514,737,6050,11787,3286,3167,1712,2467,752,3348,3530,4948,6390,9831,2798,2021,0.9759421786267424,0.009389519876097057,0.0018843572534847702,0.009331440371708829,0.003452503871966959,0.4738706763035622,0.3345250387196696,0.13500258131130613,0.043340216830149714,0.013274393391843057,0.9545334320778671,0.004165785019043589,0.0008133199322894626,0.04048746297079983,0.07491408934707904,0.2570446735395189,0.27147766323024053,0.0879725085910653,0.30859106529209623,0.5958904109589042,0.21232876712328766,0.1917808219178082,0.3499308437067773,0.16597510373443983,0.2289073305670816,0.2551867219917012,0.17196261682242991,0.8280373831775701,0.10941627494276542,0.16499817120253593,0.11731397065796069,0.09371571004754874,0.12204175076877227,0.099405302157981,0.07928853005323833,0.104566575001016,0.10925371516818164,0.0,0.0,0.0,0.0,0.0,0.0,0.0,0.0,0.0,0.0,0.0,0.0,0.0,0.0,0.0,0.0,0.0,0.0,-2.5225681239232682,3.522744220915642,0.915644825319648,0.8069009788622427,-37.35602,1.9506457
Folkestone and Hythe,E07000112,109759,101614,96590,765,146,4113,2108,554,303,676,575,4271,490,214,196,358,3013,682,385,203,94,1084,119,965,47817,6167,7610,6934,4324,5592,5681,3962,3132,4415,47404,38432,16801,5519,1603,,453,26,2011,677,430,5226,6855,2777,2520,1376,1798,605,2324,3144,3480,4463,7400,2256,2021,0.9257919623903279,0.0389125265354094,0.006213613462221777,0.0192057143377764,0.009876183274264524,0.4318916899753095,0.3501489627274301,0.15307172988092094,0.050282892519064495,0.01460472489727494,0.9505579939772079,0.007528490168677545,0.0014368098884012046,0.040476705965713386,0.045890892062748774,0.08382111917583704,0.11472723015687193,0.0501053617419808,0.7054553968625614,0.5645161290322581,0.29765395894428154,0.1378299120234604,0.3206831119544592,0.1437381404174573,0.26280834914611007,0.27277039848197343,0.10977859778597786,0.8902214022140221,0.12897086810130287,0.15914842001798524,0.14501118848944936,0.09042809042809043,0.11694585607629086,0.1188071188071188,0.08285756111843068,0.06549971767363072,0.09233117928770103,0.0,0.0,0.0,0.0,0.0,0.0,0.0,0.0,0.0,0.0,0.0,0.0,0.0,0.0,0.0,0.0,0.0,0.0,-2.751117686224831,3.4401038592272455,0.9237882112040038,0.6784892667780641,-42.35691,2.776732
Forest of Dean,E07000080,87004,84869,82401,314,103,2051,925,257,135,303,230,625,139,35,16,151,284,242,117,82,43,343,27,316,39992,5126,6221,4875,3797,5815,4347,2677,3192,3942,38990,30908,12355,3662,1089,,1022,59,4115,257,370,4451,5819,1503,1642,1404,1028,561,2086,2040,2720,3465,5611,1831,2021,0.9754608983495012,0.007183577766539469,0.0027814813112040826,0.010631695094478415,0.0039423474782768605,0.44814031538779825,0.3552480345731231,0.14200496528895223,0.04209001884970806,0.012516665900418372,0.9709198882984365,0.003699819722160035,0.0012136351317913491,0.0241666568476122,0.0256,0.2416,0.2224,0.056,0.4544,0.4834710743801653,0.33884297520661155,0.17768595041322313,0.32756756756756755,0.14594594594594595,0.27783783783783783,0.24864864864864866,0.07871720116618076,0.9212827988338192,0.1281756351270254,0.15555611122224444,0.1218993798759752,0.09494398879775955,0.14540408081616324,0.10869673934786957,0.0669383876775355,0.07981596319263853,0.09856971394278856,0.0,0.0,0.0,0.0,0.0,0.0,0.0,0.0,0.0,0.0,0.0,0.0,0.0,0.0,0.0,0.0,0.0,0.0,-2.3574038804241617,3.8661683349559652,1.9880057931147186,-0.6379956858090574,-38.604877,1.3543671
Fylde,E07000119,81375,78332,75793,548,49,1942,1158,299,173,396,290,1173,383,174,75,242,299,331,189,66,76,381,97,284,35712,5208,7685,4893,3623,3503,3423,2478,1953,2946,37427,27421,11815,3641,1070,,335,30,3306,337,176,2605,4696,1106,2207,1095,1061,579,2131,1555,3682,3404,5686,1725,2021,0.962605222734255,0.014414746543778802,0.004067588325652842,0.014230414746543778,0.004682027649769585,0.4599324116743472,0.33697081413210445,0.14519201228878648,0.04474347158218126,0.01314900153609831,0.9675866823265077,0.006995863759383139,0.0006255425624265945,0.024791911351682582,0.0639386189258312,0.20630861040068202,0.32651321398124467,0.1483375959079284,0.2549019607843137,0.5709969788519638,0.19939577039274925,0.229607250755287,0.34196891191709844,0.14939550949913644,0.25820379965457685,0.2504317789291883,0.2545931758530184,0.7454068241469817,0.14583333333333334,0.2151937724014337,0.1370127688172043,0.10145049283154121,0.09809027777777778,0.09585013440860216,0.06938844086021505,0.0546875,0.08249327956989247,0.0,0.0,0.0,0.0,0.0,0.0,0.0,0.0,0.0,0.0,0.0,0.0,0.0,0.0,0.0,0.0,0.0,0.0,-3.1113569818394997,2.2272439108909547,1.70417912086608,0.32751688602157325,-32.318336,-0.30432007
Gateshead,E08000037,196149,183489,177131,710,115,5533,2393,384,547,872,590,4925,1027,944,379,1146,1429,2214,1852,109,253,3128,926,2202,87518,8448,16612,11006,8949,8581,8793,8710,6950,9469,85811,65777,30117,11120,3326,,153,273,7203,681,573,6980,13231,4446,4513,3293,2467,1266,4274,4548,7014,8611,14446,3540,2021,0.9354572289433033,0.025108463463999305,0.01128733768716639,0.012199909252659968,0.01594706065287103,0.43747865143334913,0.33534201041045325,0.15354144043558723,0.05669159669434971,0.01695649735660136,0.9653494214912065,0.003869441764901438,0.0006267405675544583,0.030154396176337545,0.07695431472081218,0.23269035532994925,0.20852791878172589,0.1916751269035533,0.2901522842639594,0.8364950316169828,0.04923215898825655,0.11427280939476062,0.36439615545340576,0.22858336815712496,0.16046803175929794,0.24655244463017134,0.2960358056265985,0.7039641943734015,0.09652871409310085,0.18981238145295826,0.12575698713407527,0.10225325075984369,0.09804840147169724,0.10047076030073814,0.09952238396672684,0.07941223519733083,0.10819488562352887,0.0,0.0,0.0,0.0,0.0,0.0,0.0,0.0,0.0,0.0,0.0,0.0,0.0,0.0,0.0,0.0,0.0,0.0,-2.3787905502265816,3.7628983981106723,-0.7422539038041599,3.7643931412228024,-40.130165,14.670991
Gedling,E07000173,117264,104918,100367,887,28,3636,4130,2143,351,859,777,4532,1755,1451,106,472,748,2675,1026,1263,386,1009,186,823,56187,7026,11693,7670,5625,6236,5203,4385,3360,4989,53976,40850,16183,4840,1414,,200,39,3941,601,373,5726,8926,2525,2160,2004,1281,952,2947,2422,4047,6500,9156,2392,2021,0.894716195933961,0.038647837358439074,0.02281177513985537,0.0352196752626552,0.008604516305089372,0.46029471960704055,0.3483592577432119,0.1380048437713194,0.04127438941192523,0.012058261700095512,0.9566232676947711,0.008454221391944185,0.00026687508339846356,0.0346556358298862,0.023389232127096204,0.10414827890556046,0.3872462488967343,0.3201676963812886,0.1650485436893204,0.38355140186915887,0.4721495327102804,0.14429906542056076,0.2079903147699758,0.08498789346246974,0.5188861985472155,0.188135593220339,0.18434093161546086,0.8156590683845392,0.12504671899193764,0.20810863722925232,0.1365084450139712,0.10011212558065033,0.11098652713261074,0.09260149144819976,0.07804296367487142,0.05980030968017513,0.08879278124833147,0.0,0.0,0.0,0.0,0.0,0.0,0.0,0.0,0.0,0.0,0.0,0.0,0.0,0.0,0.0,0.0,0.0,0.0,-2.610103300360384,1.9565710938354164,-0.22736538611147947,-3.8982547662333156,-27.916424,9.99063
Gloucester,E07000081,132414,112461,103317,800,224,8120,5014,2694,569,869,882,8543,4481,1160,802,497,1603,4826,2149,1912,765,1570,332,1238,65621,6245,10844,8019,7174,7208,7580,5648,5576,7327,61882,46736,17259,5172,1367,,203,74,6025,761,474,5896,10738,3194,3106,2341,2906,747,2654,3149,4169,5279,11661,2241,2021,0.8493135166976301,0.0645173471083118,0.03644629721932726,0.037866086667572914,0.011856752307157853,0.46733729061881674,0.352953615176643,0.13034120259187096,0.03905931396982192,0.010323681785913877,0.9186918131618961,0.00711357715119019,0.0019918016023332532,0.07220280808458043,0.0938780287955051,0.058176284677513755,0.5245230012876039,0.1357836825471146,0.18763900269226266,0.44529631164525485,0.39618731869042684,0.15851636966431829,0.1733147187873953,0.11348224970083766,0.5372955723972876,0.17590745911447947,0.21146496815286625,0.7885350318471338,0.09516770546014233,0.16525197726337607,0.12220173420094177,0.10932475884244373,0.10984288566160223,0.11551180262415994,0.08607000807668277,0.08497279834199419,0.11165632952865698,0.0,0.0,0.0,0.0,0.0,0.0,0.0,0.0,0.0,0.0,0.0,0.0,0.0,0.0,0.0,0.0,0.0,0.0,-2.3431906930559134,2.3738453466749325,-1.8009511178735536,-3.642338885889748,-27.248281,11.244267
Gosport,E07000088,81949,78136,75763,310,42,2021,1210,319,190,342,359,1169,337,23,92,312,405,984,439,405,140,450,49,401,38484,4077,5272,5804,4031,4766,4610,3170,2593,4161,35504,29829,12134,3587,898,,39,30,2801,234,331,3777,5517,1825,1884,1245,712,430,1390,2117,5449,3338,5819,1549,2021,0.9534710612698142,0.014264969676262066,0.012007468059402799,0.014765280845403848,0.005491220149117134,0.43324506705389937,0.36399467961781107,0.1480677006430829,0.0437711259441848,0.010958034875349302,0.9696298761134432,0.003967441384253098,0.0005375243165762261,0.02586515818572745,0.07869974337040206,0.2668947818648417,0.28828058169375537,0.019674935842600515,0.34644995722840033,0.44613821138211385,0.4115853658536585,0.14227642276422764,0.28264462809917357,0.15702479338842976,0.2636363636363636,0.29669421487603304,0.10888888888888888,0.8911111111111111,0.1059401309635173,0.1369919966739424,0.1508159235006756,0.10474482901985241,0.12384367529362852,0.11979004261511278,0.08237189481342896,0.06737865086789314,0.10812285625194887,0.0,0.0,0.0,0.0,0.0,0.0,0.0,0.0,0.0,0.0,0.0,0.0,0.0,0.0,0.0,0.0,0.0,0.0,-2.2047586503547096,3.63023760545031,1.111648461335894,-0.48348421580972406,-38.98173,2.788946
Gravesham,E07000109,106902,81893,73030,699,320,7844,2828,787,535,791,715,11999,8136,843,690,352,1978,6952,5235,847,870,3230,127,3103,49761,6005,7846,6125,5188,5590,4639,3797,4387,6184,52013,36416,13291,4088,1092,,213,37,2879,244,464,6803,7974,3510,2123,1683,2038,856,2695,2874,2751,4320,6334,1959,2021,0.7660567622682457,0.11224298890572675,0.06503152419973433,0.02645413556341322,0.03021458906288002,0.48654842753175803,0.34064844436960956,0.12432882453087875,0.03824063160651812,0.01021496323735758,0.8917734116469052,0.008535528067111962,0.003907537884800898,0.09578352240118203,0.0575047920660055,0.02933577798149846,0.6780565047087257,0.07025585465455454,0.16484707058921577,0.7530207134637514,0.12183544303797468,0.12514384349827387,0.27970297029702973,0.1891796322489392,0.27828854314002827,0.2528288543140028,0.03931888544891641,0.9606811145510836,0.12067683527260305,0.15767368019131447,0.12308836237213883,0.10425835493659694,0.1123369707200418,0.09322561845622074,0.07630473664114468,0.08816141154719559,0.12427402986274391,0.0,0.0,0.0,0.0,0.0,0.0,0.0,0.0,0.0,0.0,0.0,0.0,0.0,0.0,0.0,0.0,0.0,0.0,-4.186696569623263,1.399770167387663,-1.4429080098856688,-1.153831317974583,-22.283516,12.175588
Great Yarmouth,E07000145,99750,94361,88663,352,135,5211,1575,354,424,374,423,1936,786,121,64,246,719,1104,857,105,142,774,75,699,41136,4037,4911,4127,3743,5220,5347,3722,4277,5752,40086,35834,16599,5610,1619,,418,799,3675,388,352,3587,6901,1792,3403,656,690,435,1528,2163,1708,3062,7665,1913,2021,0.9459749373433584,0.019408521303258146,0.01106766917293233,0.015789473684210527,0.007759398496240601,0.4018646616541353,0.35923809523809525,0.16640601503759397,0.056240601503759396,0.01623057644110276,0.9396148832674516,0.0037303547016246117,0.001430675808861712,0.05522408622206208,0.03305785123966942,0.12706611570247933,0.4059917355371901,0.0625,0.37138429752066116,0.7762681159420289,0.09510869565217392,0.1286231884057971,0.23746031746031745,0.2692063492063492,0.22476190476190477,0.26857142857142857,0.09689922480620156,0.9031007751937985,0.09813788409179308,0.11938448074679113,0.10032574873590043,0.09099085958770907,0.12689614935822638,0.1299834694671334,0.09048035783741734,0.10397218980941268,0.13982886036561648,0.0,0.0,0.0,0.0,0.0,0.0,0.0,0.0,0.0,0.0,0.0,0.0,0.0,0.0,0.0,0.0,0.0,0.0,-1.9074025963595977,5.775047914656954,-1.7791304501717733,1.9105521824398972,-38.69143,11.396231
Greenwich,E09000011,289065,161006,119665,4230,385,36726,17297,5142,3302,3491,5362,38028,10128,3538,2395,7125,14842,60602,44185,8724,7693,12132,1462,10670,142934,18826,35907,21127,11610,10735,13290,9173,7183,15083,152415,92418,30949,10134,3152,,84,124,3587,468,541,11411,16397,6294,7998,9966,11123,2717,13052,9402,8198,13186,20416,7973,2021,0.556988912528324,0.13155518654973794,0.20964834898725201,0.05983775275457077,0.041969799180115196,0.5272689533495927,0.3197135592340823,0.10706588483559061,0.03505785895905765,0.010904121910296992,0.7432331714346049,0.026272312833062122,0.002391215234214874,0.22810330049811808,0.06297990954033869,0.18736194383086147,0.2663300725781004,0.09303670979278426,0.3902913642579152,0.729101349790436,0.1439556450282169,0.12694300518134716,0.20182690639995374,0.1909001560964329,0.2972769844481702,0.30999595305544314,0.12050774810418727,0.8794922518958127,0.13171113940699902,0.2512138469503407,0.1478094785005667,0.08122630025046525,0.07510459372857403,0.09297997677249639,0.06417647305749506,0.050253963367708175,0.10552422796535464,0.0,0.0,0.0,0.0,0.0,0.0,0.0,0.0,0.0,0.0,0.0,0.0,0.0,0.0,0.0,0.0,0.0,0.0,-6.697079039797882,-2.8453507890777825,-2.8272202935570903,0.773811134380537,-13.886647,7.411938
Guildford,E07000209,143647,124788,111076,1292,467,11953,4386,710,615,1773,1288,9630,2873,921,476,2315,3045,2150,1531,357,262,2693,731,1962,69774,12141,18410,11207,5849,5682,5465,4077,2338,4605,78671,46690,13717,3531,1041,,265,166,3180,319,336,5367,8237,2217,2979,5574,3285,1199,7084,3695,4734,7974,9244,3924,2021,0.8687128864508135,0.06703933949194901,0.014967246096333374,0.03053318203652008,0.018747345924384082,0.5476689384393687,0.32503289313386285,0.09549103009460692,0.02458109114704797,0.007246931714550251,0.8901176395166202,0.010353559637144598,0.0037423470205468472,0.09578645382568837,0.0494288681204569,0.24039460020768433,0.29833852544132916,0.0956386292834891,0.3161993769470405,0.7120930232558139,0.16604651162790698,0.12186046511627907,0.4042407660738714,0.140218878248974,0.16187870497036025,0.29366165070679434,0.2714444857036762,0.7285555142963238,0.17400464356350503,0.2638518645913951,0.16061856852122566,0.08382778685470232,0.08143434517155387,0.07832430418207355,0.0584315074383008,0.03350818356407831,0.06599879611316536,0.0,0.0,0.0,0.0,0.0,0.0,0.0,0.0,0.0,0.0,0.0,0.0,0.0,0.0,0.0,0.0,0.0,0.0,-5.812544576991692,-1.8748831348631785,3.158904563427758,1.2782746506678244,-19.91532,-3.339854
Gwynedd,W06000002,117392,112987,109548,554,111,2774,1333,371,179,438,345,1968,484,209,199,580,496,513,373,82,58,591,314,277,51818,5360,9055,5266,3864,8277,6652,4118,3562,5664,58620,37038,15668,4741,1324,,2000,177,2678,444,665,5009,6914,1509,4419,1212,437,763,1858,2217,4345,5902,8579,2682,2021,0.9624761482894916,0.016764345100177182,0.004369974103857162,0.011355117895597656,0.00503441461087638,0.4993525964290582,0.3155070192176639,0.13346735723047568,0.04038605697151424,0.011278451683249284,0.9695628700646977,0.004903218954392983,0.0009824139060245869,0.024551497074884722,0.10111788617886179,0.29471544715447157,0.2459349593495935,0.10619918699186992,0.25203252032520324,0.7270955165692008,0.15984405458089668,0.11306042884990253,0.3285821455363841,0.1342835708927232,0.27831957989497375,0.25881470367591897,0.5313028764805414,0.4686971235194585,0.10343895943494538,0.1747462271797445,0.10162491798216836,0.07456868269713227,0.15973213941101547,0.1283723802539658,0.07947045428229572,0.06874059207225289,0.1093056466864796,0.0,0.0,0.0,0.0,0.0,0.0,0.0,0.0,0.0,0.0,0.0,0.0,0.0,0.0,0.0,0.0,0.0,0.0,-2.1096083934616536,3.1706826341102126,0.5975337815761013,2.792782108962084,-46.44706,9.708554
Hackney,E09000012,259147,137709,87927,5582,248,43952,17487,4749,2735,3691,6312,26885,8832,2461,6554,3459,5579,54645,29478,17903,7264,22421,2342,20079,134312,18646,40040,27603,9468,6468,9742,7191,4530,10624,146836,73626,25710,9467,3507,,90,63,4031,379,255,5260,14554,3873,6768,13449,6789,2925,21080,7204,5553,15069,16077,10891,2021,0.5313933790474132,0.10374420695589762,0.2108648759198447,0.0674790755825844,0.08651846249426001,0.566612771901662,0.2841090192053159,0.09921010083080259,0.03653138952023369,0.013532859728262337,0.6384985730780123,0.04053475081512465,0.0018008989971606793,0.31916577710970234,0.2437790589548075,0.1286591035893621,0.3285103217407476,0.09153803236005208,0.2075134833550307,0.5394455119407082,0.3276237533168634,0.1329307347424284,0.21107108137473551,0.15640189855321096,0.2715731686395608,0.3609538514324927,0.10445564426207574,0.8955443557379242,0.13882601703496336,0.2981118589552683,0.20551402704151528,0.07049258443028174,0.04815653106200488,0.07253261063791769,0.053539519923759604,0.03372744058609804,0.07909941032819108,0.0,0.0,0.0,0.0,0.0,0.0,0.0,0.0,0.0,0.0,0.0,0.0,0.0,0.0,0.0,0.0,0.0,0.0,-8.685581834279569,-6.324512237729922,-3.3667953323299797,0.12045936412594317,-11.837847,6.781172
Halton,E06000006,128478,123976,120301,685,91,2899,1791,530,342,461,458,1436,375,125,58,418,460,511,293,84,134,764,241,523,58706,5870,8767,7260,5877,5667,5585,6143,5884,7653,59066,41455,18088,7491,2380,,96,116,6045,476,797,4879,10421,4060,2425,2399,1269,785,3141,3350,3491,4696,8177,2087,2021,0.9649589813041921,0.011177010850106634,0.003977334640950202,0.013940129827674777,0.005946543377076231,0.4597362972649014,0.3226622456763026,0.14078674948240166,0.05830570214355765,0.018524572300316008,0.970357165903078,0.005525262954120152,0.0007340130347809254,0.023383558108020907,0.0403899721448468,0.29108635097493035,0.26114206128133705,0.08704735376044569,0.3203342618384401,0.5733855185909981,0.1643835616438356,0.2622309197651663,0.2573981016192071,0.19095477386934673,0.29592406476828587,0.25572305974316023,0.31544502617801046,0.6845549738219895,0.09998977957960004,0.14933737607740266,0.12366708683950534,0.10010901781759957,0.09653187067761387,0.09513507988961946,0.10464007086158143,0.10022825605559908,0.13036146220147857,0.0,0.0,0.0,0.0,0.0,0.0,0.0,0.0,0.0,0.0,0.0,0.0,0.0,0.0,0.0,0.0,0.0,0.0,-1.850437668493534,3.983636134944825,-0.9843121116306662,1.7144708809626712,-43.551258,11.757311
Hammersmith and Fulham,E09000013,183156,115679,70105,4812,93,40669,12318,3157,1777,3142,4242,19306,4100,2010,1277,4253,7666,22453,13243,6626,2584,13400,5534,7866,98096,18326,29279,18574,6900,4493,6803,5004,2711,6006,108069,51238,16301,5603,1946,,53,210,2994,449,180,4055,11022,2995,5879,9031,8797,2955,13898,4775,3116,8940,11869,6868,2021,0.6315872807879622,0.1054074122605866,0.12258948655790693,0.0672541440083863,0.07316167638515801,0.5900380003931075,0.27975059512109895,0.08900063333988513,0.03059140841686868,0.010624822555635634,0.6060304808997311,0.0415978699677556,0.0008039488584790671,0.35156770027403417,0.06614523982181705,0.22029420905418004,0.21236921164404848,0.10411271107427743,0.397078628405677,0.5898098249677103,0.29510533113615106,0.1150848438961386,0.25507387562916056,0.14426043188829354,0.25629160578015914,0.34437408670238673,0.4129850746268657,0.5870149253731344,0.1868169955961507,0.29847292448213997,0.18934513129995106,0.07033925950089708,0.045802071440221824,0.06935043222965259,0.051011254281520146,0.027636193116946664,0.06122573805251998,0.0,0.0,0.0,0.0,0.0,0.0,0.0,0.0,0.0,0.0,0.0,0.0,0.0,0.0,0.0,0.0,0.0,0.0,-8.40021879783709,-6.873023305192723,-1.17117176756345,1.604831540312023,-12.019097,5.0405188
Harborough,E07000131,97623,88851,85474,554,193,2630,2003,602,182,762,457,5298,4250,279,68,233,468,699,411,201,87,772,81,691,48772,8799,10831,6993,4486,5046,3500,2903,2358,3856,50282,32717,11016,2850,762,,982,40,4131,354,280,4388,8416,2081,1697,1821,1702,701,3512,2197,2514,5639,5964,2358,2021,0.9101441258719769,0.05426999784886758,0.007160197904182416,0.020517705868494104,0.007907972506479006,0.5150630486668101,0.3351361871690073,0.11284226053286624,0.029193939952675087,0.007805537629452076,0.9619925493241495,0.006235157735984964,0.002172175889973101,0.029600117049892516,0.012835032087580219,0.04397885994714987,0.8021895054737637,0.05266138165345413,0.08833522083805209,0.5879828326180258,0.2875536480686695,0.12446351931330472,0.38042935596605093,0.090863704443335,0.30054917623564653,0.22815776335496754,0.10492227979274611,0.8950777202072538,0.18041089149512016,0.2220741409005167,0.14338144837201672,0.09197900434675634,0.1034610022143853,0.07176248667268105,0.059521856803083736,0.04834741244976626,0.07906175674567374,0.0,0.0,0.0,0.0,0.0,0.0,0.0,0.0,0.0,0.0,0.0,0.0,0.0,0.0,0.0,0.0,0.0,0.0,-4.502486829733504,0.10696266013080274,2.9326679795313644,-3.17976611317511,-21.433191,3.4438248
Haringey,E09000014,264238,150581,84298,5701,235,60347,18556,5325,2574,3915,6742,23080,5838,2162,4819,3848,6413,46466,24855,16339,5272,25555,2525,23030,134383,17168,33738,21842,9189,11265,10419,8084,6027,16651,140184,83809,27408,9562,3275,,76,75,3648,308,298,10303,15311,4763,9730,10598,4928,2469,14199,9954,5720,14637,16945,10423,2021,0.5698688303726186,0.08734549913335705,0.17584904517896743,0.07022457027376834,0.09671205504128853,0.5305217266252393,0.3171723976112444,0.10372467245437825,0.03618707377440035,0.012394129534737622,0.5598183037700639,0.03786002218075322,0.0015606218580033338,0.4007610521911795,0.20879549393414212,0.16672443674176776,0.252946273830156,0.09367417677642981,0.2778596187175043,0.5349072440063702,0.3516334524168209,0.11345930357680885,0.21098297046777323,0.13871524035352448,0.28696917439103253,0.36333261478766976,0.09880649579338681,0.9011935042066131,0.127754254630422,0.2510585416310099,0.1625354397505637,0.06837918486713349,0.08382756747505264,0.07753212831980236,0.0601564185946139,0.04484942291807743,0.1239070418133246,0.0,0.0,0.0,0.0,0.0,0.0,0.0,0.0,0.0,0.0,0.0,0.0,0.0,0.0,0.0,0.0,0.0,0.0,-7.740357464045735,-4.7798856437029205,-4.233392659438171,-0.17415386432072005,-12.10468,7.97716
Harlow,E07000073,93330,77214,67993,743,182,8296,3048,1051,587,623,787,5555,1613,1197,740,817,1188,5827,4156,909,762,1686,301,1385,45981,4808,6889,5202,4968,5411,4800,3669,4302,5932,44559,32106,11913,3659,1091,,96,27,3552,176,334,5330,8502,3079,1842,1535,1188,567,1882,2738,1961,3780,7609,1784,2021,0.8273224043715847,0.05951998285653059,0.06243437265616629,0.032658309225329474,0.018064930890388943,0.47743490838958536,0.3440051430408229,0.1276438444230151,0.03920497160612879,0.011689703203685845,0.8805786515398761,0.009622607299194447,0.002357085502629057,0.10744165565830031,0.1332133213321332,0.14707470747074708,0.29036903690369037,0.2154815481548155,0.21386138613861386,0.7132315084949373,0.15599794062124592,0.13077055088381673,0.20439632545931757,0.19258530183727035,0.34481627296587924,0.25820209973753283,0.1785290628706999,0.8214709371293001,0.1045649289924099,0.149822752876188,0.11313368565276963,0.1080446271285966,0.11767904134316348,0.10439094408560057,0.07979382788543093,0.09356038363671952,0.12900980839912138,0.0,0.0,0.0,0.0,0.0,0.0,0.0,0.0,0.0,0.0,0.0,0.0,0.0,0.0,0.0,0.0,0.0,0.0,-3.2542527974581557,2.1436093241910625,-2.166958892280521,0.15122507268951077,-23.553017,13.25084
Harrow,E09000015,261205,95233,53567,5608,179,35879,9833,2187,1104,3140,3402,118152,74744,10264,1820,2784,28540,19151,10584,6514,2053,18836,6239,12597,125040,17524,31409,14526,12204,12184,8624,9061,7806,11702,134553,88594,27907,7715,2434,,60,151,4529,400,324,15627,18374,6669,5137,8668,7192,2445,11147,7030,5137,11040,16448,4665,2021,0.36459103003388144,0.45233437338488924,0.0733178920771042,0.03764476177714822,0.0721119427269769,0.5151241362148504,0.33917421182596047,0.10683945560000765,0.029536188051530406,0.00931835148638043,0.5624835928722187,0.05888715046254975,0.0018796005586298866,0.3767496561066017,0.015403886519060194,0.023562868169815152,0.6326088428465028,0.08687114902837023,0.2415532534362516,0.5526604354863975,0.3401388961411937,0.10720066837240876,0.3193328587409743,0.1122749923726228,0.22241431912946202,0.3459778297569409,0.3312274368231047,0.6687725631768953,0.14014715291106847,0.2511916186820218,0.11617082533589251,0.09760076775431861,0.09744081893793986,0.0689699296225208,0.07246481126039667,0.06242802303262956,0.09358605246321178,0.0,0.0,0.0,0.0,0.0,0.0,0.0,0.0,0.0,0.0,0.0,0.0,0.0,0.0,0.0,0.0,0.0,0.0,-6.8863714839122485,-4.930913933798112,-4.259137790940257,-1.6695773656823245,-13.482724,11.038943
Hart,E07000089,99404,91952,86414,769,246,4523,2231,408,299,919,605,3595,1318,217,161,519,1380,843,514,225,104,783,120,663,50445,9507,11749,8737,4762,4544,3698,2774,1769,2905,54555,32704,9344,2177,628,,202,122,2817,273,349,4268,6219,1931,2047,5339,2293,752,4262,2939,4318,4736,5246,2343,2021,0.9250331978592411,0.03616554665808217,0.00848054404249326,0.022443764838437085,0.007876946601746409,0.5488209729990745,0.329000845036417,0.0940002414389763,0.02190052714176492,0.006317653213150376,0.9397729250043501,0.00836305898729772,0.0026753088567948494,0.049188707151557334,0.04478442280945758,0.1443671766342142,0.3666203059805285,0.060361613351877605,0.38386648122392214,0.6097271648873073,0.2669039145907473,0.12336892052194544,0.4119229045271179,0.13402061855670103,0.1828776333482743,0.2711788435679068,0.1532567049808429,0.8467432950191571,0.18846268212905143,0.23290712657349588,0.17319853305580335,0.0943998414114382,0.09007830310238873,0.07330756269204083,0.05499058380414312,0.03506789572802062,0.0575874715036178,0.0,0.0,0.0,0.0,0.0,0.0,0.0,0.0,0.0,0.0,0.0,0.0,0.0,0.0,0.0,0.0,0.0,0.0,-5.4533307118381,-1.3683005541185744,4.464667089552522,-0.3919473556648795,-21.224863,-2.4569106
Hartlepool,E06000001,92338,89068,87761,170,37,1100,671,143,115,240,173,1600,335,297,278,217,473,445,327,57,61,554,270,284,37749,3348,5838,4497,3391,4736,4381,3613,3622,4323,39817,30749,14415,5625,1732,,149,428,3874,584,444,3809,5734,1452,1845,834,628,544,1689,1645,2632,3763,6354,1341,2021,0.9645866273906734,0.017327644090190386,0.004819251012584201,0.007266780740323594,0.0059996967662284215,0.4312092529619442,0.3330048300807901,0.15611124347505903,0.06091749875457558,0.018757174727631096,0.9853258184757713,0.0019086540620649392,0.00041541294292001614,0.012350114519243723,0.17375,0.135625,0.209375,0.185625,0.295625,0.7348314606741573,0.12808988764044943,0.13707865168539327,0.35767511177347244,0.17138599105812222,0.21311475409836064,0.2578241430700447,0.48736462093862815,0.5126353790613718,0.08869109115473257,0.15465310339346738,0.1191289835492331,0.0898301941773292,0.12546027709343294,0.11605605446501895,0.09571114466608387,0.09594956157779014,0.11451958992291186,0.0,0.0,0.0,0.0,0.0,0.0,0.0,0.0,0.0,0.0,0.0,0.0,0.0,0.0,0.0,0.0,0.0,0.0,-1.3694417766348144,4.689989032072299,-1.2137967905812765,3.40709076341938,-41.633736,15.885931
Hastings,E07000062,90995,83191,77418,780,128,4865,2639,758,404,724,753,2536,595,125,343,366,1107,1262,782,304,176,1367,330,1037,40899,4437,6752,5489,3816,5063,5531,3410,2558,3843,38395,31864,14122,5025,1588,,150,12,2163,142,243,4358,6056,1549,2123,1272,1362,675,1985,1892,2464,3707,8412,2332,2021,0.914237045991538,0.027869663168305952,0.01386889389526897,0.02900159349414803,0.015022803450739051,0.4219462607835595,0.3501730864333205,0.15519534040331887,0.055222814440353866,0.01745150832463322,0.930605474149848,0.009376014232308784,0.0015386279765840054,0.05847988364125927,0.13525236593059936,0.1443217665615142,0.23462145110410096,0.04929022082018927,0.4365141955835962,0.6196513470681458,0.24088748019017434,0.13946117274167988,0.27434634331186053,0.1530882910193255,0.2872300113679424,0.28533535430087154,0.24140453547915142,0.7585954645208486,0.10848676006748331,0.16508961099293382,0.13420866035844398,0.09330301474363677,0.1237927577691386,0.13523558033203745,0.08337612166556639,0.06254431648695567,0.093963177583804,0.0,0.0,0.0,0.0,0.0,0.0,0.0,0.0,0.0,0.0,0.0,0.0,0.0,0.0,0.0,0.0,0.0,0.0,-2.4432224967190765,3.5903139925369754,-0.7045739304239745,1.4202676813437025,-42.774204,5.188014
Havant,E07000090,124210,119127,115732,485,69,2841,1719,352,372,557,438,2107,905,73,178,424,527,750,463,155,132,507,108,399,56368,6844,9199,6950,5286,7625,6126,4696,4018,5624,55028,44185,18023,5437,1535,,179,31,4686,746,533,7098,8602,2282,2613,2270,1250,762,2501,3179,3950,5023,8250,2414,2021,0.9590773689719024,0.016963207471218097,0.006038161178649062,0.013839465421463651,0.004081796956766766,0.44302391111826744,0.35572820223814505,0.14510103856372272,0.04377264310441993,0.012358103212301748,0.9715010031311122,0.004071285266983975,0.0005792137802513284,0.023848497821652524,0.08448030374940674,0.201233981964879,0.4295206454674893,0.03464641670621737,0.25011865211200757,0.6173333333333333,0.20666666666666667,0.176,0.3240255962769052,0.2164048865619546,0.20477021524141942,0.2547993019197208,0.21301775147928995,0.7869822485207101,0.12141640647175703,0.1631954300312234,0.12329690604598353,0.0937766108430315,0.1352717854101618,0.10867868294067556,0.08330967925063866,0.07128157820039739,0.09977292080613114,0.0,0.0,0.0,0.0,0.0,0.0,0.0,0.0,0.0,0.0,0.0,0.0,0.0,0.0,0.0,0.0,0.0,0.0,-2.480810196214439,3.682562693705931,0.8921890972813463,0.8664667586855058,-35.61514,3.618568
Havering,E09000016,262052,197314,174232,2894,259,19929,9747,3224,1535,2344,2644,28150,11292,5683,4774,2011,4390,21567,14138,4832,2597,5274,809,4465,124781,15438,24339,16717,16701,14375,10294,8162,8058,10697,130764,89013,30642,8941,2692,,121,67,4677,488,799,16713,15341,7550,4472,5266,10155,2146,8684,6811,7409,12206,16705,5179,2021,0.7529574282966739,0.10742142780822127,0.08230045945079603,0.037194907880878605,0.020125776563430158,0.4990001984338986,0.3396768580281776,0.11693099079571993,0.03411918245233771,0.010272770289866133,0.8830189444236091,0.014666977507931521,0.0013126286021265597,0.10100144946633285,0.16959147424511545,0.07143872113676732,0.4011367673179396,0.20188277087033749,0.15595026642984014,0.6555385542727314,0.22404599619789492,0.12041544952937358,0.24048425156458397,0.15748435416025444,0.33076844157176566,0.2712629527033959,0.1533940083428138,0.8466059916571862,0.12372075876936392,0.19505373414221716,0.13397071669565078,0.13384249204606471,0.11520183361248908,0.08249653392744087,0.06541059937009641,0.06457713914778693,0.08572619228889014,0.0,0.0,0.0,0.0,0.0,0.0,0.0,0.0,0.0,0.0,0.0,0.0,0.0,0.0,0.0,0.0,0.0,0.0,-4.236987424503983,-0.16372620040216843,-0.9801650105383299,-1.2264215392242916,-21.124367,10.211295
"Herefordshire, County of",E06000019,187032,181248,170419,727,431,9671,1980,473,280,689,538,2218,843,139,55,339,842,567,340,150,77,1019,224,795,88507,11979,14131,9965,7964,12927,8686,6212,6943,9700,85521,65655,26040,7641,2177,,4808,119,9613,360,605,8539,14028,2421,3969,2439,1319,1309,4634,4670,4676,7595,13531,3878,2021,0.9690748107275761,0.011858933230677103,0.0030315667907096114,0.010586423713589118,0.005448265537448137,0.4572533042474015,0.3510361863210574,0.1392275118696266,0.04085397151289619,0.011639719406304804,0.9402531338276836,0.004011078742937853,0.0023779572740112993,0.053357830155367235,0.02479711451758341,0.1528403967538323,0.38007213706041476,0.06266907123534717,0.37962128043282234,0.599647266313933,0.26455026455026454,0.13580246913580246,0.347979797979798,0.1414141414141414,0.2388888888888889,0.2717171717171717,0.2198233562315996,0.7801766437684003,0.13534522693120318,0.15965968793428767,0.11258996463556555,0.08998158337758595,0.14605624413888166,0.09813913023828624,0.07018653891782571,0.07844577265075078,0.10959585117561323,0.0,0.0,0.0,0.0,0.0,0.0,0.0,0.0,0.0,0.0,0.0,0.0,0.0,0.0,0.0,0.0,0.0,0.0,-2.6622087086309025,3.2010484971011124,1.511013833361542,-0.025382058053649136,-36.12458,2.431654
Hertsmere,E07000098,107827,83145,68032,2155,167,12791,4038,948,508,1240,1342,11320,6660,787,381,1059,2433,5181,3713,890,578,4143,363,3780,52766,9198,12243,7478,5665,4607,4296,2997,2583,3699,57652,34388,11602,3205,981,,111,33,1979,232,243,5201,7204,2205,2058,3344,2660,1740,5081,3071,2135,5679,7007,2784,2021,0.7710962931362275,0.10498298199894275,0.04804918990605322,0.037448876440965624,0.03842265851781094,0.5346712789932021,0.3189182672243501,0.10759828243389874,0.029723538631326107,0.009097906832240533,0.8182332070479283,0.025918575981718685,0.0020085392988153225,0.15383967767153767,0.033657243816254415,0.09355123674911661,0.588339222614841,0.06952296819787986,0.21492932862190814,0.7166570160200734,0.17178150936112718,0.11156147461879946,0.3070827142149579,0.1258048538880634,0.23476968796433878,0.3323427439326399,0.08761766835626358,0.9123823316437364,0.17431679490581056,0.23202440965773416,0.1417200469999621,0.10736080051548345,0.08731001023386271,0.08141606337414244,0.05679793806617898,0.048951976651631736,0.07010195959519387,0.0,0.0,0.0,0.0,0.0,0.0,0.0,0.0,0.0,0.0,0.0,0.0,0.0,0.0,0.0,0.0,0.0,0.0,-6.113096861366516,-2.1331484354606234,0.7165734659287988,-0.7773106085492844,-18.47249,2.3942428
High Peak,E07000037,90935,88614,86183,639,20,1772,1185,346,163,377,299,694,140,77,7,221,249,223,119,70,34,219,30,189,44614,5873,8839,5598,3694,5209,4453,3120,3593,4235,43301,31083,12007,3535,1007,,489,469,4841,201,263,3963,6229,1861,2098,1641,1134,550,3077,1999,2353,4833,6547,2066,2021,0.9744762742618354,0.00763182492989498,0.0024523010941881565,0.013031286083466213,0.0024083136306152744,0.47617529004233794,0.3418155825589707,0.13203936877989772,0.03887392093253423,0.011073843954472974,0.9725664116279594,0.007211050172658948,0.00022569797097524093,0.019996840228406348,0.010086455331412104,0.3184438040345821,0.2017291066282421,0.11095100864553314,0.35878962536023057,0.5336322869955157,0.31390134529147984,0.15246636771300448,0.3181434599156118,0.13755274261603376,0.2919831223628692,0.2523206751054852,0.136986301369863,0.863013698630137,0.13164029228493299,0.1981216658448021,0.12547630788541714,0.08279912135204195,0.1167570717711929,0.0998117182947057,0.06993320482359798,0.08053525799076523,0.09492535975254404,0.0,0.0,0.0,0.0,0.0,0.0,0.0,0.0,0.0,0.0,0.0,0.0,0.0,0.0,0.0,0.0,0.0,0.0,-2.906176497595255,2.811561739998241,2.0813909885917217,-0.14538125816386094,-34.580208,0.69588464
Hillingdon,E09000017,305907,147387,113377,5585,479,27946,13359,3151,1897,4201,4110,101938,57341,14243,4050,3184,23120,23955,15844,5752,2359,19268,4462,14806,142803,18524,30087,18036,14401,13152,12044,10772,10752,15035,156976,103725,33088,9244,2876,,125,128,6651,474,763,14047,20721,13119,7008,9963,5289,2096,9027,8965,7023,13674,18171,5563,2021,0.4818032931577244,0.3332319953449905,0.07830811325010542,0.043670135041041884,0.06298646320613781,0.5131494212293278,0.3390736400278516,0.10816359220285904,0.03021833433036838,0.00940155014432491,0.7692469485097058,0.037893437005977464,0.0032499474173434562,0.18960966706697335,0.03973003198022327,0.031234672055563184,0.5625085836488846,0.13972218407267162,0.2268045282426573,0.6614068044249635,0.2401168858275934,0.09847630974744312,0.3144696459315817,0.14200164682985253,0.23587094842428324,0.30765775881428253,0.23157566950384056,0.7684243304961594,0.129717162804703,0.21068885107455726,0.12629986764983928,0.10084522033850829,0.09209890548517888,0.08433996484667688,0.0754325889512125,0.07529253587109515,0.10528490297822875,0.0,0.0,0.0,0.0,0.0,0.0,0.0,0.0,0.0,0.0,0.0,0.0,0.0,0.0,0.0,0.0,0.0,0.0,-5.921676610927672,-2.581150705699013,-3.2349203667637227,-1.1317099872922696,-14.89189,10.765845
Hinckley and Bosworth,E07000132,113641,107180,103225,554,80,3321,1990,638,215,681,456,3147,2018,221,85,386,437,692,423,187,82,632,93,539,55889,7756,10160,7534,5742,6364,4821,3701,4050,5761,52913,40394,14967,4164,1202,,543,112,6058,1247,420,5503,9730,3476,2110,1689,1459,605,2870,2428,2746,5646,6832,2409,2021,0.9431455196627978,0.027692470147217995,0.0060893515544565785,0.017511285539549986,0.005561373095977684,0.465615402891562,0.3554526975299408,0.13170422646756014,0.03664170501843525,0.010577168451527178,0.9630994588542638,0.005168874790072775,0.0007464079119238664,0.030985258443739505,0.027009850651414046,0.12265649825230378,0.6412456307594534,0.07022561169367651,0.13886240864315222,0.611271676300578,0.2702312138728324,0.11849710982658959,0.3422110552763819,0.10804020100502512,0.32060301507537686,0.22914572864321608,0.14715189873417722,0.8528481012658228,0.13877507201774947,0.18178890300416897,0.13480291291667412,0.10273935837105691,0.11386856089749324,0.08626026588416325,0.0662205442931525,0.07246506468177996,0.10307931793376156,0.0,0.0,0.0,0.0,0.0,0.0,0.0,0.0,0.0,0.0,0.0,0.0,0.0,0.0,0.0,0.0,0.0,0.0,-3.019667888279064,2.21864261413657,1.5414169106245716,-2.162145689092107,-26.361454,7.353158
Horsham,E07000227,146776,137442,129348,1163,233,6698,3130,571,399,1160,1000,3974,1417,401,263,634,1259,1312,895,256,161,918,209,709,72167,12689,15238,11458,6842,7090,6338,4557,2994,4961,75551,49827,16218,4067,1115,,747,110,4463,471,515,6286,9564,3908,2708,4331,3822,1527,5775,4602,3649,7168,8592,3936,2021,0.9364064969749822,0.027075271161497792,0.008938791083010846,0.021325012263585328,0.006254428516923748,0.5147367417016406,0.3394764811685834,0.11049490379898622,0.027708889736741703,0.007596609799967297,0.9411097044571528,0.008461751138662127,0.0016952605462667888,0.04873328385791825,0.06618017111222949,0.159536990437846,0.35656768998490185,0.10090588827377957,0.31680926019124306,0.6821646341463414,0.1951219512195122,0.12271341463414634,0.3706070287539936,0.12747603833865814,0.18242811501597445,0.3194888178913738,0.22766884531590414,0.7723311546840959,0.1758282871672648,0.2111491401887289,0.1587706292349689,0.09480787617609157,0.09824434991062397,0.08782407471559023,0.06314520487203293,0.04148710629512104,0.06874333143957764,0.0,0.0,0.0,0.0,0.0,0.0,0.0,0.0,0.0,0.0,0.0,0.0,0.0,0.0,0.0,0.0,0.0,0.0,-4.716390483938948,-0.14415913105348463,3.311311448999391,0.531798726817488,-23.102085,-2.2752004
Hounslow,E09000018,288181,127083,81933,3894,296,40960,13514,2726,2142,4128,4518,105846,60827,17454,2699,2664,22202,20810,14895,3573,2342,20928,5461,15467,138800,17914,27755,17668,12160,12138,11345,11117,10067,18636,149624,96314,30323,9017,2903,,83,224,5222,415,470,11079,19888,14184,9743,12023,4967,2292,9169,10470,5603,11198,15177,6592,2021,0.4409832709304222,0.3672900017697211,0.0722115614839285,0.0468941394470836,0.07262102636884459,0.5192014740735857,0.33421356716785633,0.10522206529923903,0.03128936328210396,0.010073530177215014,0.6447203795944383,0.030641391846273694,0.002329186437210327,0.32230904212207767,0.025499310318764998,0.025168641233490163,0.5746745271432081,0.16489994898248397,0.2097575723220528,0.7157616530514176,0.17169629985583854,0.11254204709274387,0.30546100340387744,0.15850229391741896,0.2017167381974249,0.33431996448127865,0.26094227828746175,0.7390577217125383,0.12906340057636886,0.19996397694524495,0.12729106628242076,0.08760806916426513,0.08744956772334293,0.08173631123919309,0.08009365994236312,0.07252881844380403,0.13426512968299711,0.0,0.0,0.0,0.0,0.0,0.0,0.0,0.0,0.0,0.0,0.0,0.0,0.0,0.0,0.0,0.0,0.0,0.0,-6.511911536555888,-3.1242764960947462,-4.5203298456782885,-0.26879698774270605,-14.445148,10.978917
Huntingdonshire,E07000011,180832,167116,154089,1255,272,11500,4057,1010,636,1220,1191,5745,1779,1261,417,687,1601,2646,1766,483,397,1268,167,1101,91391,13200,18416,13493,9425,9129,7496,6112,6414,7706,86577,64569,22026,6085,1576,,1105,59,9208,359,1039,8163,13170,3545,3522,4871,2318,1391,6548,4630,6774,8554,12107,4038,2021,0.9241505928154309,0.03176981950097328,0.014632365952928685,0.022435188462219077,0.007012033268448062,0.4787703503804636,0.3570662272164219,0.12180366306848345,0.03365001769598301,0.008715271633339232,0.9220481581655856,0.007509753704013978,0.0016276119581607985,0.06881447617223964,0.07258485639686683,0.1195822454308094,0.30966057441253264,0.2194952132288947,0.27867711053089644,0.6674225245653818,0.18253968253968253,0.15003779289493574,0.30071481390189797,0.1567660833127927,0.24895242790239092,0.29356667488291843,0.13170347003154576,0.8682965299684543,0.14443435349213818,0.2015078071144861,0.14764035845980458,0.10312831679268199,0.09988948583558556,0.0820212055891718,0.06687748246545065,0.07018196540140714,0.084319024849274,0.0,0.0,0.0,0.0,0.0,0.0,0.0,0.0,0.0,0.0,0.0,0.0,0.0,0.0,0.0,0.0,0.0,0.0,-4.099499568596026,1.078465146600809,1.502642606102796,-0.37687940801352954,-26.77956,1.6650512
Hyndburn,E07000120,82237,67984,65471,365,86,2062,1091,188,119,573,211,12401,363,10825,455,137,621,224,160,40,24,537,167,370,35627,3346,4984,3955,3297,4671,4414,3263,3847,3850,36121,28210,12149,4387,1367,,123,15,4702,170,244,3085,6678,1829,1377,942,494,411,1334,1518,1941,3364,6097,1296,2021,0.8266838527670027,0.1507958704719287,0.0027238347702372412,0.013266534528253706,0.006529907462577672,0.439230516677408,0.34303294137675255,0.1477315563554118,0.053345817576030255,0.01662268808443888,0.9630354200988468,0.005368910331842787,0.0012650035302424099,0.030330666039068015,0.036690589468591245,0.011047496169663737,0.029271832916700265,0.8729134747197806,0.050076606725264095,0.7142857142857143,0.17857142857142858,0.10714285714285714,0.5252062328139322,0.10907424381301559,0.17231897341888175,0.1934005499541705,0.31098696461824954,0.6890130353817505,0.09391753445420609,0.1398939006932944,0.111011311645662,0.09254217307098549,0.13110842900047717,0.12389479888848345,0.09158784068262835,0.10797990288264518,0.10806410868161788,0.0,0.0,0.0,0.0,0.0,0.0,0.0,0.0,0.0,0.0,0.0,0.0,0.0,0.0,0.0,0.0,0.0,0.0,-1.7654325002821727,4.4097282759011724,-2.1295149461113088,0.8739800349722731,-29.97731,21.702948
Ipswich,E07000202,139643,117757,104208,587,356,12606,6409,3016,1151,820,1422,7611,2366,376,2015,749,2105,4882,2483,1508,891,2984,357,2627,67026,6066,11334,7906,6253,6834,7133,6370,6347,8783,63728,49957,18905,5562,1490,,298,15,3934,807,466,5865,11211,5357,3210,2864,3365,672,2651,3984,3397,5294,11031,2608,2021,0.8432717715889805,0.05450326905036414,0.03496057804544445,0.045895605221887244,0.021368776093323688,0.4563637275051381,0.3577479716133283,0.13538093567167706,0.03983013828118846,0.010670065810674362,0.8849410226143669,0.004984841665463625,0.0030231748431091146,0.10705096087706038,0.26474839048745236,0.0984101957692813,0.3108658520562344,0.04940218105373801,0.2765733806332939,0.508603031544449,0.3088897992625973,0.1825071691929537,0.1279450772351381,0.17959119987517552,0.47058823529411764,0.22187548759556874,0.11963806970509383,0.8803619302949062,0.09050219317876645,0.1690985587682392,0.11795422671799004,0.0932921552830245,0.10196043326470325,0.10642138871482708,0.09503774654611644,0.09469459612687614,0.13103870139945692,0.0,0.0,0.0,0.0,0.0,0.0,0.0,0.0,0.0,0.0,0.0,0.0,0.0,0.0,0.0,0.0,0.0,0.0,-2.9932541492048466,2.503082826082383,-2.7336300082366964,-1.7033680864326561,-26.397776,11.781189
Isle of Anglesey,W06000001,68879,67587,66339,381,54,813,598,156,78,191,173,430,94,22,40,108,166,104,68,17,19,160,58,102,29202,3167,4716,3179,2482,4547,3638,2522,2065,2886,32788,21937,10216,3059,878,,977,54,1767,364,425,2805,4143,1242,2004,543,260,358,1007,1208,2900,2823,5113,1208,2021,0.9812424686769552,0.006242831632282698,0.0015098941622265132,0.00868189143280245,0.0023229140957330974,0.47602317106810493,0.31848604073810594,0.14831806501255826,0.04441121386779715,0.012746991100335371,0.981534910559723,0.00563717874739225,0.0007989702161658307,0.012028940476718895,0.09302325581395349,0.25116279069767444,0.2186046511627907,0.05116279069767442,0.386046511627907,0.6538461538461539,0.16346153846153846,0.18269230769230768,0.3193979933110368,0.13043478260869565,0.2608695652173913,0.28929765886287623,0.3625,0.6375,0.10845147592630641,0.1614957879597288,0.10886240668447367,0.08499417848092597,0.15570851311554004,0.12458050818437093,0.0863639476748168,0.07071433463461407,0.09882884733922334,0.0,0.0,0.0,0.0,0.0,0.0,0.0,0.0,0.0,0.0,0.0,0.0,0.0,0.0,0.0,0.0,0.0,0.0,-2.054754976664933,3.815585312456593,0.9911165144077397,2.234872778926182,-45.52479,9.488575
Isle of Wight,E06000046,140459,136219,131697,830,67,3625,1720,497,207,584,432,1663,316,98,153,250,846,478,296,128,54,379,88,291,57913,7243,8981,6602,4850,8084,7591,5104,3588,5870,56014,51903,23077,7386,2079,,575,64,4309,349,432,5397,8789,2109,4587,1396,753,958,2477,3134,3459,4896,11027,3202,2021,0.9698132551135918,0.011839753949551115,0.003403128315024313,0.012245566321844809,0.0026982962999878967,0.3987925302045437,0.3695242027922739,0.16429705465651898,0.0525847400308987,0.014801472315764742,0.9668034561992086,0.006093129445965687,0.0004918550275659049,0.02661155932725978,0.09200240529164161,0.15033072760072158,0.1900180396873121,0.058929645219482865,0.5087191822008419,0.6192468619246861,0.26778242677824265,0.11297071129707113,0.3395348837209302,0.12034883720930233,0.288953488372093,0.25116279069767444,0.23218997361477572,0.7678100263852242,0.12506691071089393,0.15507744375183466,0.11399858408302109,0.08374630911885068,0.13958869338490495,0.13107592423117434,0.08813219829744617,0.06195500146771882,0.10135893495415538,0.0,0.0,0.0,0.0,0.0,0.0,0.0,0.0,0.0,0.0,0.0,0.0,0.0,0.0,0.0,0.0,0.0,0.0,-1.6036780521647875,4.907179437781916,0.5947337800157552,0.9091423490779166,-41.400963,4.7875614
Isles of Scilly,E06000053,2055,2004,1926,9,1,68,23,2,8,8,5,6,0,0,0,1,5,4,2,2,0,18,0,18,1113,191,139,124,75,191,150,84,65,94,1054,677,240,66,17,,91,1,40,6,14,92,120,82,203,8,17,26,16,71,76,80,105,64,2021,0.9751824817518249,0.00291970802919708,0.0019464720194647203,0.01119221411192214,0.008759124087591242,0.5128953771289537,0.3294403892944039,0.11678832116788321,0.032116788321167884,0.00827250608272506,0.9610778443113772,0.004491017964071856,0.000499001996007984,0.033932135728542916,0.0,0.16666666666666666,0.0,0.0,0.8333333333333334,0.5,0.5,0.0,0.34782608695652173,0.34782608695652173,0.08695652173913043,0.21739130434782608,0.0,1.0,0.17160826594788858,0.12488769092542677,0.11141060197663971,0.0673854447439353,0.17160826594788858,0.1347708894878706,0.07547169811320754,0.05840071877807727,0.08445642407906559,0.0,0.0,0.0,0.0,0.0,0.0,0.0,0.0,0.0,0.0,0.0,0.0,0.0,0.0,0.0,0.0,0.0,0.0,-3.4338191370730793,3.282924557206556,3.1948797083452725,2.2220607786321316,-42.013718,1.134288
Islington,E09000019,216590,134754,86092,7062,108,41492,16231,4171,2257,3750,6053,21532,4051,995,5972,5125,5389,28743,18091,7368,3284,15330,2991,12339,114972,17439,39312,22879,7333,4945,6756,5601,3496,7211,118690,63421,22469,8901,3108,,65,98,2930,376,245,4402,10868,3507,5579,12937,8739,1938,19933,4942,4952,11266,13402,8791,2021,0.6221616879819013,0.09941363867214553,0.13270695784662265,0.0749388245071333,0.07077889099219724,0.547993905535805,0.2928159194792003,0.10373978484694585,0.0410960801514382,0.014349692968281084,0.6388827047805631,0.05240660759606394,0.0008014604390222183,0.30790922718435076,0.27735463496191715,0.23801783392160505,0.1881385844324726,0.04621029165892625,0.25027865502507896,0.6294054204501965,0.256340674251122,0.11425390529868142,0.2310393691084961,0.13905489495410017,0.25697738894707656,0.3729283469903272,0.19510763209393348,0.8048923679060666,0.15168040914309572,0.3419267299864315,0.1989962773544863,0.06378074661656752,0.043010472114949724,0.05876213338899906,0.048716209163970355,0.0304074035417319,0.06271961868976794,0.0,0.0,0.0,0.0,0.0,0.0,0.0,0.0,0.0,0.0,0.0,0.0,0.0,0.0,0.0,0.0,0.0,0.0,-8.5801028243069,-6.3025726303896485,-2.2298666277063477,1.5608010297115587,-11.559743,6.0274363
Kensington and Chelsea,E09000020,143373,91394,46883,2825,84,41602,9525,1725,1288,3047,3465,17025,3209,1282,1488,3839,7207,11279,6944,3237,1098,14150,6384,7766,69441,18485,19186,12294,4117,2221,5064,3182,1678,3214,85462,38302,13191,4806,1614,,98,196,2129,279,103,2297,7482,1804,3479,5660,10747,2491,10611,2960,1668,5084,6703,5657,2021,0.6374561458573093,0.1187462074449164,0.07866892650638545,0.06643510284363165,0.09869361734775725,0.5960815495246664,0.26714932379178785,0.09200477077273964,0.03352095582850328,0.011257349710196481,0.5129767818456353,0.030910125391163532,0.0009190975337549511,0.45519399522944615,0.08740088105726872,0.22549192364170337,0.18848751835535976,0.07530102790014684,0.4233186490455213,0.6156574164376275,0.2869935277950173,0.09734905576735527,0.3198950131233596,0.1352230971128609,0.18110236220472442,0.3637795275590551,0.4511660777385159,0.5488339222614841,0.2661972033812877,0.2762921040883628,0.17704238130211258,0.05928774067193733,0.03198398640572572,0.0729252170907677,0.045823072824412094,0.024164398554168288,0.04628389568122579,0.0,0.0,0.0,0.0,0.0,0.0,0.0,0.0,0.0,0.0,0.0,0.0,0.0,0.0,0.0,0.0,0.0,0.0,-9.255983804261428,-7.5459674894304625,-0.47728322698333886,2.6311177613787877,-11.338768,4.4001255
King's Lynn and West Norfolk,E07000146,154326,147563,136966,655,417,9525,2022,450,429,526,617,2886,1238,166,103,400,979,843,518,143,182,1012,152,860,69223,8301,9525,7527,6143,9702,7568,5225,6888,8344,64413,56961,23789,7106,2056,,2301,124,7672,254,618,7403,11430,2705,3753,1267,1506,888,2937,3517,3928,5400,10566,2950,2021,0.9561771833650843,0.01870067260215388,0.005462462579215427,0.013102134442673302,0.006557547010873087,0.4173826834104428,0.36909529178492284,0.15414771328227259,0.0460453844459132,0.013322447286912122,0.9281866050432697,0.004438782079518579,0.0028259116445179346,0.06454870123269384,0.03568953568953569,0.1386001386001386,0.42896742896742895,0.05751905751905752,0.3392238392238392,0.6144721233689205,0.16963226571767498,0.2158956109134045,0.26013847675568746,0.21216617210682492,0.22255192878338279,0.30514342235410485,0.15019762845849802,0.849802371541502,0.11991679066206319,0.13759877497363593,0.10873553587680396,0.0887421810669864,0.14015572858731926,0.10932782456697919,0.07548069283330684,0.09950449994943877,0.12053797148346648,0.0,0.0,0.0,0.0,0.0,0.0,0.0,0.0,0.0,0.0,0.0,0.0,0.0,0.0,0.0,0.0,0.0,0.0,-2.496076568013754,4.412147742562518,-0.05586866708857765,0.3189895858569842,-38.199726,5.4226613
"Kingston upon Hull, City of",E06000010,267013,244989,223962,455,451,20121,4513,948,1144,1172,1249,7515,1259,1292,1279,1234,2451,5065,4292,232,541,4931,1443,3488,117789,8253,14557,11961,9378,15820,13117,11993,14573,18137,115776,93150,39851,13999,4238,,548,217,17904,863,832,10861,21856,5874,6130,2508,1020,1094,3482,6742,5863,9636,18088,4268,2021,0.9175171246343811,0.028144697074674267,0.018969113863369948,0.016901798788823016,0.01846726563875167,0.4335968660701913,0.3488594188297948,0.1492474149198728,0.05242815892859149,0.015871886387554164,0.9141716566866267,0.0018572262428109016,0.0018408989791378388,0.08213021809142451,0.17019294743845642,0.16420492348636062,0.16753160345974719,0.17192282102461742,0.3261477045908184,0.8473840078973347,0.04580454096742349,0.10681145113524186,0.25969421670729004,0.2534899180146244,0.210059827165965,0.2767560381121205,0.2926384100588116,0.7073615899411884,0.07006596541272954,0.12358539422187131,0.10154598476937575,0.07961694215928482,0.13430795744933738,0.11136014398628055,0.10181765699683332,0.1237212303356001,0.15397872466868723,0.0,0.0,0.0,0.0,0.0,0.0,0.0,0.0,0.0,0.0,0.0,0.0,0.0,0.0,0.0,0.0,0.0,0.0,-2.0036080129647678,4.9270364516249545,-2.9196138002740795,3.628625006524975,-38.001358,12.887337
Kingston upon Thames,E09000021,168065,114831,90288,2633,61,21849,8996,1564,1090,3540,2802,29938,7731,4380,932,4127,12768,4741,3105,1081,555,9559,3580,5979,84148,14674,23933,13140,7171,5769,5947,5296,2854,5364,90958,54724,16710,4367,1304,,76,222,2675,395,229,5679,10694,3090,3924,7294,5019,1631,8902,4387,4269,9535,11337,4787,2021,0.6832535031089162,0.17813346026834856,0.02820932377354,0.05352690923154732,0.056876803617647936,0.5412072709963407,0.3256121143605153,0.09942581739208045,0.025983994287924316,0.0077589028054621725,0.786268516341406,0.022929348346700802,0.0005312154383398212,0.1902709198735533,0.031131004075088516,0.13785155989044023,0.25823368294475246,0.14630235820696105,0.4264813948827577,0.6549251212824299,0.2280109681501793,0.11706391056739085,0.3935082258781681,0.12116496220542464,0.17385504668741664,0.31147176522899067,0.37451616277853333,0.6254838372214667,0.17438322954793933,0.2844155535485098,0.1561534439321196,0.0852189000332747,0.06855777915101963,0.07067309977658412,0.06293673052241289,0.033916432951466464,0.06374483053667349,0.0,0.0,0.0,0.0,0.0,0.0,0.0,0.0,0.0,0.0,0.0,0.0,0.0,0.0,0.0,0.0,0.0,0.0,-6.648570074967208,-3.837181943453173,0.7785388266464247,0.9697429694970298,-15.512665,2.9416878
Kirklees,E08000034,433213,318969,305579,2335,168,10887,13588,6433,1035,3980,2140,84202,22739,54795,1065,1526,4077,9948,4180,4324,1444,6506,1915,4591,190087,22814,34891,24630,17154,20975,17830,15809,16929,19055,201705,149441,58024,18669,5378,,694,206,22717,786,1519,15813,32167,9438,8050,5602,6471,2205,10323,8434,10554,20321,27609,7181,2021,0.7362867688642769,0.1943662817136143,0.02296329980863917,0.03136563307195306,0.015018016541516528,0.46560237111998026,0.34495963879200303,0.13393873221717723,0.043094274640881045,0.012414216563214862,0.9580209989058498,0.007320460609024701,0.0005266969517413918,0.034131843533384124,0.012648155625757107,0.01812308496235244,0.27005296786299615,0.6507565140970524,0.048419277451842,0.4201849618013671,0.4346602332127061,0.1451548049859268,0.29290550485722694,0.07617015013246983,0.4734324403885782,0.15749190462172505,0.29434368275438055,0.7056563172456194,0.1200187282665306,0.18355279424684487,0.12957224849674095,0.09024288878250486,0.11034421080873495,0.09379915512370651,0.08316718134327966,0.08905922025177945,0.10024357267987816,0.0,0.0,0.0,0.0,0.0,0.0,0.0,0.0,0.0,0.0,0.0,0.0,0.0,0.0,0.0,0.0,0.0,0.0,-2.5436116125907615,1.96203900070045,-2.12656396842178,-3.72734538962983,-25.251318,19.761715
Knowsley,E08000011,154518,147234,142698,855,24,3657,2658,740,653,577,688,2510,936,186,32,630,726,1264,964,130,170,852,289,563,69491,6008,10581,7912,7654,7330,8359,6612,6685,8350,73079,46569,21561,10037,3273,,114,92,5519,405,593,6453,11246,4502,2946,1857,2132,1082,2668,3264,4819,5955,13004,2838,2021,0.9528598609870694,0.01624406218045794,0.00818027673151348,0.017201879392692115,0.005513920708266998,0.4729481354923051,0.30138236321981904,0.13953714130392575,0.06495683350807026,0.021181998213800336,0.9691918986103754,0.005807082603203065,0.00016300582745833165,0.024838012958963283,0.012749003984063745,0.250996015936255,0.37290836653386455,0.07410358565737052,0.2892430278884462,0.7626582278481012,0.10284810126582279,0.13449367088607594,0.21708051166290443,0.24567343867569602,0.27840481565086533,0.2588412340105342,0.3392018779342723,0.6607981220657277,0.08645723906692954,0.15226432199853218,0.11385647062209495,0.11014375962354837,0.10548128534630384,0.1202889582823675,0.09514901210228663,0.0961995078499374,0.1201594451079996,0.0,0.0,0.0,0.0,0.0,0.0,0.0,0.0,0.0,0.0,0.0,0.0,0.0,0.0,0.0,0.0,0.0,0.0,-1.8222873603955672,4.212194563845403,-1.8536088540846785,3.316481990917835,-41.813286,12.2817745
Lambeth,E09000022,317650,174778,119395,6828,146,48409,25630,8348,4006,4541,8735,23051,6054,3868,2502,4986,5641,76145,37359,28991,9795,18046,2649,15397,182819,25695,55140,34580,12564,9463,13130,8956,6187,17104,178535,96211,30240,9582,3086,,83,189,3983,612,320,8899,17876,5809,10146,16161,12290,4034,25135,13750,10605,16026,24293,12609,2021,0.5502219423894223,0.07256729104360145,0.23971352117110026,0.0806862899417598,0.056810955454116165,0.5620494254682827,0.30288367700299074,0.09519911852668031,0.030165276247442155,0.009715095230599716,0.6831237341084118,0.03906670175880259,0.0008353454096053279,0.2769742187231803,0.10854192876664787,0.21630298034792417,0.2626350266799705,0.16780183072317903,0.24471823348227842,0.49062971961389457,0.380734125681266,0.12863615470483944,0.17717518532969176,0.15630120952009363,0.3257120561841592,0.3408115489660554,0.1467915327496398,0.8532084672503601,0.1405488488614422,0.3016097889169069,0.18914883026381285,0.068723710336453,0.051761578391742655,0.07181966863400413,0.04898834366231081,0.033842215524644594,0.0935570154086829,0.0,0.0,0.0,0.0,0.0,0.0,0.0,0.0,0.0,0.0,0.0,0.0,0.0,0.0,0.0,0.0,0.0,0.0,-8.129294187041273,-5.885547819924339,-2.655895016979789,-0.8143108835909425,-12.742041,6.6219335
Lancaster,E07000121,142939,133063,125552,802,309,6400,2204,424,341,823,616,5155,1629,613,355,1597,961,1215,1019,125,71,1302,477,825,62401,6581,12488,7430,4961,7340,7516,5024,4483,6578,66454,48857,19619,6214,1790,,1025,141,3373,1489,487,5032,8979,2698,3877,1655,1074,621,2846,2775,3183,8785,11611,2751,2021,0.9309075899509581,0.03606433513596709,0.008500129425838995,0.015419164818558966,0.009108780668676849,0.4649116056499626,0.3418031467968854,0.13725435325558455,0.04347308991947614,0.01252282442160642,0.9435530538166131,0.006027220188933062,0.0023222082772821895,0.048097517717171565,0.06886517943743937,0.3097963142580019,0.31600387972841903,0.11891367604267701,0.18642095053346266,0.8386831275720165,0.102880658436214,0.05843621399176955,0.3734119782214156,0.15471869328493648,0.19237749546279492,0.279491833030853,0.3663594470046083,0.6336405529953917,0.1054630534767071,0.20012499799682698,0.11906860466979696,0.07950193105879713,0.11762632009102418,0.12044678771173539,0.08051153026393808,0.07184179740709283,0.10541497732408134,0.0,0.0,0.0,0.0,0.0,0.0,0.0,0.0,0.0,0.0,0.0,0.0,0.0,0.0,0.0,0.0,0.0,0.0,-2.855993918911618,2.858829874871857,0.39808533824078346,2.9597414928062022,-32.200047,6.422726
Leeds,E08000035,811953,641801,595737,6892,878,38294,27388,10028,4294,7410,5656,78503,21087,31405,5876,8117,12018,45376,32211,7889,5276,18885,5980,12905,374064,41589,85081,52009,35774,32376,34684,29948,22576,40027,402056,270304,98856,31621,9116,,908,262,23901,2600,2737,27964,55492,17431,18732,17111,17039,5125,26529,21157,20735,39412,60051,16872,2021,0.7904410723280781,0.09668416767965633,0.05588500812239132,0.03373101645045957,0.023258735419414672,0.4951715185484874,0.33290596869523237,0.12175088952193046,0.038944372395939175,0.011227250838410597,0.9282269737815927,0.010738531102319877,0.0013680252913286207,0.05966646982475877,0.07485064265059933,0.10339732239532247,0.2686139383208285,0.40004840579340917,0.1530896908398405,0.7098686530324401,0.17385842736248236,0.11627291960507757,0.27055644807945084,0.1567839929896305,0.3661457572659559,0.20651380166496275,0.3166534286470744,0.6833465713529256,0.11118150904658027,0.22745038282219085,0.13903770477779204,0.09563604089139827,0.08655203387655588,0.09272210103083964,0.08006116600367852,0.06035330852474443,0.10700575302622012,0.0,0.0,0.0,0.0,0.0,0.0,0.0,0.0,0.0,0.0,0.0,0.0,0.0,0.0,0.0,0.0,0.0,0.0,-3.801363736865226,0.600012946420128,-1.530883667771681,-0.04068050770375749,-27.346867,16.046722
Leicester,E06000016,368571,150657,122395,1789,457,26016,13899,5025,1776,3659,3439,159977,126421,12673,7055,2481,11347,28766,21536,4466,2764,15272,3402,11870,154936,11006,24074,13678,12354,12069,15552,14761,22261,29181,179719,123425,46156,14749,4522,,125,82,22695,1555,683,8010,31303,11298,7270,3885,3626,1221,5414,8449,6211,14111,24583,4415,2021,0.4087597776276484,0.43404662873639,0.07804737757447004,0.0377105089657081,0.041435707095783446,0.48761025691115145,0.33487442039661286,0.1252296029801585,0.04001671319772852,0.01226900651434866,0.812408318232807,0.011874655674810995,0.0030333804602507685,0.17268364563213126,0.044100089387849505,0.015508479343905687,0.7902448476968564,0.07921763753539571,0.07092894603599267,0.7486616144058958,0.1552527289160815,0.09608565667802267,0.2632563493776531,0.1277789769048133,0.36153680120872006,0.2474278725088136,0.22276060764798325,0.7772393923520168,0.07103578251665203,0.15538028605359633,0.08828161305313162,0.0797361491196365,0.07789667991945061,0.10037692982909072,0.09527159601383797,0.14367868022925595,0.18834228326534827,0.0,0.0,0.0,0.0,0.0,0.0,0.0,0.0,0.0,0.0,0.0,0.0,0.0,0.0,0.0,0.0,0.0,0.0,-4.008204308767716,0.9199404061936021,-6.60801243262696,-1.87517236321987,-19.672318,15.499532
Lewes,E07000063,99909,94101,88830,811,100,4360,2461,531,405,795,730,1899,482,98,249,376,694,722,436,182,104,726,186,540,44507,6557,8783,6518,3919,5301,4522,2991,2322,3594,45533,34732,14156,4297,1187,,460,15,2093,177,355,4281,5711,1838,2040,1937,1750,821,3001,2423,2657,5076,7166,2709,2021,0.9418670990601448,0.01900729663994235,0.007226576184327738,0.024632415498103275,0.007266612617481909,0.45574472770220903,0.34763634907766067,0.14168893693260867,0.04300913831586744,0.011880811538500034,0.9439857174737781,0.00861839937939023,0.0010626879629334438,0.046333195183898154,0.13112164296998421,0.1979989468141127,0.2538177988414955,0.051606108478146395,0.36545550289626116,0.6038781163434903,0.2520775623268698,0.1440443213296399,0.32303941487200327,0.1645672490857375,0.2157659488013003,0.29662738724095894,0.256198347107438,0.743801652892562,0.1473251398656391,0.19733974430988385,0.1464488732109556,0.08805356460781451,0.11910485990967713,0.10160199519176759,0.06720291190149864,0.05217156851731188,0.08075134248545172,0.0,0.0,0.0,0.0,0.0,0.0,0.0,0.0,0.0,0.0,0.0,0.0,0.0,0.0,0.0,0.0,0.0,0.0,-3.486495438729007,1.8953045609735304,1.7047281854603975,1.1666934044377606,-33.23247,3.2895038
Lewisham,E09000023,300553,154749,111726,5055,116,37852,24253,8726,3774,4359,7394,26927,5046,2361,1826,6296,11398,80473,37834,31883,10756,14151,1671,12480,155713,20155,41888,27269,11892,10473,13363,9774,6369,14530,159645,96291,31609,9891,3114,,94,92,3482,432,361,9286,16638,5808,8977,12202,8868,2970,16024,9441,8704,16881,23231,12223,2021,0.5148809028690448,0.08959151963214475,0.2677497812365872,0.08069458631256383,0.04708320994965946,0.5311708750203791,0.32037943391015894,0.1051694709418971,0.03290933712190529,0.010360901405076643,0.7219820483492624,0.03266580074830855,0.000749600966726764,0.24460254993570232,0.06781297582352286,0.23381735804211387,0.18739555093400675,0.0876815092657927,0.4232926059345638,0.4701452661141004,0.3961949970797659,0.13365973680613374,0.17973034263802415,0.15560961530532305,0.3597905413763246,0.3048695006803282,0.11808352766588934,0.8819164723341106,0.1294368485611349,0.269007725751864,0.17512346432218248,0.0763712727903258,0.06725835350934091,0.08581813978280554,0.06276932561828492,0.04090217258674613,0.09331269707731532,0.0,0.0,0.0,0.0,0.0,0.0,0.0,0.0,0.0,0.0,0.0,0.0,0.0,0.0,0.0,0.0,0.0,0.0,-7.0576711106316905,-4.300398818549522,-2.8769396372697678,-0.9697370461819979,-13.408739,7.026647
Lichfield,E07000194,106436,100917,97952,663,29,2273,1987,795,169,608,415,2496,1477,231,163,315,310,601,201,316,84,435,50,385,50472,8452,10500,6694,4780,5392,3775,3261,2983,4635,50143,37056,13924,4162,1151,,492,29,4685,217,512,5241,8278,2470,2156,1742,1383,767,3282,2462,2849,5242,6353,2311,2021,0.9481472434138826,0.023450712165056935,0.005646585741666353,0.018668495621782105,0.004086963057612086,0.47110939907550076,0.3481528806043068,0.13082039911308205,0.03910331090984254,0.010814010297267841,0.9706194199193396,0.006569755343500104,0.0002873648641953288,0.02252345987296491,0.06530448717948718,0.12620192307692307,0.5917467948717948,0.09254807692307693,0.12419871794871795,0.33444259567387685,0.5257903494176372,0.13976705490848584,0.30598892803220934,0.08505284348263714,0.4001006542526422,0.20885757423251133,0.11494252873563218,0.8850574712643678,0.16745918529085432,0.20803613884926295,0.13262799175780632,0.09470597559042637,0.1068315105404977,0.0747939451577112,0.06461008083689966,0.059102076398795375,0.09183309557774608,0.0,0.0,0.0,0.0,0.0,0.0,0.0,0.0,0.0,0.0,0.0,0.0,0.0,0.0,0.0,0.0,0.0,0.0,-3.0801605405798775,1.6337014557557796,2.0267727614171727,-4.202380952214131,-27.319395,8.471721
Lincoln,E07000138,103814,95665,85891,652,145,8977,2068,470,373,657,568,3347,788,302,322,788,1147,1466,1094,236,136,1268,320,948,46718,3745,7225,5172,3728,4649,5323,4922,4893,7061,45492,38213,14444,4461,1203,,361,62,4355,305,671,3759,8718,1973,2977,1420,457,468,1570,2578,3057,4456,7656,1871,2021,0.9215038434122566,0.03224035293890997,0.014121409443812974,0.019920241971217754,0.012214152233802763,0.43820679291810355,0.36809100891979885,0.13913345020902768,0.04297108289826035,0.011588032442637794,0.897830972665029,0.006815449746511263,0.0015157058485339467,0.09383787173992578,0.09620555721541679,0.23543471765760382,0.23543471765760382,0.09023005676725426,0.3426949507021213,0.7462482946793997,0.16098226466575716,0.0927694406548431,0.3176982591876209,0.18036750483558994,0.22727272727272727,0.2746615087040619,0.25236593059936907,0.7476340694006309,0.08016182199580461,0.15465131212808766,0.11070679395522069,0.07979793655550323,0.09951196540947814,0.11393895286613297,0.10535553748020035,0.104734791729098,0.15114088788047433,0.0,0.0,0.0,0.0,0.0,0.0,0.0,0.0,0.0,0.0,0.0,0.0,0.0,0.0,0.0,0.0,0.0,0.0,-2.351988670347692,3.837893403560435,-1.464619857739327,1.998080965802711,-35.665104,12.8178425
Liverpool,E08000012,486088,408443,375785,6826,501,25331,16880,4127,4157,3662,4934,27767,6251,3673,1917,8841,7085,16964,12709,1493,2762,16034,8312,7722,205750,17700,42403,24736,21341,16279,21874,19228,15241,26948,231830,150332,65142,29077,9707,,226,211,11374,688,1110,13365,30822,11930,14025,6298,6480,3445,10697,9993,14937,22228,38386,9524,2021,0.8402655486249403,0.057123401524003886,0.03489903062819901,0.03472622241240269,0.03298579681045408,0.4769301031911917,0.30926910353680814,0.1340127713500436,0.05981838679416073,0.01996963512779579,0.920042698736421,0.016712246262024322,0.0012266093432865784,0.062018445658268105,0.06903878704937516,0.3183995390211402,0.22512334785896929,0.1322793243778586,0.25515900169265676,0.7491747229427022,0.08800990332468757,0.16281537373261024,0.2169431279620853,0.24626777251184834,0.2444905213270142,0.29229857819905214,0.5183984033927903,0.4816015966072097,0.08602673147023086,0.206089914945322,0.1202235722964763,0.10372296476306196,0.07912029161603888,0.1063134872417983,0.09345321992709599,0.07407533414337789,0.1309744835965978,0.0,0.0,0.0,0.0,0.0,0.0,0.0,0.0,0.0,0.0,0.0,0.0,0.0,0.0,0.0,0.0,0.0,0.0,-2.981095347420759,1.8254980478953675,-2.975512856643952,4.313841971390392,-36.848564,16.441193
Luton,E06000032,225261,101798,71532,4570,238,25458,9620,3486,1268,2429,2437,83325,12096,41143,20630,901,8555,22735,11774,8216,2745,7783,2106,5677,98721,8547,15550,9938,8433,9659,10526,7854,11485,16729,109654,77855,27073,8162,2517,,112,42,7377,272,480,9497,17012,10733,5488,3578,1958,1406,4051,6792,4042,9032,13870,2970,2021,0.45191133840300807,0.36990424440981795,0.10092736869675621,0.04270601657632701,0.034551031914090764,0.4867864388420543,0.3456213015124678,0.12018502980986501,0.0362335246669419,0.011173705168671009,0.7026857109176997,0.04489282697106033,0.002337963417748875,0.25008349869349106,0.24758475847584757,0.010813081308130813,0.14516651665166516,0.4937653765376538,0.10267026702670266,0.5178799208269188,0.36138113041565867,0.12073894875742247,0.2524948024948025,0.13180873180873182,0.36237006237006236,0.2533264033264033,0.27058974688423487,0.7294102531157651,0.08657732397362264,0.15751461188602223,0.10066753780857163,0.08542255447169295,0.09784139139595426,0.10662371734484051,0.07955754094873431,0.1163379625408981,0.1694573596296634,0.0,0.0,0.0,0.0,0.0,0.0,0.0,0.0,0.0,0.0,0.0,0.0,0.0,0.0,0.0,0.0,0.0,0.0,-4.4039654478704024,-0.6237624294326116,-6.980440000454487,-1.7369394420045452,-16.321432,13.788137
Maidstone,E07000110,175781,157864,144114,994,1009,11747,4013,978,611,1316,1108,8213,2145,568,649,655,4196,3606,2567,643,396,2085,249,1836,86407,12732,15817,12106,8635,9423,7124,5894,5939,8737,87494,59781,21018,5832,1657,,1226,46,4761,504,776,10442,13275,4570,3371,3289,3717,1354,5229,4949,6204,7277,11951,3468,2021,0.8980720328135577,0.0467229108948066,0.020514162509031125,0.022829543579795313,0.011861350202809177,0.49774435234752334,0.34008795034730716,0.11956923672069222,0.03317764718598711,0.009426502295469931,0.9128997111437693,0.006296559063497694,0.006391577560431764,0.07441215223230122,0.07902106416656521,0.07975161329599416,0.26117131377085107,0.06915865091927433,0.5108973578473153,0.7118691070438159,0.17831392124237383,0.10981697171381032,0.3279342138051333,0.15225517069524047,0.24370794916521304,0.27610266633441316,0.11942446043165468,0.8805755395683453,0.14734917309940168,0.18305229900355297,0.14010438969065006,0.09993403312231648,0.10905366463365236,0.08244702396796556,0.06821206615204786,0.06873285729165461,0.10111449303875844,0.0,0.0,0.0,0.0,0.0,0.0,0.0,0.0,0.0,0.0,0.0,0.0,0.0,0.0,0.0,0.0,0.0,0.0,-4.327134817645035,0.9064199948047514,1.5182553631966011,0.2638478293741527,-30.50549,-7.3003454
Maldon,E07000074,66211,64129,62268,439,176,1246,897,230,107,328,232,741,224,36,143,127,211,236,119,76,41,208,16,192,31255,5186,4980,4132,3538,4224,2414,2192,1974,2615,30903,23469,8677,2487,672,,501,36,2438,137,286,4489,4969,1401,1147,964,1658,431,1946,1692,1727,2582,3437,1423,2021,0.9685550739303137,0.011191493860536769,0.0035643624171210224,0.013547597831176088,0.0031414719608524266,0.46673513464530064,0.35445771850598845,0.13105073175152165,0.037561734454999926,0.010149370950446301,0.970980367696362,0.006845576884093,0.002744468181322023,0.019429587238222957,0.19298245614035087,0.17139001349527666,0.30229419703103916,0.048582995951417005,0.28475033738191635,0.5042372881355932,0.3220338983050847,0.17372881355932204,0.3656633221850613,0.11928651059085842,0.2564102564102564,0.25863991081382387,0.07692307692307693,0.9230769230769231,0.16592545192769156,0.15933450647896336,0.1322028475443929,0.11319788833786594,0.13514637657974723,0.07723564229723244,0.07013277875539914,0.06315789473684211,0.0836666133418653,0.0,0.0,0.0,0.0,0.0,0.0,0.0,0.0,0.0,0.0,0.0,0.0,0.0,0.0,0.0,0.0,0.0,0.0,-3.1356862520918884,2.1840316393959567,2.65740098191626,-1.3311699385270177,-31.108194,-3.5402389
Malvern Hills,E07000235,79487,76779,74197,391,195,1996,1119,252,160,470,237,1051,300,121,59,295,276,262,162,68,32,276,48,228,35800,5950,7718,4400,3280,4441,3133,2248,1849,2781,36926,27733,10843,3096,888,,1000,41,3213,188,306,3136,4905,912,1559,1517,763,815,2718,1864,2110,4044,5013,1694,2021,0.965931535974436,0.013222287921295307,0.003296136475146879,0.014077773724005184,0.00347226590511656,0.4645539522186018,0.34889982009636794,0.1364122435115176,0.038949765370437935,0.011171638129505454,0.9663710129071751,0.005092538324281379,0.0025397569647950613,0.02599669180374842,0.056137012369172214,0.28068506184586106,0.285442435775452,0.11512844909609896,0.2626070409134158,0.6183206106870229,0.2595419847328244,0.12213740458015267,0.42001787310098304,0.14298480786416443,0.225201072386059,0.21179624664879357,0.17391304347826086,0.8260869565217391,0.16620111731843576,0.21558659217877094,0.12290502793296089,0.09162011173184358,0.12405027932960894,0.08751396648044693,0.06279329608938547,0.05164804469273743,0.07768156424581006,0.0,0.0,0.0,0.0,0.0,0.0,0.0,0.0,0.0,0.0,0.0,0.0,0.0,0.0,0.0,0.0,0.0,0.0,-3.2898447915488886,2.199226444859766,2.971016928473413,0.12731840354527416,-29.5522,-2.7105668
Manchester,E08000003,551938,313632,268572,9442,597,35021,29026,9987,5992,6149,6898,115109,14857,65875,9673,12644,12060,65893,47858,10472,7563,28278,15028,13250,234283,20368,55875,31626,18837,15576,23595,21720,15035,31651,280547,173458,64955,24915,8063,,205,86,10303,969,861,11817,36174,14042,16420,12331,7419,3535,17909,15445,9945,25443,40867,10519,2021,0.5682377368472545,0.20855422166982523,0.11938478597233747,0.052589240095807864,0.05123401541477485,0.5082944098793705,0.3142708057789099,0.11768531972794045,0.04514093974323203,0.014608524870547054,0.8563284358738904,0.03010534639322518,0.0019035047444138354,0.11166271298847057,0.08403339443484002,0.10984371334995525,0.12906896941160118,0.5722836615729439,0.10477026123065963,0.72629869637139,0.15892431669524837,0.11477698693336166,0.21184455315923656,0.20643560945359332,0.3440708330462344,0.23764900434093572,0.531437866892991,0.468562133107009,0.08693759256967001,0.23849361669433974,0.1349905883055962,0.08040276076369178,0.06648369706722213,0.10071153263360978,0.09270839113379972,0.06417452397314359,0.13509729685892702,0.0,0.0,0.0,0.0,0.0,0.0,0.0,0.0,0.0,0.0,0.0,0.0,0.0,0.0,0.0,0.0,0.0,0.0,-4.6151274722742945,-1.1404978761236928,-5.715537870217913,1.8154112783443075,-20.053944,17.951002
Mansfield,E07000174,110482,104712,96475,387,89,7761,1544,650,219,345,330,2234,839,250,338,337,470,1174,755,263,156,818,186,632,51367,4976,6575,5462,4363,6299,5826,4337,5093,8436,47123,38004,17302,6249,1804,,163,71,5743,342,461,5228,10618,2949,2486,983,670,563,1571,2198,2986,4049,8441,1847,2021,0.9477742980757047,0.020220488405351098,0.010626165348201516,0.013975127170036747,0.007403921000705998,0.4265219673793016,0.34398363534331383,0.1566046957875491,0.05656124979634691,0.01632845169348853,0.9213366185346474,0.0036958514783405915,0.000849950339980136,0.07411757964703186,0.1512981199641898,0.15085049239033124,0.3755595344673232,0.11190689346463742,0.21038495971351837,0.6431005110732538,0.22402044293015333,0.13287904599659284,0.22344559585492227,0.14183937823834197,0.4209844559585492,0.21373056994818654,0.2273838630806846,0.7726161369193154,0.0968715323067339,0.12800046722604005,0.10633285961804272,0.0849378005334164,0.12262736776529679,0.11341912122568965,0.08443163899001305,0.09914925925204898,0.16422995308271848,0.0,0.0,0.0,0.0,0.0,0.0,0.0,0.0,0.0,0.0,0.0,0.0,0.0,0.0,0.0,0.0,0.0,0.0,-1.4731706741194672,4.922290638641398,-2.253885577291248,-0.18963692180276148,-39.291134,9.021169
Medway,E06000035,279773,235747,218953,1866,749,14179,7859,2425,1394,2158,1882,16484,7693,2125,1962,1273,3431,15723,11266,2552,1905,3960,452,3508,132610,14826,21929,17307,13910,15896,12828,10137,11111,14666,132845,96739,35907,11171,3113,,441,80,7782,888,1805,16803,20232,8550,5661,4370,5636,2059,6151,7022,9151,11735,19013,5229,2021,0.8426367090462625,0.0589191952046838,0.05619913286843262,0.0280906306183942,0.014154332262226876,0.4748313811554367,0.345776754726153,0.12834333548984356,0.039928799419529405,0.011126877861695018,0.9287626141583987,0.007915265093511264,0.003177134809774886,0.06014498593831523,0.11902450861441398,0.07722640135889347,0.46669497694734285,0.12891288522203348,0.20814122785731617,0.7165299243146982,0.16230999173185778,0.121160083953444,0.2745896424481486,0.1773762565211859,0.30856343046189083,0.23947067056877466,0.11414141414141414,0.8858585858585859,0.1118015232637056,0.16536460297111832,0.13051051956865997,0.10489405022245683,0.11987029635774074,0.09673478621521756,0.07644219892919087,0.08378704471759295,0.11059497775431718,0.0,0.0,0.0,0.0,0.0,0.0,0.0,0.0,0.0,0.0,0.0,0.0,0.0,0.0,0.0,0.0,0.0,0.0,-3.4799892868606164,2.025457969924222,-0.8181376561709861,-0.5857192518140415,-23.174685,12.43506
Melton,E07000133,51752,50142,48064,269,25,1784,659,206,76,239,138,599,306,13,22,115,143,192,103,67,22,160,35,125,25466,3880,4183,3095,2303,3236,2370,1653,2156,2590,24748,18186,6757,1622,439,,774,42,3307,133,152,2401,3982,994,1088,714,572,323,1583,1189,1390,2539,3008,1283,2021,0.9688900912042047,0.011574431906013294,0.0037100015458339775,0.012733807389086412,0.003091667954861648,0.4782037409182254,0.3514067089194621,0.13056500231875096,0.031341783892409956,0.008482763951151646,0.958557696142954,0.005364764070041083,0.0004985840213792828,0.03557895576562562,0.03672787979966611,0.19198664440734559,0.5108514190317195,0.021702838063439065,0.2387312186978297,0.5364583333333334,0.3489583333333333,0.11458333333333333,0.3626707132018209,0.11532625189681335,0.3125948406676783,0.2094081942336874,0.21875,0.78125,0.15236000942433048,0.16425822665514805,0.1215345951464698,0.09043430456294667,0.1270713893033849,0.093065263488573,0.06491007618000472,0.08466190214403518,0.1017042330951072,0.0,0.0,0.0,0.0,0.0,0.0,0.0,0.0,0.0,0.0,0.0,0.0,0.0,0.0,0.0,0.0,0.0,0.0,-2.742652388266673,2.45848842642494,2.2612028221771454,-1.7560809902085814,-27.675785,6.831168
Merthyr Tydfil,W06000024,58839,57140,54916,113,56,2055,510,131,86,129,164,871,308,92,46,156,269,91,59,13,19,227,17,210,25633,2144,3751,2799,2220,3140,3183,2475,2597,3324,26718,17786,8837,4112,1386,,72,79,2849,177,415,2744,3749,986,1069,751,443,344,643,1122,2378,2137,4870,807,2021,0.971124594231717,0.014803106782916093,0.0015465932459763083,0.008667720389537552,0.0038579853498529886,0.45408657523071433,0.3022824997025782,0.15018950016145755,0.06988562008191845,0.023555804823331465,0.9610780539026952,0.001977598879943997,0.0009800490024501226,0.03596429821491075,0.05281285878300804,0.1791044776119403,0.35361653272101035,0.10562571756601608,0.30884041331802525,0.6483516483516484,0.14285714285714285,0.2087912087912088,0.2529411764705882,0.16862745098039217,0.2568627450980392,0.3215686274509804,0.07488986784140969,0.9251101321585903,0.08364218000234074,0.1463348027932743,0.1091951780907424,0.08660710802481177,0.12249834198104007,0.12417586704638552,0.09655522178441853,0.10131471150470098,0.12967658877228572,0.0,0.0,0.0,0.0,0.0,0.0,0.0,0.0,0.0,0.0,0.0,0.0,0.0,0.0,0.0,0.0,0.0,0.0,-1.9811536939267458,5.324965186556036,-1.6553240373686744,1.9039672084188743,-41.92912,10.679149
Merton,E09000024,215187,129617,88673,4337,194,36413,12765,3009,1722,3756,4278,40019,9607,9667,2470,3615,14660,22887,12218,7632,3037,9899,1923,7976,112065,17692,29411,16337,9159,9115,8623,7030,5202,9496,118140,68979,20760,5599,1704,,50,212,3047,403,323,9377,13827,4669,5665,8314,7647,2319,11686,7097,5169,10466,15393,6406,2021,0.6023458666183366,0.18597313034709345,0.10635865549498807,0.0593204979854731,0.04600184955410875,0.5490108603214878,0.32055375092361527,0.0964742293911807,0.02601922978618597,0.007918693973148936,0.6841155095396437,0.03346011711426742,0.001496717251595084,0.28092765609449377,0.06172068267572903,0.09033209225617832,0.2400609710387566,0.24156025887703342,0.36632599515230263,0.5338401712762704,0.3334644121116791,0.1326954166120505,0.2942420681551116,0.13490011750881317,0.23572267920094006,0.33513513513513515,0.19426204667138094,0.8057379533286191,0.15787266318654353,0.2624459019319145,0.14578146611341633,0.08172935350020077,0.08133672422254941,0.07694641502699326,0.06273145049747914,0.04641948868959979,0.08473653683130326,0.0,0.0,0.0,0.0,0.0,0.0,0.0,0.0,0.0,0.0,0.0,0.0,0.0,0.0,0.0,0.0,0.0,0.0,-7.0825158066772635,-4.197852967240393,-1.4365981618667292,-0.6735416111172828,-14.148419,8.4532
Mid Devon,E07000042,82853,81068,77699,326,142,2901,899,194,122,319,264,562,168,15,24,182,173,101,63,22,16,223,33,190,40283,5312,6482,4430,3586,6041,3907,3127,3277,4121,39073,28866,10954,3085,874,,2247,36,3668,243,413,4026,6494,1643,1641,1008,689,560,2454,1836,2099,3909,5571,1740,2021,0.9784558193426913,0.006783097775578434,0.0012190264685648076,0.010850542527126356,0.0026915138860391296,0.47159426936864085,0.34840017862962114,0.13221005877880102,0.03723462035170724,0.010548803302234077,0.9584422953569842,0.0040213154388908075,0.0017516159273696155,0.03578477327675532,0.042704626334519574,0.3238434163701068,0.298932384341637,0.026690391459074734,0.30782918149466193,0.6237623762376238,0.21782178217821782,0.15841584158415842,0.3548387096774194,0.135706340378198,0.21579532814238042,0.2936596218020022,0.14798206278026907,0.852017937219731,0.1318670406871385,0.16091155077824393,0.10997194846461286,0.08902018221085818,0.14996400466698112,0.09698880421021275,0.07762579748280912,0.08134945262269444,0.10230121887644912,0.0,0.0,0.0,0.0,0.0,0.0,0.0,0.0,0.0,0.0,0.0,0.0,0.0,0.0,0.0,0.0,0.0,0.0,-2.756939790046986,3.2654000195979833,2.1544211238011965,0.5697638467995559,-36.954323,1.0844494
Mid Suffolk,E07000203,102701,99463,96581,442,93,2347,1463,480,200,365,418,821,204,33,36,176,372,553,274,166,113,401,44,357,50024,7402,8948,6776,4940,6553,4341,3235,3403,4426,48205,36960,13204,3454,876,,1706,49,3853,442,393,5554,7217,2538,1721,1765,1634,616,3359,2670,3190,4424,6599,2302,2021,0.9684715825551845,0.007994079901851005,0.005384562954596352,0.01424523617102073,0.0039045384173474456,0.4693722553821287,0.35987965063631316,0.12856739466996425,0.03363161020827451,0.00852961509625028,0.9710244010335501,0.004443863547248726,0.0009350210631088948,0.023596714356092216,0.0438489646772229,0.2143727161997564,0.24847746650426308,0.040194884287454324,0.4531059683313033,0.49547920433996384,0.30018083182640143,0.20433996383363473,0.24948735475051265,0.1367053998632946,0.32809295967190705,0.2857142857142857,0.10972568578553615,0.8902743142144638,0.14796897489205182,0.17887414041260194,0.13545498160882777,0.09875259875259876,0.13099712138173678,0.08677834639373101,0.06466895889972812,0.06802734687350072,0.0884775307852231,0.0,0.0,0.0,0.0,0.0,0.0,0.0,0.0,0.0,0.0,0.0,0.0,0.0,0.0,0.0,0.0,0.0,0.0,-3.181218367230901,2.2960449447029285,2.6362425310358137,-1.2705537998880325,-33.83931,-1.9615422
Mid Sussex,E07000228,152566,140724,130971,1456,175,8122,3827,634,555,1597,1041,5505,2489,279,599,588,1550,1337,871,309,157,1173,209,964,76572,13156,17539,11989,7231,6878,6923,4567,3009,5280,80741,50460,16029,4180,1156,,474,104,3727,414,427,6649,9481,3817,2812,4465,5286,1252,5997,4810,3722,7900,11123,4104,2021,0.9223811334111138,0.036082744517127015,0.008763420421325852,0.025084225843241614,0.007688475807191642,0.5292201407915262,0.3307421050561724,0.10506272695095893,0.0273979785797622,0.007577048621580169,0.9306941246695659,0.010346493846110116,0.001243568971888235,0.05771581251243569,0.10881017257039055,0.10681198910081743,0.4521344232515895,0.05068119891008174,0.2815622161671208,0.6514584891548242,0.23111443530291698,0.11742707554225879,0.4172981447609093,0.14502221060883197,0.1656650117585576,0.2720146328717011,0.17817561807331628,0.8218243819266837,0.17181215065559213,0.22905239513137962,0.15657159274930785,0.0944339967612182,0.08982395653763778,0.09041163871911403,0.059643211617823745,0.03929634853471243,0.06895470929321423,0.0,0.0,0.0,0.0,0.0,0.0,0.0,0.0,0.0,0.0,0.0,0.0,0.0,0.0,0.0,0.0,0.0,0.0,-4.999711195285813,-0.5366649561899408,3.231710903978802,0.0861230914464941,-22.234663,-1.909213
Middlesbrough,E06000002,143922,118547,114421,434,160,3532,3001,570,650,1110,671,15090,2804,8990,595,669,2032,3816,3339,162,315,3468,1452,2016,56434,4409,8996,6109,4856,5906,7578,5394,5577,7609,67207,46382,19821,7969,2545,,82,604,3989,439,397,4797,9048,3102,3034,1529,1203,762,2083,2735,3610,5282,11756,1979,2021,0.8236892205500201,0.10484845958227373,0.026514361946054114,0.020851572379483332,0.024096385542168676,0.46696821889634665,0.32227178610636315,0.13772043190061284,0.0553702700073651,0.01768318950542655,0.9651952390191232,0.003660995217086894,0.0013496756560689009,0.029794090107720987,0.039430086149768055,0.04433399602385686,0.185818422796554,0.5957587806494367,0.13465871438038435,0.875,0.04245283018867924,0.08254716981132075,0.36987670776407866,0.2165944685104965,0.18993668777074307,0.22359213595468178,0.4186851211072664,0.5813148788927336,0.07812666123259028,0.15940744940993018,0.10825034553637877,0.08604741822305702,0.10465322323422051,0.1342807527377113,0.09558067831449127,0.09882340433072262,0.13483006698089803,0.0,0.0,0.0,0.0,0.0,0.0,0.0,0.0,0.0,0.0,0.0,0.0,0.0,0.0,0.0,0.0,0.0,0.0,-2.3432397018152398,3.821937192443917,-3.4512884123011234,3.3251403284017735,-31.20399,19.936003
Milton Keynes,E06000042,287060,206114,178568,2382,156,25008,11725,2997,2551,2973,3204,35645,15348,7163,3189,2913,7032,27851,21502,2975,3374,5725,1349,4376,143378,18299,30540,19938,13825,11004,11017,11353,9345,18057,146636,96796,31721,9239,2668,,308,80,10045,593,636,9336,27279,10623,6538,10287,7226,1844,8818,8072,6205,14095,15794,5605,2021,0.7180171392740193,0.12417264683341461,0.09702152860029262,0.04084511948721522,0.019943565805058176,0.5108200376227966,0.33719779836967884,0.11050303072528392,0.03218490907824148,0.009294224203999163,0.8663555119982146,0.011556711334504206,0.0007568627070456155,0.1213309139602356,0.08946556319259363,0.08172254173095805,0.4305793238883434,0.20095385046991163,0.1972787207181933,0.7720369107033859,0.10681842662741015,0.12114466266920398,0.25356076759061835,0.21756929637526654,0.2556076759061834,0.27326226012793176,0.23563318777292577,0.7643668122270743,0.12762766951694124,0.21300338964136759,0.13905899091910892,0.09642344013725955,0.07674817614975799,0.07683884556905522,0.07918230132935318,0.06517736333328683,0.1259398234038695,0.0,0.0,0.0,0.0,0.0,0.0,0.0,0.0,0.0,0.0,0.0,0.0,0.0,0.0,0.0,0.0,0.0,0.0,-4.98135688448586,-0.6092834735408015,-1.7219541104752236,0.4970049977893936,-19.251,11.374276
Mole Valley,E07000210,87387,81046,74983,948,99,5016,2194,417,227,878,672,2637,868,247,243,459,820,706,450,170,86,804,229,575,42341,8321,10140,6392,4063,4156,3429,2168,1285,2387,45952,28806,9411,2501,716,,316,138,1834,233,223,4060,4739,1368,1531,2864,2611,969,4346,2723,2101,4547,5186,2550,2021,0.9274377195692723,0.030176113151841807,0.008079004886310321,0.02510670923592754,0.009200453156648015,0.5258448052914049,0.32963713138109785,0.10769336400151053,0.028619817593005824,0.008193438383283555,0.9251906324803199,0.011697060928361671,0.0012215285146706808,0.06189077807664783,0.09215017064846416,0.17406143344709898,0.329161926431551,0.09366704588547592,0.3109594235874099,0.6373937677053825,0.24079320113314448,0.12181303116147309,0.4001823154056518,0.10346399270738377,0.19006381039197812,0.3062898814949863,0.2848258706467662,0.7151741293532339,0.1965234642545051,0.2394841879029782,0.15096478590491486,0.09595899955126237,0.09815545216220685,0.08098533336482369,0.05120332538201743,0.03034883446305,0.056375617014241514,0.0,0.0,0.0,0.0,0.0,0.0,0.0,0.0,0.0,0.0,0.0,0.0,0.0,0.0,0.0,0.0,0.0,0.0,-5.018643878416438,-1.0125256785162444,3.8141247983404907,0.39198957311566834,-21.403639,-1.598843
Monmouthshire,W06000021,92960,90106,87566,451,36,2053,1115,261,183,376,295,1185,317,94,52,277,445,230,132,62,36,324,88,236,42830,6573,9315,5427,3794,4895,3538,2824,2485,3979,43165,31887,12655,4060,1188,,1255,47,3374,240,351,3520,6410,1523,1922,1639,1320,713,2897,1901,3551,4017,6289,1852,2021,0.9692986230636833,0.012747418244406197,0.0024741824440619622,0.011994406196213425,0.0034853700516351118,0.4643395008605852,0.3430185025817556,0.13613382099827884,0.043674698795180725,0.012779690189328743,0.9718109781812532,0.0050052160788404765,0.0003995294431003485,0.022784276296805985,0.04388185654008439,0.23375527426160336,0.26751054852320677,0.07932489451476793,0.3755274261603376,0.5739130434782609,0.26956521739130435,0.1565217391304348,0.33721973094170404,0.16412556053811658,0.23408071748878923,0.2645739910313901,0.2716049382716049,0.7283950617283951,0.1534671958907308,0.21748774223674994,0.1267102498248891,0.0885827690870885,0.11428904973149662,0.08260565024515526,0.06593509222507588,0.05802007938360962,0.09290217137520429,0.0,0.0,0.0,0.0,0.0,0.0,0.0,0.0,0.0,0.0,0.0,0.0,0.0,0.0,0.0,0.0,0.0,0.0,-3.1272658281877703,2.2271833442367863,2.248800448686445,0.7436770643768622,-33.397423,0.22485483
Neath Port Talbot,W06000012,142290,137511,135111,437,170,1793,1583,535,211,493,344,2253,527,224,508,387,607,522,274,148,100,421,105,316,59189,5200,9256,6815,6706,7075,7272,5112,5355,6398,64583,43219,21961,9388,3138,,251,260,6579,369,536,5518,8239,2326,2441,1208,1829,832,1990,2333,6848,5114,10448,2074,2021,0.9664136622390892,0.015833860425890786,0.003668564199873498,0.011125166912643194,0.002958746222503338,0.45388291517323776,0.3037388432075339,0.15433972872303042,0.06597793239159463,0.022053552603837234,0.9825468507973908,0.0031779275839751,0.0012362647351848216,0.013038956883449323,0.22547714158899246,0.17177097203728361,0.2339103417665335,0.09942299156679982,0.2694185530403906,0.524904214559387,0.2835249042145594,0.19157088122605365,0.31143398610233736,0.13329121920404297,0.3379658875552748,0.21730890713834491,0.2494061757719715,0.7505938242280285,0.08785416209092906,0.15638040852185373,0.11513963743263106,0.11329807903495583,0.11953234553717752,0.12286066667793002,0.0863673993478518,0.0904728919224856,0.10809440943418541,0.0,0.0,0.0,0.0,0.0,0.0,0.0,0.0,0.0,0.0,0.0,0.0,0.0,0.0,0.0,0.0,0.0,0.0,-1.2875665585858045,4.661010730114736,-1.1850746555250578,1.038128479895403,-42.88345,9.909448
New Forest,E07000091,175782,170118,163847,833,480,4958,2215,478,327,801,609,2103,577,72,176,435,843,703,399,162,142,643,87,556,78702,11997,13956,9927,7715,9971,8252,5386,4498,7000,81075,62425,23866,6534,1885,,880,277,5241,475,552,8115,10984,3464,4412,2890,2567,1432,5419,4304,4118,7164,12222,4194,2021,0.9677782708127112,0.011963682288288903,0.003999271825329101,0.012600835125325687,0.0036579399483451093,0.4612246987746186,0.3551273736787612,0.13577044293499904,0.037171041403556676,0.010723509801913734,0.9631373517205705,0.004896601182708473,0.002821570909603922,0.02914447618711718,0.08368996671421779,0.20684736091298145,0.2743699476937708,0.034236804564907276,0.4008559201141227,0.5675675675675675,0.23044096728307253,0.2019914651493599,0.36162528216704287,0.14762979683972913,0.21580135440180587,0.2749435665914221,0.13530326594090203,0.864696734059098,0.1524357703743234,0.17732713272852024,0.12613402454829611,0.09802800437091815,0.12669309547406674,0.10485121089680059,0.06843536377728647,0.057152296002642884,0.08894310182714543,0.0,0.0,0.0,0.0,0.0,0.0,0.0,0.0,0.0,0.0,0.0,0.0,0.0,0.0,0.0,0.0,0.0,0.0,-3.1968689674521946,2.6640629465462315,2.56746058198126,0.13416380080721135,-35.276123,-1.151947
Newark and Sherwood,E07000175,122959,118366,111939,569,342,5516,1844,695,218,535,396,1411,496,165,107,300,343,804,431,225,148,534,123,411,57117,7801,9033,7048,4909,6617,5750,4283,4817,6859,54954,43072,17806,5553,1571,,1033,90,5527,412,616,5628,10385,2688,2817,2080,871,734,2831,2557,3403,5034,7917,2489,2021,0.9626460852804594,0.01147536983872673,0.0065387649541717155,0.01499686887499085,0.004342911051651363,0.4469294642929757,0.35029562699761707,0.14481249847510147,0.04516139526183525,0.012776616595775827,0.9457023131642532,0.004807123667269317,0.00288934322356082,0.046601219944916616,0.07583274273564848,0.21261516654854712,0.35152374202693126,0.11693834160170093,0.2430900070871722,0.5360696517412935,0.2798507462686567,0.18407960199004975,0.2901301518438178,0.11822125813449023,0.37689804772234275,0.21475054229934923,0.2303370786516854,0.7696629213483146,0.13657930213421574,0.15814906245075896,0.12339583661606877,0.08594639074181067,0.11584992208974561,0.10067055342542501,0.07498643136019048,0.08433566188700387,0.1200868392947809,0.0,0.0,0.0,0.0,0.0,0.0,0.0,0.0,0.0,0.0,0.0,0.0,0.0,0.0,0.0,0.0,0.0,0.0,-2.338293691536563,3.403383430169243,0.43162654727004707,-1.084156869339523,-36.600838,6.616096
Newcastle upon Tyne,E08000021,300127,240002,223567,1895,332,14208,6920,915,1378,2600,2027,34128,7304,8753,7248,5382,5441,9921,8555,340,1026,9156,4175,4981,125078,11448,30729,15060,11029,10037,11694,12573,7906,14602,145219,96614,39307,14525,4461,,163,354,6523,775,449,7803,17007,5646,9286,5769,3509,1901,7897,6680,9047,13678,23254,5343,2021,0.7996681404871937,0.11371186197842913,0.033056006290670285,0.023056905909831504,0.030507085333875326,0.48385849990170826,0.32191039126769666,0.13096789025979003,0.04839617895091078,0.014863707697074905,0.9315214039883001,0.00789576753527054,0.0013833218056516195,0.059199506670777745,0.21237693389592124,0.15770042194092826,0.21401781528363806,0.2564756211908111,0.15942920768870136,0.8623122669085778,0.0342707388368108,0.10341699425461143,0.37572254335260113,0.1991329479768786,0.13222543352601157,0.29291907514450866,0.45598514635211884,0.5440148536478812,0.09152688722237325,0.24567869649338814,0.12040486736276564,0.08817697756599882,0.08024592654183789,0.09349365995618734,0.10052127472457187,0.06320855785989543,0.11674315227298165,0.0,0.0,0.0,0.0,0.0,0.0,0.0,0.0,0.0,0.0,0.0,0.0,0.0,0.0,0.0,0.0,0.0,0.0,-3.7197061587390334,1.1945639680882594,-1.9959887379389862,4.225006406727992,-36.87426,17.794674
Newcastle-under-Lyme,E07000195,123299,114523,110947,365,71,3140,1988,659,248,672,409,4642,1707,947,273,639,1076,1289,931,227,131,857,197,660,56682,6024,10116,6659,5220,6606,5791,4861,4433,6972,54189,43520,17878,5972,1741,,451,56,5343,256,465,5067,10415,2750,2236,1780,1393,650,2382,2435,2492,5846,9837,2832,2021,0.9288234292248924,0.037648318315639216,0.010454261591740403,0.016123407326904517,0.006950583540823526,0.43949261551188573,0.35296312216644093,0.1449971208201202,0.048435104907582384,0.014120146959829358,0.9687748312566035,0.00318713271569903,0.0006199628022318661,0.027418073225465626,0.05881085738905644,0.13765618267987936,0.36772942697113314,0.2040068935803533,0.23179663937957776,0.7222653219550039,0.1761055081458495,0.10162916989914662,0.3380281690140845,0.12474849094567404,0.33148893360160964,0.20573440643863178,0.22987164527421236,0.7701283547257877,0.10627712501323171,0.17846935535090505,0.11747997600649236,0.09209272785011115,0.11654493489996824,0.10216647260153135,0.08575914752478742,0.07820824953247944,0.12300201122049328,0.0,0.0,0.0,0.0,0.0,0.0,0.0,0.0,0.0,0.0,0.0,0.0,0.0,0.0,0.0,0.0,0.0,0.0,-2.1059508304767505,3.8031676098601386,-0.4036830120467698,0.027845327225001368,-33.91107,10.351991
Newham,E09000025,351030,107947,51819,2039,353,53736,16419,4253,3317,3324,5525,148187,38642,31216,55677,6213,16439,61302,40874,13586,6842,17175,3534,13641,163445,15522,32704,19608,12621,16496,14189,14529,11822,25954,180480,116872,37801,11823,4060,,105,84,4060,396,389,17369,23668,9896,13595,9649,8158,2831,11234,14011,7160,14028,19839,6970,2021,0.30751502720565194,0.42214910406517964,0.17463464661140074,0.046773780018801815,0.0489274420989659,0.5141440902486967,0.33294020454092244,0.10768595276756972,0.033680881975899496,0.011565963023103438,0.48004113129591375,0.018888899182005984,0.0032701233012496873,0.49779984622083057,0.3757212171108127,0.04192675470857767,0.26076511434876204,0.2106527563146565,0.11093415751719111,0.6667645427555382,0.22162409056800758,0.11161136667645427,0.2024483829709483,0.20202204762774834,0.2590291735184847,0.33650039588281866,0.20576419213973798,0.794235807860262,0.09496772614641011,0.2000917739912509,0.11996696136314969,0.07721863623849001,0.10092691731163388,0.08681207745724862,0.08889228792560189,0.07233014163785983,0.1587934779283551,0.0,0.0,0.0,0.0,0.0,0.0,0.0,0.0,0.0,0.0,0.0,0.0,0.0,0.0,0.0,0.0,0.0,0.0,-6.705406163043437,-3.302942705933678,-7.824868997705344,0.5305319515006574,-14.762141,13.366985
Newport,W06000022,159592,136473,128245,685,168,7375,4451,1528,640,1188,1095,12194,2023,4803,2858,711,1799,3737,2687,553,497,2737,999,1738,72786,7420,13767,9109,7623,6347,6761,6534,6140,9085,74351,52689,21937,8159,2456,,260,47,6144,539,735,4832,12203,3906,3672,2265,3618,1060,3517,3173,6949,5835,11359,2682,2021,0.8551368489648604,0.07640733871371999,0.02341596069978445,0.027889869166374256,0.017149982455260917,0.46588174845856933,0.3301481277257005,0.1374567647501128,0.05112411649706752,0.015389242568549802,0.939709686165029,0.005019307848438886,0.0012310127277923107,0.05403999325873982,0.23437756273577168,0.05830736427751353,0.16590126291618829,0.39388223716581927,0.14753157290470723,0.719025956649719,0.14797966283114797,0.13299438051913298,0.26690631318804764,0.14378791282857784,0.34329364187822964,0.24601213210514492,0.3649981731823164,0.6350018268176836,0.10194268128486247,0.18914351661033715,0.12514769323771055,0.10473167916907097,0.08720083532547468,0.09288874234056,0.08977001071634655,0.08435688181793202,0.1248179594977056,0.0,0.0,0.0,0.0,0.0,0.0,0.0,0.0,0.0,0.0,0.0,0.0,0.0,0.0,0.0,0.0,0.0,0.0,-2.752614663072554,2.2608348927409905,-2.5261318912085673,1.0720414739137392,-30.098282,16.662243
North Devon,E07000043,98612,95639,92944,387,58,2250,1174,297,136,417,324,1135,324,90,87,191,443,325,179,80,66,339,82,257,45163,5749,6898,5067,3618,7162,4874,3406,3237,5152,46135,33154,13705,4352,1265,,2154,48,4163,171,289,4433,7214,1165,3764,965,529,610,2093,2171,2080,3853,7488,1975,2021,0.9698515393664057,0.011509755405021702,0.003295744939763923,0.011905244797793372,0.0034377154910152923,0.4678436701415649,0.3362065468705634,0.13897902892142944,0.04413255993185414,0.012828053380927271,0.9718211189995714,0.004046466399690503,0.0006064471606771297,0.023525967440061062,0.07665198237885462,0.1682819383259912,0.2854625550660793,0.07929515418502203,0.3903083700440529,0.5507692307692308,0.24615384615384617,0.20307692307692307,0.35519591141396933,0.11584327086882454,0.25298126064735943,0.27597955706984667,0.24188790560471976,0.7581120943952803,0.12729446670947456,0.15273564643624205,0.11219360981334278,0.08010982441379005,0.15858113942829308,0.10792020016385094,0.07541571640502182,0.07167371520935278,0.11407568142063193,0.0,0.0,0.0,0.0,0.0,0.0,0.0,0.0,0.0,0.0,0.0,0.0,0.0,0.0,0.0,0.0,0.0,0.0,-2.3839626871342907,3.6199581044534384,1.3913375346045638,0.33805878508004944,-37.85317,-0.48151425
North East Derbyshire,E07000038,102003,99367,97657,306,45,1359,1170,421,141,372,236,952,327,110,20,216,279,324,170,107,47,190,23,167,46563,6028,8011,5492,4610,5813,4639,3731,3527,4712,44381,35060,15945,5166,1449,,414,92,4631,268,381,5081,7658,2153,1975,1404,1104,541,2272,2067,2964,4432,7255,1867,2021,0.9741576228150153,0.009333058831602991,0.003176377165377489,0.011470250874974266,0.001862690313030009,0.43509504622413064,0.343715380920169,0.15631893179612363,0.0506455692479633,0.014205464545160437,0.9827910674570028,0.0030794931919047573,0.0004528666458683466,0.013676572705224068,0.02100840336134454,0.226890756302521,0.3434873949579832,0.11554621848739496,0.2930672268907563,0.5246913580246914,0.33024691358024694,0.14506172839506173,0.31794871794871793,0.12051282051282051,0.3598290598290598,0.20170940170940171,0.12105263157894737,0.8789473684210526,0.1294590125206709,0.17204647466872838,0.11794772673582028,0.09900564826149517,0.12484161243906106,0.09962846036552628,0.08012799862551812,0.07574683761785109,0.10119622876532869,0.0,0.0,0.0,0.0,0.0,0.0,0.0,0.0,0.0,0.0,0.0,0.0,0.0,0.0,0.0,0.0,0.0,0.0,-1.871924788135505,4.137233342197345,0.9955837279823275,-1.166698306842798,-32.349327,9.031884
North East Lincolnshire,E06000012,156967,151030,145362,320,65,5283,1617,377,306,502,432,2437,543,336,318,438,802,846,644,98,104,1037,366,671,68851,6058,8490,7328,5865,8108,7344,5685,10396,9577,67586,54939,24237,7911,2293,,341,499,9540,744,429,5790,12557,5520,3453,909,640,706,2504,3621,2842,5731,10533,2492,2021,0.9621767632687125,0.015525556327126084,0.005389667891977295,0.01030152834672256,0.00660648416546153,0.4305745793701861,0.3500035039212064,0.1544082514159027,0.05039912847923449,0.014608166047640586,0.9624710322452493,0.002118784347480633,0.0004303780705820036,0.034979805336688076,0.1304883052933935,0.1797291752154288,0.22281493639720967,0.1378744357816988,0.3290931473122692,0.7612293144208038,0.11583924349881797,0.12293144208037825,0.3104514533085962,0.18923933209647495,0.23314780457637602,0.26716141001855287,0.35294117647058826,0.6470588235294118,0.08798710258384047,0.12330975584958824,0.10643273155074,0.08518394794556361,0.11776154304222161,0.10666511742748834,0.08256960683214477,0.15099272341723433,0.13909747135117864,0.0,0.0,0.0,0.0,0.0,0.0,0.0,0.0,0.0,0.0,0.0,0.0,0.0,0.0,0.0,0.0,0.0,0.0,-1.5810114342416512,5.0403327791167,-1.3545331353623327,2.393756096393818,-37.964825,13.239349
North Hertfordshire,E07000099,133210,116620,108298,1684,39,6599,4913,1820,509,1455,1129,6956,3811,536,581,709,1319,3235,1458,1331,446,1486,291,1195,67161,10803,17135,10326,5895,5838,4991,4105,3290,4778,67385,45317,15363,4089,1056,,429,26,5765,247,469,5596,9347,2209,2408,4460,2752,1180,6437,3398,3926,6912,8248,3355,2021,0.8754598003152917,0.05221830192928459,0.024284963591321974,0.036881615494332255,0.011155318669769538,0.5058554162600405,0.3401921777644321,0.11532917949102921,0.030695893701674047,0.007927332782824112,0.9286400274395472,0.014440061738981307,0.00033441948207854573,0.0565854913393929,0.0835250143760782,0.10192639447958597,0.5478723404255319,0.07705577918343876,0.18962047153536515,0.45069551777434314,0.4114374034003091,0.13786707882534777,0.29615306330144514,0.10360268674944026,0.37044575615713415,0.22979849379198047,0.1958277254374159,0.8041722745625841,0.1608522803412695,0.25513318741531543,0.15374994416402377,0.08777415464331978,0.08692544780452942,0.07431396197197779,0.06112178198656959,0.048986763151233605,0.07114247852176114,0.0,0.0,0.0,0.0,0.0,0.0,0.0,0.0,0.0,0.0,0.0,0.0,0.0,0.0,0.0,0.0,0.0,0.0,-4.5347501082002175,-0.6582118275002322,1.8397075723748573,-2.9601657526869984,-22.597828,4.0197144
North Kesteven,E07000139,118072,114729,111304,510,57,2858,1368,373,218,450,327,1160,370,92,85,286,327,416,239,104,73,399,92,307,56892,7665,9946,8580,6036,6556,5561,3753,3915,4880,54648,41825,15872,4509,1220,,1524,141,4372,437,800,5080,7791,2112,2263,1700,746,583,2463,2340,8132,5758,8397,2254,2021,0.971686767396165,0.0098245138559523,0.0035232739345484113,0.011586150823226506,0.003379293990107731,0.46283623551731146,0.354233010366556,0.1344264516566163,0.03818856291076631,0.010332678365742937,0.9701470421602211,0.004445257955704312,0.000496822947990482,0.024910876936084164,0.07327586206896551,0.24655172413793103,0.31896551724137934,0.07931034482758621,0.2818965517241379,0.5745192307692307,0.25,0.17548076923076922,0.32894736842105265,0.15935672514619884,0.27266081871345027,0.23903508771929824,0.23057644110275688,0.7694235588972431,0.1347289601349926,0.17482247064613654,0.15081206496519722,0.10609576038810378,0.11523588553750967,0.09774660760739647,0.06596709554946213,0.06881459607677705,0.08577655909442453,0.0,0.0,0.0,0.0,0.0,0.0,0.0,0.0,0.0,0.0,0.0,0.0,0.0,0.0,0.0,0.0,0.0,0.0,-2.8228147971413597,2.439972592724689,2.1556474287342,-0.06756835680207075,-32.60514,0.507902
North Lincolnshire,E06000013,169684,160052,150554,556,168,8774,1820,356,289,717,458,5622,1126,1013,1840,451,1192,818,663,85,70,1372,224,1148,76223,8279,10321,8278,6393,9215,7323,6003,10070,10341,72786,60954,25702,8003,2235,,1328,295,13248,578,579,6345,13115,5117,3363,1215,848,782,2467,3432,3862,6074,10924,2645,2021,0.9432356615827067,0.03313217510195422,0.004820725584026779,0.010725819759081587,0.008085617972230735,0.4289502840574244,0.3592206690082742,0.15146979090544777,0.047164140402159306,0.013171542396454586,0.9406567865443731,0.0034738709919276234,0.001049658860870217,0.05481968360282908,0.3272856634649591,0.08022056207755247,0.20028459622909997,0.180184987548915,0.2120241906794735,0.8105134474327629,0.1039119804400978,0.08557457212713937,0.39395604395604394,0.15879120879120878,0.1956043956043956,0.25164835164835164,0.16326530612244897,0.8367346938775511,0.10861550975427364,0.13540532385238052,0.10860239035461737,0.08387232200254516,0.12089526783254398,0.09607336368287787,0.07875575613659919,0.1321123545386563,0.13566771184550594,0.0,0.0,0.0,0.0,0.0,0.0,0.0,0.0,0.0,0.0,0.0,0.0,0.0,0.0,0.0,0.0,0.0,0.0,-2.3541658233782052,4.446510960832674,-1.003958554893164,1.6272607297090926,-36.9265,13.78582
North Norfolk,E07000147,102978,101007,98403,471,86,2047,978,247,172,310,249,565,110,14,23,151,267,183,96,59,28,245,27,218,41659,5718,5304,4227,3403,6875,4957,3607,2753,4815,40520,38727,17522,4821,1391,,1533,144,2863,178,285,4337,6758,1462,3404,854,916,734,2018,2603,1744,3556,5991,2278,2021,0.980859989512323,0.005486608790227039,0.0017770785993124745,0.009497174153702733,0.0023791489444347337,0.39348210297345065,0.3760706170249956,0.1701528481811649,0.0468158247392647,0.013507739517178426,0.9742196085419822,0.004663043155424871,0.0008514261387824606,0.02026592216381043,0.04070796460176991,0.2672566371681416,0.19469026548672566,0.024778761061946902,0.4725663716814159,0.5245901639344263,0.3224043715846995,0.15300546448087432,0.3169734151329243,0.17586912065439672,0.25255623721881393,0.254601226993865,0.11020408163265306,0.889795918367347,0.13725725533498165,0.1273194267745265,0.10146666986725557,0.0816870304135961,0.16503036558726805,0.11898989414052186,0.08658393144338558,0.06608415948534531,0.11558126695311938,0.0,0.0,0.0,0.0,0.0,0.0,0.0,0.0,0.0,0.0,0.0,0.0,0.0,0.0,0.0,0.0,0.0,0.0,-1.5311446335284784,5.531901874472964,1.1859610344182134,0.34704962849232496,-40.39486,3.5784585
North Northamptonshire,E06000061,359523,324664,289274,2590,365,32435,8175,3024,1320,1926,1905,12726,7325,1029,1104,1005,2263,11017,6889,2473,1655,2941,338,2603,178855,21751,26861,20376,16768,19477,15814,13354,17639,26815,166047,128657,47271,13718,3831,,1087,83,20718,711,1349,16708,37186,13241,6884,5223,4142,1909,8051,9274,7539,14942,23283,6527,2021,0.9030409737346429,0.03539690089368413,0.030643380256617798,0.022738461795211988,0.008180283319843237,0.4618536227167664,0.3578547130503473,0.13148254770904783,0.03815611240449151,0.010655785582563563,0.8909949979055269,0.007977478254441514,0.0011242392134637655,0.09990328462656778,0.08675153229608674,0.07897218293257897,0.5755932736130756,0.08085808580858085,0.17782492534967784,0.6253063447399474,0.22447127167105382,0.1502223835889988,0.23559633027522936,0.1614678899082569,0.3699082568807339,0.23302752293577983,0.11492689561373683,0.8850731043862632,0.12161247938274021,0.1501831092225546,0.1139246875960974,0.09375192194794667,0.10889826954795784,0.08841799222834139,0.07466383383187498,0.09862178859970368,0.14992591764278326,0.0,0.0,0.0,0.0,0.0,0.0,0.0,0.0,0.0,0.0,0.0,0.0,0.0,0.0,0.0,0.0,0.0,0.0,-3.0142086165561826,2.688846605015785,-1.0311263260955323,-1.9546258582203813,-24.674572,11.024421
North Somerset,E06000024,216729,207429,195915,1210,187,10117,3635,1007,497,1191,940,3322,1067,148,433,725,949,1139,733,251,155,1204,247,957,102702,14625,20359,13585,10134,10436,10139,7377,6711,9336,103098,73421,28789,8897,2522,,721,189,7213,609,1223,9272,15842,4792,4699,4359,4177,1823,7270,4996,6401,9727,14966,4427,2021,0.9570892681643897,0.01532789797396749,0.005255411135565614,0.016772097873381044,0.005555324852696224,0.47570006782664065,0.3387686926991773,0.13283409234574053,0.04105126678940059,0.011636652224667672,0.94449185022345,0.005833321281016637,0.0009015132888843893,0.04877331520664902,0.13034316676700783,0.21824202287778446,0.3211920529801324,0.044551475015051176,0.2856712823600241,0.6435469710272168,0.22036874451273047,0.1360842844600527,0.32764786795048145,0.13672627235213206,0.27702888583218704,0.2585969738651995,0.20514950166112958,0.7948504983388704,0.14240229012093242,0.19823372475706413,0.1322759050456661,0.09867383303148916,0.10161437946680688,0.09872251757512025,0.07182917567330724,0.06534439446164632,0.09090377986796752,0.0,0.0,0.0,0.0,0.0,0.0,0.0,0.0,0.0,0.0,0.0,0.0,0.0,0.0,0.0,0.0,0.0,0.0,-3.242828324979961,2.060572876199065,1.5340626490855265,0.4736533866226827,-31.93624,1.730669
North Tyneside,E08000022,208968,198208,193303,797,54,4054,2879,501,663,1013,702,5396,1539,528,1009,1225,1095,1281,1020,102,159,1204,350,854,97266,9927,21780,13362,10743,8704,8832,9443,5848,8627,96170,69597,30204,10188,2806,,145,538,6377,882,488,7050,12936,3744,4859,5117,3035,1389,4971,4708,10049,10469,16631,3882,2021,0.9485088626009724,0.025822135446575554,0.006130125186631446,0.013777229049423835,0.005761647716396769,0.4602140040580376,0.3330509934535431,0.1445388767658206,0.048753876191570004,0.013427893265954597,0.975253269292864,0.004021028414594769,0.00027244107200516626,0.020453261220536003,0.18699036323202373,0.2270200148257969,0.2852112676056338,0.09785025945144551,0.20292809488510008,0.7962529274004684,0.07962529274004684,0.12412177985948478,0.3518582841264328,0.23028829454671762,0.174018756512678,0.2438346648141716,0.29069767441860467,0.7093023255813954,0.10206032940595891,0.2239220282524212,0.1373758559003146,0.11044969465177966,0.08948656262208789,0.09080254148417741,0.0970842843336829,0.060123784261715295,0.08869491908786215,0.0,0.0,0.0,0.0,0.0,0.0,0.0,0.0,0.0,0.0,0.0,0.0,0.0,0.0,0.0,0.0,0.0,0.0,-2.8749301361104833,2.5753878722749253,0.30710319865693003,3.149752974083397,-39.743984,15.2885275
North Warwickshire,E07000218,65036,62514,60598,475,19,1422,1113,542,101,268,202,844,463,125,11,89,156,364,113,196,55,201,32,169,31754,4243,4816,3928,3331,3752,2721,2218,2814,3931,29587,22596,9157,2864,830,,351,34,3538,216,305,3268,5524,2916,1258,927,721,376,1373,1632,1562,2829,3650,1273,2021,0.9612214773356295,0.012977427886093856,0.005596900178362753,0.017113598622301496,0.0030905959776123993,0.4549326526846669,0.3474383418414417,0.1407989421243619,0.04403714865612891,0.012762162494618366,0.969350865406149,0.0075982979812522,0.00030393191925008796,0.02274690469334869,0.013033175355450236,0.10545023696682465,0.5485781990521327,0.1481042654028436,0.1848341232227488,0.31043956043956045,0.5384615384615384,0.1510989010989011,0.2407906558849955,0.09074573225516622,0.48697214734950584,0.18149146451033243,0.15920398009950248,0.8407960199004975,0.13362096113875419,0.15166593185110538,0.12370095106128362,0.10490017005731561,0.11815834225609372,0.08568999181205518,0.06984946778358632,0.0886187566920703,0.12379542734773571,0.0,0.0,0.0,0.0,0.0,0.0,0.0,0.0,0.0,0.0,0.0,0.0,0.0,0.0,0.0,0.0,0.0,0.0,-1.8365903118799556,3.1616608609148162,0.3225239377371446,-4.52457389210258,-29.148315,9.74575
North West Leicestershire,E07000134,104707,100449,96430,454,129,3436,1592,530,174,576,312,1543,784,68,14,234,443,642,423,144,75,481,65,416,51961,7305,8940,6845,4828,5962,4407,3642,4481,5551,49180,36846,13648,3916,1116,,424,354,6201,445,410,5623,8782,3855,2089,1459,900,621,2751,2653,2410,5190,5715,2071,2021,0.9593341419389344,0.014736359555712607,0.006131395226680165,0.015204332088590065,0.004593771190082803,0.46969161565129364,0.35189624380413914,0.13034467609615402,0.03739960079077807,0.010658313197780473,0.9599896464872721,0.0045197065177353685,0.0012842337902816356,0.03420641320471085,0.009073233959818535,0.15165262475696695,0.508101101749838,0.0440699935191186,0.28710304601425796,0.6588785046728972,0.22429906542056074,0.11682242990654206,0.36180904522613067,0.1092964824120603,0.33291457286432163,0.19597989949748743,0.13513513513513514,0.8648648648648649,0.1405862088874348,0.1720521160100845,0.13173341544620004,0.09291584072669887,0.1147399010796559,0.08481361020765574,0.07009102981081965,0.08623775523950655,0.10683012259194395,0.0,0.0,0.0,0.0,0.0,0.0,0.0,0.0,0.0,0.0,0.0,0.0,0.0,0.0,0.0,0.0,0.0,0.0,-2.9088705917318465,2.6345504168797635,1.7165561253994723,-1.496258601156305,-27.266525,7.0812917
North Yorkshire,E06000065,615490,595154,574065,2681,550,17858,6720,1435,983,2495,1807,8317,2031,1037,331,1574,3344,2456,1491,536,429,2843,562,2281,293535,44679,52153,38519,25165,38526,26639,20742,18230,28882,293072,213655,80093,22395,6276,,10930,860,23741,1798,1815,25550,43876,10406,18810,8626,7700,4266,18960,13792,22290,26109,39955,14055,2021,0.9669596581585403,0.013512810931128045,0.003990316658272271,0.01091813027019123,0.0046190839818681054,0.4761604575216494,0.34712992899965883,0.1301288404360753,0.03638564395847211,0.010196753805910739,0.9645654738101399,0.004504716426336713,0.0009241305611656815,0.03000567920235771,0.039798004088012505,0.1892509318263797,0.24419862931345437,0.12468438138751954,0.40206805338463386,0.6070846905537459,0.2182410423452769,0.1746742671009772,0.3712797619047619,0.1462797619047619,0.21354166666666666,0.2688988095238095,0.1976785086176574,0.8023214913823425,0.15221012826409117,0.1776721685659291,0.1312245558451292,0.08573083277973666,0.1312484030865144,0.09075238046570255,0.07066278297306965,0.06210503006455789,0.09839371795526938,0.0,0.0,0.0,0.0,0.0,0.0,0.0,0.0,0.0,0.0,0.0,0.0,0.0,0.0,0.0,0.0,0.0,0.0,-3.2609217703389652,2.3910257605629406,2.482321310466133,0.4419052505922807,-34.549362,-0.17311783
Northumberland,E06000057,320566,313027,308015,910,176,3926,2557,456,440,1033,628,3374,1183,514,302,521,854,598,400,124,74,1010,268,742,140777,17405,24722,17034,13435,16928,15432,12010,9968,13843,140289,110887,49447,15644,4300,,3830,810,10802,1130,1069,12174,19466,5414,7762,4438,3032,2274,7282,6448,11590,12077,24552,6630,2021,0.9764822220697142,0.010525133669821503,0.0018654504844556191,0.007976516536376285,0.0031506772396324,0.4376290685849404,0.3459100466050673,0.15424904699812206,0.04880118290773195,0.013413774386553784,0.9839886016222242,0.0029070974708252004,0.0005622518185332255,0.012542049088417294,0.08950800237107291,0.15441612329579135,0.3506224066390041,0.15234143449911083,0.25311203319502074,0.6688963210702341,0.20735785953177258,0.12374581939799331,0.4039890496675792,0.17207665232694563,0.17833398513883458,0.2456003128666406,0.26534653465346536,0.7346534653465346,0.12363525291773514,0.17561107283149946,0.12099987924163748,0.09543462355356344,0.12024691533418101,0.10962017943271983,0.08531223140143632,0.07080702103326537,0.09833282425396193,0.0,0.0,0.0,0.0,0.0,0.0,0.0,0.0,0.0,0.0,0.0,0.0,0.0,0.0,0.0,0.0,0.0,0.0,-2.2233928526219984,3.863379687354511,0.9398598734543293,1.4214304556988104,-35.128113,4.398748
Norwich,E07000148,143924,125421,111623,885,214,12699,4519,939,966,1287,1327,7867,2570,528,839,1627,2303,3578,2807,395,376,2539,900,1639,65720,5633,14691,8202,5095,5904,6762,6275,4545,8613,63232,52223,20346,6382,1738,,249,142,3726,178,382,4460,10169,2590,4345,2701,2946,1055,4147,3371,2769,7349,11837,3307,2021,0.8714390928545621,0.054660793196409214,0.024860342958783803,0.031398515883382896,0.017641255106861955,0.4393429865762486,0.3628512270364915,0.14136627664600762,0.04434284761401851,0.012075817792723938,0.8899865253825117,0.007056234601860932,0.0017062533387550728,0.1012509866768723,0.10664802338883946,0.2068132706241261,0.32668107283589676,0.06711580017795857,0.29274183297317913,0.7845164896590274,0.11039686975964226,0.10508664058133035,0.2847975215755698,0.21376410710334146,0.20778933392343438,0.29364903739765436,0.3544702638834187,0.6455297361165814,0.08571211199026171,0.2235392574558734,0.12480219111381619,0.07752586731588558,0.08983566646378575,0.10289105295191722,0.09548082775410834,0.06915702982349362,0.1310559951308582,0.0,0.0,0.0,0.0,0.0,0.0,0.0,0.0,0.0,0.0,0.0,0.0,0.0,0.0,0.0,0.0,0.0,0.0,-3.310486102699182,2.251480523353509,-1.4554710604160421,2.666634992621297,-34.934174,12.987281
Nottingham,E06000018,323635,213430,185580,2360,269,25221,19063,10129,2129,3363,3442,48217,11515,21684,2223,4263,8532,32215,18740,9339,4136,10710,3673,7037,128866,10297,24432,14343,10112,10634,14291,12113,11229,21415,153956,108292,41863,14787,4734,,142,58,9202,1301,601,8346,22866,8055,8392,4870,2289,1703,5833,6591,6393,13733,23419,5069,2021,0.6594774977984458,0.1489857401084555,0.09954114975203547,0.05890277627574274,0.0330928360653205,0.47570874596381724,0.33461152223956,0.12935251131676118,0.04569036105489208,0.014627589722990405,0.8695122522606944,0.011057489575036312,0.0012603663964765965,0.11816989176779272,0.046104071178215154,0.08841280046456644,0.23881618516290934,0.44971690482609866,0.17695003836821038,0.5817165916498526,0.28989601117491853,0.12838739717522893,0.1764150448512826,0.11168231652940251,0.531343440172061,0.18055919844725385,0.34295051353874884,0.6570494864612512,0.07990470721524684,0.18959228966523364,0.11130166219173405,0.07846910744494281,0.08251982679682772,0.11089814225629724,0.09399686496050161,0.08713702605807583,0.16618037341114025,0.0,0.0,0.0,0.0,0.0,0.0,0.0,0.0,0.0,0.0,0.0,0.0,0.0,0.0,0.0,0.0,0.0,0.0,-3.0727761679374614,1.413279248945498,-5.390695757557223,-1.637003492077014,-21.77247,17.955967
Nuneaton and Bedworth,E07000219,134198,116939,109807,697,95,6340,2449,1066,270,694,419,10782,7154,940,121,357,2210,2446,1622,492,332,1582,169,1413,63114,6264,9985,7477,6311,6608,6224,4976,6108,9161,59458,47478,19379,6075,1807,,175,42,7381,575,598,4811,11719,5652,2598,1923,1482,543,2273,2996,3249,5505,9398,2190,2021,0.8713915259541871,0.08034396935870877,0.018226799207141688,0.018249154234787405,0.01178855124517504,0.4430617445863575,0.3537906675211255,0.1444060269154533,0.04526893098257798,0.013465178318603855,0.9390109373262984,0.005960372501902701,0.0008123893653956336,0.05421630080640334,0.011222407716564645,0.03311074012242626,0.6635132628454832,0.08718234093860137,0.20497124837692451,0.6631234668847097,0.20114472608340148,0.1357318070318888,0.2833809718252348,0.11024908125765619,0.43527970600245,0.17109024091465905,0.106826801517067,0.893173198482933,0.09924897803973762,0.15820578635484994,0.11846816871058719,0.09999366226193872,0.10469943277244352,0.09861520423360902,0.07884146148239693,0.0967772601958361,0.14515004594860095,0.0,0.0,0.0,0.0,0.0,0.0,0.0,0.0,0.0,0.0,0.0,0.0,0.0,0.0,0.0,0.0,0.0,0.0,-2.258436588003031,3.595233433200562,-1.3766209748865588,-2.6188159257496073,-28.16639,12.73006
Oadby and Wigston,E07000135,57747,36592,34512,360,10,1710,1873,541,194,730,408,16131,12189,2282,315,325,1020,1254,725,394,135,1897,382,1515,25989,2997,5815,3255,2784,2437,2439,2093,1793,2376,26568,20744,7661,2170,604,,38,17,2387,303,108,1954,4485,1115,897,769,945,368,1376,1102,1463,3321,4436,908,2021,0.6336606230626699,0.2793391864512442,0.021715413787729232,0.032434585346424925,0.0328501913519317,0.460075848096005,0.35922212409302645,0.13266490034114325,0.03757770966457132,0.010459417805253952,0.9431569742020114,0.009838216003498032,0.0002732837778749453,0.046731526016615656,0.01952761763064906,0.020147541999876017,0.7556258136507346,0.14146674105759097,0.06323228566114934,0.5781499202551834,0.3141945773524721,0.1076555023923445,0.3897490656700481,0.10357714895888948,0.2888414308595836,0.21783235451147892,0.20137058513442277,0.7986294148655773,0.11531801916195314,0.22374850898457038,0.12524529608680596,0.10712224402631883,0.09377044134056717,0.09384739697564354,0.08053407210743006,0.0689907268459733,0.09142329447073762,0.0,0.0,0.0,0.0,0.0,0.0,0.0,0.0,0.0,0.0,0.0,0.0,0.0,0.0,0.0,0.0,0.0,0.0,-3.698753070522732,0.7217635345875423,-1.1705649672936242,-2.8772323353903126,-23.937412,8.087938
Oldham,E08000004,242087,164897,157914,1279,177,5527,6125,2353,1043,1829,900,59565,1676,32802,21754,819,2514,8209,6065,876,1268,3291,521,2770,98207,9616,14988,11314,9555,11144,10613,8596,9362,13019,113590,79548,33754,11724,3472,,157,44,8153,484,607,8323,18026,6379,5443,2778,2652,1584,4460,5023,5510,9870,15212,3500,2021,0.6811476865754873,0.24604790839656818,0.03390929707088774,0.02530082160545589,0.01359428635160087,0.46921148182265054,0.3285926133993151,0.13942921346458093,0.04842887061263099,0.014341951447206996,0.9576523526807643,0.007756356998611254,0.0010733973328805255,0.033517892987743866,0.3652144715856627,0.013749685217829263,0.0281373289683539,0.5506925207756233,0.04220599345253085,0.7388232427823122,0.10671214520648069,0.1544646120112072,0.2986122448979592,0.1702857142857143,0.38416326530612244,0.1469387755102041,0.15831054390762686,0.8416894560923731,0.09791562719561742,0.15261641227203762,0.11520563707271375,0.09729449020945553,0.11347459957029539,0.10806765301862392,0.08752940218110725,0.09532925351553352,0.13256692496461556,0.0,0.0,0.0,0.0,0.0,0.0,0.0,0.0,0.0,0.0,0.0,0.0,0.0,0.0,0.0,0.0,0.0,0.0,-2.7395095286206885,3.052990756195263,-4.049754804302751,0.06865179986230058,-30.578663,17.627981
Oxford,E07000178,162040,114561,86672,2351,62,25476,9005,1916,1072,3197,2820,24991,6005,6619,2025,4479,5863,7535,5060,1629,846,5948,1449,4499,73329,6732,26873,8620,4723,4607,5985,4221,3724,7844,88767,52154,15703,4221,1194,,121,31,4112,274,218,3029,6823,2239,3913,4425,837,684,6886,3068,2418,17124,13955,3175,2021,0.7069921007158726,0.15422735127129103,0.04650086398420143,0.055572698099234756,0.036706985929400145,0.5478091829177981,0.32185880029622316,0.09690817082201926,0.02604912367316712,0.007368550975067885,0.7565576417803616,0.020521818070722148,0.0005411963931879086,0.22237934375572838,0.08102917050138049,0.1792245208274979,0.2402865031411308,0.2648553479252531,0.2346044576047377,0.6715328467153284,0.2161911081619111,0.11227604512276045,0.3550249861188229,0.11904497501388117,0.2127706829539145,0.31315935591338145,0.24361129791526565,0.7563887020847344,0.09180542486601481,0.36647165514325847,0.11755240082368504,0.06440835140258289,0.0628264397441667,0.08161845927259338,0.05756249232909218,0.05078481910294699,0.10696995731565956,0.0,0.0,0.0,0.0,0.0,0.0,0.0,0.0,0.0,0.0,0.0,0.0,0.0,0.0,0.0,0.0,0.0,0.0,-6.478055562624472,-2.912554529249363,-0.9105667016598836,0.6210075050710339,-15.636895,4.7102666
Pembrokeshire,W06000009,123359,120375,116816,701,574,2284,1162,282,163,400,317,1159,243,77,146,221,472,244,147,55,42,419,93,326,52768,6112,7598,5388,4142,9059,6845,4140,3831,5653,55187,41206,18605,6375,1987,,2823,340,3093,428,382,5481,7742,1910,4558,827,524,554,2095,2388,4092,4238,8703,2592,2021,0.9758104394490876,0.009395342050438153,0.0019779667474606635,0.009419661313726603,0.0033965904392869594,0.4473690610332444,0.33403318768796764,0.1508199644938756,0.05167843448795791,0.01610745871805057,0.9704340602284528,0.005823468328141225,0.004768431983385254,0.01897403946002077,0.12597066436583262,0.1906816220880069,0.20966350301984468,0.06643658326143227,0.4072476272648835,0.6024590163934426,0.22540983606557377,0.1721311475409836,0.3442340791738382,0.14027538726333907,0.24268502581755594,0.2728055077452668,0.22195704057279236,0.7780429594272077,0.11582777440873257,0.14398878107944207,0.10210733778047301,0.07849454214675561,0.1716760157671316,0.12971876895087933,0.07845664038811401,0.07260081867798666,0.10712932080048514,0.0,0.0,0.0,0.0,0.0,0.0,0.0,0.0,0.0,0.0,0.0,0.0,0.0,0.0,0.0,0.0,0.0,0.0,-2.0455584807581553,4.630880635080088,0.6206687315236821,1.4682012699464702,-44.548023,7.3536944
Pendle,E07000122,95758,67577,63320,342,97,3818,1488,231,95,885,277,25573,242,24502,302,161,366,244,174,51,19,876,235,641,39623,4070,5701,4083,3159,5373,4135,3673,4558,4871,44752,32255,13182,4286,1285,,351,20,6547,88,192,3150,7539,1977,1768,1014,825,419,1575,1987,1583,3516,5631,1440,2021,0.7057060506693957,0.2670586269554502,0.0025480899768165585,0.0155391716618977,0.009148060736439775,0.46734476492825666,0.3368386975500741,0.13765951669834375,0.044758662461622,0.01341924434511999,0.9370051940749071,0.005060893499267503,0.0014353996182132974,0.056498512807612054,0.011809330152895632,0.0062957024987291286,0.009463105619207757,0.9581198920736714,0.014311969655496031,0.7131147540983607,0.20901639344262296,0.0778688524590164,0.594758064516129,0.06384408602150538,0.15524193548387097,0.18615591397849462,0.2682648401826484,0.7317351598173516,0.10271811826464428,0.14388107917118845,0.10304621053428564,0.07972642152285289,0.13560305882946774,0.10435857961285112,0.09269868510713475,0.11503419730964339,0.12293364964793176,0.0,0.0,0.0,0.0,0.0,0.0,0.0,0.0,0.0,0.0,0.0,0.0,0.0,0.0,0.0,0.0,0.0,0.0,-2.445416987340432,3.3191714251403313,-2.25468484801811,-0.08019615687028576,-29.455921,21.788084
Peterborough,E06000031,215670,162581,128353,1177,551,32500,7617,1990,1627,2021,1979,30801,7169,16972,442,990,5228,8751,6225,1419,1107,5920,897,5023,100968,9979,15830,11291,9118,8947,9135,8723,11152,16793,99550,77378,27730,8582,2433,,716,61,9869,291,850,7023,20193,7767,4398,4240,4022,1199,4237,6199,5364,7738,13390,3412,2021,0.7538415171326563,0.1428154124356656,0.04057587981638615,0.035317846710251774,0.027449343905040106,0.46158482867343625,0.35877961700746513,0.12857606528492604,0.03979227523531321,0.011281123939351788,0.7894710944083257,0.007239468326557224,0.003389079904785922,0.19990035736033115,0.01435018343560274,0.03214181357748125,0.23275218337066977,0.5510210707444564,0.16973474887178988,0.7113472745971889,0.16215289681179293,0.12649982859101816,0.2653275567808849,0.2136011553104897,0.26125771301037154,0.2598135748982539,0.15152027027027026,0.8484797297297297,0.09883329371682117,0.15678234688218048,0.11182750970604548,0.09030583947389272,0.08861223357895572,0.09047420965058237,0.08639370889786863,0.11045083590840662,0.1663200221852468,0.0,0.0,0.0,0.0,0.0,0.0,0.0,0.0,0.0,0.0,0.0,0.0,0.0,0.0,0.0,0.0,0.0,0.0,-3.8876137600056953,1.7958281636678766,-3.8926129926579773,-0.25357734305559304,-24.158514,15.306186
Plymouth,E06000026,264695,248727,236802,1055,165,10705,4656,1108,860,1349,1339,5947,1403,389,537,1430,2188,2786,2022,460,304,2579,677,1902,121018,10874,20138,15675,11406,15496,13823,11112,9029,13465,121117,89371,37196,13109,3902,,277,175,9938,710,689,11249,17662,5801,6349,3174,1482,1774,4742,5799,12535,11866,21941,4859,2021,0.9396739643740909,0.022467368102910897,0.010525321596554525,0.017590056480099737,0.009743289446343905,0.45757192240125427,0.33763765843706905,0.14052399931997203,0.04952492491357978,0.014741494928124823,0.9520558684823119,0.004241598218126701,0.0006633779203705267,0.04303915537919084,0.09029762905666723,0.2404573734656129,0.23591726921136708,0.06541113166302337,0.3679165966033294,0.7257717157214645,0.16511127063890882,0.10911701363962671,0.28973367697594504,0.18470790378006874,0.23797250859106528,0.28758591065292094,0.2625048468398604,0.7374951531601396,0.08985440182452197,0.16640499760366226,0.12952618618717876,0.09425044208299592,0.12804706737840651,0.11422267761820555,0.09182105141383927,0.07460873589052869,0.11126444000066106,0.0,0.0,0.0,0.0,0.0,0.0,0.0,0.0,0.0,0.0,0.0,0.0,0.0,0.0,0.0,0.0,0.0,0.0,-2.4017316930056793,3.5162595577224414,-0.2364340368192997,2.4649898103855645,-40.313217,12.697531
Portsmouth,E06000044,208001,177277,161664,1066,118,14429,5487,1176,1244,1540,1527,14370,3104,603,4742,2116,3805,7070,5369,950,751,3797,1007,2790,97787,9806,18084,12207,8982,10663,10674,8481,7288,11602,98505,72447,26740,8000,2311,,124,41,6655,989,600,9530,13927,4994,6213,3641,1892,1159,3975,5314,8644,9934,16069,4082,2021,0.8522891716866746,0.06908620631631579,0.033990221200859615,0.02637968086691891,0.018254719929231108,0.47357945394493295,0.3483012100903361,0.12855707424483537,0.03846135355118485,0.011110523507098524,0.9119287894086655,0.00601318840007446,0.0006656249823722198,0.08139239720888779,0.32999304105775923,0.14725121781489214,0.21600556715379263,0.04196242171189979,0.26478775226165624,0.7594059405940594,0.13437057991513437,0.10622347949080622,0.28066338618552944,0.22671769637324585,0.21432476763258612,0.2782941498086386,0.2652093758230182,0.7347906241769818,0.10027917821387301,0.18493255749741785,0.1248325442032172,0.09185270025668034,0.10904312434168141,0.10915561373188665,0.08672931984824159,0.07452933416507307,0.11864562774192888,0.0,0.0,0.0,0.0,0.0,0.0,0.0,0.0,0.0,0.0,0.0,0.0,0.0,0.0,0.0,0.0,0.0,0.0,-3.4542608339947782,2.036155161344421,-1.230145874304794,2.522791256799249,-33.441696,13.138248
Powys,W06000023,133169,130160,126357,581,105,3117,1135,295,147,373,320,1247,176,50,79,160,782,221,74,96,51,406,100,306,61726,7396,9056,6334,5038,12196,6553,4217,4610,6326,59313,45946,20078,6040,1792,,5824,134,5122,307,523,6275,8600,2056,3076,1347,788,595,2835,2525,4607,5193,9116,2805,2021,0.9774046512326442,0.00936404118075528,0.0016595453896927964,0.008523004603173411,0.0030487575937342775,0.44539645112601284,0.34502023744264804,0.1507708250418641,0.045355901148165116,0.013456585241309915,0.9707821143208359,0.004463736939151813,0.000806699446834665,0.023947449293177627,0.06335204490777867,0.12830793905372895,0.14113873295910184,0.040096230954290296,0.6271050521251003,0.334841628959276,0.4343891402714932,0.23076923076923078,0.32863436123348017,0.12951541850220263,0.2599118942731278,0.28193832599118945,0.24630541871921183,0.7536945812807881,0.11981984901014159,0.14671289246022745,0.10261478145352039,0.08161876680815215,0.19758286621520915,0.1061627191135016,0.06831805074036873,0.07468489777403363,0.10248517642484528,0.0,0.0,0.0,0.0,0.0,0.0,0.0,0.0,0.0,0.0,0.0,0.0,0.0,0.0,0.0,0.0,0.0,0.0,-1.793766906786138,4.265579873753065,1.82616321499433,-0.40747342360400957,-39.647156,-0.7176039
Preston,E07000123,147834,107321,97715,923,114,8569,4367,1759,506,1321,781,29815,19047,7554,758,707,1749,3489,2355,827,307,2842,1157,1685,66634,6171,12745,7639,6669,6043,7165,6057,5574,8571,71585,48918,19091,6379,1862,,482,30,6028,363,444,4736,10995,3161,3023,1860,1416,881,2956,3564,5676,6138,12698,2185,2021,0.7259561399948591,0.20167891012892838,0.023600795486829824,0.02953988933533558,0.019224265054047108,0.4842255502793674,0.33089816956857016,0.12913808731414966,0.04314974904284535,0.01259520813885845,0.9104928206036097,0.008600367122930275,0.001062233859170153,0.07984457841428984,0.025423444574878416,0.023712896193191346,0.6388395103136005,0.2533624014757672,0.058661747442562466,0.6749785038693035,0.23703066781312698,0.0879908283175695,0.3024959926723151,0.11586901763224182,0.4027936798717655,0.17884130982367757,0.4071076706544687,0.5928923293455313,0.09261037908575202,0.19126872167362008,0.11464117417534592,0.10008404118017829,0.09068943782453402,0.10752768856739803,0.09089954077497973,0.08365098898460245,0.12862802773358945,0.0,0.0,0.0,0.0,0.0,0.0,0.0,0.0,0.0,0.0,0.0,0.0,0.0,0.0,0.0,0.0,0.0,0.0,-2.7547017608177082,1.5854979066771564,-2.911728164859802,-1.3856515822821545,-22.726826,16.383554
Reading,E06000038,174223,116886,93167,2040,107,21572,8962,3555,1249,2117,2041,30841,10777,8279,1132,2694,7959,12532,7665,3293,1574,5002,1282,3720,88868,9390,22757,11993,7062,6953,8079,6736,5095,10803,89196,60019,18627,5018,1364,,211,153,4028,666,1424,5700,12880,4367,4717,10697,2834,932,7004,5455,3852,8596,12127,3222,2021,0.6708987906303989,0.1770202556493689,0.0719308013293308,0.05143982137834844,0.028710331012552878,0.5119645511786618,0.3444952732991626,0.10691470127365503,0.028802167337263162,0.007829046681551804,0.7970757832417912,0.0174529028283969,0.0009154218640384648,0.1845558920657735,0.03670438701728219,0.08735125320190655,0.3494374371777828,0.26844136052657175,0.25806556207645664,0.6116342164060007,0.26276731567188,0.12559846792211937,0.23621959384066057,0.1393662128989065,0.39667484936398123,0.22773934389645167,0.256297481007597,0.743702518992403,0.10566233064770221,0.25607642796057073,0.13495296394652742,0.0794661745510195,0.07823963631453391,0.09091011387676104,0.07579781248593419,0.05733222307242202,0.12156231714452896,0.0,0.0,0.0,0.0,0.0,0.0,0.0,0.0,0.0,0.0,0.0,0.0,0.0,0.0,0.0,0.0,0.0,0.0,-5.0268926687430895,-1.289603394483163,-2.2981660562714854,-1.5127604253237437,-17.109804,9.819544
Redbridge,E09000026,310261,107974,71844,3092,185,32853,12736,3154,1717,3577,4288,146833,51183,44000,31895,2918,16837,26096,14573,8452,3071,16622,2263,14359,141627,18627,34456,17250,14551,12846,9843,10747,9229,14078,159202,105549,33011,9467,3029,,73,72,4050,342,317,15238,19334,8494,6955,9390,9157,3483,11397,8396,7397,14332,17900,5299,2021,0.34801022365041046,0.4732563873641869,0.0841098301107777,0.041049310096982865,0.05357424877764205,0.5131228223979166,0.34019422357305623,0.10639751692929501,0.030513019683427824,0.009762748137858126,0.6653824068757294,0.028636523607535148,0.001713375442236094,0.30426769407449944,0.21721956235995996,0.019872916851116574,0.3485796789550033,0.299660158138838,0.11466768369508216,0.5584380748007357,0.32388105456774985,0.1176808706315144,0.2808574120603015,0.1348146984924623,0.24764447236180903,0.33668341708542715,0.1361448682469017,0.8638551317530982,0.1315215319112881,0.2432869438736964,0.12179880954902667,0.10274170885494997,0.09070304391111864,0.06949945984875765,0.07588242354918201,0.06516412830886766,0.09940195019311289,0.0,0.0,0.0,0.0,0.0,0.0,0.0,0.0,0.0,0.0,0.0,0.0,0.0,0.0,0.0,0.0,0.0,0.0,-6.534124281974877,-3.514804396738063,-4.491045215070943,-1.7444183945945604,-14.512871,11.604546
Redcar and Cleveland,E06000003,136530,133388,131789,350,87,1162,1185,270,215,460,240,1160,175,283,158,208,336,265,182,48,35,532,321,211,55623,4801,8411,6605,4983,6800,7430,4760,5345,6488,58085,46416,21633,7916,2481,,283,1052,4610,537,467,5387,8317,2676,2815,1109,854,919,2557,2547,3698,5188,10322,2282,2021,0.9769867428404013,0.008496301179228009,0.001940965355599502,0.00867941111843551,0.003896579506335604,0.4254376327547059,0.33996923753021313,0.15844869259503405,0.057979931150662856,0.01817183036695232,0.9880124149098869,0.0026239241910816567,0.0006522325846402975,0.0087114283143911,0.13620689655172413,0.1793103448275862,0.15086206896551724,0.2439655172413793,0.2896551724137931,0.6867924528301886,0.1811320754716981,0.1320754716981132,0.3881856540084388,0.18143459915611815,0.22784810126582278,0.20253164556962025,0.6033834586466166,0.3966165413533835,0.08631321575607213,0.15121442568721571,0.11874584254714776,0.08958524351437355,0.12225158657389928,0.13357783650648114,0.0855761106017295,0.09609334268198406,0.11664239613109685,0.0,0.0,0.0,0.0,0.0,0.0,0.0,0.0,0.0,0.0,0.0,0.0,0.0,0.0,0.0,0.0,0.0,0.0,-0.9119754180384974,4.924632015424822,-1.0674537355303009,3.4165752640146385,-41.964634,15.935541
Redditch,E07000236,87034,78173,71742,539,53,5839,2283,1330,120,498,335,4995,1042,3148,226,236,343,1054,335,550,169,529,64,465,42692,4719,6675,5027,4125,5060,3832,3569,4678,5007,40480,30616,11431,3547,964,,207,14,7105,210,284,3791,7651,1982,1753,1599,1022,443,1796,2552,1889,3200,5754,1434,2021,0.8981892134108509,0.057391364294413674,0.012110209803065469,0.02623112806489418,0.0060780844267757424,0.46510559091849163,0.3517705724199738,0.13133947652641498,0.04075418801847554,0.011076131167130087,0.9177337443874484,0.006894963734281658,0.0006779834469701815,0.07469330843129982,0.045245245245245244,0.04724724724724725,0.2086086086086086,0.6302302302302303,0.06866866866866866,0.3178368121442125,0.5218216318785579,0.1603415559772296,0.21813403416557162,0.052562417871222074,0.5825667980727114,0.14673674989049496,0.12098298676748583,0.8790170132325141,0.11053593179049939,0.15635247821605922,0.11775039820106811,0.09662231799868828,0.11852337674505763,0.08975920547175115,0.0835988007120772,0.10957556450857303,0.11728192635622599,0.0,0.0,0.0,0.0,0.0,0.0,0.0,0.0,0.0,0.0,0.0,0.0,0.0,0.0,0.0,0.0,0.0,0.0,-1.9261773647979294,3.023158995363098,-1.7389824806289795,-5.383477413553116,-25.269123,19.169193
Reigate and Banstead,E07000211,150846,127334,115949,1724,278,9383,5541,1268,745,1895,1633,11383,4637,2029,887,950,2880,4415,2878,1000,537,2173,457,1716,75125,13005,18485,11393,7387,6461,6726,4104,2957,4607,81155,49031,15541,3979,1140,,159,167,3093,524,486,7055,8434,3504,2778,4702,6078,1427,6225,4282,4018,7249,11472,3472,2021,0.8441324264481657,0.07546106625299975,0.029268260344987602,0.03673282685652918,0.014405420097317795,0.5379990188669239,0.32504010712912507,0.10302560226986462,0.02637789533696618,0.007557376397120241,0.9105894733535427,0.013539196129863195,0.0021832346427505616,0.07368809587384359,0.07792321883510499,0.08345778792936835,0.40736185539840114,0.1782482649565141,0.2530088728806114,0.6518686296715742,0.22650056625141562,0.1216308040770102,0.34199602959754555,0.1344522649341274,0.22883955964627323,0.2947121458220538,0.21030832949838932,0.7896916705016107,0.17311148086522463,0.24605657237936773,0.1516539101497504,0.09832945091514143,0.08600332778702163,0.08953078202995009,0.054628951747088185,0.039361064891846924,0.06132445923460898,0.0,0.0,0.0,0.0,0.0,0.0,0.0,0.0,0.0,0.0,0.0,0.0,0.0,0.0,0.0,0.0,0.0,0.0,-5.482446183765674,-1.4672887409433046,2.140019481964931,-0.3930155974268553,-20.120564,-0.5352899
Rhondda Cynon Taf,W06000016,237653,229923,226123,516,69,3215,2469,635,524,709,601,3506,958,405,247,894,1002,997,749,116,132,758,198,560,103389,9238,16862,11948,9827,13018,12900,8980,9330,11286,105823,75427,36863,14925,4613,,291,207,10051,825,1095,11728,14265,4282,4331,2538,2890,1221,3464,4293,9811,9859,18339,3904,2021,0.9674735854375918,0.014752601481992653,0.004195192149899223,0.010389096708225859,0.0031895242222904825,0.4452836698884508,0.31738290701148314,0.15511270634075733,0.06280164778058767,0.019410653347527698,0.9834727278262723,0.002244229589906186,0.00030010046841768764,0.013982942115403853,0.07045065601825443,0.2549914432401597,0.2732458642327439,0.11551625784369653,0.28579577866514544,0.7512537612838516,0.11634904714142427,0.13239719157472418,0.2871607938436614,0.2122316727420008,0.25718914540299714,0.24341838801134064,0.2612137203166227,0.7387862796833773,0.08935186528547524,0.1630927854994245,0.11556355124819855,0.09504879629360957,0.1259128147094952,0.12477149406609987,0.08685643540415325,0.09024170849896991,0.10916054899457389,0.0,0.0,0.0,0.0,0.0,0.0,0.0,0.0,0.0,0.0,0.0,0.0,0.0,0.0,0.0,0.0,0.0,0.0,-1.7032283155482164,4.93654129226718,-0.8746215436634258,2.9695108682660964,-41.500755,12.145378
Ribble Valley,E07000124,61565,59256,57916,340,7,993,736,125,123,323,165,1265,385,581,24,139,136,125,76,35,14,183,51,132,30385,5125,6818,3989,2681,3772,2522,1645,1662,2171,32360,19764,7117,1855,465,,860,42,3289,122,186,2763,4455,794,1433,897,621,497,2079,1166,1814,3506,4503,1356,2021,0.9624949240639974,0.020547388938520265,0.0020303744010395515,0.01195484447332088,0.0029724681231219035,0.5256233249411192,0.3210265572971656,0.11560139689758792,0.030130756111426946,0.007552992771867132,0.9773862562440935,0.005737815579856892,0.00011813149723234778,0.016757796678817334,0.018972332015810278,0.10988142292490119,0.30434782608695654,0.4592885375494071,0.1075098814229249,0.608,0.28,0.112,0.4388586956521739,0.1671195652173913,0.16983695652173914,0.22418478260869565,0.2786885245901639,0.7213114754098361,0.16866875102846798,0.22438703307553068,0.13128188250781636,0.08823432614777028,0.12414020075695244,0.08300148099391147,0.05413855520816192,0.05469804179693928,0.07144972848444957,0.0,0.0,0.0,0.0,0.0,0.0,0.0,0.0,0.0,0.0,0.0,0.0,0.0,0.0,0.0,0.0,0.0,0.0,-3.9943889144734954,0.7805728349406768,2.972420567763248,-0.09628657239644618,-24.781326,-4.851895
Richmond upon Thames,E09000027,195277,157111,123093,4866,85,29067,10662,1654,1205,4238,3565,17467,7236,1749,916,2777,4789,3687,2260,936,491,6350,1721,4629,97566,23031,30417,17549,6935,4478,5468,3749,2187,3752,115959,57054,16331,4574,1360,,89,393,3660,622,250,4871,9182,3101,3401,11167,7219,2419,14066,4377,4230,11563,10026,6929,2021,0.8045545558360687,0.08944729794087374,0.018880871787256052,0.054599363980397074,0.03251791045540437,0.5938180123619269,0.292169584743723,0.0836299205743636,0.02342313738945191,0.006964465861314953,0.7834779232517137,0.030971733360490354,0.0005410187701688615,0.18500932461762704,0.05244174729489895,0.1589855155435965,0.41426690330337207,0.10013167687639549,0.27417415698173697,0.6129644697586113,0.25386493083807976,0.13317059940330891,0.3974864003001313,0.11301819546051398,0.1551303695366723,0.3343650347026824,0.2710236220472441,0.7289763779527559,0.23605559313695346,0.3117581944529857,0.17986798679867988,0.07108008937539717,0.04589713629748068,0.056044113728143004,0.038425271098538424,0.022415595596826765,0.03845601951499498,0.0,0.0,0.0,0.0,0.0,0.0,0.0,0.0,0.0,0.0,0.0,0.0,0.0,0.0,0.0,0.0,0.0,0.0,-8.060428620511011,-5.517456972252682,3.288327094429329,0.24908199778018716,-15.233312,1.0745996
Rochdale,E08000005,223771,165485,156669,1735,194,6887,5284,1303,1210,1736,1035,41406,1190,30525,5170,867,3654,7927,6476,440,1011,3669,815,2854,94459,9745,15229,10969,9242,10016,10293,7893,8665,12407,104957,73713,30753,11214,3136,,177,59,8089,350,666,8268,18286,6181,3935,2812,2461,1485,4039,4665,5081,9265,15278,3365,2021,0.7395283571150864,0.18503738196638528,0.03542460819319751,0.02361342622591846,0.016396226499412345,0.46903754284514076,0.32941265847674633,0.13743067689736382,0.05011373234243937,0.014014327146949336,0.9467262893917878,0.010484333927546304,0.0011723116898812581,0.041617064990784665,0.1248611312370188,0.020938994348645126,0.028739796164807034,0.7372119982611216,0.08824807998840747,0.8169547117446702,0.05550649678314621,0.12753879147218367,0.3285389856169568,0.22899318697956095,0.24659348978046935,0.19587433762301287,0.2221313709457618,0.7778686290542383,0.10316645317015848,0.1612233879249198,0.11612445611323431,0.09784139150319186,0.10603542277601923,0.10896791200414994,0.08356006309615813,0.09173292116156216,0.1313479922506061,0.0,0.0,0.0,0.0,0.0,0.0,0.0,0.0,0.0,0.0,0.0,0.0,0.0,0.0,0.0,0.0,0.0,0.0,-3.0922757936823175,2.874559681157325,-3.451845424139209,1.5448402575922866,-30.661736,18.758387
Rochford,E07000075,85662,82116,80339,462,104,1211,1432,431,198,493,310,1185,439,97,77,266,306,633,402,140,91,296,36,260,40658,5903,7360,6021,5392,4730,3317,2677,2329,2929,41866,29571,10588,2837,799,,192,28,2568,161,297,5010,5362,1922,1271,1426,4133,661,2769,2019,2532,3624,4853,1832,2021,0.9586047488968271,0.013833438397422428,0.007389507599635778,0.01671686395367841,0.0034554411524363193,0.48873479489155053,0.3452055754009946,0.12360206392566132,0.033118535640073776,0.009327356354042632,0.9783598811437478,0.005626187344731842,0.001266501047298943,0.014747430464221346,0.06497890295358649,0.22447257383966246,0.37046413502109704,0.08185654008438818,0.2582278481012658,0.6350710900473934,0.2211690363349131,0.14375987361769352,0.3442737430167598,0.138268156424581,0.3009776536312849,0.2164804469273743,0.12162162162162163,0.8783783783783784,0.14518667912833882,0.18102218505583156,0.1480889369865709,0.1326184268778592,0.11633626838506567,0.0815829603030154,0.06584190073294309,0.057282699591716266,0.07203994293865906,0.0,0.0,0.0,0.0,0.0,0.0,0.0,0.0,0.0,0.0,0.0,0.0,0.0,0.0,0.0,0.0,0.0,0.0,-3.2068535016949333,1.559719111001807,2.764194326797876,-0.9401463206642785,-28.650274,0.48189327
Rossendale,E07000125,70868,65510,64073,509,28,900,1043,265,153,425,200,3876,226,1632,1587,209,222,172,89,58,25,267,77,190,33116,4316,6256,4366,2762,3993,3508,2598,2448,2869,33310,23556,9673,3430,904,,164,48,3447,121,233,3173,5450,1301,1217,1156,618,495,1664,1528,1947,3667,5540,1339,2021,0.9243946492069763,0.0546932324885703,0.0024270474685330473,0.01471750296325563,0.003767567872664672,0.4700287859118361,0.3323926172602585,0.13649319862279166,0.04839984195969972,0.012756109950894622,0.9780644176461609,0.0077698061364677145,0.0004274156617310334,0.01373836055564036,0.40944272445820434,0.05392156862745098,0.058307533539731685,0.42105263157894735,0.05727554179566564,0.5174418604651163,0.3372093023255814,0.14534883720930233,0.4074784276126558,0.14669223394055608,0.25407478427612656,0.19175455417066156,0.2883895131086142,0.7116104868913857,0.13032974996980312,0.188911704312115,0.13183959415388333,0.08340379272859041,0.120576156540645,0.10593066795506703,0.07845150380480734,0.07392197125256673,0.08663485928252204,0.0,0.0,0.0,0.0,0.0,0.0,0.0,0.0,0.0,0.0,0.0,0.0,0.0,0.0,0.0,0.0,0.0,0.0,-2.6709095637497065,2.676598186426382,-0.17575756458054861,0.3947301887249394,-31.169233,15.909822
Rother,E07000064,93114,88993,85362,782,168,2681,1702,421,265,568,448,1390,427,27,118,265,553,561,344,163,54,468,126,342,37934,5866,6478,4725,3745,5289,4322,2671,1827,3011,39362,33607,14561,4365,1215,,705,25,1717,157,211,4306,5274,1236,1968,1164,1895,671,2403,2175,2094,3522,6392,2018,2021,0.9557424232661039,0.01492793779667934,0.006024872736645402,0.01827866915823614,0.005026097042335202,0.42272912773589366,0.3609231694482033,0.15637820306291214,0.046878020491011016,0.013048521167601005,0.9591990381265942,0.00878720798265032,0.0018877889272189948,0.030125964963536457,0.08489208633093526,0.1906474820143885,0.30719424460431655,0.019424460431654675,0.39784172661870504,0.6131907308377896,0.2905525846702317,0.0962566844919786,0.3337250293772033,0.15569917743830788,0.24735605170387778,0.26321974148061106,0.2692307692307692,0.7307692307692307,0.15463700110718617,0.17077028523224547,0.12455844361259029,0.09872409975220119,0.1394263721199979,0.11393472873938947,0.07041176780724416,0.048162598196868245,0.07937470343227711,0.0,0.0,0.0,0.0,0.0,0.0,0.0,0.0,0.0,0.0,0.0,0.0,0.0,0.0,0.0,0.0,0.0,0.0,-2.493937631356216,3.211475187878584,1.6513525566699547,0.7745985793453511,-36.740395,3.773932
Rotherham,E08000018,265806,241954,234613,655,227,6459,3854,1183,583,1300,788,14176,1312,10001,123,756,1984,3016,2260,336,420,2806,778,2028,117801,11944,17917,13092,11147,14872,12344,11216,11374,13895,117359,90450,39277,14400,4321,,338,146,12672,681,1266,12912,20010,7011,4894,3694,2819,1001,4313,5654,6856,11147,18268,4122,2021,0.9102653815188521,0.05333212944779275,0.01134662121998751,0.014499296479387223,0.010556571333980422,0.4415212598662182,0.3402857723301957,0.14776566367952568,0.054174849326200314,0.016256216940174414,0.9696595220579118,0.0027071261479454773,0.0009381948634864479,0.02669515693065624,0.008676636568848758,0.053329571106094806,0.09255079006772009,0.7054881489841986,0.1399548532731377,0.7493368700265252,0.11140583554376658,0.13925729442970822,0.33731188375713544,0.15127140633108457,0.30695381421899326,0.20446289569278672,0.27726300784034213,0.7227369921596579,0.10139132944542066,0.15209548306041545,0.11113657778796444,0.09462568229471736,0.126246806054278,0.10478688635919899,0.09521141586234412,0.09655266084328656,0.11795315829237443,0.0,0.0,0.0,0.0,0.0,0.0,0.0,0.0,0.0,0.0,0.0,0.0,0.0,0.0,0.0,0.0,0.0,0.0,-1.8413092706864564,4.418218324741942,-2.063859463663076,0.7525727164727669,-31.803808,19.0455
Rugby,E07000220,114363,98013,85684,1071,73,11185,3202,1170,408,987,637,8728,5322,963,299,787,1357,3110,1897,793,420,1310,149,1161,58106,7546,11798,7302,5262,4954,4137,3762,4483,8862,55844,39851,13777,3887,1004,,556,57,5790,608,370,4174,11199,5558,2157,2400,1443,619,3201,2430,2830,5755,6839,2119,2021,0.8570341806353453,0.07631838968897284,0.027194109983123913,0.027998565969762947,0.011454753722794959,0.48830478388989446,0.3484606035168717,0.12046728399919554,0.033988265435499244,0.008779063158539038,0.8742105639047881,0.010927121912399376,0.0007447991592951955,0.11411751502351729,0.03425756186984418,0.09016956920256645,0.6097616865261228,0.1103345554537122,0.15547662694775435,0.609967845659164,0.254983922829582,0.13504823151125403,0.30824484697064336,0.127420362273579,0.3653966271080575,0.19893816364772018,0.11374045801526718,0.8862595419847328,0.12986610677038515,0.20304271503803395,0.12566688465907136,0.09055863422021822,0.08525797680101883,0.07119746669879186,0.06474374419164974,0.07715210133204832,0.15251437028878256,0.0,0.0,0.0,0.0,0.0,0.0,0.0,0.0,0.0,0.0,0.0,0.0,0.0,0.0,0.0,0.0,0.0,0.0,-3.889698975050695,0.952376979700848,-0.2598708806510869,-2.672280653412223,-24.489742,9.976639
Runnymede,E07000212,88079,73557,63965,1131,371,8090,3113,574,402,1192,945,8140,4030,837,406,961,1906,1591,1092,358,141,1678,461,1217,42457,7078,9235,6344,4175,4010,3716,2756,1872,3271,46128,29446,9344,2487,674,,113,135,2271,257,237,3607,5722,2882,1905,3417,1455,747,3020,2536,2014,4423,5219,2502,2021,0.8351252852552822,0.09241703470747852,0.018063329511007163,0.03534327138137354,0.019051079144858592,0.5237116679344679,0.33431351400447323,0.10608658136445691,0.028236015395270157,0.007652221301331759,0.8695977269328548,0.015375830988213223,0.005043707600908139,0.10998273447802384,0.049877149877149876,0.11805896805896805,0.4950859950859951,0.10282555282555282,0.23415233415233416,0.6863607793840352,0.2250157133878064,0.08862350722815839,0.38291037584323806,0.12913588178605848,0.18438805011243173,0.3035656922582718,0.27473182359952325,0.7252681764004768,0.1667098476105236,0.21751419082836754,0.1494217679063523,0.09833478578326306,0.09444850083614009,0.08752384765763008,0.06491273523800552,0.0440916692182679,0.07704265492144993,0.0,0.0,0.0,0.0,0.0,0.0,0.0,0.0,0.0,0.0,0.0,0.0,0.0,0.0,0.0,0.0,0.0,0.0,-5.263826020169117,-1.3152108006537713,1.6918842994369703,0.029042560183443866,-18.386425,-3.3891082
Rushcliffe,E07000176,119077,106827,102479,893,45,3410,3303,1075,291,1226,711,6775,3471,1498,129,900,777,1095,574,398,123,1077,369,708,56978,9946,17011,8403,4947,4264,3644,3103,1975,3685,63235,38139,13096,3629,978,,554,55,3911,546,270,4173,7725,1784,1889,3061,1650,975,5242,2215,3817,8201,8356,2555,2021,0.8971253894538828,0.05689595807754646,0.009195730493714152,0.02773835417418981,0.009044567800666795,0.5310429386027529,0.3202885527851726,0.10997925711934295,0.030476078503825256,0.008213172988906338,0.9592986791728683,0.008359309912288093,0.00042124182088797775,0.03192076909395565,0.01904059040590406,0.13284132841328414,0.5123247232472324,0.22110701107011071,0.11468634686346864,0.5242009132420091,0.3634703196347032,0.11232876712328767,0.37117771722676357,0.08810172570390554,0.32546170148349984,0.21525885558583105,0.3426183844011142,0.6573816155988857,0.1745586015655165,0.29855382779318335,0.14747797395485976,0.08682298430973358,0.0748359015760469,0.06395450875776615,0.05445961599213731,0.03466250131629752,0.06467408473445892,0.0,0.0,0.0,0.0,0.0,0.0,0.0,0.0,0.0,0.0,0.0,0.0,0.0,0.0,0.0,0.0,0.0,0.0,-4.667159829137785,-1.2512933618760045,2.828848100390487,-1.9241700114109486,-21.149763,4.45213
Rushmoor,E07000092,99759,77219,70917,658,190,5454,2578,707,412,829,630,14658,2105,1223,297,507,10526,2531,1448,652,431,2773,180,2593,53014,6008,9262,8137,5072,5452,5980,4017,3118,5968,49428,34814,11769,2965,780,,64,67,2819,210,427,4331,7589,2548,2598,3539,1716,606,2786,4052,5367,4076,8060,2164,2021,0.7740554736915968,0.1469341112080113,0.02537114445814413,0.025842279894545857,0.027796990747701963,0.495474092563077,0.3489810443168035,0.117974318106637,0.029721629126194127,0.007818843412624425,0.9183879615120631,0.008521218871003251,0.002460534324453826,0.07063028529247983,0.020261972984036022,0.034588620548505936,0.14360758630099604,0.0834356665302224,0.7181061536362396,0.5721058870011853,0.25760568945080997,0.17028842354800475,0.32156710628394103,0.15981380915438323,0.2742435996896819,0.2443754848719938,0.06491164803461955,0.9350883519653804,0.11332855472139435,0.1747085675481948,0.15348775795073,0.09567284113630362,0.10284075904478063,0.11280039234919079,0.07577243746934773,0.058814652733240276,0.11257403704681782,0.0,0.0,0.0,0.0,0.0,0.0,0.0,0.0,0.0,0.0,0.0,0.0,0.0,0.0,0.0,0.0,0.0,0.0,-4.175126401273971,1.040912917508926,0.5719395905559843,-0.470471653584167,-33.52412,-5.2702947
Rutland,E06000017,41050,38909,37372,265,86,1186,744,236,93,249,166,634,236,60,19,149,170,552,251,213,88,211,13,198,18783,3426,3567,3063,1583,1897,1577,1051,1021,1598,20666,14063,4869,1169,282,,433,18,1607,69,141,1407,2609,540,878,671,442,284,1329,871,2232,2458,1937,859,2021,0.9478440925700365,0.015444579780755177,0.013447015834348356,0.01812423873325213,0.005140073081607795,0.5034348355663825,0.34258221680876977,0.11861144945188794,0.028477466504263093,0.0068696711327649205,0.9604975712560077,0.0068107635765504125,0.0022102855380503224,0.030481379629391656,0.02996845425867508,0.23501577287066247,0.3722397476340694,0.0946372239747634,0.26813880126182965,0.45471014492753625,0.3858695652173913,0.15942028985507245,0.3346774193548387,0.125,0.3172043010752688,0.22311827956989247,0.061611374407582936,0.9383886255924171,0.18239897779907363,0.1899057658521003,0.16307299153489857,0.08427833679390939,0.10099558111057871,0.08395889900441889,0.05595485279241868,0.054357663844966195,0.08507693126763563,0.0,0.0,0.0,0.0,0.0,0.0,0.0,0.0,0.0,0.0,0.0,0.0,0.0,0.0,0.0,0.0,0.0,0.0,-4.1866839680016374,0.7507197149643845,3.452134095158406,-2.34771554481543,-26.933655,-1.9644163
Salford,E08000006,269922,222248,199614,2882,295,19457,8501,2596,2098,1844,1963,14938,3744,4074,803,3319,2998,16473,13477,1338,1658,7762,3214,4548,127607,13594,26141,18314,13174,10448,11882,11281,7786,14987,134447,86140,33249,12406,3681,,116,60,7109,782,992,9743,21810,6344,7030,6666,4866,2342,8898,7887,5852,11956,19611,5539,2021,0.823378605671268,0.05534191358985188,0.06102874163647276,0.0314942835337616,0.028756455568645756,0.49809574617852564,0.3191292299256822,0.12318002978638273,0.045961425893406245,0.013637272989974882,0.898158813577625,0.012967495770490623,0.0013273460278607682,0.08754634462402361,0.05375552282768778,0.22218503146338198,0.25063596197616816,0.2727272727272727,0.20069621100548934,0.8181266314575366,0.08122382079766892,0.10064954774479451,0.2169156569815316,0.24679449476532173,0.3053758381366898,0.23091401011645687,0.41406853903633084,0.5859314609636691,0.10653020602318054,0.20485553300367534,0.14351877248113348,0.10323885053327796,0.08187638609167208,0.09311401412148236,0.08840424114664557,0.06101546153424185,0.11744653506469081,0.0,0.0,0.0,0.0,0.0,0.0,0.0,0.0,0.0,0.0,0.0,0.0,0.0,0.0,0.0,0.0,0.0,0.0,-3.72092423891061,0.7147603794734191,-2.1551302134280745,2.684687950757572,-35.633015,16.920298
Sandwell,E08000028,341832,195624,177929,1591,324,15780,14680,8030,928,3274,2448,88024,44378,22148,11074,1204,9220,29779,12668,13103,4008,13725,2016,11709,141072,11162,19323,14486,13569,15431,14996,12778,17351,21976,153337,116762,49048,17472,5214,,164,45,16278,831,1188,12216,24550,11279,7138,3091,3614,1664,4952,7274,7023,12595,22321,4846,2021,0.5722811205504459,0.25750661143485687,0.08711589318729668,0.04294507243324206,0.04015130239415853,0.44857415338528867,0.3415771490088699,0.1434856888764071,0.051112827353787825,0.015253106789300006,0.909545863493232,0.008132948922422606,0.0016562384983437614,0.08066494908600172,0.12580659820049078,0.013678087794237934,0.5041579569208398,0.25161319640098156,0.10474416068344997,0.4254004499815306,0.4400080593706975,0.13459149064777193,0.22302452316076293,0.06321525885558583,0.5470027247956403,0.1667574931880109,0.14688524590163934,0.8531147540983607,0.0791227174776001,0.1369726097312011,0.10268515368039016,0.09618492684586594,0.10938386072360214,0.10630032891006011,0.09057786095043666,0.12299393217647726,0.15577860950436656,0.0,0.0,0.0,0.0,0.0,0.0,0.0,0.0,0.0,0.0,0.0,0.0,0.0,0.0,0.0,0.0,0.0,0.0,-2.3303935815358714,2.6228834287625875,-5.445245857203329,-4.476347410608751,-22.673729,19.243774
Sefton,E08000014,279233,267540,256327,2241,47,8925,4056,893,821,1225,1117,4294,1009,262,423,1216,1384,1509,1006,308,195,1834,523,1311,124597,14013,23148,15549,14788,12126,13734,10716,8653,11870,129449,90164,40057,14953,4610,,621,144,7240,513,816,10299,18935,6305,5867,3406,4877,1910,6546,5406,12101,12152,21836,5631,2021,0.9581245769661896,0.01537783857925102,0.005404089058241683,0.014525503790741065,0.006567991605576705,0.46358775646144973,0.3228987977781996,0.14345367488799676,0.05355026089323253,0.01650950997912138,0.9580885101293265,0.008376317559991029,0.00017567466547058384,0.033359497645211934,0.09850954820680019,0.2831858407079646,0.23497904052165813,0.061015370284117375,0.3223102002794597,0.6666666666666666,0.20410868124585818,0.12922465208747516,0.3020216962524655,0.20241617357001973,0.22016765285996054,0.27539447731755423,0.2851690294438386,0.7148309705561614,0.11246659229355442,0.1857829642768285,0.12479433694230198,0.11868664574588474,0.0973217653715579,0.1102273730507155,0.08600528102602792,0.06944790002969574,0.0952671412634333,0.0,0.0,0.0,0.0,0.0,0.0,0.0,0.0,0.0,0.0,0.0,0.0,0.0,0.0,0.0,0.0,0.0,0.0,-2.4250770633619165,3.0118714012466823,0.20383887300240092,2.6134068174942686,-42.26127,13.520121
Sevenoaks,E07000111,120515,111005,103116,1085,460,6344,3181,655,337,1347,842,3484,1326,252,236,765,905,1932,1332,370,230,913,158,755,56382,10668,12361,8215,5812,5892,4078,3208,2463,3685,63410,38931,13407,3660,1107,,400,81,2389,261,296,6115,7062,2019,2019,2971,5161,1303,5384,3381,2942,5518,6191,2893,2021,0.9210886611625109,0.0289092644069203,0.016031199435754886,0.02639505455752396,0.007575820437289964,0.5261585694726798,0.32303862589719123,0.11124756254408165,0.03036966352736174,0.009185578558685641,0.9289311292284131,0.009774334489437413,0.00414395747939282,0.05715057880275663,0.0677382319173364,0.2195752009184845,0.3805970149253731,0.07233065442020666,0.2597588978185993,0.6894409937888198,0.1915113871635611,0.11904761904761904,0.42345174473436026,0.1059415278214398,0.2059100911662999,0.2646966362779,0.17305585980284777,0.8269441401971522,0.18920932212408215,0.21923663580575362,0.14570252917597815,0.10308254407434997,0.1045014366287113,0.07232804795856834,0.05689759142988897,0.04368415451739917,0.06535773828526835,0.0,0.0,0.0,0.0,0.0,0.0,0.0,0.0,0.0,0.0,0.0,0.0,0.0,0.0,0.0,0.0,0.0,0.0,-4.863495815067176,-0.47898753112075254,3.5079194012138397,0.020197299514585695,-21.592457,-4.1172996
Sheffield,E08000019,556523,440216,414698,2750,341,22427,19704,7524,2431,5214,4535,53560,6798,27671,4258,7393,7440,25512,18237,4647,2628,17531,8956,8575,242010,22723,56141,29427,21533,23579,23309,21710,16095,27493,259654,187759,75541,25998,7570,,459,189,17290,875,1420,18755,35670,11389,12079,9861,6739,2714,13227,10843,14052,30497,45900,10050,2021,0.791011332864949,0.096240406955328,0.04584177113973726,0.0354055447843126,0.03150094425567317,0.46656472418929673,0.3373786887514083,0.13573742684489232,0.04671505041121391,0.013602312932259763,0.9420330019808457,0.006246933323641121,0.0007746197321314991,0.05094544496338161,0.07949962658700523,0.1380321135175504,0.12692307692307692,0.5166355489171023,0.13890963405526513,0.7148400752587017,0.18214957666980244,0.10301034807149577,0.2646163215590743,0.12337596427121397,0.3818514007308161,0.23015631343889564,0.5108664651189322,0.4891335348810678,0.09389281434651461,0.23197801743729599,0.12159414900210735,0.08897566216272054,0.09742985827031941,0.09631420189248378,0.08970703689930168,0.0665055163009793,0.11360274368827734,0.0,0.0,0.0,0.0,0.0,0.0,0.0,0.0,0.0,0.0,0.0,0.0,0.0,0.0,0.0,0.0,0.0,0.0,-2.8833432539554416,1.512368331436764,-2.6190163741074945,1.0022243888660165,-28.699509,16.476162
Shropshire,E06000051,323607,312876,301918,1506,349,9103,3861,1126,400,1259,1076,4324,1614,443,237,909,1121,1117,576,300,241,1429,386,1043,152424,21180,26819,18664,13271,21109,15219,10852,10178,15132,150899,112330,43932,12796,3649,,6448,224,13817,596,1536,14326,22894,5300,7117,4755,2763,2198,8202,7052,9999,14385,24338,6470,2021,0.9668394070585618,0.013361886485768231,0.003451717669889712,0.011931138696010903,0.004415850089769381,0.46630326290840435,0.34711857283680514,0.13575726112228723,0.03954178988711616,0.011276023077374717,0.9649765402267991,0.004813408506884517,0.0011154578810774875,0.02909459338523888,0.05481036077705828,0.21022201665124884,0.3732654949121184,0.10245143385753931,0.25925069380203514,0.5156669650850493,0.26857654431512984,0.21575649059982094,0.32608132608132606,0.1036001036001036,0.2916342916342916,0.2786842786842787,0.2701189643107068,0.7298810356892932,0.13895449535506219,0.17594998163018946,0.1224479084658584,0.08706634125859444,0.1384886894452317,0.09984648086915446,0.07119613709127172,0.06677426127119089,0.0992757046134467,0.0,0.0,0.0,0.0,0.0,0.0,0.0,0.0,0.0,0.0,0.0,0.0,0.0,0.0,0.0,0.0,0.0,0.0,-2.6953584181795014,2.7626364266222776,1.7692731582988912,-0.6401166988087946,-36.853035,-1.3139702
Slough,E06000039,158500,57134,38101,1143,237,17653,6311,1854,824,1945,1688,74093,30209,34317,910,594,8063,11992,7815,2771,1406,8970,1826,7144,73701,7303,13888,8098,6736,6230,6884,6122,7650,10790,81941,53816,16804,4625,1314,,117,72,4500,317,610,5568,10593,8966,4216,6291,1882,775,3490,5840,2458,5984,9782,2238,2021,0.36046687697160884,0.46746372239747636,0.07565930599369085,0.03981703470031546,0.05659305993690852,0.5169779179810725,0.33953312302839117,0.10601892744479495,0.02917981072555205,0.008290220820189275,0.6668708649840726,0.02000560086813456,0.004148142962159135,0.3089753911856338,0.012281861984263022,0.00801695166884861,0.4077173282226391,0.46316116232302645,0.1088226958012228,0.6516844563042028,0.23107071380920613,0.11724482988659106,0.3081920456346062,0.13056567897322136,0.2937727776897481,0.26746949770242434,0.20356744704570792,0.796432552954292,0.09908956459206796,0.1884370632691551,0.10987639245057733,0.09139631755335749,0.08453073906731252,0.09340443141884099,0.08306535867898672,0.10379777750641105,0.14640235546329086,0.0,0.0,0.0,0.0,0.0,0.0,0.0,0.0,0.0,0.0,0.0,0.0,0.0,0.0,0.0,0.0,0.0,0.0,-5.665275591077912,-1.9492266552065094,-5.796805535081126,-1.9563232013873069,-15.379403,12.053624
Solihull,E08000029,216240,177668,168398,3919,74,5277,7496,3695,423,2073,1305,23845,11344,7608,1077,1758,2058,3955,1346,2033,576,3276,888,2388,97939,14975,23824,12966,10523,8318,7498,6395,5550,7890,106508,72191,26816,8293,2432,,223,28,9501,1238,693,8487,13196,4457,3918,5171,4682,1709,6974,4891,5027,10647,13480,3622,2021,0.8216241213466519,0.11027099519052905,0.018289863115057342,0.03466518682944876,0.015149833518312986,0.4925453200147984,0.3338466518682945,0.12401035886052535,0.03835090640029597,0.011246762856085831,0.947824031339352,0.022057995812414164,0.00041650719319179594,0.02970146565504199,0.045166701614594254,0.07372614803942126,0.47573914866848394,0.3190605997064374,0.08630740197106311,0.34032869785082176,0.5140328697850822,0.14563843236409607,0.27654749199573103,0.05643009605122732,0.4929295624332978,0.17409284951974385,0.27106227106227104,0.7289377289377289,0.15290129570446911,0.24325345368035206,0.13238852755286454,0.10744442969603529,0.08493041587110345,0.07655785744187708,0.06529574531085676,0.056667925953910084,0.08056034878853163,0.0,0.0,0.0,0.0,0.0,0.0,0.0,0.0,0.0,0.0,0.0,0.0,0.0,0.0,0.0,0.0,0.0,0.0,-3.4429918779538613,-0.066711645191647,0.08215917545137445,-4.514617315395929,-23.076025,5.855101
Somerset,E06000066,571547,550847,521829,2631,809,25578,7137,1561,1215,2448,1913,8658,2947,331,683,1663,3034,2436,1658,457,321,2469,377,2092,269043,34087,43760,31903,23393,36698,29345,19960,20617,29280,262885,200991,78445,22945,6282,,6656,537,24986,2046,2694,26887,43613,10176,13837,7408,4447,3691,14676,13355,15526,25197,40856,12459,2021,0.9637825060756158,0.015148360502285902,0.004262116676318833,0.012487162035668107,0.00431985471011133,0.4599534246527407,0.3516613681814444,0.1372503048743148,0.04014542985966159,0.010991222069226153,0.9473211254667812,0.004776280891064125,0.001468647373953203,0.04643394626820151,0.07888657888657889,0.1920766920766921,0.34037884037884036,0.03823053823053823,0.3504273504273504,0.680623973727422,0.18760262725779966,0.13177339901477833,0.34300126103404793,0.17023959646910466,0.21871934986689084,0.2680397926299566,0.15269339813689753,0.8473066018631025,0.12669721940358977,0.1626505800188074,0.1185795579145341,0.08694892637979802,0.136401987786339,0.10907178406425738,0.0741888843047394,0.07663087313180421,0.10883018699613073,0.0,0.0,0.0,0.0,0.0,0.0,0.0,0.0,0.0,0.0,0.0,0.0,0.0,0.0,0.0,0.0,0.0,0.0,-2.8650694509158927,3.3563278428472687,1.3243945370855057,0.8296292131709214,-35.86172,2.477394
South Cambridgeshire,E07000012,162117,144285,128985,1447,478,13375,4591,788,600,1832,1371,9399,4205,857,420,1956,1961,2019,1431,341,247,1823,414,1409,82267,12816,26002,11201,6957,7037,5938,3902,3129,5285,84637,54501,17419,4313,1246,,1015,49,6735,211,343,5882,8432,2125,2747,7224,1648,1095,9933,3504,3053,13102,11677,3493,2021,0.8900053664945687,0.05797664649604915,0.012453968430207813,0.028319053523072842,0.011244965056101458,0.5220735641542836,0.3361831270008697,0.10744709068142144,0.026604242614901585,0.0076858071639618305,0.8939598710884707,0.01002876251862633,0.0033128876875628097,0.09269847870534012,0.044685604851579956,0.2081072454516438,0.4473880200021279,0.09117991275667624,0.20863921693797213,0.7087667161961367,0.16889549281822686,0.12233779098563645,0.39904160313657155,0.1306904813766064,0.17164016554127642,0.29862774994554564,0.22709818979703786,0.7729018102029621,0.1557854303669758,0.3160684113921743,0.13615422952095008,0.0845661079169047,0.08553855130246636,0.07217961029331324,0.047430926130769324,0.03803469191777991,0.06424204115866629,0.0,0.0,0.0,0.0,0.0,0.0,0.0,0.0,0.0,0.0,0.0,0.0,0.0,0.0,0.0,0.0,0.0,0.0,-5.589143918462931,-1.3194328277266232,3.089290075452559,0.36897730588603445,-19.858149,-3.9474883
South Derbyshire,E07000039,107206,99836,96634,437,72,2693,1934,786,189,616,343,3841,2630,401,29,287,494,855,465,294,96,740,88,652,53905,7651,10303,6889,5007,5736,4688,3607,4674,5350,51669,36956,13642,3853,1088,,608,100,7553,359,431,4842,8412,3716,2119,1630,862,622,2952,2369,2353,5158,7630,2188,2021,0.931253847732403,0.035828218569856164,0.007975299889931533,0.018040035072663843,0.006902598735145421,0.48195996492733617,0.34471951196761375,0.12725034046601869,0.03594015260339906,0.010148685707889484,0.9679274009375376,0.00437717857285949,0.0007211827396930967,0.02697423774990985,0.007550117156990367,0.07472012496745639,0.6847175214787816,0.10439989586045301,0.12861234053631868,0.543859649122807,0.34385964912280703,0.11228070175438597,0.3185108583247156,0.09772492244053775,0.40641158221303,0.17735263702171664,0.11891891891891893,0.8810810810810811,0.14193488544661906,0.19113254800111307,0.12779890548186626,0.09288563213060012,0.10640942398664317,0.08696781374640572,0.06691401539745849,0.0867080975790743,0.09924867823021984,0.0,0.0,0.0,0.0,0.0,0.0,0.0,0.0,0.0,0.0,0.0,0.0,0.0,0.0,0.0,0.0,0.0,0.0,-3.0095996161649157,2.1675266314751775,1.1886855521192743,-3.4774513453042935,-26.112312,7.6990213
South Gloucestershire,E06000025,290424,264856,249160,1327,443,13926,7289,2711,905,1953,1720,11094,4867,1352,581,2113,2181,4534,2787,1219,528,2651,751,1900,147612,17918,31300,19437,17372,16114,12405,10669,8855,13542,144395,99207,34595,9529,2698,,782,191,10680,996,1179,14447,22013,7297,5463,7264,7394,2093,9239,7287,11824,13387,20512,5567,2021,0.9119631986337218,0.03819932237005206,0.015611657438779165,0.025097788061592706,0.009128033495854337,0.497186871608407,0.3415936699446327,0.11911894333801615,0.03281064925763711,0.009289865851307054,0.9407376083607696,0.005010269731476727,0.0016726070015404598,0.05257951490621319,0.05237065080223544,0.1904633135027943,0.4387056066342167,0.12186767622138092,0.19659275283937264,0.6146890163211293,0.2688575209528011,0.1164534627260697,0.2679379887501715,0.12415969268761147,0.37193030594045823,0.23597201262175882,0.2832893247831007,0.7167106752168992,0.12138579519280275,0.21204238137820774,0.13167628648077392,0.11768690892339376,0.10916456656640382,0.08403788309893505,0.072277321626968,0.05998834783079966,0.09174050890171531,0.0,0.0,0.0,0.0,0.0,0.0,0.0,0.0,0.0,0.0,0.0,0.0,0.0,0.0,0.0,0.0,0.0,0.0,-3.2178229582647835,1.0010445658719833,1.005019151658897,-1.1347231628091732,-25.157928,3.9745853
South Hams,E07000044,88628,86427,83481,456,81,2409,1048,210,107,413,318,614,175,35,34,158,212,149,71,61,17,390,147,243,40582,6738,8286,5137,3261,6131,3274,2680,1729,3346,43499,29405,11292,3413,1018,,1395,99,2339,177,211,4061,5631,1247,2669,1220,633,813,2844,2069,2521,4392,6106,2153,2021,0.9751658618043959,0.006927833190413865,0.0016811842758496186,0.011824705510673827,0.004400415218666787,0.4908042605045809,0.3317800243715304,0.12740894525432142,0.03850927472130704,0.011486212032314844,0.9659134298309556,0.005276128987469194,0.0009372071227741331,0.02787323405880107,0.05537459283387622,0.25732899022801303,0.28501628664495116,0.057003257328990226,0.34527687296416937,0.47651006711409394,0.40939597315436244,0.11409395973154363,0.39408396946564883,0.10209923664122138,0.20038167938931298,0.30343511450381677,0.3769230769230769,0.6230769230769231,0.16603420235572422,0.2041791927455522,0.12658321423291113,0.08035582277857178,0.15107683209304618,0.08067616184515303,0.06603913064905623,0.04260509585530531,0.08245034744467991,0.0,0.0,0.0,0.0,0.0,0.0,0.0,0.0,0.0,0.0,0.0,0.0,0.0,0.0,0.0,0.0,0.0,0.0,-3.1733499650653703,1.43224193666284,3.335574640826189,0.45903422662783977,-30.089975,-1.6053845
South Holland,E07000140,95122,91623,80244,274,168,10937,1225,327,219,343,336,1176,467,66,66,205,372,517,324,118,75,581,50,531,45236,5190,4964,4162,4082,5993,4130,3254,6976,6485,39386,35883,14451,4268,1134,,2185,35,6565,153,354,4101,9338,3247,1919,829,723,458,1657,2658,1594,3157,4863,1402,2021,0.9632156598894052,0.012363070583040727,0.005435125417884401,0.012878198524000756,0.00610794558566893,0.414057736380648,0.3772313450095667,0.1519206913227224,0.0448686949391308,0.01192153234793213,0.8758062931796601,0.0029905154819204784,0.0018336007334402934,0.11936959060497909,0.05612244897959184,0.17431972789115646,0.397108843537415,0.05612244897959184,0.3163265306122449,0.6266924564796905,0.22823984526112184,0.1450676982591876,0.28,0.17877551020408164,0.26693877551020406,0.2742857142857143,0.08605851979345955,0.9139414802065404,0.1147316296754797,0.10973560880714475,0.09200636661066407,0.09023786364842161,0.1324829781589884,0.09129896542576708,0.07193385798921213,0.15421345830754266,0.14335927137677956,0.0,0.0,0.0,0.0,0.0,0.0,0.0,0.0,0.0,0.0,0.0,0.0,0.0,0.0,0.0,0.0,0.0,0.0,-2.1164985699814642,4.832177549031939,-0.7020139106080093,-0.6801271278614547,-36.560375,9.560793
South Kesteven,E07000141,143405,137421,129741,681,107,6892,1951,531,318,590,512,2529,865,236,67,504,857,875,552,222,101,629,97,532,68194,9865,11819,8785,6339,7790,6337,4913,5193,7153,65973,51176,19418,5456,1381,,1385,104,6712,347,665,6328,11397,2838,3028,2451,2089,906,3736,3249,4107,7042,8764,3041,2021,0.958272026777309,0.017635368362330463,0.006101600362609393,0.013604825494229629,0.004386179003521495,0.4600467208256337,0.3568634287507409,0.13540671524702766,0.03804609323245354,0.009630068686586939,0.9441133451219246,0.004955574475516843,0.000778629176035686,0.05015245122652288,0.02649268485567418,0.199288256227758,0.3420324238829577,0.09331751680506128,0.3388691182285488,0.6308571428571429,0.2537142857142857,0.11542857142857142,0.30240902101486417,0.1629933367503844,0.2721681189133778,0.26242952332137365,0.15421303656597773,0.8457869634340223,0.14466082060005278,0.17331436783294718,0.12882365017450215,0.09295539196996803,0.11423292371762912,0.09292606387658739,0.07204446138956506,0.07615039446285597,0.10489192597589231,0.0,0.0,0.0,0.0,0.0,0.0,0.0,0.0,0.0,0.0,0.0,0.0,0.0,0.0,0.0,0.0,0.0,0.0,-3.065833168180201,2.64071557299156,1.563927194284053,-0.2111136071029523,-33.544342,1.7465502
South Norfolk,E07000149,141948,135474,130292,519,150,4513,2094,391,369,745,589,2562,977,133,150,552,750,1164,866,163,135,654,145,509,67749,9422,14379,8817,6436,8206,6212,4541,4116,5620,66743,50340,18701,4877,1287,,1823,199,5067,324,456,6247,9178,2320,2646,2112,3056,1248,4483,3225,3664,7219,11439,3034,2021,0.9543917490912165,0.018048862963902273,0.008200185983599628,0.014751880970496237,0.004607320990785358,0.47019331022628,0.35463690929072617,0.1317454279031758,0.034357652097951365,0.0090667004818666,0.9617491179119241,0.003830993400947783,0.0011072235262854866,0.03331266516084267,0.0585480093676815,0.2154566744730679,0.38134270101483214,0.05191256830601093,0.2927400468384075,0.7439862542955327,0.1400343642611684,0.11597938144329897,0.3557784145176695,0.17621776504297995,0.18672397325692455,0.281279847182426,0.2217125382262997,0.7782874617737003,0.13907216342676645,0.21223929504494532,0.13014214231944382,0.09499771214335267,0.12112355901932131,0.09169139027882331,0.0670268195840529,0.0607536642607271,0.08295325392256712,0.0,0.0,0.0,0.0,0.0,0.0,0.0,0.0,0.0,0.0,0.0,0.0,0.0,0.0,0.0,0.0,0.0,0.0,-3.5395150819654897,1.9898119598801014,2.3760325980190764,1.1730669436266272,-32.62997,2.6326764
South Oxfordshire,E07000179,149088,138785,127890,1313,106,9476,3402,791,396,1289,926,4263,1645,436,249,672,1261,1467,900,345,222,1171,209,962,76476,13483,18786,11387,6773,7522,5575,4061,3325,5564,79641,49194,15408,3831,1011,,853,133,5119,455,784,6317,9464,2437,2944,6076,1993,1353,8642,4008,4708,8454,8961,3782,2021,0.9308931637690492,0.028593850611719252,0.009839826142949131,0.02281873792659369,0.007854421549688774,0.5341878622021893,0.329966194462331,0.10334835801674179,0.025696233097231166,0.00678122987765615,0.9214972799654141,0.009460676586086392,0.000763771300933098,0.06827827214756638,0.05840957072484166,0.15763546798029557,0.38587848932676516,0.10227539291578701,0.29580107905231057,0.6134969325153374,0.23517382413087934,0.15132924335378323,0.37889476778365666,0.1164021164021164,0.23251028806584362,0.2721928277483833,0.1784799316823228,0.8215200683176772,0.17630367697055285,0.2456456927663581,0.1488963857942361,0.08856373241278309,0.09835765468905278,0.07289868716983106,0.05310162665411371,0.043477692347926145,0.07275485119514619,0.0,0.0,0.0,0.0,0.0,0.0,0.0,0.0,0.0,0.0,0.0,0.0,0.0,0.0,0.0,0.0,0.0,0.0,-5.032888118677648,-0.7177498218946916,3.5286845772375783,-0.6555334811946313,-22.492846,-1.0074693
South Ribble,E07000126,111035,105919,103089,617,25,2188,1908,750,237,632,289,2307,1165,422,59,327,334,539,266,209,64,362,96,266,54711,6556,10836,7565,6042,6115,5029,4207,3791,4570,53172,37823,14535,4318,1187,,451,30,5309,411,485,4891,8492,2494,1788,1633,1190,947,2663,2442,5802,5382,8195,2113,2021,0.9539244382401946,0.020777232404196874,0.004854325212770748,0.017183770883054894,0.003260233259782951,0.4788760300806052,0.3406403386319629,0.13090466969874365,0.038888638717521504,0.010690322871166748,0.9732814698023962,0.005825206053682531,0.00023602941870674762,0.02065729472521455,0.025574338968357174,0.14174252275682706,0.5049848287819679,0.18292154312960554,0.1447767663632423,0.4935064935064935,0.3877551020408163,0.11873840445269017,0.3312368972746331,0.12421383647798742,0.39308176100628933,0.15146750524109015,0.26519337016574585,0.7348066298342542,0.11982965034453766,0.1980588912650107,0.1382720111129389,0.11043483029006963,0.11176911407212443,0.09191935808155581,0.07689495713841824,0.06929136736670871,0.08352982032863593,0.0,0.0,0.0,0.0,0.0,0.0,0.0,0.0,0.0,0.0,0.0,0.0,0.0,0.0,0.0,0.0,0.0,0.0,-2.3508818121274073,2.173749788548801,1.1537146388980348,-2.2964184165012993,-26.64847,6.0160203
South Staffordshire,E07000196,110475,103570,101832,483,192,1063,2242,1174,120,615,333,3108,2121,435,59,189,304,1031,307,547,177,524,60,464,50699,7795,9821,6626,5573,6343,4038,3345,3039,4119,49718,39468,15421,4538,1327,,540,40,4980,291,557,5970,7691,2138,1852,1391,1628,892,2716,2263,3492,5472,6694,2092,2021,0.9374971713057253,0.02813306177868296,0.009332428151165422,0.02029418420457117,0.004743154559855171,0.4500384702421362,0.3572572980312288,0.13958814211360035,0.04107716677981444,0.012011767368182847,0.9832190788838466,0.004663512600173795,0.0018538186733610118,0.010263589842618518,0.018983268983268985,0.060810810810810814,0.6824324324324325,0.13996138996138996,0.0978120978120978,0.29776915615906885,0.530552861299709,0.1716779825412221,0.27430865298840323,0.05352363960749331,0.5236396074933095,0.14852809991079394,0.11450381679389313,0.8854961832061069,0.15375056707232884,0.19371190753269296,0.13069291307520858,0.1099232726483757,0.125110948933904,0.07964654135190043,0.06597763269492495,0.059942010690546166,0.08124420600011835,0.0,0.0,0.0,0.0,0.0,0.0,0.0,0.0,0.0,0.0,0.0,0.0,0.0,0.0,0.0,0.0,0.0,0.0,-2.316372867791965,2.363123973387223,1.4302242813229997,-5.958305872677688,-28.140066,8.897031
South Tyneside,E08000023,147777,139483,137429,353,56,1645,1995,266,401,655,673,4317,703,495,2185,299,635,786,606,78,102,1196,514,682,62510,5586,10192,7793,6794,7005,6809,6132,5662,6537,64656,48869,22930,8709,2614,,61,511,5961,714,448,5323,8724,3339,2965,1970,1625,780,2451,2882,5754,5951,10661,2397,2021,0.9438748925746225,0.029212935707180414,0.005318824986296921,0.013500071053005542,0.00809327567889455,0.4375241072697375,0.3306942216989112,0.15516623019820405,0.05893339288251893,0.017688814903537086,0.9852741911200648,0.0025307743595993776,0.00040148261795344237,0.01179355190238237,0.5061385221218438,0.06926106092193653,0.16284456798702804,0.11466296038915914,0.14709288858003244,0.7709923664122137,0.09923664122137404,0.1297709923664122,0.3283208020050125,0.20100250626566415,0.13333333333333333,0.33734335839599,0.4297658862876254,0.5702341137123745,0.08936170212765958,0.16304591265397536,0.12466805311150216,0.10868661014237722,0.11206207006878899,0.10892657174852023,0.09809630459126539,0.09057750759878419,0.10457526795712686,0.0,0.0,0.0,0.0,0.0,0.0,0.0,0.0,0.0,0.0,0.0,0.0,0.0,0.0,0.0,0.0,0.0,0.0,-2.099285178689182,3.7528903290566458,-1.7863849807357666,4.403175079460443,-39.952885,17.444101
Southampton,E06000045,248920,200829,169481,1643,340,29365,8309,2173,1535,2444,2157,26414,9169,4248,2064,4149,6784,7539,5627,1103,809,5829,1311,4518,118228,10223,23404,14011,9892,12153,12651,9903,10307,15684,118703,87353,30497,9536,2833,,219,155,7693,654,774,10594,18430,8511,6380,4169,3461,1364,6171,6767,5288,11874,21202,4523,2021,0.8068013819701109,0.10611441426964487,0.03028683914510686,0.033380202474690666,0.02341716214044673,0.4768720874176442,0.35092800899887516,0.122517274626386,0.03830949702715732,0.0113811666398843,0.8439070054623585,0.008181089384501242,0.001692982587176155,0.14621892256596408,0.07814038010146135,0.1570757931400015,0.3471265238131294,0.16082380555765882,0.2568334973877489,0.7463854622628996,0.14630587611089005,0.10730866162621037,0.2941388855457937,0.18473943916235408,0.2615236490552413,0.2595980262366109,0.2249099330931549,0.7750900669068451,0.08646851845586494,0.19795649084819164,0.11850830598504584,0.08366884325202152,0.10279290861724803,0.10700510877287953,0.08376188381770816,0.08717901004838109,0.13265893020265926,0.0,0.0,0.0,0.0,0.0,0.0,0.0,0.0,0.0,0.0,0.0,0.0,0.0,0.0,0.0,0.0,0.0,0.0,-3.7195062647391537,1.671297027496404,-1.887029967540825,0.9370862514228454,-24.412966,14.174482
Southend-on-Sea,E06000033,180685,158079,147442,1569,106,8962,5553,1580,1045,1527,1401,9864,2828,1765,1615,1170,2486,5153,3590,839,724,2036,402,1634,83260,10787,15911,11769,9250,8227,8171,6369,5062,7714,84380,62139,24096,7793,2278,,144,40,4454,245,540,7621,11188,4155,3956,3078,7547,1413,5117,4590,4669,7612,12923,3968,2021,0.8748872346902067,0.054592246174281205,0.028519246201953678,0.030733043694828016,0.011268229238730387,0.4670005811218419,0.34390790602429644,0.1333591609707502,0.043130309654924315,0.012607576721919362,0.9327108597599935,0.009925417038316285,0.0006705508005490925,0.056693172401141204,0.16372668288726683,0.11861313868613138,0.2866991078669911,0.17893349553933496,0.25202757502027573,0.6966815447312246,0.16281777605278477,0.1405006792159907,0.2749864937871421,0.18818656582027732,0.2845308842067351,0.2522960561858455,0.1974459724950884,0.8025540275049116,0.12955801104972375,0.1911001681479702,0.1413523901032909,0.11109776603411002,0.0988109536392025,0.09813836175834735,0.07649531587797262,0.06079750180158539,0.09264953158779726,0.0,0.0,0.0,0.0,0.0,0.0,0.0,0.0,0.0,0.0,0.0,0.0,0.0,0.0,0.0,0.0,0.0,0.0,-3.513386500333035,1.6541349684012265,-0.2641415689289138,0.6379439159170309,-25.597055,13.068465
Southwark,E09000028,307640,158220,109253,6024,156,42787,22151,6401,3569,4653,7528,30540,6145,2006,5547,8405,8437,77299,48320,18156,10823,19430,3123,16307,166947,23109,51143,28878,11443,8030,12816,8705,5990,16833,171620,93329,30002,9552,3134,,115,178,3605,614,324,7129,15703,5617,9915,14419,12832,2940,22590,11747,8914,14613,24225,11470,2021,0.5143024314133403,0.09927187621895722,0.25126446495904303,0.07200299050838642,0.06315823690027304,0.5578598361721493,0.3033708230399168,0.09752307892341698,0.031049278377324144,0.010187231829411,0.690513209455189,0.03807356844899507,0.0009859689040576413,0.2704272531917583,0.18163064833005893,0.2752128356254093,0.20121152586771449,0.06568434839554682,0.27626064178127047,0.6251051113209743,0.23488014075214428,0.14001474792688134,0.2100582366484583,0.1611213940679879,0.2889711525439032,0.3398492167396506,0.16073082861554297,0.839269171384457,0.13842117558266995,0.306342731525574,0.17297705259753096,0.06854271115982917,0.0480990973183106,0.07676687811101728,0.052142296657022885,0.035879650427980136,0.10082840662006505,0.0,0.0,0.0,0.0,0.0,0.0,0.0,0.0,0.0,0.0,0.0,0.0,0.0,0.0,0.0,0.0,0.0,0.0,-8.106769406332928,-5.514713616663188,-2.9041413421816267,0.775093876199767,-12.617962,6.8167095
Spelthorne,E07000213,102960,81000,71261,1321,277,8141,3763,718,482,1489,1074,13146,7559,1670,433,799,2685,2548,1711,583,254,2503,528,1975,51539,7477,10061,7719,6055,5064,4417,3397,3250,4099,51913,35432,11642,3072,897,,52,180,2484,363,414,4589,6724,6111,2154,4196,1646,887,3021,3295,2804,4625,5477,2516,2021,0.7867132867132867,0.12768065268065268,0.024747474747474747,0.03654817404817405,0.02431041181041181,0.5042055167055167,0.3441336441336441,0.11307303807303808,0.029836829836829837,0.008712121212121213,0.8797654320987655,0.01630864197530864,0.003419753086419753,0.10050617283950618,0.032937775749277344,0.060778944165525636,0.5750038034383083,0.1270348394949034,0.2042446371519854,0.6715070643642073,0.22880690737833595,0.09968602825745683,0.3956949242625565,0.12808929045973957,0.19080520861015146,0.2854105766675525,0.21094686376348382,0.7890531362365162,0.14507460369817032,0.1952113933138012,0.14977007702904596,0.11748384718368614,0.09825568986592677,0.08570208967966006,0.06591125167348998,0.06305904266671841,0.07953200488950116,0.0,0.0,0.0,0.0,0.0,0.0,0.0,0.0,0.0,0.0,0.0,0.0,0.0,0.0,0.0,0.0,0.0,0.0,-4.787365391858672,-0.7416309164801724,0.8239508064154084,-0.9302937043203401,-17.915916,-3.1002314
St Albans,E07000240,148169,123865,108962,2976,142,11785,6354,1306,650,2556,1842,12176,3856,1619,3107,1625,1969,3159,1821,905,433,2615,880,1735,72871,15131,22216,11484,5914,4350,4420,3434,2118,3804,85242,44893,13557,3520,955,,190,91,3399,293,268,5185,9074,2322,2738,6285,5042,1384,9369,3552,3122,8553,8223,3781,2021,0.835971087069495,0.08217643366696138,0.02132024917492863,0.042883464152420545,0.01764876593619448,0.5753025261694417,0.3029851048464929,0.091496871815292,0.023756656250632724,0.006445342817998367,0.8796835264198927,0.024026157510192547,0.0011464093973277357,0.0951439066725871,0.2551741130091984,0.1334592641261498,0.316688567674113,0.1329664914586071,0.16171156373193166,0.5764482431149098,0.286483064260842,0.13706869262424817,0.40226628895184136,0.1022977651872836,0.20553981743783442,0.2898961284230406,0.3365200764818356,0.6634799235181644,0.20764089967202318,0.30486750559207365,0.15759355573547776,0.08115711325492994,0.05969452868768097,0.0606551302987471,0.047124370462872746,0.029065060174829495,0.052201836121365155,0.0,0.0,0.0,0.0,0.0,0.0,0.0,0.0,0.0,0.0,0.0,0.0,0.0,0.0,0.0,0.0,0.0,0.0,-6.590431897290258,-3.824768837759756,2.842040411518495,0.03195599170270884,-16.075676,0.2980335
St. Helens,E08000013,183248,176888,171546,945,145,4252,1971,466,417,597,491,2579,557,238,172,660,952,776,558,103,115,1034,377,657,82623,8359,14070,10274,8026,8658,9171,6827,7319,9919,82747,59974,26762,10591,3171,,208,69,6948,470,1111,7674,14474,5032,3186,2422,1768,1136,3694,4345,5010,7383,14545,3147,2021,0.965292936348555,0.014073823452370559,0.004234698332314678,0.01075591548066009,0.005642626386099712,0.4515574521959312,0.32728324456474284,0.1460425216100585,0.05779599231642364,0.017304418056404435,0.9698000994979874,0.005342363529464972,0.0008197277373253132,0.024037809235222286,0.06669251647925553,0.25591314462970144,0.2159751841799147,0.09228383094222567,0.3691353237689027,0.7190721649484536,0.1327319587628866,0.1481958762886598,0.3028919330289193,0.2115677321156773,0.23642820903094874,0.24911212582445458,0.3646034816247582,0.6353965183752418,0.10117037628747443,0.1702915653026397,0.12434794185638381,0.09714002154363797,0.10478922333974801,0.11099814821538796,0.08262832383234693,0.08858308219260981,0.12005131742977138,0.0,0.0,0.0,0.0,0.0,0.0,0.0,0.0,0.0,0.0,0.0,0.0,0.0,0.0,0.0,0.0,0.0,0.0,-2.051306892729336,3.9080381801444295,-0.4088051149045213,3.0848228254104906,-41.08889,13.239186
Stafford,E07000197,136870,127805,123203,699,113,3790,2552,1106,248,677,521,4165,1856,518,144,474,1173,1440,715,510,215,908,224,684,65768,9092,13873,9161,6026,6473,5498,4732,3950,6963,64032,47929,18200,5203,1503,,1138,47,5270,705,557,5355,10362,3515,2637,2466,1261,883,3294,2850,5787,6345,10451,2838,2021,0.9337692701103236,0.030430335354716155,0.010520932271498503,0.018645429970044567,0.006634032293417111,0.4678307883393001,0.3501790019726748,0.13297289398699497,0.03801417403375466,0.010981223058376562,0.9639920190915848,0.005469269590391612,0.000884159461679903,0.02965455185634365,0.034573829531812726,0.11380552220888356,0.4456182472989196,0.12436974789915967,0.2816326530612245,0.4965277777777778,0.3541666666666667,0.14930555555555555,0.265282131661442,0.09717868338557993,0.4333855799373041,0.20415360501567398,0.24669603524229075,0.7533039647577092,0.13824352268580464,0.21093845031018124,0.13929266512589708,0.0916251064347403,0.09842172485099136,0.0835968860235981,0.07194988444228197,0.060059603454567574,0.10587215667193772,0.0,0.0,0.0,0.0,0.0,0.0,0.0,0.0,0.0,0.0,0.0,0.0,0.0,0.0,0.0,0.0,0.0,0.0,-2.89815098022778,1.8392824244546038,1.0515776848293505,-2.4242495749168675,-26.152746,5.958501
Staffordshire Moorlands,E07000198,95844,93931,92567,254,53,1057,902,307,89,308,198,658,199,100,11,122,226,188,78,90,20,165,27,138,45035,5913,7590,5325,3938,6543,4484,3139,3743,4360,42805,33976,13660,4144,1262,,1323,112,5184,202,396,4543,6685,2000,1876,1191,1230,582,2254,1924,2057,4371,6694,2413,2021,0.980040482450649,0.006865322816243062,0.0019615208046408748,0.009411126413755687,0.001721547514711406,0.44661115980134386,0.35449271733233173,0.14252326697550186,0.043236926672509494,0.013167230082216937,0.9854787024517997,0.002704112593286561,0.0005642439663156998,0.011252940988598014,0.016717325227963525,0.18541033434650456,0.30243161094224924,0.1519756838905775,0.3434650455927052,0.4148936170212766,0.4787234042553192,0.10638297872340426,0.34146341463414637,0.09866962305986696,0.34035476718403546,0.21951219512195122,0.16363636363636364,0.8363636363636363,0.13129787942711224,0.16853558343510602,0.11824136782502498,0.0874430998112579,0.14528699900077718,0.09956700344176751,0.0697013433995781,0.08311313422893306,0.09681358943044299,0.0,0.0,0.0,0.0,0.0,0.0,0.0,0.0,0.0,0.0,0.0,0.0,0.0,0.0,0.0,0.0,0.0,0.0,-1.9194213534761808,3.7898269744950164,1.7322888159603473,-1.9593525398700986,-31.73381,8.743152
Stevenage,E07000243,89498,74099,67394,970,72,5663,3216,1193,503,769,751,6700,2546,952,800,536,1866,4340,2991,799,550,1143,266,877,45460,4848,8727,6034,4467,5145,4603,3636,3369,4631,42673,31339,11298,3298,887,,52,11,3373,207,386,4843,7598,2235,1888,2260,1274,495,2273,2491,2803,3663,7679,1928,2021,0.8279402891684731,0.07486200808956625,0.048492703747569775,0.0359337638829918,0.012771235111399137,0.4768039509262777,0.35016424948043534,0.12623745782028647,0.036849985474535746,0.009910835996335113,0.9095129488926976,0.013090595014777528,0.0009716730320247236,0.07642478306050014,0.11940298507462686,0.08,0.38,0.14208955223880598,0.2785074626865672,0.6891705069124424,0.18410138248847926,0.12672811059907835,0.23911691542288557,0.15640547263681592,0.37095771144278605,0.23351990049751245,0.2327209098862642,0.7672790901137357,0.10664320281566211,0.19197096348438186,0.13273207215134183,0.0982622085349758,0.11317641882974043,0.10125384953805543,0.07998240211174659,0.07410910690717114,0.10186977562692477,0.0,0.0,0.0,0.0,0.0,0.0,0.0,0.0,0.0,0.0,0.0,0.0,0.0,0.0,0.0,0.0,0.0,0.0,-3.4605041071444904,1.4205926008415448,-1.0378051533743626,-0.5394941016061108,-24.582638,12.720005
Stockport,E08000007,294770,257530,245831,4174,90,7435,7668,2215,1236,2359,1858,21464,4433,10953,963,2306,2809,3416,2030,896,490,4692,1509,3183,139806,19060,34321,20204,14126,11754,12151,11083,6958,10149,145602,96317,37255,12017,3582,,190,103,9220,925,640,10803,20171,6060,5460,7348,6166,2557,11604,7270,6859,15352,22920,6164,2021,0.8736642127760627,0.07281609390372154,0.011588696271669438,0.026013502052447672,0.015917494996098652,0.49395121620246296,0.32675306170912916,0.1263866743562778,0.04076737795569427,0.01215184720290396,0.9545722828408341,0.016207820448103132,0.00034947384770706323,0.028870422863355727,0.044865821841222515,0.10743570629891912,0.20653186731270964,0.5102963101006336,0.1308702944465151,0.5942622950819673,0.26229508196721313,0.14344262295081966,0.30764214919144495,0.16118935837245696,0.28886280646844026,0.2423056859676578,0.32161125319693096,0.678388746803069,0.1363317740297269,0.24549017924838706,0.14451454157904525,0.10104001258887316,0.08407364490794386,0.08691329413616011,0.07927413701843984,0.049768965566570816,0.07259345092485302,0.0,0.0,0.0,0.0,0.0,0.0,0.0,0.0,0.0,0.0,0.0,0.0,0.0,0.0,0.0,0.0,0.0,0.0,-3.8170958332891565,0.4889165114287005,0.04016995928170467,0.0401148018240718,-27.40927,17.108215
Stockton-on-Tees,E06000004,196593,180937,177526,528,145,2738,2737,412,469,1131,725,9052,1812,4875,236,690,1439,2203,1823,130,250,1664,558,1106,86442,8985,16671,10903,8413,8868,8858,7330,6993,9421,91479,65521,27307,9392,2896,,259,938,6914,850,586,7319,13503,4233,3879,2649,2231,1223,4629,3814,6455,8847,14889,3229,2021,0.9203633903546922,0.04604436577090741,0.011205892376635994,0.013922164064844629,0.008464187432919788,0.4653217561154263,0.3332824668223182,0.13890118162905088,0.04777382714542227,0.014730941589985402,0.9811481344335321,0.0029181427789783184,0.0008013839071057882,0.01513233888038378,0.026071586389748123,0.07622624834290764,0.2001767565178966,0.5385550154661953,0.15897039328325233,0.8275079437131184,0.05901044030867,0.11348161597821153,0.4132261600292291,0.17135549872122763,0.15052977712824261,0.2648885641213007,0.33533653846153844,0.6646634615384616,0.103942527937808,0.1928576386478795,0.1261308160384998,0.09732537423937437,0.10258901922676476,0.10247333472154739,0.08479674232433308,0.08089817449850767,0.1089863723652854,0.0,0.0,0.0,0.0,0.0,0.0,0.0,0.0,0.0,0.0,0.0,0.0,0.0,0.0,0.0,0.0,0.0,0.0,-2.7961030946590206,3.0233772695453736,-0.5188870627697914,2.4104592387799726,-32.05055,19.86424
Stoke-on-Trent,E06000021,258369,215699,202906,572,295,11926,5860,2040,1020,1783,1017,25597,2772,15579,1577,1073,4596,6884,5048,916,920,4329,690,3639,112579,8808,14100,10978,9334,13468,13618,11057,12577,18639,110241,90840,38276,14546,4466,,249,118,11138,435,990,9407,22886,8860,5257,2958,2288,1008,3322,5115,4331,8519,19709,5993,2021,0.8348486079986376,0.09907148303395531,0.026644063335771705,0.022680739562408802,0.01675510606922657,0.4266804454094725,0.3515901675510607,0.1481447077629282,0.056299323835289836,0.017285355441248755,0.9406904992605436,0.0026518435412310674,0.0013676465815789596,0.055290010616646346,0.06160878227917334,0.04191897487986873,0.10829394069617533,0.6086260108606477,0.17955229128413486,0.7332945961650204,0.13306217315514235,0.1336432306798373,0.30426621160409556,0.17406143344709898,0.34812286689419797,0.17354948805460751,0.15939015939015938,0.8406098406098406,0.07823839259542188,0.12524538324199008,0.09751374590287709,0.08291066717593867,0.11963154762433491,0.12096394531839863,0.09821547535508399,0.11171710532159639,0.16556373746435837,0.0,0.0,0.0,0.0,0.0,0.0,0.0,0.0,0.0,0.0,0.0,0.0,0.0,0.0,0.0,0.0,0.0,0.0,-1.6765933116796903,5.2572094603974575,-4.026627329795934,0.23929932049300215,-32.355083,18.347105
Stratford-on-Avon,E07000221,134724,128672,121330,1183,146,6013,2288,584,245,922,537,2566,1239,245,39,426,617,482,242,180,60,716,130,586,66236,12363,14213,9233,5890,7299,4777,4247,2897,5317,66877,46177,16193,4275,1203,,1478,39,6581,626,483,5319,9536,2023,3494,3451,2518,1161,5692,3607,2658,6510,7307,3753,2021,0.9550785309224785,0.01904634660491078,0.003577684748077551,0.01698286867967103,0.005314569044862089,0.49640004750452776,0.34275259048128026,0.12019387785398296,0.031731540037409814,0.008929366705264095,0.9429401890077095,0.009193919423029098,0.0011346679930365582,0.04673122357622482,0.015198752922837101,0.16601714731098988,0.4828526890101325,0.09547934528448948,0.24045206547155104,0.5020746887966805,0.37344398340248963,0.12448132780082988,0.40297202797202797,0.10708041958041958,0.25524475524475526,0.23470279720279721,0.18156424581005587,0.8184357541899442,0.18665076393502023,0.2145811945165771,0.13939549489703484,0.0889244519596594,0.11019687179177487,0.07212090102059303,0.0641192100972281,0.04373754453771363,0.08027356724439881,0.0,0.0,0.0,0.0,0.0,0.0,0.0,0.0,0.0,0.0,0.0,0.0,0.0,0.0,0.0,0.0,0.0,0.0,-3.9775048426312245,0.5923721796975467,3.3722650087696997,-1.8002913571827415,-26.611702,-1.1380321
Stroud,E07000082,121104,116701,111896,711,126,3968,2171,579,259,786,547,1256,440,65,99,236,416,528,257,186,85,448,77,371,59918,8984,12574,8210,5380,7354,5190,3714,3617,4895,58893,42058,15125,4014,1012,,860,174,5715,891,520,5653,8204,1733,2485,2883,1846,765,4406,3121,3396,6007,8251,3013,2021,0.9636428193949003,0.010371251156031179,0.004359889021006738,0.017926740652662174,0.0036992997753996565,0.48630103051922313,0.34728828114678295,0.12489265424758884,0.03314506539833532,0.00835645395692958,0.9588264025158311,0.006092492780695967,0.0010796822649334625,0.034001422438539514,0.07882165605095541,0.18789808917197454,0.3503184713375796,0.0517515923566879,0.33121019108280253,0.48674242424242425,0.3522727272727273,0.16098484848484848,0.36204514048825426,0.11929986181483188,0.26669737448180564,0.25195762321510823,0.171875,0.828125,0.1499382489402183,0.2098534664040856,0.13702059481291098,0.08978937881771755,0.12273440368503621,0.08661837845054908,0.06198471244033513,0.06036583330551754,0.08169498314362962,0.0,0.0,0.0,0.0,0.0,0.0,0.0,0.0,0.0,0.0,0.0,0.0,0.0,0.0,0.0,0.0,0.0,0.0,-3.5301626494138643,1.477057292142254,2.9643824234367,-1.2080755093574969,-28.341238,-1.4467137
Sunderland,E08000024,274173,259375,254655,511,228,3981,2505,438,536,897,634,8204,1906,685,2908,937,1768,2665,2304,133,228,1424,417,1007,117151,10421,17727,13207,12544,12235,12309,13422,11645,13641,118258,90486,43507,16834,5086,,147,423,12825,2010,851,9476,18449,5763,5538,3188,4079,1752,3550,5952,9463,10234,18899,4554,2021,0.9460267787127106,0.02992271303155307,0.009720140203448187,0.009136567058025407,0.005193800994262747,0.4313262064462949,0.33003249772953575,0.1586844802369307,0.0613991895627943,0.018550331360126637,0.9818024096385543,0.001970120481927711,0.0008790361445783132,0.015348433734939758,0.35446123842028276,0.11421257922964408,0.23232569478303267,0.08349585568015602,0.21550463188688446,0.8645403377110694,0.049906191369606,0.08555347091932458,0.35808383233532937,0.21397205588822354,0.17485029940119762,0.2530938123752495,0.2928370786516854,0.7071629213483146,0.08895357273945592,0.15131753036679157,0.1127348464801837,0.10707548377734719,0.10443786224616093,0.10506952565492399,0.11457008476240066,0.09940162696007716,0.11643946701265888,0.0,0.0,0.0,0.0,0.0,0.0,0.0,0.0,0.0,0.0,0.0,0.0,0.0,0.0,0.0,0.0,0.0,0.0,-1.7089853610687407,4.7313003325984555,-1.9698152149075152,4.033528928298804,-40.095642,17.114359
Surrey Heath,E07000214,90456,76901,70473,837,201,5390,2460,476,263,963,758,8057,2941,1290,474,592,2760,1428,953,292,183,1610,360,1250,45363,8378,10390,7054,4490,3889,3743,2736,1824,2859,48670,29656,9208,2249,670,,107,143,2573,245,330,3607,6054,2229,1786,4103,1736,763,3565,2653,2718,4102,6407,2233,2021,0.8501481383213938,0.08907092951269126,0.01578668081719289,0.02719554258423985,0.01779870876448218,0.5380516494207128,0.32785000442203943,0.1017953480145043,0.024862916777217654,0.007406916069691342,0.9164120102469409,0.010884123743514388,0.0026137501462919857,0.07009011586325276,0.05883083033387117,0.07347648007943403,0.3650242025567829,0.16010922179471268,0.3425592652351992,0.6673669467787114,0.20448179271708683,0.12815126050420167,0.39146341463414636,0.10691056910569105,0.19349593495934958,0.308130081300813,0.2236024844720497,0.7763975155279503,0.1846879615545709,0.2290412891563609,0.15550117937526178,0.09897934439962083,0.08573066155236647,0.08251217952957256,0.06031347133126116,0.04020898088750744,0.06302493221347795,0.0,0.0,0.0,0.0,0.0,0.0,0.0,0.0,0.0,0.0,0.0,0.0,0.0,0.0,0.0,0.0,0.0,0.0,-5.4345812341101185,-1.4097779675490114,2.809175233506317,-0.12644264581500697,-20.13018,-1.4451549
Sutton,E09000029,209636,143145,120014,3118,130,19883,10162,2777,1268,3068,3049,36787,12618,6177,1778,3989,12225,12465,7441,3450,1574,7077,1392,5685,104222,14604,25047,14218,11239,10383,9022,6802,5380,7527,107792,71329,22304,6322,1892,,73,155,3004,395,474,10899,13011,4905,4150,7149,5572,1814,7969,5900,6268,10971,16680,4833,2021,0.6828264229426244,0.17548035642733117,0.059460207216317805,0.048474498654811196,0.033758514758915455,0.5141864946860272,0.3402516743307447,0.10639393997214219,0.030157034097197045,0.009025167433074473,0.838408606657585,0.021782109050263718,0.00090817003737469,0.13890111425477664,0.048332291298556554,0.10843504498871884,0.34300160382743905,0.16791257781281432,0.3323184820724713,0.5969514640994785,0.2767749699157641,0.1262735659847573,0.3019090730171226,0.12477858689234403,0.2732729777602834,0.30003936233024997,0.1966935142009326,0.8033064857990674,0.14012396614918154,0.24032354013548005,0.13642033351883479,0.10783711692349024,0.09962387979505287,0.08656521655696495,0.06526453148087735,0.051620579148356396,0.07222083629176182,0.0,0.0,0.0,0.0,0.0,0.0,0.0,0.0,0.0,0.0,0.0,0.0,0.0,0.0,0.0,0.0,0.0,0.0,-5.319234027179459,-1.7032744527119916,-0.2673395219715146,-0.9649877623167944,-16.48057,8.591976
Swale,E07000113,151677,142341,134385,855,925,6176,2741,814,415,757,755,2312,776,146,406,328,656,3487,2541,452,494,796,127,669,69203,8539,10281,9022,6850,8591,6482,4882,6269,8287,68967,52738,21338,6688,1947,,798,38,5668,385,733,8499,11191,4379,2857,1960,2030,1160,3305,3649,4656,6543,8672,2677,2021,0.9384481496865049,0.015242917515509932,0.02298964246392004,0.018071296241354985,0.005247994092710167,0.4546964932059574,0.3476993875142573,0.14068052506312756,0.04409369911061005,0.012836488063450622,0.9441060551773558,0.006006702215103168,0.006498479004643778,0.04338876360289727,0.17560553633217993,0.14186851211072665,0.3356401384083045,0.06314878892733564,0.2837370242214533,0.7287066246056783,0.12962431889876685,0.14166905649555492,0.27617657789128053,0.15140459686245897,0.2969719080627508,0.27544691718350967,0.15954773869346733,0.8404522613065326,0.12339060445356415,0.14856292357267747,0.13037007066167652,0.09898414808606563,0.12414201696458246,0.09366645954655145,0.07054607459214196,0.09058855829949569,0.11974914382324466,0.0,0.0,0.0,0.0,0.0,0.0,0.0,0.0,0.0,0.0,0.0,0.0,0.0,0.0,0.0,0.0,0.0,0.0,-3.059925860129169,2.9410995118272036,0.046682125965645256,0.39571031056559003,-34.852882,7.911363
Swansea,W06000011,238491,218052,208703,1111,93,8145,3808,669,674,1285,1180,10451,2172,954,2865,1932,2528,2797,2227,235,335,3383,1578,1805,100613,9888,20070,11489,11025,10407,10956,9527,6350,10901,113823,73789,33363,13061,4454,,428,140,6001,443,713,7533,15738,4110,5597,2661,3622,1347,4123,4069,11063,10843,18333,3853,2021,0.9142986527793502,0.0438213601351833,0.011727905874854816,0.01596705955360999,0.014185021657001732,0.47726329295445113,0.30939951612429817,0.1398920713989207,0.05476516933553048,0.01867575715645454,0.9571249059857282,0.005095114926714729,0.0004265037697429971,0.0373534753178141,0.2741364462730839,0.18486269256530474,0.20782700220074635,0.0912831308008803,0.2418907281599847,0.79621022524133,0.08401859134787272,0.11977118341079729,0.33744747899159666,0.17699579831932774,0.17568277310924368,0.30987394957983194,0.4664498965415312,0.5335501034584688,0.09827755856599048,0.1994772047349746,0.11419001520678243,0.10957828511226184,0.10343593770188743,0.10889248904217148,0.09468955303986562,0.06311311659527098,0.10834584000079513,0.0,0.0,0.0,0.0,0.0,0.0,0.0,0.0,0.0,0.0,0.0,0.0,0.0,0.0,0.0,0.0,0.0,0.0,-2.560822823868178,2.592894736745017,-1.1162473368317174,4.412012349986051,-39.06112,16.961647
Swindon,E06000030,233411,190142,173231,1545,177,15189,6495,1972,1051,1694,1778,27173,17643,2025,1403,1156,4946,6123,4149,1044,930,3478,344,3134,117865,12567,21222,14798,11300,11519,10317,9729,10909,15504,112213,82155,28667,8185,2190,,382,119,12247,737,1748,9660,20013,8369,4972,6318,7663,1099,5897,6539,5480,8701,13590,4332,2021,0.8146231325858678,0.11641696406767461,0.026232696830911995,0.027826452052388276,0.014900754463157263,0.48075283512773603,0.35197569951716073,0.12281769068295839,0.03506689916070794,0.009382591223207132,0.911061206887484,0.008125506200629004,0.0009308832346351674,0.07988240367725173,0.051632134839730615,0.04254222941890848,0.6492842159496559,0.07452250395613293,0.1820189158355721,0.677609015188633,0.1705046545810877,0.15188633023027928,0.26081601231716706,0.16181678214010778,0.30361816782140105,0.2737490377213241,0.09890741805635422,0.9010925819436457,0.10662198277690578,0.18005345098205575,0.12555041785093116,0.0958723963856955,0.09773045433334747,0.08753234632842659,0.08254358800322403,0.09255504178509312,0.13154032155432063,0.0,0.0,0.0,0.0,0.0,0.0,0.0,0.0,0.0,0.0,0.0,0.0,0.0,0.0,0.0,0.0,0.0,0.0,-3.764533979562464,1.653100892998187,-1.036301831316807,-1.5750898091146328,-24.357487,11.155893
Tameside,E08000008,231070,197676,190305,1536,112,5723,4963,1854,859,1344,906,21198,3737,8966,5842,1402,1251,5275,4115,612,548,1958,540,1418,105654,10510,15922,13385,11631,12334,10883,10159,9628,11202,104704,77895,33204,11821,3447,,130,93,10078,840,839,9740,17867,5900,4634,3455,3405,1807,5388,5591,6057,9374,16290,4171,2021,0.8554810230666032,0.09173843424070628,0.02282858008395724,0.02147833989700091,0.008473622711732376,0.45312675812524345,0.3371056389838577,0.14369671528108366,0.05115765785259878,0.01491755745012334,0.9627117100710253,0.0077702907788502395,0.0005665837026244966,0.028951415447499948,0.2755920369846212,0.06613831493537126,0.1762902160581187,0.422964430606661,0.05901500141522785,0.7800947867298578,0.11601895734597156,0.10388625592417061,0.27080394922425954,0.17308079790449324,0.37356437638525086,0.18255087648599638,0.27579162410623087,0.7242083758937692,0.09947564692297499,0.15069945293126621,0.12668711075775646,0.11008575160429326,0.11673954606545896,0.10300603857875708,0.09615348212088515,0.09112764306131334,0.10602532795729457,0.0,0.0,0.0,0.0,0.0,0.0,0.0,0.0,0.0,0.0,0.0,0.0,0.0,0.0,0.0,0.0,0.0,0.0,-2.1143789234652055,3.4152224838066516,-2.640980139431877,0.8173155358887263,-30.510876,16.849203
Tamworth,E07000199,78642,75309,71456,449,17,3387,1472,756,119,369,228,1081,506,103,38,201,233,492,151,257,84,288,56,232,38155,4191,4971,4398,3973,4125,3320,3502,3982,5693,35798,27433,10922,3434,1060,,65,42,4653,161,319,3602,8168,3538,1696,1119,864,293,1453,2196,1539,2850,4111,1496,2021,0.9576180666819257,0.01374583555860736,0.006256198977645533,0.018717733526614277,0.0036621652552071412,0.4552020548816154,0.34883395641006076,0.1388825309630986,0.043666234327712924,0.013478802675415173,0.9488374563465191,0.005962102803117821,0.00022573663174388188,0.04497470421861929,0.03515263644773358,0.18593894542090658,0.46808510638297873,0.09528214616096208,0.21554116558741906,0.30691056910569103,0.5223577235772358,0.17073170731707318,0.250679347826087,0.08084239130434782,0.5135869565217391,0.15489130434782608,0.19444444444444445,0.8055555555555556,0.10984143624688769,0.13028436640020968,0.11526667540296161,0.10412789935788232,0.10811164984929891,0.08701349757567815,0.09178351461145329,0.10436377932118988,0.14920718123443846,0.0,0.0,0.0,0.0,0.0,0.0,0.0,0.0,0.0,0.0,0.0,0.0,0.0,0.0,0.0,0.0,0.0,0.0,-1.2333590168814637,3.749526892723143,-0.6746408375124704,-4.0530900136909285,-29.746416,10.392193
Tandridge,E07000215,87877,78584,73343,998,331,3912,3331,918,359,1137,917,3271,1300,346,223,460,942,1929,931,750,248,762,96,666,42576,8361,9177,6669,4498,4144,3565,2157,1679,2326,45917,28955,9685,2570,750,,230,56,1689,222,251,4793,4934,1594,1394,2504,3421,959,3825,2521,2451,4561,4951,2216,2021,0.8942499174983215,0.03722248142289791,0.021951136247254685,0.0379052539344766,0.008671210897049284,0.5225144235693071,0.3294946345460132,0.11021086291065922,0.02924542257928696,0.008534656394733548,0.9333070345108418,0.012699786216023618,0.004212053344192202,0.04978112592894228,0.06817487007031489,0.1406297768266585,0.39743197798838276,0.1057780495261388,0.28798532558850504,0.48263348885432866,0.38880248833592534,0.128564022809746,0.3413389372560793,0.10777544280996698,0.27559291504052835,0.2752927048934254,0.12598425196850394,0.8740157480314961,0.1963782412626832,0.21554396843291995,0.15663754227733934,0.10564637354378054,0.09733183013904548,0.0837326193160466,0.050662344983089067,0.039435362645621946,0.05463171739947388,0.0,0.0,0.0,0.0,0.0,0.0,0.0,0.0,0.0,0.0,0.0,0.0,0.0,0.0,0.0,0.0,0.0,0.0,-5.013810245034711,-0.9412930478952746,3.198143462727218,-1.9635128193575044,-21.754358,-5.0490384
Teignbridge,E07000045,134802,131668,127937,575,131,3025,1564,313,190,568,493,1004,190,34,111,251,418,216,136,51,29,350,68,282,62138,8403,11561,7544,5507,8125,6677,4663,3910,5748,61426,47053,19026,5739,1559,,1118,209,3531,355,633,6397,9702,2313,3733,1770,1055,1021,3867,2951,3572,6063,10773,3077,2021,0.9767510867791279,0.007447960712749069,0.0016023501134997996,0.01160220174774855,0.0025964006468746754,0.45567573181406806,0.3490526846782689,0.14114033916410737,0.04257355232118218,0.011565110309936054,0.9716635780903484,0.0043670443843606644,0.0009949266336543427,0.02297445089163654,0.11055776892430279,0.25,0.1892430278884462,0.03386454183266932,0.4163346613545817,0.6296296296296297,0.2361111111111111,0.13425925925925927,0.3631713554987212,0.12148337595907928,0.20012787723785166,0.31521739130434784,0.19428571428571428,0.8057142857142857,0.13523125945476197,0.18605362258199493,0.12140719044706942,0.08862531784093469,0.1307573465512247,0.10745437574431105,0.07504264701149055,0.06292445846342012,0.09250378190479255,0.0,0.0,0.0,0.0,0.0,0.0,0.0,0.0,0.0,0.0,0.0,0.0,0.0,0.0,0.0,0.0,0.0,0.0,-2.842455051488157,3.0819278977516533,2.1996712450508547,1.3532766085672956,-36.20003,0.56910574
Telford and Wrekin,E06000020,185543,163638,153936,723,203,8776,4844,2083,676,1315,770,10067,4559,3368,207,818,1115,5351,3962,748,641,1643,242,1401,85498,9152,14031,10426,7686,8883,8386,6757,9432,10745,85273,63231,25683,8812,2542,,805,82,12160,387,921,6765,13121,3891,3657,3719,2120,1195,3246,4594,6425,7609,11723,3072,2021,0.8819411133807258,0.054256964692820535,0.028839675978075165,0.026107155753652793,0.00885509019472575,0.4595861875683804,0.3407889276340255,0.13842074343952615,0.04749303395978291,0.013700328225802106,0.9407105928940711,0.004418289150441829,0.0012405431501240542,0.053630574805363054,0.020562233038641103,0.08125558756332572,0.45286579914572367,0.3345584583291944,0.11075792192311514,0.7404223509624369,0.13978695570921323,0.11979069332834984,0.27146985962014863,0.13955408753096615,0.4300165152766309,0.15895953757225434,0.1472915398660986,0.8527084601339014,0.10704343961262251,0.16410910196729747,0.12194437296778872,0.08989683969215655,0.10389716718519731,0.09808416571147863,0.07903108844651337,0.11031837002035136,0.12567545439659408,0.0,0.0,0.0,0.0,0.0,0.0,0.0,0.0,0.0,0.0,0.0,0.0,0.0,0.0,0.0,0.0,0.0,0.0,-2.5588271533328717,3.398690627967107,-1.773226681162542,-1.4463817013236626,-28.318676,13.434163
Tendring,E07000076,148293,142656,138604,1142,110,2800,2393,884,361,605,543,1794,462,88,131,505,608,910,454,323,133,540,75,465,58280,7191,7457,6596,5591,8071,7829,5007,4518,6020,58492,52819,25460,8891,2630,,628,50,3241,318,562,7023,9502,3626,2967,1608,1632,905,2484,3063,2865,5397,9716,2693,2021,0.9619874168032206,0.012097671501689224,0.006136500037088736,0.01613697207555313,0.0036414395824482613,0.3944353408454883,0.35617999500987907,0.17168713290580134,0.059955628384347204,0.017735159447849865,0.9715960071781068,0.008005271422162405,0.0007710856886496187,0.019627635711081202,0.07302118171683389,0.2814938684503902,0.25752508361204013,0.04905239687848383,0.33890746934225197,0.4989010989010989,0.35494505494505496,0.14615384615384616,0.2528207271207689,0.150856665273715,0.36941078144588385,0.22691182615963226,0.1388888888888889,0.8611111111111112,0.12338709677419354,0.1279512697323267,0.11317776252573782,0.0959334248455731,0.1384866163349348,0.13433424845573094,0.08591283459162663,0.077522306108442,0.10329444063143445,0.0,0.0,0.0,0.0,0.0,0.0,0.0,0.0,0.0,0.0,0.0,0.0,0.0,0.0,0.0,0.0,0.0,0.0,-1.1601457659444399,5.525850676301625,-0.3356610665066827,-0.16350897747483506,-40.98133,6.4862537
Test Valley,E07000093,130491,121457,114873,607,170,5807,2312,454,378,835,645,4284,1666,337,248,676,1357,1458,974,241,243,980,188,792,65861,10383,13522,9305,7023,6516,5275,4160,3896,5781,65696,44842,14925,3958,1071,,859,83,5102,285,372,5364,9764,2735,2488,3630,3242,1063,4503,3480,5721,5975,8432,2763,2021,0.9307691718202787,0.032829850334505827,0.0111731843575419,0.01771769700592378,0.007510096481749699,0.5034523453724778,0.34364055758634693,0.11437570407154517,0.03033159374976052,0.008207462583626457,0.9457915146924426,0.004997653490535745,0.0013996723120116585,0.047811159505010005,0.05788982259570495,0.15779645191409897,0.3888888888888889,0.07866479925303455,0.3167600373482726,0.6680384087791496,0.16529492455418382,0.16666666666666666,0.361159169550173,0.16349480968858132,0.19636678200692043,0.2789792387543253,0.19183673469387755,0.8081632653061225,0.15765020269962496,0.20531118567892986,0.1412823977771367,0.10663366787628491,0.09893563717526306,0.08009292297414251,0.06316332882889722,0.05915488680706336,0.08777577018265742,0.0,0.0,0.0,0.0,0.0,0.0,0.0,0.0,0.0,0.0,0.0,0.0,0.0,0.0,0.0,0.0,0.0,0.0,-4.199915060231052,0.6957513499648149,2.6229975948295663,0.19915319496916112,-25.847885,0.40407494
Tewkesbury,E07000083,94882,90206,85720,537,360,3589,1699,591,192,531,385,1924,798,112,111,229,674,595,341,151,103,458,73,385,46524,6696,9517,6392,5693,4804,3883,3168,2790,3581,47236,32541,11385,2956,766,,645,60,4351,374,296,3914,6499,1540,1940,2252,2146,693,2877,2359,3942,4576,6155,1906,2021,0.9507177336059527,0.020277818764359943,0.006270947071098838,0.017906452224868783,0.004827048333719778,0.4978394215973525,0.3429628380514745,0.11999114689825256,0.03115448662549272,0.008073185641112118,0.9502693834113031,0.005953040817683968,0.003990865352637297,0.03978671041837572,0.057692307692307696,0.11902286902286903,0.41476091476091476,0.058212058212058215,0.3503118503118503,0.573109243697479,0.253781512605042,0.173109243697479,0.3125367863449088,0.11300765155974102,0.3478516774573278,0.22660388463802236,0.15938864628820962,0.8406113537117904,0.14392571575960794,0.20456108675092424,0.1373914538732697,0.12236695039119594,0.10325853323016078,0.08346229902845843,0.06809388702605107,0.05996904823316997,0.0769710257071619,0.0,0.0,0.0,0.0,0.0,0.0,0.0,0.0,0.0,0.0,0.0,0.0,0.0,0.0,0.0,0.0,0.0,0.0,-3.5506367505725316,1.0300604114763552,2.382056804375802,-1.7540423805240928,-29.357635,-5.0495124
Thanet,E07000114,140587,130719,122796,1145,185,6593,3420,1042,591,894,893,3259,941,272,254,448,1344,1481,859,453,169,1708,247,1461,59190,7096,9544,7433,5135,6913,7762,4916,4083,6308,59000,49262,22148,7823,2354,,349,23,3617,339,369,6099,8793,2758,3418,1636,1328,863,2797,3105,3208,6553,10704,3225,2021,0.9298085882762986,0.023181375233840968,0.010534402185123802,0.02432657358077205,0.01214906072396452,0.4196689594343716,0.350402242028068,0.15753945955173665,0.05564525880771337,0.01674408017811035,0.9393890712138251,0.008759246934263573,0.0014152495046626733,0.05043643234724868,0.07793801779687021,0.13746548020865296,0.2887388769561215,0.08346118441239644,0.41239644062595887,0.5800135043889264,0.3058744091829845,0.11411208642808914,0.2614035087719298,0.17280701754385966,0.30467836257309944,0.2611111111111111,0.1446135831381733,0.8553864168618267,0.11988511572900828,0.16124345328602804,0.12557864504139213,0.08675451934448386,0.11679337725967225,0.13113701638790337,0.08305457002872106,0.06898124683223518,0.10657205609055584,0.0,0.0,0.0,0.0,0.0,0.0,0.0,0.0,0.0,0.0,0.0,0.0,0.0,0.0,0.0,0.0,0.0,0.0,-2.3771974420210102,4.041697666697277,-0.6484502956474345,0.495046816752811,-42.394367,5.3899436
Three Rivers,E07000102,93772,72316,63706,1977,86,6547,3390,768,343,1346,933,14265,10166,1176,227,712,1984,2233,1235,746,252,1568,296,1272,46948,8784,11673,6916,4805,4157,3421,2369,1887,2936,50330,30357,9788,2586,710,,87,38,2180,182,295,4936,6041,1865,1654,3504,2277,1057,4252,2591,2396,5089,6083,2422,2021,0.7711896941517724,0.15212430149724865,0.02381307853090475,0.03615151644414111,0.016721409375933114,0.5367273813078531,0.32373203088341934,0.10438083862986819,0.02757752847331826,0.007571556541398285,0.8809392112395598,0.027338348359975662,0.0011892250677581725,0.09053321533270646,0.015913073957237994,0.04991237294076411,0.7126533473536628,0.08243953732912723,0.13908166841920785,0.5530676220331393,0.3340797133900582,0.11285266457680251,0.39705014749262535,0.10117994100294986,0.22654867256637168,0.2752212389380531,0.18877551020408162,0.8112244897959183,0.18710062196472693,0.24863678963960126,0.14731191957058873,0.10234727783931158,0.08854477294027435,0.07286785379568884,0.05046008349663458,0.04019340546988157,0.06253727528329216,0.0,0.0,0.0,0.0,0.0,0.0,0.0,0.0,0.0,0.0,0.0,0.0,0.0,0.0,0.0,0.0,0.0,0.0,-5.677652482139435,-2.3271254893067312,2.0616953298807696,-2.4151680093936907,-19.591225,2.7489383
Thurrock,E06000034,175993,134984,116430,993,428,17133,5252,1693,1115,1099,1345,12205,3982,2145,2502,997,2579,20877,16171,2174,2532,2675,369,2306,85948,9480,12527,9673,10207,9661,7211,7076,8615,11498,89350,58689,20323,5904,1735,,150,89,4312,399,796,10722,16044,8982,3277,2655,4138,1164,4201,4714,4350,6936,10021,2991,2021,0.7669850505417829,0.06934934912184007,0.11862403618325729,0.029842095992454246,0.015199468160665482,0.5076906467870881,0.3334734904229145,0.11547618371185217,0.03354678879273607,0.00985834663878677,0.8625466721981865,0.0073564274284359625,0.003170746162508149,0.12692615421086945,0.20499795165915607,0.08168783285538714,0.3262597296190086,0.1757476444080295,0.2113068414584187,0.7745844709488912,0.10413373568999378,0.12128179336111511,0.20925361766945924,0.2123000761614623,0.32235338918507234,0.2560929169840061,0.13794392523364485,0.8620560747663552,0.11029925070973147,0.14575091916042257,0.11254479452692326,0.11875785358588914,0.1124051752222274,0.08389956718015544,0.082328850002327,0.10023502582957138,0.13377856378275235,0.0,0.0,0.0,0.0,0.0,0.0,0.0,0.0,0.0,0.0,0.0,0.0,0.0,0.0,0.0,0.0,0.0,0.0,-3.905109231301777,1.0763227212994317,-2.459572314591992,0.15814376189913149,-21.799736,12.989516
Tonbridge and Malling,E07000115,132201,123287,116787,849,462,5189,2943,670,416,1041,816,3876,1547,289,376,665,999,1314,873,278,163,781,169,612,64424,10664,13058,9610,6728,6666,5106,4187,3346,5059,67896,44052,14959,4164,1130,,397,57,3277,315,620,7123,9269,2712,2197,2984,4597,1160,4912,3654,3601,6629,7849,3070,2021,0.9325723708595245,0.02931899153561622,0.00993941044318878,0.02226155626659405,0.005907670895076437,0.5135815916672339,0.3332198697437992,0.11315345572272524,0.031497492454671296,0.008547590411570261,0.9472774907330052,0.0068863708257967185,0.0037473537355925605,0.04208878470560562,0.09700722394220847,0.1715686274509804,0.3991228070175439,0.07456140350877193,0.25773993808049533,0.6643835616438356,0.2115677321156773,0.12404870624048706,0.35372069317023447,0.14135236153584776,0.22765885151206253,0.27726809378185524,0.21638924455825864,0.7836107554417413,0.16552837451881286,0.20268843909102197,0.14916801192102322,0.1044331305103688,0.10347075623991059,0.07925617782192972,0.06499130758723456,0.05193716627343847,0.07852663603625978,0.0,0.0,0.0,0.0,0.0,0.0,0.0,0.0,0.0,0.0,0.0,0.0,0.0,0.0,0.0,0.0,0.0,0.0,-4.332987847244661,0.23063712081750257,2.6479885521165385,0.05467619582717685,-22.528534,-3.8768318
Torbay,E06000027,139324,133922,128375,714,41,4792,2084,581,288,679,536,2254,527,162,129,435,1001,447,264,135,48,617,136,481,58933,7199,8239,6364,4952,7759,8347,5143,4109,6821,58842,47697,22578,7894,2313,,413,61,3465,200,442,6048,9721,2357,5042,1230,766,1066,2470,2772,2876,5156,12091,2761,2021,0.961227067841865,0.016178117194453216,0.0032083488846142805,0.014957939766300134,0.004428526312767363,0.42233929545519794,0.34234589876833854,0.1620539174872958,0.05665929775200253,0.01660159053716517,0.9585803676767073,0.005331461597049028,0.0003061483550126193,0.035782022371231015,0.05723158828748891,0.1929902395740905,0.23380656610470274,0.07187222715173026,0.4440993788819876,0.5906040268456376,0.30201342281879195,0.10738255033557047,0.32581573896353166,0.1381957773512476,0.2787907869481766,0.2571976967370441,0.22042139384116693,0.779578606158833,0.12215566830129129,0.1398028269390664,0.10798703612576994,0.08402762459063683,0.1316579844908625,0.14163541648991226,0.08726859314815129,0.06972324504097874,0.11574160487333073,0.0,0.0,0.0,0.0,0.0,0.0,0.0,0.0,0.0,0.0,0.0,0.0,0.0,0.0,0.0,0.0,0.0,0.0,-1.6219232164295507,4.956467061333148,-0.06659261377500128,1.213667983179035,-41.71483,5.5633855
Torfaen,W06000020,92276,89596,87873,296,265,1162,1005,343,136,264,262,1202,254,91,99,212,546,228,118,69,41,245,46,199,40657,3949,6130,4982,4181,4788,4691,3462,3916,4558,39335,31301,14340,5584,1716,,112,17,4705,298,444,3811,6251,1671,1560,923,1179,858,1446,1614,4285,3330,6659,1488,2021,0.9709566951319953,0.013026138974381204,0.002470848324591443,0.010891239325501756,0.002655078243530279,0.42627552126230006,0.3392106289826174,0.15540335515193548,0.0605141098443799,0.018596384758767178,0.9807692307692307,0.0033037189160230367,0.0029577213268449486,0.012969328987901246,0.08236272878535773,0.17637271214642264,0.2113144758735441,0.07570715474209651,0.454242928452579,0.5175438596491229,0.3026315789473684,0.17982456140350878,0.2626865671641791,0.13532338308457711,0.34129353233830845,0.2606965174129353,0.18775510204081633,0.8122448979591836,0.0971296455714883,0.15077354453107705,0.12253732444597486,0.10283592001377377,0.11776569840371892,0.11537988538259095,0.08515138844479425,0.09631797722409426,0.11210861598248764,0.0,0.0,0.0,0.0,0.0,0.0,0.0,0.0,0.0,0.0,0.0,0.0,0.0,0.0,0.0,0.0,0.0,0.0,-1.544815154512052,4.761390742671178,-0.4149263972901847,0.2926688785571469,-42.82232,7.6222386
Torridge,E07000046,68114,66920,65452,288,54,1126,630,149,65,250,166,356,66,13,12,110,155,75,31,31,13,133,19,114,30053,3595,3801,2900,2524,5648,3723,2332,2211,3319,29852,23713,10453,3216,880,,2129,45,2530,92,250,3366,4662,954,1854,565,339,401,1455,1473,1161,2618,4735,1428,2021,0.9824705640543794,0.005226531990486537,0.0011010952227148603,0.009249199870804827,0.0019526088616143523,0.4382652611797868,0.34813694688316643,0.15346331150717915,0.047214963150013216,0.012919517279854362,0.9780633592349074,0.0043036461446503286,0.0008069336521219367,0.016826060968320383,0.033707865168539325,0.3089887640449438,0.1853932584269663,0.03651685393258427,0.4353932584269663,0.41333333333333333,0.41333333333333333,0.17333333333333334,0.3968253968253968,0.10317460317460317,0.2365079365079365,0.2634920634920635,0.14285714285714285,0.8571428571428571,0.11962200113133464,0.12647655808072406,0.09649619006421987,0.0839849599041693,0.18793464878714272,0.12388114331347952,0.07759624663095198,0.07357002628689316,0.11043822580108476,0.0,0.0,0.0,0.0,0.0,0.0,0.0,0.0,0.0,0.0,0.0,0.0,0.0,0.0,0.0,0.0,0.0,0.0,-1.463407556254784,5.013486978752018,1.9363953923478827,-0.19897642535255675,-39.67021,0.23681594
Tower Hamlets,E09000030,310306,122266,71177,3567,110,47412,15409,3593,2236,4374,5206,137856,10135,3341,107333,10279,6768,22693,15373,4930,2390,12082,3588,8494,155392,20628,49021,27819,11184,7508,9276,10470,6949,12537,164359,99697,31182,11172,3896,,90,129,3399,546,216,4906,17590,6298,12001,15545,18312,2732,21102,7234,6517,14077,16447,8248,2021,0.39401751819172043,0.444258248309733,0.07313103839435911,0.049657434919079875,0.0389357601851076,0.5296674895103543,0.32128608534801134,0.10048790548684203,0.03600317106340193,0.012555348591390434,0.5821487576268136,0.029174095823859453,0.0008996777517870872,0.38777746879753977,0.7785878017641596,0.07456331244196843,0.07351874419684308,0.02423543407613742,0.049094707520891366,0.6774335698232935,0.21724760939496762,0.10531882078173886,0.2838600817703939,0.1451100006489714,0.23317541696411187,0.33785450061652283,0.29697070021519617,0.7030292997848039,0.13274814662273476,0.3154666906919275,0.17902466021416805,0.07197281713344317,0.048316515650741354,0.05969419275123559,0.06737798599670511,0.044719161861614495,0.08067982907742999,0.0,0.0,0.0,0.0,0.0,0.0,0.0,0.0,0.0,0.0,0.0,0.0,0.0,0.0,0.0,0.0,0.0,0.0,-7.819971543329616,-5.57791578087057,-4.587859207684332,1.9468427403908344,-9.878458,6.5354557
Trafford,E08000009,235053,182761,169550,4884,46,8281,8834,3091,1068,2443,2232,29588,10208,11479,634,4813,2454,8086,3636,3442,1008,5784,2457,3327,111558,16656,32126,16379,10964,7641,7792,7937,4475,7588,124806,72803,26515,8406,2522,,142,101,5919,676,692,7251,15373,4625,4259,7193,5389,2280,10896,5815,5435,12749,17923,4840,2021,0.7775310249177845,0.1258779934738123,0.034400752170787016,0.03758301319276929,0.024607216244846908,0.5309696111089839,0.30973014596707976,0.1128043462538236,0.0357621472604051,0.01072949505005254,0.9277143373039106,0.026723425676156293,0.00025169483642571445,0.04531054218350742,0.02142760578612951,0.16266729755306206,0.3450047316479654,0.38796133567662566,0.08293902933621738,0.44966608953747217,0.4256740044521395,0.12465990601038833,0.2765451664025357,0.12089653611048223,0.3498981208965361,0.252660176590446,0.42479253112033194,0.575207468879668,0.1493035013177002,0.2879757614872981,0.14682048799727496,0.09828071496441312,0.06849351906631528,0.06984707506409223,0.07114684737983828,0.04011366284802524,0.06801842987504259,0.0,0.0,0.0,0.0,0.0,0.0,0.0,0.0,0.0,0.0,0.0,0.0,0.0,0.0,0.0,0.0,0.0,0.0,-4.660886347614689,-1.9523645759066577,-0.0015658653009546918,-1.3368472081901517,-20.85876,5.5895543
Tunbridge Wells,E07000116,115314,105562,97049,913,333,7267,2949,478,368,1285,818,4566,1692,367,548,681,1278,1131,828,174,129,1106,247,859,55895,10209,13095,8175,4905,5128,4438,3608,2098,4239,60833,37512,12586,3415,965,,568,81,2190,206,259,4611,7648,1665,2175,3197,5046,1093,5488,3277,2129,5781,7730,2753,2021,0.9154309103838215,0.03959623289453145,0.009808002497528487,0.025573651074457568,0.009591203149660926,0.527542189153095,0.3253030854883189,0.10914546369044521,0.029614790918708916,0.00836845482768788,0.9193554498777969,0.008648945643318619,0.003154544248877437,0.06884106023000701,0.12001752080595707,0.14914586070959265,0.37056504599211565,0.08037669732807709,0.27989487516425754,0.7320954907161804,0.15384615384615385,0.11405835543766578,0.43574092912851814,0.12478806375042387,0.16208884367582232,0.2773821634452357,0.22332730560578662,0.7766726943942134,0.18264603273995886,0.2342785580105555,0.1462563735575633,0.08775382413453797,0.09174344753555774,0.07939887288666249,0.06454960193219429,0.03753466320780034,0.07583862599516951,0.0,0.0,0.0,0.0,0.0,0.0,0.0,0.0,0.0,0.0,0.0,0.0,0.0,0.0,0.0,0.0,0.0,0.0,-5.106681798349297,-0.5876477668730808,3.0449579846734216,0.9184131127442703,-21.299744,-3.4503005
Uttlesford,E07000077,91344,86296,81245,844,105,4102,2016,498,262,731,525,1722,572,128,170,273,579,709,377,207,125,601,79,522,45743,8868,9467,7026,4584,4670,3478,2525,2101,3024,49323,29898,9180,2301,639,,697,24,3141,139,234,5060,5824,2412,1454,2238,2460,870,4561,2657,2302,4599,4906,2160,2021,0.9447363811525661,0.018851812926957437,0.007761867227185146,0.02207041513399895,0.006579523559292345,0.5399697845507094,0.3273121387283237,0.10049921177088807,0.025190488702049395,0.006995533368365738,0.9414688977472884,0.009780291091128209,0.0012167423750811162,0.04753406878650227,0.09872241579558652,0.15853658536585366,0.3321718931475029,0.0743321718931475,0.3362369337979094,0.5317348377997179,0.2919605077574048,0.1763046544428773,0.36259920634920634,0.12996031746031747,0.24702380952380953,0.2604166666666667,0.1314475873544093,0.8685524126455907,0.19386572808954375,0.2069606278556282,0.15359727171370482,0.10021205430339068,0.1020921233849988,0.07603349146317469,0.05519970268674988,0.04593052488905406,0.06610847561375512,0.0,0.0,0.0,0.0,0.0,0.0,0.0,0.0,0.0,0.0,0.0,0.0,0.0,0.0,0.0,0.0,0.0,0.0,-4.839537206484008,-0.5164673536298301,3.866522606957673,-1.088473985197174,-22.316282,-0.85401213
Vale of Glamorgan,W06000014,131939,124800,121371,659,48,2722,2987,1005,477,734,771,2807,892,335,172,579,829,624,283,219,122,721,268,453,59915,8171,13209,8717,5979,5518,6189,4672,3013,4447,63999,42548,17533,5906,1953,,387,69,3083,447,415,4548,7768,2265,2774,2271,2642,1026,4020,2498,6339,6415,10091,2854,2021,0.9458916620559501,0.021274983136146248,0.00472945831027975,0.022639249956419253,0.005464646541204648,0.4850650679480669,0.32248235927208785,0.1328871675547033,0.04476311022517982,0.014802294999962103,0.9725240384615385,0.005280448717948718,0.0003846153846153846,0.021810897435897435,0.06127538297114357,0.20627003918774492,0.3177769861061632,0.1193444959030994,0.29533309583184897,0.453525641025641,0.35096153846153844,0.1955128205128205,0.24573150318044862,0.15969199866086375,0.33645798459993304,0.2581185135587546,0.37170596393897365,0.6282940360610264,0.13637653342234832,0.22046232162229826,0.145489443378119,0.09979137110907119,0.09209713761161646,0.10329633647667529,0.0779771342735542,0.050287907869481764,0.07422181423683552,0.0,0.0,0.0,0.0,0.0,0.0,0.0,0.0,0.0,0.0,0.0,0.0,0.0,0.0,0.0,0.0,0.0,0.0,-2.9820592955210623,1.5825289290909283,1.0316445944273178,0.13977105300923187,-31.551407,-0.5064173
Vale of White Horse,E07000180,138913,126104,115517,1146,119,9322,3452,734,435,1266,1017,5490,1587,650,257,1283,1713,2315,1450,503,362,1552,350,1202,70864,10709,19019,10630,6325,6780,5179,3833,3345,5044,72726,46700,14989,3585,913,,657,146,4769,446,561,5732,8146,1988,2514,5269,1387,956,8120,3202,5378,10062,8243,3285,2021,0.9077912074463873,0.03952113913024699,0.016665106937435663,0.024850086025066047,0.011172460460863993,0.523536314095873,0.3361816388674926,0.10790206820096031,0.02580751981456019,0.0065724590211139345,0.9160454862653048,0.00908773710588086,0.0009436655458986234,0.07392311108291569,0.04681238615664845,0.2336976320582878,0.2890710382513661,0.11839708561020036,0.3120218579234973,0.6263498920086393,0.21727861771058316,0.15637149028077754,0.3667439165701043,0.12601390498261877,0.21263035921205098,0.29461181923522595,0.22551546391752578,0.7744845360824743,0.15112045608489502,0.2683873334838564,0.15000564461503726,0.08925547527658614,0.09567622488146309,0.0730836531948521,0.05408952359449085,0.047203093249040415,0.07117859561977873,0.0,0.0,0.0,0.0,0.0,0.0,0.0,0.0,0.0,0.0,0.0,0.0,0.0,0.0,0.0,0.0,0.0,0.0,-4.991497795389595,-0.7590994795806157,3.169533947226862,0.15529350018837476,-23.249437,-1.1307589
Wakefield,E08000036,353370,328742,311634,963,280,15865,4938,1338,859,1708,1033,12633,2291,7107,74,1113,2048,4516,3589,361,566,2541,559,1982,164641,17223,24634,20031,15270,17587,15735,13016,16680,24465,157984,121164,51084,17900,5238,,631,240,15989,1377,1541,15422,33869,9950,6436,4368,4776,2306,6811,7951,9933,13772,23332,5935,2021,0.9303053456716756,0.03575006367263774,0.012779805869202252,0.013974021563799984,0.007190763222684439,0.4470781334012508,0.3428813991000934,0.14456235673656506,0.05065512069502221,0.014822990067068512,0.9479591898814268,0.002929348851074703,0.000851731753168138,0.048259729514330385,0.0058576743449695245,0.08810258845879838,0.18135043140979973,0.5625742104013298,0.16211509538510252,0.7947298494242693,0.07993799822852081,0.12533215234720993,0.3458890238963143,0.17395706763872013,0.2709599027946537,0.20919400567031188,0.21999212908303817,0.7800078709169618,0.10460942292624559,0.14962251201098148,0.12166471292083988,0.09274725007744122,0.10682029385147078,0.09557157694620416,0.07905685704046987,0.10131133800207724,0.14859603622426978,0.0,0.0,0.0,0.0,0.0,0.0,0.0,0.0,0.0,0.0,0.0,0.0,0.0,0.0,0.0,0.0,0.0,0.0,-2.324634381901676,4.015952362650595,-1.542694897282791,0.8818693532493949,-32.009327,19.066471
Walsall,E08000030,284126,202724,191529,1070,356,9769,9317,4834,620,2386,1477,53199,22726,19739,6378,891,3465,13024,6439,4889,1696,5862,509,5353,118536,11430,17660,12590,11247,14409,12276,10354,12558,16012,126170,97681,41567,14222,4484,,156,56,13295,556,1247,11449,21851,8739,5211,2583,2847,1675,4186,5610,5564,11330,18063,4117,2021,0.7135003484369611,0.18723735244222633,0.045838817989201974,0.032791789558153775,0.020631691573456845,0.4440635492703941,0.3437946544842781,0.1462977692995361,0.05005525717463379,0.015781730640631268,0.944777135415639,0.0052781121130206585,0.001756082160967621,0.048188670310372723,0.11988947160660915,0.01674843512096092,0.4271884809864847,0.3710408090377639,0.06513280324818135,0.4943949631449631,0.37538390663390664,0.13022113022113022,0.25609101642159493,0.06654502522271118,0.518836535365461,0.1585274229902329,0.08683043329921529,0.9131695667007848,0.09642640210568941,0.14898427481946414,0.1062124586623473,0.09488256732132011,0.12155800769386516,0.10356347438752785,0.08734899102382399,0.10594249848147398,0.1350813255044881,0.0,0.0,0.0,0.0,0.0,0.0,0.0,0.0,0.0,0.0,0.0,0.0,0.0,0.0,0.0,0.0,0.0,0.0,-2.1167709203211293,3.4359280513194284,-3.60516417896478,-4.005113967187221,-23.317146,18.958473
Waltham Forest,E09000031,278428,147024,94766,4230,198,47830,17983,5135,2777,3875,6196,55545,9134,28740,5166,2626,9879,41647,18759,17587,5301,16229,2884,13345,140372,17473,32185,21194,11608,14037,10474,9284,8341,15776,143437,93169,29590,9277,2953,,77,49,4065,368,491,14850,17360,6571,8304,9506,5384,2559,12705,9471,7322,15087,17492,8707,2021,0.5280503397646789,0.1994950220523798,0.14957906532388984,0.06458761331475282,0.058287959544298704,0.5151672963926042,0.3346251095435804,0.10627523093941701,0.033319206401655005,0.010605973537144252,0.6445614321471325,0.02877081292850147,0.0013467189030362389,0.32532103602132983,0.09300567107750472,0.04727698262669907,0.1644432442164011,0.517418309478801,0.17785579260059411,0.45042860230028575,0.4222873196148582,0.12728407808485606,0.2154812878830006,0.1544236223099594,0.2855474614914085,0.3445476283156314,0.17770657465031733,0.8222934253496826,0.12447639130310888,0.22928361781551876,0.15098452682871227,0.08269455446955233,0.09999857521443023,0.07461602028894651,0.0661385461488046,0.059420682187330806,0.11238708574359559,0.0,0.0,0.0,0.0,0.0,0.0,0.0,0.0,0.0,0.0,0.0,0.0,0.0,0.0,0.0,0.0,0.0,0.0,-6.589360879255996,-3.5265806836768276,-4.313413706750507,-1.632546153806761,-14.179465,8.875443
Wandsworth,E09000032,327506,222090,157048,8061,120,56861,20598,5340,2494,5776,6988,38314,9599,12249,1639,4658,10169,33062,17330,11356,4376,13442,3860,9582,190442,35827,61870,37329,13285,7838,11073,8031,5178,10011,198576,91919,26746,7868,2397,,100,452,4972,932,310,8684,18780,5358,9278,17974,18887,5424,29435,10016,8910,16117,23082,11730,2021,0.6781249809163802,0.11698716970070777,0.10095082227501176,0.06289350424114368,0.04104352286675664,0.606327823001716,0.28066356036225293,0.08166567940740017,0.0240239873467967,0.007318949881834226,0.7071367463640866,0.03629609617722545,0.0005403214912873159,0.2560268359674006,0.042778096779245184,0.12157435924205251,0.2505350524612413,0.31970037062170487,0.2654121208957561,0.5241667170770068,0.3434758937753312,0.13235738914766196,0.2804155743276046,0.12107971647732789,0.25924847072531315,0.33925623846975433,0.28715964886177653,0.7128403511382235,0.18812551853057624,0.32487581520882997,0.19601243423194464,0.06975877169952006,0.04115688766133521,0.05814368679177912,0.04217031957236324,0.027189380493798637,0.05256718580985287,0.0,0.0,0.0,0.0,0.0,0.0,0.0,0.0,0.0,0.0,0.0,0.0,0.0,0.0,0.0,0.0,0.0,0.0,-8.41109133237339,-6.643500439649159,0.4022164771975471,-0.4174548909695442,-12.788396,4.5097666
Warrington,E06000007,210973,197305,185940,1366,115,9884,3335,785,593,1204,753,6954,2347,1760,197,1326,1324,1576,1075,277,224,1803,393,1410,103191,13604,20853,13972,10010,8742,8344,8503,7152,12011,105613,69138,25599,8265,2359,,312,128,7428,1025,2076,8414,17513,6492,4163,5303,2879,1464,7349,5726,5619,8601,14608,4090,2021,0.9352144587222062,0.0329615638020031,0.00747015020879449,0.015807709991325903,0.008546117275670347,0.5005996027927744,0.3277101809236253,0.12133780151962574,0.03917562910893811,0.011181525598062311,0.9423988241554953,0.006923291350954107,0.000582853957071539,0.050095030536479054,0.028329019269485188,0.1906816220880069,0.33750359505320676,0.2530917457578372,0.1903940178314639,0.6821065989847716,0.17576142131979697,0.14213197969543148,0.36101949025487257,0.17781109445277363,0.2353823088455772,0.2257871064467766,0.21797004991680533,0.7820299500831946,0.13183320250797065,0.2020815768817048,0.135399404986869,0.09700458373307749,0.08471669040904731,0.08085976490197788,0.08240059695128452,0.06930836991598105,0.1163958097120873,0.0,0.0,0.0,0.0,0.0,0.0,0.0,0.0,0.0,0.0,0.0,0.0,0.0,0.0,0.0,0.0,0.0,0.0,-3.522147096810731,1.5722092151878544,0.7684992927837259,0.5914048579835456,-29.354973,2.7679965
Warwick,E07000222,148454,125534,112650,2114,55,10715,4479,1166,450,1745,1118,14403,10112,883,132,1456,1820,1616,1000,445,171,2422,302,2120,72748,11452,21877,10382,5851,5590,4920,4299,3013,5364,77332,49195,16306,4393,1227,,413,33,8322,1555,477,4335,9094,2273,3258,5057,2029,1015,6847,2910,3310,9099,9463,3263,2021,0.8456087407547119,0.09701995230845918,0.010885526829859755,0.03017096204885015,0.016314818058119015,0.5209155698061352,0.33138211163053877,0.1098387379255527,0.029591658022013554,0.008265186522424455,0.8973664505233642,0.016840059266812177,0.00043812831583475394,0.08535536189398887,0.009164757342220371,0.1010900506838853,0.7020759563979726,0.061306672221065055,0.12636256335485663,0.6188118811881188,0.2753712871287129,0.10581683168316831,0.3895958919401652,0.10046885465505694,0.2603259656173253,0.24960928778745256,0.12469033856317094,0.8753096614368291,0.1574201352614505,0.30072304393247923,0.14271182712926817,0.08042832792654094,0.07684060042887778,0.06763072524330566,0.0590944080936933,0.04141694617034145,0.073733985814043,0.0,0.0,0.0,0.0,0.0,0.0,0.0,0.0,0.0,0.0,0.0,0.0,0.0,0.0,0.0,0.0,0.0,0.0,-5.403827292042234,-1.2909609123387522,2.1697516659041383,-2.0555141255202627,-20.258371,3.3929365
Watford,E07000103,102245,62228,46820,2149,80,13179,4844,1300,692,1408,1444,25037,9954,8197,493,1024,5369,6488,3954,1733,801,3648,763,2885,52859,6703,12278,7136,4928,4916,4570,3774,3224,5330,53559,34277,10601,2955,854,,34,39,2314,246,269,4916,8168,3085,2597,3890,2047,857,3526,3304,2136,4709,8422,2296,2021,0.608616558266908,0.24487260990757495,0.06345542569318793,0.047376399823952274,0.035679006308376934,0.5238300161377084,0.33524377720181914,0.10368233165435962,0.02890116876130862,0.008352486674164996,0.7523944205180948,0.03453429324419875,0.0012855949090441602,0.21178569132866235,0.019690857530854335,0.04089946878619643,0.3975715940408196,0.32739545472700404,0.2144426249151256,0.6094327990135635,0.2671085080147966,0.12345869297163994,0.2906688687035508,0.14285714285714285,0.26837324525185796,0.2981007431874484,0.20915570175438597,0.7908442982456141,0.12680905806012222,0.23227832535613613,0.13500066213889783,0.09322915681340926,0.09300213776272725,0.08645642180139616,0.07139749143948997,0.06099245161656482,0.10083429501125636,0.0,0.0,0.0,0.0,0.0,0.0,0.0,0.0,0.0,0.0,0.0,0.0,0.0,0.0,0.0,0.0,0.0,0.0,-5.792224500730632,-2.354897291031781,-2.281916641153011,-1.2799574119423422,-15.75877,9.399576
Waverley,E07000216,128226,120088,111321,1294,257,7216,2846,438,314,1324,770,3625,796,830,246,801,952,887,588,194,105,780,145,635,60722,12671,15528,9256,4951,5301,4737,3027,1710,3541,70073,41167,12883,3236,870,,363,126,2814,258,275,4745,6819,1611,2184,5116,3334,1137,7148,3722,2905,7450,7092,3620,2021,0.9365339322758255,0.028270397579274093,0.00691747383525962,0.022195186623617674,0.006083009686023115,0.54648043298551,0.32105033300578667,0.10047104331414845,0.025236691466629234,0.006784895419025783,0.9269952035174206,0.010775431350343081,0.002140097262007861,0.0600892678702285,0.06786206896551725,0.2209655172413793,0.21958620689655173,0.2289655172413793,0.26262068965517243,0.6629086809470124,0.21871476888387825,0.11837655016910936,0.4652143359100492,0.11033028812368235,0.15390021082220662,0.27055516514406186,0.1858974358974359,0.8141025641025641,0.20867230987121635,0.2557228022792398,0.15243239682487403,0.0815355225453707,0.08729949606402951,0.07801126445110504,0.04985013668851487,0.028161127762590166,0.05831494351305952,0.0,0.0,0.0,0.0,0.0,0.0,0.0,0.0,0.0,0.0,0.0,0.0,0.0,0.0,0.0,0.0,0.0,0.0,-5.56077454783824,-1.2556675371437476,4.468997025509097,0.5110262700465562,-20.388428,-2.529611
Wealden,E07000065,160152,153809,146968,1092,397,5352,2709,524,389,1060,736,2250,712,83,246,437,772,646,371,196,79,738,158,580,74545,12879,13625,10220,7390,9736,7230,4892,3119,5454,77218,55635,20209,5627,1461,,1209,43,3876,256,540,8664,10453,2336,3035,3030,3640,1363,5610,4317,3904,6954,11066,4242,2021,0.960393875817973,0.014049153304360858,0.004033668015385384,0.016915180578450473,0.004608122283830361,0.4821544532693941,0.3473887307058295,0.1261863729457016,0.03513537139717269,0.00912258354563165,0.9555227587462373,0.007099714581071329,0.002581123341286921,0.03479640333140453,0.10933333333333334,0.1942222222222222,0.3164444444444444,0.03688888888888889,0.3431111111111111,0.5743034055727554,0.30340557275541796,0.12229102167182662,0.39128829826504247,0.1435954226651901,0.1934293097083795,0.271686969361388,0.2140921409214092,0.7859078590785907,0.1727681266349185,0.18277550472868737,0.13709839694144477,0.09913475082165135,0.13060567442484405,0.09698839627070897,0.06562479039506339,0.041840499027433094,0.07316386075524851,0.0,0.0,0.0,0.0,0.0,0.0,0.0,0.0,0.0,0.0,0.0,0.0,0.0,0.0,0.0,0.0,0.0,0.0,-3.605042017514085,1.448977650493005,3.182385208954873,0.22182286779536806,-28.806047,-2.7826421
Welwyn Hatfield,E07000241,119835,94298,80551,1569,267,11911,4931,1337,863,1353,1378,10595,5211,1198,598,1324,2264,7307,5553,1069,685,2704,534,2170,58149,8411,12148,7923,5630,5136,4982,4603,3191,6125,61896,40200,13130,3664,946,,178,31,3366,203,537,5195,10778,2934,2441,3534,2176,1007,4160,3397,2704,5647,7245,2617,2021,0.7868986523135979,0.0884132348646055,0.060975507990153124,0.04114824550423499,0.02256435932740852,0.5165102015270998,0.3354612592314432,0.10956732173405098,0.03057537447323403,0.007894187841615555,0.854217480752508,0.01663874101253473,0.00283144923540266,0.1263123289995546,0.05644171779141104,0.12496460594620104,0.49183577159037284,0.11307220386974988,0.21368570080226523,0.7599562063774463,0.14629807034350623,0.09374572327904748,0.2743865341715676,0.1750152098965727,0.2711417562360576,0.27945649969580205,0.19748520710059173,0.8025147928994083,0.14464565168790522,0.20891158919327935,0.1362534179435588,0.09682023766530809,0.08832482071918692,0.08567645187363497,0.07915871296152986,0.054876266143871776,0.10533285181172505,0.0,0.0,0.0,0.0,0.0,0.0,0.0,0.0,0.0,0.0,0.0,0.0,0.0,0.0,0.0,0.0,0.0,0.0,-5.055961834788161,-0.7269302434183946,-0.4401937153135687,0.030815992904589466,-19.581635,11.060767
West Berkshire,E06000037,161447,148384,138253,1404,190,8537,3857,1054,501,1274,1028,5990,3087,658,398,801,1046,2030,1095,627,308,1186,279,907,82307,13269,18327,12023,7806,8216,7031,5211,4027,6397,82413,55946,17685,4319,1086,,752,127,5216,579,870,6818,11628,2805,3000,9566,2685,1496,6339,4745,5040,8510,8394,3736,2021,0.9190879979188217,0.03710195915687501,0.012573785824450128,0.023890193066455245,0.007346064033397957,0.5104647345568515,0.34652858213531373,0.10954059226867022,0.026751813288571482,0.006726665716922582,0.931724444684063,0.009461936596937675,0.0012804615052835885,0.05753315721371576,0.0664440734557596,0.1337228714524207,0.5153589315525876,0.10984974958263773,0.17462437395659433,0.5394088669950738,0.30886699507389165,0.15172413793103448,0.33030852994555354,0.12989369976665802,0.27326938034742027,0.26652838994036815,0.23524451939291738,0.7647554806070826,0.1612135055341587,0.22266635887591577,0.14607506044443364,0.0948400500564958,0.09982140036691897,0.08542408300630566,0.06331174748198817,0.04892657975627832,0.07772121447750495,0.0,0.0,0.0,0.0,0.0,0.0,0.0,0.0,0.0,0.0,0.0,0.0,0.0,0.0,0.0,0.0,0.0,0.0,-4.323685512522329,-0.03819560242900793,2.4434299626412783,-1.5600451810086418,-23.45996,2.2137601
West Devon,E07000047,57094,55847,54196,271,40,1340,626,113,66,223,224,337,70,10,18,97,142,122,68,26,28,162,44,118,25384,3458,4444,2889,2122,4264,2456,1751,1529,2471,26007,19802,8236,2380,671,,1530,60,1787,90,251,2487,3660,837,1585,690,347,371,1572,1133,1477,2496,3793,1208,2021,0.9781588257960556,0.005902546677409185,0.0021368269870739483,0.010964374540231898,0.002837425999229341,0.45551196272813255,0.3468315409675272,0.14425333660279538,0.041685641223245876,0.011752548428906716,0.9704370870413809,0.004852543556502587,0.0007162425913656955,0.0239941268107508,0.05341246290801187,0.2878338278931751,0.20771513353115728,0.02967359050445104,0.42136498516320475,0.5573770491803278,0.21311475409836064,0.22950819672131148,0.3562300319488818,0.10543130990415335,0.1805111821086262,0.35782747603833864,0.2716049382716049,0.7283950617283951,0.13622754491017963,0.17507091080995904,0.11381184998424204,0.08359596596281121,0.1679798298140561,0.09675386069965332,0.06898046013236685,0.06023479357075323,0.09734478411597856,0.0,0.0,0.0,0.0,0.0,0.0,0.0,0.0,0.0,0.0,0.0,0.0,0.0,0.0,0.0,0.0,0.0,0.0,-2.728206359228787,3.145129386827753,2.6203289929405393,1.2401433049095678,-37.936092,-1.3257165
West Lancashire,E07000127,117429,113795,108998,657,29,4111,1547,342,312,509,384,1232,447,119,36,264,366,388,245,100,43,467,148,319,53546,7088,9972,6289,4921,5499,5222,4121,4357,6077,56460,38918,15404,5114,1534,,1085,102,4628,202,412,4573,9040,2700,2394,1423,1470,694,2790,2509,3256,5634,8379,2254,2021,0.9690536409234516,0.01049144589496632,0.0033041241941939386,0.013173917856747482,0.003976871130640642,0.48080116495925196,0.33141728193206105,0.13117713682310161,0.04354971940491701,0.013063212664673973,0.9578452480337449,0.005773540137967398,0.0002548442374445274,0.036126367590843186,0.02922077922077922,0.21428571428571427,0.3628246753246753,0.09659090909090909,0.29707792207792205,0.6314432989690721,0.25773195876288657,0.11082474226804123,0.3290239172592114,0.20168067226890757,0.22107304460245636,0.2482223658694247,0.3169164882226981,0.683083511777302,0.13237216598812238,0.18623239831173197,0.11745041646434841,0.09190228962013969,0.10269674672244425,0.09752362454711837,0.07696186456504688,0.08136928995629926,0.11349120382474881,0.0,0.0,0.0,0.0,0.0,0.0,0.0,0.0,0.0,0.0,0.0,0.0,0.0,0.0,0.0,0.0,0.0,0.0,-2.7769623195426703,2.644583361222371,0.8656595809073767,1.3211910603701615,-31.168652,2.8759437
West Lindsey,E07000142,95153,92261,89964,372,216,1709,1081,321,169,358,233,1136,547,118,17,186,268,333,183,106,44,342,88,254,42137,5742,7453,5085,3877,5323,4337,3073,3324,3923,41693,34181,13948,4227,1104,,1721,125,3946,411,495,4022,6308,1885,1524,897,519,510,1874,1889,3122,4585,6562,1742,2021,0.9696068437148593,0.011938667199142433,0.0034996269166500268,0.011360650741437474,0.003594211427910838,0.43816800311077947,0.3592214643784221,0.1465849736739777,0.04442319212216115,0.011602366714659548,0.9751032397220928,0.00403203954000065,0.0023411842490326357,0.018523536488873955,0.014964788732394365,0.1637323943661972,0.48151408450704225,0.10387323943661972,0.23591549295774647,0.5495495495495496,0.3183183183183183,0.13213213213213212,0.33117483811285847,0.15633672525439407,0.2969472710453284,0.21554116558741906,0.2573099415204678,0.7426900584795322,0.13626978664831382,0.17687543014452856,0.12067778911645348,0.09200939791632057,0.12632603175356574,0.10292616939981489,0.07292877993212615,0.07888554002420675,0.09310107506467001,0.0,0.0,0.0,0.0,0.0,0.0,0.0,0.0,0.0,0.0,0.0,0.0,0.0,0.0,0.0,0.0,0.0,0.0,-2.2845697240694633,3.4484162404497454,1.2537155844605312,-0.9230937138298463,-35.954037,5.3394485
West Northamptonshire,E06000062,425723,365758,319509,3872,340,42037,12116,4619,1797,2720,2980,22463,9661,2916,4660,1892,3334,20661,14304,3647,2710,4725,685,4040,215995,28471,37897,27068,20833,21932,18001,14527,16341,30925,209457,149226,49482,13891,3669,,1754,94,18801,1271,1311,20805,39165,16404,8321,8118,8723,2505,11883,11681,9518,18396,27628,9613,2021,0.8591455007129049,0.05276435616586372,0.048531556904372095,0.028459820117776112,0.011098766099083206,0.4920030160456447,0.3505236973337123,0.11623050669097042,0.03262919785870155,0.00861827996138334,0.873553004992372,0.010586234614143777,0.0009295763865725425,0.11493118400691167,0.20745225481903576,0.08422739616257846,0.43008502871388504,0.12981347104126786,0.14842184926323287,0.6923188616233483,0.17651614152267558,0.1311649968539761,0.22449653350940904,0.14831627599867944,0.3812314295146913,0.24595576097722022,0.14497354497354498,0.855026455026455,0.13181323641750967,0.17545313548924743,0.12531771568786315,0.09645130674321165,0.10153938748582143,0.08333989212713257,0.06725618648579829,0.07565452904002408,0.14317461052339175,0.0,0.0,0.0,0.0,0.0,0.0,0.0,0.0,0.0,0.0,0.0,0.0,0.0,0.0,0.0,0.0,0.0,0.0,-3.8985366243104083,1.0523695187960675,-0.9278752332580599,-1.3214311333104234,-23.513363,10.835382
West Oxfordshire,E07000181,114236,108773,101648,851,187,6087,2141,478,294,818,551,1936,498,134,211,404,689,722,475,160,87,664,133,531,58923,9428,12007,8946,5521,6745,5105,3476,3170,4525,58560,38834,12766,3198,879,,774,84,4665,230,383,5290,7485,1898,2569,3244,1328,981,4552,3011,4996,7096,7086,3259,2021,0.9521779474071221,0.016947372106866487,0.006320249308449175,0.018741902727686544,0.005812528449875696,0.5126229910010854,0.33994537623866383,0.11175111173360412,0.027994677684792885,0.007694597149760145,0.9344966122107509,0.007823632702968568,0.0017191766339073116,0.05596057845237329,0.10898760330578512,0.20867768595041322,0.2572314049586777,0.06921487603305786,0.35588842975206614,0.6578947368421053,0.22160664819944598,0.12049861495844875,0.38206445586174687,0.1373190098085007,0.22326015880429706,0.25735637552545537,0.2003012048192771,0.7996987951807228,0.16000543081648932,0.20377441746007502,0.15182526347945624,0.09369855574223987,0.11447142881387573,0.08663849430612834,0.058992244115201195,0.05379902584729223,0.07679513941924206,0.0,0.0,0.0,0.0,0.0,0.0,0.0,0.0,0.0,0.0,0.0,0.0,0.0,0.0,0.0,0.0,0.0,0.0,-4.228084831138871,0.5080476671122464,3.2093578062665795,0.4160456810754823,-24.484375,-2.3015904
West Suffolk,E07000245,179948,165156,147935,1387,268,15566,4880,899,840,1169,1972,4731,1442,493,286,600,1910,2873,1312,561,1000,2308,234,2074,89619,11402,14748,13094,8094,10962,9252,5825,6778,9464,85843,63799,22468,6150,1688,,1592,52,8222,415,539,8116,12872,3785,3971,2673,1656,1104,5583,4550,7893,7573,13025,6005,2021,0.9177984751150332,0.026290928490452798,0.015965723431213462,0.027118945473136685,0.012825927490163825,0.4770433680841132,0.35454131193455884,0.12485829239558094,0.034176539889301354,0.00938048769644564,0.8957288866283998,0.008398120564799341,0.001622708227372908,0.09425028457942794,0.060452335658423166,0.12682308180088775,0.3047981399281336,0.10420629887972944,0.40372014373282605,0.45666550643926207,0.1952662721893491,0.3480682213713888,0.23954918032786884,0.1721311475409836,0.18422131147540985,0.40409836065573773,0.10138648180242635,0.8986135181975736,0.1272274852430846,0.1645633180463964,0.14610741025898527,0.09031566966826231,0.122317812071101,0.10323703678907374,0.06499737778819224,0.07563128354478403,0.1056026065901204,0.0,0.0,0.0,0.0,0.0,0.0,0.0,0.0,0.0,0.0,0.0,0.0,0.0,0.0,0.0,0.0,0.0,0.0,-4.2841798635326,1.5485832686399952,1.1349571613578695,-0.33095567274007426,-34.749493,-3.4209306
Westminster,E09000033,204236,112732,57162,3742,49,51779,13335,2061,2089,3718,5467,34242,7965,2461,7533,6625,9658,16456,10451,4307,1698,27471,15439,12032,101742,22858,31136,17588,6750,3481,6187,5211,2781,5750,115033,58977,19840,7404,2982,,70,276,2752,486,203,3527,11175,2707,6443,9139,13677,3151,14989,4088,4012,7534,9759,7755,2021,0.5519692904287197,0.16765898274545135,0.08057345423921346,0.06529211304569224,0.13450615954092324,0.5632356685403161,0.2887688752227815,0.09714252139681545,0.03625217885191641,0.014600755988170547,0.5070609942163715,0.033193769293545755,0.00043465919171131533,0.4593105772983714,0.2199929910636061,0.19347584837334267,0.2326090765726301,0.07187080193913907,0.28205128205128205,0.6350875060768109,0.2617282450170151,0.10318424890617404,0.27881514810648667,0.15665541807274092,0.15455568053993252,0.4099737532808399,0.5620108478031378,0.43798915219686213,0.22466631283049282,0.3060289752511254,0.17286862849167503,0.06634428259715752,0.034213992254919307,0.06081067798942423,0.0512177861650056,0.027333844430028897,0.05651549999017122,0.0,0.0,0.0,0.0,0.0,0.0,0.0,0.0,0.0,0.0,0.0,0.0,0.0,0.0,0.0,0.0,0.0,0.0,-9.195919319370033,-7.797951829339925,-2.7040199830522442,3.303893474375562,-10.928163,4.625762
Westmorland and Furness,E06000064,226593,221136,214336,828,104,5868,1952,398,271,724,559,2196,538,138,168,505,847,588,393,143,52,721,165,556,108653,13697,18551,11971,8401,17528,10485,8410,7397,12213,104996,79034,30697,9330,2535,,4195,553,11155,987,1076,10018,16164,3518,10406,2202,1400,1227,4912,5036,7330,9374,14140,4970,2021,0.9759171730812514,0.009691384994240776,0.0025949610093868743,0.008614564439325133,0.00318191647579581,0.46336824173738816,0.34879276941476567,0.13547196956657973,0.04117514662853663,0.011187459453734228,0.9692496924969249,0.003744302148903842,0.00047029882063526516,0.026535706533535923,0.07650273224043716,0.22996357012750454,0.24499089253187614,0.06284153005464481,0.38570127504553736,0.6683673469387755,0.24319727891156462,0.08843537414965986,0.3709016393442623,0.13883196721311475,0.2038934426229508,0.2863729508196721,0.2288488210818308,0.7711511789181692,0.12606186667648386,0.17073619688365715,0.1101764332324004,0.0773195401875696,0.1613209023220712,0.09649986654763329,0.07740237269104397,0.06807911424442951,0.11240370721471105,0.0,0.0,0.0,0.0,0.0,0.0,0.0,0.0,0.0,0.0,0.0,0.0,0.0,0.0,0.0,0.0,0.0,0.0,-2.547430176061072,3.437197868220138,1.835466949200047,1.2859157335638325,-36.0485,1.4150046
Wigan,E08000010,329330,312952,302482,1353,247,8870,4353,1148,885,1293,1027,5826,1532,1342,156,1234,1562,3907,3081,331,495,2292,711,1581,154614,16153,25062,19252,15038,18014,16478,12747,14327,17543,152373,110193,46214,16085,4466,,349,118,13750,1085,1803,17544,26191,8770,6007,4304,3669,1738,6768,7962,9786,13377,25183,6206,2021,0.9502687274162694,0.017690462454073422,0.011863480399599186,0.013217745118877721,0.006959584611180275,0.46267573558436825,0.334597516169192,0.140327331248292,0.048841587465460176,0.013560866000668022,0.9665443901940234,0.004323346711316752,0.0007892584166261919,0.028343004678033693,0.026776519052523172,0.2118091314795743,0.2629591486440096,0.2303467215928596,0.2681084792310333,0.7885845917583824,0.08471973381110827,0.12669567443050933,0.2970365265334252,0.2033080634045486,0.2637261658626235,0.2359292441994027,0.3102094240837696,0.6897905759162304,0.10447307488325766,0.16209398890139315,0.1245165379590464,0.09726156751652502,0.11650950108010917,0.10657508375696897,0.08244402188676317,0.09266301887280583,0.11346320514313063,0.0,0.0,0.0,0.0,0.0,0.0,0.0,0.0,0.0,0.0,0.0,0.0,0.0,0.0,0.0,0.0,0.0,0.0,-2.3462562048116826,3.6019109396697973,-0.3521552585380741,2.125240259313284,-39.855522,13.18711
Wiltshire,E06000054,510333,481413,459594,2591,711,18517,8709,2479,1161,2703,2366,10876,2810,396,934,1494,5242,5786,2984,1589,1213,3549,637,2912,252345,36607,46920,37260,25833,28608,22686,16548,15405,22478,252803,173908,62034,16995,4593,,4405,235,20045,1220,1955,20270,34664,8800,11054,11529,7716,4005,16282,13202,30238,23361,31793,11571,2021,0.9433311190928276,0.021311574991231215,0.011337695191179093,0.017065327932937906,0.006954282791824162,0.495368710234298,0.3407735733334901,0.12155592524880814,0.03330178530488916,0.009000005878514617,0.9546771690835104,0.00538207318871738,0.00147690236865228,0.038463855359119926,0.08587716072085326,0.13736667892607576,0.25836704670834865,0.036410445016550205,0.4819786686281721,0.5157276183892153,0.27462841341168337,0.20964396819910128,0.31036858422321734,0.1333103685842232,0.28464806521988745,0.2716729819726719,0.1794871794871795,0.8205128205128205,0.14506726901662406,0.18593592106045295,0.14765499613624206,0.10237175295726089,0.11336860250847054,0.08990073114188908,0.06557688878321345,0.061047375616715215,0.08907646277913174,0.0,0.0,0.0,0.0,0.0,0.0,0.0,0.0,0.0,0.0,0.0,0.0,0.0,0.0,0.0,0.0,0.0,0.0,-3.6272988033327773,1.3242030574923274,2.4462213859073856,-0.6055463542348358,-33.20094,-2.67333
Winchester,E07000094,127444,119305,112304,902,374,5725,2590,409,316,1111,754,3917,1102,206,271,793,1545,792,499,199,94,840,186,654,60574,11084,16313,8850,5069,5066,4368,3320,2038,4466,67850,41989,13236,3466,902,,857,78,3162,315,292,4578,6893,1999,2742,4057,2211,1031,5499,3032,5315,6840,8788,2886,2021,0.9361366560999341,0.030735067951413956,0.006214494209221305,0.020322651517529267,0.006591130221901384,0.5323906970904868,0.3294701986754967,0.10385738049653181,0.027196258748940712,0.007077618404946486,0.941318469469008,0.007560454297808139,0.003134822513725326,0.047986253719458534,0.06918560122542762,0.202450855246362,0.2813377584886393,0.05259126882818484,0.39443451621138625,0.6300505050505051,0.25126262626262624,0.11868686868686869,0.428957528957529,0.122007722007722,0.15791505791505792,0.2911196911196911,0.22142857142857142,0.7785714285714286,0.18298279790008914,0.2693069633836299,0.1461022881104104,0.08368276818436954,0.08363324198501007,0.07211014626737544,0.05480899395780368,0.03364479809819394,0.07372800211311784,0.0,0.0,0.0,0.0,0.0,0.0,0.0,0.0,0.0,0.0,0.0,0.0,0.0,0.0,0.0,0.0,0.0,0.0,-5.2249216819639,-0.9074088853921294,4.202226051179295,0.611911342103907,-20.761171,-3.2222164
Windsor and Maidenhead,E06000040,153497,122551,105991,2176,287,14097,5238,926,617,2195,1500,20072,9823,6177,405,1329,2338,2358,1433,628,297,3278,816,2462,76302,15930,18678,12666,6582,5784,5427,3770,2848,4617,85594,48793,14471,3636,1002,,267,224,5201,505,514,5249,8999,3883,3295,9040,2833,1479,7412,4450,3355,7928,7529,4136,2021,0.7983934539437253,0.13076477064698333,0.015361863749780127,0.03412444542890089,0.02135546623061037,0.5576265334175913,0.3178759193990762,0.09427545815227659,0.023687759369889965,0.006527814875860766,0.8648725836590481,0.017755873065091268,0.0023418821551843723,0.1150296611206763,0.020177361498605023,0.06621163810282982,0.48938820247110404,0.30774212833798326,0.11648066958947788,0.6077184054283291,0.26632739609838846,0.12595419847328243,0.4190530736922489,0.1177930507827415,0.17678503245513555,0.286368843069874,0.24893227577791335,0.7510677242220867,0.20877565463552725,0.24479043799638278,0.1659982700322403,0.08626248329008414,0.07580404183376582,0.07112526539278131,0.049408927682105315,0.03732536499698566,0.06050955414012739,0.0,0.0,0.0,0.0,0.0,0.0,0.0,0.0,0.0,0.0,0.0,0.0,0.0,0.0,0.0,0.0,0.0,0.0,-6.337021208236419,-2.902218181596645,2.488949547809077,-1.125668792241383,-17.858973,0.270308
Wirral,E08000015,320199,304692,295967,2641,46,6038,4930,1054,973,1605,1298,7302,1933,364,1319,1847,1839,1389,854,330,205,1886,585,1301,139502,15549,27893,18147,14561,13501,15613,11599,9649,12990,148845,102703,45385,17840,5426,,279,236,11144,763,1145,10407,19581,6145,6333,3790,4221,2344,8518,7002,10726,14003,26722,6145,2021,0.951570741944853,0.02280456840902064,0.00433792735142833,0.015396675192614593,0.005890087102083392,0.46485154544517626,0.3207474102042792,0.14173998044965788,0.05571535201546538,0.016945711885421252,0.9713645254880339,0.008667769419610623,0.00015097212923214262,0.019816732963123418,0.18063544234456314,0.2529443987948507,0.2647219939742536,0.04984935634072857,0.25184880854560393,0.6148308135349172,0.23758099352051837,0.14758819294456443,0.3255578093306288,0.1973630831643002,0.21379310344827587,0.26328600405679514,0.31018027571580065,0.6898197242841994,0.11146076758756147,0.19994695416553168,0.13008415649954838,0.10437843185043942,0.0967799744806526,0.11191954237215238,0.08314576135109174,0.0691674671330877,0.09311694455993462,0.0,0.0,0.0,0.0,0.0,0.0,0.0,0.0,0.0,0.0,0.0,0.0,0.0,0.0,0.0,0.0,0.0,0.0,-2.5433257688366426,2.8954920471234735,0.13079801536360494,2.421672813879242,-42.272766,13.6488905
Woking,E07000217,103943,81529,69911,1050,91,10477,3614,604,480,1470,1060,14741,3358,7325,685,990,2383,1879,1331,323,225,2180,641,1539,52741,8666,13423,7777,4879,4298,4299,3190,2500,3709,55399,34440,10559,2776,768,,95,208,2969,285,262,3799,6591,2654,2032,4661,3006,788,5196,3187,2771,4842,6418,2975,2021,0.7843625833389454,0.1418181118497638,0.018077215396900225,0.034769056117295055,0.020973033297095524,0.532974803498071,0.33133544346420635,0.10158452228625305,0.02670694515263173,0.007388664941362093,0.85749855879503,0.012878852923499613,0.0011161672533699664,0.12850642102810042,0.046469031951699345,0.06715962282070416,0.22780001356760057,0.4969133708703616,0.16165796078963435,0.7083555082490687,0.17189994678020223,0.11974454497072912,0.4067515218594355,0.13281682346430548,0.1671278361925844,0.2933038184836746,0.2940366972477064,0.7059633027522936,0.16431239453176846,0.25450787812138564,0.14745643806526232,0.09250867446578563,0.08149257693255721,0.08151153751350941,0.0604842532375192,0.04740145238050094,0.07032479475171119,0.0,0.0,0.0,0.0,0.0,0.0,0.0,0.0,0.0,0.0,0.0,0.0,0.0,0.0,0.0,0.0,0.0,0.0,-5.612387193369657,-1.7408121026338754,0.9922330680353942,0.3731912979556517,-18.287119,-0.87809646
Wokingham,E06000041,177502,141851,129087,1504,331,10929,5574,1304,667,2212,1391,22868,12412,5241,388,2392,2435,4306,2914,864,528,2903,948,1955,89467,15849,25529,14751,8325,6594,5939,4739,3103,4638,97553,58866,16372,3676,1033,,351,213,5361,744,876,6306,11073,3158,2609,13420,3526,1406,8248,4466,4129,10299,9360,3931,2021,0.7991515588556749,0.12883235118477537,0.024258881590066592,0.03140246307083864,0.016354745298644523,0.5495881736543814,0.331635699879438,0.09223558044416401,0.02070962580703316,0.0058196527363071964,0.9100182585952866,0.010602674637471714,0.002333434378326554,0.07704563238891513,0.016966940703165997,0.10460031485044603,0.5427671855868462,0.22918488717859017,0.10648067168095154,0.676730143985137,0.20065025545750115,0.12261960055736182,0.39684248295658414,0.1196627197703624,0.2339433082167205,0.24955148905633298,0.32655873234584915,0.6734412676541509,0.17714911643399242,0.2853454346295282,0.16487643488660622,0.09305106910928052,0.0737031531179094,0.0663820179507528,0.05296925123229794,0.034683179272804496,0.051840343366827996,0.0,0.0,0.0,0.0,0.0,0.0,0.0,0.0,0.0,0.0,0.0,0.0,0.0,0.0,0.0,0.0,0.0,0.0,-5.849443286324475,-2.6332434594676815,2.660472932441903,-1.0231384060605877,-18.15364,0.33306426
Wolverhampton,E08000031,263726,159707,144303,1170,255,13979,14065,8495,939,2573,2058,55901,42052,6676,531,802,5840,24636,11158,9905,3573,9417,966,8451,111309,9649,17783,11566,10249,11420,12262,9025,12623,16732,118244,90690,38056,12953,3784,,224,38,12753,472,1112,9218,18688,8111,4832,2640,3094,1531,3852,5325,5885,10326,19591,3609,2021,0.6055792754601367,0.21196620735156943,0.0934151354056862,0.053331867165163846,0.03570751461744386,0.44835928198205716,0.34387963264903726,0.14430128239157308,0.04911536973980571,0.014348225051758264,0.9035483729579793,0.007325915582911206,0.001596673909096032,0.08752903755001346,0.009498935618325254,0.014346791649523264,0.7522584569149031,0.11942541278331335,0.104470403033935,0.4529144341613898,0.4020539048546842,0.14503166098392598,0.18293636686811235,0.06676146462851049,0.6039815143974404,0.14632065410593673,0.10258043963045556,0.8974195603695444,0.08668661114554978,0.15976246305330208,0.10390893818109946,0.0920770108436874,0.10259727425455265,0.1101618018309391,0.08108059545948665,0.11340502564931856,0.15032027958206434,0.0,0.0,0.0,0.0,0.0,0.0,0.0,0.0,0.0,0.0,0.0,0.0,0.0,0.0,0.0,0.0,0.0,0.0,-2.648710525656471,2.4091458130673065,-4.7989088640605475,-5.4605940852874575,-22.478422,19.493183
Worcester,E07000237,103869,93478,85868,566,95,6949,2283,628,425,716,514,5860,1336,2578,542,388,1016,1212,836,241,135,1036,160,876,51629,5584,10280,6689,4794,4867,5125,4140,4106,6044,49220,36463,13209,3882,1098,,201,35,5034,310,439,3676,7992,2402,2610,1884,1094,1164,2518,2827,3141,5551,8554,2206,2021,0.8999605272025339,0.056417217841704455,0.011668544031424198,0.02197960893047974,0.009974101993857648,0.4738661198240091,0.35104795463516547,0.12716980042168502,0.037373999942234934,0.010571007711636772,0.918590470485034,0.006054900618327307,0.0010162819059029932,0.07433834699073578,0.0924914675767918,0.06621160409556313,0.2279863481228669,0.4399317406143345,0.17337883959044367,0.6897689768976898,0.19884488448844884,0.11138613861386139,0.31362242663162504,0.18615856329391153,0.2750766535260622,0.22514235654840123,0.15444015444015444,0.8455598455598455,0.10815626876367933,0.1991129016637936,0.12955896879660656,0.09285479091208429,0.0942687249414089,0.09926591644230956,0.0801874915260803,0.07952894690968254,0.11706599004435492,0.0,0.0,0.0,0.0,0.0,0.0,0.0,0.0,0.0,0.0,0.0,0.0,0.0,0.0,0.0,0.0,0.0,0.0,-3.3779411605635548,2.2228721630163712,-0.7353895331508269,-0.08169542162152728,-26.26682,14.685236
Worthing,E07000229,111338,101709,94680,942,82,6005,2854,548,533,981,792,4387,1097,268,727,572,1723,1281,893,250,138,1107,246,861,53557,6680,10711,7625,5279,5627,6159,4024,2875,4577,50406,39682,15418,4526,1308,,155,19,3469,426,622,4550,7554,2036,2310,2296,2305,889,3078,2704,3189,4715,10443,2791,2021,0.9135156011424671,0.03940254001329285,0.011505505757243708,0.025633656074296286,0.009942697012700067,0.4527295263072805,0.35641021035046433,0.13847922542168892,0.04065099067703749,0.011748010562431514,0.9308910715865852,0.009261717252160576,0.0008062216716318123,0.05904098948962235,0.16571689081376795,0.13038522908593572,0.2500569865511739,0.06108958285844541,0.392751310690677,0.697111631537861,0.195160031225605,0.10772833723653395,0.3437281009110021,0.1867554309740715,0.1920112123335669,0.2775052557813595,0.2222222222222222,0.7777777777777778,0.12472692645219112,0.19999253132176933,0.1423716787721493,0.09856788094926901,0.10506563100995202,0.11499897305674328,0.07513490300054147,0.05368112478294154,0.08546035065444293,0.0,0.0,0.0,0.0,0.0,0.0,0.0,0.0,0.0,0.0,0.0,0.0,0.0,0.0,0.0,0.0,0.0,0.0,-3.4519600408420126,2.0443695374395463,0.8533046698882933,1.685409436747004,-33.21037,4.4485984
Wrexham,W06000006,135122,129677,122547,427,119,6584,1558,382,392,446,338,2246,538,283,276,304,845,878,654,87,137,763,219,544,61805,5980,9723,6627,5770,7534,7044,4694,7140,7293,61404,45998,19316,6588,1811,,947,73,9791,375,590,4965,8977,2454,2566,1322,1419,571,2256,3091,4139,5316,10546,2403,2021,0.9597030831396812,0.016622015659922145,0.006497831589230473,0.011530320747176626,0.00564674886398958,0.45443377096253756,0.3404182886576575,0.1429522949630704,0.048755939077278314,0.013402702742706591,0.9450172351303624,0.003292796717999337,0.0009176646591145692,0.050772303492523735,0.12288512911843277,0.13535173642030277,0.23953695458593055,0.12600178094390027,0.37622439893143367,0.744874715261959,0.09908883826879271,0.1560364464692483,0.2862644415917843,0.251604621309371,0.24518613607188702,0.21694480102695765,0.2870249017038008,0.7129750982961992,0.09675592589596312,0.1573173691448912,0.10722433460076046,0.09335814254510152,0.12189952269233881,0.11397136154032846,0.07594854785211552,0.11552463392929374,0.11800016179920718,0.0,0.0,0.0,0.0,0.0,0.0,0.0,0.0,0.0,0.0,0.0,0.0,0.0,0.0,0.0,0.0,0.0,0.0,-2.2141013812675148,4.237734825525824,-0.7631207049380679,2.282787347539195,-39.054447,13.003353
Wychavon,E07000238,132495,128325,120048,624,637,7016,1600,481,158,546,415,1510,607,163,75,221,444,461,192,192,77,599,96,503,63660,10301,11442,7893,5973,7366,5448,4537,4709,5991,62836,46380,17163,4829,1284,,1740,76,6782,393,496,5652,10650,2382,2756,2399,1683,1168,4124,3483,3384,5547,8103,2835,2021,0.9685271142307257,0.01139665647760293,0.0034793765802483114,0.012075927393486547,0.0045209253179365255,0.4742518585607004,0.3500509453186913,0.129536963659006,0.03644665836446658,0.009690931733272954,0.935499707773232,0.004862653419053185,0.004963958698616793,0.054673680109098,0.04966887417218543,0.14635761589403973,0.4019867549668874,0.10794701986754966,0.29403973509933773,0.4164859002169197,0.4164859002169197,0.16702819956616052,0.34125,0.09875,0.300625,0.259375,0.16026711185308848,0.8397328881469115,0.16181275526233113,0.17973609802073515,0.12398680490103675,0.09382657869934025,0.11570845114671693,0.08557964184731386,0.07126924285265474,0.07397109644989004,0.09410933081998114,0.0,0.0,0.0,0.0,0.0,0.0,0.0,0.0,0.0,0.0,0.0,0.0,0.0,0.0,0.0,0.0,0.0,0.0,-3.226940677996956,1.931544933384424,2.178781441988998,-2.2582609615286855,-30.083752,-4.8107047
Wyre,E07000128,111946,109139,107171,487,71,1410,1135,302,202,367,264,1109,221,103,45,330,410,273,167,69,37,290,105,185,47835,5996,8584,5679,5727,5959,5089,3469,3136,4196,49623,37251,17326,5902,1844,,902,124,3643,380,281,4536,6751,1753,2700,1030,974,576,2401,1888,5090,4777,7848,2184,2021,0.9749254104657603,0.009906562092437425,0.0024386757901130904,0.010138816929591054,0.0025905347220981545,0.44327622246440246,0.33275865149268397,0.15477105032783664,0.052721848033873475,0.016472227681203436,0.9819679491290922,0.004462199580351662,0.000650546550728887,0.012919304739827192,0.0405770964833183,0.2975653742110009,0.1992786293958521,0.09287646528403967,0.369702434625789,0.6117216117216118,0.25274725274725274,0.13553113553113552,0.3233480176211454,0.17797356828193833,0.26607929515418505,0.23259911894273128,0.3620689655172414,0.6379310344827587,0.12534754886589317,0.1794501933730532,0.1187206020696143,0.11972405142677955,0.12457405665307829,0.10638653705445804,0.07252012125013066,0.06555869133479669,0.08771819797219609,0.0,0.0,0.0,0.0,0.0,0.0,0.0,0.0,0.0,0.0,0.0,0.0,0.0,0.0,0.0,0.0,0.0,0.0,-1.7711172960704926,3.6161666985597503,1.0923733333658805,1.8478236386535634,-43.176487,13.439835
Wyre Forest,E07000239,101609,97423,93961,475,451,2536,1470,606,113,467,284,1939,437,140,748,244,370,395,159,169,67,382,64,318,45786,5831,7070,5264,4333,6005,4925,3770,3760,4828,44004,36337,15024,4818,1424,,354,15,5350,241,487,4309,8078,2062,1933,1500,916,813,2232,2477,2244,4060,6731,1987,2021,0.9588028619512051,0.019082955250027064,0.003887450914781171,0.01446722239171727,0.0037595094922693857,0.433071873554508,0.35761595921621114,0.1478609178320818,0.047417059512444765,0.01401450658898326,0.9644642435564497,0.004875645381480759,0.004629296983258573,0.026030814078810957,0.3857658586900464,0.1258380608561114,0.22537390407426508,0.07220216606498195,0.19082001031459514,0.40253164556962023,0.4278481012658228,0.16962025316455695,0.31768707482993197,0.07687074829931972,0.4122448979591837,0.19319727891156463,0.16753926701570682,0.8324607329842932,0.12735333944873978,0.15441401301707947,0.11496964137509283,0.09463591490848731,0.1311536277464727,0.1075656314157166,0.08233957978421351,0.08212117241078058,0.1054470798934172,0.0,0.0,0.0,0.0,0.0,0.0,0.0,0.0,0.0,0.0,0.0,0.0,0.0,0.0,0.0,0.0,0.0,0.0,-1.8231985194232059,3.8505534232453917,-0.047512679027459544,-1.9882147790501017,-35.675446,6.9318266
York,E06000014,202821,188167,176963,1317,368,9519,3741,631,494,1579,1037,7634,1853,545,413,2889,1934,1325,978,208,139,1954,623,1331,96198,11603,23463,12626,8190,8627,8466,8205,4966,10052,98610,71033,24604,6788,1786,,563,58,5002,333,415,6907,13966,4199,6882,3853,3642,1091,6227,4244,6194,13105,14655,4870,2021,0.9277490989591808,0.03763910048762209,0.006532854093017982,0.018444835593947374,0.009634110866231801,0.48619225819811557,0.3502250753127142,0.12130893743744484,0.0334679347799291,0.008805794271796313,0.9404571471086853,0.006999101861644178,0.00195570955587324,0.05058804147379721,0.05410007859575583,0.37843856431752687,0.24272989258580036,0.07139114487817658,0.2533403196227404,0.7381132075471698,0.1569811320754717,0.10490566037735849,0.42207965784549584,0.13205025394279604,0.1686714782143812,0.27719860999732693,0.3188331627430911,0.6811668372569089,0.12061581321857004,0.24390319965072038,0.1312501299403314,0.08513690513316285,0.0896796191189006,0.08800598765047091,0.08529283353084263,0.051622694858520966,0.10449281689848022,0.0,0.0,0.0,0.0,0.0,0.0,0.0,0.0,0.0,0.0,0.0,0.0,0.0,0.0,0.0,0.0,0.0,0.0,-3.6575759258252574,1.1695314777021604,2.0157677472058064,2.1237322708632083,-30.637417,5.842023
